placeUrl,title,rating,reviewCount,category,address,plusCode,website,phoneNumber,currentStatus,imgUrl,isClaimed,monday,tuesday,wednesday,thursday,friday,saturday,sunday,query,timestamp,info,isBlackOwned
https://www.google.com/maps/place/Mental+Health+America+of+West+Central+Indiana/data=!4m7!3m6!1s0x886d6532f6489b29:0x67b7934c67a197c0!8m2!3d39.4740452!4d-87.393371!16s%2Fg%2F11jrrlqmlb!19sChIJKZtI9jJlbYgRwJehZ0yTt2c,Mental Health America of West Central Indiana,4.2,18,Social services organization,"1460 Spruce St, Terre Haute, IN 47807, United States","FJF4+JM Terre Haute, Indiana, USA",http://www.mhawci.org/,+1 812-232-5681,Closed · Opens 8 am Tue,https://lh3.googleusercontent.com/p/AF1QipOeNfidp7QH1Ro4tTY3H5GguU4NOfknHJOSxM84=w408-h271-k-no,true,8 am–4:30 pm,8 am–4:30 pm,8 am–4:30 pm,8 am–4:30 pm,8 am–4:30 pm,Closed,Closed,"https://www.google.com/maps/search/Psychiatry+clinics+in+Crawfordsville+Terra+Haute+IN/@39.4654441,-87.4139427,14z",2025-12-16T03:18:13.260Z,,
https://www.google.com/maps/place/Mental+Health+Purpose+Inc./data=!4m7!3m6!1s0x67e6658e8b128823:0x4ccb733c891ce32!8m2!3d39.4647472!4d-87.3741761!16s%2Fg%2F11l6_b8wz3!19sChIJI4gSi45l5mcRMs6RyDO3zAQ,Mental Health Purpose Inc.,5.0,3,Nurse practitioner,"Corporate Square, 2901 Ohio Blvd Ste 114-10, 1st Floor, Terre Haute, IN 47803, United States","FJ7G+V8 Terre Haute, Indiana, USA",https://www.mentalhealthpurpose.com/,+1 812-398-7507,Closed · Opens 8 am Tue,https://lh3.googleusercontent.com/p/AF1QipOM0hjN2jtaf_l0Y_DyteY-Uq8Qts65uPUauQe8=w408-h272-k-no,true,8 am–4 pm,8 am–4 pm,8 am–4 pm,8 am–4 pm,Closed,Closed,Closed,"https://www.google.com/maps/search/Psychiatry+clinics+in+Crawfordsville+Terra+Haute+IN/@39.4654441,-87.4139427,14z",2025-12-16T03:18:18.926Z,Identifies as women-owned,
https://www.google.com/maps/place/ISU+Psychology+Clinic/data=!4m7!3m6!1s0x886d653aa43b4975:0x3681411cda7426ff!8m2!3d39.4718266!4d-87.4080805!16s%2Fg%2F1tf_1tx4!19sChIJdUk7pDplbYgR_yZ02hxBgTY,ISU Psychology Clinic,5.0,2,Psychologist,"424 N 7th St, Terre Haute, IN 47809, United States","FHCR+PQ Terre Haute, Indiana, USA",http://www.indstate.edu/,+1 812-237-3317,Closed · Opens 8 am Tue,https://streetviewpixels-pa.googleapis.com/v1/thumbnail?panoid=QkSZsCAhyxOwk7oiZBwNdg&cb_client=search.gws-prod.gps&w=408&h=240&yaw=284.5824&pitch=0&thumbfov=100,true,8 am–4:30 pm,8 am–8 pm,8 am–8 pm,8 am–8 pm,Closed,Closed,Closed,"https://www.google.com/maps/search/Psychiatry+clinics+in+Crawfordsville+Terra+Haute+IN/@39.4654441,-87.4139427,14z",2025-12-16T03:18:23.700Z,,
https://www.google.com/maps/place/Parvaz+Shahzad+MD/data=!4m7!3m6!1s0x886d7a595c87c3c5:0x6255458ebdd54868!8m2!3d39.4667034!4d-87.4139092!16s%2Fg%2F1tg_b729!19sChIJxcOHXFl6bYgRaEjVvY5FVWI,Parvaz Shahzad MD,5.0,11,Psychiatrist,"609 E. Surgery Dr, Terre Haute, IN 47802, United States","FH8P+MC Terre Haute, Indiana, USA",,+1 812-917-5091,Closed · Opens 8 am Tue,https://lh3.googleusercontent.com/gps-cs-s/AG0ilSyh0D2hFQR_ffmyS7sSVw4U5Dl3rZUX1coIimJhRqu9BmQSNt1E3HDel7dwac59XWZEw2fFBXy0tBUMhDUctRyt3YuY1X-LoZS2vZUDak4rm2bsUaG9K9Cjj7opuHwoUbIu7n1u=w408-h306-k-no,false,8 am–5 pm,8 am–5 pm,8 am–12 am,8 am–5 pm,8 am–4 pm,Closed,Closed,"https://www.google.com/maps/search/Psychiatry+clinics+in+Crawfordsville+Terra+Haute+IN/@39.4654441,-87.4139427,14z",2025-12-16T03:18:28.613Z,,
https://www.google.com/maps/place/Valley+Professionals+Community+Health+Center/data=!4m7!3m6!1s0x886d65d32e05243d:0x178fc666c839cd9f!8m2!3d39.4647756!4d-87.4499867!16s%2Fg%2F11smgwpctd!19sChIJPSQFLtNlbYgRn805yGbGjxc,Valley Professionals Community Health Center,5.0,159,Medical clinic,"601 National Ave, West Terre Haute, IN 47885, United States","FH72+W2 West Terre Haute, Indiana, USA",http://valleyprohealth.org/,+1 812-244-1515,Closed · Opens 8 am Tue,https://lh3.googleusercontent.com/gps-cs-s/AG0ilSz5FqSI8ZQkiBhIZ2kJ1bJ9Ug2CfqXIm1CHsVGtuwgbjLgpFOSiN9GB0zoTzmSFiTHWC15UtcrzZw8XbrgFaic8bsA2SEPm24whHc6CQ-6fezpH9Ak4UxMqD9IqLiUl2Yq5g9-p2Q=w408-h391-k-no,true,8 am–5 pm,8 am–8 pm,8 am–5 pm,8 am–5 pm,8 am–5 pm,Closed,Closed,"https://www.google.com/maps/search/Psychiatry+clinics+in+Crawfordsville+Terra+Haute+IN/@39.4654441,-87.4139427,14z",2025-12-16T03:18:33.597Z,,
"https://www.google.com/maps/place/Debra+Hills,+APRN,+PMHNP/data=!4m7!3m6!1s0x886d71996aaf1ad1:0x286dbf4e84f328d5!8m2!3d39.4495636!4d-87.3321249!16s%2Fg%2F11st9l76gx!19sChIJ0RqvaplxbYgR1SjzhE6_bSg","Debra Hills, APRN, PMHNP",4.9,8,Mental health service,"1378 IN-46, Terre Haute, IN 47803, United States","CMX9+R5 Terre Haute, Indiana, USA",https://www.myhorizonhealth.org/find-a-doctor/debra-hills-aprn-pmhnp/?utm_source=GMBSocialClimb&utm_medium=DebraHills%2CAPRN%2CPMHNP,+1 812-877-3310,,https://streetviewpixels-pa.googleapis.com/v1/thumbnail?panoid=Q5tPpuWF1UxFgfrdhHJCLg&cb_client=search.gws-prod.gps&w=408&h=240&yaw=118.87601&pitch=0&thumbfov=100,true,,,,,,,,"https://www.google.com/maps/search/Psychiatry+clinics+in+Crawfordsville+Terra+Haute+IN/@39.4654441,-87.4139427,14z",2025-12-16T03:18:36.256Z,,
https://www.google.com/maps/place/Behavioral+Healthcare+At+Union/data=!4m7!3m6!1s0x886d651137ba1f87:0x740e04ca54db850e!8m2!3d39.4885045!4d-87.4102928!16s%2Fg%2F1tp08wgb!19sChIJhx-6NxFlbYgRDoXbVMoEDnQ,Behavioral Healthcare At Union,1.0,1,Mental health clinic,"1801 N 6th St #700, Terre Haute, IN 47807, United States","FHQQ+CV Terre Haute, Indiana, USA",,+1 812-238-7384,Closed · Opens 8 am Tue,https://streetviewpixels-pa.googleapis.com/v1/thumbnail?panoid=hX1K0A9Vvfsnl-z6Urp8fA&cb_client=search.gws-prod.gps&w=408&h=240&yaw=307.09036&pitch=0&thumbfov=100,false,8 am–4:30 pm,8 am–4:30 pm,8 am–4:30 pm,8 am–4:30 pm,8 am–4:30 pm,Closed,Closed,"https://www.google.com/maps/search/Psychiatry+clinics+in+Crawfordsville+Terra+Haute+IN/@39.4654441,-87.4139427,14z",2025-12-16T03:18:41.225Z,,
https://www.google.com/maps/place/Wabash+Valley+Psychiatry/data=!4m7!3m6!1s0x886d7a595c87c3c5:0x3f6c4d4ba58b7b6b!8m2!3d39.4100994!4d-87.4081681!16s%2Fg%2F1v8gcstp!19sChIJxcOHXFl6bYgRa3uLpUtNbD8,Wabash Valley Psychiatry,3.8,22,Mental health service,"609 E Surgery Center Dr, Terre Haute, IN 47802, United States","CH6R+2P Terre Haute, Indiana, USA",,+1 812-917-5091,Closed · Opens 8 am Tue,https://streetviewpixels-pa.googleapis.com/v1/thumbnail?panoid=nPIm-CHc9UaZC3q1o4KpyA&cb_client=search.gws-prod.gps&w=408&h=240&yaw=171.98874&pitch=0&thumbfov=100,true,8 am–5 pm,8 am–5 pm,8 am–12 pm,8 am–5 pm,8 am–4 pm,Closed,Closed,"https://www.google.com/maps/search/Psychiatry+clinics+in+Crawfordsville+Terra+Haute+IN/@39.4654441,-87.4139427,14z",2025-12-16T03:18:46.019Z,,
https://www.google.com/maps/place/Valley+Professionals+Community+Health+Center/data=!4m7!3m6!1s0x886d651139acb491:0x20dbcb750fbeb6d0!8m2!3d39.4845296!4d-87.4077746!16s%2Fg%2F11bwnd2tzw!19sChIJkbSsORFlbYgR0La-D3XL2yA,Valley Professionals Community Health Center,4.8,613,Medical clinic,"1530 N 7th St #201, Terre Haute, IN 47804, United States","FHMR+RV Terre Haute, Indiana, USA",https://valleyprohealth.org/,+1 812-238-7631,Closed · Opens 8 am Tue,https://lh3.googleusercontent.com/gps-cs-s/AG0ilSxoMxwwVKx0erMq1DdFILYNtgjZ0rAOShPGd87pR6hptnrGcLHmde2Q731tHhwwn3KWevrHCwNUniUG0PuaRxdGloFWLSQzzTB1f6Nm6iM0JcngbaQF62sjvwmJWvDgVTLbAAaY=w408-h271-k-no,true,8 am–5 pm,8 am–5 pm,8 am–5 pm,8:30 am–5 pm,8 am–4:30 pm,Closed,Closed,"https://www.google.com/maps/search/Psychiatry+clinics+in+Crawfordsville+Terra+Haute+IN/@39.4654441,-87.4139427,14z",2025-12-16T03:18:51.224Z,,
https://www.google.com/maps/place/Axon+TMS/data=!4m7!3m6!1s0x886d652b2f28b981:0xe53ef21c8a2269cf!8m2!3d39.4666893!4d-87.4087044!16s%2Fg%2F11vjhfw07d!19sChIJgbkoLytlbYgRz2kiihzyPuU,Axon TMS,5.0,3,Mental health service,"630 Wabash Ave suite 209, Terre Haute, IN 47807, United States","FH8R+MG Terre Haute, Indiana, USA",https://www.axontms.com/,+1 812-648-0014,Closed · Opens 8 am Tue,https://lh3.googleusercontent.com/p/AF1QipNUtivBHvHhplSHOAeKg0R4q-imNxDjKVy2EbQo=w408-h306-k-no,true,8 am–6 pm,8 am–6 pm,8 am–6 pm,8 am–6 pm,8 am–6 pm,Closed,Closed,"https://www.google.com/maps/search/Psychiatry+clinics+in+Crawfordsville+Terra+Haute+IN/@39.4654441,-87.4139427,14z",2025-12-16T03:18:55.962Z,,
https://www.google.com/maps/place/Hickory+Treatment+Center+at+Terre+Haute/data=!4m7!3m6!1s0x886d6599b8b2f435:0xec9100e11a25f4ae!8m2!3d39.457976!4d-87.4094702!16s%2Fg%2F11rg88d5w5!19sChIJNfSyuJllbYgRrvQlGuEAkew,Hickory Treatment Center at Terre Haute,4.9,125,Alcoholism treatment program,"830 S 6th St, Terre Haute, IN 47807, United States","FH5R+56 Terre Haute, Indiana, USA",http://www.hickorytreatmentcenters.com/,+1 800-604-2117,Open 24 hours,https://lh3.googleusercontent.com/p/AF1QipPQnnSV18sfuvS3ivjLltXeUS2wZnMGIA7B50d4=w408-h306-k-no,true,Open 24 hours,Open 24 hours,Open 24 hours,Open 24 hours,Open 24 hours,Open 24 hours,Open 24 hours,"https://www.google.com/maps/search/Psychiatry+clinics+in+Crawfordsville+Terra+Haute+IN/@39.4654441,-87.4139427,14z",2025-12-16T03:19:00.935Z,,
https://www.google.com/maps/place/Hamilton+Center+Inc:+Mathew+Maleakal+S+MD/data=!4m7!3m6!1s0x886d6510a1b8caa1:0xd6f5a57f40d45a38!8m2!3d39.4853972!4d-87.4098767!16s%2Fg%2F1tf1chhy!19sChIJocq4oRBlbYgROFrUQH-l9dY,Hamilton Center Inc: Mathew Maleakal S MD,5.0,1,Mental health clinic,"620 8th Ave, Terre Haute, IN 47804, United States","FHPR+52 Terre Haute, Indiana, USA",https://www.hamiltoncenter.org/,+1 812-231-8323,,https://streetviewpixels-pa.googleapis.com/v1/thumbnail?panoid=0PpJVxZZWpBpvBCqvvU58g&cb_client=search.gws-prod.gps&w=408&h=240&yaw=1.7420542&pitch=0&thumbfov=100,false,,,,,,,,"https://www.google.com/maps/search/Psychiatry+clinics+in+Crawfordsville+Terra+Haute+IN/@39.4654441,-87.4139427,14z",2025-12-16T03:19:03.851Z,,
"https://www.google.com/maps/place/Hamilton+Center,+Inc.+Child+%26+Adolescent+Services/data=!4m7!3m6!1s0x886d6510a0405033:0x9515b121aa55fab1!8m2!3d39.4855422!4d-87.4110903!16s%2Fg%2F1tddsyt9!19sChIJM1BAoBBlbYgRsfpVqiGxFZU","Hamilton Center, Inc. Child & Adolescent Services",2.3,31,Mental health service,"500 8th Ave, Terre Haute, IN 47804, United States","FHPQ+6H Terre Haute, Indiana, USA",http://www.hamiltoncenter.org/,+1 812-231-8376,,https://streetviewpixels-pa.googleapis.com/v1/thumbnail?panoid=RjXTlz_ZxBTTirKIdE7ACQ&cb_client=search.gws-prod.gps&w=408&h=240&yaw=318.1284&pitch=0&thumbfov=100,true,,,,,,,,"https://www.google.com/maps/search/Psychiatry+clinics+in+Crawfordsville+Terra+Haute+IN/@39.4654441,-87.4139427,14z",2025-12-16T03:19:06.591Z,,
"https://www.google.com/maps/place/Griffin+and+Associates,+LLC/data=!4m7!3m6!1s0x886d65d31f5d8bf9:0x26a776836605af1f!8m2!3d39.4647231!4d-87.3742063!16s%2Fg%2F11h1fzl910!19sChIJ-YtdH9NlbYgRH68FZoN2pyY","Griffin and Associates, LLC",3.7,6,Mental health service,"2901 Ohio Blvd Suite 116-8, Terre Haute, IN 47803, United States","FJ7G+V8 Terre Haute, Indiana, USA",https://www.griffinandassociates.net/,+1 812-917-7151,Closed · Opens 9 am Tue,https://lh3.googleusercontent.com/p/AF1QipORs_UkvGaB7sjHSVnzuA41NQH7IvMR0u3-oEHu=w408-h306-k-no,true,"9 am–12 pm, 1–7 pm","9 am–12 pm, 1–7 pm","9 am–12 pm, 1–7 pm","9 am–12 pm, 1–7 pm",Closed,Closed,Closed,"https://www.google.com/maps/search/Psychiatry+clinics+in+Crawfordsville+Terra+Haute+IN/@39.4654441,-87.4139427,14z",2025-12-16T03:19:11.548Z,Identifies as women-owned,
"https://www.google.com/maps/place/Ashley+Delaunois,+APRN,+PMHNP/data=!4m7!3m6!1s0x886d718dcb803c21:0x23cb9ee98e0f6289!8m2!3d39.4495636!4d-87.3321249!16s%2Fg%2F11sn_5kr0n!19sChIJITyAy41xbYgRiWIPjumeyyM","Ashley Delaunois, APRN, PMHNP",5.0,28,Pain management physician,"1378 IN-46, Terre Haute, IN 47803, United States","CMX9+R5 Terre Haute, Indiana, USA",https://www.myhorizonhealth.org/find-a-doctor/ashley-delaunois-aprn-pmhnp/?utm_source=GMBSocialClimb&utm_medium=AshleyDelaunois%2CAPRN%2CPMHNP,+1 812-877-3310,Closed · Opens 8 am Tue,https://lh3.googleusercontent.com/p/AF1QipMosx7HzdyY1attSjiuyWgNtbUx_KO-drNPl8eE=w408-h508-k-no,true,8 am–5 pm,8 am–5 pm,8 am–5 pm,8 am–5 pm,8 am–5 pm,Closed,Closed,"https://www.google.com/maps/search/Psychiatry+clinics+in+Crawfordsville+Terra+Haute+IN/@39.4654441,-87.4139427,14z",2025-12-16T03:19:16.433Z,,
https://www.google.com/maps/place/Harsha+Outpatient+Services/data=!4m7!3m6!1s0x886d7a5b742edd7b:0xc5fae8a668bcb370!8m2!3d39.4092937!4d-87.4073263!16s%2Fg%2F1tdvqh71!19sChIJe90udFt6bYgRcLO8aKbo-sU,Harsha Outpatient Services,3.8,36,Psychiatrist,"4733 S 7th St, Terre Haute, IN 47802, United States","CH5V+P3 Terre Haute, Indiana, USA",https://www.harshaoutpatient.com/,+1 812-234-4899,Closed · Opens 8 am Tue,https://streetviewpixels-pa.googleapis.com/v1/thumbnail?panoid=gRE6GZ8fiaFp1PNmZfCzpw&cb_client=search.gws-prod.gps&w=408&h=240&yaw=273.39816&pitch=0&thumbfov=100,true,8 am–5 pm,8 am–5 pm,8 am–5 pm,8 am–5 pm,8 am–5 pm,Closed,Closed,"https://www.google.com/maps/search/Psychiatry+clinics+in+Crawfordsville+Terra+Haute+IN/@39.4654441,-87.4139427,14z",2025-12-16T03:19:21.078Z,,
"https://www.google.com/maps/place/Jenny+Houzenga,+APRN,+PMHNP/data=!4m7!3m6!1s0x886d710ada628907:0x1fbcc1616db836!8m2!3d39.4495171!4d-87.332115!16s%2Fg%2F11x5th89kr!19sChIJB4li2gpxbYgRNrhtYcG8HwA","Jenny Houzenga, APRN, PMHNP",4.7,16,Psychiatrist,"1378 IN-46 Suite A, Terre Haute, IN 47803, United States","CMX9+R5 Terre Haute, Indiana, USA",https://www.myhorizonhealth.org/find-a-doctor/jenny-houzenga-aprn-pmhnp/?utm_source=GMBSocialClimb&utm_medium=JennyHouzenga%2CAPRN%2CPMHNP,+1 812-877-3310,Closed · Opens 8 am Tue,https://streetviewpixels-pa.googleapis.com/v1/thumbnail?panoid=5n7Ck1ZYh6idrdCa8Omxwg&cb_client=search.gws-prod.gps&w=408&h=240&yaw=86.36132&pitch=0&thumbfov=100,true,8 am–5 pm,8 am–5 pm,8 am–5 pm,8 am–5 pm,8 am–5 pm,Closed,Closed,"https://www.google.com/maps/search/Psychiatry+clinics+in+Crawfordsville+Terra+Haute+IN/@39.4654441,-87.4139427,14z",2025-12-16T03:19:25.965Z,,
https://www.google.com/maps/place/Indiana+State+University+Student+Counseling+Center/data=!4m7!3m6!1s0x886d6524a8de1f1b:0xd6de6f024927e837!8m2!3d39.4687793!4d-87.4096915!16s%2Fg%2F1tngr0t5!19sChIJGx_eqCRlbYgRN-gnSQJv3tY,Indiana State University Student Counseling Center,5.0,2,Mental health service,"217 N 6th St #2nd, Terre Haute, IN 47809, United States","FH9R+G4 Terre Haute, Indiana, USA",https://www.indstate.edu/student-counseling-center,+1 812-237-3939,Closed · Opens 8 am Tue,https://lh3.googleusercontent.com/p/AF1QipN1g6K8qRU09rjKXkUcZLgJPtPmdNdXCtvPE8ZG=w426-h240-k-no,true,8 am–4:30 pm,8 am–4:30 pm,8 am–4:30 pm,8 am–4:30 pm,8 am–4:30 pm,Closed,Closed,"https://www.google.com/maps/search/Psychiatry+clinics+in+Crawfordsville+Terra+Haute+IN/@39.4654441,-87.4139427,14z",2025-12-16T03:19:30.976Z,LGBTQ+ friendly,
https://www.google.com/maps/place/Circle+City+ABA/data=!4m7!3m6!1s0x886d65a94ab6cce3:0xc4ce6650d5b608a2!8m2!3d39.4651107!4d-87.3961563!16s%2Fg%2F11t6s5lt6p!19sChIJ48y2SqllbYgRogi21VBmzsQ,Circle City ABA,5.0,13,Mental health service,"1341 Ohio St, Terre Haute, IN 47807, United States","FJ83+2G Terre Haute, Indiana, USA",https://circlecityaba.com/terre-haute-in/,+1 812-266-0974,"Closed · Opens 8 am Tue

Confirmed by this business 3 weeks ago",https://lh3.googleusercontent.com/p/AF1QipPFuyu3EEOr8NOPg5kIwQ5-yaxYlNst9T6gL-ze=w408-h408-k-no,true,8 am–5 pm,8 am–5 pm,8 am–5 pm,8 am–5 pm,8 am–5 pm,Closed,Closed,"https://www.google.com/maps/search/Psychiatry+clinics+in+Crawfordsville+Terra+Haute+IN/@39.4654441,-87.4139427,14z",2025-12-16T03:19:35.850Z,Identifies as veteran-owned,
"https://www.google.com/maps/place/Dr.+David+K.+Hilton,+MD/data=!4m7!3m6!1s0x886d6510a1b8cadf:0xf9ac025d35213110!8m2!3d39.4854271!4d-87.4099829!16s%2Fg%2F1tdbrm6b!19sChIJ38q4oRBlbYgREDEhNV0CrPk","Dr. David K. Hilton, MD",3.7,3,Psychiatrist,"620 8th Ave, Terre Haute, IN 47804, United States","FHPR+52 Terre Haute, Indiana, USA",http://www.hamiltoncenter.org/,+1 812-231-8323,,https://streetviewpixels-pa.googleapis.com/v1/thumbnail?panoid=YZyaz0n2S0qDTIYU51hTlw&cb_client=search.gws-prod.gps&w=408&h=240&yaw=185.44351&pitch=0&thumbfov=100,true,,,,,,,,"https://www.google.com/maps/search/Psychiatry+clinics+in+Crawfordsville+Terra+Haute+IN/@39.4654441,-87.4139427,14z",2025-12-16T03:19:38.633Z,,
https://www.google.com/maps/place/Union+Hospital/data=!4m7!3m6!1s0x886d6510878b164b:0x27f147556a138687!8m2!3d39.4856183!4d-87.406951!16s%2Fg%2F1th294bt!19sChIJSxaLhxBlbYgRh4YTalVH8Sc,Union Hospital,2.5,350,Hospital,"1606 N 7th St, Terre Haute, IN 47804, United States","FHPV+66 Terre Haute, Indiana, USA",http://union.health/,+1 812-238-7000,,https://lh3.googleusercontent.com/p/AF1QipN4NiYCkH5adZ6me5bRRF6SGC3NA_2X-D-vaxqB=w426-h240-k-no,true,Open 24 hours,Open 24 hours,Open 24 hours,Open 24 hours,Open 24 hours,Open 24 hours,Open 24 hours,"https://www.google.com/maps/search/Psychiatry+clinics+in+Crawfordsville+Terra+Haute+IN/@39.4654441,-87.4139427,14z",2025-12-16T03:19:43.656Z,,
https://www.google.com/maps/place/Wabash+Valley+Psychiatry:+John+Mathews+MD/data=!4m7!3m6!1s0x886d7a595c87c3c5:0x9576675b7f4cbc67!8m2!3d39.4100777!4d-87.4081779!16s%2Fg%2F1tfrsp0w!19sChIJxcOHXFl6bYgRZ7xMf1tndpU,Wabash Valley Psychiatry: John Mathews MD,4.3,21,Psychiatrist,"609 E Surgery Center Dr, Terre Haute, IN 47802, United States","CH6R+2P Terre Haute, Indiana, USA",https://rymaps.com/business/wabash-valley-psychiatry-john-mathews-md-s7j41z,+1 812-917-5091,Closed · Opens 8 am Tue,https://streetviewpixels-pa.googleapis.com/v1/thumbnail?panoid=nPIm-CHc9UaZC3q1o4KpyA&cb_client=search.gws-prod.gps&w=408&h=240&yaw=174.53183&pitch=0&thumbfov=100,true,8 am–5 pm,8 am–5 pm,8 am–12 pm,8 am–5 pm,8 am–4 pm,Closed,Closed,"https://www.google.com/maps/search/Psychiatry+clinics+in+Crawfordsville+Terra+Haute+IN/@39.4654441,-87.4139427,14z",2025-12-16T03:19:48.499Z,,
"https://www.google.com/maps/place/Insight+Health+Counseling+%26+Consultation,+LLC/data=!4m7!3m6!1s0x886d7be9464ccd19:0xfd85febcb97173de!8m2!3d39.4327061!4d-87.3966158!16s%2Fg%2F11vpv2nh4b!19sChIJGc1MRul7bYgR3nNxubz-hf0","Insight Health Counseling & Consultation, LLC",,,Mental health service,"1400 E Pugh Dr Suite 12, Terre Haute, IN 47802, United States","CJM3+39 Terre Haute, Indiana, USA",https://www.psychologytoday.com/us/therapists/jessica-nevill-terre-haute-in/987936,+1 812-214-3324,Closed · Opens 9 am Tue,https://streetviewpixels-pa.googleapis.com/v1/thumbnail?panoid=zTMdTfMYD9Tvt_jMlkPv4A&cb_client=search.gws-prod.gps&w=408&h=240&yaw=29.227886&pitch=0&thumbfov=100,true,9 am–5 pm,9 am–5 pm,Closed,9 am–5 pm,9 am–5 pm,Closed,Closed,"https://www.google.com/maps/search/Psychiatry+clinics+in+Crawfordsville+Terra+Haute+IN/@39.4654441,-87.4139427,14z",2025-12-16T03:19:53.468Z,LGBTQ+ friendly,
https://www.google.com/maps/place/Applied+Behavior+Center+for+Autism+-+Terre+Haute/data=!4m7!3m6!1s0x886d6548d6b66c67:0x3ebb652aa460ccd6!8m2!3d39.4651241!4d-87.3968167!16s%2Fg%2F11c0r5fl3x!19sChIJZ2y21khlbYgR1sxgpCpluz4,Applied Behavior Center for Autism - Terre Haute,4.0,8,Mental health service,"1320 Walnut St, Terre Haute, IN 47807, United States","FJ83+27 Terre Haute, Indiana, USA",https://www.appliedbehaviorcenter.org/,+1 812-478-5437,Closed · Opens 8:30 am Tue,https://lh3.googleusercontent.com/p/AF1QipPNwKNWjTXRImjsP3pUtQw9PG1ouRZLAbxn_r6a=w408-h542-k-no,true,8:30 am–4:30 pm,8:30 am–4:30 pm,8:30 am–4:30 pm,8:30 am–4:30 pm,8:30 am–4:30 pm,Closed,Closed,"https://www.google.com/maps/search/Psychiatry+clinics+in+Crawfordsville+Terra+Haute+IN/@39.4654441,-87.4139427,14z",2025-12-16T03:19:58.188Z,Identifies as women-owned,
"https://www.google.com/maps/place/Millie+Kooistra,+APRN,+FNP/data=!4m7!3m6!1s0x886d71df689cb2e5:0x66c26ab0c3128bde!8m2!3d39.4495636!4d-87.3321249!16s%2Fg%2F11sdwpyn0n!19sChIJ5bKcaN9xbYgR3osSw7BqwmY","Millie Kooistra, APRN, FNP",4.9,110,Nurse practitioner,"1378 IN-46, Terre Haute, IN 47803, United States","CMX9+R5 Terre Haute, Indiana, USA",https://www.myhorizonhealth.org/find-a-doctor/millie-kooistra-aprn-fnp/?utm_source=GMBSocialClimb&utm_medium=MillieKooistra%2CAPRN%2CFNP,+1 812-877-3310,Closed · Opens 8 am Tue,https://streetviewpixels-pa.googleapis.com/v1/thumbnail?panoid=5qM04Mj75Q12GQ-pNdqQBQ&cb_client=search.gws-prod.gps&w=408&h=240&yaw=94.52611&pitch=0&thumbfov=100,true,8 am–5 pm,8 am–5 pm,8 am–5 pm,8 am–5 pm,8 am–5 pm,Closed,Closed,"https://www.google.com/maps/search/Psychiatry+clinics+in+Crawfordsville+Terra+Haute+IN/@39.4654441,-87.4139427,14z",2025-12-16T03:20:02.975Z,,
https://www.google.com/maps/place/Synergy+Therapy+and+Counseling+LLC/data=!4m7!3m6!1s0x886d653cf793af51:0xdab7a0e16a634608!8m2!3d39.4652102!4d-87.4048881!16s%2Fg%2F11yq64gqzg!19sChIJUa-T9zxlbYgRCEZjauGgt9o,Synergy Therapy and Counseling LLC,,,Mental health clinic,"Inside Serendipity Salon on second floor, 823 Ohio St, Terre Haute, IN 47807, United States","FH8W+32 Terre Haute, Indiana, USA",https://synergytc.net/,+1 765-246-1639,"Closed · Opens 8 am Tue

Updated by this business 3 weeks ago",https://lh3.googleusercontent.com/gps-cs-s/AG0ilSxmVnuCswoOcUlyV0SbgjjY2OUYYtqmXgKqoBpOq7uQ2t2kpsGPtkWt5Q7CKQU3QIszX9LJ4nVOMIHhid-xTMRJDZbtRR8O5oe7RW7gps0z5xeHsLeaGUa5CfMh7mzBEx49_YJfOK2uYM0=w408-h306-k-no,true,8 am–5 pm,8 am–5 pm,8 am–5 pm,8 am–5 pm,8 am–5 pm,Closed,Closed,"https://www.google.com/maps/search/Psychiatry+clinics+in+Crawfordsville+Terra+Haute+IN/@39.4654441,-87.4139427,14z",2025-12-16T03:20:07.747Z,,
https://www.google.com/maps/place/Harsha+Behavioral+Center/data=!4m7!3m6!1s0x886d7a6a42703145:0xc94ac63f81034e41!8m2!3d39.3774979!4d-87.3865668!16s%2Fg%2F1tz72436!19sChIJRTFwQmp6bYgRQU4DgT_GSsk,Harsha Behavioral Center,2.9,263,Mental health service,"1980 E Woodsmall Dr, Terre Haute, IN 47802, United States","9JG7+X9 Terre Haute, Indiana, USA",http://harshacenter.com/about-us/,+1 812-298-8888,Open 24 hours,https://lh3.googleusercontent.com/p/AF1QipMz0XaRwUQhrX-hjaPZo3lNVM3C-F3IU4GsDRM7=w408-h290-k-no,true,Open 24 hours,Open 24 hours,Open 24 hours,Open 24 hours,Open 24 hours,Open 24 hours,Open 24 hours,"https://www.google.com/maps/search/Psychiatry+clinics+in+Crawfordsville+Terra+Haute+IN/@39.4654441,-87.4139427,14z",2025-12-16T03:20:12.609Z,LGBTQ+ friendly,
"https://www.google.com/maps/place/Joy+Whitt,+APRN,+FNP/data=!4m7!3m6!1s0x886d71b3777150bb:0xbe399626c5e0afa6!8m2!3d39.4495636!4d-87.3321249!16s%2Fg%2F11k9p3_mzw!19sChIJu1Bxd7NxbYgRpq_gxSaWOb4","Joy Whitt, APRN, FNP",4.9,132,Family practice physician,"1378 IN-46, Terre Haute, IN 47803, United States","CMX9+R5 Terre Haute, Indiana, USA",https://www.myhorizonhealth.org/find-a-doctor/joy-whitt-aprn-fnp/?utm_source=GMBSocialClimb&utm_medium=JoyWhitt%2CAPRN%2CFNP,+1 812-877-3310,Closed · Opens 8 am Tue,https://lh3.googleusercontent.com/p/AF1QipPD9tM2XAYynx4jDR75TG-2ZYMfN8B9L9xRYu7f=w408-h511-k-no,true,8 am–5 pm,8 am–5 pm,8 am–5 pm,8 am–5 pm,8 am–5 pm,Closed,Closed,"https://www.google.com/maps/search/Psychiatry+clinics+in+Crawfordsville+Terra+Haute+IN/@39.4654441,-87.4139427,14z",2025-12-16T03:20:17.539Z,,
"https://www.google.com/maps/place/Hamilton+Center,+Inc./data=!4m7!3m6!1s0x886d655ea39f756f:0x92de23c5216809cf!8m2!3d39.4854271!4d-87.4099829!16s%2Fg%2F11lgr_4v4l!19sChIJb3Wfo15lbYgRzwloIcUj3pI","Hamilton Center, Inc.",2.4,20,Non-profit organization,"620 8th Ave, Terre Haute, IN 47804, United States","FHPR+52 Terre Haute, Indiana, USA",https://www.hamiltoncenter.org/,+1 800-742-0787,Open 24 hours,https://lh3.googleusercontent.com/p/AF1QipM05D-HJU864weD5KfQXItelqVXaSpOW2FQO5j-=w408-h272-k-no,true,Open 24 hours,Open 24 hours,Open 24 hours,Open 24 hours,Open 24 hours,Open 24 hours,Open 24 hours,"https://www.google.com/maps/search/Psychiatry+clinics+in+Crawfordsville+Terra+Haute+IN/@39.4654441,-87.4139427,14z",2025-12-16T03:20:22.297Z,,
https://www.google.com/maps/place/EmberLife+Wellness+LLC/data=!4m7!3m6!1s0xa599c25602b34c5f:0x12a02f6c53d5cff4!8m2!3d39.4297681!4d-87.4064552!16s%2Fg%2F11zjvlr5vl!19sChIJX0yzAlbCmaUR9M_VU2wvoBI,EmberLife Wellness LLC,,,Mental health service,"3316 S 7th St, Terre Haute, IN 47802, United States","CHHV+WC Terre Haute, Indiana, USA",https://www.facebook.com/profile.php?id=61582184458404,+1 812-249-0171,"Closed · Opens 8 am Tue

Updated by this business 9 weeks ago",https://streetviewpixels-pa.googleapis.com/v1/thumbnail?panoid=couJFXOuW48hwTFRW-z4WA&cb_client=search.gws-prod.gps&w=408&h=240&yaw=87.897064&pitch=0&thumbfov=100,true,8 am–9 pm,8 am–9 pm,8 am–9 pm,8 am–9 pm,8 am–9 pm,9 am–9 pm,Closed,"https://www.google.com/maps/search/Psychiatry+clinics+in+Crawfordsville+Terra+Haute+IN/@39.4654441,-87.4139427,14z",2025-12-16T03:20:27.040Z,,
https://www.google.com/maps/place/Healthy+Connections+and+Wellness/data=!4m7!3m6!1s0x886d65320f787773:0x8ec43f5b395a691d!8m2!3d39.4327618!4d-87.3961788!16s%2Fg%2F11bvvzgv7h!19sChIJc3d4DzJlbYgRHWlaOVs_xI4,Healthy Connections and Wellness,5.0,3,Mental health service,"1400 E Pugh Dr #18, Terre Haute, IN 47802, United States","CJM3+4G Terre Haute, Indiana, USA",https://www.healthyconnectionsandwellness.org/,+1 812-234-3733,,https://streetviewpixels-pa.googleapis.com/v1/thumbnail?panoid=4xV-tAGmBKqO5uDzU0zJ5g&cb_client=search.gws-prod.gps&w=408&h=240&yaw=337.67654&pitch=0&thumbfov=100,true,,,,,,,,"https://www.google.com/maps/search/Psychiatry+clinics+in+Crawfordsville+Terra+Haute+IN/@39.4654441,-87.4139427,14z",2025-12-16T03:20:29.621Z,,
"https://www.google.com/maps/place/Dr.+Darla+J.+Hinshaw,+MD/data=!4m7!3m6!1s0x886d6510a0405033:0xcffdb6fb976e1c7!8m2!3d39.4852767!4d-87.4112865!16s%2Fg%2F1tf08dm8!19sChIJM1BAoBBlbYgRx-F2uW_b_ww","Dr. Darla J. Hinshaw, MD",2.6,5,Child psychiatrist,"500 8th Ave, Terre Haute, IN 47804, United States","FHPQ+4F Terre Haute, Indiana, USA",http://www.hamiltoncenter.org/,+1 812-231-8323,,https://streetviewpixels-pa.googleapis.com/v1/thumbnail?panoid=RjXTlz_ZxBTTirKIdE7ACQ&cb_client=search.gws-prod.gps&w=408&h=240&yaw=283.7234&pitch=0&thumbfov=100,false,,,,,,,,"https://www.google.com/maps/search/Psychiatry+clinics+in+Crawfordsville+Terra+Haute+IN/@39.4654441,-87.4139427,14z",2025-12-16T03:20:32.362Z,,
"https://www.google.com/maps/place/Murphy,+Urban+%26+Associates/data=!4m7!3m6!1s0x886d7ac20a293575:0x1ea5dccf33d7527e!8m2!3d39.4369441!4d-87.406352!16s%2Fg%2F1tk6wngm!19sChIJdTUpCsJ6bYgRflLXM8_cpR4","Murphy, Urban & Associates",2.9,19,Psychologist,"2740 S 7th St, Terre Haute, IN 47802, United States","CHPV+QF Terre Haute, Indiana, USA",https://www.murphyurbanassociates.com/,+1 812-235-6121,Closed · Opens 8 am Tue,https://lh3.googleusercontent.com/p/AF1QipO7btz3KeOLRbb4hBGOcyUrCo3buC-p_rmKR-hE=w408-h447-k-no,true,8 am–5 pm,8 am–5 pm,8 am–5 pm,8 am–5 pm,8 am–5 pm,Closed,Closed,"https://www.google.com/maps/search/Psychiatry+clinics+in+Crawfordsville+Terra+Haute+IN/@39.4654441,-87.4139427,14z",2025-12-16T03:20:37.031Z,LGBTQ+ friendly,
https://www.google.com/maps/place/Dr.+Amber+Cadick/data=!4m7!3m6!1s0x886d651123455555:0xa30906bda0ae8737!8m2!3d39.4845296!4d-87.4077746!16s%2Fg%2F11p079s2y3!19sChIJVVVFIxFlbYgRN4euoL0GCaM,Dr. Amber Cadick,5.0,2,Psychologist,"1530 N 7th St, Terre Haute, IN 47807, United States","FHMR+RV Terre Haute, Indiana, USA",,+1 765-828-1003,,https://streetviewpixels-pa.googleapis.com/v1/thumbnail?panoid=Q5D6QjiJLe627MHXcwG8yg&cb_client=search.gws-prod.gps&w=408&h=240&yaw=187.2342&pitch=0&thumbfov=100,false,,,,,,,,"https://www.google.com/maps/search/Psychiatry+clinics+in+Crawfordsville+Terra+Haute+IN/@39.4654441,-87.4139427,14z",2025-12-16T03:20:39.974Z,,
"https://www.google.com/maps/place/Mehta+Behavioral+Health/@39.4196227,-87.4080583,17z/data=!3m1!4b1!4m6!3m5!1s0x886d7af693cb6515:0xd19ba2d820b49b72!8m2!3d39.4196227!4d-87.4080583!16s%2Fg%2F1tsr3y_x",Mehta Behavioral Health,1.7,3,Mental health service,"3901 S 7th St, Terre Haute, IN 47802, United States","CH9R+RQ Terre Haute, Indiana, USA",https://regionalhospital.com/specialties/behavioral-health/,+1 812-237-1460,,,false,,,,,,,,"https://www.google.com/maps/search/Psychiatry+clinics+in+Crawfordsville+Terra+Haute+IN/@39.4654441,-87.4139427,14z",2025-12-16T03:20:44.721Z,,
https://www.google.com/maps/place/Unlocking+The+Spectrum/data=!4m7!3m6!1s0x886d717f7cc5c69f:0xfad900269bab144b!8m2!3d39.432987!4d-87.3445394!16s%2Fg%2F11nxr7lb7f!19sChIJn8bFfH9xbYgRSxSrmyYA2fo,Unlocking The Spectrum,5.0,5,Mental health service,"4701 E Margaret Dr, Terre Haute, IN 47803, United States","CMM4+55 Terre Haute, Indiana, USA",http://www.unlockingthespectrum.com/,+1 855-463-6887,Closed · Opens 8 am Tue,https://lh3.googleusercontent.com/p/AF1QipNvjbLr_ncqXveJrACGUoq4Og8cy4LYfN0xf5yg=w460-h240-k-no,true,8 am–6 pm,8 am–6 pm,8 am–6 pm,8 am–6 pm,8 am–6 pm,Closed,Closed,"https://www.google.com/maps/search/Psychiatry+clinics+in+Crawfordsville+Terra+Haute+IN/@39.4654441,-87.4139427,14z",2025-12-16T03:20:49.480Z,,
"https://www.google.com/maps/place/True+North+Mental+Health+%26+Wellness,+LLC/data=!4m7!3m6!1s0x63a7d5817f016339:0xcf0b13e187b85ab4!8m2!3d39.4647492!4d-87.3741759!16s%2Fg%2F11kptrbswf!19sChIJOWMBf4HVp2MRtFq4h-ETC88","True North Mental Health & Wellness, LLC",,,Mental health service,"2901 Ohio Blvd, Terre Haute, IN 47803, United States","FJ7G+V8 Terre Haute, Indiana, USA",http://truenorthmhw.org/,+1 812-249-3345,,https://lh3.googleusercontent.com/p/AF1QipM0QiLFiSuLwUC_P9avAJ2BhdDTBIYOCGqij_c=w408-h271-k-no,true,,,,,,,,"https://www.google.com/maps/search/Psychiatry+clinics+in+Crawfordsville+Terra+Haute+IN/@39.4654441,-87.4139427,14z",2025-12-16T03:20:52.132Z,,
https://www.google.com/maps/place/Dr.+Michael+Urban/data=!4m7!3m6!1s0x886d7ac207795555:0x59922682324d0cbb!8m2!3d39.4369445!4d-87.4063217!16s%2Fg%2F11p079txft!19sChIJVVV5B8J6bYgRuwxNMoImklk,Dr. Michael Urban,5.0,2,Psychologist,"2740 S 7th St, Terre Haute, IN 47802, United States","CHPV+QF Terre Haute, Indiana, USA",https://www.murphyurbanassociates.com/,+1 812-235-6121,,https://streetviewpixels-pa.googleapis.com/v1/thumbnail?panoid=yLPoow8zPYy8YJCnj8xQxg&cb_client=search.gws-prod.gps&w=408&h=240&yaw=96.77288&pitch=0&thumbfov=100,false,,,,,,,,"https://www.google.com/maps/search/Psychiatry+clinics+in+Crawfordsville+Terra+Haute+IN/@39.4654441,-87.4139427,14z",2025-12-16T03:20:54.808Z,,
https://www.google.com/maps/place/UAP/data=!4m7!3m6!1s0x886d651a8839b39d:0xccfe30d747b191d7!8m2!3d39.4845296!4d-87.4077746!16s%2Fg%2F1tflgzt5!19sChIJnbM5iBplbYgR15GxR9cw_sw,UAP,,,Medical clinic,"1530 N 7th St, Terre Haute, IN 47807, United States","FHMR+RV Terre Haute, Indiana, USA",http://www.uapclinic.com/,+1 812-238-7000,,https://streetviewpixels-pa.googleapis.com/v1/thumbnail?panoid=Q5D6QjiJLe627MHXcwG8yg&cb_client=search.gws-prod.gps&w=408&h=240&yaw=187.2342&pitch=0&thumbfov=100,true,,,,,,,,"https://www.google.com/maps/search/Psychiatry+clinics+in+Crawfordsville+Terra+Haute+IN/@39.4654441,-87.4139427,14z",2025-12-16T03:20:57.444Z,,
https://www.google.com/maps/place/Awakened+Phoenix+LLC/data=!4m7!3m6!1s0x886d652cd1175469:0x9c8c8cda2c96fbc7!8m2!3d39.4656235!4d-87.4133056!16s%2Fg%2F11wf_wc988!19sChIJaVQX0SxlbYgRx_uWLNqMjJw,Awakened Phoenix LLC,5.0,3,Mental health service,"314 Ohio St, Terre Haute, IN 47807, United States","FH8P+6M Terre Haute, Indiana, USA",https://www.awakenedphoenixcounseling.com/,+1 812-244-3919,Closed · Opens 8:30 am Tue,https://streetviewpixels-pa.googleapis.com/v1/thumbnail?panoid=jZG6EWxKhCbUKwQy8IBm7A&cb_client=search.gws-prod.gps&w=408&h=240&yaw=341.44394&pitch=0&thumbfov=100,true,8:30 am–6:30 pm,8:30 am–6:30 pm,8:30 am–6:30 pm,8:30 am–6:30 pm,8:30 am–5:30 pm,9 am–12 pm,Closed,"https://www.google.com/maps/search/Psychiatry+clinics+in+Crawfordsville+Terra+Haute+IN/@39.4654441,-87.4139427,14z",2025-12-16T03:21:02.342Z,LGBTQ+ friendly,
https://www.google.com/maps/place/Apryl+Brown+PMHNP-BC/data=!4m7!3m6!1s0x886d6fdaf9898a9f:0x99396c105a21300a!8m2!3d39.4647472!4d-87.3741761!16s%2Fg%2F11vrywdd4w!19sChIJn4qJ-dpvbYgRCjAhWhBsOZk,Apryl Brown PMHNP-BC,,,Nurse practitioner,"2901 Ohio Blvd Ste 114-10, Terre Haute, IN 47803, United States","FJ7G+V8 Terre Haute, Indiana, USA",https://www.mentalhealthpurpose.com/,+1 812-398-7507,Closed · Opens 8 am Tue,https://lh3.googleusercontent.com/p/AF1QipP3f-NWkJfEWHYhcknSOemvimnhZIC6-bH-YPfX=w408-h329-k-no,true,8 am–4 pm,8 am–4 pm,8 am–4 pm,8 am–4 pm,Closed,Closed,Closed,"https://www.google.com/maps/search/Psychiatry+clinics+in+Crawfordsville+Terra+Haute+IN/@39.4654441,-87.4139427,14z",2025-12-16T03:21:07.167Z,Identifies as women-owned,
https://www.google.com/maps/place/Counseling+Pathways+LLC/data=!4m7!3m6!1s0x886d7b50041001e9:0xc470606a55db2b9a!8m2!3d39.4197258!4d-87.4138022!16s%2Fg%2F11tnvx50rm!19sChIJ6QEQBFB7bYgRmivbVWpgcMQ,Counseling Pathways LLC,3.4,11,Mental health service,"185 E Hospital Ln, Terre Haute, IN 47802, United States","CH9P+VF Terre Haute, Indiana, USA",http://www.counselingpathwaysllc.com/,+1 812-243-9954,Closed · Opens 8 am Tue,https://streetviewpixels-pa.googleapis.com/v1/thumbnail?panoid=SYbMJYcWNCUXwQCZdYYmeg&cb_client=search.gws-prod.gps&w=408&h=240&yaw=173.72017&pitch=0&thumbfov=100,true,8 am–5 pm,8 am–5 pm,8 am–5 pm,8 am–5 pm,8 am–5 pm,Closed,Closed,"https://www.google.com/maps/search/Psychiatry+clinics+in+Crawfordsville+Terra+Haute+IN/@39.4654441,-87.4139427,14z",2025-12-16T03:21:12.072Z,,
https://www.google.com/maps/place/Rooted+Ground+Counseling+LLC/data=!4m7!3m6!1s0x886d65acba7be8d1:0xdbab7e19a4a7869d!8m2!3d39.4327061!4d-87.3966158!16s%2Fg%2F11q9mbpsyq!19sChIJ0eh7uqxlbYgRnYanpBl-q9s,Rooted Ground Counseling LLC,3.0,2,Mental health service,"1400 E Pugh Dr Suite 12, Terre Haute, IN 47802, United States","CJM3+39 Terre Haute, Indiana, USA",http://rootedgroundcounseling.com/,+1 812-298-6702,Closed · Opens 9 am Tue,https://lh3.googleusercontent.com/p/AF1QipMYm8gU2VezgIXGcRkuEO8zTCNTxFpWxkN1PO5j=w408-h544-k-no,true,9 am–5 pm,9 am–5 pm,9 am–5 pm,9 am–5 pm,Closed,Closed,Closed,"https://www.google.com/maps/search/Psychiatry+clinics+in+Crawfordsville+Terra+Haute+IN/@39.4654441,-87.4139427,14z",2025-12-16T03:21:16.895Z,,
"https://www.google.com/maps/place/Sycamore+Pain+%26+Wellness,+a+service+of+Horizon+Health/data=!4m7!3m6!1s0x886d71fc103b12a3:0xe4bf1f407f52b830!8m2!3d39.4488863!4d-87.3312128!16s%2Fg%2F11rk8lh8xm!19sChIJoxI7EPxxbYgRMLhSf0Afv-Q","Sycamore Pain & Wellness, a service of Horizon Health",4.9,962,Pain management physician,"1378 IN-46, Terre Haute, IN 47803, United States","CMX9+HG Terre Haute, Indiana, USA",https://www.myhorizonhealth.org/sycamore-pain-wellness/?utm_source=GMBSocialClimb&utm_medium=SycamorePain%26Wellness%2CaserviceofHorizonHealth,+1 812-877-3310,Closed · Opens 8 am Tue,https://lh3.googleusercontent.com/p/AF1QipMegu7otSj3GK1dc-70lLSxrGG81Wn7UVm-721W=w426-h240-k-no,true,8 am–5 pm,8 am–5 pm,8 am–5 pm,8 am–5 pm,8 am–5 pm,Closed,Closed,"https://www.google.com/maps/search/Psychiatry+clinics+in+Crawfordsville+Terra+Haute+IN/@39.4654441,-87.4139427,14z",2025-12-16T03:21:21.891Z,,
https://www.google.com/maps/place/Vigo+County+Health+And+Wellness+Center/data=!4m7!3m6!1s0x886d6f9b4365aedd:0x919355cad93b857b!8m2!3d39.492527!4d-87.3707275!16s%2Fg%2F11fxb65d9y!19sChIJ3a5lQ5tvbYgRe4U72cpVk5E,Vigo County Health And Wellness Center,5.0,9,Wellness center,"3250 Maple Ave, Terre Haute, IN 47804, United States","FJVH+2P Terre Haute, Indiana, USA",https://healthcenters.proactive-md.com/vcsc/vigo-county-schools-health-center/,+1 812-462-5799,Closed · Opens 9 am Tue,https://lh3.googleusercontent.com/gps-cs-s/AG0ilSyxiH6BNQBv77UWQgHumUfMSdNTZRwotGHHmHDvkGWtfeO0Keic-PZX8ItNq7jxmfjNzEiF0CpBy_kAFFxraP8j6-OpqzLGd6oKORIil8vM9JVmqZFSDweeocuKrfOQGkzSO9eR7g=w408-h306-k-no,false,7 am–6 pm,9 am–6 pm,7 am–6 pm,9 am–6 pm,7 am–4 pm,8–11 am,Closed,"https://www.google.com/maps/search/Psychiatry+clinics+in+Crawfordsville+Terra+Haute+IN/@39.4654441,-87.4139427,14z",2025-12-16T03:21:26.937Z,,
https://www.google.com/maps/place/Surjit+Singh+Md+Inc/data=!4m7!3m6!1s0x886d7afa2fe00d53:0x555e3c2b360a64ec!8m2!3d39.4221844!4d-87.4122823!16s%2Fg%2F1v7tm3pr!19sChIJUw3gL_p6bYgR7GQKNis8XlU,Surjit Singh Md Inc,4.2,22,Psychiatrist,"3642 S 4th St, Terre Haute, IN 47802, United States","CHCQ+V3 Terre Haute, Indiana, USA",https://usmaplocation.org/business/surjit-singh-md-inc-yy1lun,+1 812-234-7945,Closed · Opens 7 am Tue,https://streetviewpixels-pa.googleapis.com/v1/thumbnail?panoid=SynGKmdPDZe_AOgzgeNOIA&cb_client=search.gws-prod.gps&w=408&h=240&yaw=86.567856&pitch=0&thumbfov=100,true,7 am–4 pm,7 am–4 pm,7 am–4 pm,7 am–4 pm,7 am–4 pm,Closed,Closed,"https://www.google.com/maps/search/Psychiatry+clinics+in+Crawfordsville+Terra+Haute+IN/@39.4654441,-87.4139427,14z",2025-12-16T03:21:31.731Z,,
"https://www.google.com/maps/place/Lauren+Necesario+Smith,+PsyD,+HSPP/data=!4m7!3m6!1s0x886d71806e5710cb:0x833c798b053a775a!8m2!3d39.4495636!4d-87.3321249!16s%2Fg%2F11rpdfjzcc!19sChIJyxBXboBxbYgRWnc6BYt5PIM","Lauren Necesario Smith, PsyD, HSPP",5.0,3,Psychologist,"1378 IN-46, Terre Haute, IN 47803, United States","CMX9+R5 Terre Haute, Indiana, USA",https://www.myhorizonhealth.org/find-a-doctor/lauren-necesario-smith-psyd-hspp/?utm_source=GMBSocialClimb&utm_medium=LaurenNecesarioSmith%2CPsyD%2CHSPP,+1 812-877-3310,Closed · Opens 8 am Tue,https://lh3.googleusercontent.com/p/AF1QipNQRBEpxr2MLAvNEhEBTfU6VYH6QcBex_KYg2lS=w408-h524-k-no,true,8 am–5 pm,8 am–5 pm,8 am–5 pm,8 am–5 pm,8 am–5 pm,Closed,Closed,"https://www.google.com/maps/search/Psychiatry+clinics+in+Crawfordsville+Terra+Haute+IN/@39.4654441,-87.4139427,14z",2025-12-16T03:21:36.755Z,,
https://www.google.com/maps/place/John+Winston+Gonzalez/data=!4m7!3m6!1s0x886d7af7101acc1f:0x16f32783ee8a73f7!8m2!3d39.4195478!4d-87.4090155!16s%2Fg%2F11sh2b5bsn!19sChIJH8waEPd6bYgR93OK7oMn8xY,John Winston Gonzalez,5.0,1,Psychiatrist,"501 E Hospital Ln #104, Terre Haute, IN 478024230, United States","CH9R+R9 Terre Haute, Indiana, USA",,+1 812-232-5518,Closed · Opens 8:30 am Tue,https://streetviewpixels-pa.googleapis.com/v1/thumbnail?panoid=wzOXv7w7gH32Lcn22e2-Nw&cb_client=search.gws-prod.gps&w=408&h=240&yaw=177.39015&pitch=0&thumbfov=100,false,8:30 am–4:30 pm,8:30 am–4:30 pm,8:30 am–4:30 am,8:30 am–4:30 pm,8:30 am–4:30 pm,Closed,Closed,"https://www.google.com/maps/search/Psychiatry+clinics+in+Crawfordsville+Terra+Haute+IN/@39.4654441,-87.4139427,14z",2025-12-16T03:21:41.490Z,,
https://www.google.com/maps/place/Dr.+Wanda+Michaels/data=!4m7!3m6!1s0x886d651091c00001:0x7cbe5c3363571006!8m2!3d39.4854271!4d-87.4099829!16s%2Fg%2F11rwxdxs79!19sChIJAQDAkRBlbYgRBhBXYzNcvnw,Dr. Wanda Michaels,,,Psychiatrist,"620 8th Ave, Terre Haute, IN 47804, United States",,,+1 800-742-0787,,https://streetviewpixels-pa.googleapis.com/v1/thumbnail?panoid=YZyaz0n2S0qDTIYU51hTlw&cb_client=search.gws-prod.gps&w=408&h=240&yaw=185.44351&pitch=0&thumbfov=100,false,,,,,,,,"https://www.google.com/maps/search/Psychiatry+clinics+in+Crawfordsville+Terra+Haute+IN/@39.4654441,-87.4139427,14z",2025-12-16T03:21:44.156Z,,
"https://www.google.com/maps/place/Cox+Jennifer+M/@39.4378502,-87.4075533,17z/data=!3m1!4b1!4m6!3m5!1s0x886d7ac20c369d4b:0xb40cf2ec81627155!8m2!3d39.4378502!4d-87.4075533!16s%2Fg%2F1tgb82t6",Cox Jennifer M,,,Psychiatrist,"2723 S 7th St C, Terre Haute, IN 47802, United States","CHQR+4X Terre Haute, Indiana, USA",http://www.provmed.com/,+1 812-232-1418,,,false,,,,,,,,"https://www.google.com/maps/search/Psychiatry+clinics+in+Crawfordsville+Terra+Haute+IN/@39.4654441,-87.4139427,14z",2025-12-16T03:21:49.045Z,,
"https://www.google.com/maps/place/Next+Step+Foundation,+Inc/data=!4m7!3m6!1s0x886d7ace77b3f447:0x5b4453a63c5c52b3!8m2!3d39.4521906!4d-87.4092521!16s%2Fg%2F1pv2jfdw3!19sChIJR_Szd856bYgRs1JcPKZTRFs","Next Step Foundation, Inc",4.4,113,Addiction treatment center,"619 Washington Ave, Terre Haute, IN 47802, United States","FH2R+V7 Terre Haute, Indiana, USA",http://www.nextsteptoday.org/,+1 812-917-5006,Closed · Opens 8 am Tue,https://lh3.googleusercontent.com/p/AF1QipM0b7VxIE9iwR8p213j1D2lSsCszZYZm4GiMJh9=w408-h278-k-no,true,8 am–8:30 pm,8 am–8:30 pm,8 am–8:30 pm,8 am–8:30 pm,8 am–8:30 pm,Closed,Closed,"https://www.google.com/maps/search/Psychiatry+clinics+in+Crawfordsville+Terra+Haute+IN/@39.4654441,-87.4139427,14z",2025-12-16T03:21:53.888Z,,
https://www.google.com/maps/place/Choices+Consulting+Center+Inc/data=!4m7!3m6!1s0x886d70081a63ffff:0xbeff662d7c48bc0a!8m2!3d39.4499774!4d-87.4141541!16s%2Fg%2F11fll6mhfb!19sChIJ__9jGghwbYgRCrxIfC1m_74,Choices Consulting Center Inc,5.0,2,Mental health service,"1521 S 3rd St, Terre Haute, IN 47802, United States","CHXP+X8 Terre Haute, Indiana, USA",,+1 812-645-3189,Closed · Opens 9 am Tue,https://streetviewpixels-pa.googleapis.com/v1/thumbnail?panoid=mTG_EgjsdzIg9PstTzrqng&cb_client=search.gws-prod.gps&w=408&h=240&yaw=263.4059&pitch=0&thumbfov=100,true,9 am–5 pm,9 am–5 pm,9 am–5 pm,9 am–5 pm,9 am–5 pm,Closed,Closed,"https://www.google.com/maps/search/Psychiatry+clinics+in+Crawfordsville+Terra+Haute+IN/@39.4654441,-87.4139427,14z",2025-12-16T03:21:58.678Z,,
https://www.google.com/maps/place/In+Time+Creative+Counseling+Services+Inc/data=!4m7!3m6!1s0x886d650ecd51139b:0xcfcaa92cbf5ad2c3!8m2!3d39.4734522!4d-87.3648015!16s%2Fg%2F11h_cv_2ks!19sChIJmxNRzQ5lbYgRw9Javyypys8,In Time Creative Counseling Services Inc,4.0,4,Mental health service,"3400 Wabash Ave Suite #1, Terre Haute, IN 47803, United States","FJFP+93 Terre Haute, Indiana, USA",http://www.intimeccs.com/,+1 812-605-2713,Closed · Opens 9:30 am Tue,https://streetviewpixels-pa.googleapis.com/v1/thumbnail?panoid=mHyCNuZNjnjW1IzMMYO-mQ&cb_client=search.gws-prod.gps&w=408&h=240&yaw=19.24143&pitch=0&thumbfov=100,true,9:30 am–7:30 pm,9:30 am–3:30 pm,7:30 am–4:30 pm,11 am–4:30 pm,Closed,Closed,2:30–7:30 pm,"https://www.google.com/maps/search/Psychiatry+clinics+in+Crawfordsville+Terra+Haute+IN/@39.4654441,-87.4139427,14z",2025-12-16T03:22:03.619Z,Identifies as women-owned,true
"https://www.google.com/maps/place/Dr.+Frances+S.+Campbell,+MD/data=!4m7!3m6!1s0x886d6510a1b8caa1:0x38edfd02604af3a5!8m2!3d39.4854271!4d-87.4099829!16s%2Fg%2F1tfbp24g!19sChIJocq4oRBlbYgRpfNKYAL97Tg","Dr. Frances S. Campbell, MD",,,Psychiatrist,"620 8th Ave, Terre Haute, IN 47804, United States","FHPR+52 Terre Haute, Indiana, USA",http://www.hamiltoncenter.org/,+1 812-231-8323,,https://streetviewpixels-pa.googleapis.com/v1/thumbnail?panoid=YZyaz0n2S0qDTIYU51hTlw&cb_client=search.gws-prod.gps&w=408&h=240&yaw=185.44351&pitch=0&thumbfov=100,false,,,,,,,,"https://www.google.com/maps/search/Psychiatry+clinics+in+Crawfordsville+Terra+Haute+IN/@39.4654441,-87.4139427,14z",2025-12-16T03:22:06.261Z,,
https://www.google.com/maps/place/Central+Indiana+Psychiatric+Medical/data=!4m7!3m6!1s0x886d7a59250648ef:0x8a2b366ef7127e66!8m2!3d39.4108312!4d-87.4076903!16s%2Fg%2F1thl_5pj!19sChIJ70gGJVl6bYgRZn4S9242K4o,Central Indiana Psychiatric Medical,2.0,1,Psychiatrist,"4414 S 7th St, Terre Haute, IN 47802, United States","CH6R+8W Terre Haute, Indiana, USA",,+1 812-917-5437,,https://streetviewpixels-pa.googleapis.com/v1/thumbnail?panoid=KAK4v1MmYwOMsaf1JGmrog&cb_client=search.gws-prod.gps&w=408&h=240&yaw=123.3838&pitch=0&thumbfov=100,false,,,,,,,,"https://www.google.com/maps/search/Psychiatry+clinics+in+Crawfordsville+Terra+Haute+IN/@39.4654441,-87.4139427,14z",2025-12-16T03:22:09.125Z,,
https://www.google.com/maps/place/Gonzalez+John+W+MD/data=!4m7!3m6!1s0x886d7af75fdf02d7:0x2c1982b2e9645e71!8m2!3d39.4195478!4d-87.4090155!16s%2Fg%2F1tg9tfj2!19sChIJ1wLfX_d6bYgRcV5k6bKCGSw,Gonzalez John W MD,3.9,32,Psychiatrist,"501 E Hospital Ln #104, Terre Haute, IN 47802, United States","CH9R+R9 Terre Haute, Indiana, USA",https://regionalhospital.secure.ehc.com/physicians/profile/John-Gonzalez-MD,+1 812-232-5518,Closed · Opens 8:30 am Tue,https://streetviewpixels-pa.googleapis.com/v1/thumbnail?panoid=wzOXv7w7gH32Lcn22e2-Nw&cb_client=search.gws-prod.gps&w=408&h=240&yaw=177.39015&pitch=0&thumbfov=100,false,8:30 am–4:30 pm,8:30 am–4:30 pm,8:30 am–4:30 pm,8:30 am–4:30 pm,8:30 am–4:30 pm,Closed,Closed,"https://www.google.com/maps/search/Psychiatry+clinics+in+Crawfordsville+Terra+Haute+IN/@39.4654441,-87.4139427,14z",2025-12-16T03:22:14.110Z,,
"https://www.google.com/maps/place/Hamilton+Center,+Inc.+Employment+Solutions/data=!4m7!3m6!1s0x886d6530c8fa48df:0x9ba331939f4424d0!8m2!3d39.469292!4d-87.390796!16s%2Fg%2F1tflgzt7!19sChIJ30j6yDBlbYgR0CREn5Mxo5s","Hamilton Center, Inc. Employment Solutions",3.6,27,Non-profit organization,"1616 Wabash Ave, Terre Haute, IN 47807, United States","FJ95+PM Terre Haute, Indiana, USA",http://www.hamiltoncenter.org/,+1 812-231-8355,Closed · Opens 8 am Tue,https://streetviewpixels-pa.googleapis.com/v1/thumbnail?panoid=3C5JD4qBa6LSSMw3jGEgxQ&cb_client=search.gws-prod.gps&w=408&h=240&yaw=152.79044&pitch=0&thumbfov=100,true,8 am–5 pm,8 am–5 pm,8 am–5 pm,8 am–5 pm,8 am–5 pm,Closed,Closed,"https://www.google.com/maps/search/Psychiatry+clinics+in+Crawfordsville+Terra+Haute+IN/@39.4654441,-87.4139427,14z",2025-12-16T03:22:19.162Z,,
"https://www.google.com/maps/place/Tanya+M.+Baker,+LMHC/data=!4m7!3m6!1s0x886d6510a1b8cadf:0xf7b75d061af746e7!8m2!3d39.4854271!4d-87.4099829!16s%2Fg%2F1trxffv_!19sChIJ38q4oRBlbYgR50b3GgZdt_c","Tanya M. Baker, LMHC",,,Psychiatrist,"620 8th Ave, Terre Haute, IN 47804, United States","FHPR+52 Terre Haute, Indiana, USA",,+1 812-231-8350,,https://streetviewpixels-pa.googleapis.com/v1/thumbnail?panoid=YZyaz0n2S0qDTIYU51hTlw&cb_client=search.gws-prod.gps&w=408&h=240&yaw=185.44351&pitch=0&thumbfov=100,false,,,,,,,,"https://www.google.com/maps/search/Psychiatry+clinics+in+Crawfordsville+Terra+Haute+IN/@39.4654441,-87.4139427,14z",2025-12-16T03:22:21.935Z,,
https://www.google.com/maps/place/Point+Beyond+Mental+Health+Collective/data=!4m7!3m6!1s0x886d7b3f450b198b:0x6d8da8430a33e2f5!8m2!3d39.4134552!4d-87.4109166!16s%2Fg%2F11w9zv4cl6!19sChIJixkLRT97bYgR9eIzCkOojW0,Point Beyond Mental Health Collective,5.0,6,Mental health service,"500 E Springhill Dr L, Terre Haute, IN 47802, United States","CH7Q+9J Terre Haute, Indiana, USA",https://www.pointbeyondmhc.com/,+1 812-221-1078,"Closed · Opens 9 am Tue

Updated by this business 5 days ago",https://lh3.googleusercontent.com/p/AF1QipPRCA3xfzo9dX-T059O3AgK2ZRtaVuF0Yzw_MxR=w408-h408-k-no,true,9 am–5 pm,9 am–5 pm,9 am–12 pm,9 am–5 pm,9 am–5 pm,Closed,Closed,"https://www.google.com/maps/search/Psychiatry+clinics+in+Crawfordsville+Terra+Haute+IN/@39.4654441,-87.4139427,14z",2025-12-16T03:22:26.941Z,LGBTQ+ friendly,
https://www.google.com/maps/place/Laura+Fredendall/data=!4m7!3m6!1s0x886d7ac20a293575:0x3ab651c3538d1074!8m2!3d39.4369454!4d-87.4063521!16s%2Fg%2F1v76_dw2!19sChIJdTUpCsJ6bYgRdBCNU8NRtjo,Laura Fredendall,5.0,4,Psychologist,"2740 S 7th St, Terre Haute, IN 47802, United States","CHPV+QF Terre Haute, Indiana, USA",https://www.murphyurbanassociates.com/our-team,+1 812-235-6121,,https://streetviewpixels-pa.googleapis.com/v1/thumbnail?panoid=yLPoow8zPYy8YJCnj8xQxg&cb_client=search.gws-prod.gps&w=408&h=240&yaw=97.0586&pitch=0&thumbfov=100,false,,,,,,,,"https://www.google.com/maps/search/Psychiatry+clinics+in+Crawfordsville+Terra+Haute+IN/@39.4654441,-87.4139427,14z",2025-12-16T03:22:29.862Z,,
https://www.google.com/maps/place/Butterfly+counseling/data=!4m7!3m6!1s0x886d65bff9d392f7:0xf8843caa23f7290e!8m2!3d39.5031615!4d-87.3976139!16s%2Fg%2F11j1s668j3!19sChIJ95LT-b9lbYgRDin3I6o8hPg,Butterfly counseling,5.0,1,Doctor,"3021 N 13th St, Terre Haute, IN 47804, United States","GJ32+7X Terre Haute, Indiana, USA",,,,https://streetviewpixels-pa.googleapis.com/v1/thumbnail?panoid=TrylWXJHWX5BchbCp9a9kQ&cb_client=search.gws-prod.gps&w=408&h=240&yaw=99.68009&pitch=0&thumbfov=100,false,,,,,,,,"https://www.google.com/maps/search/Psychiatry+clinics+in+Crawfordsville+Terra+Haute+IN/@39.4654441,-87.4139427,14z",2025-12-16T03:22:32.443Z,,
"https://www.google.com/maps/place/Grateful+Care+ABA+Therapy+In+Terre+Haute,+Indiana+%7C+ABA+Therapy+Services+%7C+Autism+Therapy/data=!4m7!3m6!1s0x886d6f002ca95c2b:0x27cca7a53ff21b42!8m2!3d39.458742!4d-87.3322413!16s%2Fg%2F11vxjcy9gw!19sChIJK1ypLABvbYgRQhvyP6WnzCc","Grateful Care ABA Therapy In Terre Haute, Indiana | ABA Therapy Services | Autism Therapy",3.9,15,Applied behavior analysis therapist,"650 IN-46, Terre Haute, IN 47803, United States","FM59+F4 Terre Haute, Indiana, USA",https://www.gratefulcareaba.com/?utm_source=gbp&utm_medium=web&utm_campaign=terrehaute,+1 317-572-5315,Closed · Opens 9 am Tue,https://lh3.googleusercontent.com/p/AF1QipMIO_PBdP51Oxzcsyut10cInCi2vBRgy6Uw29c=w408-h277-k-no,true,9 am–5 pm,9 am–5 pm,9 am–5 pm,9 am–5 pm,9 am–5 pm,Closed,Closed,"https://www.google.com/maps/search/Psychiatry+clinics+in+Crawfordsville+Terra+Haute+IN/@39.4654441,-87.4139427,14z",2025-12-16T03:22:37.315Z,,
https://www.google.com/maps/place/Shriner+William+C+MD/data=!4m7!3m6!1s0x886d6510a1b8caa1:0x28cc6f2488567623!8m2!3d39.4853972!4d-87.4098767!16s%2Fg%2F1tjjq3dd!19sChIJocq4oRBlbYgRI3ZWiCRvzCg,Shriner William C MD,,,Psychiatrist,"620 8th Ave, Terre Haute, IN 47804, United States","FHPR+52 Terre Haute, Indiana, USA",,+1 812-231-8323,,https://streetviewpixels-pa.googleapis.com/v1/thumbnail?panoid=0PpJVxZZWpBpvBCqvvU58g&cb_client=search.gws-prod.gps&w=408&h=240&yaw=1.7420542&pitch=0&thumbfov=100,false,,,,,,,,"https://www.google.com/maps/search/Psychiatry+clinics+in+Crawfordsville+Terra+Haute+IN/@39.4654441,-87.4139427,14z",2025-12-16T03:22:39.904Z,,
https://www.google.com/maps/place/Stith+Ruthgayle+D+MD/data=!4m7!3m6!1s0x886d6510a1b8caa1:0xb159005bdfe3a362!8m2!3d39.4853972!4d-87.4098767!16s%2Fg%2F1tdxws2p!19sChIJocq4oRBlbYgRYqPj31sAWbE,Stith Ruthgayle D MD,,,Psychiatrist,"620 8th Ave, Terre Haute, IN 47804, United States","FHPR+52 Terre Haute, Indiana, USA",http://www.hamiltoncenter.org/,+1 812-231-8323,,https://streetviewpixels-pa.googleapis.com/v1/thumbnail?panoid=0PpJVxZZWpBpvBCqvvU58g&cb_client=search.gws-prod.gps&w=408&h=240&yaw=1.7420542&pitch=0&thumbfov=100,false,,,,,,,,"https://www.google.com/maps/search/Psychiatry+clinics+in+Crawfordsville+Terra+Haute+IN/@39.4654441,-87.4139427,14z",2025-12-16T03:22:42.667Z,,
https://www.google.com/maps/place/French+Charles+R+MD/data=!4m7!3m6!1s0x886d6fc1b07ecdb7:0x9ba84b9a678240b1!8m2!3d39.4741601!4d-87.3595027!16s%2Fg%2F1hc42ztdl!19sChIJt81-sMFvbYgRsUCCZ5pLqJs,French Charles R MD,,,Psychiatrist,"4001 Wabash Ave, Terre Haute, IN 47803, United States","FJFR+M5 Terre Haute, Indiana, USA",,+1 812-238-7748,,https://streetviewpixels-pa.googleapis.com/v1/thumbnail?panoid=zMVVR03_2f4aTVOqLTCQQg&cb_client=search.gws-prod.gps&w=408&h=240&yaw=354.15405&pitch=0&thumbfov=100,false,,,,,,,,"https://www.google.com/maps/search/Psychiatry+clinics+in+Crawfordsville+Terra+Haute+IN/@39.4654441,-87.4139427,14z",2025-12-16T03:22:45.402Z,,
"https://www.google.com/maps/place/Dr.+Mina+Ossei,+MD/data=!4m7!3m6!1s0x886d6510d22019bb:0x5fbeeff57c847890!8m2!3d39.4839526!4d-87.4087693!16s%2Fg%2F1td0z6mr!19sChIJuxkg0hBlbYgRkHiEfPXvvl8","Dr. Mina Ossei, MD",,,Psychiatrist,"1513 N 6th 1/2 St, Terre Haute, IN 47807, United States","FHMR+HF Terre Haute, Indiana, USA",http://www.myunionhospital.org/,+1 812-238-7631,,https://streetviewpixels-pa.googleapis.com/v1/thumbnail?panoid=rlcmyXxG1L13Z25NGnEPbA&cb_client=search.gws-prod.gps&w=408&h=240&yaw=101.681885&pitch=0&thumbfov=100,false,,,,,,,,"https://www.google.com/maps/search/Psychiatry+clinics+in+Crawfordsville+Terra+Haute+IN/@39.4654441,-87.4139427,14z",2025-12-16T03:22:48.075Z,,
https://www.google.com/maps/place/Tincher+Lisa+K/data=!4m7!3m6!1s0x886d6510d220176d:0x1b1e087c7e4db30a!8m2!3d39.4840795!4d-87.4085622!16s%2Fg%2F1ttyxgyv!19sChIJbRcg0hBlbYgRCrNNfnwIHhs,Tincher Lisa K,,,Psychiatrist,"1513 N 6th 1/2 St, Terre Haute, IN 47807, United States","FHMR+JH Terre Haute, Indiana, USA",http://www.myunionhospital.org/,+1 812-238-7631,,https://streetviewpixels-pa.googleapis.com/v1/thumbnail?panoid=HIUL0wjNIOVYjx7Au1RxHQ&cb_client=search.gws-prod.gps&w=408&h=240&yaw=86.84567&pitch=0&thumbfov=100,false,,,,,,,,"https://www.google.com/maps/search/Psychiatry+clinics+in+Crawfordsville+Terra+Haute+IN/@39.4654441,-87.4139427,14z",2025-12-16T03:22:50.877Z,,
"https://www.google.com/maps/place/Dr.+Shashikant+S.+Patel,+MD/data=!4m7!3m6!1s0x886d6510a1b8caa1:0x29f21891c5cd5e52!8m2!3d39.4853972!4d-87.4098767!16s%2Fg%2F1tgcn0s6!19sChIJocq4oRBlbYgRUl7NxZEY8ik","Dr. Shashikant S. Patel, MD",,,Psychiatrist,"620 8th Ave, Terre Haute, IN 47804, United States","FHPR+52 Terre Haute, Indiana, USA",,+1 812-231-8323,,https://streetviewpixels-pa.googleapis.com/v1/thumbnail?panoid=0PpJVxZZWpBpvBCqvvU58g&cb_client=search.gws-prod.gps&w=408&h=240&yaw=1.7420542&pitch=0&thumbfov=100,false,,,,,,,,"https://www.google.com/maps/search/Psychiatry+clinics+in+Crawfordsville+Terra+Haute+IN/@39.4654441,-87.4139427,14z",2025-12-16T03:22:53.382Z,,
https://www.google.com/maps/place/Applied+Behavior+Center+for+Autism+-+Terre+Haute+Children%27s+Museum/data=!4m7!3m6!1s0x886d65cef1d73b47:0xa3131b7509da5c08!8m2!3d39.4662645!4d-87.4059536!16s%2Fg%2F11r8vlqdrg!19sChIJRzvX8c5lbYgRCFzaCXUbE6M,Applied Behavior Center for Autism - Terre Haute Children's Museum,,,Mental health service,"727 Wabash Ave, Terre Haute, IN 47807, United States","FH8V+GJ Terre Haute, Indiana, USA",,+1 812-478-5437,Closed · Opens 8:30 am Tue,https://streetviewpixels-pa.googleapis.com/v1/thumbnail?panoid=PisSJcXMlTPjzsGjjBgHMg&cb_client=search.gws-prod.gps&w=408&h=240&yaw=191.01198&pitch=0&thumbfov=100,false,8:30 am–4:30 pm,8:30 am–4:30 pm,8:30 am–4:30 pm,8:30 am–4:30 pm,8:30 am–4:30 pm,Closed,Closed,"https://www.google.com/maps/search/Psychiatry+clinics+in+Crawfordsville+Terra+Haute+IN/@39.4654441,-87.4139427,14z",2025-12-16T03:22:58.128Z,,
"https://www.google.com/maps/place/Berry+G+William+PhD/@39.432802,-87.365031,17z/data=!3m1!4b1!4m6!3m5!1s0x886d7a94174b0efb:0xe74e7591fec7a154!8m2!3d39.432802!4d-87.365031!16s%2Fg%2F1tdlcggc",Berry G William PhD,5.0,1,Psychologist,"3375 E Margaret Dr, Terre Haute, IN 47802, United States","CJMM+4X Terre Haute, Indiana, USA",,+1 812-235-3738,,,false,,,,,,,,"https://www.google.com/maps/search/Psychiatry+clinics+in+Crawfordsville+Terra+Haute+IN/@39.4654441,-87.4139427,14z",2025-12-16T03:23:02.808Z,,
"https://www.google.com/maps/place/Jeffrey+M.+Huttinger,+PSYD/data=!4m7!3m6!1s0x886d7ac20a293575:0x5674da988407df18!8m2!3d39.4369356!4d-87.4064481!16s%2Fg%2F1td4_lz_!19sChIJdTUpCsJ6bYgRGN8HhJjadFY","Jeffrey M. Huttinger, PSYD",3.7,3,Psychologist,"2740 S 7th St, Terre Haute, IN 47802, United States","CHPV+QC Terre Haute, Indiana, USA",,+1 812-235-6121,,https://streetviewpixels-pa.googleapis.com/v1/thumbnail?panoid=yLPoow8zPYy8YJCnj8xQxg&cb_client=search.gws-prod.gps&w=408&h=240&yaw=100.60817&pitch=0&thumbfov=100,false,,,,,,,,"https://www.google.com/maps/search/Psychiatry+clinics+in+Crawfordsville+Terra+Haute+IN/@39.4654441,-87.4139427,14z",2025-12-16T03:23:05.447Z,,
https://www.google.com/maps/place/Harsha+Autism+Center/data=!4m7!3m6!1s0x886d7b0f1d95ec75:0xb24f63a273641d82!8m2!3d39.4234428!4d-87.4335708!16s%2Fg%2F11b7hpry8f!19sChIJdeyVHQ97bYgRgh1kc6JjT7I,Harsha Autism Center,4.2,10,Child health care center,"1050 W Johnson Dr, Terre Haute, IN 47802, United States","CHF8+9H Terre Haute, Indiana, USA",http://harshaautism.com/,+1 812-233-8833,Closed · Opens 8:30 am Tue,https://streetviewpixels-pa.googleapis.com/v1/thumbnail?panoid=hQvXETSplwW9chT10-CHSQ&cb_client=search.gws-prod.gps&w=408&h=240&yaw=169.14403&pitch=0&thumbfov=100,false,8:30 am–4:30 pm,8:30 am–4:30 pm,8:30 am–4:30 pm,8:30 am–4:30 pm,8:30 am–4:30 pm,Closed,Closed,"https://www.google.com/maps/search/Psychiatry+clinics+in+Crawfordsville+Terra+Haute+IN/@39.4654441,-87.4139427,14z",2025-12-16T03:23:10.391Z,,
https://www.google.com/maps/place/Counseling+Center/data=!4m7!3m6!1s0x886d6524abb3bef3:0xa0644b0e32e65ba1!8m2!3d39.4731466!4d-87.4110309!16s%2Fg%2F1ptw4myyb!19sChIJ876zqyRlbYgRoVvmMg5LZKA,Counseling Center,,,Child psychologist,"207-263 N 6th St, Terre Haute, IN 47809, United States","FHFQ+7H Terre Haute, Indiana, USA",,+1 812-237-3939,Closed · Opens 8 am Tue,https://streetviewpixels-pa.googleapis.com/v1/thumbnail?panoid=v2VW0oDgQ4XsnQqpE3TNwQ&cb_client=search.gws-prod.gps&w=408&h=240&yaw=232.4724&pitch=0&thumbfov=100,false,8 am–5 pm,8 am–5 pm,8 am–5 pm,8 am–5 pm,8 am–4:30 pm,Closed,Closed,"https://www.google.com/maps/search/Psychiatry+clinics+in+Crawfordsville+Terra+Haute+IN/@39.4654441,-87.4139427,14z",2025-12-16T03:23:15.250Z,,
https://www.google.com/maps/place/Groups+Recover+Together/data=!4m7!3m6!1s0x886d7b7a3a1fe69d:0xcd5d599925754a53!8m2!3d39.4335201!4d-87.3965427!16s%2Fg%2F11fjw0x1ng!19sChIJneYfOnp7bYgRU0p1JZlZXc0,Groups Recover Together,5.0,41,Addiction treatment center,"1359 E Margaret Ave, Terre Haute, IN 47802, United States","CJM3+C9 Terre Haute, Indiana, USA",https://locations.joingroups.com/in/terrehaute/groups-recover-together-terre-haute-in-grt080.html,+1 812-200-2789,Closed · Opens 8 am Tue,https://lh3.googleusercontent.com/p/AF1QipPOC237Ey6GmykWIP83HBsakaDqEb_AeZKGm3Wk=w426-h240-k-no,true,8 am–6 pm,8 am–4 pm,8 am–5 pm,8 am–4 pm,Closed,Closed,Closed,"https://www.google.com/maps/search/Psychiatry+clinics+in+Crawfordsville+Terra+Haute+IN/@39.4654441,-87.4139427,14z",2025-12-16T03:23:20.140Z,,
https://www.google.com/maps/place/Mrs.+Margaret+Brumfield/data=!4m7!3m6!1s0x886d653e9c401fdf:0x162044bc4605036f!8m2!3d39.4748392!4d-87.4056663!16s%2Fg%2F11tn9l5kg7!19sChIJ3x9AnD5lbYgRbwMFRrxEIBY,Mrs. Margaret Brumfield,3.7,3,Nurse practitioner,"620 N 8th St, Terre Haute, IN 47804, United States","FHFV+WP Terre Haute, Indiana, USA",,+1 812-231-8185,,https://streetviewpixels-pa.googleapis.com/v1/thumbnail?panoid=fMMWlAWMITny-ZsWHqqaiA&cb_client=search.gws-prod.gps&w=408&h=240&yaw=229.0478&pitch=0&thumbfov=100,false,,,,,,,,"https://www.google.com/maps/search/Psychiatry+clinics+in+Crawfordsville+Terra+Haute+IN/@39.4654441,-87.4139427,14z",2025-12-16T03:23:22.789Z,,
https://www.google.com/maps/place/Shahzad+Asgharali+Parvaz/data=!4m7!3m6!1s0x886d7a5bcb8f8c35:0xb3050fc799ed5616!8m2!3d39.4100765!4d-87.4081602!16s%2Fg%2F11ss_4c_p8!19sChIJNYyPy1t6bYgRFlbtmccPBbM,Shahzad Asgharali Parvaz,5.0,1,Psychiatrist,"609 E Surgery Center Dr, Terre Haute, IN 47802, United States","CH6R+2P Terre Haute, Indiana, USA",,+1 812-917-5091,Closed · Opens 8 am Tue,https://lh3.googleusercontent.com/gps-cs-s/AG0ilSzSTXo1QqtakULO6PnHO9V1eoyryQCB1V2OYffm7UgnprrXeRvksDjZrtzTuXkpDKEqUwSIrC6yRHcNjb5snOSeWVGBL6mk7Kag_JkRYYn6Tyr9DBJFMftylGwSoSNtzf_Wa7aufA=w408-h306-k-no,false,8 am–5 pm,8 am–5 pm,8 am–12 pm,8 am–5 pm,8 am–4 pm,Closed,Closed,"https://www.google.com/maps/search/Psychiatry+clinics+in+Crawfordsville+Terra+Haute+IN/@39.4654441,-87.4139427,14z",2025-12-16T03:23:27.630Z,,
https://www.google.com/maps/place/Terre+Haute+VA+Clinic/data=!4m7!3m6!1s0x886d7afd71dcbfc9:0x8466b41db9cfcbd4!8m2!3d39.4383697!4d-87.3389434!16s%2Fg%2F1tf_tm2k!19sChIJyb_ccf16bYgR1MvPuR20ZoQ,Terre Haute VA Clinic,4.0,62,Medical clinic,"5080 Bill Farr Drive, Terre Haute, IN 47803, United States","CMQ6+8C Terre Haute, Indiana, USA",https://www.va.gov/indiana-health-care/locations/terre-haute-va-clinic/,+1 812-478-1825,Closed · Opens 8 am Tue,https://lh3.googleusercontent.com/gps-cs-s/AG0ilSxMATTDQOt6EkaDnMCZQgN4yA_lQOqkqMQOTWBPpefFKOQ-wCesWvrfLsSZH8EjyperMeKg8IichC_uu6cFn8TnSLkMMCYJr2kpu_pRzSYgR9F9bnhcs5OCIDxTGzuMGvGu-e-Djw=w408-h306-k-no,true,8 am–4 pm,8 am–4 pm,8 am–4 pm,8 am–4 pm,8 am–4 pm,Closed,Closed,"https://www.google.com/maps/search/Psychiatry+clinics+in+Crawfordsville+Terra+Haute+IN/@39.4654441,-87.4139427,14z",2025-12-16T03:23:32.462Z,LGBTQ+ friendly,
https://www.google.com/maps/place/Ambucare+Clinic/data=!4m7!3m6!1s0x886d7afc85ad1a57:0x63f113ec3f35218f!8m2!3d39.4272507!4d-87.416442!16s%2Fg%2F11c6ptpnnr!19sChIJVxqthfx6bYgRjyE1P-wT8WM,Ambucare Clinic,3.4,196,Walk-in clinic,"3387 S US Hwy 41, Terre Haute, IN 47802, United States","CHGM+WC Terre Haute, Indiana, USA",http://www.ambucareclinic.com/,+1 812-232-5532,Closed · Opens 8 am Tue,https://lh3.googleusercontent.com/gps-cs-s/AG0ilSyX8FrPXZmgMKOedaMQBzfKGZH_QZL4eq3bSgscrrdg0pvNDF8h7_rqaL4WZjxIQNeLsSmU4wBos-rXSrbDPNraxhoEt7xlPKI0Gb25vfxO5PrOUivqOebzgJY180-PvREwkN7WJQ=w408-h257-k-no,true,8 am–9 pm,8 am–9 pm,8 am–9 pm,8 am–9 pm,8 am–7 pm,8 am–5 pm,9 am–5 pm,"https://www.google.com/maps/search/Psychiatry+clinics+in+Crawfordsville+Terra+Haute+IN/@39.4654441,-87.4139427,14z",2025-12-16T03:23:37.677Z,,
https://www.google.com/maps/place/Wabash+Valley+Health+Center/data=!4m7!3m6!1s0x886d65427a5893a7:0x21a232df349502c7!8m2!3d39.4778123!4d-87.3946281!16s%2Fg%2F1tjtk04v!19sChIJp5NYekJlbYgRxwKVNN8yoiE,Wabash Valley Health Center,3.9,62,Medical clinic,"1436 Locust St, Terre Haute, IN 47807, United States","FJH4+44 Terre Haute, Indiana, USA",http://www.wvhc.org/,+1 812-232-7447,Closed · Opens 8 am Tue,https://lh3.googleusercontent.com/p/AF1QipPgavFKwNq2pPay8lqOx1sDjulwIcw84TJjS0bS=w447-h240-k-no,true,7:30 am–6:30 pm,8 am–5 pm,8 am–5 pm,8 am–5 pm,8 am–5 pm,Closed,Closed,"https://www.google.com/maps/search/Psychiatry+clinics+in+Crawfordsville+Terra+Haute+IN/@39.4654441,-87.4139427,14z",2025-12-16T03:23:42.569Z,LGBTQ+ friendly,
https://www.google.com/maps/place/Indiana+Center+For+Recovery+-+Alcohol+%26+Drug+Rehab+Terre+Haute/data=!4m7!3m6!1s0x886d7beba661cfbb:0xebf32e0075b0270d!8m2!3d39.4196649!4d-87.4143865!16s%2Fg%2F11tdgk117y!19sChIJu89hput7bYgRDSewdQAu8-s,Indiana Center For Recovery - Alcohol & Drug Rehab Terre Haute,5.0,10,Addiction treatment center,"135 E Hospital Ln, Terre Haute, IN 47802, United States","CH9P+V6 Terre Haute, Indiana, USA",https://www.treatmentindiana.com/locations/terre-haute/?utm_source=google&utm_medium=organic&utm_campaign=ICFRTerreHaute,+1 812-613-4914,Open 24 hours,https://lh3.googleusercontent.com/p/AF1QipPPeyy6muW6LHzd2NktA_6lo-SF-EZZlUekV0VF=w408-h306-k-no,true,Open 24 hours,Open 24 hours,Open 24 hours,Open 24 hours,Open 24 hours,Open 24 hours,Open 24 hours,"https://www.google.com/maps/search/Psychiatry+clinics+in+Crawfordsville+Terra+Haute+IN/@39.4654441,-87.4139427,14z",2025-12-16T03:23:47.460Z,,
https://www.google.com/maps/place/Anabranch+Recovery+Center/data=!4m7!3m6!1s0x886d7b216709c12f:0xab0033e9da66ae3!8m2!3d39.3999188!4d-87.3963494!16s%2Fg%2F11nnwmc82b!19sChIJL8EJZyF7bYgR42qmnT4DsAo,Anabranch Recovery Center,4.7,340,Addiction treatment center,"1400 E Crossing Blvd, Terre Haute, IN 47802, United States","9JX3+XF Terre Haute, Indiana, USA",https://anabranchrecovery.com/?utm_source=gmblisting&utm_medium=organic&utm_campaign=webbutton,+1 888-303-3580,Open 24 hours,https://lh3.googleusercontent.com/p/AF1QipPzXh5HHbe1UXfAOnzg0tEdiweGTvFGbXhZq7PJ=w408-h306-k-no,true,Open 24 hours,Open 24 hours,Open 24 hours,Open 24 hours,Open 24 hours,Open 24 hours,Open 24 hours,"https://www.google.com/maps/search/Psychiatry+clinics+in+Crawfordsville+Terra+Haute+IN/@39.4654441,-87.4139427,14z",2025-12-16T03:23:52.523Z,,
https://www.google.com/maps/place/Union+Hospital+Valley+Professional/data=!4m7!3m6!1s0x886d6510d220176d:0x781c06c98416bb22!8m2!3d39.4846162!4d-87.4075084!16s%2Fg%2F1tmklqpy!19sChIJbRcg0hBlbYgRIrsWhMkGHHg,Union Hospital Valley Professional,3.7,3,Medical clinic,"1530 N 7th St #200, Terre Haute, IN 47807, United States","FHMR+RX Terre Haute, Indiana, USA",,+1 812-238-7631,,https://streetviewpixels-pa.googleapis.com/v1/thumbnail?panoid=X4Zr6KIxBNGYXdxq65HTNA&cb_client=search.gws-prod.gps&w=408&h=240&yaw=325.20926&pitch=0&thumbfov=100,false,,,,,,,,"https://www.google.com/maps/search/Psychiatry+clinics+in+Crawfordsville+Terra+Haute+IN/@39.4654441,-87.4139427,14z",2025-12-16T03:23:55.309Z,,