placeUrl,title,rating,reviewCount,category,address,plusCode,website,phoneNumber,currentStatus,imgUrl,isClaimed,tuesday,wednesday,thursday,friday,saturday,sunday,monday,query,timestamp,info,isBlackOwned,error
https://www.google.com/maps/place/Fayetteville+Vascular+and+Vein+Center/data=!4m7!3m6!1s0x89ab149b8ac231c9:0x9c1f916effa44187!8m2!3d35.0299078!4d-78.9345114!16s%2Fg%2F1hc1m9_8d!19sChIJyTHCipsUq4kRh0Gk_26RH5w,Fayetteville Vascular and Vein Center,2.9,14,Vascular surgeon,"3410 Village Dr suite 200, Fayetteville, NC 28304, United States","23H8+X5 Fayetteville, North Carolina, USA",http://www.fayettevillevascular.com/,+1 910-401-0202,Closes soon · 5 pm · Opens 8 am Wed,https://lh3.googleusercontent.com/p/AF1QipMiFkhe2VmVepkq6-L6k-OXkggjAmHljQzwzf7W=w408-h306-k-no,true,8 am–5 pm,8 am–5 pm,8 am–5 pm,8 am–5 pm,Closed,Closed,8 am–5 pm,"https://www.google.com/maps/search/vein+clinics+in+Hope+Mills+Fayetteville+NC/@34.9756761,-78.9507262,14z",2025-12-16T21:59:03.435Z,,,
https://www.google.com/maps/place/Cape+Fear+Valley+Heart+%26+Vascular+Center/data=!4m7!3m6!1s0x89ab149e5ddd6beb:0x645cf73a7158566f!8m2!3d35.0316755!4d-78.9316493!16s%2Fg%2F1tfrc0_n!19sChIJ62vdXZ4Uq4kRb1ZYcTr3XGQ,Cape Fear Valley Heart & Vascular Center,4.8,29,Heart hospital,"1638 Owen Dr, Fayetteville, NC 28304, United States","23J9+M8 Fayetteville, North Carolina, USA",https://www.capefearvalley.com/locations/cape-fear-valley-heart-vascular-center,+1 910-615-8260,,https://lh3.googleusercontent.com/gps-cs-s/AG0ilSzLVfp8t_am6SzeTro7dlRDZLSTFjfu6n4t8pCD1XPUoyzd9SKemDbCgwSCV0Lh7YzITecvwmNz6Tb-SipkVRaj3d-7jWT-c4XBPI2IumrQkU_x92IyJkhQ_weVra_-m1UgexBr3Q=w408-h530-k-no,true,,,,,,,,"https://www.google.com/maps/search/vein+clinics+in+Hope+Mills+Fayetteville+NC/@34.9756761,-78.9507262,14z",2025-12-16T21:59:06.537Z,,,
https://www.google.com/maps/place/Valley+Cardiology+Vascular+Clinic/data=!4m7!3m6!1s0x89ab154bb04940b7:0x592ea28ac1389ebb!8m2!3d35.0370616!4d-78.9396954!16s%2Fg%2F11slkfmgrr!19sChIJt0BJsEsVq4kRu544wYqiLlk,Valley Cardiology Vascular Clinic,3.9,55,Medical clinic,"3656 Cape Center Dr, Fayetteville, NC 28304, United States","23P6+R4 Fayetteville, North Carolina, USA",https://www.valleycardiologyvascularclinic.com/,+1 910-321-1012,Closes soon · 5 pm · Opens 8 am Wed,https://lh3.googleusercontent.com/gps-cs-s/AG0ilSyS_Sd3S2KWWEfIkhlUt99Vva0PJOxZlctzSQF0yLE1srkPHKTK5mr3a9ZRbGiYiwZi-NmrUO5TXKzA10Sy3D7iKTjeqm6zCfEfjtJs7urH3p2FvJYw5G3QPPwFug0Y0dl9npDfeQ=w408-h544-k-no,false,8 am–5 pm,8 am–5 pm,8 am–5 pm,8 am–5 pm,Closed,Closed,8 am–5 pm,"https://www.google.com/maps/search/vein+clinics+in+Hope+Mills+Fayetteville+NC/@34.9756761,-78.9507262,14z",2025-12-16T21:59:11.926Z,,,
https://www.google.com/maps/place/Carolina+Heart+%26+Leg+Center/data=!4m7!3m6!1s0x89ab149862833b5d:0xd16f58ea6c305c27!8m2!3d35.0362109!4d-78.9372585!16s%2Fg%2F1s04hsjnx!19sChIJXTuDYpgUq4kRJ1wwbOpYb9E,Carolina Heart & Leg Center,4.2,139,Medical clinic,"3637 Cape Center Dr, Fayetteville, NC 28304, United States","23P7+F3 Fayetteville, North Carolina, USA",https://www.carolinaheartandleg.com/?utm_source=gmb_auth,+1 910-491-1760,Closes soon · 5 pm · Opens 8 am Wed,https://lh3.googleusercontent.com/gps-cs-s/AG0ilSwOERVCx8-jaX6v1JRIqqn70W3OMBYg3AUOmIh0cPp71gVr7kidcX3E7nQgi5RAZZBE4yqEChec_-a_wx10jIBLDsbs1X6SoHr9SXeAe4gF_qxGBDTxBdEoZvCTZbgmPfG_YpkD=w408-h725-k-no,true,8 am–5 pm,8 am–5 pm,8 am–5 pm,8 am–5 pm,Closed,Closed,8 am–5 pm,"https://www.google.com/maps/search/vein+clinics+in+Hope+Mills+Fayetteville+NC/@34.9756761,-78.9507262,14z",2025-12-16T21:59:16.873Z,,,
https://www.google.com/maps/place/Elan+Med+Spa/data=!4m7!3m6!1s0x89ab155180bb195b:0x5640dfbb8da68d2!8m2!3d35.0603651!4d-79.011005!16s%2Fg%2F125_yg1qt!19sChIJWxm7gFEVq4kR0mjauPsNZAU,Elan Med Spa,4.9,120,Medical spa,"6415 Brookstone Ln #103, Fayetteville, NC 28314, United States","3X6Q+4H Fayetteville, North Carolina, USA",http://elanmedspa.com/,+1 910-484-3526,Open · Closes 6 pm,https://lh3.googleusercontent.com/p/AF1QipNfVpo0Vg1VUeNE6VSfYPiP7x9KPMbdH3VIt4JC=w408-h342-k-no,true,9 am–6 pm,9 am–6 pm,9 am–6 pm,9 am–2 pm,10 am–3 pm,Closed,Closed,"https://www.google.com/maps/search/vein+clinics+in+Hope+Mills+Fayetteville+NC/@34.9756761,-78.9507262,14z",2025-12-16T21:59:21.721Z,LGBTQ+ friendly,,
https://www.google.com/maps/place/Hope+Mills+Medical+Clinic/data=!4m7!3m6!1s0x89ab16a4d4f9e4eb:0x546cf6e611d66d80!8m2!3d34.9704793!4d-78.946187!16s%2Fg%2F1tpf7_cf!19sChIJ6-T51KQWq4kRgG3WEeb2bFQ,Hope Mills Medical Clinic,2.4,63,Medical clinic,"3758 S Main St, Hope Mills, NC 28348, United States","X3C3+5G Hope Mills, North Carolina, USA",http://www.clinicshere.com/hope-mills-medical-clinic-hope-mills-nc/,+1 910-429-0647,"Closes soon · 5 pm · Opens 8 am Wed

Updated by this business 5 weeks ago",https://lh3.googleusercontent.com/gps-cs-s/AG0ilSyQHaf9OCpyz-Uf4UnZmqUW6JdAtCqA--zkQuTPETN03w-X6PzP-d7WH1FUTOlbwOc3PeW-woCK_GbcEOomQ0gJ1ch7P18yDihlTRYeyoQf1jvdQ9aA-qTOTmPtNmXPWWbdjT11iVFFPRI=w408-h544-k-no,true,8 am–5 pm,8 am–5 pm,8 am–6 pm,8 am–5 pm,Closed,Closed,8 am–6 pm,"https://www.google.com/maps/search/vein+clinics+in+Hope+Mills+Fayetteville+NC/@34.9756761,-78.9507262,14z",2025-12-16T21:59:26.787Z,,,
https://www.google.com/maps/place/Cape+Fear+Valley+Vascular+Specialists/data=!4m7!3m6!1s0x89ab14a1f9c8b3cf:0x2cc82a65a060d665!8m2!3d35.0375403!4d-78.934199!16s%2Fg%2F1tf08jcs!19sChIJz7PI-aEUq4kRZdZgoGUqyCw,Cape Fear Valley Vascular Specialists,3.7,16,Vascular surgeon,"1251 Oliver St, Fayetteville, NC 28304, United States","23Q8+28 Fayetteville, North Carolina, USA",https://www.capefearvalley.com/locations/cape-fear-valley-vascular-specialists,+1 910-822-6587,Closes soon · 5 pm · Opens 8 am Wed,https://streetviewpixels-pa.googleapis.com/v1/thumbnail?panoid=XkFXhTBHT_-4RWma9oAQOw&cb_client=search.gws-prod.gps&w=408&h=240&yaw=296.43988&pitch=0&thumbfov=100,true,8 am–5 pm,8 am–5 pm,8 am–5 pm,8 am–12 pm,Closed,Closed,8 am–5 pm,"https://www.google.com/maps/search/vein+clinics+in+Hope+Mills+Fayetteville+NC/@34.9756761,-78.9507262,14z",2025-12-16T21:59:31.764Z,,,
https://www.google.com/maps/place/FastMed+Urgent+Care/data=!4m7!3m6!1s0x89ab15fef74b631b:0xdebfe66b203ecc5c!8m2!3d34.9814089!4d-79.0136833!16s%2Fg%2F1hhhmrdnm!19sChIJG2NL9_4Vq4kRXMw-IGvmv94,FastMed Urgent Care,4.3,1780,Urgent care center,"3007 Town Center Dr #100, Fayetteville, NC 28306, United States","XXJP+HG Fayetteville, North Carolina, USA",https://www.fastmed.com/urgent-care-centers/fayetteville-nc-walk-in-clinic-hope-mills,+1 910-354-1281,Open · Closes 8 pm,https://lh3.googleusercontent.com/gps-cs-s/AG0ilSzIkRDxWRxiWajLSS6HkA8Pi0dHH2SrLyGa9lZ8b_DBdO8jRq2ZPkK6TsJvVO8gyqEqkrCZKfBy9ZRRKRznexJBclUnWultNTxWnl7b_Iip3GinBxmMjIK4h0uX-mWojLDPxE4=w408-h536-k-no,true,8 am–8 pm,8 am–8 pm,8 am–8 pm,8 am–8 pm,8 am–4 pm,8 am–4 pm,8 am–8 pm,"https://www.google.com/maps/search/vein+clinics+in+Hope+Mills+Fayetteville+NC/@34.9756761,-78.9507262,14z",2025-12-16T21:59:36.931Z,,,
https://www.google.com/maps/place/Cape+Fear+Aesthetics/data=!4m7!3m6!1s0x89ab13412bfabf95:0x227b83806a002e6d!8m2!3d35.039607!4d-78.909331!16s%2Fg%2F1hjgnkln_!19sChIJlb_6K0ETq4kRbS4AaoCDeyI,Cape Fear Aesthetics,4.9,811,Plastic surgery clinic,"2053 Valleygate Dr #102b, Fayetteville, NC 28304, United States","23QR+R7 Fayetteville, North Carolina, USA",http://capefearaesthetics.com/,+1 910-323-3757,Closes soon · 5 pm · Opens 8 am Wed,https://lh3.googleusercontent.com/p/AF1QipM1y6AnV1TErbmCyTUDe9H9lxVler5dUBFufND4=w408-h408-k-no,true,8 am–5 pm,8 am–5 pm,8 am–5 pm,Closed,Closed,Closed,8 am–5 pm,"https://www.google.com/maps/search/vein+clinics+in+Hope+Mills+Fayetteville+NC/@34.9756761,-78.9507262,14z",2025-12-16T21:59:41.915Z,Identifies as veteran-owned,true,
https://www.google.com/maps/place/Hope+Mills+Mounjaro+Absolute+Ideal+Clinic/data=!4m7!3m6!1s0x4b207ea7be891f71:0xc317df45ac44d3c8!8m2!3d34.9943329!4d-78.9224765!16s%2Fg%2F11x5v7jh6j!19sChIJcR-Jvqd-IEsRyNNErEXfF8M,Hope Mills Mounjaro Absolute Ideal Clinic,,,Medical clinic,"3500 Legion Rd, Hope Mills, NC 28348, United States","X3VH+P2 Hope Mills, North Carolina, USA",https://weightoff.space/wof61,,Open · Closes 6 pm,https://streetviewpixels-pa.googleapis.com/v1/thumbnail?panoid=qdG9rnX-3xuQner9xUoR_A&cb_client=search.gws-prod.gps&w=408&h=240&yaw=301.89255&pitch=0&thumbfov=100,false,9 am–6 pm,9 am–6 pm,9 am–6 pm,9 am–6 pm,9 am–6 pm,9 am–6 pm,9 am–6 pm,"https://www.google.com/maps/search/vein+clinics+in+Hope+Mills+Fayetteville+NC/@34.9756761,-78.9507262,14z",2025-12-16T21:59:46.451Z,,,
"https://www.google.com/maps/place/Dr.+Maurice+R.+Roulhac,+MD/data=!4m7!3m6!1s0x89ab14a1f9c8b3cf:0x5aaa02cfdbb1ca6d!8m2!3d35.0375559!4d-78.9341835!16s%2Fg%2F1tgdpf2z!19sChIJz7PI-aEUq4kRbcqx288Cqlo","Dr. Maurice R. Roulhac, MD",3.2,13,Vascular surgeon,"1251 Oliver St, Fayetteville, NC 28304, United States","23Q8+28 Fayetteville, North Carolina, USA",https://weence.com/medical/doctors/fayetteville-1/dr-maurice-r-roulhac-md/,+1 910-822-6587,,https://streetviewpixels-pa.googleapis.com/v1/thumbnail?panoid=juq_TsV9wJWiJ8UU7RVAow&cb_client=search.gws-prod.gps&w=408&h=240&yaw=78.78155&pitch=0&thumbfov=100,false,,,,,,,,"https://www.google.com/maps/search/vein+clinics+in+Hope+Mills+Fayetteville+NC/@34.9756761,-78.9507262,14z",2025-12-16T21:59:49.260Z,,,
"https://www.google.com/maps/place/Cape+Fear+Cardiology+Associates,+PA/data=!4m7!3m6!1s0x89ab14987f372749:0xef42b08ce314c879!8m2!3d35.0370435!4d-78.9376847!16s%2Fg%2F1wn_6zl9!19sChIJSSc3f5gUq4kRecgU44ywQu8","Cape Fear Cardiology Associates, PA",4.9,1680,Cardiologist,"3634 Cape Center Dr, Fayetteville, NC 28304, United States","23P6+RW Fayetteville, North Carolina, USA",http://www.capefearcardiology.com/,+1 910-485-6470,Closes soon · 5 pm · Opens 8 am Wed,https://lh3.googleusercontent.com/gps-cs-s/AG0ilSzWAUjPcip9T947IoqHaRtPCxgfF4hEbVWlVymyHKX1K1lPm2A3sJ_Au5zKz5H6yoObUjyky2fK-MoDN3eBpJvYvJKHTUpgZuK_cm5MLVTToC8dNt48rbaKhxBrJK9036fvmiuO9kkVJsEK=w408-h306-k-no,true,8 am–5 pm,8 am–5 pm,8 am–5 pm,8 am–5 pm,Closed,Closed,8 am–5 pm,"https://www.google.com/maps/search/vein+clinics+in+Hope+Mills+Fayetteville+NC/@34.9756761,-78.9507262,14z",2025-12-16T21:59:54.096Z,,,
https://www.google.com/maps/place/Cape+Fear+Valley+Cardiovascular+%26+Thoracic+Surgery/data=!4m7!3m6!1s0x89ab1343881f36c9:0x23215ded3e5aeee!8m2!3d35.0406016!4d-78.9138688!16s%2Fg%2F11bv3v_sx2!19sChIJyTYfiEMTq4kR7q7l094VMgI,Cape Fear Valley Cardiovascular & Thoracic Surgery,5.0,44,Medical clinic,"2153 Valleygate Dr STE 101, Fayetteville, NC 28314, United States","23RP+6F Fayetteville, North Carolina, USA",https://www.capefearvalley.com/locations/cape-fear-valley-cardiovascular-thoracic-surgery,+1 910-672-0350,Closes soon · 5 pm · Opens 8 am Wed,https://streetviewpixels-pa.googleapis.com/v1/thumbnail?panoid=g9PSZ5L59WiQdwU8v45jJg&cb_client=search.gws-prod.gps&w=408&h=240&yaw=171.92569&pitch=0&thumbfov=100,true,8 am–5 pm,8 am–5 pm,8 am–5 pm,8 am–3:30 pm,Closed,Closed,8 am–5 pm,"https://www.google.com/maps/search/vein+clinics+in+Hope+Mills+Fayetteville+NC/@34.9756761,-78.9507262,14z",2025-12-16T21:59:59.158Z,,,
https://www.google.com/maps/place/Allure+Aesthetics+%26+Medical+Spa/data=!4m7!3m6!1s0x89ab152a22cb995f:0x2eaacac34f84428a!8m2!3d35.0358357!4d-78.9350797!16s%2Fg%2F11gltt9bs4!19sChIJX5nLIioVq4kRikKET8PKqi4,Allure Aesthetics & Medical Spa,4.9,517,Medical spa,"530 Sandhurst Dr suite b, Fayetteville, NC 28304, United States","23P7+8X Fayetteville, North Carolina, USA",https://www.allureaestheticsnc.com/,+1 910-758-8756,Closes soon · 5 pm · Opens 8 am Wed,https://lh3.googleusercontent.com/p/AF1QipPWS9grUAdjVns92tDCmOtBS9IXKSlGSO2z-Nk=w408-h544-k-no,true,8 am–5 pm,8 am–5 pm,8 am–5 pm,8 am–5 pm,Closed,Closed,8 am–5 pm,"https://www.google.com/maps/search/vein+clinics+in+Hope+Mills+Fayetteville+NC/@34.9756761,-78.9507262,14z",2025-12-16T22:00:04.201Z,,,
https://www.google.com/maps/place/Hope+Medical+Clinic+P.A./data=!4m7!3m6!1s0x89ab15cd7fbbe7f1:0xa8374d7b2d370cfb!8m2!3d35.0362035!4d-78.9351443!16s%2Fg%2F11nntnfgq2!19sChIJ8ee7f80Vq4kR-ww3LXtNN6g,Hope Medical Clinic P.A.,5.0,15,Medical clinic,"3609 Cape Center Dr, Fayetteville, NC 28304, United States","23P7+FW Fayetteville, North Carolina, USA",https://www.hopemednc.com/,+1 910-500-0909,Closed · Opens 7:30 am Wed,https://streetviewpixels-pa.googleapis.com/v1/thumbnail?panoid=TKs6J5CjhbQJMl_H3k1heg&cb_client=search.gws-prod.gps&w=408&h=240&yaw=201.89127&pitch=0&thumbfov=100,true,7:30 am–5 pm,7:30 am–5 pm,7:30 am–5 pm,7:30 am–12 pm,Closed,Closed,7:30 am–5 pm,"https://www.google.com/maps/search/vein+clinics+in+Hope+Mills+Fayetteville+NC/@34.9756761,-78.9507262,14z",2025-12-16T22:00:09.183Z,,,
"https://www.google.com/maps/place/Vascular+Institute+of+the+Pines:+Leah+Hershman,+D.O./data=!4m7!3m6!1s0x8854b3c2eb8a6573:0xd286e3be2771d47a!8m2!3d35.2100035!4d-79.4534667!16s%2Fg%2F11sy_dj07_!19sChIJc2WK68KzVIgRetRxJ77jhtI","Vascular Institute of the Pines: Leah Hershman, D.O.",5.0,199,Vascular surgeon,"6 Regional Dr Suite C, Pinehurst, NC 28374, United States","6G6W+2J Pinehurst, North Carolina, USA",https://www.vascularinstituteofthepines.com/,+1 910-338-3381,Closed · Opens 8 am Wed,https://lh3.googleusercontent.com/p/AF1QipOfP22v3SuHPifcyBRz-njpKK8Q8RBTOc_iKI-g=w408-h306-k-no,true,8 am–5 pm,8 am–5 pm,8 am–5 pm,8 am–5 pm,Closed,Closed,8 am–5 pm,"https://www.google.com/maps/search/vein+clinics+in+Hope+Mills+Fayetteville+NC/@34.9756761,-78.9507262,14z",2025-12-16T22:00:14.161Z,,,
https://www.google.com/maps/place/Center+for+Vein+Restoration+%7C+Dr.+Tricia+Croake/data=!4m7!3m6!1s0x8854b30fc7a9c76b:0x3f6ab8e77b4af26e!8m2!3d35.1772532!4d-79.4353896!16s%2Fg%2F11lrzc9trz!19sChIJa8epxw-zVIgRbvJKe-e4aj8,Center for Vein Restoration | Dr. Tricia Croake,5.0,125,Vascular surgeon,"165 Turnberry Way, Pinehurst, NC 28374, United States","5HG7+WR Pinehurst, North Carolina, USA",https://www.centerforvein.com/our-clinics/locations/pinehurst-north-carolina,+1 336-860-6530,Closes soon · 6 pm · Opens 7 am Wed,https://lh3.googleusercontent.com/p/AF1QipNFoI12ZSItMid63mztL7E0pdwHuBSyKIvXsuhJ=w408-h271-k-no,true,7 am–6 pm,7 am–6 pm,7 am–6 pm,7 am–6 pm,Closed,Closed,7 am–6 pm,"https://www.google.com/maps/search/vein+clinics+in+Hope+Mills+Fayetteville+NC/@34.9756761,-78.9507262,14z",2025-12-16T22:00:19.158Z,,,
https://www.google.com/maps/place/Dr.+Celia+M.+Mendes+-+Medical+Spa+%26+Gynecology/data=!4m7!3m6!1s0x89ab14a2ea88e0b9:0x8adad8d1e200a63!8m2!3d35.0387384!4d-78.9386832!16s%2Fg%2F1tdxrb24!19sChIJueCI6qIUq4kRYwogHo2trQg,Dr. Celia M. Mendes - Medical Spa & Gynecology,4.6,332,Medical spa,"1357 Walter Reed Rd STE 201, Fayetteville, NC 28304, United States","23Q6+FG Fayetteville, North Carolina, USA",https://drceliamendes.com/,+1 910-486-6400,Closed · Opens 8 am Wed,https://lh3.googleusercontent.com/gps-cs-s/AG0ilSx9JD9AbdUejTFVyQQDCPIEmHD8LeUW_SA1mMD-vX2AfNFJd63xWaAouLlPRNc8Wqa9ZYG6vIAUXnFR0qRY9elrSkatUsIV6oeh0ismQV4dANvPlxUpg8iKIG9m8XeUzlcptlmmkg=w408-h725-k-no,true,8 am–5 pm,8 am–5 pm,8 am–5 pm,8 am–1 pm,Closed,Closed,8 am–5 pm,"https://www.google.com/maps/search/vein+clinics+in+Hope+Mills+Fayetteville+NC/@34.9756761,-78.9507262,14z",2025-12-16T22:00:24.193Z,LGBTQ+ friendly,,
https://www.google.com/maps/place/Carolina+Vein+Institute/data=!4m7!3m6!1s0x89ac92cdb01f9651:0x26da2cf247dd5e6e!8m2!3d35.74219!4d-78.870095!16s%2Fg%2F11g9g21mg0!19sChIJUZYfsM2SrIkRbl7dR_Is2iY,Carolina Vein Institute,4.9,66,Medical clinic,"1031 W Williams St #105a, Apex, NC 27502, United States","P4RH+VX Apex, North Carolina, USA",https://www.myveindr.com/?utm_source=gmb_auth,+1 984-229-9637,Closed · Opens 8:30 am Wed,https://lh3.googleusercontent.com/p/AF1QipNMmQwSSu5mBgiqTWoqPdSWAg92zzvyiGBq3U3K=w426-h240-k-no,true,8:30 am–4:30 pm,8:30 am–4:30 pm,8:30 am–4:30 pm,8:30 am–4:30 pm,Closed,Closed,8:30 am–4:30 pm,"https://www.google.com/maps/search/vein+clinics+in+Hope+Mills+Fayetteville+NC/@34.9756761,-78.9507262,14z",2025-12-16T22:00:29.047Z,,,
https://www.google.com/maps/place/Cape+Fear+Valley+Medical+Center/data=!4m7!3m6!1s0x89ab149e5ddd6beb:0x2def9139f833e7!8m2!3d35.0317554!4d-78.9335337!16s%2Fm%2F04g3jt0!19sChIJ62vdXZ4Uq4kR5zP4OZHvLQA,Cape Fear Valley Medical Center,2.8,2148,Medical Center,"1638 Owen Dr, Fayetteville, NC 28304, United States","23J8+PH Fayetteville, North Carolina, USA",https://www.capefearvalley.com/locations/cape-fear-valley-medical-center,+1 910-615-4000,,https://lh3.googleusercontent.com/p/AF1QipPVQKtZWHHuAacFpnmGdGFNKZu5QbVFCHsb770K=w426-h240-k-no,true,Open 24 hours,Open 24 hours,Open 24 hours,Open 24 hours,Open 24 hours,Open 24 hours,Open 24 hours,"https://www.google.com/maps/search/vein+clinics+in+Hope+Mills+Fayetteville+NC/@34.9756761,-78.9507262,14z",2025-12-16T22:00:33.969Z,,,
https://www.google.com/maps/place/Cape+Fear+Valley+Diagnostic+Center/data=!4m7!3m6!1s0x89ab149ed5d46c91:0x6cc4ebcd8dc412e2!8m2!3d35.03396!4d-78.934146!16s%2Fg%2F1tgyxl02!19sChIJkWzU1Z4Uq4kR4hLEjc3rxGw,Cape Fear Valley Diagnostic Center,4.5,239,Medical diagnostic imaging center,"524 Beaumont Rd, Fayetteville, NC 28304, United States","23M8+H8 Fayetteville, North Carolina, USA",https://www.capefearvalley.com/locations/cape-fear-valley-diagnostic-center,+1 910-615-4845,Closes soon · 6 pm · Opens 6 am Wed,https://lh3.googleusercontent.com/p/AF1QipNOgRssFFYCWta1mE0qIy8rCX9w6fiKG8c2k9TX=w426-h240-k-no,true,6 am–6 pm,6 am–6 pm,6 am–6 pm,6 am–4 pm,Closed,Closed,6 am–6 pm,"https://www.google.com/maps/search/vein+clinics+in+Hope+Mills+Fayetteville+NC/@34.9756761,-78.9507262,14z",2025-12-16T22:00:39.010Z,,,
https://www.google.com/maps/place/USA+Vein+Clinics+-+Cary/data=!4m7!3m6!1s0x89acf5e13d312527:0xebfdb8148337cb8!8m2!3d35.7026573!4d-78.7932694!16s%2Fg%2F11j0bxzsww!19sChIJJyUxPeH1rIkRuHwzSIHbvw4,USA Vein Clinics - Cary,4.4,57,Medical clinic,"3420 Ten-Ten Rd #300, Cary, NC 27518, United States","P634+3M Cary, North Carolina, USA",https://www.usaveinclinics.com/company/locations/north-carolina/office/cary/,+1 919-925-3722,,https://lh3.googleusercontent.com/p/AF1QipNgnLkbC0oF5t5NsHK53lK7ubLYJg4XGTZTow-E=w408-h265-k-no,true,Open 24 hours,Open 24 hours,Open 24 hours,Open 24 hours,Open 24 hours,Open 24 hours,Open 24 hours,"https://www.google.com/maps/search/vein+clinics+in+Hope+Mills+Fayetteville+NC/@34.9756761,-78.9507262,14z",2025-12-16T22:00:43.892Z,,,
,,,,,,,,,,,,,,,,,,,"https://www.google.com/maps/search/vein+clinics+in+Spring+Lake+Fayetteville+NC/@35.1740101,-79.0062789,14z",2025-12-16T22:00:52.939Z,,,No new results found
,,,,,,,,,,,,,,,,,,,"https://www.google.com/maps/search/vein+clinics+in+Rockfish+Fayetteville+NC/@34.9926644,-79.0661418,14z",2025-12-16T22:01:01.126Z,,,No new results found
https://www.google.com/maps/place/SelectIV+Hydration/data=!4m7!3m6!1s0x89ab1309f5ee1147:0x57619b1870eb1f60!8m2!3d35.053543!4d-78.8798846!16s%2Fg%2F11s9wpf2y3!19sChIJRxHu9QkTq4kRYB_rcBibYVc,SelectIV Hydration,5.0,16,Wellness center,"212 Hay St, Fayetteville, NC 28301, United States","343C+C2 Fayetteville, North Carolina, USA",http://selectivhydration.com/,+1 910-339-1750,Closed · Opens 10 am Wed,https://lh3.googleusercontent.com/gps-cs-s/AG0ilSxQ6tZRMydxRfAvFZzw7IwF1nCnvMWjKLXdJe1U16BbBzvuyq7h2FDA56gJx5q0HnDW9D-5cxDCbqf2lB0_QfTVSHv3mGiasJ046r4dMvvFVGTumR_K15k0342wmD8RFI5LvGB-=w426-h240-k-no,true,10 am–4 pm,10 am–4 pm,10 am–4 pm,10 am–4 pm,10 am–3 pm,Closed,Closed,"https://www.google.com/maps/search/vein+clinics+in+Vander+Street+Fayetteville+NC/@35.0409199,-78.8434142,14z",2025-12-16T22:01:13.993Z,,,
,,,,,,,,,,,,,,,,,,,"https://www.google.com/maps/search/vein+clinics+in+Carvers+Creek+Fayetteville+NC/@35.1640031,-78.88354888,14z",2025-12-16T22:01:21.931Z,,,No new results found
"https://www.google.com/maps/place/Pinehurst+Surgical+Clinic+-+Raeford/@35.0205507,-79.1500077,17z/data=!3m1!4b1!4m6!3m5!1s0x89ab30dc0fa7a281:0x2727eb0c3f8a4b22!8m2!3d35.0205507!4d-79.1500077!16s%2Fg%2F1thq64hb",Pinehurst Surgical Clinic - Raeford,2.9,12,Surgical center,"6322 Fayetteville Rd, Raeford, NC 28376, United States","2RCX+6X Raeford, North Carolina, USA",https://pinehurstsurgical.com/our-locations/hoke-county/?utm_source=gmb&utm_medium=organic&utm_campaign=raeford,+1 910-878-6730,Closed · Opens 8 am Wed,,true,8 am–5 pm,8 am–5 pm,8 am–5 pm,8 am–5 pm,Closed,Closed,8 am–5 pm,"https://www.google.com/maps/search/vein+clinics+in+Raeford+Fayetteville+NC/@34.9809995,-79.2241997,14z",2025-12-16T22:01:37.215Z,,,
https://www.google.com/maps/place/Cape+Fear+Valley+Health+Pavilion+Hoke-Hoke+Imaging/data=!4m7!3m6!1s0x89ab3ed5816c984b:0xbf2fa33d6c1877a!8m2!3d35.0298733!4d-79.1072821!16s%2Fg%2F124ynsbhv!19sChIJS5hsgdU-q4kReofB1jP68gs,Cape Fear Valley Health Pavilion Hoke-Hoke Imaging,2.8,185,Family practice physician,"300 Medical Pavilion Dr #210, Raeford, NC 28376, United States","2VHV+W3 Raeford, North Carolina, USA",https://www.capefearvalley.com/locations/hoke-imaging,+1 910-904-8025,,https://lh3.googleusercontent.com/p/AF1QipOGkAMJLNpKFUwiTZP1dm2fI85Fs6psmIm9ub1H=w408-h285-k-no,true,8 am–5 pm,8 am–5 pm,8 am–5 pm,8 am–5 pm,Closed,Closed,8 am–5 pm,"https://www.google.com/maps/search/vein+clinics+in+Raeford+Fayetteville+NC/@34.9809995,-79.2241997,14z",2025-12-16T22:01:42.321Z,,,
https://www.google.com/maps/place/Cape+Fear+Valley+Hoke+Hospital/data=!4m7!3m6!1s0x89ab3ed5761c2de5:0x1b393ce50f536cf2!8m2!3d35.0298766!4d-79.1072909!16s%2Fg%2F11b7q8j7mj!19sChIJ5S0cdtU-q4kR8mxTD-U8ORs,Cape Fear Valley Hoke Hospital,3.6,375,General hospital,"210 Medical Pavilion Dr, Raeford, NC 28376, United States","2VHV+X3 Raeford, North Carolina, USA",https://www.capefearvalley.com/locations/cape-fear-valley-hoke-hospital,+1 910-904-8000,,https://lh3.googleusercontent.com/gps-cs-s/AG0ilSzYuysb4E4t9x24mpux1BcFMBbKduJz5YBPrBdwuwSQuBhUDZ8bdFIEW87vLpESgABdgb9EdHGi19Ruz0b_87GHa_Avw_IhYicZOqEM8m8H-78_9W-gAUbXFcSlXXTu1dHsIt-X-Q=w408-h306-k-no,true,Open 24 hours,Open 24 hours,Open 24 hours,Open 24 hours,Open 24 hours,Open 24 hours,Open 24 hours,"https://www.google.com/maps/search/vein+clinics+in+Raeford+Fayetteville+NC/@34.9809995,-79.2241997,14z",2025-12-16T22:01:47.373Z,,,
"https://www.google.com/maps/place/Tiny+Veins+Solution,+LLC/data=!4m7!3m6!1s0x6983655f86942943:0x6a22031520cbf50c!8m2!3d35.032209!4d-79.0471195!16s%2Fg%2F11vl5t7lrv!19sChIJQymUhl9lg2kRDPXLIBUDImo","Tiny Veins Solution, LLC",5.0,36,Medical laboratory,,,https://www.tinyveinsolution.com/,+1 910-469-1117,Closes soon · 6 pm · Opens 5 am Wed,https://lh3.googleusercontent.com/p/AF1QipMFPUpCjEY1mbNpYjI5CSxAI8-qTgM6ek5vl2xL=w408-h315-k-no,true,5 am–6 pm,5 am–1:30 am,5 am–6 pm,5 am–6 pm,5–11:30 am,Closed,5 am–6 pm,"https://www.google.com/maps/search/vein+clinics+in+Raeford+Fayetteville+NC/@34.9809995,-79.2241997,14z",2025-12-16T22:01:52.315Z,,,
https://www.google.com/maps/place/Pinehurst+Surgical+Clinic+Vascular+and+Vein/data=!4m7!3m6!1s0x8854b3ef67d8003f:0x81af65ccdbf584d!8m2!3d35.2076141!4d-79.458456!16s%2Fg%2F1hc7bw_ps!19sChIJPwDYZ--zVIgRTVi_zVz2Ggg,Pinehurst Surgical Clinic Vascular and Vein,3.7,3,Surgical center,"5 First Village Dr. A, Pinehurst, NC 28374, United States","6G5R+2J Pinehurst, North Carolina, USA",https://pinehurstsurgical.com/our-providers/our-vascular-vein-care-providers/,+1 910-215-2536,,https://streetviewpixels-pa.googleapis.com/v1/thumbnail?panoid=6K_tjA-_plLmGyEB40FMOg&cb_client=search.gws-prod.gps&w=408&h=240&yaw=230.22592&pitch=0&thumbfov=100,true,,,,,,,,"https://www.google.com/maps/search/vein+clinics+in+Raeford+Fayetteville+NC/@34.9809995,-79.2241997,14z",2025-12-16T22:01:55.399Z,,,
https://www.google.com/maps/place/Champion+Heart+and+Vascular+Center/data=!4m7!3m6!1s0x89ab8194953ea87b:0x5aeed019bb9d2111!8m2!3d35.3150495!4d-78.6297809!16s%2Fg%2F11g8w0t17_!19sChIJe6g-lZSBq4kRESGduxnQ7lo,Champion Heart and Vascular Center,4.7,103,Medical clinic,"710 Erwin Rd, Dunn, NC 28334, United States","898C+23 Dunn, North Carolina, USA",https://championhealthsystem.com/locations/dunn-clinic/,+1 910-304-1212,Closed · Opens 8 am Wed,https://lh3.googleusercontent.com/p/AF1QipNZG7FTEtpCwFxwHALKn10i5w2KgKPHe8uufYwH=w408-h306-k-no,true,8 am–5 pm,8 am–5 pm,8 am–5 pm,8 am–5 pm,Closed,Closed,8 am–5 pm,"https://www.google.com/maps/search/vein+clinics+in+Erwin+Fayetteville+NC/@35.3268292,-78.676128,14z",2025-12-16T22:02:07.750Z,,,
https://www.google.com/maps/place/Vita+Family+%26+Aesthetics/data=!4m7!3m6!1s0x89ab6ca5e33838ff:0xcb383170749081d4!8m2!3d35.0498756!4d-78.9228797!16s%2Fg%2F1232tgnxr!19sChIJ_zg446Vsq4kR1IGQdHAxOMs,Vita Family & Aesthetics,4.8,511,Medical spa,"609b Executive Pl, Fayetteville, NC 28305, United States","23XG+XR Fayetteville, North Carolina, USA",http://www.vitafamilyandaesthetics.com/,+1 910-677-9488,Closes soon · 5:30 pm · Opens 7:30 am Wed,https://lh3.googleusercontent.com/p/AF1QipP1XJcy2nCopdw3TYrpe9iMm01kvClYvrXWmm4R=w424-h240-k-no,true,7:30 am–5:30 pm,7:30 am–5:30 pm,7:30 am–5:30 pm,Closed,Closed,Closed,7:30 am–5:30 pm,"https://www.google.com/maps/search/vein+clinics+in+Dunn+Fayetteville+NC/@35.0523673,-78.8783774,14z",2025-12-16T22:02:21.168Z,Identifies as women-owned,,
https://www.google.com/maps/place/Cape+Fear+Valley+Wound+Care+Clinic/data=!4m7!3m6!1s0x89ab6cd4dbbe1cbb:0x68d70fcabe72eeed!8m2!3d35.0545244!4d-78.8864698!16s%2Fg%2F1v26mzth!19sChIJuxy-29Rsq4kR7e5yvsoP12g,Cape Fear Valley Wound Care Clinic,4.6,26,Medical clinic,"101 Robeson St STE 210A, Fayetteville, NC 28301, United States","3437+RC Fayetteville, North Carolina, USA",https://www.capefearvalley.com/locations/cape-fear-valley-wound-care-center,+1 910-615-1826,,https://streetviewpixels-pa.googleapis.com/v1/thumbnail?panoid=z5r40lPmbBffIsGAEaXrSw&cb_client=search.gws-prod.gps&w=408&h=240&yaw=31.91244&pitch=0&thumbfov=100,true,,,,,,,,"https://www.google.com/maps/search/vein+clinics+in+Dunn+Fayetteville+NC/@35.0523673,-78.8783774,14z",2025-12-16T22:02:24.004Z,,,
https://www.google.com/maps/place/Drip+Wellness+%26+Aesthetics/data=!4m7!3m6!1s0x873a84340018f861:0xc53bec09c0062531!8m2!3d35.0454981!4d-78.9218628!16s%2Fg%2F11t7ts2lc2!19sChIJYfgYADSEOocRMSUGwAnsO8U,Drip Wellness & Aesthetics,5.0,63,Medical spa,"2631 Raeford Rd Suite 1/2, Fayetteville, NC 28303, United States","23WH+57 Fayetteville, North Carolina, USA",http://ivdripwellness.com/,+1 910-728-0078,Closes soon · 6 pm · Opens 10 am Wed,https://lh3.googleusercontent.com/p/AF1QipNYyDR8DXQjIv2ZK8AfqwoOSD9Ui1TrOeaiRQqd=w408-h544-k-no,true,10 am–6 pm,10 am–6 pm,10 am–6 pm,10 am–6 pm,11 am–3 pm,Closed,10 am–6 pm,"https://www.google.com/maps/search/vein+clinics+in+Dunn+Fayetteville+NC/@35.0523673,-78.8783774,14z",2025-12-16T22:02:28.776Z,,,
https://www.google.com/maps/place/Cape+Fear+Valley+Primary+Care+%E2%80%93+Highland+Family/data=!4m7!3m6!1s0x89ab6ccb7dda4c11:0xa536fbf2ad67bc11!8m2!3d35.0576773!4d-78.9003631!16s%2Fg%2F1vlk2f4k!19sChIJEUzafctsq4kREbxnrfL7NqU,Cape Fear Valley Primary Care – Highland Family,4.7,119,Medical clinic,"1248 Fort Bragg Rd #100, Fayetteville, NC 28305, United States","335X+3V Fayetteville, North Carolina, USA",https://www.capefearvalley.com/locations/cape-fear-valley-primary-care-highland-family-practice,+1 910-323-0334,Closed · Opens 8 am Wed,https://lh3.googleusercontent.com/p/AF1QipM6ciqh5EQfc3qnce9LHE7xtyuiAP2j1ehgke6k=w426-h240-k-no,true,8 am–5 pm,8 am–5 pm,8 am–5 pm,8 am–12 pm,Closed,Closed,8 am–5 pm,"https://www.google.com/maps/search/vein+clinics+in+Dunn+Fayetteville+NC/@35.0523673,-78.8783774,14z",2025-12-16T22:02:33.558Z,,,
https://www.google.com/maps/place/Cape+Fear+Center+Digestive+Diseases/data=!4m7!3m6!1s0x89ab1363834607df:0x40260d3ef635ac87!8m2!3d35.0281895!4d-78.9238624!16s%2Fg%2F1tnssssk!19sChIJ3wdGg2MTq4kRh6w19j4NJkA,Cape Fear Center Digestive Diseases,4.9,1864,Medical clinic,"1880 Quiet Cove, Fayetteville, NC 28304, United States","23HG+7F Fayetteville, North Carolina, USA",http://www.cfcdd.com/,+1 910-323-2477,Closed · Opens 7:30 am Wed,https://streetviewpixels-pa.googleapis.com/v1/thumbnail?panoid=5jQrkaR3Uip0BlL68kovdw&cb_client=search.gws-prod.gps&w=408&h=240&yaw=156.62756&pitch=0&thumbfov=100,false,7:30 am–4 pm,7:30 am–4 pm,7:30 am–4 pm,7:30 am–12 pm,Closed,Closed,7:30 am–4 pm,"https://www.google.com/maps/search/vein+clinics+in+Dunn+Fayetteville+NC/@35.0523673,-78.8783774,14z",2025-12-16T22:02:38.990Z,,,
https://www.google.com/maps/place/Circadian+Rejuvenation/data=!4m7!3m6!1s0x8856a1438708e90d:0x635d045b7128463!8m2!3d35.0687573!4d-78.910514!16s%2Fg%2F11mw0x23v4!19sChIJDekIh0OhVogRY4QSt0XQNQY,Circadian Rejuvenation,4.9,63,Medical spa,"1903 Bragg Blvd, Fayetteville, NC 28303, United States","339Q+GQ Fayetteville, North Carolina, USA",https://circadianrejuvenation.com/,+1 855-954-8336,Closed · Opens 9 am Wed,https://lh3.googleusercontent.com/p/AF1QipMRdiTK2nNZrpZ92y7DHQwmE50aP7Q3T_nJ1U5S=w408-h408-k-no,true,9 am–5 pm,9 am–5 pm,9 am–5 pm,9 am–5 pm,Closed,Closed,9 am–5 pm,"https://www.google.com/maps/search/vein+clinics+in+Dunn+Fayetteville+NC/@35.0523673,-78.8783774,14z",2025-12-16T22:02:44.594Z,,,
"https://www.google.com/maps/place/Fayetteville+Vascular+and+Vein+Center/@35.0523673,-78.8783774,14z/data=!4m6!3m5!1s0x89ab149b8ac231c9:0x9c1f916effa44187!8m2!3d35.0299078!4d-78.9345114!16s%2Fg%2F1hc1m9_8d",Fayetteville Vascular and Vein Center,2.9,14,Vascular surgeon,"3410 Village Dr suite 200, Fayetteville, NC 28304, United States","23H8+X5 Fayetteville, North Carolina, USA",http://www.fayettevillevascular.com/,+1 910-401-0202,Closed · Opens 8 am Wed,https://lh3.googleusercontent.com/p/AF1QipMiFkhe2VmVepkq6-L6k-OXkggjAmHljQzwzf7W=w408-h306-k-no,true,8 am–5 pm,8 am–5 pm,8 am–5 pm,8 am–5 pm,Closed,Closed,8 am–5 pm,"https://www.google.com/maps/search/vein+clinics+in+Manchester+Fayetteville+NC/@35.0523673,-78.8783774,14z",2025-12-16T22:02:53.023Z,,,Already found
"https://www.google.com/maps/place/Fayetteville+Vascular+and+Vein+Center/@35.0523673,-78.8783774,14z/data=!4m6!3m5!1s0x89ab149b8ac231c9:0x9c1f916effa44187!8m2!3d35.0299078!4d-78.9345114!16s%2Fg%2F1hc1m9_8d",Fayetteville Vascular and Vein Center,2.9,14,Vascular surgeon,"3410 Village Dr suite 200, Fayetteville, NC 28304, United States","23H8+X5 Fayetteville, North Carolina, USA",http://www.fayettevillevascular.com/,+1 910-401-0202,Closed · Opens 8 am Wed,https://lh3.googleusercontent.com/p/AF1QipMiFkhe2VmVepkq6-L6k-OXkggjAmHljQzwzf7W=w408-h306-k-no,true,8 am–5 pm,8 am–5 pm,8 am–5 pm,8 am–5 pm,Closed,Closed,8 am–5 pm,"https://www.google.com/maps/search/vein+clinics+in+Fayetteville+Fayetteville+NC/@35.0523673,-78.8783774,14z",2025-12-16T22:03:01.169Z,,,Already found
"https://www.google.com/maps/place/Retro+Spa+%26+Wellness,+PLLC/data=!4m7!3m6!1s0x89ab158ce22395e7:0xe2792c4d97d4f5ae!8m2!3d35.0672874!4d-78.9488439!16s%2Fg%2F11vlwdcbbw!19sChIJ55Uj4owVq4kRrvXUl00seeI","Retro Spa & Wellness, PLLC",5.0,117,Medical spa,"3622 Morganton Rd STE B, Fayetteville, NC 28303, United States","3382+WF Fayetteville, North Carolina, USA",https://www.retrospawellness.com/,+1 910-699-3726,Closed · Opens 10 am Wed,https://streetviewpixels-pa.googleapis.com/v1/thumbnail?panoid=nB0ABQbe7z2_3Hb0h6Bzmw&cb_client=search.gws-prod.gps&w=408&h=240&yaw=81.72309&pitch=0&thumbfov=100,true,10 am–5 pm,10 am–5 pm,10 am–5 pm,10 am–5 pm,10 am–2 pm,Closed,10 am–7 pm,"https://www.google.com/maps/search/vein+clinics+in+Red+Springs+Fayetteville+NC/@34.8151633,-79.183091,14z",2025-12-16T22:03:15.432Z,Identifies as women-owned,,
https://www.google.com/maps/place/Red+Springs+Health+Center/data=!4m7!3m6!1s0x89ab27c81f7623ad:0xa775fb2d08c9c9ac!8m2!3d34.8124122!4d-79.168785!16s%2Fg%2F11qzygsvzf!19sChIJrSN2H8gnq4kRrMnJCC37dac,Red Springs Health Center,2.8,18,Walk-in clinic,"302 Mt Tabor Rd, Red Springs, NC 28377, United States","RR6J+XF Red Springs, North Carolina, USA",https://www.rhcchealth.org/redspringswalkin,+1 910-227-2850,Open · Closes 7 pm,https://streetviewpixels-pa.googleapis.com/v1/thumbnail?panoid=2pvwQ_BdXdTydgDYnGGDsQ&cb_client=search.gws-prod.gps&w=408&h=240&yaw=53.644764&pitch=0&thumbfov=100,true,8 am–7 pm,8 am–7 pm,8 am–7 pm,8 am–7 pm,10 am–2 pm,10 am–2 pm,8 am–7 pm,"https://www.google.com/maps/search/vein+clinics+in+Red+Springs+Fayetteville+NC/@34.8151633,-79.183091,14z",2025-12-16T22:03:21.077Z,,,
"https://www.google.com/maps/place/Manesh+Thomas,+MD/data=!4m7!3m6!1s0x89ab149804539ee9:0x7ea73e93e32fa809!8m2!3d35.0370036!4d-78.9387024!16s%2Fg%2F1tdq6wpk!19sChIJ6Z5TBJgUq4kRCagv45M-p34","Manesh Thomas, MD",4.9,250,,"3650 Cape Center Dr, Fayetteville, NC 28304, United States","23P6+RG Fayetteville, North Carolina, USA",,,Permanently closed,https://streetviewpixels-pa.googleapis.com/v1/thumbnail?panoid=JUFi91RiFNeXW5dKXPRz7g&cb_client=search.gws-prod.gps&w=408&h=240&yaw=3.152847&pitch=0&thumbfov=100,false,,,,,,,,"https://www.google.com/maps/search/vein+clinics+in+Red+Springs+Fayetteville+NC/@34.8151633,-79.183091,14z",2025-12-16T22:03:26.143Z,,,
,,,,,,,,,,,,,,,,,,,"https://www.google.com/maps/search/vein+clinics+in+Seventy-First+Township+Fayetteville+NC/@35.0901986,-79.0419053,14z",2025-12-16T22:03:34.359Z,,,No new results found
https://www.google.com/maps/place/Skin+Specialists+of+Fayetteville/data=!4m7!3m6!1s0x89ab13c302d81911:0x7993aeee627f9e89!8m2!3d35.0435944!4d-78.916396!16s%2Fg%2F11qpsxfdzx!19sChIJERnYAsMTq4kRiZ5_Yu6uk3k,Skin Specialists of Fayetteville,4.9,299,Medical spa,"209 Fairway Dr Suite C, Fayetteville, NC 28305, United States","23VM+CC Fayetteville, North Carolina, USA",https://bestskinoffayetteville.com/home,+1 910-759-3060,Closes soon · 6 pm · Opens 9 am Wed,https://lh3.googleusercontent.com/p/AF1QipMKm1kNGdDWAzkOleLSZnl9X9slsy0i56R6MfaT=w426-h240-k-no,true,9 am–6 pm,9 am–6 pm,9 am–6 pm,9 am–6 pm,10 am–6 pm,Closed,9 am–6 pm,"https://www.google.com/maps/search/vein+clinics+in+St.+Pauls+Fayetteville+NC/@35.0575614,-78.8403265,14z",2025-12-16T22:03:47.905Z,Identifies as veteran-owned,,
"https://www.google.com/maps/place/Radiant+Wellness+%26+Aesthetics,+PLLC/data=!4m7!3m6!1s0x4c183ffb8a734473:0x38f8046fd095c2f3!8m2!3d35.1356891!4d-78.876615!16s%2Fg%2F11r_c94gth!19sChIJc0Rzivs_GEwR88KV0G8E-Dg","Radiant Wellness & Aesthetics, PLLC",5.0,192,Medical spa,"5511 Ramsey St #100, Fayetteville, NC 28311, United States","44PF+79 Fayetteville, North Carolina, USA",https://www.radiantwellnessnc.com/,+1 910-557-2443,Closes soon · 6 pm · Opens 9 am Wed,https://lh3.googleusercontent.com/p/AF1QipMHXq87kCq07EGoTsnjrk4EGnTW3PUxxR3DN15G=w408-h544-k-no,true,11 am–6 pm,9 am–4 pm,9 am–4 pm,9 am–4 pm,Closed,Closed,9 am–4 pm,"https://www.google.com/maps/search/vein+clinics+in+Anderson+Creek+Fayetteville+NC/@35.2834941,-78.9169696,14z",2025-12-16T22:04:00.985Z,LGBTQ+ friendly,,
https://www.google.com/maps/place/Carolina+Vein+Institute/data=!4m7!3m6!1s0x89acf42bc04c37d1:0x8c666adcde18fba0!8m2!3d35.8147083!4d-78.6965086!16s%2Fg%2F1xn_p7lq!19sChIJ0TdMwCv0rIkRoPsY3txqZow,Carolina Vein Institute,5.0,233,Medical clinic,"2245 Gtwy Acc Pt Suite 315, Raleigh, NC 27607, United States","R873+V9 Raleigh, North Carolina, USA",https://www.myveindr.com/?utm_source=gmb_auth,+1 984-205-7185,Closed · Opens 8:30 am Wed,https://lh3.googleusercontent.com/p/AF1QipNK-6p9tleo9saQdVxxKVUA9cYDw3APIZ-fWYdC=w486-h240-k-no,true,8:30 am–4:30 pm,8:30 am–4:30 pm,8:30 am–4:30 pm,8:30 am–4:30 pm,Closed,Closed,8:30 am–4:30 pm,"https://www.google.com/maps/search/vein+clinics+in+Anderson+Creek+Fayetteville+NC/@35.2834941,-78.9169696,14z",2025-12-16T22:04:05.935Z,Identifies as veteran-owned,,
https://www.google.com/maps/place/Center+for+Vein+Restoration+%7C+Dr.+Lindy+McHutchison/data=!4m7!3m6!1s0x89ace8ba65e7b7a1:0xa8a4a0d6b2e08853!8m2!3d35.9104681!4d-78.9411475!16s%2Fg%2F11g_87260!19sChIJobfnZbrorIkRU4jgstagpKg,Center for Vein Restoration | Dr. Lindy McHutchison,4.8,105,Vascular surgeon,"5309 Highgate Dr, Durham, NC 27713, United States","W365+5G Durham, North Carolina, USA",https://www.centerforvein.com/our-clinics/locations/durham-north-carolina,+1 336-860-6530,"Closes soon · 6 pm · Opens 7 am Wed

Updated by this business 10 weeks ago",https://lh3.googleusercontent.com/p/AF1QipNN67afg81PVZDCahiBldcEF-YAWZn245G2dlnW=w408-h426-k-no,true,7 am–6 pm,7 am–6 pm,7 am–6 pm,7 am–6 pm,Closed,Closed,7 am–6 pm,"https://www.google.com/maps/search/vein+clinics+in+Anderson+Creek+Fayetteville+NC/@35.2834941,-78.9169696,14z",2025-12-16T22:04:10.820Z,,,
,,,,,,,,,,,,,,,,,,,"https://www.google.com/maps/search/vein+clinics+in+Little+Coharie+Township+Fayetteville+NC/@34.9567632,-78.5433701,14z",2025-12-16T22:04:19.369Z,,,No new results found
https://www.google.com/maps/place/Concierge+Medical+Arts/data=!4m7!3m6!1s0x89ab15021f15955d:0x5120bcfc082d47e1!8m2!3d35.0547235!4d-78.8972419!16s%2Fg%2F11h4k507qm!19sChIJXZUVHwIVq4kR4UctCPy8IFE,Concierge Medical Arts,5.0,58,Medical spa,"1011 Arsenal Ave, Fayetteville, NC 28305, United States","3433+V4 Fayetteville, North Carolina, USA",https://conciergemedicalarts.com/,+1 910-302-9918,Closed · Opens 8 am Wed,https://lh3.googleusercontent.com/p/AF1QipPh93JZ27OgJar4UV1AqTvd9KqW1O9AyIhgRVUl=w408-h612-k-no,true,8 am–4:30 pm,8 am–10 pm,8 am–4:30 pm,8 am–4:30 pm,9 am–2 pm,Closed,8 am–4:30 pm,"https://www.google.com/maps/search/vein+clinics+in+Little+River+Township+Fayetteville+NC/@35.0523673,-78.8783774,14z",2025-12-16T22:04:33.809Z,Identifies as women-owned,,
https://www.google.com/maps/place/JosephCareRX/data=!4m7!3m6!1s0x89ab6bc655c8b2b3:0xe166c1d6d43df128!8m2!3d35.0466364!4d-78.9181976!16s%2Fg%2F11vrrgw6p8!19sChIJs7LIVcZrq4kRKPE91NbBZuE,JosephCareRX,5.0,8,Wellness center,"2504 Raeford Rd # 101, Fayetteville, NC 28305, United States","23WJ+MP Fayetteville, North Carolina, USA",https://josephcarerx.com/,+1 910-239-4980,Closes soon · 6 pm · Opens 8 am Wed,https://lh3.googleusercontent.com/p/AF1QipM-bOjswMj_Tfzp4jnc4PSJTUW_jIfUZz7TLRF6=w408-h408-k-no,true,8 am–6 pm,8 am–6 pm,8 am–6 pm,8 am–6 pm,8 am–6 pm,Closed,8 am–6 pm,"https://www.google.com/maps/search/vein+clinics+in+Little+River+Township+Fayetteville+NC/@35.0523673,-78.8783774,14z",2025-12-16T22:04:38.732Z,,,
https://www.google.com/maps/place/Fayetteville+Skin+and+Body+Aesthetics/data=!4m7!3m6!1s0x89ab14a2e614e6e5:0xa51ad42372c04b43!8m2!3d35.0387895!4d-78.9385647!16s%2Fg%2F1tgh8f81!19sChIJ5eYU5qIUq4kRQ0vAciPUGqU,Fayetteville Skin and Body Aesthetics,1.0,2,Doctor,"1367 Walter Reed Rd # 101, Fayetteville, NC 28304, United States","23Q6+GH Fayetteville, North Carolina, USA",http://www.fayettevilleskinandbodyaesthetics.com/,+1 910-486-7006,Closed · Opens 8 am Wed,https://lh3.googleusercontent.com/p/AF1QipNbZTaWdC0IJTU1ZVMu-o3VswTSfhbmNK7iA938=w408-h304-k-no,true,8 am–4 pm,8 am–4 pm,8 am–4 pm,Closed,Closed,Closed,8 am–4 pm,"https://www.google.com/maps/search/vein+clinics+in+Little+River+Township+Fayetteville+NC/@35.0523673,-78.8783774,14z",2025-12-16T22:04:43.620Z,,,
https://www.google.com/maps/place/Stedman+Medical+Care/data=!4m7!3m6!1s0x89ab0b21cdd919b1:0x5e3d06c6f4072406!8m2!3d35.0164914!4d-78.7055874!16s%2Fg%2F1trxfkhk!19sChIJsRnZzSELq4kRBiQH9MYGPV4,Stedman Medical Care,4.8,176,Medical clinic,"114 Forte Rd, Stedman, NC 28391, United States","278V+HQ Stedman, North Carolina, USA",https://www.capefearvalley.com/locations/stedman-medical-care,+1 910-485-6228,"Closed · Opens 8 am Wed

Confirmed by this business 6 weeks ago",https://streetviewpixels-pa.googleapis.com/v1/thumbnail?panoid=q9aTclzJQ1xfv9fQoDBnLQ&cb_client=search.gws-prod.gps&w=408&h=240&yaw=273.1178&pitch=0&thumbfov=100,true,8 am–5 pm,8 am–5 pm,8 am–5 pm,8 am–5 pm,Closed,Closed,8 am–5 pm,"https://www.google.com/maps/search/vein+clinics+in+Stedman+Fayetteville+NC/@35.0135686,-78.6937264,14z",2025-12-16T22:04:56.691Z,,,
,,,,,,,,,,,,,,,,,,,"https://www.google.com/maps/search/vein+clinics+in+Wade+Fayetteville+NC/@35.160599,-78.7297225,14z",2025-12-16T22:05:04.586Z,,,No new results found
,,,,,,,,,,,,,,,,,,,"https://www.google.com/maps/search/vein+clinics+in+Parkton+Fayetteville+NC/@34.9026635,-79.0116971,14z",2025-12-16T22:05:12.321Z,,,No new results found