placeUrl,title,rating,reviewCount,category,address,plusCode,website,phoneNumber,currentStatus,imgUrl,isClaimed,query,timestamp,tuesday,wednesday,thursday,friday,saturday,sunday,monday,info,error,isBlackOwned
https://www.google.com/maps/place/Decatur+Vein+Clinic+LLC/data=!4m7!3m6!1s0x886d7a595c87c3c5:0x3321bc4f7c0b9a74!8m2!3d39.4115462!4d-87.4068394!16s%2Fg%2F1tdm4gt_!19sChIJxcOHXFl6bYgRdJoLfE-8ITM,Decatur Vein Clinic LLC,1.0,2,Doctor,"4513 S 7th St, Terre Haute, IN 47802, United States","CH6V+J7 Terre Haute, Indiana, USA",http://www.decaturvein.com/,+1 812-244-0444,,https://streetviewpixels-pa.googleapis.com/v1/thumbnail?panoid=SOPFMQ-a8CzehnYXbKh2_Q&cb_client=search.gws-prod.gps&w=408&h=240&yaw=142.52893&pitch=0&thumbfov=100,false,"https://www.google.com/maps/search/vein+clinics+in+Crawfordsville+Terra+Haute+IN/@39.4654441,-87.4139427,14z",2025-12-16T22:07:05.973Z,,,,,,,,,,
https://www.google.com/maps/place/Lim+Laser+Center/data=!4m7!3m6!1s0x886d65588b68117b:0x865f2072c33be92e!8m2!3d39.4700671!4d-87.3821445!16s%2Fg%2F1td5s06f!19sChIJexFoi1hlbYgRLuk7w3IgX4Y,Lim Laser Center,5.0,1,Surgical center,"2235 Wabash Ave, Terre Haute, IN 47807, United States","FJC9+24 Terre Haute, Indiana, USA",http://limlasercenter.com/,+1 812-234-5273,Closed · Opens 9 am Wed,https://streetviewpixels-pa.googleapis.com/v1/thumbnail?panoid=s09nPhu3FNnIhqhB6LlrkQ&cb_client=search.gws-prod.gps&w=408&h=240&yaw=116.01061&pitch=0&thumbfov=100,false,"https://www.google.com/maps/search/vein+clinics+in+Crawfordsville+Terra+Haute+IN/@39.4654441,-87.4139427,14z",2025-12-16T22:07:11.340Z,9 am–5 pm,9 am–5 pm,9 am–5 pm,9 am–5 pm,Closed,Closed,9 am–5 pm,,,
https://www.google.com/maps/place/Wabash+Valley+Infectious+Diseases/data=!4m7!3m6!1s0x886d7adba24cef2b:0xd6539ab8d3060353!8m2!3d39.4264698!4d-87.4139087!16s%2Fg%2F11byttxp11!19sChIJK-9Mott6bYgRUwMG07iaU9Y,Wabash Valley Infectious Diseases,3.3,7,Doctor,"315 E Davis Dr, Terre Haute, IN 47802, United States","CHGP+HC Terre Haute, Indiana, USA",https://www.woundcareandveinclinic.com/,+1 812-645-3472,Closed · Opens 9 am Wed,https://streetviewpixels-pa.googleapis.com/v1/thumbnail?panoid=C7RsvanHPWwfR9fwJ9OLHQ&cb_client=search.gws-prod.gps&w=408&h=240&yaw=214.27928&pitch=0&thumbfov=100,true,"https://www.google.com/maps/search/vein+clinics+in+Crawfordsville+Terra+Haute+IN/@39.4654441,-87.4139427,14z",2025-12-16T22:07:16.261Z,"9 am–12 pm, 1–5 pm","9 am–12 pm, 1–5 pm","9 am–12 pm, 1–5 pm","9 am–12 pm, 1–5 pm",Closed,Closed,"9 am–12 pm, 1–5 pm",,,
https://www.google.com/maps/place/Wabash+Valley+Dermatology+and+Medspa/data=!4m7!3m6!1s0x886d7badc009f1db:0x59016b1ac452ab32!8m2!3d39.3985901!4d-87.3983761!16s%2Fg%2F11nnlx79ls!19sChIJ2_EJwK17bYgRMqtSxBprAVk,Wabash Valley Dermatology and Medspa,4.7,257,Dermatologist,"1208 E Canvasback Dr, Terre Haute, IN 47802, United States","9JX2+CJ Terre Haute, Indiana, USA",https://www.wvderm.net/,+1 812-917-7252,Closed · Opens 8 am Wed,https://lh3.googleusercontent.com/p/AF1QipNQT-JLbf1LLWUNPDy2cGAvtlhKn4Y2etCV3oCw=w408-h272-k-no,true,"https://www.google.com/maps/search/vein+clinics+in+Crawfordsville+Terra+Haute+IN/@39.4654441,-87.4139427,14z",2025-12-16T22:07:23.096Z,8 am–5 pm,8 am–5 pm,8 am–5 pm,9 am–2 pm,Closed,Closed,8 am–5 pm,Identifies as women-owned,,
https://www.google.com/maps/place/Radiance+Aesthetics+%26+IV+Infusion+Bar/data=!4m7!3m6!1s0x886d6f8d188aaa0f:0x924ccc1b1826b966!8m2!3d39.4743144!4d-87.3592144!16s%2Fg%2F11sf6kwcc0!19sChIJD6qKGI1vbYgRZrkmGBvMTJI,Radiance Aesthetics & IV Infusion Bar,5.0,119,Medical spa,"3850 Wabash Ave, Terre Haute, IN 47803, United States","FJFR+P8 Terre Haute, Indiana, USA",http://812radiance.com/,+1 812-200-6078,Closes soon · 6 pm · Opens 10 am Wed,https://lh3.googleusercontent.com/p/AF1QipMi7k52_52BBqyx9X3P8GXDjLgnUCCFlvdVUvGG=w408-h408-k-no,true,"https://www.google.com/maps/search/vein+clinics+in+Crawfordsville+Terra+Haute+IN/@39.4654441,-87.4139427,14z",2025-12-16T22:07:27.929Z,10 am–6 pm,10 am–6 pm,10 am–6 pm,10 am–4 pm,Closed,Closed,10 am–6 pm,Identifies as women-owned,,
https://www.google.com/maps/place/Wabash+Valley+Surgery+Center/data=!4m7!3m6!1s0x886d6516c9e87227:0xc8dbb364bf1b9bc0!8m2!3d39.4836311!4d-87.4069564!16s%2Fg%2F1tf36q2k!19sChIJJ3LoyRZlbYgRwJsbv2Sz28g,Wabash Valley Surgery Center,4.4,17,Medical clinic,"1421 N 7th St, Terre Haute, IN 47807, United States","FHMV+F6 Terre Haute, Indiana, USA",https://www.myunionhealth.org/find-a-location/wabash-valley-surgery-center,+1 812-232-7192,Closed · Opens 6:30 am Wed,https://lh3.googleusercontent.com/p/AF1QipMEjDn17Tr2lCgmBPDEG1llVNfTXRGE4lBMvHcy=w408-h306-k-no,true,"https://www.google.com/maps/search/vein+clinics+in+Crawfordsville+Terra+Haute+IN/@39.4654441,-87.4139427,14z",2025-12-16T22:07:32.930Z,6:30 am–5 pm,6:30 am–5 pm,6:30 am–5 pm,6:30 am–5 pm,Closed,Closed,6:30 am–5 pm,,,
https://www.google.com/maps/place/Randall+Dermatology+of+Terre+Haute/data=!4m7!3m6!1s0x886d6e2ee6400ab3:0x7a126a973920ac24!8m2!3d39.4622069!4d-87.3414588!16s%2Fg%2F11b5yv7hzj!19sChIJswpA5i5ubYgRJKwgOZdqEno,Randall Dermatology of Terre Haute,4.3,84,Dermatologist,"4949 Poplar St, Terre Haute, IN 47803, United States","FM65+VC Terre Haute, Indiana, USA",http://randallderm.com/,+1 812-877-0973,Closed · Opens 8 am Wed,https://lh3.googleusercontent.com/gps-cs-s/AG0ilSzlQJ2yhe3h6e-QlnTQLbOQnbSKY-Txn4tBKRLWmqx6ddNS1BO8GNfaP4wFMflAOK4_hMWEDPoQujVGtNfg3Cn4o1qNbjelim--rkByGvb7GGUSQBE99-bwUuNUM-rsKKMQZrn1=w408-h306-k-no,true,"https://www.google.com/maps/search/vein+clinics+in+Crawfordsville+Terra+Haute+IN/@39.4654441,-87.4139427,14z",2025-12-16T22:07:38.047Z,8 am–5 pm,8 am–5 pm,Closed,8 am–5 pm,Closed,Closed,Closed,,,
https://www.google.com/maps/place/Heart+%26+Vascular+Institute/data=!4m7!3m6!1s0x886d6510e87f319b:0x7105d76f582d0a60!8m2!3d39.4850724!4d-87.4089829!16s%2Fg%2F11jk3r7wpw!19sChIJmzF_6BBlbYgRYAotWG_XBXE,Heart & Vascular Institute,2.0,1,Medical clinic,"8th Ave, Terre Haute, IN 47804, United States","FHPR+2C Terre Haute, Indiana, USA",,,,https://streetviewpixels-pa.googleapis.com/v1/thumbnail?panoid=5uHGVDauiDs7bdHWddEHBw&cb_client=search.gws-prod.gps&w=408&h=240&yaw=8.732901&pitch=0&thumbfov=100,false,"https://www.google.com/maps/search/vein+clinics+in+Crawfordsville+Terra+Haute+IN/@39.4654441,-87.4139427,14z",2025-12-16T22:07:40.681Z,,,,,,,,,,
https://www.google.com/maps/place/Cosmetic+Alternatives+Nonsurgical+Cosmetic+Services/data=!4m7!3m6!1s0x886d651b166b6e61:0x251f0d567cacf1d2!8m2!3d39.4876061!4d-87.414533!16s%2Fg%2F1tcx_l5v!19sChIJYW5rFhtlbYgR0vGsfFYNHyU,Cosmetic Alternatives Nonsurgical Cosmetic Services,3.1,19,Cosmetic surgeon,"1818 N 3rd St, Terre Haute, IN 47804, United States","FHQP+25 Terre Haute, Indiana, USA",http://www.dochaber.com/,+1 812-478-9494,Closed · Opens 9 am Wed,https://lh3.googleusercontent.com/gps-cs-s/AG0ilSzyx_1Aj2KdP_lDjz2UxrKho0JI2AmZjf1O2c_sYbLFmF3ICxfWx88g85nJiMGXEtkLbrIDpRUeQZBrqgOI1ksj5Atz0cCoh9CfYgxRwR9WRD844YIrFslbUzKYSZ8UEFGWxBQFvETX6lg=w408-h544-k-no,false,"https://www.google.com/maps/search/vein+clinics+in+Crawfordsville+Terra+Haute+IN/@39.4654441,-87.4139427,14z",2025-12-16T22:07:45.658Z,9 am–5 pm,9 am–5 pm,9 am–5 pm,9 am–5 pm,Closed,Closed,9 am–5 pm,,,
https://www.google.com/maps/place/Cardiothoracic+%26+Vascular+Medicine/data=!4m7!3m6!1s0x886d651137ba1f87:0x8a2cfc197db5d5ef!8m2!3d39.4843897!4d-87.4076483!16s%2Fg%2F1tv24x3c!19sChIJhx-6NxFlbYgR79W1fRn8LIo,Cardiothoracic & Vascular Medicine,,,Cardiovascular and thoracic surgeon,"1530 N 7th St #102, Terre Haute, IN 47807, United States","FHMR+QW Terre Haute, Indiana, USA",,+1 812-238-7892,,https://streetviewpixels-pa.googleapis.com/v1/thumbnail?panoid=X4Zr6KIxBNGYXdxq65HTNA&cb_client=search.gws-prod.gps&w=408&h=240&yaw=292.5672&pitch=0&thumbfov=100,false,"https://www.google.com/maps/search/vein+clinics+in+Crawfordsville+Terra+Haute+IN/@39.4654441,-87.4139427,14z",2025-12-16T22:07:48.444Z,,,,,,,,,,
"https://www.google.com/maps/place/The+Vein+Clinic/@39.1216161,-86.5743956,17z/data=!3m1!4b1!4m6!3m5!1s0x886c67f3859490a7:0x2e124dae65ba447b!8m2!3d39.1216161!4d-86.5743956!16s%2Fg%2F1tc_f_my",The Vein Clinic,5.0,1,Doctor,"3209 W Fullerton Pike C, Bloomington, IN 47403, United States","4CCG+J6 Bloomington, Indiana, USA",,+1 812-825-8808,,,false,"https://www.google.com/maps/search/vein+clinics+in+Bloomington+Terra+Haute+IN/@39.4654441,-87.4139427,14z",2025-12-16T22:08:01.459Z,,,,,,,,,,
"https://www.google.com/maps/place/Ricardo+Vasquez,+MD-Vascular+Center+%26+Vein+Clinic/data=!4m7!3m6!1s0x886c671e617dfe7d:0x2ae376f576260d3f!8m2!3d39.1604754!4d-86.5426464!16s%2Fg%2F1tg6qw3x!19sChIJff59YR5nbIgRPw0mdvV24yo","Ricardo Vasquez, MD-Vascular Center & Vein Clinic",4.1,46,Doctor,"815 W 2nd St, Bloomington, IN 47403, United States","5F64+5W Bloomington, Indiana, USA",http://vascularcenterandveinclinic.com/,+1 812-336-6008,Closed · Opens 8 am Wed,https://lh3.googleusercontent.com/p/AF1QipMZw3wRNmaDGtXae5RZmiWP2_EUm1FrmxywXVOD=w408-h275-k-no,true,"https://www.google.com/maps/search/vein+clinics+in+Bloomington+Terra+Haute+IN/@39.4654441,-87.4139427,14z",2025-12-16T22:08:06.473Z,8 am–5 pm,8 am–5 pm,8 am–5 pm,8 am–5 pm,Closed,Closed,8 am–5 pm,,,
,,,,,,,,,,,,"https://www.google.com/maps/search/vein+clinics+in+Greencastle+Terra+Haute+IN/@39.4654441,-87.4139427,14z",2025-12-16T22:08:14.597Z,,,,,,,,,No new results found,
https://www.google.com/maps/place/Regional+Health+Cardiothoracic+and+Vascular+Surgery/data=!4m7!3m6!1s0x886d7af69231e433:0x2640bbdd494cbe3!8m2!3d39.4197265!4d-87.4076583!16s%2Fg%2F1v940tfr!19sChIJM-QxkvZ6bYgR48uU1L0LZAI,Regional Health Cardiothoracic and Vascular Surgery,4.9,19,,"3903 S 7th St Suite 2B, Terre Haute, IN 47802, United States","CH9R+VW Terre Haute, Indiana, USA",https://regionalhealthcarepartners.com/?utm_campaign=corp_listings_mgmt&utm_source=google&utm_medium=business_listing,+1 812-232-2708,Permanently closed,https://lh3.googleusercontent.com/p/AF1QipMNvW24KK2Lx3j05oWwJhu1LX-l4WJ7ZaO1MQka=w426-h240-k-no,true,"https://www.google.com/maps/search/vein+clinics+in+Martinsville+Terra+Haute+IN/@36.6915262,-79.8725386,14z",2025-12-16T22:08:27.159Z,,,,,,,,,,
,,,,,,,,,,,,"https://www.google.com/maps/search/vein+clinics+in+Washington+Terra+Haute+IN/@39.4510076,-87.3996765,14z",2025-12-16T22:08:35.080Z,,,,,,,,,No new results found,
https://www.google.com/maps/place/Parachute+-+Plasma+Donation+Center/data=!4m7!3m6!1s0x886dffc415e2bdd5:0x29b1ba6f821a260e!8m2!3d38.6906658!4d-87.5032174!16s%2Fg%2F11kqbytcyx!19sChIJ1b3iFcT_bYgRDiYagm-6sSk,Parachute - Plasma Donation Center,4.5,124,Blood donation center,"2608 N 6th St, Vincennes, IN 47591, United States","MFRW+7P Vincennes, Indiana, USA",https://www.joinparachute.com/plasma-donation/center/vincennes-in/,+1 812-416-5641,"Open · Closes 8 pm

Updated by this business 2 weeks ago",https://lh3.googleusercontent.com/gps-cs-s/AG0ilSypOQhwZLM11XmQIJKMfelmDT0cUV8wXDg_KFx-s-n5PiSAUVXus5NaOxYviYlP00H6_vEHczBEUsTo2pDX_EmotD9_tzattJhdii7DJoW40HCfg4EXpvbaBGGZFvpkIpMOIATN=w408-h306-k-no,true,"https://www.google.com/maps/search/vein+clinics+in+Vincennes+Terra+Haute+IN/@38.677269,-87.5286325,14z",2025-12-16T22:08:47.954Z,7 am–8 pm,7 am–8 pm,7 am–8 pm,7 am–8 pm,Closed,Closed,7 am–8 pm,,,
https://www.google.com/maps/place/Dermatology+Clinic-Vincennes/data=!4m7!3m6!1s0x886dff7ed6ea83e7:0x44c62ba85a2d7eae!8m2!3d38.6718349!4d-87.5350033!16s%2Fg%2F1tjrqqpp!19sChIJ54Pq1n7_bYgRrn4tWqgrxkQ,Dermatology Clinic-Vincennes,4.0,1,Dermatologist,"700 Willow St Ste 203, Vincennes, IN 47591, United States","MFC7+PX Vincennes, Indiana, USA",https://www.morrisdermatology.net/,+1 812-886-4572,,https://streetviewpixels-pa.googleapis.com/v1/thumbnail?panoid=5FZyBSQcQ-pxWuaIyNNowg&cb_client=search.gws-prod.gps&w=408&h=240&yaw=241.48839&pitch=0&thumbfov=100,false,"https://www.google.com/maps/search/vein+clinics+in+Vincennes+Terra+Haute+IN/@38.677269,-87.5286325,14z",2025-12-16T22:08:50.496Z,,,,,,,,,,
https://www.google.com/maps/place/Evansville+Regional+Vein+Center/data=!4m7!3m6!1s0x886e2cbac7c8ba7f:0x24198dd079099644!8m2!3d37.962969!4d-87.450149!16s%2Fg%2F1s04fpqpj!19sChIJf7rIx7osbogRRJYJedCNGSQ,Evansville Regional Vein Center,4.9,98,Medical Center,"4943 Rosebud Ln, Newburgh, IN 47630, United States","XG7X+5W Newburgh, Indiana, USA",https://www.evansvilleveins.com/,+1 812-490-8346,Closes soon · 5 pm · Opens 8 am Wed,https://lh3.googleusercontent.com/p/AF1QipM4j70Z6Yim7ENf-orYytW7wQ_qLcoDJgaecf1H=w426-h240-k-no,true,"https://www.google.com/maps/search/vein+clinics+in+Vincennes+Terra+Haute+IN/@38.677269,-87.5286325,14z",2025-12-16T22:08:55.495Z,"8 am–12 pm, 1–5 pm","8 am–12 pm, 1–5 pm","8 am–12 pm, 1–5 pm","8 am–12 pm, 1–5 pm",Closed,Closed,"8 am–12 pm, 1–5 pm",LGBTQ+ friendly,,
"https://www.google.com/maps/place/Dr.+Reynaldo+A.+Carandang,+MD/data=!4m7!3m6!1s0x886dff6f653481f3:0xf0298f60921b392f!8m2!3d38.68294!4d-87.5292447!16s%2Fg%2F1tx162x9!19sChIJ84E0ZW__bYgRLzkbkmCPKfA","Dr. Reynaldo A. Carandang, MD",5.0,2,Doctor,"406 N 1st St, Vincennes, IN 47591, United States","MFMC+58 Vincennes, Indiana, USA",,+1 812-885-0881,,https://streetviewpixels-pa.googleapis.com/v1/thumbnail?panoid=zGYlBFuQ-dhqA9QmxOsT7g&cb_client=search.gws-prod.gps&w=408&h=240&yaw=328.80237&pitch=0&thumbfov=100,false,"https://www.google.com/maps/search/vein+clinics+in+Vincennes+Terra+Haute+IN/@38.677269,-87.5286325,14z",2025-12-16T22:08:58.357Z,,,,,,,,,,
https://www.google.com/maps/place/Dayson+Heart+Center/data=!4m7!3m6!1s0x886dff7856840467:0x9a4499d0c04ac800!8m2!3d38.6724156!4d-87.5339717!16s%2Fg%2F1tdx08wv!19sChIJZwSEVnj_bYgRAMhKwNCZRJo,Dayson Heart Center,5.0,5,Medical clinic,"520 S 7th St, Vincennes, IN 47591, United States","MFC8+XC Vincennes, Indiana, USA",https://www.gshvin.org/health-services/cardiology/,+1 812-885-3243,Open 24 hours,https://lh3.googleusercontent.com/gps-cs-s/AG0ilSxIURgKGnGR0JfjVqjoUCV4D9hLs6oHZh5CmM9fh68oZo6xxO4qa-4KuFbtg9rDJo5Gt46j8BhpyuIFOSK5zyHsHuIjKXsxntBMGCJdo_CbiJkZ16npvyekVT8EiRxAFJA1dYo=w426-h240-k-no,true,"https://www.google.com/maps/search/vein+clinics+in+Vincennes+Terra+Haute+IN/@38.677269,-87.5286325,14z",2025-12-16T22:09:03.330Z,Open 24 hours,Open 24 hours,Open 24 hours,Open 24 hours,Open 24 hours,Open 24 hours,Open 24 hours,,,
https://www.google.com/maps/place/Labcorp/data=!4m7!3m6!1s0x886dff6f78607eb9:0x22f445c54846fe28!8m2!3d38.6821291!4d-87.5290374!16s%2Fg%2F1ptymxwrl!19sChIJuX5geG__bYgRKP5GSMVF9CI,Labcorp,3.3,23,Medical laboratory,"328 N 2nd St Ste 203, Vincennes, IN 47591, United States","MFJC+V9 Vincennes, Indiana, USA",https://locations.labcorp.com/in/vincennes/20708/,+1 812-886-0301,"Closed · Opens 7 am Wed

Updated by this business 2 weeks ago",https://lh3.googleusercontent.com/p/AF1QipNgT4kEPwFVnCOCGk8wxNMXzUMOeDpnVeByoowB=w408-h272-k-no,true,"https://www.google.com/maps/search/vein+clinics+in+Vincennes+Terra+Haute+IN/@38.677269,-87.5286325,14z",2025-12-16T22:09:08.316Z,"7 am–12 pm, 1–3:30 pm","7 am–12 pm, 1–3:30 pm","7 am–12 pm, 1–3:30 pm","7 am–12 pm, 1–3:30 pm",Closed,Closed,"7 am–12 pm, 1–3:30 pm",,,
https://www.google.com/maps/place/Center+for+Vein+Restoration+%7C+Dr.+Michael+Sebastian/data=!4m7!3m6!1s0x886e2b9d6e82a645:0x85d27776c0a8575!8m2!3d37.9947964!4d-87.4718712!16s%2Fg%2F11bzrq1rv4!19sChIJRaaCbp0rbogRdYUKbHcnXQg,Center for Vein Restoration | Dr. Michael Sebastian,4.7,164,Vascular surgeon,"6540 Logan Dr #2, Evansville, IN 47715, United States","XGVH+W7 Evansville, Indiana, USA",https://www.centerforvein.com/our-clinics/locations/evansville-indiana,+1 317-644-6355,"Closes soon · 5 pm · Opens 6 am Wed

Updated by this business 4 weeks ago",https://lh3.googleusercontent.com/p/AF1QipOPX-iHVJIjQRgRAwjVjlUrh03tizOB8lr6UdYN=w426-h240-k-no,true,"https://www.google.com/maps/search/vein+clinics+in+Vincennes+Terra+Haute+IN/@38.677269,-87.5286325,14z",2025-12-16T22:09:13.139Z,6 am–5 pm,6 am–5 pm,6 am–5 pm,6 am–5 pm,Closed,Closed,6 am–5 pm,,,
https://www.google.com/maps/place/Good+Samaritan+Hospital/data=!4m7!3m6!1s0x886dff7972cc7ebd:0x357c261aff1f5ea4!8m2!3d38.6719185!4d-87.534533!16s%2Fm%2F07kcd83!19sChIJvX7Mcnn_bYgRpF4f_xomfDU,Good Samaritan Hospital,3.1,172,General hospital,"520 S 7th St, Vincennes, IN 47591, United States","MFC8+Q5 Vincennes, Indiana, USA",http://www.gshvin.org/,+1 812-882-5220,,https://lh3.googleusercontent.com/gps-cs-s/AG0ilSwK2qn9B5Dfm0_fHbHM2Z8IlC0sYgW60nYyVF0H512FwXjmTjQkRZgta9EoNOWqWe5pJcyrh6YkkRZGVu7f8vqbB7FAZBKZPislhRD2qep4DjkNqxYvSR_84SuMkDoVP5ZH1eHc=w408-h306-k-no,true,"https://www.google.com/maps/search/vein+clinics+in+Vincennes+Terra+Haute+IN/@38.677269,-87.5286325,14z",2025-12-16T22:09:17.962Z,Open 24 hours,Open 24 hours,Open 24 hours,Open 24 hours,Open 24 hours,Open 24 hours,Open 24 hours,,,
https://www.google.com/maps/place/Decatur+Vein+Clinic/data=!4m7!3m6!1s0x886e2b9d6e97dfff:0xa05f5d627ec73683!8m2!3d37.9946972!4d-87.4719266!16s%2Fg%2F1wbg04n7!19sChIJ_9-Xbp0rbogRgzbHfmJdX6A,Decatur Vein Clinic,3.0,2,Doctor,"6540 Logan Dr #2, Evansville, IN 47715, United States","XGVH+V6 Evansville, Indiana, USA",,+1 812-474-1400,,https://streetviewpixels-pa.googleapis.com/v1/thumbnail?panoid=61phaApHQdCIJjCIqUd3AQ&cb_client=search.gws-prod.gps&w=408&h=240&yaw=321.19226&pitch=0&thumbfov=100,false,"https://www.google.com/maps/search/vein+clinics+in+Vincennes+Terra+Haute+IN/@38.677269,-87.5286325,14z",2025-12-16T22:09:25.557Z,,,,,,,,,,
https://www.google.com/maps/place/vein+clinic/data=!4m7!3m6!1s0x886e2cbb20b7c2c5:0xb18a3cef6d4d3406!8m2!3d37.9642339!4d-87.4495264!16s%2Fg%2F11g6x9xd0h!19sChIJxcK3ILssbogRBjRNbe88irE,vein clinic,,,Medical clinic,"Rosebud Ln, Newburgh, IN 47630, United States","XH72+M5 Newburgh, Indiana, USA",,,,https://streetviewpixels-pa.googleapis.com/v1/thumbnail?panoid=m_QsZzzK4Zd632QeteN5PA&cb_client=search.gws-prod.gps&w=408&h=240&yaw=0.7364605&pitch=0&thumbfov=100,false,"https://www.google.com/maps/search/vein+clinics+in+Vincennes+Terra+Haute+IN/@38.677269,-87.5286325,14z",2025-12-16T22:09:28.351Z,,,,,,,,,,
https://www.google.com/maps/place/Vincennes+VA+Clinic/data=!4m7!3m6!1s0x886dff8f808ed6b9:0x501c60946a9dd673!8m2!3d38.6587982!4d-87.5321884!16s%2Fg%2F1tpbcqwb!19sChIJudaOgI__bYgRc9adapRgHFA,Vincennes VA Clinic,4.2,16,,"1813 Willow St # 6A, Vincennes, IN 47591, United States","MF59+G4 Vincennes, Indiana, USA",https://www.va.gov/marion-health-care/locations/vincennes-va-clinic/,+1 812-882-0894,Permanently closed,https://streetviewpixels-pa.googleapis.com/v1/thumbnail?panoid=zDfXaGmvD0l3KAi-xlW6gw&cb_client=search.gws-prod.gps&w=408&h=240&yaw=251.97083&pitch=0&thumbfov=100,false,"https://www.google.com/maps/search/vein+clinics+in+Vincennes+Terra+Haute+IN/@38.677269,-87.5286325,14z",2025-12-16T22:09:33.139Z,,,,,,,,,,
"https://www.google.com/maps/place/Lynch+Surgical+Group,+PC/data=!4m7!3m6!1s0x886d6510752134c1:0x6847ff6120485142!8m2!3d39.4874266!4d-87.4108739!16s%2Fg%2F1tflss2k!19sChIJwTQhdRBlbYgRQlFIIGH_R2g","Lynch Surgical Group, PC",4.8,262,Surgeon,"1818 N 6th St, Terre Haute, IN 47804, United States","FHPQ+XM Terre Haute, Indiana, USA",https://www.lynchsurgicalgroup.com/,+1 812-232-1123,Closed · Opens 9 am Wed,https://streetviewpixels-pa.googleapis.com/v1/thumbnail?panoid=0KFJOc0U1kWbISaA1MQ5rQ&cb_client=search.gws-prod.gps&w=408&h=240&yaw=212.00298&pitch=0&thumbfov=100,true,"https://www.google.com/maps/search/vein+clinics+in+Bedford+Terra+Haute+IN/@39.4654441,-87.4139427,14z",2025-12-16T22:09:47.552Z,9 am–4:30 pm,9 am–4:30 pm,9 am–4:30 pm,9 am–4:30 pm,Closed,Closed,9 am–4:30 pm,,,
"https://www.google.com/maps/place/Dr.+Custodio+L.+Lim,+MD/data=!4m7!3m6!1s0x886d65588b68117b:0x68b6571fdc466ba4!8m2!3d39.4700712!4d-87.382103!16s%2Fg%2F1tdd5_zk!19sChIJexFoi1hlbYgRpGtG3B9Xtmg","Dr. Custodio L. Lim, MD",4.3,12,Surgeon,"2235 Wabash Ave, Terre Haute, IN 47807, United States","FJC9+25 Terre Haute, Indiana, USA",https://www.limlasercenter.com/doctor-and-staff/3820985,+1 812-234-5273,Closed · Opens 9 am Wed,https://streetviewpixels-pa.googleapis.com/v1/thumbnail?panoid=-XQ451s8a4YhiKWoPX3n5Q&cb_client=search.gws-prod.gps&w=408&h=240&yaw=95.063095&pitch=0&thumbfov=100,false,"https://www.google.com/maps/search/vein+clinics+in+Bedford+Terra+Haute+IN/@39.4654441,-87.4139427,14z",2025-12-16T22:09:52.570Z,9 am–5 pm,9 am–5 pm,9 am–5 pm,9 am–5 pm,Closed,Closed,9 am–5 pm,,,
https://www.google.com/maps/place/Haute+Studio+Aesthetics/data=!4m7!3m6!1s0x886d6fd65a46f9ef:0xb072262288a3dec8!8m2!3d39.4647472!4d-87.3741761!16s%2Fg%2F11tk2f7_m7!19sChIJ7_lGWtZvbYgRyN6jiCImcrA,Haute Studio Aesthetics,5.0,2,Medical clinic,"2901 Ohio Blvd Suite 116-4, Terre Haute, IN 47803, United States","FJ7G+V8 Terre Haute, Indiana, USA",https://linktr.ee/hautestudioaesthetics,+1 812-243-4135,,https://lh3.googleusercontent.com/p/AF1QipMUwIz5GmdGUS2c_bwnwUAkVs-8AMKi3zSAGgFy=w408-h408-k-no,true,"https://www.google.com/maps/search/vein+clinics+in+Bedford+Terra+Haute+IN/@39.4654441,-87.4139427,14z",2025-12-16T22:09:55.612Z,,,,,,,,Identifies as women-owned,,
https://www.google.com/maps/place/Providence+Medical+Group/data=!4m7!3m6!1s0x886d651137ba1f87:0xdbeb56ee944b2db7!8m2!3d39.4843897!4d-87.4076483!16s%2Fg%2F1tjy27ky!19sChIJhx-6NxFlbYgRty1LlO5W69s,Providence Medical Group,3.8,4,Doctor,"1530 N 7th St, Terre Haute, IN 47804, United States","FHMR+QW Terre Haute, Indiana, USA",https://www.provmed.com/,+1 812-232-9663,Closed · Opens 9 am Wed,https://streetviewpixels-pa.googleapis.com/v1/thumbnail?panoid=X4Zr6KIxBNGYXdxq65HTNA&cb_client=search.gws-prod.gps&w=408&h=240&yaw=292.5672&pitch=0&thumbfov=100,false,"https://www.google.com/maps/search/vein+clinics+in+Bedford+Terra+Haute+IN/@39.4654441,-87.4139427,14z",2025-12-16T22:10:00.474Z,9 am–5 pm,9 am–5 pm,9 am–5 pm,9 am–12 pm,Closed,Closed,9 am–5 pm,,,
https://www.google.com/maps/place/Magnolia+Rose+Aesthetics+%26+Wellness/data=!4m7!3m6!1s0x886d7b2ad9d7fa61:0x8705903cfdf20bf3!8m2!3d39.464693!4d-87.4128937!16s%2Fg%2F11td8fx5b6!19sChIJYfrX2Sp7bYgR8wvy_TyQBYc,Magnolia Rose Aesthetics & Wellness,4.9,53,Medical spa,"131 S 4th St Suite 110, Terre Haute, IN 47807, United States","FH7P+VR Terre Haute, Indiana, USA",http://mymagnoliarose.com/,,Closed · Opens 10 am Wed,https://lh3.googleusercontent.com/p/AF1QipOMD5DlxEmcBuXrdmGfH6JJfOorLwBt3WHdcLVp=w408-h271-k-no,true,"https://www.google.com/maps/search/vein+clinics+in+Bedford+Terra+Haute+IN/@39.4654441,-87.4139427,14z",2025-12-16T22:10:05.585Z,10 am–5 pm,10 am–3 pm,10 am–3 pm,9 am–3 pm,9 am–1 pm,Closed,10 am–5 pm,Identifies as women-owned,,
https://www.google.com/maps/place/Wound+Healing+Center+at+Union+Hospital/data=!4m7!3m6!1s0x886d651137ba1f87:0x44e786d06d1787a!8m2!3d39.4850835!4d-87.4084241!16s%2Fg%2F1tslkgpd!19sChIJhx-6NxFlbYgRenjRBm14TgQ,Wound Healing Center at Union Hospital,3.1,9,Hospital department,"1606 N 7th St, Terre Haute, IN 47804, United States","FHPR+2J Terre Haute, Indiana, USA",,+1 812-238-4499,Closed · Opens 8 am Wed,https://lh3.googleusercontent.com/gps-cs-s/AG0ilSzq4ykmO91coui0ZYpYR1m2_o5GKJtFAhSjmEeOmgHstPjXXFygrT7fZG4fmAAGbTPoP1yC9dzdgFR1VKJUhUDAjOir7ZdLa8fo0B49JqcWDitCH0ek_OW_LDAD1BRgZu8zEF0n=w493-h240-k-no,true,"https://www.google.com/maps/search/vein+clinics+in+Bedford+Terra+Haute+IN/@39.4654441,-87.4139427,14z",2025-12-16T22:10:10.668Z,8 am–4:30 pm,8 am–4:30 am,8 am–4:30 am,8 am–4:30 pm,Closed,Closed,8 am–4:30 pm,,,
https://www.google.com/maps/place/Osteoporosis+Center/data=!4m7!3m6!1s0x886d6531c2fc6e0d:0x59d774510cc1bda9!8m2!3d39.4638818!4d-87.4108661!16s%2Fg%2F1260qb7tm!19sChIJDW78wjFlbYgRqb3BDFF011k,Osteoporosis Center,,,Medical clinic,"221 S 6th St, Terre Haute, IN 47807, United States","FH7Q+HM Terre Haute, Indiana, USA",,+1 812-242-3560,,https://streetviewpixels-pa.googleapis.com/v1/thumbnail?panoid=CQApc2McpPU6sM7g7nJjDg&cb_client=search.gws-prod.gps&w=408&h=240&yaw=267.76532&pitch=0&thumbfov=100,false,"https://www.google.com/maps/search/vein+clinics+in+Bedford+Terra+Haute+IN/@39.4654441,-87.4139427,14z",2025-12-16T22:10:13.722Z,,,,,,,,,,
https://www.google.com/maps/place/Kidney+and+Hypertension/data=!4m7!3m6!1s0x886d6510046ef0b9:0xd444ba04747e2a85!8m2!3d39.4887452!4d-87.4120362!16s%2Fg%2F11byp6q4y1!19sChIJufBuBBBlbYgRhSp-dAS6RNQ,Kidney and Hypertension,3.5,2,Medical clinic,"Kumar Gaurav MD, 476 Buckeye St, Terre Haute, IN 47804, United States","FHQQ+F5 Terre Haute, Indiana, USA",http://www.kidneywabashvalley.com/,+1 812-238-4708,Closed · Opens 9 am Wed,https://lh3.googleusercontent.com/gps-cs-s/AG0ilSxaoHQpP3a81SnKA1-gArOjEEYX5ADvOgcLmYOr6ohxbq3NNAh-28AdC92KLlAYCn2G_z0sIvoMYsNCHwLV3_9vVYxzHfAbAp0LhDFvcHtC4TJ-mTNw3QEzMwm5IjKManwavyoz=w408-h306-k-no,true,"https://www.google.com/maps/search/vein+clinics+in+Bedford+Terra+Haute+IN/@39.4654441,-87.4139427,14z",2025-12-16T22:10:18.687Z,9 am–5 pm,9 am–5 pm,9 am–5 pm,9 am–5 pm,Closed,Closed,9 am–5 pm,,,
https://www.google.com/maps/place/Indiana+Botox+Babe+at+ShezAmee/data=!4m7!3m6!1s0x886d65f5ab1551d5:0x5b3b0e05d643523d!8m2!3d39.4686044!4d-87.3951539!16s%2Fg%2F11sslb6ly7!19sChIJ1VEVq_VlbYgRPVJD1gUOO1s,Indiana Botox Babe at ShezAmee,5.0,3,Medical spa,"1406 Wabash Ave Suite A, Terre Haute, IN 47807, United States","FJ93+CW Terre Haute, Indiana, USA",https://m.facebook.com/groups/944612989861653/?ref=share&mibextid=5zvaxg,+1 859-512-5341,Closed · Opens 9 am Wed,https://lh3.googleusercontent.com/p/AF1QipNmWgofCZpm5JItIdZs6rJGkSh--58Ad2Zi-fbL=w408-h390-k-no,true,"https://www.google.com/maps/search/vein+clinics+in+Bedford+Terra+Haute+IN/@39.4654441,-87.4139427,14z",2025-12-16T22:10:23.803Z,9 am–5 pm,9 am–5 pm,9 am–5 pm,9 am–5 pm,Closed,Closed,Closed,,,
https://www.google.com/maps/place/DaVita+Terre+Haute+Dialysis/data=!4m7!3m6!1s0x886d652ce89a3a4d:0x9934e9992789967b!8m2!3d39.4829579!4d-87.4113599!16s%2Fg%2F11f30kgyjs!19sChIJTTqa6CxlbYgRe5aJJ5npNJk,DaVita Terre Haute Dialysis,3.7,3,Dialysis center,"504 6th Ave, Terre Haute, IN 47807, United States","FHMQ+5F Terre Haute, Indiana, USA",https://www.davita.com/locations/in/terre-haute/504-6th-ave--5474,+1 833-388-2858,Open · Closes 7 pm,https://lh3.googleusercontent.com/gps-cs-s/AG0ilSzVjh8csEreWODW8GxoZb2bRo7pBpjjTv6wgxNaX2wdvOvULY84pSSd7XwuLSsJkh2zMyk37D8CIxHds66hCOWaKeeSl33Z0siucSWlnYpt9WADRxUWOLPZXWxU2QsPNEC1YT0p=w493-h240-k-no,true,"https://www.google.com/maps/search/vein+clinics+in+Bedford+Terra+Haute+IN/@39.4654441,-87.4139427,14z",2025-12-16T22:10:28.652Z,5 am–7 pm,5 am–7 pm,5 am–7 pm,5 am–7 pm,5 am–7 pm,Closed,5 am–7 pm,,,
https://www.google.com/maps/place/Benny+Seto/data=!4m7!3m6!1s0x886d651a83155555:0x9139cbe35fde32a4!8m2!3d39.486744!4d-87.4110676!16s%2Fg%2F11tn6lttln!19sChIJVVUVgxplbYgRpDLeX-PLOZE,Benny Seto,5.0,2,Hand surgeon,"APANDS CLINIC BONE AND JOINT CENTER, 1725 N 5th St, Terre Haute, IN 478044010, United States","FHPQ+MH Terre Haute, Indiana, USA",,+1 812-242-3005,,https://streetviewpixels-pa.googleapis.com/v1/thumbnail?panoid=6-WRJNahPuNOPRueyo701Q&cb_client=search.gws-prod.gps&w=408&h=240&yaw=54.19779&pitch=0&thumbfov=100,false,"https://www.google.com/maps/search/vein+clinics+in+Bedford+Terra+Haute+IN/@39.4654441,-87.4139427,14z",2025-12-16T22:10:31.309Z,,,,,,,,,,
"https://www.google.com/maps/place/Myers+Surgical+Associates,+LLC/data=!4m7!3m6!1s0x886d7b77dd8bece7:0xfa3c9f51e8bd30a0!8m2!3d39.4289876!4d-87.4071857!16s%2Fg%2F11p5mn8s_k!19sChIJ5-yL3Xd7bYgRoDC96FGfPPo","Myers Surgical Associates, LLC",5.0,35,Surgical center,"3311 S 7th St, Terre Haute, IN 47802, United States","CHHV+H4 Terre Haute, Indiana, USA",http://myersurgical.org/,+1 930-219-1500,Closed · Opens 8 am Wed,https://lh3.googleusercontent.com/p/AF1QipMoxOXrd3yL-i3z9_FsetPaHVVfRqmhmFWEs66V=w426-h240-k-no,true,"https://www.google.com/maps/search/vein+clinics+in+Bedford+Terra+Haute+IN/@39.4654441,-87.4139427,14z",2025-12-16T22:10:36.745Z,8 am–5 pm,8 am–5 pm,8 am–5 pm,8 am–5 pm,Closed,Closed,8 am–5 pm,Identifies as women-owned,,true
"https://www.google.com/maps/place/Terre+Haute+Surgical+Center/@39.4190001,-87.4131983,17z/data=!3m1!4b1!4m6!3m5!1s0x886d7af9aaaab7f9:0xec53ad8fc05aac3c!8m2!3d39.4190001!4d-87.4131983!16s%2Fg%2F11cjkw9tyc",Terre Haute Surgical Center,3.5,8,Medical clinic,"227 E McCallister Dr, Terre Haute, IN 47802, United States","CH9P+JP Terre Haute, Indiana, USA",http://www.terrehautesurgicalcenter.com/,+1 812-234-4315,Closed · Opens 8 am Wed,,false,"https://www.google.com/maps/search/vein+clinics+in+Bedford+Terra+Haute+IN/@39.4654441,-87.4139427,14z",2025-12-16T22:10:44.062Z,8 am–5 pm,8 am–5 pm,8 am–5 pm,8 am–5 pm,Closed,Closed,Closed,,,
"https://www.google.com/maps/place/Center+For+Wound+Care+At+Terre/@39.4196227,-87.4080583,17z/data=!3m1!4b1!4m6!3m5!1s0x886d7af693cb6fbf:0xebc51eef89c5c155!8m2!3d39.4196227!4d-87.4080583!16s%2Fg%2F1tfwf78_",Center For Wound Care At Terre,5.0,1,Medical clinic,"3901 S 7th St, Terre Haute, IN 47802, United States","CH9R+RQ Terre Haute, Indiana, USA",,+1 812-237-9946,,,false,"https://www.google.com/maps/search/vein+clinics+in+Bedford+Terra+Haute+IN/@39.4654441,-87.4139427,14z",2025-12-16T22:10:48.738Z,,,,,,,,,,
https://www.google.com/maps/place/Allure+by+Paige/data=!4m7!3m6!1s0x886d6f5b3d45ebc1:0x86a190622a09a19d!8m2!3d39.4923794!4d-87.3596172!16s%2Fg%2F11sx04l3cw!19sChIJwetFPVtvbYgRnaEJKmKQoYY,Allure by Paige,5.0,5,Skin care clinic,"1207 N Fruitridge Ave, Terre Haute, IN 47804, United States","FJRR+X5 Terre Haute, Indiana, USA",https://allurebypaige.square.site/,+1 217-264-0425,,https://streetviewpixels-pa.googleapis.com/v1/thumbnail?panoid=REB2NqJpmWOm9sRXyqAHsA&cb_client=search.gws-prod.gps&w=408&h=240&yaw=83.9254&pitch=0&thumbfov=100,false,"https://www.google.com/maps/search/vein+clinics+in+Bedford+Terra+Haute+IN/@39.4654441,-87.4139427,14z",2025-12-16T22:10:51.459Z,,,,,,,,,,
https://www.google.com/maps/place/Dr.+Anwer+A.+Jaffri/data=!4m7!3m6!1s0x886d7a59250648ef:0xc1530abe5753fcb!8m2!3d39.4264698!4d-87.4139087!16s%2Fg%2F1thn67z0!19sChIJ70gGJVl6bYgRyz915aswFQw,Dr. Anwer A. Jaffri,4.1,35,Infectious disease physician,"315 E Davis Dr, Terre Haute, IN 47802, United States","CHGP+HC Terre Haute, Indiana, USA",,+1 812-645-3472,Closed · Opens 9 am Wed,https://lh3.googleusercontent.com/gps-cs-s/AG0ilSwDa51S9hOP65Z0NWfuhk8PulgkHX6yWeiiAbs7OYeMDod8_9Vw_1EWTz97md7fAlAgsy5pfOpEKaE4v26NW0xOecQw7jcdrriO3_JTTQnEv3qwZAROYgQDIQTk96adnoTTm246=w408-h408-k-no,false,"https://www.google.com/maps/search/vein+clinics+in+Bedford+Terra+Haute+IN/@39.4654441,-87.4139427,14z",2025-12-16T22:10:56.672Z,9 am–5 pm,9 am–5 pm,9 am–5 pm,Closed,Closed,Closed,9 am–5 pm,,,
https://www.google.com/maps/place/Body+Bar+MD/data=!4m7!3m6!1s0x886d6fa46bfa39a9:0x7178a93a58dcb8c0!8m2!3d39.4622123!4d-87.3414419!16s%2Fg%2F11fp3q5pgs!19sChIJqTn6a6RvbYgRwLjcWDqpeHE,Body Bar MD,4.9,40,Doctor,"4949 Poplar St, Terre Haute, IN 47803, United States","FM65+VC Terre Haute, Indiana, USA",https://bodybarmd.com/,+1 812-917-7174,Closed · Opens 9 am Wed,https://lh3.googleusercontent.com/p/AF1QipOxJCMmlVjAIXM_77BRQBwrZ7iSxUMeYk1G-WQ2=w408-h272-k-no,true,"https://www.google.com/maps/search/vein+clinics+in+Bedford+Terra+Haute+IN/@39.4654441,-87.4139427,14z",2025-12-16T22:11:01.573Z,9 am–5 pm,9 am–5 pm,9 am–5 pm,Closed,Closed,Closed,9 am–5 pm,Identifies as women-owned,,
"https://www.google.com/maps/place/Michael+J.+Tindera,+PA/data=!4m7!3m6!1s0x886d651af9a352db:0x37ca5832a715a067!8m2!3d39.4866353!4d-87.4125595!16s%2Fg%2F1tyt62q4!19sChIJ21Kj-RplbYgRZ6AVpzJYyjc","Michael J. Tindera, PA",,,Hand surgeon,"1739 N 4th St, Terre Haute, IN 47804, United States","FHPP+MX Terre Haute, Indiana, USA",http://www.uapclinic.com/,+1 812-232-0564,,https://streetviewpixels-pa.googleapis.com/v1/thumbnail?panoid=8fJrIixNF1UDHTgBh2mhRw&cb_client=search.gws-prod.gps&w=408&h=240&yaw=86.300186&pitch=0&thumbfov=100,false,"https://www.google.com/maps/search/vein+clinics+in+Bedford+Terra+Haute+IN/@39.4654441,-87.4139427,14z",2025-12-16T22:11:04.273Z,,,,,,,,,,
https://www.google.com/maps/place/Terre+Haute+Heart+Center/data=!4m7!3m6!1s0x886d7af9dd63ca0f:0xeeded534f1e6e289!8m2!3d39.4197459!4d-87.4110111!16s%2Fg%2F1v8l0b_4!19sChIJD8pj3fl6bYgRieLm8TTV3u4,Terre Haute Heart Center,3.3,7,Heart hospital,"455 E Hospital Ln, Terre Haute, IN 47802, United States","CH9Q+VH Terre Haute, Indiana, USA",,+1 812-238-1521,"Closed · Opens 8 am Wed

Updated by others 8 weeks ago",https://lh3.googleusercontent.com/gps-cs-s/AG0ilSxjOcOJGkjykt4kEIf0MPbRvO9C-mDR69BoMIsKE67jZJ7GZD9U1jcXtjUrW2LKYGQQZEohTR1qFQO4yKHsv2210KMF3Y7y0gmXlT7jYQGHMsXT_RgjKGzt9V1DBl93frATbfY=w408-h271-k-no,false,"https://www.google.com/maps/search/vein+clinics+in+Bedford+Terra+Haute+IN/@39.4654441,-87.4139427,14z",2025-12-16T22:11:08.981Z,8 am–5 pm,8 am–5 pm,8 am–3 pm,Closed,Closed,Closed,8 am–5 pm,,,
https://www.google.com/maps/place/Dialysis+Center+of+Wabash+Valley/data=!4m7!3m6!1s0x886d6f80f8654adb:0x3f4f6d194fdc140d!8m2!3d39.4963653!4d-87.3789184!16s%2Fg%2F1tdc1d0r!19sChIJ20pl-IBvbYgRDRTcTxltTz8,Dialysis Center of Wabash Valley,,,Medical clinic,"2425 N 25th St, Terre Haute, IN 47804, United States","FJWC+GC Terre Haute, Indiana, USA",,+1 812-235-7689,,https://streetviewpixels-pa.googleapis.com/v1/thumbnail?panoid=9yVrMkF5U1p19_5yEnw8Yw&cb_client=search.gws-prod.gps&w=408&h=240&yaw=118.519394&pitch=0&thumbfov=100,false,"https://www.google.com/maps/search/vein+clinics+in+Bedford+Terra+Haute+IN/@39.4654441,-87.4139427,14z",2025-12-16T22:11:11.717Z,,,,,,,,,,
https://www.google.com/maps/place/Terre+Haute+VA+Clinic/data=!4m7!3m6!1s0x886d7afd71dcbfc9:0x8466b41db9cfcbd4!8m2!3d39.4383697!4d-87.3389434!16s%2Fg%2F1tf_tm2k!19sChIJyb_ccf16bYgR1MvPuR20ZoQ,Terre Haute VA Clinic,4.0,62,Medical clinic,"5080 Bill Farr Drive, Terre Haute, IN 47803, United States","CMQ6+8C Terre Haute, Indiana, USA",https://www.va.gov/indiana-health-care/locations/terre-haute-va-clinic/,+1 812-478-1825,Closed · Opens 8 am Wed,https://lh3.googleusercontent.com/gps-cs-s/AG0ilSxMATTDQOt6EkaDnMCZQgN4yA_lQOqkqMQOTWBPpefFKOQ-wCesWvrfLsSZH8EjyperMeKg8IichC_uu6cFn8TnSLkMMCYJr2kpu_pRzSYgR9F9bnhcs5OCIDxTGzuMGvGu-e-Djw=w408-h306-k-no,true,"https://www.google.com/maps/search/vein+clinics+in+Bedford+Terra+Haute+IN/@39.4654441,-87.4139427,14z",2025-12-16T22:11:16.461Z,8 am–4 pm,8 am–4 pm,8 am–4 pm,8 am–4 pm,Closed,Closed,8 am–4 pm,LGBTQ+ friendly,,
https://www.google.com/maps/place/Torrence+James+S+MD/data=!4m7!3m6!1s0x886d6531c2fc6e0d:0x61f2b0ef09ff18c8!8m2!3d39.4638818!4d-87.4108661!16s%2Fg%2F1tj9crd5!19sChIJDW78wjFlbYgRyBj_Ce-w8mE,Torrence James S MD,,,Internist,"221 S 6th St, Terre Haute, IN 47807, United States","FH7Q+HM Terre Haute, Indiana, USA",http://www.uapclinic.com/,+1 812-232-0564,,https://streetviewpixels-pa.googleapis.com/v1/thumbnail?panoid=CQApc2McpPU6sM7g7nJjDg&cb_client=search.gws-prod.gps&w=408&h=240&yaw=267.76532&pitch=0&thumbfov=100,false,"https://www.google.com/maps/search/vein+clinics+in+Bedford+Terra+Haute+IN/@39.4654441,-87.4139427,14z",2025-12-16T22:11:19.204Z,,,,,,,,,,
"https://www.google.com/maps/place/The+Heart+%26+Vascular+Clinic,+P.c./data=!4m7!3m6!1s0x886c115607c1ea21:0x5389436e1620389f!8m2!3d38.8511409!4d-86.4945509!16s%2Fg%2F1tdv_mqs!19sChIJIerBB1YRbIgRnzggFm5DiVM","The Heart & Vascular Clinic, P.c.",5.0,1,Surgical center,"2512 Q St, Bedford, IN 47421, United States","VG24+F5 Bedford, Indiana, USA",https://www.heartandvascularclinic.net/,+1 812-277-9692,,https://streetviewpixels-pa.googleapis.com/v1/thumbnail?panoid=a3FD9e4tdOuYIZLz1M5Yog&cb_client=search.gws-prod.gps&w=408&h=240&yaw=118.3002&pitch=0&thumbfov=100,false,"https://www.google.com/maps/search/vein+clinics+in+Bedford+Terra+Haute+IN/@39.4654441,-87.4139427,14z",2025-12-16T22:11:22.172Z,,,,,,,,,,
https://www.google.com/maps/place/Heart+Lung+Vascular+Associates/data=!4m7!3m6!1s0x886d7af69236ba61:0xd7b54b69a915745a!8m2!3d39.4197043!4d-87.4074805!16s%2Fg%2F1ts3gc2g!19sChIJYbo2kvZ6bYgRWnQVqWlLtdc,Heart Lung Vascular Associates,,,Cardiovascular and thoracic surgeon,"3903 S 7th St Suite 2B, Terre Haute, IN 47802, United States","CH9V+V2 Terre Haute, Indiana, USA",,+1 812-232-2708,,https://streetviewpixels-pa.googleapis.com/v1/thumbnail?panoid=iyI3Q8_46BDB9LydwvASMA&cb_client=search.gws-prod.gps&w=408&h=240&yaw=269.5571&pitch=0&thumbfov=100,false,"https://www.google.com/maps/search/vein+clinics+in+Bedford+Terra+Haute+IN/@39.4654441,-87.4139427,14z",2025-12-16T22:11:24.724Z,,,,,,,,,,
"https://www.google.com/maps/place/Advanced+Plastic+Surgery+Terre+Ht/@39.4196747,-87.40767,17z/data=!3m1!4b1!4m6!3m5!1s0x886d7af69236ba61:0x7bcc8acd035dd5c5!8m2!3d39.4196747!4d-87.40767!16s%2Fg%2F1tgdtwzm",Advanced Plastic Surgery Terre Ht,,,Plastic surgery clinic,"3903 S 7th St, Terre Haute, IN 47802, United States","CH9R+VW Terre Haute, Indiana, USA",,+1 812-232-2100,,,false,"https://www.google.com/maps/search/vein+clinics+in+Bedford+Terra+Haute+IN/@39.4654441,-87.4139427,14z",2025-12-16T22:11:29.363Z,,,,,,,,,,
https://www.google.com/maps/place/Vigo+Medical+Center/data=!4m7!3m6!1s0x886d7afa57341dd9:0x97eb6983b297215a!8m2!3d39.424251!4d-87.4133299!16s%2Fg%2F11fx7xqvrz!19sChIJ2R00V_p6bYgRWiGXsoNp65c,Vigo Medical Center,,,Medical clinic,"3495 S 4th St, Terre Haute, IN 47802, United States","CHFP+PM Terre Haute, Indiana, USA",,+1 812-645-1892,,https://streetviewpixels-pa.googleapis.com/v1/thumbnail?panoid=VVcvoNQEntdG7AXxbH1KNw&cb_client=search.gws-prod.gps&w=408&h=240&yaw=142.59018&pitch=0&thumbfov=100,false,"https://www.google.com/maps/search/vein+clinics+in+Bedford+Terra+Haute+IN/@39.4654441,-87.4139427,14z",2025-12-16T22:11:32.162Z,,,,,,,,,,
https://www.google.com/maps/place/Wabash+Valley+Surgical+Associates/data=!4m7!3m6!1s0x886d7af6ef155555:0xe4c36f2fffcd677f!8m2!3d39.4197265!4d-87.4076583!16s%2Fg%2F11h5q8g1s5!19sChIJVVUV7_Z6bYgRf2fN_y9vw-Q,Wabash Valley Surgical Associates,,,Surgical center,"3903 S 7th St, Terre Haute, IN 47802, United States","CH9R+VW Terre Haute, Indiana, USA",,+1 812-514-3128,,https://streetviewpixels-pa.googleapis.com/v1/thumbnail?panoid=5KYl1kRgVObcFbE1mRVTog&cb_client=search.gws-prod.gps&w=408&h=240&yaw=180.5538&pitch=0&thumbfov=100,false,"https://www.google.com/maps/search/vein+clinics+in+Bedford+Terra+Haute+IN/@39.4654441,-87.4139427,14z",2025-12-16T22:11:34.813Z,,,,,,,,,,
https://www.google.com/maps/place/Lafayette+Vein+%26+Vascular/data=!4m7!3m6!1s0x46934421ab987983:0x1c8d7d9432e027b4!8m2!3d40.3932304!4d-86.8345169!16s%2Fg%2F11khs0fg6r!19sChIJg3mYqyFEk0YRtCfgMpR9jRw,Lafayette Vein & Vascular,,,Vascular surgeon,"3900 St Francis Way Suite 201, Lafayette, IN 47905, United States","95V8+75 Lafayette, Indiana, USA",https://www.unityhc.com/practice/lafayette-vein-vascular/,+1 765-428-1610,Closed · Opens 8 am Wed,https://streetviewpixels-pa.googleapis.com/v1/thumbnail?panoid=NGEeJZqD3Qa7iyA6MrLLPA&cb_client=search.gws-prod.gps&w=408&h=240&yaw=39.02657&pitch=0&thumbfov=100,true,"https://www.google.com/maps/search/vein+clinics+in+West+Lafayette+Terra+Haute+IN/@39.4654441,-87.4139427,14z",2025-12-16T22:11:47.724Z,8 am–5 pm,8 am–5 pm,8 am–5 pm,8 am–5 pm,Closed,Closed,8 am–5 pm,,,
https://www.google.com/maps/place/Indiana+Vein+Specialists/data=!4m7!3m6!1s0x88131d0491ada06b:0x7aa79a0bdf3d53db!8m2!3d40.393528!4d-86.832572!16s%2Fg%2F11nyw76f9q!19sChIJa6CtkQQdE4gR21M93wuap3o,Indiana Vein Specialists,,,Medical clinic,"3920 St Francis Way #105, Lafayette, IN 47905, United States","95V8+CX Lafayette, Indiana, USA",https://indyveins.com/,+1 765-807-2770,Closed · Opens 9 am Wed,https://streetviewpixels-pa.googleapis.com/v1/thumbnail?panoid=e4L9bcZKkHeifj7AYC-lRA&cb_client=search.gws-prod.gps&w=408&h=240&yaw=157.74953&pitch=0&thumbfov=100,true,"https://www.google.com/maps/search/vein+clinics+in+West+Lafayette+Terra+Haute+IN/@39.4654441,-87.4139427,14z",2025-12-16T22:11:52.665Z,9 am–5 pm,9 am–5 pm,9 am–5 pm,8 am–1 pm,Closed,Closed,9 am–5 pm,,,
"https://www.google.com/maps/place/Dr.+John+L+Trench+III,+DPM+%2F+Advanced+Wound+and+Limb+Care+Center/data=!4m7!3m6!1s0x886d65487f1d5c81:0x879edf6596259da3!8m2!3d39.4643102!4d-87.3955154!16s%2Fg%2F1wv_szcl!19sChIJgVwdf0hlbYgRo50llmXfnoc","Dr. John L Trench III, DPM / Advanced Wound and Limb Care Center",4.3,18,Podiatrist,"303 S 14th St, Terre Haute, IN 47807, United States","FJ73+PQ Terre Haute, Indiana, USA",,+1 812-232-0957,Closed · Opens 9 am Wed,https://streetviewpixels-pa.googleapis.com/v1/thumbnail?panoid=VsXYcGShhiZTG2aCWmV-kw&cb_client=search.gws-prod.gps&w=408&h=240&yaw=210.47906&pitch=0&thumbfov=100,false,"https://www.google.com/maps/search/vein+clinics+in+Lebanon+Terra+Haute+IN/@39.4654441,-87.4139427,14z",2025-12-16T22:12:08.695Z,9 am–12 pm,9 am–5 pm,9 am–5 pm,Closed,Closed,Closed,9 am–5 pm,,,
"https://www.google.com/maps/place/Stephen+L.+Schwartz,+MD/data=!4m7!3m6!1s0x886d6531c2fc6e0d:0xd81fd6aee553ca78!8m2!3d39.4833008!4d-87.4098625!16s%2Fg%2F1tctmjtm!19sChIJDW78wjFlbYgReMpT5a7WH9g","Stephen L. Schwartz, MD",4.8,5,Urologist,"1429 N 6th St, Terre Haute, IN 47807, United States","FHMR+83 Terre Haute, Indiana, USA",http://uapclinic.com/,+1 812-242-3130,,https://streetviewpixels-pa.googleapis.com/v1/thumbnail?panoid=VGSePh-8qdwhFhywvLaRmQ&cb_client=search.gws-prod.gps&w=408&h=240&yaw=189.16783&pitch=0&thumbfov=100,false,"https://www.google.com/maps/search/vein+clinics+in+Lebanon+Terra+Haute+IN/@39.4654441,-87.4139427,14z",2025-12-16T22:12:11.474Z,,,,,,,,,,
"https://www.google.com/maps/place/Carlos+J.+Belmar,+MD/data=!4m7!3m6!1s0x886d651a8839b39d:0x2984eb6308701972!8m2!3d39.4856407!4d-87.4068504!16s%2Fg%2F1tptrc54!19sChIJnbM5iBplbYgRchlwCGPrhCk","Carlos J. Belmar, MD",4.9,14,Orthopedic surgeon,"1725 N 5th St, Terre Haute, IN 47804, United States","FHPV+77 Terre Haute, Indiana, USA",http://uapclinic.com/,+1 812-242-3005,,https://streetviewpixels-pa.googleapis.com/v1/thumbnail?panoid=vuUu8KojSHuW6YUxZ7Rdmw&cb_client=search.gws-prod.gps&w=408&h=240&yaw=320.54187&pitch=0&thumbfov=100,true,"https://www.google.com/maps/search/vein+clinics+in+Lebanon+Terra+Haute+IN/@39.4654441,-87.4139427,14z",2025-12-16T22:12:14.132Z,,,,,,,,,,
https://www.google.com/maps/place/Union+Medical+Group+%28UAP+Clinic%29+Eye+Center/data=!4m7!3m6!1s0x886d652e71aeacdf:0xd5e52d0729dbb240!8m2!3d39.4640828!4d-87.4116503!16s%2Fg%2F1thct27_!19sChIJ36yucS5lbYgRQLLbKQct5dU,Union Medical Group (UAP Clinic) Eye Center,4.2,14,Eye care center,"422 Poplar St, Terre Haute, IN 47807, United States","FH7Q+J8 Terre Haute, Indiana, USA",http://www.uapclinic.com/,+1 812-242-3700,Closed · Opens 8 am Wed,https://lh3.googleusercontent.com/p/AF1QipOmWeGHMtpk31QafgvEsv760BrNVIHtvP4DpfY9=w408-h271-k-no,true,"https://www.google.com/maps/search/vein+clinics+in+Lebanon+Terra+Haute+IN/@39.4654441,-87.4139427,14z",2025-12-16T22:12:19.040Z,8 am–5 pm,8 am–5 pm,8 am–5 pm,8 am–5 pm,Closed,Closed,8 am–5 pm,,,
"https://www.google.com/maps/place/Dr.+Marcia+L.+Favali,+MD/data=!4m7!3m6!1s0x886d6531c2fc6e0d:0x47e604ae33cfe43d!8m2!3d39.4638818!4d-87.4108661!16s%2Fg%2F1tl7pgdy!19sChIJDW78wjFlbYgRPeTPM64E5kc","Dr. Marcia L. Favali, MD",4.0,12,Family practice physician,"221 S 6th St, Terre Haute, IN 47807, United States","FH7Q+HM Terre Haute, Indiana, USA",http://www.uapclinic.com/,+1 812-242-3120,Closed · Opens 8 am Wed,https://streetviewpixels-pa.googleapis.com/v1/thumbnail?panoid=CQApc2McpPU6sM7g7nJjDg&cb_client=search.gws-prod.gps&w=408&h=240&yaw=267.76532&pitch=0&thumbfov=100,false,"https://www.google.com/maps/search/vein+clinics+in+Lebanon+Terra+Haute+IN/@39.4654441,-87.4139427,14z",2025-12-16T22:12:24.040Z,8 am–5 pm,8 am–5 pm,8 am–5 pm,Closed,Closed,Closed,8 am–5 pm,,,
"https://www.google.com/maps/place/Dr.+Edward+A.+Rico,+MD/data=!4m7!3m6!1s0x886d65175742c881:0xe184bf6275a21d2!8m2!3d39.4831474!4d-87.4101331!16s%2Fg%2F11b6hwpsv6!19sChIJgchCVxdlbYgR0iFaJ_ZLGA4","Dr. Edward A. Rico, MD",3.8,6,Endocrinologist,"1429 N 6th St, Terre Haute, IN 47807, United States","FHMQ+7W Terre Haute, Indiana, USA",http://www.uapclinic.com/,+1 812-232-0564,,https://streetviewpixels-pa.googleapis.com/v1/thumbnail?panoid=3ZiLI3orCum84A_hMroyuA&cb_client=search.gws-prod.gps&w=408&h=240&yaw=95.29022&pitch=0&thumbfov=100,false,"https://www.google.com/maps/search/vein+clinics+in+Lebanon+Terra+Haute+IN/@39.4654441,-87.4139427,14z",2025-12-16T22:12:27.302Z,,,,,,,,,,
https://www.google.com/maps/place/UAP+Northside-Neurology:+Maynard+Steven+D+MD/data=!4m7!3m6!1s0x886d651af9a352db:0xf2f7d9b162f7caf0!8m2!3d39.4868441!4d-87.412437!16s%2Fg%2F1tls3l6b!19sChIJ21Kj-RplbYgR8Mr3YrHZ9_I,UAP Northside-Neurology: Maynard Steven D MD,3.4,15,Neurologist,"1739 N 4th St, Terre Haute, IN 47804, United States","FHPQ+P2 Terre Haute, Indiana, USA",http://www.uapclinic.com/,+1 812-242-3125,,https://lh3.googleusercontent.com/gps-cs-s/AG0ilSyL7WoKQ_R2QLJYWOmPiqsdcyG1V4EF_UtERHVYkJ37L0XmjlSt9ajWfL4-Jo12YADCI9iz0lpHTe96JKbrSocGcYT0RxhZ5Zd6lFpbgld9z1O5PBx0IAwyiFwKIe8iG3TO6pBRQg=w408-h544-k-no,true,"https://www.google.com/maps/search/vein+clinics+in+Lebanon+Terra+Haute+IN/@39.4654441,-87.4139427,14z",2025-12-16T22:12:30.111Z,,,,,,,,,,
"https://www.google.com/maps/place/Bone+%26+Joint+Center:+McGuirk,+Douglas+MD/data=!4m7!3m6!1s0x886d651a8839b39d:0xde985a044571ea26!8m2!3d39.4866415!4d-87.4113334!16s%2Fg%2F1tmz7pf5!19sChIJnbM5iBplbYgRJupxRQRamN4","Bone & Joint Center: McGuirk, Douglas MD",4.0,12,Hand surgeon,"1725 N 5th St, Terre Haute, IN 47804, United States","FHPQ+MF Terre Haute, Indiana, USA",http://www.uapclinic.com/,+1 812-242-3005,Closed · Opens 8 am Wed,https://lh3.googleusercontent.com/p/AF1QipOgykprSj8jxc08TsucBCoJGOUOxH4YSHLuu3ga=w408-h308-k-no,true,"https://www.google.com/maps/search/vein+clinics+in+Lebanon+Terra+Haute+IN/@39.4654441,-87.4139427,14z",2025-12-16T22:12:35.040Z,8 am–5 pm,8 am–5 pm,8 am–5 pm,8 am–5 pm,Closed,Closed,8 am–5 pm,,,
"https://www.google.com/maps/place/Dr.+Shantilal+S.+Patel,+MD/data=!4m7!3m6!1s0x886d6531c2fc6e0d:0x959a0964c7952a4!8m2!3d39.4836709!4d-87.4104137!16s%2Fg%2F1ptwgtwr3!19sChIJDW78wjFlbYgRpFJ5TJagWQk","Dr. Shantilal S. Patel, MD",3.4,5,Cardiologist,"1429 N 6th St, Terre Haute, IN 47807, United States","FHMQ+FR Terre Haute, Indiana, USA",http://www.uapclinic.com/,+1 812-242-3175,,https://streetviewpixels-pa.googleapis.com/v1/thumbnail?panoid=_xJkPmF1y9OKd8usLnfjrg&cb_client=search.gws-prod.gps&w=408&h=240&yaw=77.63379&pitch=0&thumbfov=100,false,"https://www.google.com/maps/search/vein+clinics+in+Lebanon+Terra+Haute+IN/@39.4654441,-87.4139427,14z",2025-12-16T22:12:37.867Z,,,,,,,,,,
https://www.google.com/maps/place/UAP+Oncology+%26+Hematology/data=!4m7!3m6!1s0x886da5571f271483:0x353bef00a7ebe313!8m2!3d39.486848!4d-87.4076566!16s%2Fg%2F1hc4bm7qg!19sChIJgxQnH1elbYgRE-PrpwDvOzU,UAP Oncology & Hematology,1.0,1,Medical clinic,"1711 N 6th 1/2 St, Terre Haute, IN 47804, United States","FHPR+PW Terre Haute, Indiana, USA",http://uapclinic.com/,+1 812-242-3610,,https://streetviewpixels-pa.googleapis.com/v1/thumbnail?panoid=qFek3zWVwgkGN-drzO0jRA&cb_client=search.gws-prod.gps&w=408&h=240&yaw=90.695175&pitch=0&thumbfov=100,false,"https://www.google.com/maps/search/vein+clinics+in+Lebanon+Terra+Haute+IN/@39.4654441,-87.4139427,14z",2025-12-16T22:12:40.630Z,,,,,,,,,,
"https://www.google.com/maps/place/Stephanie+Arnold,+NP-C/data=!4m7!3m6!1s0x886d65175742c881:0x99d17cdbe223ec62!8m2!3d39.4833742!4d-87.4099315!16s%2Fg%2F11bbx1p8w2!19sChIJgchCVxdlbYgRYuwj4tt80Zk","Stephanie Arnold, NP-C",3.8,11,Nurse practitioner,"1429 N 6th St, Terre Haute, IN 47807, United States","FHMR+82 Terre Haute, Indiana, USA",http://www.uapclinic.com/,+1 812-244-5055,,https://streetviewpixels-pa.googleapis.com/v1/thumbnail?panoid=VGSePh-8qdwhFhywvLaRmQ&cb_client=search.gws-prod.gps&w=408&h=240&yaw=199.42628&pitch=0&thumbfov=100,false,"https://www.google.com/maps/search/vein+clinics+in+Lebanon+Terra+Haute+IN/@39.4654441,-87.4139427,14z",2025-12-16T22:12:55.705Z,,,,,,,,,,
https://www.google.com/maps/place/Skin+Avenue/data=!4m7!3m6!1s0x886d7bc2f78f0561:0x83d8237c2c2223b3!8m2!3d39.4339167!4d-87.3959213!16s%2Fg%2F11l68hvd0m!19sChIJYQWP98J7bYgRsyMiLHwj2IM,Skin Avenue,5.0,6,Facial spa,"The Parlor, 2959 Erie Canal Road Suite 2, Terre Haute, IN 47802, United States","CJM3+HJ Terre Haute, Indiana, USA",https://www.skinavenue.org/,+1 812-605-9012,Closed · Opens 10 am Wed,https://lh3.googleusercontent.com/p/AF1QipPxvsyjIytnipGFdqu8cCbQKKB8HY2afTZyj9rC=w408-h271-k-no,true,"https://www.google.com/maps/search/vein+clinics+in+Lebanon+Terra+Haute+IN/@39.4654441,-87.4139427,14z",2025-12-16T22:13:00.926Z,10 am–5 pm,10 am–5 pm,10 am–5 pm,Closed,Closed,12–4 pm,10 am–5 pm,,,
https://www.google.com/maps/place/Beirut+Vein+Clinic/data=!4m7!3m6!1s0x151f1735bedfb899:0x2c481c447b367905!8m2!3d33.8920254!4d35.5610425!16s%2Fg%2F11h7z1d0h0!19sChIJmbjfvjUXHxURBXk2e0QcSCw,Beirut Vein Clinic,4.0,4,Medical clinic,"4th Floor, 1 Center, Bloc B, Jdeideh, Lebanon","VHR6+RC Jdeideh, Lebanon",http://www.beirutveinclinic.com/,+961 1 883 813,Closed · Opens 9 am,https://streetviewpixels-pa.googleapis.com/v1/thumbnail?panoid=NgZCpDVUk9Tz24WjCD--LQ&cb_client=search.gws-prod.gps&w=408&h=240&yaw=288.41138&pitch=0&thumbfov=100,false,"https://www.google.com/maps/search/vein+clinics+in+Lebanon+Terra+Haute+IN/@39.4654441,-87.4139427,14z",2025-12-16T22:13:06.168Z,9 am–6 pm,9 am–6 pm,9 am–6 pm,9 am–6 pm,9 am–12 pm,Closed,9 am–6 pm,,,
https://www.google.com/maps/place/Belarmino+T+Frogozo+MD/data=!4m7!3m6!1s0x886d7af69236ba61:0x8b897120ee5b22d7!8m2!3d39.4196029!4d-87.4098663!16s%2Fg%2F1ttpc18j!19sChIJYbo2kvZ6bYgR1yJb7iBxiYs,Belarmino T Frogozo MD,4.5,2,Plastic surgeon,"501 E Hospital Ln #107, Terre Haute, IN 47802, United States","CH9R+R3 Terre Haute, Indiana, USA",,+1 812-232-3100,Closed · Opens 9 am Wed,https://streetviewpixels-pa.googleapis.com/v1/thumbnail?panoid=8rSSzRsmp1ARqrDFqLsQ6g&cb_client=search.gws-prod.gps&w=408&h=240&yaw=178.92274&pitch=0&thumbfov=100,false,"https://www.google.com/maps/search/vein+clinics+in+Lebanon+Terra+Haute+IN/@39.4654441,-87.4139427,14z",2025-12-16T22:13:10.944Z,9 am–5 pm,9 am–4 pm,9 am–5 pm,9 am–12 am,Closed,Closed,9 am–5 pm,,,