placeUrl,title,rating,reviewCount,category,address,plusCode,website,phoneNumber,currentStatus,imgUrl,isClaimed,wednesday,thursday,friday,saturday,sunday,monday,tuesday,query,timestamp,info,isBlackOwned,error
https://www.google.com/maps/place/Integrated+Pain+Associates+-+Abilene/data=!4m7!3m6!1s0x86568d5e02fedaad:0xbc4ba30f931f6683!8m2!3d32.3978287!4d-99.7632506!16s%2Fg%2F11gmgxfgkz!19sChIJrdr-Al6NVoYRg2Yfkw-jS7w,Integrated Pain Associates - Abilene,4.0,231,Pain control clinic,"4351 Ridgemont Dr, Abilene, TX 79606, United States","96XP+4M Abilene, Texas, USA",https://ipaclinic.com/locations/abilene/?utm_source=GMB&utm_medium=organic&utm_campaign=listing,+1 254-566-5176,Open · Closes 5 pm,https://lh3.googleusercontent.com/p/AF1QipOb2Gpdr585cEYk7mHrnwcRXkr6Z40kxMAw0kVB=w427-h240-k-no,true,8 am–5 pm,8 am–5 pm,8 am–12 pm,Closed,Closed,8 am–5 pm,8 am–5 pm,"https://www.google.com/maps/search/pain+management+physician+in+Sweetwater+Abilene+TX/@32.4534878,-99.7312829,14z",2026-01-28T18:35:41.512Z,,,
https://www.google.com/maps/place/Dozier+Norman+Pa/data=!4m7!3m6!1s0x86568fd4b1efb5c7:0x9c07221b2b0cf556!8m2!3d32.4768708!4d-99.7280105!16s%2Fg%2F1ttpbql0!19sChIJx7XvsdSPVoYRVvUMKxsiB5w,Dozier Norman Pa,3.9,67,Pain management physician,"2401 N Treadaway Blvd, Abilene, TX 79601, United States","F7GC+PQ Abilene, Texas, USA",http://www.dozierpainmanagement.com/,+1 325-676-7700,Opens soon · 1 pm,https://streetviewpixels-pa.googleapis.com/v1/thumbnail?panoid=CBamsgGaG5nvF_jigm8-dg&cb_client=search.gws-prod.gps&w=408&h=240&yaw=81.69633&pitch=0&thumbfov=100,true,"8:15 am–12 pm, 1–5 pm","8:15 am–12 pm, 1–5 pm",8:15 am–12 pm,Closed,Closed,"8:15 am–12 pm, 1–5 pm","8:15 am–12 pm, 1–5 pm","https://www.google.com/maps/search/pain+management+physician+in+Sweetwater+Abilene+TX/@32.4534878,-99.7312829,14z",2026-01-28T18:35:46.059Z,,,
"https://www.google.com/maps/place/James+Sweet,+MD/data=!4m7!3m6!1s0x53487b3ddc8f766d:0x7e955dbb2ea34727!8m2!3d32.385715!4d-99.767804!16s%2Fg%2F1thn559k!19sChIJbXaP3D17SFMRJ0ejLrtdlX4","James Sweet, MD",4.2,51,Pain management physician,"5302 Buffalo Gap Rd suit 104, Abilene, TX 79606, United States","96PJ+7V Abilene, Texas, USA",https://www.hendrickhealth.org/find-a-provider/james-a-sweet-md/,+1 325-307-6226,"Open · Closes 5 pm

Confirmed by this business 12 weeks ago",https://lh3.googleusercontent.com/p/AF1QipN_cRqvbhJ6C9lzt6HGO8fbNwUSHkHvB4TjBm3I=w426-h240-k-no,true,8 am–5 pm,8 am–5 pm,8 am–12 pm,Closed,Closed,8 am–5 pm,8 am–5 pm,"https://www.google.com/maps/search/pain+management+physician+in+Sweetwater+Abilene+TX/@32.4534878,-99.7312829,14z",2026-01-28T18:35:50.880Z,,,
"https://www.google.com/maps/place/Paul+Watts,+DO/data=!4m7!3m6!1s0x86568e2e9380aa55:0x3767fa50bb37d45d!8m2!3d32.4671908!4d-99.7246726!16s%2Fg%2F11cs1y9ngd!19sChIJVaqAky6OVoYRXdQ3u1D6Zzc","Paul Watts, DO",4.1,19,Physiatrist,"1633 Cottonwood St, Abilene, TX 79601, United States","F78G+V4 Abilene, Texas, USA",https://www.hendrickhealth.org/hendrick-clinic/bone-and-joint/,+1 325-672-4372,,https://streetviewpixels-pa.googleapis.com/v1/thumbnail?panoid=0cPztkdsQCsqi_dKcpnoqQ&cb_client=search.gws-prod.gps&w=408&h=240&yaw=87.214386&pitch=0&thumbfov=100,true,,,,,,,,"https://www.google.com/maps/search/pain+management+physician+in+Sweetwater+Abilene+TX/@32.4534878,-99.7312829,14z",2026-01-28T18:35:53.041Z,,,
https://www.google.com/maps/place/Abilene+White+Rock+Surgery+Center+Llc/data=!4m7!3m6!1s0x86568fd4b23aaaab:0x176e4bf2605a289b!8m2!3d32.4773498!4d-99.7283067!16s%2Fg%2F11h3vbj6hl!19sChIJq6o6stSPVoYRmyhaYPJLbhc,Abilene White Rock Surgery Center Llc,2.8,5,Pain control clinic,"2401 N Treadaway Blvd, Abilene, TX 79601, United States","F7GC+WM Abilene, Texas, USA",https://www.dozierpainmanagement.com/,+1 325-704-5400,Open · Closes 5 pm,https://streetviewpixels-pa.googleapis.com/v1/thumbnail?panoid=7VlXX5OTe4m1UQmX-JCwDA&cb_client=search.gws-prod.gps&w=408&h=240&yaw=68.62707&pitch=0&thumbfov=100,false,8 am–5 pm,8 am–5 pm,8 am–12 pm,Closed,Closed,8 am–5 pm,8 am–5 pm,"https://www.google.com/maps/search/pain+management+physician+in+Sweetwater+Abilene+TX/@32.4534878,-99.7312829,14z",2026-01-28T18:35:57.357Z,,,
"https://www.google.com/maps/place/David+Arnold+Lindley/@32.4768308,-99.7280099,17z/data=!3m1!4b1!4m6!3m5!1s0x86568fd4b2306ea5:0x39846d4851fc90bf!8m2!3d32.4768308!4d-99.7280099!16s%2Fg%2F11kjq6g0k4",David Arnold Lindley,5.0,1,Pain management physician,"2401 N Treadaway Blvd, Abilene, TX 79601, United States","F7GC+PQ Abilene, Texas, USA",,+1 325-676-7700,,,false,,,,,,,,"https://www.google.com/maps/search/pain+management+physician+in+Sweetwater+Abilene+TX/@32.4534878,-99.7312829,14z",2026-01-28T18:36:01.623Z,,,
"https://www.google.com/maps/place/Ted+Chaka,+PA/data=!4m7!3m6!1s0x86568e9cffffffff:0x410434aa91834f52!8m2!3d32.385715!4d-99.767804!16s%2Fg%2F11j6h652qq!19sChIJ_____5yOVoYRUk-Dkao0BEE","Ted Chaka, PA",4.4,14,Physician assistant,"5302 Buffalo Gap Rd suit 104, Abilene, TX 79606, United States","96PJ+7V Abilene, Texas, USA",https://hendrickhealth.org/,+1 325-307-6226,,https://lh3.googleusercontent.com/p/AF1QipMIFrKs_AE-5YKofKgg8Yks9NL2bpZREqHmJ-kF=w426-h240-k-no,true,,,,,,,,"https://www.google.com/maps/search/pain+management+physician+in+Sweetwater+Abilene+TX/@32.4534878,-99.7312829,14z",2026-01-28T18:36:03.911Z,,,
"https://www.google.com/maps/place/Grant+E+Jameson,+MD/data=!4m7!3m6!1s0x86568d6a6502cb1b:0x2bf5ac2f475e3a95!8m2!3d32.385715!4d-99.767804!16s%2Fg%2F11kzyyql2w!19sChIJG8sCZWqNVoYRlTpeRy-s9Ss","Grant E Jameson, MD",3.9,49,Pain management physician,"5302 Buffalo Gap Rd suit 104, Abilene, TX 79606, United States","96PJ+7V Abilene, Texas, USA",,+1 325-307-6226,,https://lh3.googleusercontent.com/p/AF1QipOI-jsFDYsm3mUJ60ZsBPhK2hkdwQ8_QMoVUlk=w426-h240-k-no,true,,,,,,,,"https://www.google.com/maps/search/pain+management+physician+in+Sweetwater+Abilene+TX/@32.4534878,-99.7312829,14z",2026-01-28T18:36:06.147Z,,,
https://www.google.com/maps/place/Restore+Wellness+Centre/data=!4m7!3m6!1s0x86568dae744aab93:0x86f080b491ef8970!8m2!3d32.4283087!4d-99.7881735!16s%2Fg%2F11bz0bgrpk!19sChIJk6tKdK6NVoYRcInvkbSA8IY,Restore Wellness Centre,4.6,51,Medical clinic,"1702 S Clack St Suite 1, Abilene, TX 79605, United States","C6H6+8P Abilene, Texas, USA",https://restorewellnesscentre.com/,+1 325-704-5069,Open · Closes 5 pm,https://lh3.googleusercontent.com/p/AF1QipP-LQbE73CxXa1ZKwJzu7kZFJisq_t3d_5d8eG1=w408-h244-k-no,true,9 am–5 pm,9 am–5 pm,Closed,Closed,Closed,9 am–5 pm,9 am–5 pm,"https://www.google.com/maps/search/pain+management+physician+in+Sweetwater+Abilene+TX/@32.4534878,-99.7312829,14z",2026-01-28T18:36:10.493Z,,,
https://www.google.com/maps/place/Price+Michael+D+MD/data=!4m7!3m6!1s0x86568ddcbe5e708b:0x3a1dfc1786f2c989!8m2!3d32.4200133!4d-99.7500054!16s%2Fg%2F1262l8w07!19sChIJi3BevtyNVoYRicnyhhf8HTo,Price Michael D MD,,,Pain management physician,"Abilene, TX 79608, United States","C6CX+2X Abilene, Texas, USA",,+1 325-793-5375,,https://streetviewpixels-pa.googleapis.com/v1/thumbnail?panoid=sWeR5stZT62XKNKacA__SA&cb_client=search.gws-prod.gps&w=408&h=240&yaw=268.45987&pitch=0&thumbfov=100,false,,,,,,,,"https://www.google.com/maps/search/pain+management+physician+in+Sweetwater+Abilene+TX/@32.4534878,-99.7312829,14z",2026-01-28T18:36:17.871Z,,,
https://www.google.com/maps/place/Hands+on+Healing/data=!4m7!3m6!1s0x86568e7e7e3e3d6f:0xff740f176ad95c23!8m2!3d32.397624!4d-99.7619968!16s%2Fg%2F11f3s73yls!19sChIJbz0-fn6OVoYRI1zZahcPdP8,Hands on Healing,4.9,26,Physical therapist,"4400 Buffalo Gap Rd Suite 2150, Abilene, TX 79606, United States","96XQ+26 Abilene, Texas, USA",https://garycollinshoh.com/,+1 325-704-3167,Open · Closes 5:30 pm,https://lh3.googleusercontent.com/p/AF1QipOCE85NS8KkHOZRH0bHuvJiFtOmOSpwZa--K1q8=w426-h240-k-no,true,8:30 am–5:30 pm,8:30 am–5:30 pm,8:30 am–5:30 pm,9:30 am–12:30 pm,Closed,Closed,8:30 am–5:30 pm,"https://www.google.com/maps/search/pain+management+physician+in+Sweetwater+Abilene+TX/@32.4534878,-99.7312829,14z",2026-01-28T18:36:22.152Z,Identifies as veteran-owned,,
https://www.google.com/maps/place/Hendrick+Medical+Center/data=!4m7!3m6!1s0x86568f4cf6371397:0xa873e2c50a394f8f!8m2!3d32.4720179!4d-99.7331776!16s%2Fg%2F11f7hq8__y!19sChIJlxM39kyPVoYRj085CsXic6g,Hendrick Medical Center,2.7,281,Hospital,"1900 Pine St, Abilene, TX 79601, United States","F7C8+RP Abilene, Texas, USA",https://www.hendrickhealth.org/,+1 325-670-2000,"Open 24 hours

Confirmed by this business 12 weeks ago",https://lh3.googleusercontent.com/gps-cs-s/AHVAwep-4QfoY2hiT1hl0ERqo92w-gVvgP-2V-3VFS2EIL9P4sCsV6dAyGopml87RIi44IbvdFVSMC9NmbwANHLOujbOZkl1Q8s8p8ztElVoT6mzbMAe1E_k3_FaLu6uNwVE2L0VB3qXAA=w408-h544-k-no,true,Open 24 hours,Open 24 hours,Open 24 hours,Open 24 hours,Open 24 hours,Open 24 hours,Open 24 hours,"https://www.google.com/maps/search/pain+management+physician+in+Sweetwater+Abilene+TX/@32.4534878,-99.7312829,14z",2026-01-28T18:36:26.796Z,,,
https://www.google.com/maps/place/Abilene+Pain+Consultants/data=!4m7!3m6!1s0x86568d6ce13b5091:0x4bb11b2364b3cabb!8m2!3d32.3726765!4d-99.7445328!16s%2Fg%2F1vkxmp8s!19sChIJkVA74WyNVoYRu8qzZCMbsUs,Abilene Pain Consultants,5.0,1,Pain management physician,"6399 Directors Pkwy, Abilene, TX 79606, United States","97F4+35 Abilene, Texas, USA",,+1 325-794-5420,Temporarily closed,https://streetviewpixels-pa.googleapis.com/v1/thumbnail?panoid=fAsnT-32WvtMsTPCpbg7sg&cb_client=search.gws-prod.gps&w=408&h=240&yaw=56.49485&pitch=0&thumbfov=100,false,,,,,,,,"https://www.google.com/maps/search/pain+management+physician+in+Sweetwater+Abilene+TX/@32.4534878,-99.7312829,14z",2026-01-28T18:36:31.240Z,,,
https://www.google.com/maps/place/Abeline+Pain+Care/data=!4m7!3m6!1s0x86568e9fb42f6215:0x6ece953a8674e3c6!8m2!3d32.4280751!4d-99.787929!16s%2Fg%2F1hc3mf0xn!19sChIJFWIvtJ-OVoYRxuN0hjqVzm4,Abeline Pain Care,,,Medical clinic,"1758 S Clack St, Abilene, TX 79605, United States","C6H6+6R Abilene, Texas, USA",,+1 325-695-7246,Temporarily closed,https://streetviewpixels-pa.googleapis.com/v1/thumbnail?panoid=iuVImwGR0nmg_cfj-vp9kw&cb_client=search.gws-prod.gps&w=408&h=240&yaw=260.99942&pitch=0&thumbfov=100,false,,,,,,,,"https://www.google.com/maps/search/pain+management+physician+in+Sweetwater+Abilene+TX/@32.4534878,-99.7312829,14z",2026-01-28T18:36:35.544Z,,,
"https://www.google.com/maps/place/Hendrick+Clinic/@32.385715,-99.767804,17z/data=!3m1!4b1!4m6!3m5!1s0x86568d5d7bfeb269:0x9efbad8961cf5793!8m2!3d32.385715!4d-99.767804!16s%2Fg%2F11t1rbn0ln",Hendrick Clinic,3.0,2,Medical clinic,"5302 Buffalo Gap Rd suit 104, Abilene, TX 79606, United States","96PJ+7V Abilene, Texas, USA",,+1 325-307-6226,,,true,,,,,,,,"https://www.google.com/maps/search/pain+management+physician+in+Sweetwater+Abilene+TX/@32.4534878,-99.7312829,14z",2026-01-28T18:36:39.759Z,,,
https://www.google.com/maps/place/Abilene+Pain/data=!4m7!3m6!1s0x86568d587aaa53c1:0xc335c11fa6bd0000!8m2!3d32.3743682!4d-99.7466924!16s%2Fg%2F11ms5lww_5!19sChIJwVOqeliNVoYRAAC9ph_BNcM,Abilene Pain,,,Medical clinic,"1925 Hospital Pl, Abilene, TX 79606, United States","97F3+P8 Abilene, Texas, USA",https://www.abilenepain.com/,+1 325-326-3433,"Open · Closes 5 pm

Confirmed by this business 6 weeks ago",https://streetviewpixels-pa.googleapis.com/v1/thumbnail?panoid=m2K6rN91XPmuVy8Hl1XyrA&cb_client=search.gws-prod.gps&w=408&h=240&yaw=300.3458&pitch=0&thumbfov=100,true,8 am–5 pm,8 am–5 pm,8 am–1 pm,Closed,Closed,8 am–5 pm,8 am–5 pm,"https://www.google.com/maps/search/pain+management+physician+in+Sweetwater+Abilene+TX/@32.4534878,-99.7312829,14z",2026-01-28T18:36:44.096Z,,,
https://www.google.com/maps/place/West+Texas+Back+Clinic/data=!4m7!3m6!1s0x86568e9fb41cc02d:0x3b56d4438a09f0b5!8m2!3d32.4280808!4d-99.7879305!16s%2Fg%2F1trxf389!19sChIJLcActJ-OVoYRtfAJikPUVjs,West Texas Back Clinic,4.9,703,Chiropractor,"1750 S Clack St, Abilene, TX 79605, United States","C6H6+6R Abilene, Texas, USA",http://westtexasbackclinic.net/?utm_source=Next&utm_medium=Google_website,+1 325-695-2225,"Closed · Opens 1:30 pm

Confirmed by this business 6 weeks ago",https://lh3.googleusercontent.com/p/AF1QipMddZHr5yisdjSsjw6wsT9QxKOMGMJYrql6YhtI=w408-h306-k-no,true,"7 am–12 pm, 1:30–6 pm",8 am–6 pm,7 am–3 pm,Closed,Closed,"7 am–12 pm, 1:30–6 pm","8 am–12 pm, 1:30–6 pm","https://www.google.com/maps/search/pain+management+physician+in+Sweetwater+Abilene+TX/@32.4534878,-99.7312829,14z",2026-01-28T18:36:48.413Z,LGBTQ+ friendly,,
"https://www.google.com/maps/place/West+Texas+Back+Clinic:+Scott+D.+Wofford,+DC/data=!4m7!3m6!1s0x86568e9fb41cc02d:0xe8676d5c81de3ec1!8m2!3d32.4280978!4d-99.7879348!16s%2Fg%2F1thn5y86!19sChIJLcActJ-OVoYRwT7egVxtZ-g","West Texas Back Clinic: Scott D. Wofford, DC",5.0,9,Chiropractor,"1750 S Clack St, Abilene, TX 79605, United States","C6H6+6R Abilene, Texas, USA",http://www.westtexasbackclinic.net/scott-d-wofford-b-s-m-s-d-c/,+1 325-695-2225,Closed · Opens 1:30 pm,https://lh3.googleusercontent.com/p/AF1QipM8pgsUYi0uC2VyqIIhP1llKzqCCpnPZzyZ2nUq=w459-h240-k-no,true,"7 am–12 pm, 1:30–4:30 pm","8 am–12 pm, 1:30–4:30 pm",7 am–1 pm,Closed,Closed,"7 am–12 pm, 1:30–4:30 pm","8 am–12 pm, 1:30–4:30 pm","https://www.google.com/maps/search/pain+management+physician+in+Sweetwater+Abilene+TX/@32.4534878,-99.7312829,14z",2026-01-28T18:36:52.708Z,,,
"https://www.google.com/maps/place/Prabhu+Udayakumar,+MD/data=!4m7!3m6!1s0x86568f338a10b243:0xf5656dd3fd9563bd!8m2!3d32.4705622!4d-99.7360703!16s%2Fg%2F11fmyr1mxv!19sChIJQ7IQijOPVoYRvWOV_dNtZfU","Prabhu Udayakumar, MD",5.0,38,Rheumatologist,"1850 Hickory St ste 200 f, Abilene, TX 79601, United States","F7C7+6H Abilene, Texas, USA",https://www.hendrickhealth.org/find-a-provider/prabhu-d-udayakumar-md/,+1 325-670-4590,,https://lh3.googleusercontent.com/p/AF1QipOKE7jzNX3xz3MxiwAbN1pRevrIJEZ0vEBUbWGw=w426-h240-k-no,true,,,,,,,,"https://www.google.com/maps/search/pain+management+physician+in+Sweetwater+Abilene+TX/@32.4534878,-99.7312829,14z",2026-01-28T18:36:55.154Z,,,
https://www.google.com/maps/place/Abilene+Bone+%26+Joint+Clinic:+Dr.+David+Stark/data=!4m7!3m6!1s0x86568e2e9311e33f:0xab0c9f4e13430955!8m2!3d32.4672018!4d-99.7246659!16s%2Fg%2F1tglzdcd!19sChIJP-MRky6OVoYRVQlDE06fDKs,Abilene Bone & Joint Clinic: Dr. David Stark,4.7,125,Orthopedic surgeon,"1633 Cottonwood St, Abilene, TX 79601, United States","F78G+V4 Abilene, Texas, USA",https://www.hendrickhealth.org/find-a-provider/david-m-stark-md/,+1 325-672-4372,Open · Closes 5 pm,https://streetviewpixels-pa.googleapis.com/v1/thumbnail?panoid=0cPztkdsQCsqi_dKcpnoqQ&cb_client=search.gws-prod.gps&w=408&h=240&yaw=85.9609&pitch=0&thumbfov=100,true,8 am–5 pm,8 am–5 pm,8 am–5 pm,Closed,Closed,8 am–5 pm,8 am–5 pm,"https://www.google.com/maps/search/pain+management+physician+in+Sweetwater+Abilene+TX/@32.4534878,-99.7312829,14z",2026-01-28T18:36:59.472Z,,,
https://www.google.com/maps/place/Airrosti+Abilene/data=!4m7!3m6!1s0x86568d042e20a041:0x21c4c535cbe721a2!8m2!3d32.3979386!4d-99.7611162!16s%2Fg%2F11y92dl3_s!19sChIJQaAgLgSNVoYRoiHnyzXFxCE,Airrosti Abilene,5.0,106,Medical clinic,"4400 Buffalo Gap Rd Suite 2450, Abilene, TX 79606, United States","96XQ+5H Abilene, Texas, USA",https://www.airrosti.com/location/texas/abilene-4400-buffalo-gap-rd-aabil/,+1 325-770-0012,Open · Closes 4 pm,https://lh3.googleusercontent.com/p/AF1QipP7eMOVArHx48AUNBjpiyn7fEdzjJq2GZA7fN0l=w408-h306-k-no,true,7 am–4 pm,8 am–6 pm,8 am–1 pm,Closed,Closed,7 am–5 pm,8 am–6 pm,"https://www.google.com/maps/search/pain+management+physician+in+Sweetwater+Abilene+TX/@32.4534878,-99.7312829,14z",2026-01-28T18:37:03.790Z,,,
https://www.google.com/maps/place/My+Joint+Care/data=!4m7!3m6!1s0x86568f38b5bccaef:0x11b77b120cdd9d62!8m2!3d32.4283087!4d-99.7881735!16s%2Fg%2F11ts_62gdj!19sChIJ78q8tTiPVoYRYp3dDBJ7txE,My Joint Care,5.0,2,Medical clinic,"1702 S Clack St Suite B, Abilene, TX 79605, United States","C6H6+8P Abilene, Texas, USA",http://www.myjointcareabilene.com/,+1 325-627-8465,,https://lh3.googleusercontent.com/p/AF1QipNBM1PDTzpKK2-B9PMUT2doKfB7j9qbeJ8jmEVO=w408-h306-k-no,true,,,,,,,,"https://www.google.com/maps/search/pain+management+physician+in+Sweetwater+Abilene+TX/@32.4534878,-99.7312829,14z",2026-01-28T18:37:06.111Z,,,
https://www.google.com/maps/place/Abilene+Sports+Medicine+%26+Orthopedics/data=!4m7!3m6!1s0x865691929ef1de07:0x6cc22edda0e895c4!8m2!3d32.4615907!4d-99.703662!16s%2Fg%2F11wxv917zs!19sChIJB97xnpKRVoYRxJXooN0uwmw,Abilene Sports Medicine & Orthopedics,5.0,93,Orthopedic clinic,"1059 N Judge Ely Blvd, Abilene, TX 79601, United States","F76W+JG Abilene, Texas, USA",https://www.abilenesportsmed.com/north-abilene/,+1 325-698-3865,Open · Closes 5 pm,https://lh3.googleusercontent.com/p/AF1QipP_teMgKS2TBaFyfBYvVb5PetaDNXsriNsOLwTc=w426-h240-k-no,true,8 am–5 pm,8 am–5 pm,8 am–4 pm,Closed,Closed,8 am–5 pm,8 am–5 pm,"https://www.google.com/maps/search/pain+management+physician+in+Sweetwater+Abilene+TX/@32.4534878,-99.7312829,14z",2026-01-28T18:37:10.572Z,,,
"https://www.google.com/maps/place/Big+Country+Family+Chiropractic,+PLLC/data=!4m7!3m6!1s0x86568c30cf6f8e05:0xcf6a2c30815d997c!8m2!3d32.4116971!4d-99.7768834!16s%2Fg%2F1thd26l3!19sChIJBY5vzzCMVoYRfJldgTAsas8","Big Country Family Chiropractic, PLLC",4.9,130,Chiropractor,"4150 Southwest Dr #114, Abilene, TX 79606, United States","C66F+M6 Abilene, Texas, USA",http://www.bigcountrychiropractic.com/,+1 325-793-9989,Closed · Opens 3 pm,https://lh3.googleusercontent.com/p/AF1QipPKIEZxNjQWJEsriQJe1DURas1jo-xgAWoU4ErS=w408-h544-k-no,true,"8:15 am–12 pm, 3–6 pm","8:15 am–12 pm, 3–6 pm",Closed,Closed,Closed,"8:15 am–12 pm, 3–6 pm",3–5:15 pm,"https://www.google.com/maps/search/pain+management+physician+in+Sweetwater+Abilene+TX/@32.4534878,-99.7312829,14z",2026-01-28T18:37:14.945Z,,,
"https://www.google.com/maps/place/Chad+Ezzell,+M.D./data=!4m7!3m6!1s0x86568e3202451c53:0x53735c7d02537f71!8m2!3d32.4703501!4d-99.7357773!16s%2Fg%2F1vzn5zvp!19sChIJUxxFAjKOVoYRcX9TAn1cc1M","Chad Ezzell, M.D.",4.2,26,Family practice physician,"1850 Hickory St, Abilene, TX 79601, United States","F7C7+4M Abilene, Texas, USA",https://www.hendrickhealth.org/find-a-provider/chad-d-ezzell-md/,+1 325-670-5740,Open · Closes 5 pm,https://lh3.googleusercontent.com/gps-cs-s/AHVAweov9BfHCnvbMUYiQgont9584zo_iutULdilXNDP2kkNa11TZZ4WGapb-yK7Wao-uxfQTFMyVD2XALGp54P2NxMdEggOqlm5YxjhDDCBPspWpmLWKaSV_KxO1mbq2wgoT70e5pDGnIAsPbJS=w408-h306-k-no,false,8 am–5 pm,8 am–5 pm,8–11:45 am,Closed,Closed,8 am–5 pm,8 am–5 pm,"https://www.google.com/maps/search/pain+management+physician+in+Sweetwater+Abilene+TX/@32.4534878,-99.7312829,14z",2026-01-28T18:37:19.704Z,,,
"https://www.google.com/maps/place/Tim+Martin,+MD/data=!4m7!3m6!1s0x86568e2c3b003c59:0xbaa095f1ce892d83!8m2!3d32.4730699!4d-99.7650711!16s%2Fg%2F1td4q3dh!19sChIJWTwAOyyOVoYRgy2JzvGVoLo","Tim Martin, MD",4.8,949,Family practice physician,"2110 N Willis St # B, Abilene, TX 79603, United States","F6FM+6X Abilene, Texas, USA",https://www.drmartinfp.com/,+1 325-232-8675,,https://lh3.googleusercontent.com/p/AF1QipOVmkhEFPQC8LqlpowziirZNyDJRdDXKp5CaaUv=w408-h272-k-no,true,,,,,,,,"https://www.google.com/maps/search/pain+management+physician+in+Sweetwater+Abilene+TX/@32.4534878,-99.7312829,14z",2026-01-28T18:37:24.054Z,LGBTQ+ friendly,,
https://www.google.com/maps/place/Hendrick+Clinic+Bone+%26+Joint/data=!4m7!3m6!1s0x86568daacd393259:0x5b59fbb03a72463!8m2!3d32.385715!4d-99.767804!16s%2Fg%2F11f4r6tpd1!19sChIJWTI5zaqNVoYRYySnA7uftQU,Hendrick Clinic Bone & Joint,4.7,256,Orthopedic clinic,"5302 Buffalo Gap Rd, Abilene, TX 79606, United States","96PJ+7V Abilene, Texas, USA",https://www.hendrickhealth.org/hendrick-clinic/bone-and-joint/,+1 325-793-2663,"Open · Closes 5 pm

Updated by this business 9 weeks ago",https://lh3.googleusercontent.com/gps-cs-s/AHVAwerlu29mttkt3TbyDq5B8y6mMIs_wtpz-j8NABjR_eNM8jMQk-VB1hamjW7NHncIba0NBA0KhuOfJLA6thcFecJ16KC4_B3vazrASXM93V-z7PezCqFRMgQY21IFpstseT3K44vq=w408-h306-k-no,true,8 am–5 pm,8 am–5 pm,8 am–5 pm,Closed,Closed,8 am–5 pm,8 am–5 pm,"https://www.google.com/maps/search/pain+management+physician+in+Sweetwater+Abilene+TX/@32.4534878,-99.7312829,14z",2026-01-28T18:37:28.428Z,,,
https://www.google.com/maps/place/Hendrick+Anesthesia+Network/data=!4m7!3m6!1s0x86568e2d90eaba75:0xd6430efeefcabc34!8m2!3d32.471884!4d-99.7325863!16s%2Fg%2F1tfq9n3s!19sChIJdbrqkC2OVoYRNLzK7_4OQ9Y,Hendrick Anesthesia Network,1.0,2,Medical clinic,"1900 Pine St, Abilene, TX 79601, United States","F7C8+QX Abilene, Texas, USA",,+1 325-670-2950,,https://streetviewpixels-pa.googleapis.com/v1/thumbnail?panoid=xJxKtfevG5NVJUqAcKYi2A&cb_client=search.gws-prod.gps&w=408&h=240&yaw=328.48932&pitch=0&thumbfov=100,true,,,,,,,,"https://www.google.com/maps/search/pain+management+physician+in+Sweetwater+Abilene+TX/@32.4534878,-99.7312829,14z",2026-01-28T18:37:30.702Z,,,
https://www.google.com/maps/place/Be+Well+Again/data=!4m7!3m6!1s0x86568e0e2068902f:0x6341648e29b43dbf!8m2!3d32.4356263!4d-99.7047628!16s%2Fg%2F12ml2yxbm!19sChIJL5BoIA6OVoYRvz20KY5kQWM,Be Well Again,5.0,21,Wellness center,"1150 Estates Dr suite c, Abilene, TX 79602, United States","C7PW+73 Abilene, Texas, USA",https://be-well-again.com/,+1 325-676-9227,Open · Closes 5 pm,https://lh3.googleusercontent.com/p/AF1QipOYbNHe30a5nFoIXwsRM49hKsZWFnOM_ac2I4Jb=w426-h240-k-no,true,10 am–5 pm,10 am–5 pm,10 am–5 pm,Closed,Closed,10 am–5 pm,10 am–5 pm,"https://www.google.com/maps/search/pain+management+physician+in+Sweetwater+Abilene+TX/@32.4534878,-99.7312829,14z",2026-01-28T18:37:35.160Z,Identifies as women-owned,,
https://www.google.com/maps/place/Totoe+Medical+Group/data=!4m7!3m6!1s0x86568e32212424fd:0x57d6f6e50e11a009!8m2!3d32.4646036!4d-99.7261774!16s%2Fg%2F11bwfk5y_z!19sChIJ_SQkITKOVoYRCaARDuX21lc,Totoe Medical Group,5.0,121,Medical clinic,"1366 N Treadaway Blvd, Abilene, TX 79601, United States","F77F+RG Abilene, Texas, USA",https://www.totoemedicalgroup.com/,+1 325-704-2570,Closed · Opens 8 am Thu,https://lh3.googleusercontent.com/p/AF1QipMKn3NWZhuX0b3h2hao5MKEFBitBiEer2AY3Rko=w408-h292-k-no,true,Closed,8 am–5 pm,8 am–1 pm,Closed,Closed,8 am–5 pm,8 am–5 pm,"https://www.google.com/maps/search/pain+management+physician+in+Sweetwater+Abilene+TX/@32.4534878,-99.7312829,14z",2026-01-28T18:37:39.657Z,Identifies as women-owned,true,
https://www.google.com/maps/place/Hendrick+Clinic+Bone+%26+Joint/data=!4m7!3m6!1s0x86568db1f89aed37:0xb225524627dbd6c6!8m2!3d32.4671457!4d-99.7248631!16s%2Fg%2F1pp2x5m96!19sChIJN-2a-LGNVoYRxtbbJ0ZSJbI,Hendrick Clinic Bone & Joint,3.9,109,Sports medicine clinic,"1633 Cottonwood St, Abilene, TX 79601, United States","F78G+V3 Abilene, Texas, USA",https://www.hendrickhealth.org/hendrick-clinic/bone-and-joint/,+1 325-672-4372,Open · Closes 5 pm,https://lh3.googleusercontent.com/gps-cs-s/AHVAweph7ce7vi6lYHksL15yGf0jjJ5JCh5HxjCxWpOUnHT9P58mIbbky2vzq4WfO32PL3v7Vy3J62j7AL_SDEEMYI_188BBKdZdaKskxWOnzUzIFblxnuf54aabym-IPfhh3IZ0YiBh=w408-h306-k-no,true,8 am–5 pm,8 am–5 pm,8 am–5 pm,Closed,Closed,8 am–5 pm,8 am–5 pm,"https://www.google.com/maps/search/pain+management+physician+in+Sweetwater+Abilene+TX/@32.4534878,-99.7312829,14z",2026-01-28T18:37:44.443Z,,,
https://www.google.com/maps/place/Clinica+Hispana+Abilene/data=!4m7!3m6!1s0x86568fddab81ca6b:0x7a3abf5bd0ef3970!8m2!3d32.4489963!4d-99.7803507!16s%2Fg%2F11k7hw1k05!19sChIJa8qBq92PVoYRcDnv0Fu_Ono,Clinica Hispana Abilene,4.9,170,Medical clinic,"4371 S 1st St, Abilene, TX 79605, United States","C6X9+HV Abilene, Texas, USA",https://amd-clinicahispana.com/,+1 325-701-4082,Open · Closes 8 pm,https://streetviewpixels-pa.googleapis.com/v1/thumbnail?panoid=Y5ZYjGGnXuvRpxU0KdFOvw&cb_client=search.gws-prod.gps&w=408&h=240&yaw=197.42757&pitch=0&thumbfov=100,false,9 am–8 pm,9 am–8 pm,9 am–8 pm,9 am–8 pm,Closed,9 am–8 pm,9 am–8 pm,"https://www.google.com/maps/search/pain+management+physician+in+Sweetwater+Abilene+TX/@32.4534878,-99.7312829,14z",2026-01-28T18:37:48.878Z,,,
"https://www.google.com/maps/place/Leslie+M+Hutchins,+MD/data=!4m7!3m6!1s0x8657ef51254b7b1f:0xecfa62d8c4ed54d8!8m2!3d32.4719535!4d-99.7307456!16s%2Fg%2F11c5_51qxb!19sChIJH3tLJVHvV4YR2FTtxNhi-uw","Leslie M Hutchins, MD",4.7,47,Neurosurgeon,"950 N 19th St #100, Abilene, TX 79601, United States","F7C9+QP Abilene, Texas, USA",https://www.hendrickhealth.org/find-a-provider/leslie-m-hutchins-md/,+1 325-670-7187,,https://lh3.googleusercontent.com/p/AF1QipMPjulZIcmQY8tJxNQdLIBWE7xvHkZyhSeZl8nb=w408-h544-k-no,true,,,,,,,,"https://www.google.com/maps/search/pain+management+physician+in+Sweetwater+Abilene+TX/@32.4534878,-99.7312829,14z",2026-01-28T18:37:51.143Z,,,
https://www.google.com/maps/place/SummitMD+Dermatology+Abilene+Texas/data=!4m7!3m6!1s0x86568dd5b2b65ff7:0xfc5e2918a3f77795!8m2!3d32.4108509!4d-99.753276!16s%2Fg%2F11s71qj62x!19sChIJ91-2stWNVoYRlXf3oxgpXvw,SummitMD Dermatology Abilene Texas,4.9,201,Dermatologist,"3257 Buffalo Gap Rd, Abilene, TX 79605, United States","C66W+8M Abilene, Texas, USA",https://summitmddermatology.com/locations/summitmd-dermatology-abilene/,+1 325-704-3365,Open · Closes 5 pm,https://streetviewpixels-pa.googleapis.com/v1/thumbnail?panoid=ynlHmiI1FyiHezcCy_QyuQ&cb_client=search.gws-prod.gps&w=408&h=240&yaw=116.876366&pitch=0&thumbfov=100,false,8 am–5 pm,8 am–5 pm,8 am–12 pm,Closed,Closed,8 am–5 pm,8 am–5 pm,"https://www.google.com/maps/search/pain+management+physician+in+Sweetwater+Abilene+TX/@32.4534878,-99.7312829,14z",2026-01-28T18:37:55.610Z,,,
https://www.google.com/maps/place/Jerry+Tarver/data=!4m7!3m6!1s0x86568db2345ef6db:0x97ee70bf448c049a!8m2!3d32.3978873!4d-99.7634369!16s%2Fg%2F11pkfr4kkx!19sChIJ2_ZeNLKNVoYRmgSMRL9w7pc,Jerry Tarver,,,Pain management physician,"4351 Ridgemont Dr # A, Abilene, TX 79606, United States","96XP+5J Abilene, Texas, USA",https://www.hendrickhealth.org/find-a-provider/jerry-m-tarver-md/,+1 254-245-9175,,https://streetviewpixels-pa.googleapis.com/v1/thumbnail?panoid=LAHazRWJ1M40DnX2WDbWvA&cb_client=search.gws-prod.gps&w=408&h=240&yaw=140.37595&pitch=0&thumbfov=100,false,,,,,,,,"https://www.google.com/maps/search/pain+management+physician+in+Sweetwater+Abilene+TX/@32.4534878,-99.7312829,14z",2026-01-28T18:37:57.916Z,,,
https://www.google.com/maps/place/Kalafut+Roberta+M+DO/data=!4m7!3m6!1s0x86568d12b14d0b0f:0xfca4126be104b780!8m2!3d32.3727025!4d-99.7491948!16s%2Fg%2F1w9y1j1b!19sChIJDwtNsRKNVoYRgLcE4WsSpPw,Kalafut Roberta M DO,5.0,1,Sports medicine physician,"1888 Co Rd 314, Abilene, TX 79606, United States","97F2+38 Abilene, Texas, USA",,+1 325-795-1888,,https://streetviewpixels-pa.googleapis.com/v1/thumbnail?panoid=x0ihTilIPnoLp0DMPpQpwg&cb_client=search.gws-prod.gps&w=408&h=240&yaw=309.95792&pitch=0&thumbfov=100,false,,,,,,,,"https://www.google.com/maps/search/pain+management+physician+in+Sweetwater+Abilene+TX/@32.4534878,-99.7312829,14z",2026-01-28T18:38:00.198Z,,,
https://www.google.com/maps/place/REEH+by+ReVive/data=!4m7!3m6!1s0x865691f5c8cfffff:0x1731057ca1c2e075!8m2!3d32.4500713!4d-99.7586395!16s%2Fg%2F11ghr0v0v5!19sChIJ___PyPWRVoYRdeDCoXwFMRc,REEH by ReVive,4.9,176,Massage therapist,"2901 S 1st St, Abilene, TX 79605, United States","F62R+2G Abilene, Texas, USA",https://www.fresha.com/a/revive-integrative-wellness-abilene-abilene-2901-south-1st-street-b07msvi3,+1 325-660-6926,,https://lh3.googleusercontent.com/p/AF1QipNJKLAMvpgRGakNB0rVQpqmrMTRUnGQCgMYwnZG=w408-h306-k-no,true,,,,,,,,"https://www.google.com/maps/search/pain+management+physician+in+Sweetwater+Abilene+TX/@32.4534878,-99.7312829,14z",2026-01-28T18:38:02.589Z,,,
"https://www.google.com/maps/place/Jeffrey+Edwards,+MD/data=!4m7!3m6!1s0x86568d738a51d9c7:0xae2d12602e352234!8m2!3d32.4705904!4d-99.7327199!16s%2Fg%2F11f7r2x51n!19sChIJx9lRinONVoYRNCI1LmASLa4","Jeffrey Edwards, MD",4.2,30,Internist,"1150 N 18th St #300, Abilene, TX 79601, United States","F7C8+6W Abilene, Texas, USA",https://www.hendrickhealth.org/find-a-provider/jeffrey-d-edwards-md/,+1 325-670-6460,"Open · Closes 5 pm

Confirmed by this business 12 weeks ago",https://lh3.googleusercontent.com/p/AF1QipOkRkgmV3CNfAOvq7j4HY3sdZXOusCSu98DG1rP=w426-h240-k-no,true,8 am–5 pm,8 am–5 pm,8 am–12 pm,Closed,Closed,8 am–5 pm,8 am–5 pm,"https://www.google.com/maps/search/pain+management+physician+in+Sweetwater+Abilene+TX/@32.4534878,-99.7312829,14z",2026-01-28T18:38:07.198Z,,,
https://www.google.com/maps/place/Specht+Brothers+Chiropractic/data=!4m7!3m6!1s0x86568dc3708236a9:0x4bd9aae0e08cf738!8m2!3d32.4164101!4d-99.7505523!16s%2Fg%2F1thl18bz!19sChIJqTaCcMONVoYROPeM4OCq2Us,Specht Brothers Chiropractic,4.6,61,Chiropractor,"2721 Buffalo Gap Rd, Abilene, TX 79605, United States","C68X+HQ Abilene, Texas, USA",https://www.spechtchiropractic.com/,+1 325-692-2227,Open · Closes 7 pm,https://lh3.googleusercontent.com/p/AF1QipN5etgPqvqWppIQEyKbr7yDhMBY_4N0jS0dOef6=w418-h240-k-no,true,9 am–7 pm,9 am–7 pm,9 am–2:30 pm,Closed,1–5 pm,9 am–7 pm,9 am–7 pm,"https://www.google.com/maps/search/pain+management+physician+in+Sweetwater+Abilene+TX/@32.4534878,-99.7312829,14z",2026-01-28T18:38:11.778Z,,,
https://www.google.com/maps/place/Abilene+Endoscopy+Center/data=!4m7!3m6!1s0x86568e2d63be2ce5:0x3d090bebb6936371!8m2!3d32.4742659!4d-99.7341981!16s%2Fg%2F1tdc1197!19sChIJ5Sy-Yy2OVoYRcWOTtusLCT0,Abilene Endoscopy Center,4.9,560,Surgical center,"1249 Ambler Ave # 100, Abilene, TX 79601, United States","F7F8+P8 Abilene, Texas, USA",http://abileneendoscopy.com/,+1 325-480-0375,Open · Closes 3:30 pm,https://streetviewpixels-pa.googleapis.com/v1/thumbnail?panoid=3jNVceMXE0_RdUbARs2wMg&cb_client=search.gws-prod.gps&w=408&h=240&yaw=206.62352&pitch=0&thumbfov=100,true,7 am–3:30 pm,7 am–3:30 pm,7 am–3:30 pm,Closed,Closed,7 am–3:30 pm,7 am–3:30 pm,"https://www.google.com/maps/search/pain+management+physician+in+Sweetwater+Abilene+TX/@32.4534878,-99.7312829,14z",2026-01-28T18:38:16.094Z,,,
https://www.google.com/maps/place/Abilene+Spine+%26+Joint+Surgery+Center/data=!4m7!3m6!1s0x86568df1c2538bb3:0xda6a1feac1eb22da!8m2!3d32.3978889!4d-99.7632913!16s%2Fg%2F11x05430rs!19sChIJs4tTwvGNVoYR2iLrweofato,Abilene Spine & Joint Surgery Center,,,Surgical center,"4351 Ridgemont Dr, Abilene, TX 79606, United States","96XP+5M Abilene, Texas, USA",https://ipaclinic.com/?utm_source=GMB&utm_medium=organic&utm_campaign=listings,+1 254-245-9175,Open · Closes 5 pm,https://streetviewpixels-pa.googleapis.com/v1/thumbnail?panoid=lFjE-NI4tEbq0jwtR_dZZQ&cb_client=search.gws-prod.gps&w=408&h=240&yaw=173.10689&pitch=0&thumbfov=100,true,8 am–5 pm,8 am–5 pm,8 am–12 pm,Closed,Closed,8 am–5 pm,8 am–5 pm,"https://www.google.com/maps/search/pain+management+physician+in+Sweetwater+Abilene+TX/@32.4534878,-99.7312829,14z",2026-01-28T18:38:20.730Z,,,
https://www.google.com/maps/place/Baylor+Scott+%26+White+Urgent+Care%2B+Abilene+%28Highway+351%29/data=!4m7!3m6!1s0x8656904b2d56aaf3:0x17b6be1cb5d96c45!8m2!3d32.4789378!4d-99.6975363!16s%2Fg%2F1tf1c4vx!19sChIJ86pWLUuQVoYRRWzZtRy-thc,Baylor Scott & White Urgent Care+ Abilene (Highway 351),4.5,1141,Urgent care center,"1634 TX-351, Abilene, TX 79601, United States","F8H2+HX Abilene, Texas, USA",https://www.bswhealth.com/locations/urgent-care/uc-plus-abilene-highway-351?utm_source=google-mybusiness&utm_medium=organic&utm_campaign=UC+AbileneHighway351&utm_content=main-website,+1 325-676-1100,,https://lh3.googleusercontent.com/p/AF1QipPK2dXFkUTCwn76knEwwBaCGtQ0hkfmK86N-9gB=w408-h408-k-no,true,7 am–8 pm,7 am–8 pm,7 am–8 pm,7 am–8 pm,7 am–8 pm,7 am–8 pm,7 am–8 pm,"https://www.google.com/maps/search/pain+management+physician+in+Sweetwater+Abilene+TX/@32.4534878,-99.7312829,14z",2026-01-28T18:38:25.244Z,,,
https://www.google.com/maps/place/Dr.+Christopher+S.+Eddleman/data=!4m7!3m6!1s0x86568e2c312d1379:0xe825d14890ee2262!8m2!3d32.4720653!4d-99.7316943!16s%2Fg%2F1s04cd831!19sChIJeRMtMSyOVoYRYiLukEjRJeg,Dr. Christopher S. Eddleman,4.4,29,Neurosurgeon,"1924 Pine St, Abilene, TX 79601, United States","F7C9+R8 Abilene, Texas, USA",https://www.neurosurgerywesttexas.com/our-providers/christopher-eddleman/,+1 325-670-4730,,https://streetviewpixels-pa.googleapis.com/v1/thumbnail?panoid=NxxoNjidhB9QEipnV5EJDw&cb_client=search.gws-prod.gps&w=408&h=240&yaw=316.16727&pitch=0&thumbfov=100,false,,,,,,,,"https://www.google.com/maps/search/pain+management+physician+in+Sweetwater+Abilene+TX/@32.4534878,-99.7312829,14z",2026-01-28T18:38:27.565Z,,,
https://www.google.com/maps/place/Vital+Care+Urgent+Care/data=!4m7!3m6!1s0x86568dce30f888d1:0x868ecd3e9d74b35d!8m2!3d32.4170749!4d-99.7600387!16s%2Fg%2F1tcvv8bh!19sChIJ0Yj4MM6NVoYRXbN0nT7NjoY,Vital Care Urgent Care,4.8,1240,Urgent care center,"3101 S 27th St, Abilene, TX 79605, United States","C68Q+RX Abilene, Texas, USA",https://vitalcaretx.com/,+1 325-704-5037,Open · Closes 8 pm,https://lh3.googleusercontent.com/gps-cs-s/AHVAweplmta9wFjfHw16z9e_T-ptMvRxmgIQW-Lj31uAL9zUCfEpyOTwrgSQk4ctGvZFq6_B-4sU8xECdp447d0yBSuOO7NAqJnLaGrP5ITT40ynMDWoI2rnUCzsbnSTl99fbg1Zh1Z7gA=w408-h271-k-no,true,8 am–8 pm,8 am–8 pm,8 am–8 pm,8 am–8 pm,8 am–8 pm,8 am–8 pm,8 am–8 pm,"https://www.google.com/maps/search/pain+management+physician+in+Sweetwater+Abilene+TX/@32.4534878,-99.7312829,14z",2026-01-28T18:38:31.974Z,,,
https://www.google.com/maps/place/Hendrick+Urgent+Care+-+Ambler+Ave./data=!4m7!3m6!1s0x86568f835f47f033:0xe226728fe17796c9!8m2!3d32.4749!4d-99.7090069!16s%2Fg%2F11pwql3qz_!19sChIJM_BHX4OPVoYRyZZ34Y9yJuI,Hendrick Urgent Care - Ambler Ave.,4.5,927,Urgent care center,"820 E Ambler Ave, Abilene, TX 79601, United States","F7FR+X9 Abilene, Texas, USA",https://hendrickurgentcare.com/,+1 325-999-9680,Open · Closes 8 pm,https://lh3.googleusercontent.com/p/AF1QipMzj80-J0PWus4_6uyeJXgmz209gztLB91IqOGK=w408-h272-k-no,true,8 am–8 pm,8 am–8 pm,8 am–8 pm,8 am–6 pm,8 am–6 pm,8 am–8 pm,8 am–8 pm,"https://www.google.com/maps/search/pain+management+physician+in+Sweetwater+Abilene+TX/@32.4534878,-99.7312829,14z",2026-01-28T18:38:36.341Z,,,
https://www.google.com/maps/place/Hendrick+Health/data=!4m7!3m6!1s0x86568e2d90eaba75:0x571ccd2cf7f746f0!8m2!3d32.4718235!4d-99.7325631!16s%2Fm%2F04g39nv!19sChIJdbrqkC2OVoYR8Eb39yzNHFc,Hendrick Health,3.0,263,Medical Center,"1900 Pine St, Abilene, TX 79601, United States","F7C8+PX Abilene, Texas, USA",http://www.hendrickhealth.org/?utm_campaign=website-link&utm_medium=organic&utm_source=local-listing,+1 325-670-2000,,https://lh3.googleusercontent.com/gps-cs-s/AHVAweoXsqO3pBhuLZD6WgvWN_wWYX4bsHFn8vw4eKffSPZbJsbx-4d7nZBAh8BiLQ9Z-E6gtDsh9kExKDXpJ8v9WB2ZZX_5A44RMsPm0ABPu0Y3oCwJj-Ns3h5-7bxkvtSG7fkXgHNb=w426-h240-k-no,true,Open 24 hours,Open 24 hours,Open 24 hours,Open 24 hours,Open 24 hours,Open 24 hours,Open 24 hours,"https://www.google.com/maps/search/pain+management+physician+in+Sweetwater+Abilene+TX/@32.4534878,-99.7312829,14z",2026-01-28T18:38:40.968Z,,,
https://www.google.com/maps/place/West+Texas+Rehabilitation+Center/data=!4m7!3m6!1s0x86568e9c771da28b:0xbef9f449f072912b!8m2!3d32.4327285!4d-99.7831765!16s%2Fg%2F11dfgw6wnw!19sChIJi6Idd5yOVoYRK5Fy8En0-b4,West Texas Rehabilitation Center,4.7,192,Rehabilitation center,"4601 Hartford St, Abilene, TX 79605, United States","C6M8+3P Abilene, Texas, USA",https://westtexasrehab.org/,+1 325-793-3400,,https://lh3.googleusercontent.com/gps-cs-s/AHVAwepo3emJTtLABz5CGs2JAxOfy1D5B8PNawhkqKJWCrY__U36mxPrzi3DGt82yYmSjhvDJXVXN4EjcwGyk2SOgc8pBXODIAJqUps3gnXrVL54OmD0-B7X_k526nOjClvYhQKAgvCB=w408-h724-k-no,true,Open 24 hours,Open 24 hours,Open 24 hours,Open 24 hours,Open 24 hours,Open 24 hours,Open 24 hours,"https://www.google.com/maps/search/pain+management+physician+in+Sweetwater+Abilene+TX/@32.4534878,-99.7312829,14z",2026-01-28T18:38:45.468Z,,,
"https://www.google.com/maps/place/Samuel+S.+Maroney,+DO/data=!4m7!3m6!1s0x865691da3cbcd0af:0xffe9603c6caef90d!8m2!3d32.4615907!4d-99.703662!16s%2Fg%2F11wvctvt02!19sChIJr9C8PNqRVoYRDfmubDxg6f8","Samuel S. Maroney, DO",4.8,23,Orthopedic surgeon,"1059 N Judge Ely Blvd, Abilene, TX 79601, United States","F76W+JG Abilene, Texas, USA",https://www.abilenesportsmed.com/samuel-s-maroney-d-o/,+1 325-698-3865,"Open · Closes 5 pm

Confirmed by this business 6 weeks ago",https://lh3.googleusercontent.com/p/AF1QipOHYjtpPhhVgWu33WwYGqUdhdeBnMlhfJ1e7pVT=w426-h240-k-no,true,8 am–5 pm,8 am–5 pm,8 am–4 pm,Closed,Closed,8 am–5 pm,8 am–5 pm,"https://www.google.com/maps/search/pain+management+physician+in+Sweetwater+Abilene+TX/@32.4534878,-99.7312829,14z",2026-01-28T18:38:49.914Z,,,
https://www.google.com/maps/place/Texas+Midwest+Surgery+Center/data=!4m7!3m6!1s0x8656915d94c9c43b:0xe6f21a3124ca646a!8m2!3d32.4692716!4d-99.7278988!16s%2Fg%2F11h88zfq8p!19sChIJO8TJlF2RVoYRamTKJDEa8uY,Texas Midwest Surgery Center,3.6,21,Hospital,"751 N 18th St, Abilene, TX 79601, United States","F79C+PR Abilene, Texas, USA",https://www.texasmidwest.com/,+1 325-677-6555,Open · Closes 5 pm,https://streetviewpixels-pa.googleapis.com/v1/thumbnail?panoid=wo_WYfI7_0DGpR5aEn8mIQ&cb_client=search.gws-prod.gps&w=408&h=240&yaw=175.71773&pitch=0&thumbfov=100,false,6:30 am–5 pm,6:30 am–5 pm,6:30 am–5 pm,Closed,Closed,6:30 am–5 pm,6:30 am–5 pm,"https://www.google.com/maps/search/pain+management+physician+in+Sweetwater+Abilene+TX/@32.4534878,-99.7312829,14z",2026-01-28T18:38:54.222Z,,,
https://www.google.com/maps/place/Jaxon+Jordan/data=!4m7!3m6!1s0x86568e31e0795555:0x5a260437a00c218b!8m2!3d32.4694577!4d-99.7345025!16s%2Fg%2F11tn6lg2zh!19sChIJVVV54DGOVoYRiyEMoDcEJlo,Jaxon Jordan,4.5,25,Otolaryngologist,"1233 N 18th St, Abilene, TX 79601, United States","F798+Q5 Abilene, Texas, USA",https://www.hendrickhealth.org/find-a-provider/jaxon-w-jordan-md/,+1 325-437-3687,,https://streetviewpixels-pa.googleapis.com/v1/thumbnail?panoid=_uzpSvLfxRrNM5eOUH3yBA&cb_client=search.gws-prod.gps&w=408&h=240&yaw=178.8222&pitch=0&thumbfov=100,true,,,,,,,,"https://www.google.com/maps/search/pain+management+physician+in+Sweetwater+Abilene+TX/@32.4534878,-99.7312829,14z",2026-01-28T18:38:56.580Z,,,
"https://www.google.com/maps/place/Neelima+D+Ryali,+MD/data=!4m7!3m6!1s0x86568e2c310546dd:0xe73356d912b07cca!8m2!3d32.471884!4d-99.7325863!16s%2Fg%2F12mkvn58c!19sChIJ3UYFMSyOVoYRynywEtlWM-c","Neelima D Ryali, MD",4.7,32,Internist,"1904 Pine St Suite 200, Abilene, TX 79601, United States","F7C8+QX Abilene, Texas, USA",https://www.hendrickhealth.org/find-a-provider/neelima-d-ryali-md2/,+1 325-670-5570,,https://lh3.googleusercontent.com/p/AF1QipOK18ZaMXt4-2rmtlshbajew-NVzlv2FOsM7s1o=w426-h240-k-no,true,,,,,,,,"https://www.google.com/maps/search/pain+management+physician+in+Sweetwater+Abilene+TX/@32.4534878,-99.7312829,14z",2026-01-28T18:38:58.984Z,,,
https://www.google.com/maps/place/Kinder+Hearts+Home+Health+and+Hospice/data=!4m7!3m6!1s0x86568e5b6b86cf15:0xda30baa65f26b03f!8m2!3d32.4585499!4d-99.7582808!16s%2Fg%2F1wd3wgg3!19sChIJFc-Ga1uOVoYRP7AmX6a6MNo,Kinder Hearts Home Health and Hospice,4.8,133,Home health care service,"842 N Mockingbird Ln, Abilene, TX 79603, United States","F65R+CM Abilene, Texas, USA",https://kinderhearts.com/,+1 325-672-6135,Open 24 hours,https://lh3.googleusercontent.com/p/AF1QipOzDmoxnWTDLj24NDRWyLRDK7m48drbt_xSF2tt=w426-h240-k-no,true,Open 24 hours,Open 24 hours,Open 24 hours,Open 24 hours,Open 24 hours,Open 24 hours,Open 24 hours,"https://www.google.com/maps/search/pain+management+physician+in+Sweetwater+Abilene+TX/@32.4534878,-99.7312829,14z",2026-01-28T18:39:03.300Z,,,
"https://www.google.com/maps/place/Jeremy+Britten,+MD/data=!4m7!3m6!1s0x86568e2e9311e33f:0x17412b965f26e720!8m2!3d32.4671868!4d-99.7246728!16s%2Fg%2F1tftfqwh!19sChIJP-MRky6OVoYRIOcmX5YrQRc","Jeremy Britten, MD",4.7,41,Orthopedic surgeon,"1633 Cottonwood St, Abilene, TX 79601, United States","F78G+V4 Abilene, Texas, USA",https://www.hendrickhealth.org/hendrick-clinic/bone-and-joint/,+1 325-672-4372,,https://lh3.googleusercontent.com/p/AF1QipM19msnanodzCzOPu39Avr4Ta-455wXvBrwKpCe=w426-h240-k-no,true,,,,,,,,"https://www.google.com/maps/search/pain+management+physician+in+Sweetwater+Abilene+TX/@32.4534878,-99.7312829,14z",2026-01-28T18:39:05.570Z,,,
https://www.google.com/maps/place/Healing+Hands+pain+management/data=!4m7!3m6!1s0x865691c09b1e995f:0xef89ad74b91b378!8m2!3d32.4018145!4d-99.7418447!16s%2Fg%2F11fx8bp1rh!19sChIJX5kem8CRVoYReLORS9ea-A4,Healing Hands pain management,,,Massage therapist,"1500 Industrial Blvd # 204, Abilene, TX 79602, United States","C725+P7 Abilene, Texas, USA",,+1 325-338-1436,Open · Closes 8 pm,https://streetviewpixels-pa.googleapis.com/v1/thumbnail?panoid=QlN5e4oe-zzT_6lYNh_7Ew&cb_client=search.gws-prod.gps&w=408&h=240&yaw=355.34305&pitch=0&thumbfov=100,false,9 am–8 pm,9 am–8 pm,9 am–8 pm,9 am–8 pm,Closed,9 am–8 pm,9 am–8 pm,"https://www.google.com/maps/search/pain+management+physician+in+Sweetwater+Abilene+TX/@32.4534878,-99.7312829,14z",2026-01-28T18:39:09.991Z,,,
"https://www.google.com/maps/place/Udaya+S+Swarna,+MD/data=!4m7!3m6!1s0x86568e2e16f245c1:0xdc2473f6b40fd628!8m2!3d32.4694997!4d-99.733791!16s%2Fg%2F1thvhbt4!19sChIJwUXyFi6OVoYRKNYPtPZzJNw","Udaya S Swarna, MD",4.7,26,Cardiologist,"1201 N 18th St, Abilene, TX 79601, United States","F798+QF Abilene, Texas, USA",https://www.hendrickhealth.org/find-a-provider/udaya-s-swarna-md2/,+1 325-793-3100,,https://lh3.googleusercontent.com/p/AF1QipOO-3usByaVwXOj1adEprctxREF8OJ3653_awtF=w426-h240-k-no,true,,,,,,,,"https://www.google.com/maps/search/pain+management+physician+in+Sweetwater+Abilene+TX/@32.4534878,-99.7312829,14z",2026-01-28T18:39:12.196Z,,,
"https://www.google.com/maps/place/Dr.+Edward+J.+Brandecker,+MD/@32.3732255,-99.7459943,17z/data=!3m1!4b1!4m6!3m5!1s0x86568d12b14d0b0f:0x820b7b0596282673!8m2!3d32.3732255!4d-99.7459943!16s%2Fg%2F1tctg0b1","Dr. Edward J. Brandecker, MD",5.0,2,Sports medicine physician,"1888 Antilley Rd, Abilene, TX 79606, United States","97F3+7J Abilene, Texas, USA",,+1 325-795-1888,,,false,,,,,,,,"https://www.google.com/maps/search/pain+management+physician+in+Sweetwater+Abilene+TX/@32.4534878,-99.7312829,14z",2026-01-28T18:39:16.615Z,,,
https://www.google.com/maps/place/Hendrick+Clinic/data=!4m7!3m6!1s0x86568f393878bd7d:0x613319a38ee94732!8m2!3d32.4719535!4d-99.7307456!16s%2Fg%2F11j59t2qdx!19sChIJfb14ODmPVoYRMkfpjqMZM2E,Hendrick Clinic,5.0,1,Orthopedic clinic,"950 N 19th St #100, Abilene, TX 79601, United States","F7C9+QP Abilene, Texas, USA",https://www.hendrickhealth.org/hendrick-clinic/,+1 325-670-3770,,https://streetviewpixels-pa.googleapis.com/v1/thumbnail?panoid=TJ7XKDMyaGg5K7QRdVEPoA&cb_client=search.gws-prod.gps&w=408&h=240&yaw=179.75853&pitch=0&thumbfov=100,true,,,,,,,,"https://www.google.com/maps/search/pain+management+physician+in+Sweetwater+Abilene+TX/@32.4534878,-99.7312829,14z",2026-01-28T18:39:18.942Z,,,
"https://www.google.com/maps/place/Hendrick+Clinic+Ear,+Nose+and+Throat/data=!4m7!3m6!1s0x86568e2e040b8741:0x7283cf330f2d4b45!8m2!3d32.4693891!4d-99.7345202!16s%2Fg%2F1tf_nqjq!19sChIJQYcLBC6OVoYRRUstDzPPg3I","Hendrick Clinic Ear, Nose and Throat",4.1,124,Hearing aid store,"1233 N 18th St, Abilene, TX 79601, United States","F798+Q5 Abilene, Texas, USA",https://www.hendrickhealth.org/hendrick-clinic/ear-nose-and-throat/,+1 325-437-3687,Open · Closes 5 pm,https://lh3.googleusercontent.com/gps-cs-s/AHVAwervE4XohgD_TW5rl5Jt1Dp3_Y_kiACcNHrjjDo7N3X1SNJXHZ3a_718atyyAnMQFKUz4NbL9uao_SqYSweSqJOzAeqWpOGUuNQ4zVAij19MKy2PiLdcPyk2h5Sc3bFQ2eYKnYFG=w471-h240-k-no,true,8 am–5 pm,8 am–5 pm,8 am–12 pm,Closed,Closed,8 am–5 pm,8 am–5 pm,"https://www.google.com/maps/search/pain+management+physician+in+Sweetwater+Abilene+TX/@32.4534878,-99.7312829,14z",2026-01-28T18:39:23.610Z,Identifies as veteran-owned,,
https://www.google.com/maps/place/Amie+K%27s+Family+Practice+PLLC/data=!4m7!3m6!1s0x86568f8b6d424f5f:0x742281d704ad78d!8m2!3d32.456248!4d-99.736464!16s%2Fg%2F11krjq4syk!19sChIJX09CbYuPVoYRjddKcB0oQgc,Amie K's Family Practice PLLC,3.9,19,Medical clinic,"702 Hickory St # B, Abilene, TX 79601, United States","F747+FC Abilene, Texas, USA",http://amieksfamilypracticepllc.com/,+1 325-701-8888,Open · Closes 5 pm,https://lh3.googleusercontent.com/p/AF1QipNf7D06983-1V_75dOaA2pWaUcouP3PHjY4tItG=w408-h725-k-no,true,8 am–5 pm,8 am–5 pm,8 am–12 pm,Closed,Closed,8 am–5 pm,8 am–5 pm,"https://www.google.com/maps/search/pain+management+physician+in+Sweetwater+Abilene+TX/@32.4534878,-99.7312829,14z",2026-01-28T18:39:27.951Z,Identifies as women-owned,,
https://www.google.com/maps/place/ContinueCARE+Hospital+at+Hendrick+Medical+Center/data=!4m7!3m6!1s0x86568f69f3c94d95:0x477d6c2c680ff479!8m2!3d32.4718235!4d-99.7325631!16s%2Fg%2F11trcv57wv!19sChIJlU3J82mPVoYRefQPaCxsfUc,ContinueCARE Hospital at Hendrick Medical Center,4.8,19,Hospital,"Jones Building, 1900 Pine St 7th Floor, Abilene, TX 79601, United States","F7C8+PX Abilene, Texas, USA",https://hendrick.continuecare.org/,+1 325-670-6251,Open 24 hours,https://lh3.googleusercontent.com/p/AF1QipMLsR04umQKz9-Tzzpfjt7z5wBAw4IqnzMlHB0=w450-h240-k-no,true,Open 24 hours,Open 24 hours,Open 24 hours,Open 24 hours,Open 24 hours,Open 24 hours,Open 24 hours,"https://www.google.com/maps/search/pain+management+physician+in+Sweetwater+Abilene+TX/@32.4534878,-99.7312829,14z",2026-01-28T18:39:32.455Z,,,
"https://www.google.com/maps/place/Dr.+J+T.+Trammell,+MD/data=!4m7!3m6!1s0x86568e320268b2ad:0x98f41329a1243ca9!8m2!3d32.4720653!4d-99.7316943!16s%2Fg%2F1xfsp4ms!19sChIJrbJoAjKOVoYRqTwkoSkT9Jg","Dr. J T. Trammell, MD",4.1,13,Neurosurgeon,"1924 Pine St #504, Abilene, TX 79601, United States","F7C9+R8 Abilene, Texas, USA",https://www.hendrickhealth.org/find-a-provider/j-talmadge-trammell-md/,+1 325-670-4730,,https://streetviewpixels-pa.googleapis.com/v1/thumbnail?panoid=NxxoNjidhB9QEipnV5EJDw&cb_client=search.gws-prod.gps&w=408&h=240&yaw=316.16727&pitch=0&thumbfov=100,false,,,,,,,,"https://www.google.com/maps/search/pain+management+physician+in+Sweetwater+Abilene+TX/@32.4534878,-99.7312829,14z",2026-01-28T18:39:34.631Z,,,
https://www.google.com/maps/place/Hendrick+Clinic+%7C+Cedar+Mall/data=!4m7!3m6!1s0x86568e2ddf59c34b:0xf575c458290d44bc!8m2!3d32.4705095!4d-99.7327758!16s%2Fg%2F1q62hcsm8!19sChIJS8NZ3y2OVoYRvEQNKVjEdfU,Hendrick Clinic | Cedar Mall,2.7,9,Medical clinic,"1150 N 18th St, Abilene, TX 79601, United States","F7C8+6V Abilene, Texas, USA",https://www.hendrickhealth.org/,+1 325-670-2255,Open · Closes 5 pm,https://streetviewpixels-pa.googleapis.com/v1/thumbnail?panoid=XwSTxjnqfB9z9ZqteOqfBA&cb_client=search.gws-prod.gps&w=408&h=240&yaw=329.5207&pitch=0&thumbfov=100,true,7 am–5 pm,7 am–5 pm,7 am–5 pm,Closed,Closed,7 am–5 pm,7 am–5 pm,"https://www.google.com/maps/search/pain+management+physician+in+Sweetwater+Abilene+TX/@32.4534878,-99.7312829,14z",2026-01-28T18:39:39.140Z,,,
https://www.google.com/maps/place/My+Urgent+Care+Clinic/data=!4m7!3m6!1s0x86568dc451d45883:0x544eb96470f04b07!8m2!3d32.3989123!4d-99.7558911!16s%2Fg%2F11g0m32w4g!19sChIJg1jUUcSNVoYRB0vwcGS5TlQ,My Urgent Care Clinic,4.8,465,Medical clinic,"4438 S Clack St #200, Abilene, TX 79606, United States","96XV+HJ Abilene, Texas, USA",https://myurgentcareabilene.com/,+1 325-704-4470,Open · Closes 8 pm,https://lh3.googleusercontent.com/p/AF1QipMQ3j-DRNKuTHmFJr7EJhnU9ZvLp_M0l8nO35GK=w486-h240-k-no,true,8 am–8 pm,8 am–8 pm,8 am–8 pm,8 am–8 pm,8 am–8 pm,8 am–8 pm,8 am–8 pm,"https://www.google.com/maps/search/pain+management+physician+in+Sweetwater+Abilene+TX/@32.4534878,-99.7312829,14z",2026-01-28T18:39:44.082Z,,,
https://www.google.com/maps/place/TrueVertex/data=!4m7!3m6!1s0x86568d255d43aeb5:0xe0ef164378557c0b!8m2!3d32.4186572!4d-99.7508208!16s%2Fg%2F11kj8x77t9!19sChIJta5DXSWNVoYRC3xVeEMW7-A,TrueVertex,5.0,5,Men's health physician,"2534-A Buffalo Gap Rd, Abilene, TX 79605, United States","C69X+FM Abilene, Texas, USA",https://truevertexmd.com/,+1 325-704-3470,Opens soon · 1 pm,https://lh3.googleusercontent.com/p/AF1QipNYzJ5zpu4x_gfDw7c4bPVrtP6YdsfXDfHx2-5d=w408-h306-k-no,true,"8 am–12 pm, 1–5 pm","8 am–12 pm, 1–7 pm",8 am–12 pm,Closed,Closed,"8 am–12 pm, 1–5 pm","8 am–12 pm, 1–5 pm","https://www.google.com/maps/search/pain+management+physician+in+Sweetwater+Abilene+TX/@32.4534878,-99.7312829,14z",2026-01-28T18:39:48.491Z,,,
"https://www.google.com/maps/place/Elliott+Vann,+MD/data=!4m7!3m6!1s0x86568e2840c00001:0x2c5e9ba37a03ded9!8m2!3d32.4671868!4d-99.7246728!16s%2Fg%2F11rwxfzbcm!19sChIJAQDAQCiOVoYR2d4DeqObXiw","Elliott Vann, MD",4.8,45,Orthopedic surgeon,"1633 Cottonwood St, Abilene, TX 79601, United States","F78G+V4 Abilene, Texas, USA",https://www.hendrickhealth.org/hendrick-clinic/bone-and-joint/,+1 325-672-4372,,https://lh3.googleusercontent.com/p/AF1QipNb9sv9vPYHU_65v_4sAkNkPu9eTcs-FP2r5Gd2=w426-h240-k-no,true,,,,,,,,"https://www.google.com/maps/search/pain+management+physician+in+Sweetwater+Abilene+TX/@32.4534878,-99.7312829,14z",2026-01-28T18:39:50.778Z,,,
https://www.google.com/maps/place/Walker+Chiropractic/data=!4m7!3m6!1s0x86568dc59ba1c349:0x5a25ad59929f8a58!8m2!3d32.4224459!4d-99.7829431!16s%2Fg%2F11y6b_gxyq!19sChIJScOhm8WNVoYRWIqfklmtJVo,Walker Chiropractic,5.0,67,Chiropractor,"2225 S Danville Dr # 4, Abilene, TX 79605, United States","C6C8+XR Abilene, Texas, USA",https://www.johndrwalker.com/,+1 325-370-4726,Open · Closes 7 pm,https://lh3.googleusercontent.com/gps-cs-s/AHVAweqLiyRnq76n4bjPglypRHAFIItF1NbmK_wjwbMK1YmTOJ3HJ3TrAjtyiD_KfHCNfskY4jyLGC3Pxnt04G3XzAIptAOJ3U7x_AIZbYc4VVv7G0nh7FViGns20ehJyjE13WxRhf_9nw=w408-h544-k-no,true,7 am–7 pm,7 am–7 pm,8 am–6 pm,10 am–4 pm,Closed,8 am–6 pm,7 am–7 pm,"https://www.google.com/maps/search/pain+management+physician+in+Sweetwater+Abilene+TX/@32.4534878,-99.7312829,14z",2026-01-28T18:39:55.160Z,,,
"https://www.google.com/maps/place/Kristopher+Lyon,+MD/data=!4m7!3m6!1s0x86568f62188107fb:0xc91a942bc2ce8a6d!8m2!3d32.4720653!4d-99.7316943!16s%2Fg%2F11v9y4s5rh!19sChIJ-weBGGKPVoYRbYrOwiuUGsk","Kristopher Lyon, MD",4.4,18,Neurosurgeon,"1924 Pine St Ste 501, Abilene, TX 79601, United States","F7C9+R8 Abilene, Texas, USA",https://www.hendrickhealth.org/find-a-provider/kristopher-a-lyon-md/,+1 325-670-5145,,https://lh3.googleusercontent.com/p/AF1QipNrd2ljSZsJyekKnjpBMsXBLEAEaFxRtg46to-M=w426-h240-k-no,true,,,,,,,,"https://www.google.com/maps/search/pain+management+physician+in+Sweetwater+Abilene+TX/@32.4534878,-99.7312829,14z",2026-01-28T18:39:57.476Z,,,
"https://www.google.com/maps/place/Jacqueline+Zimmerman,+DO/data=!4m7!3m6!1s0x86568f14e2fff97f:0xc654d61e054c2270!8m2!3d32.4641718!4d-99.7319944!16s%2Fg%2F11fhvnv9lv!19sChIJf_n_4hSPVoYRcCJMBR7WVMY","Jacqueline Zimmerman, DO",4.7,36,Obstetrician-gynecologist,"1326 Pine St, Abilene, TX 79601, United States","F779+M6 Abilene, Texas, USA",http://www.empowherwomenshealth.com/,+1 325-261-8883,Open · Closes 5 pm,https://lh3.googleusercontent.com/p/AF1QipMCzOoUKv18jXU0jmNVBwWnWGr7fdSp2-x1uYEF=w408-h271-k-no,true,9 am–5 pm,9 am–5 pm,9 am–12 pm,Closed,Closed,9 am–4 pm,9 am–5 pm,"https://www.google.com/maps/search/pain+management+physician+in+Sweetwater+Abilene+TX/@32.4534878,-99.7312829,14z",2026-01-28T18:40:02.138Z,,,
"https://www.google.com/maps/place/Dr.+Steven+W.+Brown,+MD/data=!4m7!3m6!1s0x86568e320268b2ad:0x29742a6a1e7e2a81!8m2!3d32.4720653!4d-99.7316943!16s%2Fg%2F12lv_y8b7!19sChIJrbJoAjKOVoYRgSp-HmoqdCk","Dr. Steven W. Brown, MD",4.6,20,Neurosurgeon,"1924 Pine St #504, Abilene, TX 79601, United States","F7C9+R8 Abilene, Texas, USA",https://www.hendrickhealth.org/find-a-provider/steven-w-brown-md/,+1 325-670-4730,Open · Closes 5 pm,https://lh3.googleusercontent.com/p/AF1QipOxyM_m5jEwGINR75n5Z1f8dOhQsqKwEfoRQCbO=w408-h271-k-no,true,8 am–5 pm,8 am–5 pm,8 am–12 pm,Closed,Closed,8 am–5 pm,8 am–5 pm,"https://www.google.com/maps/search/pain+management+physician+in+Sweetwater+Abilene+TX/@32.4534878,-99.7312829,14z",2026-01-28T18:40:06.963Z,,,
"https://www.google.com/maps/place/Swapna+Koduru,+MD/data=!4m7!3m6!1s0x86568e3202451c53:0xc4b3ecb558560f28!8m2!3d32.4705622!4d-99.7360703!16s%2Fg%2F125_zj5th!19sChIJUxxFAjKOVoYRKA9WWLXss8Q","Swapna Koduru, MD",3.5,58,Rheumatologist,"1850 Hickory St ste 200 f, Abilene, TX 79601, United States","F7C7+6H Abilene, Texas, USA",https://www.hendrickhealth.org/find-a-provider/swapna-koduru-md2/,+1 325-670-4590,,https://streetviewpixels-pa.googleapis.com/v1/thumbnail?panoid=Pkg6eN0NnlIefWYNKiWCHg&cb_client=search.gws-prod.gps&w=408&h=240&yaw=321.76736&pitch=0&thumbfov=100,true,,,,,,,,"https://www.google.com/maps/search/pain+management+physician+in+Sweetwater+Abilene+TX/@32.4534878,-99.7312829,14z",2026-01-28T18:40:09.547Z,,,
https://www.google.com/maps/place/Baylor+Scott+%26+White+Urgent+Care%2B+Abilene+%28Catclaw%29/data=!4m7!3m6!1s0x86568c361850813b:0x90e4615b6ce5ef19!8m2!3d32.405569!4d-99.774958!16s%2Fg%2F1tdlvppz!19sChIJO4FQGDaMVoYRGe_lbFth5JA,Baylor Scott & White Urgent Care+ Abilene (Catclaw),4.6,1779,Urgent care center,"3802 Catclaw Dr, Abilene, TX 79606, United States","C64G+62 Abilene, Texas, USA",https://www.bswhealth.com/locations/urgent-care/uc-plus-abilene-catclaw?utm_source=google-mybusiness&utm_medium=organic&utm_campaign=UC+AbileneCatclaw&utm_content=main-website,+1 325-690-1500,,https://lh3.googleusercontent.com/p/AF1QipM7kxubnIClVtdkaNGMxJx_pOEbzHmwRYQ17CWA=w408-h242-k-no,true,7 am–8 pm,7 am–8 pm,7 am–8 pm,7 am–8 pm,7 am–8 pm,7 am–8 pm,7 am–8 pm,"https://www.google.com/maps/search/pain+management+physician+in+Sweetwater+Abilene+TX/@32.4534878,-99.7312829,14z",2026-01-28T18:40:14.006Z,,,
"https://www.google.com/maps/place/Texas+Midwest+Eye+Center,+LLP:+Troy+Carter,+MD/data=!4m7!3m6!1s0x86568e2e63a39c8d:0x29daf8707e4a9fa0!8m2!3d32.4612856!4d-99.703688!16s%2Fg%2F1tcw40qf!19sChIJjZyjYy6OVoYRoJ9KfnD42ik","Texas Midwest Eye Center, LLP: Troy Carter, MD",4.9,276,Medical clinic,"1043 N Judge Ely Blvd, Abilene, TX 79601, United States","F76W+GG Abilene, Texas, USA",http://www.drtroycarter.com/,+1 325-672-9000,Open · Closes 5:30 pm,https://streetviewpixels-pa.googleapis.com/v1/thumbnail?panoid=kaml9b1yWm6wxFWLtG6t_Q&cb_client=search.gws-prod.gps&w=408&h=240&yaw=92.55815&pitch=0&thumbfov=100,true,7:30 am–5:30 pm,7:30 am–5:30 pm,Closed,Closed,Closed,7:30 am–5:30 pm,7:30 am–5:30 pm,"https://www.google.com/maps/search/pain+management+physician+in+Sweetwater+Abilene+TX/@32.4534878,-99.7312829,14z",2026-01-28T18:40:18.602Z,,,
"https://www.google.com/maps/place/Abilene+Family+Practice-Matthew+Wick,+MD/data=!4m7!3m6!1s0x8656927a3c012137:0x548ad39d418483bf!8m2!3d32.4656376!4d-99.7309676!16s%2Fg%2F1vzqsp4r!19sChIJNyEBPHqSVoYRv4OEQZ3TilQ","Abilene Family Practice-Matthew Wick, MD",4.1,34,Family practice physician,"1441 Pine St, Abilene, TX 79601, United States","F789+7J Abilene, Texas, USA",https://www.abilenefamilypractice.com/,+1 325-672-3252,Closed · Opens 8 am Thu,https://streetviewpixels-pa.googleapis.com/v1/thumbnail?panoid=9GsmHac0eXpAz6xJ_cG6Yg&cb_client=search.gws-prod.gps&w=408&h=240&yaw=108.27931&pitch=0&thumbfov=100,true,8 am–12 pm,8 am–5 pm,8 am–5 pm,Closed,Closed,8 am–5 pm,8 am–5 pm,"https://www.google.com/maps/search/pain+management+physician+in+Sweetwater+Abilene+TX/@32.4534878,-99.7312829,14z",2026-01-28T18:40:23.085Z,,,
https://www.google.com/maps/place/Healthtec+PLLC/data=!4m7!3m6!1s0x86568d77a9cb4f77:0xaf4b322c90c58e93!8m2!3d32.4073176!4d-99.7696985!16s%2Fg%2F11vyq3vjby!19sChIJd0_LqXeNVoYRk47FkCwyS68,Healthtec PLLC,5.0,13,Medical spa,"1 Village Dr Suite 350, Abilene, TX 79606, United States","C64J+W4 Abilene, Texas, USA",https://docfinley.com/,+1 325-260-6454,"Open · Closes 5 pm

Updated by this business 1 week ago",https://lh3.googleusercontent.com/p/AF1QipNHLKxrU044v5UKlGPI5qu1r1n13Q31erxulSru=w426-h240-k-no,true,8 am–5 pm,8 am–5 pm,8 am–5 pm,Closed,Closed,8 am–5 pm,8 am–5 pm,"https://www.google.com/maps/search/pain+management+physician+in+Sweetwater+Abilene+TX/@32.4534878,-99.7312829,14z",2026-01-28T18:40:27.653Z,,,
"https://www.google.com/maps/place/Derek+Padon,+MD/data=!4m7!3m6!1s0x14fb239353210823:0x121f755fa28dbf61!8m2!3d32.4673281!4d-99.7249873!16s%2Fg%2F11b6j4zfqx!19sChIJIwghU5Mj-xQRYb-Nol91HxI","Derek Padon, MD",4.5,24,Orthopedic surgeon,"1633 Cottonwood St, Abilene, TX 79601, United States","F78G+W2 Abilene, Texas, USA",https://www.hendrickhealth.org/hendrick-clinic/bone-and-joint/,+1 325-672-4372,,https://lh3.googleusercontent.com/p/AF1QipOdLoMOPX889nDK1yZvusqONozjHHkI2dnGHgb4=w426-h240-k-no,true,,,,,,,,"https://www.google.com/maps/search/pain+management+physician+in+Sweetwater+Abilene+TX/@32.4534878,-99.7312829,14z",2026-01-28T18:40:30.060Z,,,
https://www.google.com/maps/place/The+Beauty+Bus-+Abilene/data=!4m7!3m6!1s0x86568f521a0af9cd:0x1809b1fdc97fe79f!8m2!3d32.4439675!4d-99.7485705!16s%2Fg%2F11fktcb6x2!19sChIJzfkKGlKPVoYRn-d_yf2xCRg,The Beauty Bus- Abilene,5.0,216,Medical spa,"642 Sayles Blvd, Abilene, TX 79605, United States","C7V2+HH Abilene, Texas, USA",http://abilenebeautybus.com/?utm_source=google&utm_medium=organic&utm_campaign=gbp,+1 325-280-0984,"Open · Closes 5 pm

Updated by this business 6 weeks ago",https://lh3.googleusercontent.com/p/AF1QipONnZ9XBq3J9pCHNF5w4IKPXnSZ9wrKOrbcw7vY=w408-h306-k-no,true,9 am–5 pm,9 am–5 pm,9 am–5 pm,Closed,Closed,9 am–5 pm,9 am–5 pm,"https://www.google.com/maps/search/pain+management+physician+in+Sweetwater+Abilene+TX/@32.4534878,-99.7312829,14z",2026-01-28T18:40:34.384Z,LGBTQ+ friendly,,
https://www.google.com/maps/place/Johnson+Chiropractic+Center/data=!4m7!3m6!1s0x86568e9c517c8cc3:0x3f8d250276113ae2!8m2!3d32.4317533!4d-99.7828423!16s%2Fg%2F1tfgk6_s!19sChIJw4x8UZyOVoYR4joRdgIljT8,Johnson Chiropractic Center,4.9,37,Chiropractor,"4614 S 14th St, Abilene, TX 79605, United States","C6J8+PV Abilene, Texas, USA",https://www.johnsonchiropracticabilene.com/,+1 325-695-5220,Closed · Opens 2 pm,https://lh3.googleusercontent.com/p/AF1QipPpkDb0kWwOJLLz44ULx6WWsYWPcXrRxOFdLDdX=w408-h306-k-no,true,"8:30 am–12 pm, 2–6 pm","8:30 am–12 pm, 2–6 pm",8:30 am–12 pm,Closed,Closed,"8:30 am–12 pm, 2 pm–12 am","12–6 am, 8:30 am–12 pm","https://www.google.com/maps/search/pain+management+physician+in+Sweetwater+Abilene+TX/@32.4534878,-99.7312829,14z",2026-01-28T18:40:39.580Z,,,
https://www.google.com/maps/place/Vital+Care+Urgent+Care/data=!4m7!3m6!1s0x86568db45767152b:0x87057611a0ba8fb0!8m2!3d32.403192!4d-99.764711!16s%2Fg%2F1tfm71w8!19sChIJKxVnV7SNVoYRsI-6oBF2BYc,Vital Care Urgent Care,4.8,1114,Urgent care center,"4009 Ridgemont Dr, Abilene, TX 79606, United States","C63P+74 Abilene, Texas, USA",https://vitalcaretx.com/,+1 325-232-8830,Open · Closes 8 pm,https://lh3.googleusercontent.com/p/AF1QipPhXTNVn_JG7EA_pvj3JFgTDrG0rLZvRpJji-0I=w408-h271-k-no,true,8 am–8 pm,8 am–8 pm,8 am–8 pm,8 am–8 pm,8 am–8 pm,8 am–8 pm,8 am–8 pm,"https://www.google.com/maps/search/pain+management+physician+in+Sweetwater+Abilene+TX/@32.4534878,-99.7312829,14z",2026-01-28T18:40:44.396Z,,,
https://www.google.com/maps/place/West+Texas+TMS/data=!4m7!3m6!1s0x86568dfec228e433:0x84d73036fc53a53c!8m2!3d32.4283087!4d-99.7881735!16s%2Fg%2F11pkd_pznj!19sChIJM-Qowv6NVoYRPKVT_DYw14Q,West Texas TMS,5.0,1,Medical Center,"1702 S Clack St Suite 2, Abilene, TX 79605, United States","C6H6+8P Abilene, Texas, USA",https://westtxtms.com/?utm_source=gmb&utm_medium=organic,+1 325-269-0250,Open · Closes 5 pm,https://lh3.googleusercontent.com/p/AF1QipNfXbtot62ZdUf4tXovAD3NyfzrVruWKH3tXcSj=w408-h272-k-no,true,9 am–5 pm,9 am–5 pm,Closed,Closed,Closed,9 am–5 pm,9 am–5 pm,"https://www.google.com/maps/search/pain+management+physician+in+Sweetwater+Abilene+TX/@32.4534878,-99.7312829,14z",2026-01-28T18:40:49.528Z,,,
"https://www.google.com/maps/place/Abilene+Family+Dentistry+South+-+Webb+%26+Awtrey,+DDS/data=!4m7!3m6!1s0x86568dc35ef684fb:0xc6e7ab2b661d1f7c!8m2!3d32.409348!4d-99.778783!16s%2Fg%2F11q9mh7jj5!19sChIJ-4T2XsONVoYRfB8dZiur58Y","Abilene Family Dentistry South - Webb & Awtrey, DDS",4.9,230,Dentist,"4321 Southwest Dr, Abilene, TX 79606, United States","C65C+PF Abilene, Texas, USA",https://www.abilenefamilydentistry.com/,+1 325-738-0594,Open · Closes 4:30 pm,https://lh3.googleusercontent.com/p/AF1QipOAasMpLzb9NxD6cpr3ejsMHC-Yc7zj4fe3GXGm=w426-h240-k-no,true,8 am–4:30 pm,8 am–4:30 pm,Closed,Closed,Closed,8 am–4:30 pm,8 am–4:30 pm,"https://www.google.com/maps/search/pain+management+physician+in+Sweetwater+Abilene+TX/@32.4534878,-99.7312829,14z",2026-01-28T18:40:54.264Z,,,
https://www.google.com/maps/place/Abilene+Sports+Medicine+%26+Orthopedics/data=!4m7!3m6!1s0x86568d1286705f8f:0xc387773489c04212!8m2!3d32.3734953!4d-99.7479991!16s%2Fg%2F1tfl0mh4!19sChIJj19whhKNVoYREkLAiTR3h8M,Abilene Sports Medicine & Orthopedics,4.7,341,Orthopedic clinic,"2074 Antilley Rd, Abilene, TX 79606, United States","97F2+9R Abilene, Texas, USA",https://www.abilenesportsmed.com/south-abilene/,+1 325-698-3865,Open · Closes 5 pm,https://lh3.googleusercontent.com/p/AF1QipOYS7E_MrxVsBE1n5q2BW-gKCMLELu771NUEksH=w426-h240-k-no,true,8 am–5 pm,8 am–5 pm,8 am–4 pm,Closed,Closed,8 am–5 pm,8 am–5 pm,"https://www.google.com/maps/search/pain+management+physician+in+Sweetwater+Abilene+TX/@32.4534878,-99.7312829,14z",2026-01-28T18:40:59.109Z,,,
"https://www.google.com/maps/place/Muzaffar+Ali,+MD/data=!4m7!3m6!1s0x86568f6c5486fdcd:0xf3fe0c5f3ecc9bbe!8m2!3d32.4671868!4d-99.7246728!16s%2Fg%2F11y97x12w3!19sChIJzf2GVGyPVoYRvpvMPl8M_vM","Muzaffar Ali, MD",5.0,10,Orthopedic surgeon,"1633 Cottonwood St, Abilene, TX 79601, United States","F78G+V4 Abilene, Texas, USA",https://hendrickclinic.com/,+1 325-672-4372,,https://streetviewpixels-pa.googleapis.com/v1/thumbnail?panoid=0cPztkdsQCsqi_dKcpnoqQ&cb_client=search.gws-prod.gps&w=408&h=240&yaw=87.68732&pitch=0&thumbfov=100,true,,,,,,,,"https://www.google.com/maps/search/pain+management+physician+in+Sweetwater+Abilene+TX/@32.4534878,-99.7312829,14z",2026-01-28T18:41:01.420Z,,,
https://www.google.com/maps/place/Hendrick+Clinic/data=!4m7!3m6!1s0x86568d6d3f6d1d6b:0x4efb3279375f5ab2!8m2!3d32.3744514!4d-99.7443342!16s%2Fg%2F1tnms44s!19sChIJax1tP22NVoYRslpfN3ky-04,Hendrick Clinic,4.4,14,Medical clinic,"1680 Antilley Rd # 200, Abilene, TX 79606, United States","97F4+Q7 Abilene, Texas, USA",https://www.hendrickhealth.org/hendrick-clinic/?utm_campaign=website-link&utm_medium=organic&utm_source=local-listing,+1 325-428-5630,,https://streetviewpixels-pa.googleapis.com/v1/thumbnail?panoid=2sokZEyfpz0eakZ1uZV-QA&cb_client=search.gws-prod.gps&w=408&h=240&yaw=267.5781&pitch=0&thumbfov=100,true,,,,,,,,"https://www.google.com/maps/search/pain+management+physician+in+Sweetwater+Abilene+TX/@32.4534878,-99.7312829,14z",2026-01-28T18:41:03.769Z,,,
"https://www.google.com/maps/place/West+Texas+Health,+PLLC+%7C+Primary+Care+%26+3D+Mammogram/data=!4m7!3m6!1s0x865691ea287bdec5:0x72131f860987b6ae!8m2!3d32.3720642!4d-99.743997!16s%2Fg%2F1vqth5_3!19sChIJxd57KOqRVoYRrraHCYYfE3I","West Texas Health, PLLC | Primary Care & 3D Mammogram",4.5,268,Medical clinic,"1665 Antilley Rd, Abilene, TX 79606, United States","97C4+RC Abilene, Texas, USA",https://www.westtexashealth.com/?utm_source=gmb,+1 325-399-3377,Open · Closes 5 pm,https://lh3.googleusercontent.com/gps-cs-s/AHVAweoYfU0uzqy7lXyaC97aK0r35sGiOQE9Y6Y-IORCc9SxxKjK8l3WTs2z2DhWuK3kbpueUjN5zFvmB-HI67u-vfP1djx9GRFx8NgS662SQk43JtWUVz_SeGgCLTua-JjEG7bRL0kv=w408-h906-k-no,true,8 am–5 pm,8 am–5 pm,8 am–12 pm,Closed,Closed,8 am–5 pm,8 am–5 pm,"https://www.google.com/maps/search/pain+management+physician+in+Sweetwater+Abilene+TX/@32.4534878,-99.7312829,14z",2026-01-28T18:41:08.096Z,,,
"https://www.google.com/maps/place/Anthony+Chiropractic+and+Wellness,+Inc./data=!4m7!3m6!1s0x865692796c16ad85:0xb490300afdccd8d8!8m2!3d32.4007742!4d-99.7470032!16s%2Fg%2F1jkxpmtdr!19sChIJha0WbHmSVoYR2NjM_QowkLQ","Anthony Chiropractic and Wellness, Inc.",5.0,163,Chiropractor,"1917 Industrial Blvd, Abilene, TX 79602, United States","C723+85 Abilene, Texas, USA",https://www.anthony-chiropractic.com/,+1 325-788-2000,"Open · Closes 5:30 pm

Updated by others 1 week ago",https://lh3.googleusercontent.com/p/AF1QipPpjCUqDJawjH5OrIp5Hh8oB1jZ4gWZCEHQBbSG=w408-h306-k-no,true,8 am–5:30 pm,8 am–5:30 pm,Closed,9 am–12 pm,Closed,8 am–5:30 pm,8 am–5:30 pm,"https://www.google.com/maps/search/pain+management+physician+in+Sweetwater+Abilene+TX/@32.4534878,-99.7312829,14z",2026-01-28T18:41:12.831Z,,,
https://www.google.com/maps/place/Hendrick+Urgent+Care+-+Buffalo+Gap+Rd./data=!4m7!3m6!1s0x86568d46c534f4e3:0xafcccf7049db9d81!8m2!3d32.3970488!4d-99.7613588!16s%2Fg%2F11nfmyy0_m!19sChIJ4_Q0xUaNVoYRgZ3bSXDPzK8,Hendrick Urgent Care - Buffalo Gap Rd.,4.5,908,Urgent care center,"4424 Buffalo Gap Rd, Abilene, TX 79606, United States","96WQ+RF Abilene, Texas, USA",https://hendrickurgentcare.com/,+1 325-999-9685,Open · Closes 8 pm,https://lh3.googleusercontent.com/gps-cs-s/AHVAwepN978hiVnL0AyXOgX6UOuLWEB_O67Kr5W3L0ZU2CPg3OED32lLicZpKLaaQ7kHymgEcVeWRax1Ya9DwHZCSg7gUR3i0LXBvy_b4aSQXJfkVYHFUnkIZNAjGfnmY_rpc4glYG5lNA=w408-h306-k-no,true,8 am–8 pm,8 am–8 pm,8 am–8 pm,8 am–6 pm,8 am–6 pm,8 am–8 pm,8 am–8 pm,"https://www.google.com/maps/search/pain+management+physician+in+Sweetwater+Abilene+TX/@32.4534878,-99.7312829,14z",2026-01-28T18:41:17.313Z,,,
"https://www.google.com/maps/place/Robert+Dickey,+Jr.+Jr,+MD/data=!4m7!3m6!1s0x86568e3202451c53:0xee952fb09542640c!8m2!3d32.4719535!4d-99.7307456!16s%2Fg%2F1tcwrkcp!19sChIJUxxFAjKOVoYRDGRClbAvle4","Robert Dickey, Jr. Jr, MD",3.5,27,Orthopedic surgeon,"950 N 19th St #100, Abilene, TX 79601, United States","F7C9+QP Abilene, Texas, USA",https://www.hendrickhealth.org/find-a-provider/robert-l-dickey-md/,+1 325-670-3770,,https://lh3.googleusercontent.com/p/AF1QipM2aC4KRSzu96rUkq_xeJ6wxDX7YdP32HG5QFn3=w426-h240-k-no,true,,,,,,,,"https://www.google.com/maps/search/pain+management+physician+in+Sweetwater+Abilene+TX/@32.4534878,-99.7312829,14z",2026-01-28T18:41:19.558Z,,,
"https://www.google.com/maps/place/Dr.+Amy+G.+Creppy,+MD/data=!4m7!3m6!1s0x86568e2cffffffff:0xad92c13ca0a40d7e!8m2!3d32.4705192!4d-99.7360216!16s%2Fg%2F11c2jzb9xl!19sChIJ_____yyOVoYRfg2koDzBkq0","Dr. Amy G. Creppy, MD",3.4,10,Internist,"1850 Hickory St Suite 105, Abilene, TX 79601, United States","F7C7+6H Abilene, Texas, USA",,+1 325-704-2570,,https://streetviewpixels-pa.googleapis.com/v1/thumbnail?panoid=Pkg6eN0NnlIefWYNKiWCHg&cb_client=search.gws-prod.gps&w=408&h=240&yaw=322.55624&pitch=0&thumbfov=100,true,,,,,,,,"https://www.google.com/maps/search/pain+management+physician+in+Sweetwater+Abilene+TX/@32.4534878,-99.7312829,14z",2026-01-28T18:41:21.906Z,,,
"https://www.google.com/maps/place/West+Texas+Back+Clinic:+Ryan+Bailey,+DC/data=!4m7!3m6!1s0x86568e9fca0b287b:0x44b6df4020de8420!8m2!3d32.4280978!4d-99.7879348!16s%2Fg%2F1260n1lc3!19sChIJeygLyp-OVoYRIITeIEDftkQ","West Texas Back Clinic: Ryan Bailey, DC",5.0,1,Chiropractor,"1750 S Clack St, Abilene, TX 79605, United States","C6H6+6R Abilene, Texas, USA",http://www.westtexasbackclinic.net/ryan-bailey-b-s-d-c/,+1 325-695-2225,Closed · Opens 1:30 pm,https://lh3.googleusercontent.com/p/AF1QipPAV3F2Zdv9brrFQIicBo5NiIXhlDjDoyg-kyF_=w459-h240-k-no,true,"7 am–12 pm, 1:30–4:30 pm","8 am–12 pm, 1:30–4:30 pm","7 am–12 pm, 1:30–2 pm",Closed,Closed,"7 am–12 pm, 1:30–4:30 pm","8 am–12 pm, 1:30–4:30 pm","https://www.google.com/maps/search/pain+management+physician+in+Sweetwater+Abilene+TX/@32.4534878,-99.7312829,14z",2026-01-28T18:41:26.295Z,,,
https://www.google.com/maps/place/Hendrick+Clinic/data=!4m7!3m6!1s0x86568f91501120ff:0x36e06bc4b9e6ab66!8m2!3d32.471884!4d-99.7325863!16s%2Fg%2F11tsr6lrnp!19sChIJ_yARUJGPVoYRZqvmucRr4DY,Hendrick Clinic,,,Urology clinic,"1904 Pine St Suite 3A, Abilene, TX 79601, United States","F7C8+QX Abilene, Texas, USA",,+1 325-670-6180,"Open · Closes 5 pm

Updated by this business 2 weeks ago",https://streetviewpixels-pa.googleapis.com/v1/thumbnail?panoid=QZCq07VTPZ7EZHdwcMYyqQ&cb_client=search.gws-prod.gps&w=408&h=240&yaw=2.8413534&pitch=0&thumbfov=100,true,8 am–5 pm,8 am–5 pm,8 am–12 pm,Closed,Closed,8 am–5 pm,8 am–5 pm,"https://www.google.com/maps/search/pain+management+physician+in+Sweetwater+Abilene+TX/@32.4534878,-99.7312829,14z",2026-01-28T18:41:30.563Z,,,
"https://www.google.com/maps/place/Katherine+L+Rinard,+MD/data=!4m7!3m6!1s0x86568f113a885981:0xacedc4afe718831a!8m2!3d32.471884!4d-99.7325863!16s%2Fg%2F11h0bq3kdk!19sChIJgVmIOhGPVoYRGoMY56_E7aw","Katherine L Rinard, MD",3.8,30,Urologist,"1904 Pine St Suite 3A, Abilene, TX 79601, United States","F7C8+QX Abilene, Texas, USA",,+1 325-670-6180,"Open · Closes 5 pm

Confirmed by this business 7 weeks ago",https://lh3.googleusercontent.com/p/AF1QipNmO9QP9B5K4FQ3SF2y-e8Ssi9RFVN-xpK2TaV1=w426-h240-k-no,true,8 am–5 pm,8 am–5 pm,8 am–12 pm,Closed,Closed,8 am–5 pm,8 am–5 pm,"https://www.google.com/maps/search/pain+management+physician+in+Sweetwater+Abilene+TX/@32.4534878,-99.7312829,14z",2026-01-28T18:41:35.101Z,,,
"https://www.google.com/maps/place/Erika+A.+Sato,+MD,+FACS/data=!4m7!3m6!1s0x8640c079c5ca0b6b:0x1d8415609963f58f!8m2!3d32.3732403!4d-99.7460106!16s%2Fg%2F11b77cfzzl!19sChIJawvKxXnAQIYRj_VjmWAVhB0","Erika A. Sato, MD, FACS",4.9,214,Plastic surgeon,"1888 Antilley Rd Suite 100, Abilene, TX 79606, United States","97F3+7H Abilene, Texas, USA",https://www.houstonbeautifulbody.com/,,Open · Closes 4:45 pm,https://lh3.googleusercontent.com/p/AF1QipPvucyYq63EZYcMqF6FxWgelvECiyWS77_wl9e-=w408-h271-k-no,true,9 am–4:45 pm,9 am–4:45 pm,9 am–3 pm,Closed,Closed,9 am–4:45 pm,9 am–4:45 pm,"https://www.google.com/maps/search/pain+management+physician+in+Sweetwater+Abilene+TX/@32.4534878,-99.7312829,14z",2026-01-28T18:41:39.330Z,,,
https://www.google.com/maps/place/Victory+Spinal+Care/data=!4m7!3m6!1s0x86568d48a1854797:0xc6ccf5c8ffcff313!8m2!3d32.3665113!4d-99.7506705!16s%2Fg%2F11pcs1tr0r!19sChIJl0eFoUiNVoYRE_PP_8j1zMY,Victory Spinal Care,5.0,256,Chiropractor,"6715 Memorial Dr Suite B, Abilene, TX 79606, United States","968X+JP Abilene, Texas, USA",http://www.victoryspinalcare.com/,+1 325-704-3310,Closed · Opens 2:30 pm,https://lh3.googleusercontent.com/p/AF1QipOPBFeGFKgRrkwhWaLt-G2xPzl2b0jFGBLNccs6=w408-h544-k-no,true,"8:30 am–12 pm, 2:30–6 pm","8:30 am–12 pm, 3–6 pm",9 am–12 pm,Closed,Closed,"8:30 am–12 pm, 2:30–6 pm",3–5 pm,"https://www.google.com/maps/search/pain+management+physician+in+Sweetwater+Abilene+TX/@32.4534878,-99.7312829,14z",2026-01-28T18:41:43.710Z,Identifies as women-owned,,
https://www.google.com/maps/place/Dr.+Stephen+Johnson/data=!4m7!3m6!1s0x86568e9c4143b02d:0xd5a055350c688dc2!8m2!3d32.4316646!4d-99.782875!16s%2Fg%2F11k3xs91m7!19sChIJLbBDQZyOVoYRwo1oDDVVoNU,Dr. Stephen Johnson,5.0,3,Chiropractor,"4614 S 14th St, Abilene, TX 79605, United States","C6J8+MV Abilene, Texas, USA",https://www.johnsonchiropracticabilene.com/,+1 325-695-5220,Closed · Opens 2 pm,https://streetviewpixels-pa.googleapis.com/v1/thumbnail?panoid=sgCqGSmSucH2hbMKlGznGg&cb_client=search.gws-prod.gps&w=408&h=240&yaw=323.25854&pitch=0&thumbfov=100,true,"8:30 am–12 pm, 2–6 pm","8:30 am–12 pm, 2–6 pm",8:30 am–12 pm,Closed,Closed,"8:30 am–12 pm, 2–6 pm",8:30 am–12 pm,"https://www.google.com/maps/search/pain+management+physician+in+Sweetwater+Abilene+TX/@32.4534878,-99.7312829,14z",2026-01-28T18:41:48.313Z,,,
"https://www.google.com/maps/place/Stephen+Daugherty,+DPM/data=!4m7!3m6!1s0x86568f243bf0f3a9:0x29de2db24e1c12ab!8m2!3d32.4719535!4d-99.7307456!16s%2Fg%2F11kk1lskw_!19sChIJqfPwOySPVoYRqxIcTrIt3ik","Stephen Daugherty, DPM",4.7,30,Podiatrist,"950 N 19th St #100, Abilene, TX 79601, United States","F7C9+QP Abilene, Texas, USA",https://www.hendrickhealth.org/hendrick-clinic/,+1 325-670-6370,,https://lh3.googleusercontent.com/p/AF1QipMWgHGIGxFPRDhZ1Cn5MPKh-G2dziv3HriiY-q3=w426-h240-k-no,true,,,,,,,,"https://www.google.com/maps/search/pain+management+physician+in+Sweetwater+Abilene+TX/@32.4534878,-99.7312829,14z",2026-01-28T18:41:50.785Z,,,
"https://www.google.com/maps/place/David+Longley,+DO/data=!4m7!3m6!1s0x86568d12ae906877:0x5346b3a4827d361f!8m2!3d32.3710784!4d-99.7469863!16s%2Fg%2F1tdz9v92!19sChIJd2iQrhKNVoYRHzZ9gqSzRlM","David Longley, DO",4.9,696,Family practice physician,"6417 Central Park Blvd, Abilene, TX 79606, United States","97C3+C6 Abilene, Texas, USA",https://www.abilenedocs.com/?utm_source=gmb_auth,+1 325-695-6370,Open · Closes 5 pm,https://lh3.googleusercontent.com/p/AF1QipOkyUBbC1gskiM7zWRiHocEvFTcbpelA8xoXCnZ=w486-h240-k-no,true,8 am–5 pm,8 am–5 pm,8 am–12 pm,Closed,Closed,8 am–5 pm,8 am–5 pm,"https://www.google.com/maps/search/pain+management+physician+in+Sweetwater+Abilene+TX/@32.4534878,-99.7312829,14z",2026-01-28T18:41:55.310Z,,,
https://www.google.com/maps/place/Abilene+Dental+Care+-+West/data=!4m7!3m6!1s0x86568e3d0e07485f:0x481f47ca87a2a111!8m2!3d32.4182535!4d-99.7675848!16s%2Fg%2F1tjpqxwj!19sChIJX0gHDj2OVoYREaGih8pHH0g,Abilene Dental Care - West,4.7,782,Dentist,"3390 S 27th St, Abilene, TX 79605, United States","C69J+8X Abilene, Texas, USA",https://www.abilenedentalcare.com/?utm_source=google.com&utm_medium=business+profile&utm_campaign=,+1 325-200-0925,Open · Closes 5 pm,https://lh3.googleusercontent.com/gps-cs-s/AHVAwepfm8EiTumzVtVQ6wJuzkAab4KnHZV_ov5QBL7uuMDb_f5pZwHi_mnsi4QLbWBqCmbiOUu1AVSeCEyXLyf6jP1jHjEZRfBwqOAqyR1HOyESQEWf8TL2ICFBNTBmy3O55N7i5rPMtA=w408-h306-k-no,true,8 am–5 pm,8 am–5 pm,8 am–5 pm,Closed,Closed,8 am–5 pm,8 am–5 pm,"https://www.google.com/maps/search/pain+management+physician+in+Sweetwater+Abilene+TX/@32.4534878,-99.7312829,14z",2026-01-28T18:41:59.797Z,,,
"https://www.google.com/maps/place/Kevin+Finley,+DO/data=!4m7!3m6!1s0x86568dde8887fb17:0x470a268c3915b5d8!8m2!3d32.3713061!4d-99.747849!16s%2Fg%2F11fj93d8v2!19sChIJF_uHiN6NVoYR2LUVOYwmCkc","Kevin Finley, DO",4.9,589,Family practice physician,"6417 Central Park Blvd, Abilene, TX 79606, United States","97C2+GV Abilene, Texas, USA",https://www.abilenedocs.com/?utm_source=gmb_auth,+1 325-695-6370,Open · Closes 5 pm,https://lh3.googleusercontent.com/p/AF1QipMhepfX47YqEhVG0Dm8DzJEcATGK_BqTh4JTAOD=w486-h240-k-no,true,8 am–5 pm,8 am–5 pm,8 am–12 pm,Closed,Closed,8 am–5 pm,8 am–5 pm,"https://www.google.com/maps/search/pain+management+physician+in+Sweetwater+Abilene+TX/@32.4534878,-99.7312829,14z",2026-01-28T18:42:04.296Z,,,
"https://www.google.com/maps/place/Victor+Hudman+II,+MD/data=!4m7!3m6!1s0x86568d72a5aa8995:0xc94a94d68f5681ac!8m2!3d32.4306746!4d-99.7842899!16s%2Fg%2F1tkvb5bl!19sChIJlYmqpXKNVoYRrIFWj9aUSsk","Victor Hudman II, MD",4.0,27,Internist,"4716 S 14th St, Abilene, TX 79605, United States","C6J8+77 Abilene, Texas, USA",,+1 325-232-8668,Opens soon · 1 pm,https://streetviewpixels-pa.googleapis.com/v1/thumbnail?panoid=--4Rwogy_dB6Ffy6eGIhgg&cb_client=search.gws-prod.gps&w=408&h=240&yaw=300.42188&pitch=0&thumbfov=100,true,"8 am–12 pm, 1–5 pm","8 am–12 pm, 1–5 pm",8 am–12 pm,Closed,Closed,"8 am–12 pm, 1–5 pm","8 am–12 pm, 1–5 pm","https://www.google.com/maps/search/pain+management+physician+in+Sweetwater+Abilene+TX/@32.4534878,-99.7312829,14z",2026-01-28T18:42:08.737Z,,,
"https://www.google.com/maps/place/Ezekiel+Duke,+MD/data=!4m7!3m6!1s0x86568d3f3b2a4149:0xcc5891ed88fce482!8m2!3d32.3712398!4d-99.7469831!16s%2Fg%2F11h2nvqj9z!19sChIJSUEqOz-NVoYRguT8iO2RWMw","Ezekiel Duke, MD",4.9,688,Family practice physician,"6417 Central Park Blvd, Abilene, TX 79606, United States","97C3+F6 Abilene, Texas, USA",https://www.abilenedocs.com/?utm_source=gmb_auth,+1 325-695-6370,Open · Closes 5 pm,https://lh3.googleusercontent.com/p/AF1QipNb3GGvi65Nihw5DiMDr6Fg5wkkEs470BNIp1V1=w486-h240-k-no,true,8 am–5 pm,8 am–5 pm,8 am–12 pm,Closed,Closed,8 am–5 pm,8 am–5 pm,"https://www.google.com/maps/search/pain+management+physician+in+Sweetwater+Abilene+TX/@32.4534878,-99.7312829,14z",2026-01-28T18:42:13.179Z,,,
"https://www.google.com/maps/place/Shannon+Cooke,+MD/data=!4m7!3m6!1s0x86568e2e9311e33f:0x333ff41a071e326f!8m2!3d32.4672397!4d-99.7247444!16s%2Fg%2F1tl4dfvf!19sChIJP-MRky6OVoYRbzIeBxr0PzM","Shannon Cooke, MD",4.3,26,Orthopedic surgeon,"1633 Cottonwood St, Abilene, TX 79601, United States","F78G+V4 Abilene, Texas, USA",https://www.hendrickhealth.org/hendrick-clinic/bone-and-joint/,+1 325-672-4372,,https://lh3.googleusercontent.com/p/AF1QipMgp5IUBfFfpKZLWD8TopWsfS6c0AKiAGHJvZCs=w426-h240-k-no,true,,,,,,,,"https://www.google.com/maps/search/pain+management+physician+in+Sweetwater+Abilene+TX/@32.4534878,-99.7312829,14z",2026-01-28T18:42:15.772Z,,,
https://www.google.com/maps/place/Abilene+Dermatology+%26+Skin/data=!4m7!3m6!1s0x86568d04ade28fd3:0xe5ad06dac4d8bef6!8m2!3d32.3733617!4d-99.7616674!16s%2Fg%2F1tf7h2cs!19sChIJ04_irQSNVoYR9r7YxNoGreU,Abilene Dermatology & Skin,4.9,1234,Dermatologist,"3190 Antilley Rd, Abilene, TX 79606, United States","96FQ+88 Abilene, Texas, USA",http://www.abilenederm.com/,+1 325-672-5603,Open · Closes 5 pm,https://lh3.googleusercontent.com/p/AF1QipNL_MnX0Apt9oKC_JRdO42WCfyETL5EiKwre3Yr=w408-h272-k-no,true,7:30 am–5 pm,7:30 am–5 pm,7:30 am–12 pm,Closed,Closed,7:30 am–5 pm,7:30 am–5 pm,"https://www.google.com/maps/search/pain+management+physician+in+Sweetwater+Abilene+TX/@32.4534878,-99.7312829,14z",2026-01-28T18:42:20.579Z,,,
https://www.google.com/maps/place/Texas+Midwest+Emergency+Physical/data=!4m7!3m6!1s0x86568e2d90eaba75:0xd05e51bae240a39d!8m2!3d32.4721373!4d-99.7334279!16s%2Fg%2F1tfq51s4!19sChIJdbrqkC2OVoYRnaNA4rpRXtA,Texas Midwest Emergency Physical,,,Medical clinic,"1900 Pine St, Abilene, TX 79601, United States","F7C8+VJ Abilene, Texas, USA",,+1 325-670-2151,,https://streetviewpixels-pa.googleapis.com/v1/thumbnail?panoid=iwPNdLYMuILzhLFCPwqttg&cb_client=search.gws-prod.gps&w=408&h=240&yaw=16.414135&pitch=0&thumbfov=100,false,,,,,,,,"https://www.google.com/maps/search/pain+management+physician+in+Sweetwater+Abilene+TX/@32.4534878,-99.7312829,14z",2026-01-28T18:42:23.008Z,,,
"https://www.google.com/maps/place/Dr.+Robert+G.+Jantz,+MD/data=!4m7!3m6!1s0x86568e2d90eaba75:0xd4cc98f094855d57!8m2!3d32.471884!4d-99.7325863!16s%2Fg%2F1tdgq7d0!19sChIJdbrqkC2OVoYRV12FlPCYzNQ","Dr. Robert G. Jantz, MD",,,Anesthesiologist,"1900 Pine St, Abilene, TX 79601, United States","F7C8+QX Abilene, Texas, USA",,+1 325-670-3899,,https://streetviewpixels-pa.googleapis.com/v1/thumbnail?panoid=xJxKtfevG5NVJUqAcKYi2A&cb_client=search.gws-prod.gps&w=408&h=240&yaw=328.48932&pitch=0&thumbfov=100,false,,,,,,,,"https://www.google.com/maps/search/pain+management+physician+in+Sweetwater+Abilene+TX/@32.4534878,-99.7312829,14z",2026-01-28T18:42:25.265Z,,,
https://www.google.com/maps/place/Hendrick+Internal+Medicine/data=!4m7!3m6!1s0x86568e2c310546dd:0x53fc306e03434b11!8m2!3d32.4718479!4d-99.7326499!16s%2Fg%2F11b808y1yw!19sChIJ3UYFMSyOVoYREUtDA24w_FM,Hendrick Internal Medicine,1.5,2,Medical clinic,"1904 Pine St Suite 200, Abilene, TX 79601, United States","F7C8+PW Abilene, Texas, USA",https://www.hendrickhealth.org/hendrick-clinic/primary-care/,+1 325-670-5570,,https://streetviewpixels-pa.googleapis.com/v1/thumbnail?panoid=QZCq07VTPZ7EZHdwcMYyqQ&cb_client=search.gws-prod.gps&w=408&h=240&yaw=351.94955&pitch=0&thumbfov=100,true,,,,,,,,"https://www.google.com/maps/search/pain+management+physician+in+Sweetwater+Abilene+TX/@32.4534878,-99.7312829,14z",2026-01-28T18:42:27.489Z,,,
https://www.google.com/maps/place/Gateway+Diagnostic+Imaging+Abilene/data=!4m7!3m6!1s0x86568d99d89cfa81:0x42f2c7d366a0ab5e!8m2!3d32.3969814!4d-99.7418249!16s%2Fg%2F1tdkh1pd!19sChIJgfqc2JmNVoYRXqugZtPH8kI,Gateway Diagnostic Imaging Abilene,4.8,1031,Medical diagnostic imaging center,"4349 S Treadaway Blvd, Abilene, TX 79602, United States","97W5+Q7 Abilene, Texas, USA",https://www.gatewaydiagnostic.com/locations/abilene/,+1 325-695-4624,Open · Closes 8 pm,https://lh3.googleusercontent.com/gps-cs-s/AHVAweqh7PZxbFs2kY-XS8cmsPs7Pv7h4k2cZvATc2Mp1DzkLiep8CCmjJGr4F9DeHcX3DCcLcUUw6oCQHmftEfcfFy4o9xXlAt076vquw62U8Epfho3DnfRJtjk5xPp5CBszd9fs4k=w408-h544-k-no,true,8 am–8 pm,8 am–8 pm,8 am–8 pm,8 am–5 pm,Closed,8 am–8 pm,8 am–8 pm,"https://www.google.com/maps/search/pain+management+physician+in+Sweetwater+Abilene+TX/@32.4534878,-99.7312829,14z",2026-01-28T18:42:31.891Z,LGBTQ+ friendly,,
"https://www.google.com/maps/place/Kevin+A+Bridge,+MD/data=!4m7!3m6!1s0x86568e2c1713f8f1:0xd6cfee6df0840a2e!8m2!3d32.4719043!4d-99.7306458!16s%2Fg%2F11bxd8qqr1!19sChIJ8fgTFyyOVoYRLgqE8G3uz9Y","Kevin A Bridge, MD",4.4,46,Plastic surgeon,"950 N 19th St #200, Abilene, TX 79601, United States","F7C9+QP Abilene, Texas, USA",https://www.hendrickhealth.org/find-a-provider/kevin-a-bridge-md2/,+1 325-670-5320,"Open · Closes 5 pm

Updated by this business 4 weeks ago",https://lh3.googleusercontent.com/p/AF1QipNR-moMDRo9ATAg4_ilZop8tB2_-5aFJrBkTmlh=w426-h240-k-no,true,8 am–5 pm,8 am–5 pm,8 am–12 pm,Closed,Closed,8 am–5 pm,8 am–5 pm,"https://www.google.com/maps/search/pain+management+physician+in+Sweetwater+Abilene+TX/@32.4534878,-99.7312829,14z",2026-01-28T18:42:36.304Z,,,
https://www.google.com/maps/place/Express+Emergency+Room+Abilene/data=!4m7!3m6!1s0x86568db75da55555:0x85a4bc38d1d31d99!8m2!3d32.4026383!4d-99.7571953!16s%2Fg%2F11ggs1181s!19sChIJVVWlXbeNVoYRmR3T0Ti8pIU,Express Emergency Room Abilene,4.9,771,Emergency room,"4157 Buffalo Gap Rd, Abilene, TX 79605, United States","C63V+34 Abilene, Texas, USA",https://expresserabilene.com/?utm_source=GMB&utm_medium=Organic&utm_campaign=GMB,+1 325-225-0687,Open 24 hours,https://lh3.googleusercontent.com/p/AF1QipOqcj-B3OfZKV0jEheLjBlRitigrWDIHGygD0iB=w408-h306-k-no,true,Open 24 hours,Open 24 hours,Open 24 hours,Open 24 hours,Open 24 hours,Open 24 hours,Open 24 hours,"https://www.google.com/maps/search/pain+management+physician+in+Sweetwater+Abilene+TX/@32.4534878,-99.7312829,14z",2026-01-28T18:42:40.984Z,,,
"https://www.google.com/maps/place/7th+Medical+Group/@32.4375067,-99.8142215,17z/data=!3m1!4b1!4m6!3m5!1s0x8656894d69791fb9:0x93a860b3f7987ad7!8m2!3d32.4375067!4d-99.8142215!16s%2Fg%2F11bbrn1ds1",7th Medical Group,2.5,61,Medical clinic,"697 Louisiana Rd, Dyess AFB, TX 79607, United States","C5QP+28 Dyess AFB, Texas, USA",http://www.airforcemedicine.af.mil/MTF/Dyess/,+1 325-696-4677,Open · Closes 4:30 pm,,false,7:30 am–4:30 pm,7:30 am–4:30 pm,7:30 am–4:30 pm,Closed,Closed,7:30 am–4:30 pm,7:30 am–4:30 pm,"https://www.google.com/maps/search/pain+management+physician+in+Sweetwater+Abilene+TX/@32.4534878,-99.7312829,14z",2026-01-28T18:42:47.309Z,,,
https://www.google.com/maps/place/Sweetwater+Spine+Clinic/data=!4m7!3m6!1s0x86560fcebcfdc109:0xe08e452106e0204!8m2!3d32.4835714!4d-100.4005259!16s%2Fg%2F1tczkx8p!19sChIJCcH9vM4PVoYRBAJuEFLkCA4,Sweetwater Spine Clinic,5.0,3,Chiropractor,"1408 Hailey St, Sweetwater, TX 79556, United States","FHMX+CQ Sweetwater, Texas, USA",https://sweetwaterspine.com/,+1 325-235-9355,,https://streetviewpixels-pa.googleapis.com/v1/thumbnail?panoid=ZaDB8Wp73T5ZAXldXQhHhw&cb_client=search.gws-prod.gps&w=408&h=240&yaw=116.787704&pitch=0&thumbfov=100,true,,,,,,,,"https://www.google.com/maps/search/pain+management+physician+in+Sweetwater+Abilene+TX/@32.4534878,-99.7312829,14z",2026-01-28T18:42:50.080Z,,,
https://www.google.com/maps/place/BODY+WORX+Physical+Therapy+%26+Performance/data=!4m7!3m6!1s0x86568d7d88439007:0xfa179e43cb7895d!8m2!3d32.4019047!4d-99.75395!16s%2Fg%2F11fsqkd9b9!19sChIJB5BDiH2NVoYRXYm3POR5oQ8,BODY WORX Physical Therapy & Performance,5.0,102,Physical therapy clinic,"2446 Industrial Blvd, Abilene, TX 79605, United States","C62W+QC Abilene, Texas, USA",http://www.bodyworx-pt.com/,+1 325-261-0043,,https://lh3.googleusercontent.com/p/AF1QipPkcfbCMGJZBBhCmDT8_pvDTb4xSt1AM6S7wU-t=w408-h272-k-no,true,8 am–5 pm,8 am–5 pm,8 am–12 pm,Closed,Closed,8 am–5 pm,8 am–5 pm,"https://www.google.com/maps/search/pain+management+physician+in+Sweetwater+Abilene+TX/@32.4534878,-99.7312829,14z",2026-01-28T18:42:54.677Z,LGBTQ+ friendly,,
https://www.google.com/maps/place/Garza+Pedro+Y+MD/data=!4m7!3m6!1s0x86568ddcbe5e708b:0x122a803e04ea803c!8m2!3d32.4200133!4d-99.7500054!16s%2Fg%2F1tm0tky3!19sChIJi3BevtyNVoYRPIDqBD6AKhI,Garza Pedro Y MD,,,Anesthesiologist,"Abilene, TX 79608, United States","C6CX+2X Abilene, Texas, USA",,+1 325-854-1741,,https://streetviewpixels-pa.googleapis.com/v1/thumbnail?panoid=sWeR5stZT62XKNKacA__SA&cb_client=search.gws-prod.gps&w=408&h=240&yaw=268.45987&pitch=0&thumbfov=100,false,,,,,,,,"https://www.google.com/maps/search/pain+management+physician+in+Sweetwater+Abilene+TX/@32.4534878,-99.7312829,14z",2026-01-28T18:42:56.837Z,,,
https://www.google.com/maps/place/Hendrick+Health+System:+Ferguson+III+John+D+MD/data=!4m7!3m6!1s0x86568e2d90eaba75:0x712043407624798a!8m2!3d32.4721373!4d-99.7334279!16s%2Fg%2F1tzgpmsh!19sChIJdbrqkC2OVoYRinkkdkBDIHE,Hendrick Health System: Ferguson III John D MD,,,Anesthesiologist,"1900 Pine St, Abilene, TX 79601, United States","F7C8+VJ Abilene, Texas, USA",http://www.hendrickhealth.org/,+1 325-670-2277,,https://streetviewpixels-pa.googleapis.com/v1/thumbnail?panoid=iwPNdLYMuILzhLFCPwqttg&cb_client=search.gws-prod.gps&w=408&h=240&yaw=16.414135&pitch=0&thumbfov=100,true,,,,,,,,"https://www.google.com/maps/search/pain+management+physician+in+Sweetwater+Abilene+TX/@32.4534878,-99.7312829,14z",2026-01-28T18:42:59.173Z,,,
https://www.google.com/maps/place/Bauman+Tony+J+MD/data=!4m7!3m6!1s0x86568d6ce13b5091:0x4dd01bf39d5fefab!8m2!3d32.3726765!4d-99.7445328!16s%2Fg%2F1td48d0v!19sChIJkVA74WyNVoYRq-9fnfMb0E0,Bauman Tony J MD,,,Pain management physician,"6399 Directors Pkwy # 200, Abilene, TX 79606, United States","97F4+35 Abilene, Texas, USA",,+1 325-794-5420,Temporarily closed,https://streetviewpixels-pa.googleapis.com/v1/thumbnail?panoid=fAsnT-32WvtMsTPCpbg7sg&cb_client=search.gws-prod.gps&w=408&h=240&yaw=56.49485&pitch=0&thumbfov=100,false,,,,,,,,"https://www.google.com/maps/search/pain+management+physician+in+Sweetwater+Abilene+TX/@32.4534878,-99.7312829,14z",2026-01-28T18:43:03.445Z,,,
https://www.google.com/maps/place/Tabitha+Kelly/data=!4m7!3m6!1s0x86568d96909aaaab:0xcb1465867904a3a1!8m2!3d32.4018144!4d-99.7418628!16s%2Fg%2F11rkj8m19h!19sChIJq6qakJaNVoYRoaMEeYZlFMs,Tabitha Kelly,5.0,1,Psychiatrist,"1500 Industrial Blvd Suite 202, Abilene, TX 796028004, United States","C725+P7 Abilene, Texas, USA",,+1 325-480-2900,Temporarily closed,https://streetviewpixels-pa.googleapis.com/v1/thumbnail?panoid=QlN5e4oe-zzT_6lYNh_7Ew&cb_client=search.gws-prod.gps&w=408&h=240&yaw=353.38727&pitch=0&thumbfov=100,false,,,,,,,,"https://www.google.com/maps/search/pain+management+physician+in+Sweetwater+Abilene+TX/@32.4534878,-99.7312829,14z",2026-01-28T18:43:07.737Z,,,
https://www.google.com/maps/place/Munton+Daniel+L+MD/data=!4m7!3m6!1s0x86568db24a82de91:0x28ea55b81e631dec!8m2!3d32.3978873!4d-99.7634369!16s%2Fg%2F1tkb5j8c!19sChIJkd6CSrKNVoYR7B1jHrhV6ig,Munton Daniel L MD,4.4,7,Physiatrist,"4351 Ridgemont Dr, Abilene, TX 79606, United States","96XP+5J Abilene, Texas, USA",,+1 325-698-4545,Temporarily closed,https://streetviewpixels-pa.googleapis.com/v1/thumbnail?panoid=LAHazRWJ1M40DnX2WDbWvA&cb_client=search.gws-prod.gps&w=408&h=240&yaw=140.37595&pitch=0&thumbfov=100,false,,,,,,,,"https://www.google.com/maps/search/pain+management+physician+in+Sweetwater+Abilene+TX/@32.4534878,-99.7312829,14z",2026-01-28T18:43:11.995Z,,,
,,,,,,,,,,,,,,,,,,,"https://www.google.com/maps/search/pain+management+physician+in+Clyde+Abilene+TX/@32.4534878,-99.7312829,14z",2026-01-28T18:43:36.626Z,,,No new results found
https://www.google.com/maps/place/ResourceCare+Merkel/data=!4m7!3m6!1s0x865664949274bd31:0x81e023210dcbf920!8m2!3d32.4722699!4d-100.0114146!16s%2Fg%2F11hd9gn80m!19sChIJMb10kpRkVoYRIPnLDSEj4IE,ResourceCare Merkel,4.8,231,Medical clinic,"217 Edwards St, Merkel, TX 79536, United States","FXCQ+WC Merkel, Texas, USA",http://www.resourcecare.org/,+1 325-928-0014,Open · Closes 5 pm,https://streetviewpixels-pa.googleapis.com/v1/thumbnail?panoid=EHzCCwqoqb7PGpXJGU1pkQ&cb_client=search.gws-prod.gps&w=408&h=240&yaw=251.63719&pitch=0&thumbfov=100,true,8 am–5 pm,8 am–5 pm,8 am–5 pm,Closed,Closed,8 am–5 pm,8 am–5 pm,"https://www.google.com/maps/search/pain+management+physician+in+Merkel+Abilene+TX/@32.4706777,-100.0128739,14z",2026-01-28T18:43:58.367Z,,,
https://www.google.com/maps/place/Merkel+Family+Wellness+Clinic/data=!4m7!3m6!1s0x865664e96012c595:0x33127fedee2be596!8m2!3d32.4716911!4d-100.0193105!16s%2Fg%2F1tgcygtg!19sChIJlcUSYOlkVoYRluUr7u1_EjM,Merkel Family Wellness Clinic,,,Medical clinic,"1508 N 1st St St, Merkel, TX 79536, United States","FXCJ+M7 Merkel, Texas, USA",,+1 325-928-3313,,https://streetviewpixels-pa.googleapis.com/v1/thumbnail?panoid=PFbqe9Ugx4s_kPJDAXsAGw&cb_client=search.gws-prod.gps&w=408&h=240&yaw=12.871776&pitch=0&thumbfov=100,false,,,,,,,,"https://www.google.com/maps/search/pain+management+physician+in+Merkel+Abilene+TX/@32.4706777,-100.0128739,14z",2026-01-28T18:44:04.835Z,,,
https://www.google.com/maps/place/Merkel+Veterinary+Clinic/data=!4m7!3m6!1s0x865664bf25b2080f:0x233e832026f571d!8m2!3d32.48142!4d-100.0111409!16s%2Fg%2F1tcy4qt_!19sChIJDwiyJb9kVoYRHVdvAjLoMwI,Merkel Veterinary Clinic,4.8,129,Veterinarian,"1226 FM 126, Merkel, TX 79536, United States","FXJQ+HG Merkel, Texas, USA",,+1 325-928-5235,Open · Closes 5:30 pm,https://lh3.googleusercontent.com/gps-cs-s/AHVAwepxmx7qJ5035YqwPC-uxZOlDQeOSzIhannRdB0l1Lv3ci7QPk-EBClaYOECHU51AhRz08Ee65Uppy5oUJOEdatuFGJ_p1kwXFatgqBbAXvImbX_0oKZuXSYGpjN8wZ0cqjFC6SEZf7faaUg=w408-h614-k-no,true,8:30 am–5:30 pm,8:30 am–5:30 pm,8:30 am–5:30 pm,8 am–12 pm,Closed,8:30 am–5:30 pm,8:30 am–5:30 pm,"https://www.google.com/maps/search/pain+management+physician+in+Merkel+Abilene+TX/@32.4706777,-100.0128739,14z",2026-01-28T18:44:09.127Z,,,
https://www.google.com/maps/place/Merkel+Drug+Co/data=!4m7!3m6!1s0x865664937cdbf831:0xd7c553ad6105e68d!8m2!3d32.4709382!4d-100.011625!16s%2Fg%2F1tdbr8pd!19sChIJMfjbfJNkVoYRjeYFYa1Txdc,Merkel Drug Co,4.6,25,Pharmacy,"121 Edwards St, Merkel, TX 79536, United States","FXCQ+99 Merkel, Texas, USA",https://rymaps.xyz/business/merkel-drug-co-savvsj,+1 325-928-5012,Open · Closes 6 pm,https://lh3.googleusercontent.com/gps-cs-s/AHVAwepSaQbL4HhKL_aElo5CqqNoQu8VZxnzJQMBju_Vor2pIG5TLKPeH6FLYuVCxW0MVau1evF6G1SsM43smc3YQe8u_8S_f1jc_m7h0vmIVsWLoT6qEFsOKQQB3eCjOgoGhlUThusb=w426-h240-k-no,true,8 am–6 pm,8 am–6 pm,8 am–6 pm,8 am–1 pm,Closed,8 am–6 pm,8 am–6 pm,"https://www.google.com/maps/search/pain+management+physician+in+Merkel+Abilene+TX/@32.4706777,-100.0128739,14z",2026-01-28T18:44:13.602Z,,,
,,,,,,,,,,,,,,,,,,,"https://www.google.com/maps/search/pain+management+physician+in+Buffalo+Gap+Abilene+TX/@32.2792968,-99.8300894,14z",2026-01-28T18:44:35.959Z,,,No new results found
https://www.google.com/maps/place/Total+Massage+8/data=!4m7!3m6!1s0x86568f4921decf05:0x9078e2ae4b349afe!8m2!3d32.4314636!4d-99.7603536!16s%2Fg%2F11v042_3mz!19sChIJBc_eIUmPVoYR_po0S67ieJA,Total Massage 8,4.8,121,Massage spa,"3111 S 14th St, Abilene, TX 79605, United States","C6JQ+HV Abilene, Texas, USA",http://totalmassage8.wixstudio.io/79605,+1 325-868-8789,Open · Closes 9:30 pm,https://lh3.googleusercontent.com/p/AF1QipP1yEanuVNSN-sIl-7EQ1tBLky-fh4lQr8QYCZk=w408-h306-k-no,true,10 am–9:30 pm,10 am–9:30 pm,10 am–9:30 pm,10 am–9:30 pm,10 am–9:30 pm,10 am–9:30 pm,10 am–9:30 pm,"https://www.google.com/maps/search/pain+management+physician+in+Anson+Abilene+TX/@32.4534878,-99.7312829,14z",2026-01-28T18:45:02.482Z,,,
https://www.google.com/maps/place/Medical+Clinic+Of+Abilene/data=!4m7!3m6!1s0x86568e2dc134d7e1:0x37482c6c8de4d721!8m2!3d32.4719669!4d-99.7306004!16s%2Fg%2F1td3gfj8!19sChIJ4dc0wS2OVoYRIdfkjWwsSDc,Medical Clinic Of Abilene,,,Medical clinic,"1100 N 19th St, Abilene, TX 79601, United States","F7C9+QQ Abilene, Texas, USA",,+1 325-670-5565,,https://streetviewpixels-pa.googleapis.com/v1/thumbnail?panoid=TJ7XKDMyaGg5K7QRdVEPoA&cb_client=search.gws-prod.gps&w=408&h=240&yaw=146.24525&pitch=0&thumbfov=100,false,,,,,,,,"https://www.google.com/maps/search/pain+management+physician+in+Anson+Abilene+TX/@32.4534878,-99.7312829,14z",2026-01-28T18:45:08.964Z,,,
"https://www.google.com/maps/place/Sobie+S+Maduka,+MD/data=!4m7!3m6!1s0x86568f976ff89a49:0x549275b63d4f0c47!8m2!3d32.4706038!4d-99.732717!16s%2Fg%2F11hxw61t9c!19sChIJSZr4b5ePVoYRRwxPPbZ1klQ","Sobie S Maduka, MD",3.5,36,Family practice physician,"1150 N 18th St Ste 200, Abilene, TX 79601, United States","F7C8+6W Abilene, Texas, USA",https://www.hendrickhealth.org/find-a-provider/sobie-s-maduka-md2/,+1 325-670-5530,Opens soon · 1 pm,https://lh3.googleusercontent.com/p/AF1QipOaRSkSYnqsVm3kBEa0aOUGTLXF9e6jzOgvhQHu=w426-h240-k-no,true,"8 am–12 pm, 1–5 pm","8 am–12 pm, 1–5 pm",8 am–12 pm,Closed,Closed,"8 am–12 pm, 1–5 pm","8 am–12 pm, 1–5 pm","https://www.google.com/maps/search/pain+management+physician+in+Anson+Abilene+TX/@32.4534878,-99.7312829,14z",2026-01-28T18:45:13.360Z,,,
https://www.google.com/maps/place/Hendrick+Provider+Network/data=!4m7!3m6!1s0x86568e2c311a8995:0x5d34bc5e2d881c5c!8m2!3d32.471884!4d-99.7325863!16s%2Fg%2F1vn9phtz!19sChIJlYkaMSyOVoYRXByILV68NF0,Hendrick Provider Network,1.0,1,Medical group,"301 Cypress St #600, Abilene, TX 79601, United States","F7C8+QX Abilene, Texas, USA",http://www.hpnphysicians.com/,+1 325-670-4220,,https://streetviewpixels-pa.googleapis.com/v1/thumbnail?panoid=QZCq07VTPZ7EZHdwcMYyqQ&cb_client=search.gws-prod.gps&w=408&h=240&yaw=2.8413534&pitch=0&thumbfov=100,false,,,,,,,,"https://www.google.com/maps/search/pain+management+physician+in+Anson+Abilene+TX/@32.4534878,-99.7312829,14z",2026-01-28T18:45:15.720Z,,,
"https://www.google.com/maps/place/Clifford+L.+Deprang,+MD/data=!4m7!3m6!1s0x86568d1286705f8f:0x26a2a5f6baeb3edb!8m2!3d32.3735165!4d-99.7479762!16s%2Fg%2F1tfqg6lq!19sChIJj19whhKNVoYR2z7ruvaloiY","Clifford L. Deprang, MD",4.9,57,Orthopedic surgeon,"2074 Antilley Rd, Abilene, TX 79606, United States","97F2+CR Abilene, Texas, USA",https://www.abilenesportsmed.com/clifford-l-deprang-m-d/,+1 325-698-3865,Open · Closes 5 pm,https://lh3.googleusercontent.com/p/AF1QipPr6GKSiBppxT9eyW3K2OelVjeJQ1Ye2FyCiqH_=w426-h240-k-no,true,8 am–5 pm,8 am–5 pm,8 am–4 pm,Closed,Closed,8 am–5 pm,8 am–5 pm,"https://www.google.com/maps/search/pain+management+physician+in+Anson+Abilene+TX/@32.4534878,-99.7312829,14z",2026-01-28T18:45:20.174Z,,,
"https://www.google.com/maps/place/Jack+N+Needham,+MD/data=!4m7!3m6!1s0x86568e2c310546dd:0x138821b7fa9cfd20!8m2!3d32.4720653!4d-99.7316943!16s%2Fg%2F1260bl78j!19sChIJ3UYFMSyOVoYRIP2c-rchiBM","Jack N Needham, MD",4.4,18,Surgeon,"1924 Pine St Ste 501, Abilene, TX 79601, United States","F7C9+R8 Abilene, Texas, USA",https://www.hendrickhealth.org/find-a-provider/jack-n-needham-md2/,+1 325-670-4333,,https://lh3.googleusercontent.com/p/AF1QipOQ_lXzt-qsoSXZbejvR9oMkxV82253S8nwjrhL=w426-h240-k-no,true,,,,,,,,"https://www.google.com/maps/search/pain+management+physician+in+Anson+Abilene+TX/@32.4534878,-99.7312829,14z",2026-01-28T18:45:22.452Z,,,
https://www.google.com/maps/place/Neurosurgical+Services+at+Hendrick+Medical+Center/data=!4m7!3m6!1s0x86568e2db55c0633:0x8c4c6c23a0407124!8m2!3d32.4720653!4d-99.7316943!16s%2Fg%2F11d_793fml!19sChIJMwZctS2OVoYRJHFAoCNsTIw,Neurosurgical Services at Hendrick Medical Center,5.0,1,Psychoneurological specialized clinic,"1924 Pine St #504, Abilene, TX 79601, United States","F7C9+R8 Abilene, Texas, USA",,+1 325-670-4730,Temporarily closed,https://streetviewpixels-pa.googleapis.com/v1/thumbnail?panoid=NxxoNjidhB9QEipnV5EJDw&cb_client=search.gws-prod.gps&w=408&h=240&yaw=316.16727&pitch=0&thumbfov=100,false,,,,,,,,"https://www.google.com/maps/search/pain+management+physician+in+Anson+Abilene+TX/@32.4534878,-99.7312829,14z",2026-01-28T18:45:26.873Z,,,
"https://www.google.com/maps/place/Dr.+Stephen+R.+Lowry,+MD/data=!4m7!3m6!1s0x86568e2d90eaba75:0x6a7793522a15ee81!8m2!3d32.471884!4d-99.7325863!16s%2Fg%2F1tpn2_29!19sChIJdbrqkC2OVoYRge4VKlKTd2o","Dr. Stephen R. Lowry, MD",,,Anesthesiologist,"1900 Pine St, Abilene, TX 79601, United States","F7C8+QX Abilene, Texas, USA",,+1 325-670-3899,Temporarily closed,https://streetviewpixels-pa.googleapis.com/v1/thumbnail?panoid=xJxKtfevG5NVJUqAcKYi2A&cb_client=search.gws-prod.gps&w=408&h=240&yaw=328.48932&pitch=0&thumbfov=100,false,,,,,,,,"https://www.google.com/maps/search/pain+management+physician+in+Anson+Abilene+TX/@32.4534878,-99.7312829,14z",2026-01-28T18:45:31.181Z,,,