placeUrl,title,rating,reviewCount,category,address,plusCode,website,phoneNumber,currentStatus,imgUrl,isClaimed,tuesday,wednesday,thursday,friday,saturday,sunday,monday,query,timestamp,info,error
https://www.google.com/maps/place/Advanced+Skin+%26+Vein+Care+Centers/data=!4m7!3m6!1s0x88425aa137e06913:0x7ac4428ee06a49a2!8m2!3d38.0003097!4d-84.4421448!16s%2Fg%2F1tp1zhdm!19sChIJE2ngN6FaQogRoklq4I5CxHo,Advanced Skin & Vein Care Centers,4.5,61,Medical spa,"3229 Summit Square Pl STE 230, Lexington, KY 40509, United States","2H25+44 Lexington, Kentucky, USA",http://www.kentuckymedspa.com/,+1 859-554-0519,Closes soon · 6 pm · Opens 10 am Wed,https://lh3.googleusercontent.com/p/AF1QipOgeplPePVzOym5-_H3j4utK1qmJ1ojLR8fPPgP=w408-h306-k-no,true,10 am–6 pm,10 am–6 pm,10 am–6 pm,10 am–6 pm,Closed,Closed,10 am–6 pm,"https://www.google.com/maps/search/vein+clinics+in+Lexington+Lexington+KY/@42.4473497,-71.2271531,14z",2025-12-16T22:14:47.631Z,,
https://www.google.com/maps/place/Vein+Central/data=!4m7!3m6!1s0x88425b52e6b5a95f:0xf95ea942a8545ce9!8m2!3d38.0181515!4d-84.5137028!16s%2Fg%2F1tfk0jjf!19sChIJX6m15lJbQogR6VxUqEKpXvk,Vein Central,5.0,1,Surgical center,"1760 Nicholasville Rd #202, Lexington, KY 40503, United States","2F9P+7G Lexington, Kentucky, USA",,+1 859-277-5711,Closed · Opens 9 am Wed,https://streetviewpixels-pa.googleapis.com/v1/thumbnail?panoid=a0W9fPB_JtQJLSr2RF52eA&cb_client=search.gws-prod.gps&w=408&h=240&yaw=272.7707&pitch=0&thumbfov=100,true,9 am–5 pm,9 am–5 pm,9 am–5 pm,9 am–5 pm,Closed,Closed,9 am–5 pm,"https://www.google.com/maps/search/vein+clinics+in+Lexington+Lexington+KY/@42.4473497,-71.2271531,14z",2025-12-16T22:14:52.794Z,,
"https://www.google.com/maps/place/Lexington+Vein+Institute:+Fadi+Bacha,+MD/data=!4m7!3m6!1s0x88425b16488a240d:0x7572c7f04c3e8f77!8m2!3d38.0102823!4d-84.5589668!16s%2Fg%2F1tl9n7qc!19sChIJDSSKSBZbQogRd48-TPDHcnU","Lexington Vein Institute: Fadi Bacha, MD",4.8,24,Internist,"3116 Harrodsburg Rd, Lexington, KY 40503, United States","2C6R+4C Lexington, Kentucky, USA",http://www.lexvein.com/?utm_source=googlemaps&utm_medium=organic&utm_campaign=gm,+1 859-687-0023,"Closed · Opens 9 am Wed

Updated by phone call 4 weeks ago",https://lh3.googleusercontent.com/p/AF1QipMOJCQouj60Jn10Gg7z1ZKjGkkGmq5H8Z1pFPEm=w486-h240-k-no,true,9 am–5 pm,9 am–5 pm,9 am–5 pm,Closed,Closed,Closed,9 am–5 pm,"https://www.google.com/maps/search/vein+clinics+in+Lexington+Lexington+KY/@42.4473497,-71.2271531,14z",2025-12-16T22:14:58.262Z,,
https://www.google.com/maps/place/Kentucky+Vein+Care/data=!4m7!3m6!1s0x88425d269f07230f:0xfd7005b97ebf4c7!8m2!3d38.0121741!4d-84.5553604!16s%2Fg%2F1vkxmyzl!19sChIJDyMHnyZdQogRx_Trl1sA1w8,Kentucky Vein Care,3.8,17,Medical clinic,"3080 Harrodsburg Rd Suite 200, Lexington, KY 40503, United States","2C6V+VV Lexington, Kentucky, USA",http://www.kyveincare.com/,+1 859-455-8346,Closed · Opens 8 am Wed,https://lh3.googleusercontent.com/p/AF1QipPt2HOaUt-hT4N_vlVRMlxUaVPJSLwZW7Es-sN-=w408-h306-k-no,true,8 am–2 pm,8 am–12:30 pm,8 am–2 pm,8 am–12:30 pm,Closed,Closed,8 am–2 pm,"https://www.google.com/maps/search/vein+clinics+in+Lexington+Lexington+KY/@42.4473497,-71.2271531,14z",2025-12-16T22:15:03.006Z,LGBTQ+ friendly,
https://www.google.com/maps/place/Bluegrass+Vein+and+Aesthetics+Center/data=!4m7!3m6!1s0x88425dfb29e51f49:0xcf8d8fb732c9ae57!8m2!3d38.0060607!4d-84.5240089!16s%2Fg%2F11vrfqjtqb!19sChIJSR_lKftdQogRV67JMrePjc8,Bluegrass Vein and Aesthetics Center,5.0,16,Skin care clinic,"2350 Regency Rd Ste C, Lexington, KY 40503, United States","2F4G+C9 Lexington, Kentucky, USA",https://www.bvacenter.com/,+1 859-407-7721,Closed · Opens 9 am Wed,https://lh3.googleusercontent.com/gps-cs-s/AG0ilSwIgx0KNAOWsmpCu-CLOcwwSwjtuoY7FBJZXM2zUO-rR4a650DcKA48CHV3n1uQPTQhMIsvR4QnPQNuPaK0j2S6KqgcQrexkSHC_Yx07yxQrYhEeVOdvYbpdbBRLELX4GWIhNSv=w408-h306-k-no,true,9 am–5 pm,9 am–5 pm,9 am–5 pm,9 am–5 pm,Closed,Closed,9 am–5 pm,"https://www.google.com/maps/search/vein+clinics+in+Lexington+Lexington+KY/@42.4473497,-71.2271531,14z",2025-12-16T22:15:07.900Z,,
https://www.google.com/maps/place/UK+Vein+Clinic/data=!4m7!3m6!1s0x884244b9d2ef2ea3:0x42af3168d1865d18!8m2!3d38.0333379!4d-84.5081424!16s%2Fg%2F11gfj_n5ss!19sChIJoy7v0rlEQogRGF2G0Wgxr0I,UK Vein Clinic,,,Specialized clinic,"740 S Limestone 5th floor C503, Lexington, KY 40536, United States","2FMR+8P Lexington, Kentucky, USA",https://ukhealthcare.uky.edu/gill-heart-vascular-institute/services/vascular-surgery/vein-clinic?utm_source=local-listing&utm_medium=organic&utm_campaign=website-link,+1 859-218-6388,Closed · Opens 8 am Fri,https://lh3.googleusercontent.com/p/AF1QipOT-QHJ4oiFttQHx075goUvgDvm5JgXSsFXuo0p=w408-h255-k-no,true,Closed,Closed,Closed,8 am–5 pm,Closed,Closed,Closed,"https://www.google.com/maps/search/vein+clinics+in+Lexington+Lexington+KY/@42.4473497,-71.2271531,14z",2025-12-16T22:15:12.723Z,,
"https://www.google.com/maps/place/TOTAL+VEIN+CARE/@38.0332109,-84.5255169,17z/data=!3m1!4b1!4m6!3m5!1s0x88424359a564a8e3:0x369d95aeed561a8c!8m2!3d38.0332109!4d-84.5255169!16s%2Fg%2F11c1vk7s8q",TOTAL VEIN CARE,,,Medical clinic,"1401 Harrodsburg Rd, Lexington, KY 40504, United States","2FMF+7Q Lexington, Kentucky, USA",,+1 859-278-4960,,,false,,,,,,,,"https://www.google.com/maps/search/vein+clinics+in+Lexington+Lexington+KY/@42.4473497,-71.2271531,14z",2025-12-16T22:15:17.208Z,,
https://www.google.com/maps/place/UK+Comprehensive+Vascular+Clinic/data=!4m7!3m6!1s0x884245b54c4e2861:0x84bd4057d4911b01!8m2!3d38.0336367!4d-84.508108!16s%2Fg%2F11vl571jy9!19sChIJYShOTLVFQogRARuR1FdAvYQ,UK Comprehensive Vascular Clinic,4.0,4,Specialized clinic,"740 S Limestone Wing D, # L504, Lexington, KY 40536, United States","2FMR+FQ Lexington, Kentucky, USA",https://ukhealthcare.uky.edu/locations/uk-healthcare-comprehensive-vascular-clinic,+1 859-218-6388,Closed · Opens 8 am Wed,https://lh3.googleusercontent.com/p/AF1QipNza4kFAGZ4sWMaDulot6lkoQ5sGnE2R4C49osA=w408-h269-k-no,true,8 am–5 pm,8 am–5 pm,8 am–5 pm,8 am–5 pm,Closed,Closed,8 am–5 pm,"https://www.google.com/maps/search/vein+clinics+in+Lexington+Lexington+KY/@42.4473497,-71.2271531,14z",2025-12-16T22:15:22.128Z,,
"https://www.google.com/maps/place/Igor+Voskresensky,+MD,+RPVI/data=!4m7!3m6!1s0x88424359a56aaaab:0x264038a23fe54b5!8m2!3d38.0060133!4d-84.5239769!16s%2Fg%2F11hd6w8p5y!19sChIJq6pqpVlDQogRtVT-I4oDZAI","Igor Voskresensky, MD, RPVI",5.0,8,Vascular surgeon,"2350 Regency Rd, Lexington, KY 40503, United States","2F4G+CC Lexington, Kentucky, USA",https://fsalexington.com/,+1 859-278-4960,Open 24 hours,https://lh3.googleusercontent.com/p/AF1QipMJ0G2tLV7L8HFgbmTD9479Y2TC1Q0f69AacCUv=w408-h466-k-no,true,Open 24 hours,Open 24 hours,Open 24 hours,Open 24 hours,Open 24 hours,Open 24 hours,Open 24 hours,"https://www.google.com/maps/search/vein+clinics+in+Lexington+Lexington+KY/@42.4473497,-71.2271531,14z",2025-12-16T22:15:27.093Z,LGBTQ+ friendly,
https://www.google.com/maps/place/Fayette+Surgical/data=!4m7!3m6!1s0x88425dff2c8b534d:0x73c11d0312488d5f!8m2!3d38.0060133!4d-84.5239779!16s%2Fg%2F11l8vd39yw!19sChIJTVOLLP9dQogRX41IEgMdwXM,Fayette Surgical,5.0,1,Medical clinic,"2350 Regency Rd, Lexington, KY 40503, United States","2F4G+CC Lexington, Kentucky, USA",https://fsalexington.com/,,,https://streetviewpixels-pa.googleapis.com/v1/thumbnail?panoid=0XEgcWUBbKlpdoCorYvFiw&cb_client=search.gws-prod.gps&w=408&h=240&yaw=34.14398&pitch=0&thumbfov=100,false,,,,,,,,"https://www.google.com/maps/search/vein+clinics+in+Lexington+Lexington+KY/@42.4473497,-71.2271531,14z",2025-12-16T22:15:29.712Z,,
"https://www.google.com/maps/place/Dr.+Glen+W.+Simons,+MD/data=!4m7!3m6!1s0x884244ead80139e3:0xcd2b9021c4ceaca3!8m2!3d38.0121741!4d-84.5553604!16s%2Fg%2F1tmpwnng!19sChIJ4zkB2OpEQogRo6zOxCGQK80","Dr. Glen W. Simons, MD",3.0,6,Surgeon,"3080 Harrodsburg Rd Suite 200, Lexington, KY 40503, United States","2C6V+VV Lexington, Kentucky, USA",https://kyveincare.com/about-us/,+1 859-455-8346,Closed · Opens 8:30 am Wed,https://streetviewpixels-pa.googleapis.com/v1/thumbnail?panoid=iPgg92Af-yJRRCTSmDrTdA&cb_client=search.gws-prod.gps&w=408&h=240&yaw=331.37073&pitch=0&thumbfov=100,false,8:30 am–4 pm,8:30 am–4 pm,8:30 am–4 pm,8:30 am–12 pm,Closed,Closed,8:30 am–4 pm,"https://www.google.com/maps/search/vein+clinics+in+Lexington+Lexington+KY/@42.4473497,-71.2271531,14z",2025-12-16T22:15:34.583Z,,
https://www.google.com/maps/place/Mark+Stephen+Iltis/data=!4m7!3m6!1s0x88425ca7163ab3b3:0xb646ebe82c51b8e7!8m2!3d38.0060133!4d-84.5239769!16s%2Fg%2F11ty7vqt4x!19sChIJs7M6FqdcQogR57hRLOjrRrY,Mark Stephen Iltis,5.0,12,Vascular surgeon,"2350 Regency Rd Ste A, Lexington, KY 405032351, United States","2F4G+CC Lexington, Kentucky, USA",,,,https://streetviewpixels-pa.googleapis.com/v1/thumbnail?panoid=jv5EwnSLPIU1ap1F7r53Gw&cb_client=search.gws-prod.gps&w=408&h=240&yaw=104.4436&pitch=0&thumbfov=100,false,,,,,,,,"https://www.google.com/maps/search/vein+clinics+in+Lexington+Lexington+KY/@42.4473497,-71.2271531,14z",2025-12-16T22:15:37.390Z,,
https://www.google.com/maps/place/Fayette+Surgical+Associates/data=!4m7!3m6!1s0x88424359bb7ed6c5:0x472bd18407224e4a!8m2!3d38.0049355!4d-84.5246259!16s%2Fg%2F1w3478vw!19sChIJxdZ-u1lDQogRSk4iB4TRK0c,Fayette Surgical Associates,4.2,49,Medical group,"280 Pasadena Dr, Lexington, KY 40503, United States","2F3G+X4 Lexington, Kentucky, USA",https://fsalexington.com/,+1 859-278-4960,Closed · Opens 9 am Wed,https://lh3.googleusercontent.com/p/AF1QipPZQ1qsaYMpYJ6bvC9qJ8spmlfM5MikUR3fgUw1=w427-h240-k-no,true,9 am–5 pm,9 am–5 pm,9 am–5 pm,9 am–5 pm,Closed,Closed,9 am–5 pm,"https://www.google.com/maps/search/vein+clinics+in+Lexington+Lexington+KY/@42.4473497,-71.2271531,14z",2025-12-16T22:15:42.169Z,,
"https://www.google.com/maps/place/Veins+Norm+%26+Mell/@37.9617326,-84.4928431,17z/data=!3m1!4b1!4m6!3m5!1s0x88425bba309471ff:0x82115b05534b1303!8m2!3d37.9617326!4d-84.4928431!16s%2Fg%2F1th1vr64",Veins Norm & Mell,,,Medical clinic,"1005 Tanbark Rd # 218, Lexington, KY 40515, United States","XG64+MV Lexington, Kentucky, USA",,+1 859-971-8535,,,false,,,,,,,,"https://www.google.com/maps/search/vein+clinics+in+Lexington+Lexington+KY/@42.4473497,-71.2271531,14z",2025-12-16T22:15:46.911Z,,
https://www.google.com/maps/place/The+Lift+Bar+Medspa/data=!4m7!3m6!1s0x88425d85a02176b9:0x78dd07313ce2d8d3!8m2!3d37.9535656!4d-84.5295332!16s%2Fg%2F11pq6hgmy7!19sChIJuXYhoIVdQogR09jiPDEH3Xg,The Lift Bar Medspa,4.9,220,Medical spa,"122 Langley Dr, Nicholasville, KY 40356, United States","XF3C+C5 Nicholasville, Kentucky, USA",https://liftbotoxbar.com/,+1 859-724-6042,Closed · Opens 9 am Wed,https://lh3.googleusercontent.com/p/AF1QipOylcz3fO_vSzGLLWGcEFOk-1N2MxJ85Z4hE3J4=w408-h544-k-no,true,9 am–5 pm,9 am–5 pm,9 am–5 pm,9 am–5 pm,Closed,Closed,9 am–5 pm,"https://www.google.com/maps/search/vein+clinics+in+Nicholasville+Lexington+KY/@37.8794475,-84.573442,14z",2025-12-16T22:16:00.736Z,LGBTQ+ friendly,
"https://www.google.com/maps/place/Lexington+Clinic:+Stone,+Angie,+APRN/data=!4m7!3m6!1s0x88425eff8893fea1:0xfb4adb18d7b07fd4!8m2!3d37.8978434!4d-84.5639036!16s%2Fg%2F11c1mzzrhs!19sChIJof6TiP9eQogR1H-w1xjbSvs","Lexington Clinic: Stone, Angie, APRN",5.0,1,Family practice physician,"110 Village Pkwy, Nicholasville, KY 40356, United States","VCXP+4C Nicholasville, Kentucky, USA",http://www.lexingtonclinic.com/,+1 859-887-8400,Open · Closes 7 pm,https://streetviewpixels-pa.googleapis.com/v1/thumbnail?panoid=WTxpnYVrGnAAp1KR2B1Okw&cb_client=search.gws-prod.gps&w=408&h=240&yaw=215.48543&pitch=0&thumbfov=100,false,8 am–7 pm,8 am–7 pm,8 am–7 pm,8 am–7 pm,9 am–4:30 pm,9 am–4:30 pm,8 am–7 pm,"https://www.google.com/maps/search/vein+clinics+in+Nicholasville+Lexington+KY/@37.8794475,-84.573442,14z",2025-12-16T22:16:10.158Z,,
https://www.google.com/maps/place/Eutopia+Aesthetics/data=!4m7!3m6!1s0x88425f57754938a7:0xe5994e4591d31ee7!8m2!3d37.8856621!4d-84.570217!16s%2Fg%2F11scfqv6g4!19sChIJpzhJdVdfQogR5x7TkUVOmeU,Eutopia Aesthetics,5.0,3,Medical spa,"504c N Main St, Nicholasville, KY 40356, United States","VCPH+7W Nicholasville, Kentucky, USA",,+1 859-339-5959,,https://lh3.googleusercontent.com/p/AF1QipN-PTtVvMS_Qm4f9RrvHqNHhyuz_OY2oUOH_ixq=w408-h544-k-no,true,,,,,,,,"https://www.google.com/maps/search/vein+clinics+in+Nicholasville+Lexington+KY/@37.8794475,-84.573442,14z",2025-12-16T22:16:12.821Z,,
https://www.google.com/maps/place/Advanced+Skin+%26+Vein+Care+Centers/data=!4m7!3m6!1s0x8842407c911aa7f9:0x210942fde38d6ec5!8m2!3d38.1821498!4d-84.5686198!16s%2Fg%2F11cjp7zzbp!19sChIJ-acakXxAQogRxW6N4_1CCSE,Advanced Skin & Vein Care Centers,4.2,11,Medical spa,"208 Bevins Ln B, Georgetown, KY 40324, United States","5CJJ+VH Georgetown, Kentucky, USA",https://www.kentuckymedspa.com/,+1 859-554-0519,Closes soon · 6 pm · Opens 10 am Wed,https://streetviewpixels-pa.googleapis.com/v1/thumbnail?panoid=lbSArS2oYhNgwdTvtwZZ4A&cb_client=search.gws-prod.gps&w=408&h=240&yaw=240.68591&pitch=0&thumbfov=100,true,10 am–6 pm,10 am–6 pm,10 am–6 pm,10 am–6 pm,Closed,Closed,10 am–6 pm,"https://www.google.com/maps/search/vein+clinics+in+Georgetown+Lexington+KY/@38.0389091,-84.5152662,14z",2025-12-16T22:16:30.725Z,,
https://www.google.com/maps/place/CaloSpa%C2%AE+Rejuvenation+Center/data=!4m7!3m6!1s0x884244c55594c293:0xf4cc3ea9c781283d!8m2!3d38.029569!4d-84.490994!16s%2Fg%2F11b75g6bgg!19sChIJk8KUVcVEQogRPSiBx6k-zPQ,CaloSpa® Rejuvenation Center,5.0,114,Medical spa,"824 Euclid Ave #100, Lexington, KY 40502, United States","2GH5+RJ Lexington, Kentucky, USA",https://www.calospa.com/?utm_source=google&utm_medium=local&utm_campaign=lexington-medspa-website,+1 859-269-2256,Closed · Opens 9 am Wed,https://lh3.googleusercontent.com/p/AF1QipNPg24LrYd23RLJ2CkCgCYd1ui9kLw5jAKkb-0l=w426-h240-k-no,true,9 am–5 pm,9 am–5 pm,9 am–5 pm,9 am–5 pm,Closed,Closed,9 am–5 pm,"https://www.google.com/maps/search/vein+clinics+in+Georgetown+Lexington+KY/@38.0389091,-84.5152662,14z",2025-12-16T22:16:40.250Z,LGBTQ+ friendly,
"https://www.google.com/maps/place/Dr.+Thomas+H.+Greenlee,+MD/@38.0332109,-84.5255169,17z/data=!3m1!4b1!4m6!3m5!1s0x88424359bb7ed6c5:0x6848cdc69eead6b4!8m2!3d38.0332109!4d-84.5255169!16s%2Fg%2F1th5_h0n","Dr. Thomas H. Greenlee, MD",5.0,1,Surgeon,"1401 Harrodsburg Rd suite c-100, Lexington, KY 40504, United States","2FMF+7Q Lexington, Kentucky, USA",http://fsalexington.com/,+1 859-278-4960,Closed · Opens 9 am Wed,,false,9 am–5 pm,9 am–5 pm,9 am–5 pm,9 am–5 pm,Closed,Closed,9 am–5 pm,"https://www.google.com/maps/search/vein+clinics+in+Georgetown+Lexington+KY/@38.0389091,-84.5152662,14z",2025-12-16T22:16:46.999Z,,
,,,,,,,,,,,,,,,,,,,"https://www.google.com/maps/search/vein+clinics+in+Versailles+Lexington+KY/@48.8022585,2.1297422,14z",2025-12-16T22:17:00.377Z,,No new results found
,,,,,,,,,,,,,,,,,,,"https://www.google.com/maps/search/vein+clinics+in+Richmond+Lexington+KY/@42.3729519,-73.3676804,14z",2025-12-16T22:17:13.051Z,,No new results found
,,,,,,,,,,,,,,,,,,,"https://www.google.com/maps/search/vein+clinics+in+Winchester+Lexington+KY/@42.452303,-71.1369959,14z",2025-12-16T22:17:25.887Z,,No new results found
https://www.google.com/maps/place/Southern+Kentucky+Vascular/data=!4m7!3m6!1s0x88432d8c7e774cc1:0x8f9ecfd8348c63cd!8m2!3d37.1741974!4d-84.1270633!16s%2Fg%2F11wgd7vxgc!19sChIJwUx3fowtQ4gRzWOMNNjPno8,Southern Kentucky Vascular,5.0,37,Vascular surgeon,"2645 N Laurel Rd STE B, London, KY 40741, United States","5VFF+M5 London, Kentucky, USA",https://www.southernkentuckyvascular.com/london-ky,+1 606-531-4100,Closed · Opens 9 am Wed,https://lh3.googleusercontent.com/p/AF1QipNSmgkzNRZjAR0CshCjCv1VZpY-hmoJkrzHjTJH=w408-h408-k-no,true,9 am–5 pm,9 am–5 pm,9 am–5 pm,9 am–5 pm,Closed,Closed,Closed,"https://www.google.com/maps/search/vein+clinics+in+Paris+Lexington+KY/@48.8575475,2.3513765,14z",2025-12-16T22:17:44.076Z,,
https://www.google.com/maps/place/Wound+Care+Center+%26+Hyperbaric+Medicine+at+Frankfort+Regional+Medical+Center/data=!4m7!3m6!1s0x884275a91571e8b1:0x9820d42f9913e943!8m2!3d38.1600982!4d-84.9068957!16s%2Fg%2F11bcdbhfxr!19sChIJsehxFal1QogRQ-kTmS_UIJg,Wound Care Center & Hyperbaric Medicine at Frankfort Regional Medical Center,4.7,13,Medical clinic,"279 Kings Daughters Dr Ste 108, Frankfort, KY 40601, United States","536V+26 Frankfort, Kentucky, USA",https://frankfortregional.com/specialties/wound-care?utm_campaign=corp_listings_mgmt&utm_source=google&utm_medium=business_listing,+1 502-226-7872,Closed · Opens 8 am Wed,https://lh3.googleusercontent.com/p/AF1QipPttJOKIdDNf__UzTl25JTfRjgBiqpCfeFMYsw_=w426-h240-k-no,true,8 am–5 pm,8 am–5 pm,8 am–5 pm,8 am–5 pm,Closed,Closed,8 am–5 pm,"https://www.google.com/maps/search/vein+clinics+in+Frankfort+Lexington+KY/@38.1950324,-84.8784682,14z",2025-12-16T22:18:02.244Z,,
https://www.google.com/maps/place/Amazing+Face+Med+Spa+%26+Cryo+Frost/data=!4m7!3m6!1s0x88427509bc8610a3:0x2e6fcbeaa3e5bf90!8m2!3d38.1604717!4d-84.9099719!16s%2Fg%2F11k3y_fhpw!19sChIJoxCGvAl1QogRkL_lo-rLby4,Amazing Face Med Spa & Cryo Frost,5.0,40,Medical spa,"5 Physicians Park #5, Frankfort, KY 40601, United States","536R+52 Frankfort, Kentucky, USA",http://amazingfaceky.com/,+1 502-352-9426,Open · Closes 8 pm,https://lh3.googleusercontent.com/p/AF1QipOegIPELyZlTIC8Svkde5Frr1oQl51IE5KADWtf=w408-h273-k-no,true,10 am–8 pm,10 am–8 pm,10 am–8 pm,10 am–8 pm,10 am–2 pm,Closed,Closed,"https://www.google.com/maps/search/vein+clinics+in+Frankfort+Lexington+KY/@38.1950324,-84.8784682,14z",2025-12-16T22:18:07.336Z,Identifies as women-owned,
https://www.google.com/maps/place/Baptist+Health+Medical+Group+Diagnostic+Imaging+Frankfort/data=!4m7!3m6!1s0x88427592bea8e967:0x1212282547189605!8m2!3d38.1860592!4d-84.8849911!16s%2Fg%2F11srr6yt26!19sChIJZ-movpJ1QogRBZYYRyUoEhI,Baptist Health Medical Group Diagnostic Imaging Frankfort,5.0,1,Diagnostic center,"1001 Leawood Dr A, Frankfort, KY 40601, United States","54P8+C2 Frankfort, Kentucky, USA",https://www.baptisthealth.com/care-services/services/imaging-diagnostics?utm_source=google&utm_medium=organic&utm_content=gbp-website&utm_campaign=021-loc-gbp-listing,+1 502-875-0872,Closed · Opens 8 am Wed,https://lh3.googleusercontent.com/p/AF1QipNtX8TzXXvRyy2iAVSDqGnNr9meixt1Go5JZCwb=w426-h240-k-no,true,8 am–4:30 pm,8 am–4:30 pm,8 am–4:30 pm,8 am–4:30 pm,Closed,Closed,8 am–4:30 pm,"https://www.google.com/maps/search/vein+clinics+in+Frankfort+Lexington+KY/@38.1950324,-84.8784682,14z",2025-12-16T22:18:12.064Z,,
https://www.google.com/maps/place/Baptist+Health+Primary+Care+-+Frankfort+West/data=!4m7!3m6!1s0x8842753555691ed1:0x5e8a669adb9b3c1d!8m2!3d38.1860346!4d-84.8850019!16s%2Fg%2F11rpmf1x3w!19sChIJ0R5pVTV1QogRHTyb25pmil4,Baptist Health Primary Care - Frankfort West,2.7,28,Family practice physician,"1001 Leawood Dr suite c, Frankfort, KY 40601, United States","54P7+CX Frankfort, Kentucky, USA",https://www.baptisthealth.com/locations/primary-care/primary-care-frankfort-west?utm_source=google&utm_medium=organic&utm_content=gbp-website&utm_campaign=036-loc-gbp-listing,+1 502-223-0231,"Closed · Opens 8 am Wed

Confirmed by this business 9 weeks ago",https://lh3.googleusercontent.com/p/AF1QipNG3DEFkfg98ig6MP50BJzscYym7nvfVnwZXcwL=w426-h240-k-no,true,8 am–4 pm,8 am–4 pm,8 am–4 pm,8 am–4 pm,9 am–12 pm,Closed,8 am–4 pm,"https://www.google.com/maps/search/vein+clinics+in+Frankfort+Lexington+KY/@38.1950324,-84.8784682,14z",2025-12-16T22:18:16.869Z,,
https://www.google.com/maps/place/Frankfort+Foot+Clinic/data=!4m7!3m6!1s0x884275a881deb481:0x7698f5119472623b!8m2!3d38.1603508!4d-84.9099874!16s%2Fg%2F1tdk189b!19sChIJgbTegah1QogRO2JylBH1mHY,Frankfort Foot Clinic,4.5,18,Podiatrist,"5 Physicians Park # 3, Frankfort, KY 40601, United States","536R+42 Frankfort, Kentucky, USA",http://www.frankfortfootclinic.com/,+1 502-227-7569,Closed · Opens 8:30 am Wed,https://lh3.googleusercontent.com/gps-cs-s/AG0ilSzwE2ZLmnEdBCGcA-3itit39ojWiiyHbkDOhqaIoulpNJ3BkUKP1SQhyFKqAZ0Cvw3hGuAQm48FiLoy3oyTS_YQm3mXG2Gly8UIHEVvEhoptwx0vcn-B_w9TbN1FTA1Jm2WrzBrnqmnljfA=w408-h306-k-no,true,8:30 am–5 pm,8:30 am–5 pm,8:30 am–5 pm,8:30 am–5 pm,Closed,Closed,8:30 am–5 pm,"https://www.google.com/maps/search/vein+clinics+in+Frankfort+Lexington+KY/@38.1950324,-84.8784682,14z",2025-12-16T22:18:21.865Z,,
https://www.google.com/maps/place/Baptist+Health+Specialty+Clinic+-+Frankfort/data=!4m7!3m6!1s0x8842755031d36697:0x93d6ca0771f4573a!8m2!3d38.1860345!4d-84.8850067!16s%2Fg%2F11wtw51kwd!19sChIJl2bTMVB1QogROlf0cQfK1pM,Baptist Health Specialty Clinic - Frankfort,,,Medical clinic,"1001 Leawood Dr Ste B, Frankfort, KY 40601, United States","54P7+CX Frankfort, Kentucky, USA",https://www.baptisthealth.com/locations/frankfort-specialty-clinic?utm_source=google&utm_medium=organic&utm_content=gbp-website&utm_campaign=014-loc-gbp-listing,+1 844-622-7847,Closed · Opens 8 am Wed,https://lh3.googleusercontent.com/p/AF1QipOJ5lUyLCjEv_s6VVWiKcu_dMl57j1WkNBrC5pW=w426-h240-k-no,true,8 am–4:30 pm,8 am–4:30 pm,8 am–4:30 pm,8 am–4:30 pm,Closed,Closed,8 am–4:30 pm,"https://www.google.com/maps/search/vein+clinics+in+Frankfort+Lexington+KY/@38.1950324,-84.8784682,14z",2025-12-16T22:18:26.731Z,,
https://www.google.com/maps/place/Baptist+Health+Medical+Group+Cardiology/data=!4m7!3m6!1s0x884275f011ecb3b5:0xb1a8e1e85910b60d!8m2!3d38.1871184!4d-84.8853323!16s%2Fg%2F11sjd_62z9!19sChIJtbPsEfB1QogRDbYQWejhqLE,Baptist Health Medical Group Cardiology,,,Medical office,"1002 Leawood Dr, Frankfort, KY 40601, United States","54P7+RV Frankfort, Kentucky, USA",https://www.baptisthealth.com/care-services/services/heart-care?utm_source=google&utm_medium=organic&utm_content=gbp-website&utm_campaign=17-loc-gbp-listing,+1 502-227-7188,Closed · Opens 8 am Wed,https://lh3.googleusercontent.com/p/AF1QipN_R-U9WhiykwgdtovGRSFZ8tmxOd7iX0MEse8T=w426-h240-k-no,true,8 am–4:30 pm,8 am–4:30 pm,8 am–4:30 pm,8 am–4:30 pm,Closed,Closed,8 am–4:30 pm,"https://www.google.com/maps/search/vein+clinics+in+Frankfort+Lexington+KY/@38.1950324,-84.8784682,14z",2025-12-16T22:18:31.479Z,,
https://www.google.com/maps/place/Oral+%26+Facial+Surgery+Group/data=!4m7!3m6!1s0x884275a62a7f5863:0x1ceb877279df7ddc!8m2!3d38.1612416!4d-84.909378!16s%2Fg%2F1tctsbxh!19sChIJY1h_KqZ1QogR3H3feXKH6xw,Oral & Facial Surgery Group,4.7,635,Oral surgeon,"103 C Michael Davenport Blvd Suite 3, Frankfort, KY 40601, United States","536R+F6 Frankfort, Kentucky, USA",https://theofsgroup.com/locations/frankfort/,+1 502-352-2510,Closed · Opens 8:30 am Wed,https://streetviewpixels-pa.googleapis.com/v1/thumbnail?panoid=uc1gwRFL6iXaj6TYyqH16Q&cb_client=search.gws-prod.gps&w=408&h=240&yaw=209.4813&pitch=0&thumbfov=100,true,8 am–12:30 pm,8:30 am–5 pm,8 am–12:30 pm,8 am–2 pm,Closed,Closed,8:30 am–5 pm,"https://www.google.com/maps/search/vein+clinics+in+Frankfort+Lexington+KY/@38.1950324,-84.8784682,14z",2025-12-16T22:18:36.229Z,,
https://www.google.com/maps/place/USA+Vein+Clinics+-+Frankfort/data=!4m7!3m6!1s0x880e15a92524b865:0x3e512d37b1a66402!8m2!3d41.5044595!4d-87.8531822!16s%2Fg%2F11ghs58622!19sChIJZbgkJakVDogRAmSmsTctUT4,USA Vein Clinics - Frankfort,3.8,60,Medical clinic,"21182 LaGrange Rd, Frankfort, IL 60423, United States","G43W+QP Frankfort, Illinois, USA",https://www.usaveinclinics.com/company/locations/illinois/office/frankfort/,+1 815-277-1490,,https://lh3.googleusercontent.com/p/AF1QipPeIEjxdffHVUyJfWE0dx5z6Gh__Ox0NG_D2kNC=w408-h306-k-no,true,Open 24 hours,Open 24 hours,Open 24 hours,Open 24 hours,Open 24 hours,Open 24 hours,Open 24 hours,"https://www.google.com/maps/search/vein+clinics+in+Frankfort+Lexington+KY/@38.1950324,-84.8784682,14z",2025-12-16T22:18:41.317Z,,
https://www.google.com/maps/place/Labcorp/data=!4m7!3m6!1s0x884275a93e13036f:0x70935e93d90cba8a!8m2!3d38.1594498!4d-84.9049065!16s%2Fg%2F1thtdtqp!19sChIJbwMTPql1QogRiroM2ZNek3A,Labcorp,3.5,25,Medical laboratory,"101 Medical Heights Dr Ste G, Frankfort, KY 40601, United States","535W+Q2 Frankfort, Kentucky, USA",https://locations.labcorp.com/ky/frankfort/2459/,+1 502-223-3060,"Closed · Opens 7 am Wed

Updated by this business 2 weeks ago",https://lh3.googleusercontent.com/p/AF1QipOQwprvda0Jw1UE5LeGXt5705uuxEiw-6tpwbLN=w408-h272-k-no,true,7 am–4:30 pm,7 am–4:30 pm,7 am–4:30 pm,7 am–4:30 pm,Closed,Closed,7 am–4:30 pm,"https://www.google.com/maps/search/vein+clinics+in+Frankfort+Lexington+KY/@38.1950324,-84.8784682,14z",2025-12-16T22:18:46.261Z,,
,,,,,,,,,,,,,,,,,,,"https://www.google.com/maps/search/vein+clinics+in+Lawrenceburg+Lexington+KY/@42.4473497,-71.2271531,14z",2025-12-16T22:19:04.303Z,,No new results found
,,,,,,,,,,,,,,,,,,,"https://www.google.com/maps/search/vein+clinics+in+Harrodsburg+Lexington+KY/@37.7623374,-84.8433006,14z",2025-12-16T22:19:17.053Z,,No new results found
,,,,,,,,,,,,,,,,,,,"https://www.google.com/maps/search/vein+clinics+in+Berea+Lexington+KY/@42.4473497,-71.2271531,14z",2025-12-16T22:19:25.007Z,,No new results found
,,,,,,,,,,,,,,,,,,,"https://www.google.com/maps/search/vein+clinics+in+Danville+Lexington+KY/@42.4473497,-71.2271531,14z",2025-12-16T22:19:37.970Z,,No new results found
https://www.google.com/maps/place/CHI+Saint+Joseph+Health+-+Saint+Joseph+Mount+Sterling/data=!4m7!3m6!1s0x88447545712f150d:0x65d56bc38d2c9153!8m2!3d38.077067!4d-83.9452874!16s%2Fg%2F1tdksh2v!19sChIJDRUvcUV1RIgRU5EsjcNr1WU,CHI Saint Joseph Health - Saint Joseph Mount Sterling,4.1,836,Hospital,"225 Falcon Dr, Mt Sterling, KY 40353, United States","33G3+RV Mt Sterling, Kentucky, USA",https://www.chisaintjosephhealth.org/sterling,+1 859-497-5000,Open 24 hours,https://lh3.googleusercontent.com/p/AF1QipNO5D1l9mIxGHruovkECYaaSyrACTyezhemRO6G=w427-h240-k-no,true,Open 24 hours,Open 24 hours,Open 24 hours,Open 24 hours,Open 24 hours,Open 24 hours,Open 24 hours,"https://www.google.com/maps/search/vein+clinics+in+Mount+Sterling+Lexington+KY/@38.0564679,-83.9432556,14z",2025-12-16T22:19:52.167Z,,
"https://www.google.com/maps/place/Mt.+Sterling+Clinic,+PLLC/data=!4m7!3m6!1s0x8843bd8fab82ea55:0x963195882cf550bf!8m2!3d38.0466003!4d-83.9399871!16s%2Fg%2F1v62jbkt!19sChIJVeqCq4-9Q4gRv1D1LIiVMZY","Mt. Sterling Clinic, PLLC",4.4,7,Internist,"100 Sterling Way # 1, Mt Sterling, KY 40353, United States","23W6+J2 Mt Sterling, Kentucky, USA",http://www.mtsterlingclinic.com/,+1 859-498-0200,Closed · Opens 8 am Wed,https://lh3.googleusercontent.com/gps-cs-s/AG0ilSwsuNwD5EZZqa3ueOUdWjVkFIy-w2Hhn39rnzs31kdZbhRnoDD-Z3pmjXhP4IYLW3ns5ifp_WLm3gkFKByzveT_6IlrIIL5BVaImotsXW_OTJsz0i35pwed8DlTzbmJMEvMXz8=w408-h544-k-no,false,8 am–4:30 pm,8 am–4:30 pm,8 am–4:30 pm,8 am–12 pm,Closed,Closed,8 am–4:30 pm,"https://www.google.com/maps/search/vein+clinics+in+Mount+Sterling+Lexington+KY/@38.0564679,-83.9432556,14z",2025-12-16T22:19:57.073Z,,
https://www.google.com/maps/place/CHI+Saint+Joseph+Medical+Group+-+Surgery/data=!4m7!3m6!1s0x8843bde27af1d931:0x53794556f0ace0f3!8m2!3d38.0769876!4d-83.9451513!16s%2Fg%2F11c70b65ns!19sChIJMdnxeuK9Q4gR8-Cs8FZFeVM,CHI Saint Joseph Medical Group - Surgery,5.0,1,Surgical center,"227 Falcon Dr Suite 104, Mt Sterling, KY 40353, United States","33G3+QW Mt Sterling, Kentucky, USA",https://www.chisaintjosephhealth.org/sterling?utm_source=LocalSearch&utm_medium=Facility&utm_campaign=CHIStJoseph&utm_term=CHISaintJosephMedicalGroup-SurgeryMtSterling&y_source=1_MTczMjI0MjEtNzE1LWxvY2F0aW9uLndlYnNpdGU%3D,+1 859-497-5160,Closed · Opens 8:30 am Wed,https://lh3.googleusercontent.com/p/AF1QipNj2tDD2MXBUhn5jJFlMHQ3nf-ubv-9zP2AQmKe=w450-h240-k-no,true,8:30 am–5 pm,8:30 am–5 pm,8:30 am–5 pm,8:30 am–5 pm,Closed,Closed,8:30 am–5 pm,"https://www.google.com/maps/search/vein+clinics+in+Mount+Sterling+Lexington+KY/@38.0564679,-83.9432556,14z",2025-12-16T22:20:02.059Z,,
https://www.google.com/maps/place/Sterling+Skin+%26+Health/data=!4m7!3m6!1s0x8843bd537f1e7ac5:0xe6cafdd25d037c31!8m2!3d38.0491025!4d-83.9433729!16s%2Fg%2F11p_2f88ns!19sChIJxXoef1O9Q4gRMXwDXdL9yuY,Sterling Skin & Health,5.0,1,Wellness center,"113 Maloney Way, Mt Sterling, KY 40353, United States","23X4+JM Mt Sterling, Kentucky, USA",,+1 859-762-0009,Closes soon · 6 pm · Opens 10 am Wed,https://lh3.googleusercontent.com/p/AF1QipOhx9dOYnXFcp9ubsc8kvxPqYK0JewCLWdFjrRE=w408-h544-k-no,true,"9 am–12:30 pm, 2–6 pm",10 am–6 pm,"9 am–12:30 pm, 2–6 pm",Closed,Closed,Closed,10 am–6 pm,"https://www.google.com/maps/search/vein+clinics+in+Mount+Sterling+Lexington+KY/@38.0564679,-83.9432556,14z",2025-12-16T22:20:06.828Z,,
"https://www.google.com/maps/place/Lexington+Clinic+Cardiology/@38.0657432,-83.9569724,17z/data=!3m1!4b1!4m6!3m5!1s0x8843bdc328acf1c3:0xfacdb7e61506728d!8m2!3d38.0657432!4d-83.9569724!16s%2Fg%2F11f35b6v97",Lexington Clinic Cardiology,,,Medical clinic,"250 Foxglove Dr STE 3, Mt Sterling, KY 40353, United States","328V+76 Mt Sterling, Kentucky, USA",http://www.lexingtonclinic.com/,+1 859-432-8637,,,false,,,,,,,,"https://www.google.com/maps/search/vein+clinics+in+Mount+Sterling+Lexington+KY/@38.0564679,-83.9432556,14z",2025-12-16T22:20:11.472Z,,
https://www.google.com/maps/place/Jackson+Medical+Clinic+Family+Healthcare-Mt.+Sterling/data=!4m7!3m6!1s0x884395819a31fcef:0xbeb58c32b2d1fa31!8m2!3d38.0823306!4d-83.9020116!16s%2Fg%2F11x5hsg3zw!19sChIJ7_wxmoGVQ4gRMfrRsjKMtb4,Jackson Medical Clinic Family Healthcare-Mt. Sterling,5.0,2,Medical clinic,"3046 Owingsville Rd, Mt Sterling, KY 40353, United States","33JX+W5 Mt Sterling, Kentucky, USA",,+1 859-520-3082,Closes soon · 5:30 pm · Opens 7:30 am Wed,https://streetviewpixels-pa.googleapis.com/v1/thumbnail?panoid=H9VCDtfyRKhZUaY5evFxGg&cb_client=search.gws-prod.gps&w=408&h=240&yaw=118.09256&pitch=0&thumbfov=100,true,7:30 am–5:30 pm,7:30 am–5:30 pm,7:30 am–5:30 pm,Closed,Closed,Closed,7:30 am–5:30 pm,"https://www.google.com/maps/search/vein+clinics+in+Mount+Sterling+Lexington+KY/@38.0564679,-83.9432556,14z",2025-12-16T22:20:16.247Z,,
https://www.google.com/maps/place/LunaLuxe+Aesthetics+and+Wellness/data=!4m7!3m6!1s0x8843bd8acf384bb7:0xebd29bd428cd04da!8m2!3d38.0557101!4d-83.9444378!16s%2Fg%2F11x8fyqqd6!19sChIJt0s4z4q9Q4gR2gTNKNSb0us,LunaLuxe Aesthetics and Wellness,5.0,10,Medical spa,"136 W Main St, Mt Sterling, KY 40353, United States","3344+76 Mt Sterling, Kentucky, USA",http://lunaluxemedaesthetics.com/,+1 859-274-7713,Closed · Opens 12:30 pm Wed,https://streetviewpixels-pa.googleapis.com/v1/thumbnail?panoid=3SgXK_oHBICpMdpCqejX8A&cb_client=search.gws-prod.gps&w=408&h=240&yaw=174.845&pitch=0&thumbfov=100,true,12:30–5 pm,12:30–5 pm,Closed,9 am–5 pm,10 am–3 pm,Closed,Closed,"https://www.google.com/maps/search/vein+clinics+in+Mount+Sterling+Lexington+KY/@38.0564679,-83.9432556,14z",2025-12-16T22:20:20.992Z,,
"https://www.google.com/maps/place/CHI+Saint+Joseph+Medical+Group+-+Cardiovascular+%26+Thoracic+Surgery,+Mt.+Sterling/data=!4m7!3m6!1s0x8843bf58b39cc2e5:0xd1f376dd3e3d383e!8m2!3d38.0769876!4d-83.9451513!16s%2Fg%2F11fl5qdsqx!19sChIJ5cKcs1i_Q4gRPjg9Pt1289E","CHI Saint Joseph Medical Group - Cardiovascular & Thoracic Surgery, Mt. Sterling",,,Cardiologist,"227 Falcon Dr, Mt Sterling, KY 40353, United States","33G3+QW Mt Sterling, Kentucky, USA",https://www.chisaintjosephhealth.org/sterling-cardiovascular?utm_source=LocalSearch&utm_medium=Facility&utm_campaign=CHIStJoseph&utm_term=CHISaintJosephMedicalGroup-CardiovascularThoracicSurgeryMtSterling&y_source=1_MTczMjIzNTgtNzE1LWxvY2F0aW9uLndlYnNpdGU%3D,+1 859-497-5135,,https://lh3.googleusercontent.com/p/AF1QipPiBc5936U2c-P5BoyzLBP04C9dXj6sZ3GIjOZc=w450-h240-k-no,true,,,,,,,,"https://www.google.com/maps/search/vein+clinics+in+Mount+Sterling+Lexington+KY/@38.0564679,-83.9432556,14z",2025-12-16T22:20:23.842Z,,
https://www.google.com/maps/place/Sterling+Women%27s+Care+-+Mt.+Sterling/data=!4m7!3m6!1s0x8843bde17d91c87f:0x206b4f727ea60fc0!8m2!3d38.0733126!4d-83.9474115!16s%2Fg%2F11ddzqqv49!19sChIJf8iRfeG9Q4gRwA-mfnJPayA,Sterling Women's Care - Mt. Sterling,3.0,37,Women's health clinic,"635 Maysville Rd Suite A, Mt Sterling, KY 40353, United States","33F3+82 Mt Sterling, Kentucky, USA",https://www.sterlinghealthky.org/,+1 859-498-2323,Closed · Opens 8:30 am Wed,https://streetviewpixels-pa.googleapis.com/v1/thumbnail?panoid=m0gCvYyITQA0hljcNb0LPA&cb_client=search.gws-prod.gps&w=408&h=240&yaw=53.262657&pitch=0&thumbfov=100,true,8:30 am–5 pm,8:30 am–5 pm,8:30 am–5 pm,8:30 am–5 pm,Closed,Closed,8:30 am–5 pm,"https://www.google.com/maps/search/vein+clinics+in+Mount+Sterling+Lexington+KY/@38.0564679,-83.9432556,14z",2025-12-16T22:20:28.765Z,,
https://www.google.com/maps/place/Mt.+Sterling+Clinic:+Carmella+Fletcher-Green+PA/data=!4m7!3m6!1s0x8843bd8fab83a217:0x484f1589451301df!8m2!3d38.047077!4d-83.940324!16s%2Fg%2F1ptwssglz!19sChIJF6KDq4-9Q4gR3wETRYkVT0g,Mt. Sterling Clinic: Carmella Fletcher-Green PA,5.0,1,Medical clinic,"100 Sterling Way #1, Mt Sterling, KY 40353, United States","23W5+RV Mt Sterling, Kentucky, USA",http://www.mtsterlingclinic.com/,+1 859-498-0200,Closed · Opens 8 am Wed,https://streetviewpixels-pa.googleapis.com/v1/thumbnail?panoid=fdBwztLLTWoQ1nxEapQUgA&cb_client=search.gws-prod.gps&w=408&h=240&yaw=124.825935&pitch=0&thumbfov=100,false,8 am–4:30 pm,8 am–4:30 pm,8 am–4:30 pm,8 am–12 pm,Closed,Closed,8 am–4:30 pm,"https://www.google.com/maps/search/vein+clinics+in+Mount+Sterling+Lexington+KY/@38.0564679,-83.9432556,14z",2025-12-16T22:20:33.471Z,,
"https://www.google.com/maps/place/Jan+M+Veloso,+DPM/data=!4m7!3m6!1s0x8843bd29da08dae5:0x452bab4fb300da44!8m2!3d38.0720929!4d-83.9486707!16s%2Fg%2F11j68h65bg!19sChIJ5doI2im9Q4gRRNoAs0-rK0U","Jan M Veloso, DPM",5.0,5,Podiatrist,"624 N Maysville St Suite A, Mt Sterling, KY 40353, United States","33C2+RG Mt Sterling, Kentucky, USA",https://www.chisaintjosephhealth.org/body.cfm?id=5120&action=detail&ref=3732?utm_source=LocalSearch&utm_medium=Physician&utm_campaign=CHISaintJosephMedicalGroupOrthopedics&utm_term=Jan-Veloso-1669412334-2387MainStreet,+1 859-497-4144,Closed · Opens 8 am Wed,https://lh3.googleusercontent.com/p/AF1QipOXzNsOq6EJdZtLATro8K84TJrL5k6Ba49ABIq2=w408-h408-k-no,true,8 am–5 pm,8 am–5 pm,8 am–5 pm,8 am–5 pm,Closed,Closed,8 am–5 pm,"https://www.google.com/maps/search/vein+clinics+in+Mount+Sterling+Lexington+KY/@38.0564679,-83.9432556,14z",2025-12-16T22:20:38.326Z,,
"https://www.google.com/maps/place/Medical+Center+Skin+Care/@38.0658738,-83.9569724,17z/data=!3m1!4b1!4m6!3m5!1s0x8843bdc2d8d386b9:0xf8d078c9c7b25f5b!8m2!3d38.0658738!4d-83.9569724!16s%2Fg%2F1thnpg7d",Medical Center Skin Care,5.0,4,Dermatologist,"250 Foxglove Dr STE 8, Mt Sterling, KY 40353, United States","328V+86 Mt Sterling, Kentucky, USA",,+1 859-498-3098,Temporarily closed,,false,,,,,,,,"https://www.google.com/maps/search/vein+clinics+in+Mount+Sterling+Lexington+KY/@38.0564679,-83.9432556,14z",2025-12-16T22:20:44.999Z,,
https://www.google.com/maps/place/CHI+Saint+Joseph+Medical+Group+-+Cardiology/data=!4m7!3m6!1s0x8843be09d45139ad:0xf165dfc0f2707b6!8m2!3d38.0776789!4d-83.9448934!16s%2Fg%2F11dxl9f141!19sChIJrTlR1Am-Q4gRtgcnD_xdFg8,CHI Saint Joseph Medical Group - Cardiology,4.6,10,Cardiologist,"227 Falcon Dr Suite 101, Mt Sterling, KY 40353, United States","33H4+32 Mt Sterling, Kentucky, USA",https://www.chisaintjosephhealth.org/sterling?utm_source=LocalSearch&utm_medium=Facility&utm_campaign=CHIStJoseph&utm_term=CHISaintJosephMedicalGroup-CardiologyMtSterling&y_source=1_MTczMjI0MTctNzE1LWxvY2F0aW9uLndlYnNpdGU%3D,+1 859-497-5135,Closed · Opens 8 am Wed,https://lh3.googleusercontent.com/p/AF1QipPj8TloNeTFHIgNJMYRyj7GM-I0RjBRk1wquQ0p=w450-h240-k-no,true,8 am–4:30 pm,8 am–4:30 pm,8 am–4:30 pm,8 am–4:30 pm,Closed,Closed,8 am–4:30 pm,"https://www.google.com/maps/search/vein+clinics+in+Mount+Sterling+Lexington+KY/@38.0564679,-83.9432556,14z",2025-12-16T22:20:50.097Z,,
https://www.google.com/maps/place/Lily%27s+Med+Spa+%26+Salon/data=!4m7!3m6!1s0x8843bd0df710d5bd:0x953e3da80c755d3e!8m2!3d38.0473753!4d-83.9405877!16s%2Fg%2F11tfz1ybcw!19sChIJvdUQ9w29Q4gRPl11DKg9PpU,Lily's Med Spa & Salon,5.0,120,Medical spa,"75 Sterling Way, Mt Sterling, KY 40353, United States","23W5+XQ Mt Sterling, Kentucky, USA",https://lilysmedspa.com/,+1 859-347-2477,Closed · Opens 9 am Wed,https://lh3.googleusercontent.com/p/AF1QipPGhtcM0-3vAydQ3TS_afXVHd5DliF_AevTe3ln=w408-h306-k-no,true,9 am–5 pm,9 am–5 pm,9 am–5 pm,9 am–5 pm,Closed,Closed,9 am–5 pm,"https://www.google.com/maps/search/vein+clinics+in+Mount+Sterling+Lexington+KY/@38.0564679,-83.9432556,14z",2025-12-16T22:20:54.990Z,LGBTQ+ friendly,
https://www.google.com/maps/place/New+You+Aesthetics/data=!4m7!3m6!1s0x8843bd4827928be7:0x25e0c0b473ac3927!8m2!3d38.0568343!4d-83.9413982!16s%2Fg%2F11wjfd1wmz!19sChIJ54uSJ0i9Q4gRJzmsc7TA4CU,New You Aesthetics,5.0,4,Medical spa,"33 E Main St Unit C, Mt Sterling, KY 40353, United States","3345+PC Mt Sterling, Kentucky, USA",http://new-you-aesthetics-100745.square.site/,+1 606-359-1216,,https://lh3.googleusercontent.com/p/AF1QipONxhD02h94r1YQ5-IueNyf6sR1pYp78K6k38w7=w408-h306-k-no,true,,,,,,,,"https://www.google.com/maps/search/vein+clinics+in+Mount+Sterling+Lexington+KY/@38.0564679,-83.9432556,14z",2025-12-16T22:20:57.713Z,LGBTQ+ friendly,
https://www.google.com/maps/place/St+Claire+Clinic/data=!4m7!3m6!1s0x8843bdc2bb934069:0xfbc09feadae40e1c!8m2!3d38.0658584!4d-83.9544977!16s%2Fg%2F1263gv8mz!19sChIJaUCTu8K9Q4gRHA7k2uqfwPs,St Claire Clinic,,,Medical clinic,"805 Alexa Dr, Mt Sterling, KY 40353, United States","328W+86 Mt Sterling, Kentucky, USA",,+1 859-498-9204,,https://streetviewpixels-pa.googleapis.com/v1/thumbnail?panoid=y35iK5sIWAN9dukYp9RK0A&cb_client=search.gws-prod.gps&w=408&h=240&yaw=10.607358&pitch=0&thumbfov=100,false,,,,,,,,"https://www.google.com/maps/search/vein+clinics+in+Mount+Sterling+Lexington+KY/@38.0564679,-83.9432556,14z",2025-12-16T22:21:00.354Z,,
"https://www.google.com/maps/place/Mt.+Sterling+Clinic+PLLC+Dan+Calleja,+MD/data=!4m7!3m6!1s0x8843bd8fab76459b:0xc6297d75c7fabc03!8m2!3d38.0468985!4d-83.9402517!16s%2Fg%2F11c30x0dy5!19sChIJm0V2q4-9Q4gRA7z6x3V9KcY","Mt. Sterling Clinic PLLC Dan Calleja, MD",,,Internist,"100 Sterling Way # 1, Mt Sterling, KY 40353, United States","23W5+QV Mt Sterling, Kentucky, USA",http://www.mtsterlingclinic.com/,+1 859-498-0200,Closed · Opens 8 am Wed,https://streetviewpixels-pa.googleapis.com/v1/thumbnail?panoid=fdBwztLLTWoQ1nxEapQUgA&cb_client=search.gws-prod.gps&w=408&h=240&yaw=153.85623&pitch=0&thumbfov=100,false,8 am–4:30 pm,8 am–4:30 pm,8 am–4:30 pm,8 am–12 pm,Closed,Closed,8 am–4:30 pm,"https://www.google.com/maps/search/vein+clinics+in+Mount+Sterling+Lexington+KY/@38.0564679,-83.9432556,14z",2025-12-16T22:21:05.007Z,,
"https://www.google.com/maps/place/Dr.+Brigitte+D.+King,+MD/data=!4m7!3m6!1s0x8843bd8e32e4d027:0xdf1c03afb9ba41ef!8m2!3d38.0468959!4d-83.9402699!16s%2Fg%2F1tg6qt4y!19sChIJJ9DkMo69Q4gR70G6ua8DHN8","Dr. Brigitte D. King, MD",,,Internist,"100 Sterling Way, Mt Sterling, KY 40353, United States","23W5+QV Mt Sterling, Kentucky, USA",http://www.mtsterlingclinic.com/,+1 859-498-0200,Closed · Opens 8 am Wed,https://streetviewpixels-pa.googleapis.com/v1/thumbnail?panoid=fdBwztLLTWoQ1nxEapQUgA&cb_client=search.gws-prod.gps&w=408&h=240&yaw=157.32791&pitch=0&thumbfov=100,false,8 am–4:30 pm,8 am–4:30 pm,8 am–4:30 pm,8 am–12 pm,Closed,Closed,8 am–4:30 pm,"https://www.google.com/maps/search/vein+clinics+in+Mount+Sterling+Lexington+KY/@38.0564679,-83.9432556,14z",2025-12-16T22:21:14.754Z,,
"https://www.google.com/maps/place/Dr.+Allen+D.+Westerfield+IV,+MD/data=!4m7!3m6!1s0x8843bdeeec76a5db:0x3cb9d41dfd17e540!8m2!3d38.0624033!4d-83.9461646!16s%2Fg%2F1tk63t9t!19sChIJ26V27O69Q4gRQOUX_R3UuTw","Dr. Allen D. Westerfield IV, MD",,,Doctor,"50 Sterling Ave, Mt Sterling, KY 40353, United States","3363+XG Mt Sterling, Kentucky, USA",http://www.ckr.net/,+1 859-219-0542,,https://streetviewpixels-pa.googleapis.com/v1/thumbnail?panoid=C1LxTQRAXZUUwujce93erQ&cb_client=search.gws-prod.gps&w=408&h=240&yaw=144.87022&pitch=0&thumbfov=100,false,,,,,,,,"https://www.google.com/maps/search/vein+clinics+in+Mount+Sterling+Lexington+KY/@38.0564679,-83.9432556,14z",2025-12-16T22:21:17.431Z,,
https://www.google.com/maps/place/Vascular+and+Interventional+Associates/data=!4m7!3m6!1s0x8841b82cae264c47:0x4d4031a2c7e75a44!8m2!3d39.0221138!4d-84.5644531!16s%2Fg%2F1tjypd8f!19sChIJR0wmriy4QYgRRFrnx6IxQE0,Vascular and Interventional Associates,5.0,102,Medical clinic,"375 Thomas More Pkwy Suite 209, Crestview Hills, KY 41017, United States","2CCP+R6 Crestview Hills, Kentucky, USA",http://www.viaveincenter.com/,+1 859-305-9947,Closed · Opens 8 am Wed,https://streetviewpixels-pa.googleapis.com/v1/thumbnail?panoid=kwJa0dLtidum432zNcDn2A&cb_client=search.gws-prod.gps&w=408&h=240&yaw=231.39815&pitch=0&thumbfov=100,true,8 am–4 pm,8 am–4 pm,8 am–4 pm,8 am–4 pm,Closed,Closed,8 am–4 pm,"https://www.google.com/maps/search/vein+clinics+in+Mount+Sterling+Lexington+KY/@38.0564679,-83.9432556,14z",2025-12-16T22:21:22.253Z,,
"https://www.google.com/maps/place/The+Vein+Center+of+Cincinnati,+LLC/data=!4m7!3m6!1s0x8841a903ffb4f175:0x89871ff2b9eef12c!8m2!3d39.0744134!4d-84.3503609!16s%2Fg%2F11j8k6fkf9!19sChIJdfG0_wOpQYgRLPHuufIfh4k","The Vein Center of Cincinnati, LLC",4.5,60,Vascular surgeon,"7426 Beechmont Ave Suite 212, Cincinnati, OH 45255, United States","3JFX+QV Cincinnati, Ohio, USA",https://cincyveins.com/,+1 513-232-2400,Closed · Opens 8 am Wed,https://lh3.googleusercontent.com/p/AF1QipMNDakYzD6x2PS5MaxTv-DC0gf3Uuc9Pi0OQBXz=w408-h306-k-no,true,8 am–5 pm,8 am–5 pm,8 am–5 pm,8 am–3 pm,Closed,Closed,8 am–5 pm,"https://www.google.com/maps/search/vein+clinics+in+Mount+Sterling+Lexington+KY/@38.0564679,-83.9432556,14z",2025-12-16T22:21:27.237Z,LGBTQ+ friendly,
https://www.google.com/maps/place/Belle+Vie+MedSpa+Hamburg/data=!4m7!3m6!1s0x88424fe42ed24923:0x262535523d52df03!8m2!3d38.0240199!4d-84.4237664!16s%2Fg%2F1wrgkvhw!19sChIJI0nSLuRPQogRA99SPVI1JSY,Belle Vie MedSpa Hamburg,4.9,504,Medical spa,"2337 Sir Barton Way # 130, Lexington, KY 40509, United States","2HFG+JF Lexington, Kentucky, USA",http://www.belleviemedspa.net/,+1 859-245-7546,"Open · Closes 7 pm

Updated by this business 9 weeks ago",https://lh3.googleusercontent.com/gps-cs-s/AG0ilSw6QNsksaD60hrFG0OgL45yxaIKfqOByJ9ISvFpf5oqzm42WUywGVqhQk0jAU3UFrKlAigcu63fNTbtFQVzJjUaWJKMjnOPpaQ7o5uaNHVzWS49mkl317n1uZCYoSaIL8M6YI_K=w408-h544-k-no,true,10 am–7 pm,9 am–6 pm,10 am–5 pm,9 am–3 pm,10 am–3 pm,Closed,10 am–5 pm,"https://www.google.com/maps/search/vein+clinics+in+Lancaster+Lexington+KY/@40.0403279,-76.3041833,14z",2025-12-16T22:22:01.411Z,Identifies as women-owned,
https://www.google.com/maps/place/Lexington+Prime+Aesthetics+%26+Wellness/data=!4m7!3m6!1s0x88425d8d474e41b1:0x68af2defbdca3c87!8m2!3d38.0195018!4d-84.5570035!16s%2Fg%2F11v9rw1sn6!19sChIJsUFOR41dQogRhzzKve8tr2g,Lexington Prime Aesthetics & Wellness,5.0,41,Medical spa,"989 Governors Ln #375, Lexington, KY 40513, United States","2C9V+R5 Lexington, Kentucky, USA",https://lexprimeaesthetics.com/,+1 859-785-1681,Closed · Opens 9 am Wed,https://lh3.googleusercontent.com/p/AF1QipNRxSqv48doC4OAdQMRsyaWoypes9-uKrcy-UgR=w408-h612-k-no,true,9 am–5 pm,9 am–5 pm,9 am–5 pm,9 am–5 pm,Closed,Closed,9 am–5 pm,"https://www.google.com/maps/search/vein+clinics+in+Lancaster+Lexington+KY/@40.0403279,-76.3041833,14z",2025-12-16T22:22:06.318Z,,
https://www.google.com/maps/place/Advanced+Vein+%26+Laser+Center/data=!4m7!3m6!1s0x89c623f59796ebd1:0x3d84927230d8f2b1!8m2!3d40.0677926!4d-76.3442669!16s%2Fg%2F1tykwbj4!19sChIJ0euWl_UjxokRsfLYMHKShD0,Advanced Vein & Laser Center,4.9,151,Vascular surgeon,"896A Plaza Blvd, Lancaster, PA 17601, United States","3M94+47 Lancaster, Pennsylvania, USA",https://veinsbegone.com/,+1 717-295-8346,Closed · Opens 8 am Wed,https://lh3.googleusercontent.com/p/AF1QipO43SEpadMQifZRp6t0Gq6VgKaKUTnHGmpPa3Zy=w486-h240-k-no,true,8 am–4:30 pm,8 am–4:30 pm,8 am–4:30 pm,8 am–4:30 pm,Closed,Closed,8 am–4:30 pm,"https://www.google.com/maps/search/vein+clinics+in+Lancaster+Lexington+KY/@40.0403279,-76.3041833,14z",2025-12-16T22:22:11.211Z,,
https://www.google.com/maps/place/Physicians+Vein+Clinics/data=!4m7!3m6!1s0x89c62426c4f30697:0x2d6a4f0c8be18446!8m2!3d40.0424874!4d-76.359962!16s%2Fg%2F11g6mtqspv!19sChIJlwbzxCYkxokRRoThiwxPai0,Physicians Vein Clinics,5.0,15,Vascular surgeon,"90 Good Dr # 301, Lancaster, PA 17603, United States","2JRR+X2 Lancaster, Pennsylvania, USA",http://www.physiciansveinclinics.com/,+1 717-394-5401,Closed · Opens 7 am Wed,https://lh3.googleusercontent.com/p/AF1QipM5NvlqMhk0Shx8W4d5yo1hju0MBtlTZajlU_YV=w408-h544-k-no,true,7 am–3:30 pm,7 am–3:30 pm,7 am–3:30 pm,7 am–3:30 pm,Closed,Closed,7 am–3:30 pm,"https://www.google.com/maps/search/vein+clinics+in+Lancaster+Lexington+KY/@40.0403279,-76.3041833,14z",2025-12-16T22:22:16.208Z,LGBTQ+ friendly,
https://www.google.com/maps/place/UofL+Physicians+%E2%80%93+Vascular+Surgery+Associates/data=!4m7!3m6!1s0x8869c18900ce1013:0x701519e5e49a35cd!8m2!3d38.2086538!4d-85.234947!16s%2Fg%2F11k9zc183k!19sChIJExDOAInBaYgRzTWa5OUZFXA,UofL Physicians – Vascular Surgery Associates,,,Hospital,"731 Hospital Dr Suite 2, Shelbyville, KY 40065, United States","6Q58+F2 Shelbyville, Kentucky, USA",https://uoflhealth.org/locations/uofl-physicians-vascular-surgery-associates-731-hospital-dr/?utm_source=GMBSocialClimb&utm_medium=UofLPhysicians%E2%80%93VascularSurgeryAssociates,+1 502-589-3173,,https://lh3.googleusercontent.com/p/AF1QipNLdlSB6D_dQ76suUl6pvF3C4nChOb4Vk9HI3R7=w598-h240-k-no,true,,,,,,,,"https://www.google.com/maps/search/vein+clinics+in+Shelbyville+Lexington+KY/@42.4473497,-71.2271531,14z",2025-12-16T22:22:31.718Z,,
https://www.google.com/maps/place/Onyx+Wellness+and+Cosmetic+Procedures/data=!4m7!3m6!1s0x88422df3ca2b2d09:0x9c7b2e1b177ac914!8m2!3d38.391091!4d-84.2939954!16s%2Fg%2F11t7p1n310!19sChIJCS0ryvMtQogRFMl6Fxsue5w,Onyx Wellness and Cosmetic Procedures,4.7,14,Medical spa,"101 Wilson Ave, Cynthiana, KY 41031, United States","9PR4+CC Cynthiana, Kentucky, USA",,+1 859-588-3095,"Closed · Opens 10 am Wed

Updated by this business 5 days ago",https://lh3.googleusercontent.com/p/AF1QipPmgmfkPF3THscmhYdahUtwPjUx0zSyzeki-n8h=w408-h306-k-no,true,10 am–3 pm,10 am–3 pm,10 am–3 pm,10 am–3 pm,Closed,Closed,10 am–3 pm,"https://www.google.com/maps/search/vein+clinics+in+Cynthiana+Lexington+KY/@38.3903526,-84.2941013,14z",2025-12-16T22:22:49.889Z,,
https://www.google.com/maps/place/CHI+Saint+Joseph+Health+-+Heart+and+Vascular+Care/data=!4m7!3m6!1s0x88422d2923ae5b7d:0xb927d2ccb096da1!8m2!3d38.3833638!4d-84.2775865!16s%2Fg%2F11c70b03q3!19sChIJfVuuIyktQogRoW0Jyyx9kgs,CHI Saint Joseph Health - Heart and Vascular Care,1.0,1,Cardiologist,"1210 KY-36, Cynthiana, KY 41031, United States","9PMC+8X Cynthiana, Kentucky, USA",https://www.chisaintjosephhealth.org/lexington-heart-vascular-care?utm_source=LocalSearch&utm_medium=Facility&utm_campaign=CHIStJoseph&utm_term=CHISaintJosephHealth-HeartandVascularCare&y_source=1_MTczMjIzODYtNzE1LWxvY2F0aW9uLndlYnNpdGU%3D,+1 859-497-5135,Open 24 hours,https://lh3.googleusercontent.com/p/AF1QipPW2PLXtzAFMoxxSjbC-qwYVpAY8Pe23-Xa_MzI=w450-h240-k-no,true,Open 24 hours,Open 24 hours,Open 24 hours,Open 24 hours,Open 24 hours,Open 24 hours,Open 24 hours,"https://www.google.com/maps/search/vein+clinics+in+Cynthiana+Lexington+KY/@38.3903526,-84.2941013,14z",2025-12-16T22:22:54.732Z,,
https://www.google.com/maps/place/Ink+and+Glow+Aesthetics/data=!4m7!3m6!1s0x88422d4b4c23a4ab:0xf65ce81d0e7e00c7!8m2!3d38.3886903!4d-84.295524!16s%2Fg%2F11mdbcgncm!19sChIJq6QjTEstQogRxwB-Dh3oXPY,Ink and Glow Aesthetics,5.0,11,Medical spa,"209 E Pike St, Cynthiana, KY 41031, United States","9PQ3+FQ Cynthiana, Kentucky, USA",,+1 859-453-7736,Closed · Opens 5:30 pm Wed,https://lh3.googleusercontent.com/p/AF1QipPh2BJqDuDmxv3_ufAhgMc7yW6KA3QI3sLndKwh=w408-h612-k-no,true,Closed,5:30–8:30 pm,Closed,Closed,10 am–4 pm,12–5 pm,10 am–8 pm,"https://www.google.com/maps/search/vein+clinics+in+Cynthiana+Lexington+KY/@38.3903526,-84.2941013,14z",2025-12-16T22:23:11.138Z,,
https://www.google.com/maps/place/Colby+P+Atkins+MD/data=!4m7!3m6!1s0x88424359bb7ed6c5:0x552e465a4271a48!8m2!3d38.0331222!4d-84.5254954!16s%2Fg%2F1thl_3lb!19sChIJxdZ-u1lDQogRSBonpGXkUgU,Colby P Atkins MD,3.7,3,,"1401 Harrodsburg Rd suite c-100, Lexington, KY 40504, United States","2FMF+6R Lexington, Kentucky, USA",,+1 859-278-4960,Permanently closed,https://streetviewpixels-pa.googleapis.com/v1/thumbnail?panoid=40pUIpkGeNF_VL2wjUfS3g&cb_client=search.gws-prod.gps&w=408&h=240&yaw=336.34885&pitch=0&thumbfov=100,false,,,,,,,,"https://www.google.com/maps/search/vein+clinics+in+Wilmore+Lexington+KY/@42.4473497,-71.2271531,14z",2025-12-16T22:23:28.470Z,,
"https://www.google.com/maps/place/Dr.+J.+Sloan+Warner,+Jr.,+MD+-+Lexington+Clinic/data=!4m7!3m6!1s0x884244a756a812d5:0xed7731cf5d7ee9af!8m2!3d38.0355111!4d-84.5216219!16s%2Fg%2F1tdyrgqj!19sChIJ1RKoVqdEQogRr-l-Xc8xd-0","Dr. J. Sloan Warner, Jr., MD - Lexington Clinic",4.7,9,Surgeon,"1221 S Broadway, Lexington, KY 40504, United States","2FPH+69 Lexington, Kentucky, USA",https://www.lexingtonclinic.com/services/general-surgery,+1 859-258-4271,Closed · Opens 8 am Wed,https://streetviewpixels-pa.googleapis.com/v1/thumbnail?panoid=1y-lC-ku5lxTpDuvc4kIFg&cb_client=search.gws-prod.gps&w=408&h=240&yaw=181.70078&pitch=0&thumbfov=100,true,8 am–5 pm,8 am–5 pm,8 am–5 pm,8 am–5 pm,Closed,Closed,8 am–5 pm,"https://www.google.com/maps/search/vein+clinics+in+Stanton+Lexington+KY/@42.4473497,-71.2271531,14z",2025-12-16T22:23:46.684Z,,
"https://www.google.com/maps/place/Nick+N+Abedi,+MD/data=!4m7!3m6!1s0x88424359bb7ed6c5:0x13d24b80b9d7c00c!8m2!3d38.0060133!4d-84.5239769!16s%2Fg%2F1tw1fhzw!19sChIJxdZ-u1lDQogRDMDXuYBL0hM","Nick N Abedi, MD",4.3,11,Vascular surgeon,"2350 Regency Rd Ste A, Lexington, KY 40503, United States","2F4G+CC Lexington, Kentucky, USA",https://fsalexington.com/,+1 859-278-4960,Closed · Opens 9 am Wed,https://streetviewpixels-pa.googleapis.com/v1/thumbnail?panoid=jv5EwnSLPIU1ap1F7r53Gw&cb_client=search.gws-prod.gps&w=408&h=240&yaw=104.4436&pitch=0&thumbfov=100,true,9 am–5 pm,9 am–5 pm,9 am–5 pm,9 am–5 pm,Closed,Closed,9 am–5 pm,"https://www.google.com/maps/search/vein+clinics+in+Irvine+Lexington+KY/@33.6845673,-117.8265049,14z",2025-12-16T22:24:05.302Z,,
"https://www.google.com/maps/place/Dong+H.+Lee,+MD/data=!4m7!3m6!1s0x884245c892039b67:0xe8dbce96035a0f71!8m2!3d38.0336375!4d-84.5080859!16s%2Fg%2F11j8rljqc9!19sChIJZ5sDkshFQogRcQ9aA5bO2-g","Dong H. Lee, MD",5.0,1,Vascular surgeon,"740 S. Limestone, First Floor, Wing D Room L509, Lexington, KY 40536, United States","2FMR+FQ Lexington, Kentucky, USA",https://ukhealthcare.uky.edu/doctors/dong-hee-lee?utm_source=local-listing&utm_medium=organic&utm_campaign=website-link,+1 859-218-6388,Closed · Opens 8 am Wed,https://streetviewpixels-pa.googleapis.com/v1/thumbnail?panoid=_5kIajyIS_ib_pf7AES30Q&cb_client=search.gws-prod.gps&w=408&h=240&yaw=65.869125&pitch=0&thumbfov=100,true,8 am–5 pm,8 am–5 pm,8 am–5 pm,8 am–5 pm,Closed,Closed,8 am–5 pm,"https://www.google.com/maps/search/vein+clinics+in+Irvine+Lexington+KY/@33.6845673,-117.8265049,14z",2025-12-16T22:24:16.872Z,,
https://www.google.com/maps/place/Vein+Treatment+Clinic/data=!4m7!3m6!1s0x80dcdd67262943f7:0xbca0c88656ed80aa!8m2!3d33.6797101!4d-117.8019035!16s%2Fg%2F11vk7cv3d5!19sChIJ90MpJmfd3IARqoDtVobIoLw,Vein Treatment Clinic,4.8,22,Medical clinic,"4482 Barranca Pkwy #252, Irvine, CA 92604, United States","M5HX+V6 Irvine, California, USA",https://www.veintreatmentclinic.com/locations/california/Irvine/?utm_source=google&utm_medium=gmb&utm_campaign=gmb+irvine,+1 949-850-8337,Open · Closes 7 pm,https://lh3.googleusercontent.com/p/AF1QipMHA0l2_5suP4s7bJjszjJKD4tfx5SGiWtr5Fpo=w408-h306-k-no,true,9 am–7 pm,9 am–7 pm,9 am–7 pm,9 am–7 pm,Closed,Closed,9 am–7 pm,"https://www.google.com/maps/search/vein+clinics+in+Irvine+Lexington+KY/@33.6845673,-117.8265049,14z",2025-12-16T22:24:22.060Z,,
,,,,,,,,,,,,,,,,,,,"https://www.google.com/maps/search/vein+clinics+in+Midway+Lexington+KY/@42.4473497,-71.2271531,14z",2025-12-16T22:24:34.715Z,,No new results found