placeUrl,title,rating,reviewCount,category,address,plusCode,website,phoneNumber,currentStatus,imgUrl,isClaimed,query,timestamp,tuesday,wednesday,thursday,friday,saturday,sunday,monday,info,error
https://www.google.com/maps/place/Dr.+Jimmy+Strong/data=!4m7!3m6!1s0x86568e320268b2ad:0x6183dbf9c758e968!8m2!3d32.4704761!4d-99.7360191!16s%2Fg%2F1vtzhmng!19sChIJrbJoAjKOVoYRaOlYx_nbg2E,Dr. Jimmy Strong,4.6,10,Pediatrician,"1850 Hickory St #102, Abilene, TX 79601, United States","F7C7+5H Abilene, Texas, USA",http://www.pediatric-associates.com/,+1 325-677-2801,,https://lh3.googleusercontent.com/gps-cs-s/AHVAweruv2gToqDQVy_pV7Gd1UHkAhLfGVM3PKakIXJMoMIGt8VCCNNK8UI_uzUE9hC7J0sQGHdXXFchEoI5YbKkFhqOj-R39_Rj8ZPaEZQHh83vCArpdzJpT0Vee1E8L4M8jgbsasQc=w480-h240-k-no,false,"https://www.google.com/maps/search/pediatrician+in+Sweetwater+Abilene+TX/@32.4534878,-99.7312829,14z",2026-02-10T21:52:57.333Z,,,,,,,,,
https://www.google.com/maps/place/Abilene+Childrens+Medical+Association/data=!4m7!3m6!1s0x86568e2d6ef6f493:0xc7453746ca0064c2!8m2!3d32.4743249!4d-99.7335644!16s%2Fg%2F1v6p4q6s!19sChIJk_T2bi2OVoYRwmQAykY3Rcc,Abilene Childrens Medical Association,3.0,38,Pediatric clinic,"2150 Cedar St, Abilene, TX 79601, United States","F7F8+PH Abilene, Texas, USA",http://www.acmapediatric.com/,+1 325-677-6067,Open · Closes 5 pm,https://streetviewpixels-pa.googleapis.com/v1/thumbnail?panoid=D1W_N1useC3KhUn5AZa35A&cb_client=search.gws-prod.gps&w=408&h=240&yaw=190.81883&pitch=0&thumbfov=100,false,"https://www.google.com/maps/search/pediatrician+in+Sweetwater+Abilene+TX/@32.4534878,-99.7312829,14z",2026-02-10T21:53:02.925Z,8:30 am–5 pm,8:30 am–5 pm,8:30 am–5 pm,8:30 am–5 pm,8:30 am–12 pm,Closed,8:30 am–5 pm,,
https://www.google.com/maps/place/Professional+Association+for+Pediatrics/data=!4m7!3m6!1s0x86568e320268b2ad:0x4a9f7465ccd1719f!8m2!3d32.470496!4d-99.7361!16s%2Fg%2F1tcy99qs!19sChIJrbJoAjKOVoYRn3HRzGV0n0o,Professional Association for Pediatrics,4.2,100,Association / Organization,"1850 Hickory St #102, Abilene, TX 79601, United States","F7C7+5H Abilene, Texas, USA",http://www.pediatric-associates.com/,+1 325-677-2801,Closes soon · 4:30 pm · Opens 8 am Wed,https://streetviewpixels-pa.googleapis.com/v1/thumbnail?panoid=Pkg6eN0NnlIefWYNKiWCHg&cb_client=search.gws-prod.gps&w=408&h=240&yaw=313.81122&pitch=0&thumbfov=100,true,"https://www.google.com/maps/search/pediatrician+in+Sweetwater+Abilene+TX/@32.4534878,-99.7312829,14z",2026-02-10T21:53:08.216Z,"8 am–12 pm, 1–4:30 pm","8 am–12 pm, 1–4:30 pm","8 am–12 pm, 1–4:30 pm","8 am–12 pm, 1–4:30 pm",8 am–12 pm,Closed,"8 am–12 pm, 1–4:30 pm",,
https://www.google.com/maps/place/Wiley+Robert+D+MD/data=!4m7!3m6!1s0x86568e320268b2ad:0x78f38ae31e125401!8m2!3d32.4705622!4d-99.7360703!16s%2Fg%2F1tl4dfvj!19sChIJrbJoAjKOVoYRAVQSHuOK83g,Wiley Robert D MD,5.0,8,Pediatrician,"1850 Hickory St #102, Abilene, TX 79601, United States","F7C7+6H Abilene, Texas, USA",http://www.pediatric-associates.com/,+1 325-677-2801,Open · Closes 5 pm,https://streetviewpixels-pa.googleapis.com/v1/thumbnail?panoid=Pkg6eN0NnlIefWYNKiWCHg&cb_client=search.gws-prod.gps&w=408&h=240&yaw=321.76736&pitch=0&thumbfov=100,false,"https://www.google.com/maps/search/pediatrician+in+Sweetwater+Abilene+TX/@32.4534878,-99.7312829,14z",2026-02-10T21:53:12.959Z,8 am–5 pm,8 am–5 pm,8 am–5 pm,8 am–5 pm,8 am–12 pm,Closed,8 am–5 pm,,
https://www.google.com/maps/place/Tuegel+A+Gregory+MD/data=!4m7!3m6!1s0x86568e320268b2ad:0x6d6de893d3ce9347!8m2!3d32.4704964!4d-99.7360995!16s%2Fg%2F1xpwk61h!19sChIJrbJoAjKOVoYRR5PO05PobW0,Tuegel A Gregory MD,4.6,9,Pediatrician,"1850 Hickory St #102, Abilene, TX 79601, United States","F7C7+5H Abilene, Texas, USA",http://www.pediatric-associates.com/,+1 325-677-2801,Open · Closes 5 pm,https://streetviewpixels-pa.googleapis.com/v1/thumbnail?panoid=Pkg6eN0NnlIefWYNKiWCHg&cb_client=search.gws-prod.gps&w=408&h=240&yaw=313.88715&pitch=0&thumbfov=100,false,"https://www.google.com/maps/search/pediatrician+in+Sweetwater+Abilene+TX/@32.4534878,-99.7312829,14z",2026-02-10T21:53:17.607Z,8 am–5 pm,8 am–5 pm,8 am–5 pm,8 am–5 pm,Closed,Closed,8 am–5 pm,,
https://www.google.com/maps/place/Claudia+Gomez/data=!4m7!3m6!1s0x86568e3221a8c3a5:0x8f45b31887d2a1bf!8m2!3d32.4705191!4d-99.735966!16s%2Fg%2F11qgb7737w!19sChIJpcOoITKOVoYRv6HShxizRY8,Claudia Gomez,3.0,12,Pediatrician,"1850 Hickory St #102, Abilene, TX 79601, United States","F7C7+6J Abilene, Texas, USA",https://www.hendrickhealth.org/find-a-provider/claudia-e-gomez-md/,+1 325-677-2801,Open · Closes 5 pm,https://streetviewpixels-pa.googleapis.com/v1/thumbnail?panoid=Pkg6eN0NnlIefWYNKiWCHg&cb_client=search.gws-prod.gps&w=408&h=240&yaw=328.10562&pitch=0&thumbfov=100,false,"https://www.google.com/maps/search/pediatrician+in+Sweetwater+Abilene+TX/@32.4534878,-99.7312829,14z",2026-02-10T21:53:22.438Z,8 am–5 pm,8 am–5 pm,8 am–5 pm,8 am–5 pm,8 am–5 pm,8 am–5 pm,8 am–5 pm,,
"https://www.google.com/maps/place/Dr.+Ellen+B.+West,+MD/data=!4m7!3m6!1s0x86568e3202451c53:0x27827a216cd2c039!8m2!3d32.4704964!4d-99.7360995!16s%2Fg%2F11bysjnw1q!19sChIJUxxFAjKOVoYROcDSbCF6gic","Dr. Ellen B. West, MD",3.9,8,Pediatrician,"1850 Hickory St #102, Abilene, TX 79601, United States","F7C7+5H Abilene, Texas, USA",http://www.pediatric-associates.com/,+1 325-677-2801,,https://streetviewpixels-pa.googleapis.com/v1/thumbnail?panoid=Pkg6eN0NnlIefWYNKiWCHg&cb_client=search.gws-prod.gps&w=408&h=240&yaw=313.88715&pitch=0&thumbfov=100,false,"https://www.google.com/maps/search/pediatrician+in+Sweetwater+Abilene+TX/@32.4534878,-99.7312829,14z",2026-02-10T21:53:24.995Z,,,,,,,,,
https://www.google.com/maps/place/Emily+Hart/data=!4m7!3m6!1s0x86568e3221a8c3a5:0xba63e907ca5298fe!8m2!3d32.4705191!4d-99.735966!16s%2Fg%2F11sh2bqnsz!19sChIJpcOoITKOVoYR_phSygfpY7o,Emily Hart,4.3,6,Pediatrician,"1850 Hickory St #102, Abilene, TX 796012334, United States","F7C7+6J Abilene, Texas, USA",https://www.hendrickhealth.org/find-a-provider/emily-c-hart-do/,+1 325-677-2801,,https://streetviewpixels-pa.googleapis.com/v1/thumbnail?panoid=Pkg6eN0NnlIefWYNKiWCHg&cb_client=search.gws-prod.gps&w=408&h=240&yaw=328.10562&pitch=0&thumbfov=100,false,"https://www.google.com/maps/search/pediatrician+in+Sweetwater+Abilene+TX/@32.4534878,-99.7312829,14z",2026-02-10T21:53:27.756Z,,,,,,,,,
https://www.google.com/maps/place/Mc+Clatchy+Amy+C+MD/data=!4m7!3m6!1s0x86568e320268b2ad:0x3c5cfe36202808f7!8m2!3d32.4704964!4d-99.7360995!16s%2Fg%2F1tf5f4qd!19sChIJrbJoAjKOVoYR9wgoIDb-XDw,Mc Clatchy Amy C MD,3.5,13,Pediatrician,"1850 Hickory St #102, Abilene, TX 79601, United States","F7C7+5H Abilene, Texas, USA",http://www.pediatric-associates.com/,+1 325-677-2801,Open · Closes 5 pm,https://streetviewpixels-pa.googleapis.com/v1/thumbnail?panoid=Pkg6eN0NnlIefWYNKiWCHg&cb_client=search.gws-prod.gps&w=408&h=240&yaw=313.88715&pitch=0&thumbfov=100,false,"https://www.google.com/maps/search/pediatrician+in+Sweetwater+Abilene+TX/@32.4534878,-99.7312829,14z",2026-02-10T21:53:32.727Z,8 am–5 pm,8 am–5 pm,8 am–5 pm,8 am–5 pm,8 am–12 pm,Closed,8 am–5 pm,,
https://www.google.com/maps/place/Dr.+Nathan+Speer/data=!4m7!3m6!1s0x86568e2d6f300001:0x175c54998fd784ac!8m2!3d32.4743024!4d-99.733588!16s%2Fg%2F11rwxg4r0y!19sChIJAQAwby2OVoYRrITXj5lUXBc,Dr. Nathan Speer,3.5,11,Pediatrician,"2150 Cedar St, Abilene, TX 79601, United States","F7F8+PH Abilene, Texas, USA",,+1 325-677-6067,,https://streetviewpixels-pa.googleapis.com/v1/thumbnail?panoid=J9_naTV10PJ5BfsmfPis9A&cb_client=search.gws-prod.gps&w=408&h=240&yaw=344.0413&pitch=0&thumbfov=100,false,"https://www.google.com/maps/search/pediatrician+in+Sweetwater+Abilene+TX/@32.4534878,-99.7312829,14z",2026-02-10T21:53:35.215Z,,,,,,,,,
"https://www.google.com/maps/place/Dr.+Tushar+Shah,+MD/data=!4m7!3m6!1s0x86568e2d6ef6f493:0xf24aecae906eaafd!8m2!3d32.4742626!4d-99.7335426!16s%2Fg%2F1v9lc5r_!19sChIJk_T2bi2OVoYR_apukK7sSvI","Dr. Tushar Shah, MD",3.9,11,Pediatrician,"2150 Cedar St, Abilene, TX 79601, United States","F7F8+PH Abilene, Texas, USA",http://acmapediatric.com/,+1 325-677-6070,,https://streetviewpixels-pa.googleapis.com/v1/thumbnail?panoid=J9_naTV10PJ5BfsmfPis9A&cb_client=search.gws-prod.gps&w=408&h=240&yaw=349.3167&pitch=0&thumbfov=100,false,"https://www.google.com/maps/search/pediatrician+in+Sweetwater+Abilene+TX/@32.4534878,-99.7312829,14z",2026-02-10T21:53:37.663Z,,,,,,,,,
https://www.google.com/maps/place/Bradley+Barham/data=!4m7!3m6!1s0x86568e3221a8c3a5:0x7d99f05397b57ca3!8m2!3d32.4705191!4d-99.735966!16s%2Fg%2F11q8xc4vyx!19sChIJpcOoITKOVoYRo3y1l1PwmX0,Bradley Barham,4.0,4,Pediatrician,"1850 Hickory St #102, Abilene, TX 79601, United States","F7C7+6J Abilene, Texas, USA",https://www.hendrickhealth.org/find-a-provider/bradley-a-barham-do/,+1 325-677-2801,,https://streetviewpixels-pa.googleapis.com/v1/thumbnail?panoid=Pkg6eN0NnlIefWYNKiWCHg&cb_client=search.gws-prod.gps&w=408&h=240&yaw=328.10562&pitch=0&thumbfov=100,false,"https://www.google.com/maps/search/pediatrician+in+Sweetwater+Abilene+TX/@32.4534878,-99.7312829,14z",2026-02-10T21:53:40.233Z,,,,,,,,,
"https://www.google.com/maps/place/Dr.+Kelly+M.+Sunderland,+MD/data=!4m7!3m6!1s0x86568e2d6ef6f493:0x6173d7600b0c63d7!8m2!3d32.4742626!4d-99.7335427!16s%2Fg%2F1hc2d7221!19sChIJk_T2bi2OVoYR12MMC2DXc2E","Dr. Kelly M. Sunderland, MD",3.0,2,Pediatrician,"2150 Cedar St, Abilene, TX 79601, United States","F7F8+PH Abilene, Texas, USA",,+1 325-677-6067,Open · Closes 5 pm,https://lh3.googleusercontent.com/gps-cs-s/AHVAwergpX-wyawi9oSry0VUQ3ZZ34Im8TIh5EyENwdyOr0oj65912LCcOZ8o3ujluCkAR-Fz-fV9_geHgsMxD6r1YWuOoZTlV_InpRFJcUnKIC34_eEno1-9kyOLILiXw39-AdrCPF-CA=w408-h544-k-no,false,"https://www.google.com/maps/search/pediatrician+in+Sweetwater+Abilene+TX/@32.4534878,-99.7312829,14z",2026-02-10T21:53:44.901Z,8:30 am–5 pm,8:30 am–5 pm,8:30 am–5 pm,8:30 am–5 pm,8:30 am–12 pm,Closed,8:30 am–5 pm,,
https://www.google.com/maps/place/STEADMAN+PEDIATRICS/data=!4m7!3m6!1s0x86568d9680f00127:0xb5a53bed2bcad296!8m2!3d32.3724611!4d-99.7436544!16s%2Fg%2F11j1jlhzd5!19sChIJJwHwgJaNVoYRltLKK-07pbU,STEADMAN PEDIATRICS,4.3,30,Pediatrician,"1665 Antilley Rd # 120, Abilene, TX 79606, United States","97C4+XG Abilene, Texas, USA",https://steadmanpeds.com/,+1 325-692-0212,Open · Closes 5 pm,https://lh3.googleusercontent.com/p/AF1QipOI0jB791Nu8cWX1po1KkBm9wwUPPJN2hxK5Xiq=w408-h291-k-no,true,"https://www.google.com/maps/search/pediatrician+in+Sweetwater+Abilene+TX/@32.4534878,-99.7312829,14z",2026-02-10T21:53:49.628Z,"8:30 am–12 pm, 1:30–5 pm","8:30 am–12 pm, 1:30–5 pm","8:30 am–12 pm, 1:30–5 pm",8:30 am–12 pm,Closed,Closed,"8:30 am–12 pm, 1:30–5 pm",,
https://www.google.com/maps/place/Pediatric+Clinic+of+Abilene/data=!4m7!3m6!1s0x86568d72a5aa6827:0x3f8ae69be0e98abd!8m2!3d32.372124!4d-99.7440327!16s%2Fg%2F1pztwm1kw!19sChIJJ2iqpXKNVoYRvYrp4Jvmij8,Pediatric Clinic of Abilene,3.9,22,Pediatrician,"1665 Antilley Rd #200, Abilene, TX 79606, United States","97C4+R9 Abilene, Texas, USA",https://www.westtexashealth.com/,+1 325-692-5800,Open · Closes 5 pm,https://lh3.googleusercontent.com/p/AF1QipO50mIyCJxvBrCfb9UmCdFGvRxHx0d_SsqiHzPY=w408-h408-k-no,true,"https://www.google.com/maps/search/pediatrician+in+Sweetwater+Abilene+TX/@32.4534878,-99.7312829,14z",2026-02-10T21:53:54.549Z,8 am–5 pm,8 am–5 pm,8 am–5 pm,8 am–12 pm,Closed,Closed,8 am–5 pm,,
https://www.google.com/maps/place/Paige+Lemasters/data=!4m7!3m6!1s0x86568e2d6f300001:0x1e55c11e3edcf34b!8m2!3d32.4743024!4d-99.733588!16s%2Fg%2F11pkfqp275!19sChIJAQAwby2OVoYRS_PcPh7BVR4,Paige Lemasters,3.9,11,Pediatrician,"2150 Cedar St, Abilene, TX 796012332, United States","F7F8+PH Abilene, Texas, USA",http://acmapediatric.com/meet-your-pediatricians/dr-paige-h-lemasters-md/,+1 325-677-6067,,https://lh3.googleusercontent.com/gps-cs-s/AHVAweqrJ6Xo0vKzbQFgMnKl_0Z3MrZa_2Js0Z2z8crtMMKsnH8Kmf3ilPZLohDRF2XDWjgwvtIlhQuD7XGz4BpFtGg53_c7RzZUdgAsRMaNx9QG9FZP6dpwXyNR1yOTWnuTYUwUVHPffA=w408-h544-k-no,false,"https://www.google.com/maps/search/pediatrician+in+Sweetwater+Abilene+TX/@32.4534878,-99.7312829,14z",2026-02-10T21:53:57.440Z,,,,,,,,,
"https://www.google.com/maps/place/Professional+Association+for+Pediatrics/@32.385715,-99.767804,17z/data=!3m1!4b1!4m6!3m5!1s0x86568daacd393259:0x79259269b4ea1112!8m2!3d32.385715!4d-99.767804!16s%2Fg%2F11ddyhz_2p",Professional Association for Pediatrics,3.4,26,Doctor,"5302 Buffalo Gap Rd #100, Abilene, TX 79606, United States","96PJ+7V Abilene, Texas, USA",https://pediatric-associates.com/,+1 325-677-2801,Open · Closes 5 pm,,true,"https://www.google.com/maps/search/pediatrician+in+Sweetwater+Abilene+TX/@32.4534878,-99.7312829,14z",2026-02-10T21:54:04.155Z,8 am–5 pm,8 am–5 pm,8 am–5 pm,8 am–5 pm,Closed,Closed,8 am–5 pm,,
https://www.google.com/maps/place/Cook+Children%27s+Pediatric+Specialties+%28Abilene%29/data=!4m7!3m6!1s0x86568e32e8ef1f43:0x326168a3519c08f!8m2!3d32.3965601!4d-99.716584!16s%2Fg%2F1w4vkbqg!19sChIJQx_v6DKOVoYRj8AZNYoWJgM,Cook Children's Pediatric Specialties (Abilene),4.3,7,Medical clinic,"410 Lone Star Dr, Abilene, TX 79602, United States","97WM+J9 Abilene, Texas, USA",https://www.cookchildrens.org/visit/specialty-clinics/specialties-abilene/?utm_source=google&utm_medium=OrganicSearch&utm_campaign=yext&y_source=1_MTEzNzc3MTAtNzE1LWxvY2F0aW9uLndlYnNpdGU%3D,+1 325-690-6680,Closes soon · 4:30 pm · Opens 8 am Wed,https://lh3.googleusercontent.com/p/AF1QipOrTRc1lqNk1yzLC5Qxp-tiFn3xQ1ve7P-icGyg=w426-h240-k-no,true,"https://www.google.com/maps/search/pediatrician+in+Sweetwater+Abilene+TX/@32.4534878,-99.7312829,14z",2026-02-10T21:54:08.919Z,8 am–4:30 pm,8 am–4:30 pm,8 am–4:30 pm,8 am–4:30 pm,Closed,Closed,8 am–4:30 pm,LGBTQ+ friendly,
"https://www.google.com/maps/place/Dr.+Brent+M.+Steadman,+MD/data=!4m7!3m6!1s0x86568d6d5bb29797:0x152eac2710ecf226!8m2!3d32.3722952!4d-99.7438894!16s%2Fg%2F1tgdcv3h!19sChIJl5eyW22NVoYRJvLsECesLhU","Dr. Brent M. Steadman, MD",4.4,51,Pediatrician,"1665 Antilley Rd # 120, Abilene, TX 79606, United States","97C4+WC Abilene, Texas, USA",https://www.steadmanpeds.com/,+1 325-692-0212,Open · Closes 5 pm,https://streetviewpixels-pa.googleapis.com/v1/thumbnail?panoid=B4Yrn_n7ulyyP7Z882nsgA&cb_client=search.gws-prod.gps&w=408&h=240&yaw=177.51685&pitch=0&thumbfov=100,false,"https://www.google.com/maps/search/pediatrician+in+Sweetwater+Abilene+TX/@32.4534878,-99.7312829,14z",2026-02-10T21:54:13.837Z,"8:30 am–12 pm, 1:30–5 pm","8:30 am–12 pm, 1:30–5 pm","8:30 am–12 pm, 1:30–5 pm",8:30 am–12 pm,Closed,Closed,"8:30 am–12 pm, 1:30–5 pm",,
https://www.google.com/maps/place/Rachel+Thomas/data=!4m7!3m6!1s0x86568e3221a8c3a5:0x88f4dff69c7ac97b!8m2!3d32.4705191!4d-99.735966!16s%2Fg%2F11tn9lpct8!19sChIJpcOoITKOVoYRe8l6nPbf9Ig,Rachel Thomas,,,Pediatrician,"1850 Hickory St #102, Abilene, TX 79601, United States","F7C7+6J Abilene, Texas, USA",https://www.pediatric-associates.com/about-us/,+1 325-677-2801,,https://streetviewpixels-pa.googleapis.com/v1/thumbnail?panoid=Pkg6eN0NnlIefWYNKiWCHg&cb_client=search.gws-prod.gps&w=408&h=240&yaw=328.10562&pitch=0&thumbfov=100,false,"https://www.google.com/maps/search/pediatrician+in+Sweetwater+Abilene+TX/@32.4534878,-99.7312829,14z",2026-02-10T21:54:16.648Z,,,,,,,,,
https://www.google.com/maps/place/Dr.+Jami+A.+Adams/data=!4m7!3m6!1s0x86568e9c57e6fed7:0x383f534eb3313a93!8m2!3d32.3734245!4d-99.7454349!16s%2Fg%2F1hc0s4hxw!19sChIJ1_7mV5yOVoYRkzoxs05TPzg,Dr. Jami A. Adams,3.1,50,Pediatrician,"6300 Regional Plaza STE 250, Abilene, TX 79606, United States","97F3+9R Abilene, Texas, USA",http://www.adamspediatrics.com/,+1 325-695-1600,Open · Closes 5 pm,https://lh3.googleusercontent.com/p/AF1QipMpD_NLQf8pdlWZcQ9j2PQkmVJ2PVOCobPqOeAN=w425-h240-k-no,true,"https://www.google.com/maps/search/pediatrician+in+Sweetwater+Abilene+TX/@32.4534878,-99.7312829,14z",2026-02-10T21:54:21.468Z,8 am–5 pm,8 am–5 pm,8 am–5 pm,Closed,Closed,Closed,8 am–5 pm,,
https://www.google.com/maps/place/Adams+Pediatrics/data=!4m7!3m6!1s0x86568e9c57e6fed7:0x1c710f2d13a28573!8m2!3d32.3734096!4d-99.7454046!16s%2Fg%2F1vxvj8bv!19sChIJ1_7mV5yOVoYRc4WiEy0PcRw,Adams Pediatrics,3.8,5,Medical clinic,"6300 Regional Plaza STE 250, Abilene, TX 79606, United States","97F3+9R Abilene, Texas, USA",http://www.adamspediatrics.com/,+1 325-695-1600,Open · Closes 5 pm,https://lh3.googleusercontent.com/p/AF1QipMKpcA8e01WJ7MUobDbhJG4fxRJ_Yx5YTZRC82f=w408-h306-k-no,true,"https://www.google.com/maps/search/pediatrician+in+Sweetwater+Abilene+TX/@32.4534878,-99.7312829,14z",2026-02-10T21:54:26.252Z,8 am–5 pm,8 am–5 pm,8 am–5 pm,Closed,Closed,Closed,8 am–5 pm,,
https://www.google.com/maps/place/Abilene+Pediatric+Specialist+-+Garcia+Elvira+MD/data=!4m7!3m6!1s0x86568d72a781f795:0x3b0b17ac0ef0210!8m2!3d32.3744941!4d-99.7453033!16s%2Fg%2F1tgfx0_d!19sChIJlfeBp3KNVoYREALvwHqxsAM,Abilene Pediatric Specialist - Garcia Elvira MD,3.0,40,Pediatrician,"6250 Regional Plaza Bldg 2 STE 1030, Abilene, TX 79606, United States","97F3+QV Abilene, Texas, USA",https://www.tebra.com/care/practice/abilene-pediatric-specialist-dr-elvira-garcia-754855#locations,+1 325-692-2777,Closed · Opens 9:30 am Wed,https://lh3.googleusercontent.com/gps-cs-s/AHVAweqNlro31fz-TNuB9vb5OHdkT-GP36q9NDyHivBiJhEQyD-9zzkdDSVMGhW8wCbmeZXld2pMAZnu-Rr4_vOizZ4SpT5gP45ch1TKOVKcvrp3sL1PEFXll5f00Do7mGNIVRLK3uqzkJY8sUVf=w408-h544-k-no,true,"https://www.google.com/maps/search/pediatrician+in+Sweetwater+Abilene+TX/@32.4534878,-99.7312829,14z",2026-02-10T21:54:30.937Z,9:30 am–3 pm,9:30 am–3 pm,9:30 am–3 pm,9:30 am–3 pm,Closed,Closed,9:30 am–3 pm,,
https://www.google.com/maps/place/Hendrick+Children%27s+Hospital/data=!4m7!3m6!1s0x86568f42537e44b7:0x2fb6c7f8bef83a1a!8m2!3d32.471884!4d-99.7325863!16s%2Fg%2F11gk1h2tbt!19sChIJt0R-U0KPVoYRGjr4vvjHti8,Hendrick Children's Hospital,1.0,2,Children's hospital,"1900 Pine St Jones Building, Fifth Floor, Abilene, TX 79601, United States","F7C8+QX Abilene, Texas, USA",https://www.hendrickhealth.org/locations/hendrick-childrens-hospital/,+1 325-670-2000,Open 24 hours,https://lh3.googleusercontent.com/gps-cs-s/AHVAweqDtLYjZ55nCYUIJGlcQuF2HzsyXl2DCst4hgc5_khXZYWxFqsOsH54xzWFWaiRq5-ciKPXT0kID1k6vV-recOqbcPWH77baicY5X_AIqT8Ioqket0CYS0sK0P3w16eBv8ZWi7l=w408-h725-k-no,true,"https://www.google.com/maps/search/pediatrician+in+Sweetwater+Abilene+TX/@32.4534878,-99.7312829,14z",2026-02-10T21:54:35.855Z,Open 24 hours,Open 24 hours,Open 24 hours,Open 24 hours,Open 24 hours,Open 24 hours,Open 24 hours,,
https://www.google.com/maps/place/Children%27s+Dentistry+of+Abilene/data=!4m7!3m6!1s0x86568c269e85e867:0x42aeb3a46f34e716!8m2!3d32.4222134!4d-99.7829671!16s%2Fg%2F1tkp063m!19sChIJZ-iFniaMVoYRFuc0b6SzrkI,Children's Dentistry of Abilene,4.9,167,Pediatric dentist,"2233 S Danville Dr, Abilene, TX 79605, United States","C6C8+VR Abilene, Texas, USA",https://www.childrensdentistryofabilene.com/?utm_source=google.com&utm_medium=business+profile,+1 325-352-8821,Open · Closes 5 pm,https://lh3.googleusercontent.com/gps-cs-s/AHVAwerDpR_IWlKrmRw1prug6E2n-l8021qlKpvG4zPVyi7hzvGKPT4Nofh3NpMlzfL6noD-X3hbGzMWyjYbNVC7jj8Oc6m1x3Qw4emc_1Mowc7yPv2nnbW5nBPpzDzxlsImDIuzXGhb6g=w408-h306-k-no,true,"https://www.google.com/maps/search/pediatrician+in+Sweetwater+Abilene+TX/@32.4534878,-99.7312829,14z",2026-02-10T21:54:40.895Z,"8 am–12 pm, 1–5 pm","8 am–12 pm, 1–5 pm","8 am–12 pm, 1–5 pm",8 am–12 pm,Closed,Closed,"8 am–12 pm, 1–5 pm",,
https://www.google.com/maps/place/Abilene+Pediatric+Dental+Associates/data=!4m7!3m6!1s0x86568cb4343a6aed:0x1c157354460beccd!8m2!3d32.3927929!4d-99.7623049!16s%2Fg%2F1vgx14zt!19sChIJ7Wo6NLSMVoYRzewLRlRzFRw,Abilene Pediatric Dental Associates,4.8,1118,Pediatric dentist,"4741 Buffalo Gap Rd, Abilene, TX 79606, United States","96VQ+43 Abilene, Texas, USA",http://www.abilenepda.com/,+1 325-437-5284,Open · Closes 5 pm,https://lh3.googleusercontent.com/gps-cs-s/AHVAwer_sg4JpKbtwJ8XxfV5T90QrBD4oGPX8b4IjHS7u1K_y2Qf3L47RkE6k0T4PNNVKbteyyH7mmg8fqDmzLknp99LDS8FzvECkBlZCxGGID5XiU6ki_QYQSQLdxrBV0kEmtcgu-4=w408-h544-k-no,true,"https://www.google.com/maps/search/pediatrician+in+Sweetwater+Abilene+TX/@32.4534878,-99.7312829,14z",2026-02-10T21:54:45.778Z,8 am–5 pm,8 am–5 pm,8 am–5 pm,8 am–1 pm,Closed,Closed,8 am–5 pm,,
https://www.google.com/maps/place/Dr.+Richard+Deulofeut/data=!4m7!3m6!1s0x86568e2dca7730b1:0x883696e2610d1c84!8m2!3d32.4720091!4d-99.7318529!16s%2Fg%2F11ty7v0ytf!19sChIJsTB3yi2OVoYRhBwNYeKWNog,Dr. Richard Deulofeut,5.0,1,Neonatal physician,"1924 Pine St SUITE 401B, Abilene, TX 79601, United States","F7C9+R7 Abilene, Texas, USA",https://www.neobeginnings.com/our-founder,+1 325-676-0557,,https://streetviewpixels-pa.googleapis.com/v1/thumbnail?panoid=0_y1yU6mvzrBlNriph_D_Q&cb_client=search.gws-prod.gps&w=408&h=240&yaw=307.54553&pitch=0&thumbfov=100,false,"https://www.google.com/maps/search/pediatrician+in+Sweetwater+Abilene+TX/@32.4534878,-99.7312829,14z",2026-02-10T21:54:48.654Z,,,,,,,,,
https://www.google.com/maps/place/Key+City+Kids+Orthodontics+and+Pediatric+Dentistry/data=!4m7!3m6!1s0x86568d351c9cd0e1:0x274d3dd24cbc6384!8m2!3d32.4073894!4d-99.7738376!16s%2Fg%2F11sht4hm_9!19sChIJ4dCcHDWNVoYRhGO8TNI9TSc,Key City Kids Orthodontics and Pediatric Dentistry,5.0,23,Pediatric dentist,"3781 Catclaw Dr, Abilene, TX 79606, United States","C64G+XF Abilene, Texas, USA",http://www.keycitykids.com/,+1 325-766-0005,Closes soon · 4 pm · Opens 8 am Wed,https://lh3.googleusercontent.com/p/AF1QipOXoqe4bZKGXXzO2mTxOITkCLYbKj5qavIDaoGl=w408-h326-k-no,true,"https://www.google.com/maps/search/pediatrician+in+Sweetwater+Abilene+TX/@32.4534878,-99.7312829,14z",2026-02-10T21:54:53.652Z,8 am–4 pm,8 am–4 pm,8 am–4 pm,Closed,Closed,Closed,8 am–4 pm,,
"https://www.google.com/maps/place/Dr.+Norman+P.+Poorman,+DDS/data=!4m7!3m6!1s0x86568c269e85e867:0x3b26526fc734ab43!8m2!3d32.422293!4d-99.782905!16s%2Fg%2F1tq4rhml!19sChIJZ-iFniaMVoYRQ6s0x29SJjs","Dr. Norman P. Poorman, DDS",4.5,31,Pediatric dentist,"2233 S Danville Dr, Abilene, TX 79605, United States","C6C8+WR Abilene, Texas, USA",http://www.childrensdentistryofabilene.com/,+1 325-692-9557,Open · Closes 5 pm,https://streetviewpixels-pa.googleapis.com/v1/thumbnail?panoid=B_sq2i44xKEUfoYZXcD21Q&cb_client=search.gws-prod.gps&w=408&h=240&yaw=97.16269&pitch=0&thumbfov=100,true,"https://www.google.com/maps/search/pediatrician+in+Sweetwater+Abilene+TX/@32.4534878,-99.7312829,14z",2026-02-10T21:54:58.468Z,8 am–5 pm,8 am–5 pm,8 am–5 pm,8 am–12 pm,Closed,Closed,8 am–5 pm,,
https://www.google.com/maps/place/Le+Masters+Paige+H+MD/data=!4m7!3m6!1s0x86568e2d6ef6f493:0x9603aa4f66ea6dcb!8m2!3d32.4742626!4d-99.7335427!16s%2Fg%2F1tgnmh8_!19sChIJk_T2bi2OVoYRy23qZk-qA5Y,Le Masters Paige H MD,,,Pediatrician,"2150 Cedar St, Abilene, TX 79601, United States","F7F8+PH Abilene, Texas, USA",http://acmapediatric.com/meet-your-pediatricians/dr-paige-h-lemasters-md/,+1 325-677-6067,,https://streetviewpixels-pa.googleapis.com/v1/thumbnail?panoid=J9_naTV10PJ5BfsmfPis9A&cb_client=search.gws-prod.gps&w=408&h=240&yaw=349.29984&pitch=0&thumbfov=100,false,"https://www.google.com/maps/search/pediatrician+in+Sweetwater+Abilene+TX/@32.4534878,-99.7312829,14z",2026-02-10T21:55:01.229Z,,,,,,,,,
https://www.google.com/maps/place/Digestive+Health+Consultants+of+Abilene/data=!4m7!3m6!1s0x86568fdde33ab995:0xe25574138705f09!8m2!3d32.4704964!4d-99.7360996!16s%2Fg%2F11rk297hjt!19sChIJlbk6492PVoYRCV9wOEFXJQ4,Digestive Health Consultants of Abilene,5.0,48,Gastroenterologist,"1850 Hickory St #103, Abilene, TX 79601, United States","F7C7+5H Abilene, Texas, USA",https://abilenedhc.com/?utm_source=gmb&utm_medium=organic,+1 325-268-4122,Open · Closes 5 pm,https://streetviewpixels-pa.googleapis.com/v1/thumbnail?panoid=Pkg6eN0NnlIefWYNKiWCHg&cb_client=search.gws-prod.gps&w=408&h=240&yaw=313.8795&pitch=0&thumbfov=100,true,"https://www.google.com/maps/search/pediatrician+in+Sweetwater+Abilene+TX/@32.4534878,-99.7312829,14z",2026-02-10T21:55:06.086Z,8 am–5 pm,8 am–5 pm,8 am–5 pm,8 am–12 pm,Closed,Closed,8 am–5 pm,,
https://www.google.com/maps/place/W+Orlan+Akin+%26+Associates/data=!4m7!3m6!1s0x86568e3d1db6943d:0xa8444238924ac3e3!8m2!3d32.456248!4d-99.736464!16s%2Fg%2F1tcylg2_!19sChIJPZS2HT2OVoYR48NKkjhCRKg,W Orlan Akin & Associates,5.0,5,Doctor,"702 Hickory St # B, Abilene, TX 79601, United States","F747+FC Abilene, Texas, USA",,+1 325-677-2026,,https://streetviewpixels-pa.googleapis.com/v1/thumbnail?panoid=wJiRrLgiL_5H5wzYABDZvg&cb_client=search.gws-prod.gps&w=408&h=240&yaw=268.39572&pitch=0&thumbfov=100,false,"https://www.google.com/maps/search/pediatrician+in+Sweetwater+Abilene+TX/@32.4534878,-99.7312829,14z",2026-02-10T21:55:08.886Z,,,,,,,,,
"https://www.google.com/maps/place/Dyess+Peds+Clinic/@32.4376943,-99.8142665,17z/data=!3m1!4b1!4m6!3m5!1s0x8656894d1364ef2f:0x2ef92ac963d638d!8m2!3d32.4376943!4d-99.8142665!16s%2Fg%2F11c31srmk2",Dyess Peds Clinic,,,Medical Center,"Abilene, TX 79603, United States","C5QP+37 Abilene, Texas, USA",,,,,false,"https://www.google.com/maps/search/pediatrician+in+Sweetwater+Abilene+TX/@32.4534878,-99.7312829,14z",2026-02-10T21:55:13.408Z,,,,,,,,,
https://www.google.com/maps/place/Maslanka+Paul+J+MD/data=!4m7!3m6!1s0x86568e2d6ef6f493:0x31f8137dba660aed!8m2!3d32.4742626!4d-99.7335426!16s%2Fg%2F1td_c2ms!19sChIJk_T2bi2OVoYR7Qpmun0T-DE,Maslanka Paul J MD,,,Pediatrician,"2150 Cedar St, Abilene, TX 79601, United States","F7F8+PH Abilene, Texas, USA",http://acmapediatric.com/,+1 325-677-6067,,https://streetviewpixels-pa.googleapis.com/v1/thumbnail?panoid=J9_naTV10PJ5BfsmfPis9A&cb_client=search.gws-prod.gps&w=408&h=240&yaw=349.3167&pitch=0&thumbfov=100,false,"https://www.google.com/maps/search/pediatrician+in+Sweetwater+Abilene+TX/@32.4534878,-99.7312829,14z",2026-02-10T21:55:16.102Z,,,,,,,,,
https://www.google.com/maps/place/Hendrick+Pediatric+Rehabilitation/data=!4m7!3m6!1s0x86568f00b5271035:0x7cc655d2e81ea297!8m2!3d32.4712868!4d-99.7366325!16s%2Fg%2F11q9j0l2ch!19sChIJNRAntQCPVoYRl6Ie6NJVxnw,Hendrick Pediatric Rehabilitation,5.0,1,Rehabilitation center,"1909 Simmons St, Abilene, TX 79601, United States","F7C7+G8 Abilene, Texas, USA",https://www.hendrickhealth.org/services/rehabilitation-therapy/pediatric-rehabilitation/,+1 325-670-6033,,https://lh3.googleusercontent.com/p/AF1QipP3XNKpLsWQGqVMRyOSPgny1UiXxXtfRMdPFfV4=w426-h240-k-no,true,"https://www.google.com/maps/search/pediatrician+in+Sweetwater+Abilene+TX/@32.4534878,-99.7312829,14z",2026-02-10T21:55:18.788Z,,,,,,,,,
https://www.google.com/maps/place/Abilene+Childrens+Medical+Association:+Anderson+Rachel+MD/data=!4m7!3m6!1s0x8656927a12efc649:0x7567f85006c75b04!8m2!3d32.3965694!4d-99.7165928!16s%2Fg%2F1tnblk9n!19sChIJScbvEnqSVoYRBFvHBlD4Z3U,Abilene Childrens Medical Association: Anderson Rachel MD,3.7,3,Pediatrician,"414 Lone Star Dr Unit A, Abilene, TX 79602, United States","97WM+J9 Abilene, Texas, USA",http://www.acmapediatric.com/,+1 325-793-9973,,https://streetviewpixels-pa.googleapis.com/v1/thumbnail?panoid=ILtHZKG7tX7jYfJoWm0nxg&cb_client=search.gws-prod.gps&w=408&h=240&yaw=18.81681&pitch=0&thumbfov=100,false,"https://www.google.com/maps/search/pediatrician+in+Sweetwater+Abilene+TX/@32.4534878,-99.7312829,14z",2026-02-10T21:55:21.551Z,,,,,,,,,
https://www.google.com/maps/place/Anderson+Rachel+MD/data=!4m7!3m6!1s0x86568e2d6ef6f493:0xcb804b374b22b73a!8m2!3d32.4742899!4d-99.7335612!16s%2Fg%2F1thf8zqg!19sChIJk_T2bi2OVoYROrciSzdLgMs,Anderson Rachel MD,,,Pediatrician,"2150 Cedar St, Abilene, TX 79601, United States","F7F8+PH Abilene, Texas, USA",http://acmapediatric.com/,+1 325-677-6070,,https://streetviewpixels-pa.googleapis.com/v1/thumbnail?panoid=J9_naTV10PJ5BfsmfPis9A&cb_client=search.gws-prod.gps&w=408&h=240&yaw=347.41046&pitch=0&thumbfov=100,false,"https://www.google.com/maps/search/pediatrician+in+Sweetwater+Abilene+TX/@32.4534878,-99.7312829,14z",2026-02-10T21:55:24.087Z,,,,,,,,,
https://www.google.com/maps/place/Children%27s+Miracle+Network+Hospitals+at+Hendrick/data=!4m7!3m6!1s0x86568f62361dac1b:0x4ce4c8f944d53a33!8m2!3d32.471884!4d-99.7325863!16s%2Fg%2F11f7hq9_46!19sChIJG6wdNmKPVoYRMzrVRPnI5Ew,Children's Miracle Network Hospitals at Hendrick,3.5,2,Children's hospital,"1900 Pine St Second Floor, Abilene, TX 79601, United States","F7C8+QX Abilene, Texas, USA",https://www.hendrickhealth.org/foundation/childrens-miracle-network-hospitals/,+1 325-670-6557,Open 24 hours,https://streetviewpixels-pa.googleapis.com/v1/thumbnail?panoid=QZCq07VTPZ7EZHdwcMYyqQ&cb_client=search.gws-prod.gps&w=408&h=240&yaw=2.8413534&pitch=0&thumbfov=100,true,"https://www.google.com/maps/search/pediatrician+in+Sweetwater+Abilene+TX/@32.4534878,-99.7312829,14z",2026-02-10T21:55:28.944Z,Open 24 hours,Open 24 hours,Open 24 hours,Open 24 hours,Open 24 hours,Open 24 hours,Open 24 hours,,
https://www.google.com/maps/place/Benson+Heidi/data=!4m7!3m6!1s0x86568e320268b2ad:0x556be5795f71527d!8m2!3d32.470509!4d-99.735832!16s%2Fg%2F1tgnxmyf!19sChIJrbJoAjKOVoYRfVJxX3nla1U,Benson Heidi,5.0,1,Nurse practitioner,"1850 Hickory St #102, Abilene, TX 79601, United States","F7C7+6M Abilene, Texas, USA",http://www.pediatric-associates.com/,+1 325-677-2801,,https://streetviewpixels-pa.googleapis.com/v1/thumbnail?panoid=Pkg6eN0NnlIefWYNKiWCHg&cb_client=search.gws-prod.gps&w=408&h=240&yaw=344.10254&pitch=0&thumbfov=100,false,"https://www.google.com/maps/search/pediatrician+in+Sweetwater+Abilene+TX/@32.4534878,-99.7312829,14z",2026-02-10T21:55:31.584Z,,,,,,,,,
https://www.google.com/maps/place/Amie+K%27s+Family+Practice+PLLC/data=!4m7!3m6!1s0x86568f8b6d424f5f:0x742281d704ad78d!8m2!3d32.456248!4d-99.736464!16s%2Fg%2F11krjq4syk!19sChIJX09CbYuPVoYRjddKcB0oQgc,Amie K's Family Practice PLLC,3.9,19,Medical clinic,"702 Hickory St # B, Abilene, TX 79601, United States","F747+FC Abilene, Texas, USA",http://amieksfamilypracticepllc.com/,+1 325-701-8888,Open · Closes 5 pm,https://lh3.googleusercontent.com/p/AF1QipNf7D06983-1V_75dOaA2pWaUcouP3PHjY4tItG=w408-h725-k-no,true,"https://www.google.com/maps/search/pediatrician+in+Sweetwater+Abilene+TX/@32.4534878,-99.7312829,14z",2026-02-10T21:55:36.308Z,8 am–5 pm,8 am–5 pm,8 am–5 pm,8 am–12 pm,Closed,Closed,8 am–5 pm,Identifies as women-owned,
"https://www.google.com/maps/place/Claudia+Gomez/@32.385715,-99.767804,17z/data=!3m1!4b1!4m6!3m5!1s0x86568daacd393259:0x680670f3a513b4eb!8m2!3d32.385715!4d-99.767804!16s%2Fg%2F11k3_kprj3",Claudia Gomez,5.0,1,Pediatrician,"5302 Buffalo Gap Rd #100, Abilene, TX 79606, United States","96PJ+7V Abilene, Texas, USA",https://www.pediatric-associates.com/welcome-dr-gomez/,+1 325-677-2801,,,false,"https://www.google.com/maps/search/pediatrician+in+Sweetwater+Abilene+TX/@32.4534878,-99.7312829,14z",2026-02-10T21:55:41.151Z,,,,,,,,,
https://www.google.com/maps/place/Baylor+Scott+%26+White+Urgent+Care%2B+Abilene+%28Highway+351%29/data=!4m7!3m6!1s0x8656904b2d56aaf3:0x17b6be1cb5d96c45!8m2!3d32.4789378!4d-99.6975363!16s%2Fg%2F1tf1c4vx!19sChIJ86pWLUuQVoYRRWzZtRy-thc,Baylor Scott & White Urgent Care+ Abilene (Highway 351),4.5,1149,Urgent care center,"1634 TX-351, Abilene, TX 79601, United States","F8H2+HX Abilene, Texas, USA",https://www.bswhealth.com/locations/urgent-care/uc-plus-abilene-highway-351?utm_source=google-mybusiness&utm_medium=organic&utm_campaign=UC+AbileneHighway351&utm_content=main-website,+1 325-676-1100,,https://lh3.googleusercontent.com/p/AF1QipPK2dXFkUTCwn76knEwwBaCGtQ0hkfmK86N-9gB=w408-h408-k-no,true,"https://www.google.com/maps/search/pediatrician+in+Sweetwater+Abilene+TX/@32.4534878,-99.7312829,14z",2026-02-10T21:55:46.250Z,7 am–8 pm,7 am–8 pm,7 am–8 pm,7 am–8 pm,7 am–8 pm,7 am–8 pm,7 am–8 pm,,
"https://www.google.com/maps/place/David+Longley,+DO/data=!4m7!3m6!1s0x86568d12ae906877:0x5346b3a4827d361f!8m2!3d32.3710784!4d-99.7469863!16s%2Fg%2F1tdz9v92!19sChIJd2iQrhKNVoYRHzZ9gqSzRlM","David Longley, DO",4.9,696,Family practice physician,"6417 Central Park Blvd, Abilene, TX 79606, United States","97C3+C6 Abilene, Texas, USA",https://www.abilenedocs.com/?utm_source=gmb_auth,+1 325-695-6370,Open · Closes 5 pm,https://lh3.googleusercontent.com/p/AF1QipOkyUBbC1gskiM7zWRiHocEvFTcbpelA8xoXCnZ=w486-h240-k-no,true,"https://www.google.com/maps/search/pediatrician+in+Sweetwater+Abilene+TX/@32.4534878,-99.7312829,14z",2026-02-10T21:55:51.263Z,8 am–5 pm,8 am–5 pm,8 am–5 pm,8 am–12 pm,Closed,Closed,8 am–5 pm,,
https://www.google.com/maps/place/Johnson+Jennifer+L+MD/data=!4m7!3m6!1s0x86568db24a82de91:0x6e9ead61cc379213!8m2!3d32.3978873!4d-99.7634369!16s%2Fg%2F1262_861j!19sChIJkd6CSrKNVoYRE5I3zGGtnm4,Johnson Jennifer L MD,5.0,2,Pediatric surgeon,"4351 Ridgemont Dr # A, Abilene, TX 79606, United States","96XP+5J Abilene, Texas, USA",,+1 325-698-4545,,https://streetviewpixels-pa.googleapis.com/v1/thumbnail?panoid=LAHazRWJ1M40DnX2WDbWvA&cb_client=search.gws-prod.gps&w=408&h=240&yaw=140.37595&pitch=0&thumbfov=100,false,"https://www.google.com/maps/search/pediatrician+in+Sweetwater+Abilene+TX/@32.4534878,-99.7312829,14z",2026-02-10T21:55:53.982Z,,,,,,,,,
"https://www.google.com/maps/place/Dr.+Vidal+O.+Simpao,+MD/data=!4m7!3m6!1s0x86568dce30506009:0x3954fc7a1054c271!8m2!3d32.4170751!4d-99.760039!16s%2Fg%2F1tjrqd2y!19sChIJCWBQMM6NVoYRccJUEHr8VDk","Dr. Vidal O. Simpao, MD",4.0,1,Family practice physician,"3101 S 27th St, Abilene, TX 79605, United States","C68Q+RX Abilene, Texas, USA",https://weence.com/medical/doctors/abilene/dr-vidal-o-simpao-md/,+1 325-695-5440,,https://streetviewpixels-pa.googleapis.com/v1/thumbnail?panoid=WInWvHbVpJPyovBmo-O_mw&cb_client=search.gws-prod.gps&w=408&h=240&yaw=189.25471&pitch=0&thumbfov=100,false,"https://www.google.com/maps/search/pediatrician+in+Sweetwater+Abilene+TX/@32.4534878,-99.7312829,14z",2026-02-10T21:55:56.651Z,,,,,,,,,
https://www.google.com/maps/place/Abilene+Dental+Care+-+West/data=!4m7!3m6!1s0x86568e3d0e07485f:0x481f47ca87a2a111!8m2!3d32.4182535!4d-99.7675848!16s%2Fg%2F1tjpqxwj!19sChIJX0gHDj2OVoYREaGih8pHH0g,Abilene Dental Care - West,4.7,791,Dentist,"3390 S 27th St, Abilene, TX 79605, United States","C69J+8X Abilene, Texas, USA",https://www.abilenedentalcare.com/?utm_source=google.com&utm_medium=business+profile&utm_campaign=,+1 325-200-0925,Open · Closes 5 pm,https://lh3.googleusercontent.com/gps-cs-s/AHVAwer9uQsvQrElY1BVpgELODS6d1PXJtuNcXti7wxUMJ0TPfX23F1xuU2mauV2ewl5ox8If8vX9-DXLAnh_UtSbWOlx62ZDmXJAPTvI_CWsa5iyC0oeiKxvYuDioVDp9Jh_X5UeWB0CQ=w408-h306-k-no,true,"https://www.google.com/maps/search/pediatrician+in+Sweetwater+Abilene+TX/@32.4534878,-99.7312829,14z",2026-02-10T21:56:01.298Z,8 am–5 pm,8 am–5 pm,8 am–5 pm,8 am–5 pm,Closed,Closed,8 am–5 pm,,
https://www.google.com/maps/place/Abilene+Community+Health+Center/data=!4m7!3m6!1s0x86568e2e9380aa55:0x55534d06f83cf195!8m2!3d32.469833!4d-99.7306677!16s%2Fg%2F11c0rt7tqm!19sChIJVaqAky6OVoYRlfE8-AZNU1U,Abilene Community Health Center,2.9,55,Medical clinic,"1749 Pine St, Abilene, TX 79601, United States","F799+WP Abilene, Texas, USA",https://www.ttuhsc.edu/nursing/combest/abilene.aspx,+1 325-696-0600,Open · Closes 5 pm,https://lh3.googleusercontent.com/gps-cs-s/AHVAwerwnKbmiVtCcBGKrUW2cE5yh28OaTaZrtjhDQeQ5ryuKYVTOQBeHEJMiiUHv7i75M5FXjvIoa5IxboupE3akDEVNuHx0zlRFNwTumimY3z9aFXktljCa3LaGBzvPX3PzVv-mEnC=w408-h307-k-no,false,"https://www.google.com/maps/search/pediatrician+in+Sweetwater+Abilene+TX/@32.4534878,-99.7312829,14z",2026-02-10T21:56:06.068Z,"8 am–12 pm, 1–5 pm","8 am–12 pm, 1–5 pm","8 am–12 pm, 1–5 pm","8 am–12 pm, 1–5 pm",Closed,Closed,"8 am–12 pm, 1–5 pm",,
"https://www.google.com/maps/place/Dr.+Jay+D.+Capra,+MD/data=!4m7!3m6!1s0x86568d6d5bb29797:0x4be26f1910f53d6e!8m2!3d32.3752203!4d-99.743997!16s%2Fg%2F1tfkwqxs!19sChIJl5eyW22NVoYRbj31EBlv4ks","Dr. Jay D. Capra, MD",4.0,4,Pediatrician,"6300 Regional Plaza STE 650, Abilene, TX 79606, United States","97G4+3C Abilene, Texas, USA",,+1 325-692-5800,,https://streetviewpixels-pa.googleapis.com/v1/thumbnail?panoid=ze6kjvnF_pXz723ylWiJjA&cb_client=search.gws-prod.gps&w=408&h=240&yaw=344.89624&pitch=0&thumbfov=100,false,"https://www.google.com/maps/search/pediatrician+in+Sweetwater+Abilene+TX/@32.4534878,-99.7312829,14z",2026-02-10T21:56:08.935Z,,,,,,,,,
https://www.google.com/maps/place/Steps+2+Strides/data=!4m7!3m6!1s0x86568e9fb5ec0361:0xd979ee5426c306b8!8m2!3d32.4281458!4d-99.7879835!16s%2Fg%2F1262ryj85!19sChIJYQPstZ-OVoYRuAbDJlTuedk,Steps 2 Strides,,,Rehabilitation center,"1720 S Clack St, Abilene, TX 79605, United States","C6H6+7R Abilene, Texas, USA",,+1 325-691-0923,Open · Closes 5 pm,https://streetviewpixels-pa.googleapis.com/v1/thumbnail?panoid=A3kdg_4wJbmOR060JZ0X6A&cb_client=search.gws-prod.gps&w=408&h=240&yaw=258.94702&pitch=0&thumbfov=100,false,"https://www.google.com/maps/search/pediatrician+in+Sweetwater+Abilene+TX/@32.4534878,-99.7312829,14z",2026-02-10T21:56:13.474Z,7 am–5 pm,7 am–5 pm,7 am–5 pm,7 am–12 am,Closed,Closed,7 am–5 pm,,
https://www.google.com/maps/place/West+Texas+Rehabilitation+Center/data=!4m7!3m6!1s0x86568e9c771da28b:0xbef9f449f072912b!8m2!3d32.4327285!4d-99.7831765!16s%2Fg%2F11dfgw6wnw!19sChIJi6Idd5yOVoYRK5Fy8En0-b4,West Texas Rehabilitation Center,4.7,196,Rehabilitation center,"4601 Hartford St, Abilene, TX 79605, United States","C6M8+3P Abilene, Texas, USA",https://westtexasrehab.org/,+1 325-793-3400,,https://lh3.googleusercontent.com/gps-cs-s/AHVAwerqzUyncaa7vBsaPS1sJMfzk9q9kidzgoalskDi0A2xj9mrSe7H_qW9taCjHmUlpSYL8u2M5JKpQZe9GV619nbySsY7tTWRZLyd59jUMotjO13qJPPQboFxINjdQktJz768MffQ=w408-h724-k-no,true,"https://www.google.com/maps/search/pediatrician+in+Sweetwater+Abilene+TX/@32.4534878,-99.7312829,14z",2026-02-10T21:56:18.384Z,Open 24 hours,Open 24 hours,Open 24 hours,Open 24 hours,Open 24 hours,Open 24 hours,Open 24 hours,,
"https://www.google.com/maps/place/Kevin+Finley,+DO/data=!4m7!3m6!1s0x86568dde8887fb17:0x470a268c3915b5d8!8m2!3d32.3713061!4d-99.747849!16s%2Fg%2F11fj93d8v2!19sChIJF_uHiN6NVoYR2LUVOYwmCkc","Kevin Finley, DO",4.9,589,Family practice physician,"6417 Central Park Blvd, Abilene, TX 79606, United States","97C2+GV Abilene, Texas, USA",https://www.abilenedocs.com/?utm_source=gmb_auth,+1 325-695-6370,Open · Closes 5 pm,https://lh3.googleusercontent.com/p/AF1QipMhepfX47YqEhVG0Dm8DzJEcATGK_BqTh4JTAOD=w486-h240-k-no,true,"https://www.google.com/maps/search/pediatrician+in+Sweetwater+Abilene+TX/@32.4534878,-99.7312829,14z",2026-02-10T21:56:23.217Z,8 am–5 pm,8 am–5 pm,8 am–5 pm,8 am–12 pm,Closed,Closed,8 am–5 pm,,
https://www.google.com/maps/place/Rashmi+Shringer/data=!4m7!3m6!1s0x86568d7296ffffff:0xaa27e0f7568c065b!8m2!3d32.3752203!4d-99.743997!16s%2Fg%2F11rkj8bwt3!19sChIJ____lnKNVoYRWwaMVvfgJ6o,Rashmi Shringer,4.0,2,Pediatrician,"6300 Regional Plaza STE 650, Abilene, TX 796065226, United States","97G4+3C Abilene, Texas, USA",https://www.hendrickhealth.org/find-a-provider/rashmi-j-shringer-md/,+1 325-692-5800,,https://streetviewpixels-pa.googleapis.com/v1/thumbnail?panoid=ze6kjvnF_pXz723ylWiJjA&cb_client=search.gws-prod.gps&w=408&h=240&yaw=344.89624&pitch=0&thumbfov=100,false,"https://www.google.com/maps/search/pediatrician+in+Sweetwater+Abilene+TX/@32.4534878,-99.7312829,14z",2026-02-10T21:56:25.771Z,,,,,,,,,
https://www.google.com/maps/place/Dr.+Blayne+Street/data=!4m7!3m6!1s0x8656103312ef1e3d:0x4f110be77673cefe!8m2!3d32.4527483!4d-100.3968368!16s%2Fg%2F11t9rs6_f3!19sChIJPR7vEjMQVoYR_s5zducLEU8,Dr. Blayne Street,5.0,9,Pediatrician,"301 Jenny George Ln Building B, Suite 5, Sweetwater, TX 79556, United States","FJ33+37 Sweetwater, Texas, USA",https://www.rpmh.net/our-physicians/blayne-street-do,+1 325-219-6175,Open · Closes 5 pm,https://streetviewpixels-pa.googleapis.com/v1/thumbnail?panoid=gfX1vvh5k3hA-1M4MKYDjQ&cb_client=search.gws-prod.gps&w=408&h=240&yaw=149.3146&pitch=0&thumbfov=100,true,"https://www.google.com/maps/search/pediatrician+in+Sweetwater+Abilene+TX/@32.4534878,-99.7312829,14z",2026-02-10T21:56:30.442Z,8 am–5 pm,8 am–5 pm,8 am–5 pm,8 am–5 pm,Closed,Closed,8 am–5 pm,,
https://www.google.com/maps/place/Schultz+Allen+MD/data=!4m7!3m6!1s0x86568e180f03e093:0x7a975996e4bf877d!8m2!3d32.453173!4d-99.733561!16s%2Fg%2F1261gf_w8!19sChIJk-ADDxiOVoYRfYe_5JZZl3o,Schultz Allen MD,,,Doctor,"425 Cypress St, Abilene, TX 79601, United States","F738+7H Abilene, Texas, USA",,,,https://streetviewpixels-pa.googleapis.com/v1/thumbnail?panoid=3SLPJ_NertU4M9ExRPPzgw&cb_client=search.gws-prod.gps&w=408&h=240&yaw=101.748955&pitch=0&thumbfov=100,false,"https://www.google.com/maps/search/pediatrician+in+Sweetwater+Abilene+TX/@32.4534878,-99.7312829,14z",2026-02-10T21:56:33.264Z,,,,,,,,,
https://www.google.com/maps/place/Hendrick+Health/data=!4m7!3m6!1s0x86568e2d90eaba75:0x571ccd2cf7f746f0!8m2!3d32.4718235!4d-99.7325631!16s%2Fm%2F04g39nv!19sChIJdbrqkC2OVoYR8Eb39yzNHFc,Hendrick Health,3.0,263,Medical Center,"1900 Pine St, Abilene, TX 79601, United States","F7C8+PX Abilene, Texas, USA",http://www.hendrickhealth.org/?utm_campaign=website-link&utm_medium=organic&utm_source=local-listing,+1 325-670-2000,,https://lh3.googleusercontent.com/gps-cs-s/AHVAwepTMSvq9VrSxmC2batK3Yn2ulxoalKHs8rDLSfdCDpZpuohBb_V8IJABZ7jPihmJEPjUuRFASrl7ahPzAq38xq8xl9Ekv8K_t09CqUQqQMBTUysr5mSvPcD_iO_Co1hXE515IS0=w426-h240-k-no,true,"https://www.google.com/maps/search/pediatrician+in+Sweetwater+Abilene+TX/@32.4534878,-99.7312829,14z",2026-02-10T21:56:38.190Z,Open 24 hours,Open 24 hours,Open 24 hours,Open 24 hours,Open 24 hours,Open 24 hours,Open 24 hours,,
https://www.google.com/maps/place/Baylor+Scott+%26+White+Urgent+Care%2B+Abilene+%28Catclaw%29/data=!4m7!3m6!1s0x86568c361850813b:0x90e4615b6ce5ef19!8m2!3d32.405569!4d-99.774958!16s%2Fg%2F1tdlvppz!19sChIJO4FQGDaMVoYRGe_lbFth5JA,Baylor Scott & White Urgent Care+ Abilene (Catclaw),4.6,1788,Urgent care center,"3802 Catclaw Dr, Abilene, TX 79606, United States","C64G+62 Abilene, Texas, USA",https://www.bswhealth.com/locations/urgent-care/uc-plus-abilene-catclaw?utm_source=google-mybusiness&utm_medium=organic&utm_campaign=UC+AbileneCatclaw&utm_content=main-website,+1 325-690-1500,,https://lh3.googleusercontent.com/p/AF1QipM7kxubnIClVtdkaNGMxJx_pOEbzHmwRYQ17CWA=w408-h242-k-no,true,"https://www.google.com/maps/search/pediatrician+in+Sweetwater+Abilene+TX/@32.4534878,-99.7312829,14z",2026-02-10T21:56:42.883Z,7 am–8 pm,7 am–8 pm,7 am–8 pm,7 am–8 pm,7 am–8 pm,7 am–8 pm,7 am–8 pm,,
https://www.google.com/maps/place/Abilene+Childrens+Medical+Association:+Shah+Tushar+M+MD/data=!4m7!3m6!1s0x8656927a12efc649:0xacc638bb33353259!8m2!3d32.3965694!4d-99.7165928!16s%2Fg%2F1vs1s90t!19sChIJScbvEnqSVoYRWTI1M7s4xqw,Abilene Childrens Medical Association: Shah Tushar M MD,,,Doctor,"414 Lone Star Dr Unit A, Abilene, TX 79602, United States","97WM+J9 Abilene, Texas, USA",http://www.acmapediatric.com/,+1 325-793-9973,,https://streetviewpixels-pa.googleapis.com/v1/thumbnail?panoid=ILtHZKG7tX7jYfJoWm0nxg&cb_client=search.gws-prod.gps&w=408&h=240&yaw=18.81681&pitch=0&thumbfov=100,false,"https://www.google.com/maps/search/pediatrician+in+Sweetwater+Abilene+TX/@32.4534878,-99.7312829,14z",2026-02-10T21:56:45.509Z,,,,,,,,,
https://www.google.com/maps/place/Allington+Dental/data=!4m7!3m6!1s0x86568f30d677e96b:0x47162aa10bd25a52!8m2!3d32.4300099!4d-99.7843388!16s%2Fg%2F11gx_r98xj!19sChIJa-l31jCPVoYRUlrSC6EqFkc,Allington Dental,4.0,322,Dentist,"4754 S 14th St, Abilene, TX 79605, United States","C6J8+27 Abilene, Texas, USA",https://allingtondental.com/locations/abilene-tx,+1 325-550-1503,Open · Closes 6 pm,https://lh3.googleusercontent.com/p/AF1QipNmooMeMsf7nP_rcg60vaWvHZzGhuA3xk04jeNP=w408-h544-k-no,true,"https://www.google.com/maps/search/pediatrician+in+Sweetwater+Abilene+TX/@32.4534878,-99.7312829,14z",2026-02-10T21:56:50.263Z,9 am–6 pm,9 am–6 pm,9 am–6 pm,9 am–6 pm,8 am–1 pm,Closed,9 am–6 pm,,
https://www.google.com/maps/place/Hendrick+Medical+Center/data=!4m7!3m6!1s0x86568f4cf6371397:0xa873e2c50a394f8f!8m2!3d32.4720179!4d-99.7331776!16s%2Fg%2F11f7hq8__y!19sChIJlxM39kyPVoYRj085CsXic6g,Hendrick Medical Center,2.7,287,Hospital,"1900 Pine St, Abilene, TX 79601, United States","F7C8+RP Abilene, Texas, USA",https://www.hendrickhealth.org/,+1 325-670-2000,Open 24 hours,https://lh3.googleusercontent.com/gps-cs-s/AHVAweprKlnMtMIW7PHqo8z62ERz9s15Kg6KzRhVOmOydBeovZdIJOoHbbS7qHW7aaxxe7GeEBJzH5q1zXw6CSp1u6tIYqgBcXHla3ATq2A9p9uO2C3rZ2sk6u-DdzCQh66NiI7cKJ1Gdw=w408-h544-k-no,true,"https://www.google.com/maps/search/pediatrician+in+Sweetwater+Abilene+TX/@32.4534878,-99.7312829,14z",2026-02-10T21:56:55.129Z,Open 24 hours,Open 24 hours,Open 24 hours,Open 24 hours,Open 24 hours,Open 24 hours,Open 24 hours,,
https://www.google.com/maps/place/Texas+Midwest+Surgery+Center/data=!4m7!3m6!1s0x8656915d94c9c43b:0xe6f21a3124ca646a!8m2!3d32.4692716!4d-99.7278988!16s%2Fg%2F11h88zfq8p!19sChIJO8TJlF2RVoYRamTKJDEa8uY,Texas Midwest Surgery Center,3.6,21,Hospital,"751 N 18th St, Abilene, TX 79601, United States","F79C+PR Abilene, Texas, USA",https://www.texasmidwest.com/,+1 325-677-6555,Open · Closes 5 pm,https://streetviewpixels-pa.googleapis.com/v1/thumbnail?panoid=wo_WYfI7_0DGpR5aEn8mIQ&cb_client=search.gws-prod.gps&w=408&h=240&yaw=175.71773&pitch=0&thumbfov=100,false,"https://www.google.com/maps/search/pediatrician+in+Sweetwater+Abilene+TX/@32.4534878,-99.7312829,14z",2026-02-10T21:57:00.169Z,6:30 am–5 pm,6:30 am–5 pm,6:30 am–5 pm,6:30 am–5 pm,Closed,Closed,6:30 am–5 pm,,
https://www.google.com/maps/place/Abilene+Childrens+Medical+Association:+Maslanka+Paul+J+MD/data=!4m7!3m6!1s0x8656927a12efc649:0xb80e1b38fd51e795!8m2!3d32.3965694!4d-99.7165928!16s%2Fg%2F1tksj6d7!19sChIJScbvEnqSVoYRledR_TgbDrg,Abilene Childrens Medical Association: Maslanka Paul J MD,,,Pediatrician,"414 Lone Star Dr Unit A, Abilene, TX 79602, United States","97WM+J9 Abilene, Texas, USA",http://acmapediatric.com/,+1 325-793-9973,,https://streetviewpixels-pa.googleapis.com/v1/thumbnail?panoid=ILtHZKG7tX7jYfJoWm0nxg&cb_client=search.gws-prod.gps&w=408&h=240&yaw=18.81681&pitch=0&thumbfov=100,false,"https://www.google.com/maps/search/pediatrician+in+Sweetwater+Abilene+TX/@32.4534878,-99.7312829,14z",2026-02-10T21:57:02.803Z,,,,,,,,,
https://www.google.com/maps/place/Amie+Keawmanee/data=!4m7!3m6!1s0x86568e2e07855555:0x10302e24ec22a317!8m2!3d32.456248!4d-99.736464!16s%2Fg%2F11rkj9dsp8!19sChIJVVWFBy6OVoYRF6Mi7CQuMBA,Amie Keawmanee,5.0,1,Nurse practitioner,"702 Hickory St # B, Abilene, TX 79601, United States","F747+FC Abilene, Texas, USA",,+1 325-701-8888,,https://streetviewpixels-pa.googleapis.com/v1/thumbnail?panoid=wJiRrLgiL_5H5wzYABDZvg&cb_client=search.gws-prod.gps&w=408&h=240&yaw=268.39572&pitch=0&thumbfov=100,false,"https://www.google.com/maps/search/pediatrician+in+Clyde+Abilene+TX/@32.4534878,-99.7312829,14z",2026-02-10T21:57:27.484Z,,,,,,,,,
https://www.google.com/maps/place/ResourceCare+Merkel/data=!4m7!3m6!1s0x865664949274bd31:0x81e023210dcbf920!8m2!3d32.4722699!4d-100.0114146!16s%2Fg%2F11hd9gn80m!19sChIJMb10kpRkVoYRIPnLDSEj4IE,ResourceCare Merkel,4.8,231,Medical clinic,"217 Edwards St, Merkel, TX 79536, United States","FXCQ+WC Merkel, Texas, USA",http://www.resourcecare.org/,+1 325-928-0014,Open · Closes 5 pm,https://streetviewpixels-pa.googleapis.com/v1/thumbnail?panoid=EHzCCwqoqb7PGpXJGU1pkQ&cb_client=search.gws-prod.gps&w=408&h=240&yaw=251.63719&pitch=0&thumbfov=100,true,"https://www.google.com/maps/search/pediatrician+in+Merkel+Abilene+TX/@32.4706777,-100.0128739,14z",2026-02-10T21:57:42.299Z,8 am–5 pm,8 am–5 pm,8 am–5 pm,8 am–5 pm,Closed,Closed,8 am–5 pm,,
https://www.google.com/maps/place/Merkel+Veterinary+Clinic/data=!4m7!3m6!1s0x865664bf25b2080f:0x233e832026f571d!8m2!3d32.48142!4d-100.0111409!16s%2Fg%2F1tcy4qt_!19sChIJDwiyJb9kVoYRHVdvAjLoMwI,Merkel Veterinary Clinic,4.8,129,Veterinarian,"1226 FM 126, Merkel, TX 79536, United States","FXJQ+HG Merkel, Texas, USA",,+1 325-928-5235,Open · Closes 5:30 pm,https://lh3.googleusercontent.com/gps-cs-s/AHVAweoByzDyrKUkAvi4tN23xjCkK6MvktJiwrm0QjWWrXpdDwPHFYMq26_HIiwmAsvIqimyKIxSGn_0YXv0KhmRnqPxin0h7KYcK3lTVSaHH1pTf-tm3tzruHahobqdw62ZdLv18T9iHEiGPL2q=w408-h614-k-no,true,"https://www.google.com/maps/search/pediatrician+in+Merkel+Abilene+TX/@32.4706777,-100.0128739,14z",2026-02-10T21:57:47.279Z,8:30 am–5:30 pm,8:30 am–5:30 pm,8:30 am–5:30 pm,8:30 am–5:30 pm,8 am–12 pm,Closed,8:30 am–5:30 pm,,
"https://www.google.com/maps/place/Sherron+L.+Torres,+APN/data=!4m7!3m6!1s0x865664e96012c595:0xaeebb1675026ceb7!8m2!3d32.4717023!4d-100.0193096!16s%2Fg%2F1tgcmq5g!19sChIJlcUSYOlkVoYRt84mUGex664","Sherron L. Torres, APN",3.0,2,Doctor,"1508 N 1st St St, Merkel, TX 79536, United States","FXCJ+M7 Merkel, Texas, USA",,+1 325-928-3313,,https://streetviewpixels-pa.googleapis.com/v1/thumbnail?panoid=PFbqe9Ugx4s_kPJDAXsAGw&cb_client=search.gws-prod.gps&w=408&h=240&yaw=12.494212&pitch=0&thumbfov=100,false,"https://www.google.com/maps/search/pediatrician+in+Merkel+Abilene+TX/@32.4706777,-100.0128739,14z",2026-02-10T21:57:49.884Z,,,,,,,,,
https://www.google.com/maps/place/Tran+Thuy+D+MD/data=!4m7!3m6!1s0x865664f0f0fd2ba9:0xa1ca9edc7340c12b!8m2!3d32.4612815!4d-100.0227805!16s%2Fg%2F1tq6khbs!19sChIJqSv98PBkVoYRK8FAc9yeyqE,Tran Thuy D MD,,,Doctor,"900 Avondale Dr, Merkel, TX 79536, United States","FX6G+GV Merkel, Texas, USA",,+1 325-928-4863,,https://streetviewpixels-pa.googleapis.com/v1/thumbnail?panoid=xORW4sTVsFOlQBSnqarT9g&cb_client=search.gws-prod.gps&w=408&h=240&yaw=268.51257&pitch=0&thumbfov=100,false,"https://www.google.com/maps/search/pediatrician+in+Merkel+Abilene+TX/@32.4706777,-100.0128739,14z",2026-02-10T21:57:52.526Z,,,,,,,,,
https://www.google.com/maps/place/Merkel+Family+Wellness+Clinic/data=!4m7!3m6!1s0x865664e96012c595:0x33127fedee2be596!8m2!3d32.4716911!4d-100.0193105!16s%2Fg%2F1tgcygtg!19sChIJlcUSYOlkVoYRluUr7u1_EjM,Merkel Family Wellness Clinic,,,Medical clinic,"1508 N 1st St St, Merkel, TX 79536, United States","FXCJ+M7 Merkel, Texas, USA",,+1 325-928-3313,,https://streetviewpixels-pa.googleapis.com/v1/thumbnail?panoid=PFbqe9Ugx4s_kPJDAXsAGw&cb_client=search.gws-prod.gps&w=408&h=240&yaw=12.871776&pitch=0&thumbfov=100,false,"https://www.google.com/maps/search/pediatrician+in+Merkel+Abilene+TX/@32.4706777,-100.0128739,14z",2026-02-10T21:58:01.852Z,,,,,,,,,
"https://www.google.com/maps/place/Yogeshkumar+Patel,+MD/data=!4m7!3m6!1s0x86568d72a5aa8995:0xe07ff87418dbf48e!8m2!3d32.376363!4d-99.748103!16s%2Fg%2F1tg4x7wh!19sChIJlYmqpXKNVoYRjvTbGHT4f-A","Yogeshkumar Patel, MD",3.9,87,Gastroenterologist,"14 Hospital Dr, Abilene, TX 79606, United States","97G2+GQ Abilene, Texas, USA",http://www.texasmidwestgastro.com/,+1 325-795-2100,Open · Closes 5 pm,https://lh3.googleusercontent.com/p/AF1QipPm9jJQBZoDkVLWPsAldoIdEl71-WdhXo8ZMnpg=w408-h553-k-no,true,"https://www.google.com/maps/search/pediatrician+in+Merkel+Abilene+TX/@32.4706777,-100.0128739,14z",2026-02-10T21:58:16.379Z,"8–11:30 am, 12:30–5 pm","8–11:30 am, 12:30–5 pm","8–11:30 am, 12:30–5 pm",8 am–12 pm,Closed,Closed,"8–11:30 am, 12:30–5 pm",,
"https://www.google.com/maps/place/Dr.+AP+Maggie+Shringer,+MD/data=!4m7!3m6!1s0x86568d12645129ef:0x31cf6459f58a391a!8m2!3d32.3730261!4d-99.7487421!16s%2Fg%2F1tfcz6xl!19sChIJ7ylRZBKNVoYRGjmK9VlkzzE","Dr. AP Maggie Shringer, MD",4.2,5,Allergist,"2100 Antilley Rd, Abilene, TX 79606, United States","97F2+6G Abilene, Texas, USA",http://abileneallergist.com/,+1 325-695-7200,Open · Closes 5 pm,https://streetviewpixels-pa.googleapis.com/v1/thumbnail?panoid=oeVjFY8_OsxlTtsJJOuacQ&cb_client=search.gws-prod.gps&w=408&h=240&yaw=28.499992&pitch=0&thumbfov=100,false,"https://www.google.com/maps/search/pediatrician+in+Merkel+Abilene+TX/@32.4706777,-100.0128739,14z",2026-02-10T21:58:21.084Z,8:30 am–5 pm,Closed,8:30 am–5 pm,8:30 am–5 pm,Closed,Closed,8:30 am–5 pm,,
"https://www.google.com/maps/place/West+Texas+Health,+PLLC+%7C+Primary+Care+%26+3D+Mammogram/data=!4m7!3m6!1s0x865691ea287bdec5:0x72131f860987b6ae!8m2!3d32.3720642!4d-99.743997!16s%2Fg%2F1vqth5_3!19sChIJxd57KOqRVoYRrraHCYYfE3I","West Texas Health, PLLC | Primary Care & 3D Mammogram",4.5,268,Medical clinic,"1665 Antilley Rd, Abilene, TX 79606, United States","97C4+RC Abilene, Texas, USA",https://www.westtexashealth.com/?utm_source=gmb,+1 325-399-3377,Open · Closes 5 pm,https://lh3.googleusercontent.com/gps-cs-s/AHVAweorJlW84yVrnoj812qLGZE7VkENYNY3d77eerMpwq8G8NKf9VNTTxKF6m-eVVC-VI3B7M4TjdRx13Uv_XdT3_n4nS-G5vD_A2MwnfA6ApgnczBXFHTVY6xSvhMKwlEJeQIl07yr=w408-h906-k-no,true,"https://www.google.com/maps/search/pediatrician+in+Merkel+Abilene+TX/@32.4706777,-100.0128739,14z",2026-02-10T21:58:25.975Z,8 am–5 pm,8 am–5 pm,8 am–5 pm,8 am–12 pm,Closed,Closed,8 am–5 pm,,
,,,,,,,,,,,,"https://www.google.com/maps/search/pediatrician+in+Buffalo+Gap+Abilene+TX/@32.2792968,-99.8300894,14z",2026-02-10T21:58:45.877Z,,,,,,,,,No new results found
"https://www.google.com/maps/place/Abilene+Family+Practice-Matthew+Wick,+MD/data=!4m7!3m6!1s0x8656927a3c012137:0x548ad39d418483bf!8m2!3d32.4656376!4d-99.7309676!16s%2Fg%2F1vzqsp4r!19sChIJNyEBPHqSVoYRv4OEQZ3TilQ","Abilene Family Practice-Matthew Wick, MD",4.1,34,Family practice physician,"1441 Pine St, Abilene, TX 79601, United States","F789+7J Abilene, Texas, USA",https://www.abilenefamilypractice.com/,+1 325-672-3252,Open · Closes 5 pm,https://streetviewpixels-pa.googleapis.com/v1/thumbnail?panoid=gWnxe15s9W2DM09ros-8eA&cb_client=search.gws-prod.gps&w=408&h=240&yaw=98.15997&pitch=0&thumbfov=100,true,"https://www.google.com/maps/search/pediatrician+in+Anson+Abilene+TX/@32.4534878,-99.7312829,14z",2026-02-10T21:59:07.470Z,8 am–5 pm,8 am–12 pm,8 am–5 pm,8 am–5 pm,Closed,Closed,8 am–5 pm,,
https://www.google.com/maps/place/Annie+Drachenberg/data=!4m7!3m6!1s0x86568e2f7ad00001:0xc8478014b8add5c7!8m2!3d32.4656587!4d-99.730975!16s%2Fg%2F11rkj8wqd9!19sChIJAQDQei-OVoYRx9WtuBSAR8g,Annie Drachenberg,3.9,7,Family practice physician,"1441 Pine St, Abilene, TX 796013534, United States","F789+7J Abilene, Texas, USA",https://www.abilenefamilypractice.com/,+1 325-672-3252,Open · Closes 5 pm,https://streetviewpixels-pa.googleapis.com/v1/thumbnail?panoid=gWnxe15s9W2DM09ros-8eA&cb_client=search.gws-prod.gps&w=408&h=240&yaw=94.4668&pitch=0&thumbfov=100,false,"https://www.google.com/maps/search/pediatrician+in+Anson+Abilene+TX/@32.4534878,-99.7312829,14z",2026-02-10T21:59:12.271Z,8 am–5 pm,8 am–5 pm,8 am–5 pm,8 am–5 pm,Closed,Closed,8 am–5 pm,,
https://www.google.com/maps/place/Dr.+Patricia+K.+Shirley/data=!4m7!3m6!1s0x86568e2c1713f8f1:0xfe37ca5ef4e00bc!8m2!3d32.4655856!4d-99.7310084!16s%2Fg%2F1z44b0903!19sChIJ8fgTFyyOVoYRvABO76V84w8,Dr. Patricia K. Shirley,3.6,14,Family practice physician,"1441 Pine St, Abilene, TX 79601, United States","F789+6H Abilene, Texas, USA",,+1 325-672-3252,Open · Closes 5:30 pm,https://streetviewpixels-pa.googleapis.com/v1/thumbnail?panoid=gWnxe15s9W2DM09ros-8eA&cb_client=search.gws-prod.gps&w=408&h=240&yaw=109.07226&pitch=0&thumbfov=100,true,"https://www.google.com/maps/search/pediatrician+in+Anson+Abilene+TX/@32.4534878,-99.7312829,14z",2026-02-10T21:59:16.982Z,8 am–5:30 pm,8 am–5:30 pm,8 am–5:30 pm,8 am–5:30 pm,9 am–12 pm,Closed,8 am–5:30 pm,,