placeUrl,title,rating,reviewCount,category,address,plusCode,website,phoneNumber,currentStatus,info,imgUrl,isClaimed,saturday,sunday,monday,tuesday,wednesday,thursday,friday,query,timestamp,attributes,isBlackOwned
https://www.google.com/maps/place/Kingdom+Electric/data=!4m7!3m6!1s0x8656919302f72853:0xcf0f3a5be626cfc2!8m2!3d32.4480866!4d-99.6983114!16s%2Fg%2F11h9w811_2!19sChIJUyj3ApORVoYRws8m5ls6D88,Kingdom Electric,4.6,100,Electrician,"1590 E Hwy 80, Abilene, TX 79601, United States","C8X2+6M Abilene, Texas, USA",https://www.kingdomelectrictx.com/,+1 325-232-8628,Open 24 hours,Identifies as women-owned,https://lh3.googleusercontent.com/p/AF1QipPqiYY5dFqa-s0pvupVZ2l-iQIeK48UhQGEb9g=w408-h306-k-no,true,Open 24 hours,Open 24 hours,Open 24 hours,Open 24 hours,Open 24 hours,Open 24 hours,Open 24 hours,"https://www.google.com/maps/search/generator+installation+services+in+Sweetwater+Abilene+TX/@32.4534878,-99.7312829,14z",2026-01-10T21:22:41.097Z,,
https://www.google.com/maps/place/Olympus+Electric+%26+Air/data=!4m7!3m6!1s0x86568ef28a465245:0x887a67144b998329!8m2!3d32.3987464!4d-99.7378641!16s%2Fg%2F11fxw6n1y2!19sChIJRVJGivKOVoYRKYOZSxRneog,Olympus Electric & Air,4.9,412,HVAC contractor,"1125 Energy Dr, Abilene, TX 79606, United States","97X6+FV Abilene, Texas, USA",https://olympuselectricandair.com/,+1 325-704-4346,"Open 24 hours

Confirmed by this business 6 weeks ago",,https://lh3.googleusercontent.com/p/AF1QipOPZF4Un4Gw4tLdOTvj9O-6R64_ljwXevU3af9D=w408-h839-k-no,true,Open 24 hours,Open 24 hours,Open 24 hours,Open 24 hours,Open 24 hours,Open 24 hours,Open 24 hours,"https://www.google.com/maps/search/generator+installation+services+in+Sweetwater+Abilene+TX/@32.4534878,-99.7312829,14z",2026-01-10T21:22:45.662Z,,
https://www.google.com/maps/place/Long+Electric+Co./data=!4m7!3m6!1s0x865691ef6033d9b3:0x27c4e3545177d9c!8m2!3d32.4482969!4d-99.71199!16s%2Fg%2F1tf2y6dl!19sChIJs9kzYO-RVoYRnH0XRTVOfAI,Long Electric Co.,4.3,24,Electrician,"781 E Hwy 80 E, Abilene, TX 79601, United States","C7XQ+86 Abilene, Texas, USA",http://www.longelectric.co/,+1 325-672-2112,,,https://lh3.googleusercontent.com/p/AF1QipO57PhquVxmJdtd6LCV597X1YX3cMvb6-TGU5Ma=w426-h240-k-no,true,,,,,,,,"https://www.google.com/maps/search/generator+installation+services+in+Sweetwater+Abilene+TX/@32.4534878,-99.7312829,14z",2026-01-10T21:22:48.380Z,,
https://www.google.com/maps/place/Texas+Oil+Electric+Inc/data=!4m7!3m6!1s0x86569193a96319fd:0xc1eff99351c016d7!8m2!3d32.4483896!4d-99.6981766!16s%2Fg%2F1tm1304f!19sChIJ_RljqZORVoYR1xbAUZP578E,Texas Oil Electric Inc,4.3,10,Oilfield,"1590 US Hwy 80, 1590 E Hwy 80 E, Abilene, TX 79601, United States","C8X2+9P Abilene, Texas, USA",http://texasoilelectric.com/?utm_source=google&utm_medium=wix_google_business_profile&utm_campaign=946516547866245443,+1 325-677-8681,Open 24 hours,Identifies as women-owned,https://lh3.googleusercontent.com/gps-cs-s/AG0ilSyg_q96xeOOiYTI3vg_hOascgh5Zl81UmFmmUwzrVqAixiyQ1IsDiIrgAbs6ycMNpu8xWILHT3yFVdv-54xTcESp5D8IDwYtr_dr1rbjTijjBJgdXWCIi7WBP5kdj9Pz86qqSXY9Q=w408-h306-k-no,true,Open 24 hours,Open 24 hours,Open 24 hours,Open 24 hours,Open 24 hours,Open 24 hours,Open 24 hours,"https://www.google.com/maps/search/generator+installation+services+in+Sweetwater+Abilene+TX/@32.4534878,-99.7312829,14z",2026-01-10T21:22:52.871Z,,
https://www.google.com/maps/place/Hooked+Up+Electric/data=!4m7!3m6!1s0x86569b4f87f81803:0x8eb15eae5464009d!8m2!3d32.4441433!4d-99.7347265!16s%2Fg%2F11qrk_7sq1!19sChIJAxj4h0-bVoYRnQBkVK5esY4,Hooked Up Electric,4.9,81,Electrician,"500 Chestnut St Ste 204, Abilene, TX 79602, United States","C7V8+M4 Abilene, Texas, USA",https://www.hookedupelectrictexas.com/?utm_source=gmb&utm_medium=siteclickabilene&utm_campaign=seo,+1 325-660-4493,Open 24 hours,,https://lh3.googleusercontent.com/p/AF1QipN0_O_1tIRQveFKC-FDFSrf2-45zAdJxsEjuEG-=w426-h240-k-no,true,Open 24 hours,Open 24 hours,Open 24 hours,Open 24 hours,Open 24 hours,Open 24 hours,Open 24 hours,"https://www.google.com/maps/search/generator+installation+services+in+Sweetwater+Abilene+TX/@32.4534878,-99.7312829,14z",2026-01-10T21:22:57.338Z,,
https://www.google.com/maps/place/Smith+Outdoor+Power+Equipment/data=!4m7!3m6!1s0x86568de3b6bac941:0xb7b0bd10291858b2!8m2!3d32.4277414!4d-99.7384696!16s%2Fg%2F1tdc5n00!19sChIJQcm6tuONVoYRslgYKRC9sLc,Smith Outdoor Power Equipment,4.4,276,Lawn mower store,"1801 Butternut St, Abilene, TX 79602, United States","C7H6+3J Abilene, Texas, USA",http://www.smithoutdoorpowerequipment.com/?utm_source=local&utm_medium=organic&utm_campaign=gbp,+1 325-672-6611,Closed · Opens 8 am Mon,,https://lh3.googleusercontent.com/gps-cs-s/AG0ilSxCWX7pvEXuMnh2gXro7RQiPj5V7V3tP1duk1GqtbqEAkm19QKuJSB4gs3Anh0XSKcBWOZODKpVmVp5up_uOR-Ag8tA93x8S6zxHQyu22Sg-OendoAgKD2Rc7TqkcYst0OaL5DA=w408-h306-k-no,true,8 am–12 pm,Closed,8 am–6 pm,8 am–6 pm,8 am–6 pm,8 am–6 pm,8 am–6 pm,"https://www.google.com/maps/search/generator+installation+services+in+Sweetwater+Abilene+TX/@32.4534878,-99.7312829,14z",2026-01-10T21:23:01.792Z,· In-store shopping · In-store pick-up · Delivery,
https://www.google.com/maps/place/Watson+Electric+%26+HVAC/data=!4m7!3m6!1s0x86568e141d1ab3cd:0x34273e3c28640508!8m2!3d32.4484426!4d-99.7403093!16s%2Fg%2F1tfb2dv6!19sChIJzbMaHRSOVoYRCAVkKDw-JzQ,Watson Electric & HVAC,4.1,13,Electrician,"126 Palm St, Abilene, TX 79602, United States","C7X5+9V Abilene, Texas, USA",https://www.watsonelectrictx.com/,+1 325-673-5382,Closed · Opens 8 am Mon,,https://lh3.googleusercontent.com/p/AF1QipM0sf-22MkptUmUxn_SNpyIpZejPUv7M-YfrDom=w408-h272-k-no,true,Closed,Closed,8 am–5 pm,8 am–5 pm,8 am–5 pm,8 am–5 pm,8 am–5 pm,"https://www.google.com/maps/search/generator+installation+services+in+Sweetwater+Abilene+TX/@32.4534878,-99.7312829,14z",2026-01-10T21:23:06.151Z,,
https://www.google.com/maps/place/Express+Electric/data=!4m7!3m6!1s0x86568de0454617fb:0xac0fa0935fd4d3e1!8m2!3d32.4259571!4d-99.7331307!16s%2Fg%2F1tl_m3wv!19sChIJ-xdGReCNVoYR4dPUX5OgD6w,Express Electric,3.6,37,Electrician,"1902 S Treadaway Blvd, Abilene, TX 79602, United States","C7G8+9P Abilene, Texas, USA",https://expresselectricabilene.com/,+1 325-518-5294,Closed · Opens 12 am Sun,Identifies as women-owned,https://lh3.googleusercontent.com/p/AF1QipMg1EtbTbcsa_KOetVsyq5WXFwmDBSw4eVLN-IQ=w408-h544-k-no,true,7 am–12:30 pm,Open 24 hours,7:30 am–5 pm,7:30 am–5:30 pm,7:30 am–5:30 pm,7:30 am–5 pm,7:30 am–5:30 pm,"https://www.google.com/maps/search/generator+installation+services+in+Sweetwater+Abilene+TX/@32.4534878,-99.7312829,14z",2026-01-10T21:23:10.764Z,,
https://www.google.com/maps/place/Lone+Star+Electric/data=!4m7!3m6!1s0x86568e1b99032607:0xce442ba050ec1564!8m2!3d32.4460361!4d-99.7298418!16s%2Fg%2F1tg7sfjm!19sChIJByYDmRuOVoYRZBXsUKArRM4,Lone Star Electric,5.0,8,Electrician,"301 Locust St, Abilene, TX 79602, United States","C7WC+C3 Abilene, Texas, USA",https://lonestarelectricabilene.com/,+1 325-677-0186,Closed · Opens 8 am Mon,,https://lh3.googleusercontent.com/p/AF1QipMhMxQSqhT0Og5xlESdaQUSPGvg4Q1XKROMxsug=w408-h250-k-no,true,Closed,Closed,8 am–5 pm,8 am–5 pm,8 am–5 pm,8 am–5 pm,8 am–5 pm,"https://www.google.com/maps/search/generator+installation+services+in+Sweetwater+Abilene+TX/@32.4534878,-99.7312829,14z",2026-01-10T21:23:15.479Z,,
https://www.google.com/maps/place/Wyatt+Electrical+Services/data=!4m7!3m6!1s0x86568e0934de7d27:0x64854da15e3842f0!8m2!3d32.4363964!4d-99.7382527!16s%2Fg%2F1vn9phtx!19sChIJJ33eNAmOVoYR8EI4XqFNhWQ,Wyatt Electrical Services,4.5,16,Electrician,"1149 Butternut St, Abilene, TX 79602, United States","C7P6+HM Abilene, Texas, USA",https://usmapiz.org/details/wyatt-electrical-services-ChIJJ33,+1 325-692-7838,Closed · Opens 8 am Mon,,https://streetviewpixels-pa.googleapis.com/v1/thumbnail?panoid=VZr4zJzVJIHG8U4TRlrs6g&cb_client=search.gws-prod.gps&w=408&h=240&yaw=81.79334&pitch=0&thumbfov=100,false,Closed,Closed,8 am–4:30 pm,8 am–4:30 pm,8 am–4:30 pm,8 am–4:30 pm,8 am–4:30 pm,"https://www.google.com/maps/search/generator+installation+services+in+Sweetwater+Abilene+TX/@32.4534878,-99.7312829,14z",2026-01-10T21:23:20.028Z,,
https://www.google.com/maps/place/Victory+Electrical/data=!4m7!3m6!1s0x86568fb16225ba13:0x50cfe77e76a55d84!8m2!3d32.4420971!4d-99.727251!16s%2Fg%2F11f5vdvn3y!19sChIJE7olYrGPVoYRhF2ldn7nz1A,Victory Electrical,5.0,9,Electrician,"402 S 7th St, Abilene, TX 79602, United States","C7RF+R3 Abilene, Texas, USA",https://victoryelectrical.net/,+1 325-788-0788,"Closed · Opens 8 am Mon

Confirmed by this business 8 weeks ago",,https://lh3.googleusercontent.com/p/AF1QipPbv5_Id96CWrvhh82DhaINoHm55AOi0AFO-DS-=w408-h306-k-no,true,Closed,Closed,8 am–5 pm,8 am–5 pm,8 am–5 pm,8 am–5 pm,8 am–5 pm,"https://www.google.com/maps/search/generator+installation+services+in+Sweetwater+Abilene+TX/@32.4534878,-99.7312829,14z",2026-01-10T21:23:24.350Z,,
https://www.google.com/maps/place/Royal+Electric+Co+Inc/data=!4m7!3m6!1s0x865691fe857aae65:0x33d4a33a2fc52f2d!8m2!3d32.4367183!4d-99.7199435!16s%2Fg%2F1td0nfp_!19sChIJZa56hf6RVoYRLS_FLzqj1DM,Royal Electric Co Inc,5.0,3,Electrician,"334 E South 11th St, Abilene, TX 79602, United States","C7PJ+M2 Abilene, Texas, USA",http://royalelectricabilene.com/,+1 325-673-6322,,,https://streetviewpixels-pa.googleapis.com/v1/thumbnail?panoid=8NahinGzJWHbSP-XzLsVpw&cb_client=search.gws-prod.gps&w=408&h=240&yaw=11.778876&pitch=0&thumbfov=100,false,,,,,,,,"https://www.google.com/maps/search/generator+installation+services+in+Sweetwater+Abilene+TX/@32.4534878,-99.7312829,14z",2026-01-10T21:23:26.765Z,,
https://www.google.com/maps/place/Hamilton+Supply+Co+Inc/data=!4m7!3m6!1s0x8656919332cdd98b:0x1d1e98e248a3ef79!8m2!3d32.4485556!4d-99.7008914!16s%2Fg%2F1wl4r04x!19sChIJi9nNMpORVoYRee-jSOKYHh0,Hamilton Supply Co Inc,4.5,127,Lawn mower store,"1364 E Hwy 80, Abilene, TX 79601, United States","C7XX+CJ Abilene, Texas, USA",http://www.hamsco.com/,+1 325-673-4556,Closed · Opens 8 am Mon,,https://lh3.googleusercontent.com/p/AF1QipPfauek-7-i8V81Z9Lp82PNjMgX14atf_utpgOR=w408-h306-k-no,true,Closed,Closed,8 am–5 pm,8 am–5 pm,8 am–5 pm,8 am–5 pm,8 am–5 pm,"https://www.google.com/maps/search/generator+installation+services+in+Sweetwater+Abilene+TX/@32.4534878,-99.7312829,14z",2026-01-10T21:23:31.317Z,· In-store shopping · In-store pick-up · Delivery,
https://www.google.com/maps/place/Abilene+Electric+Motor+Service+%26+Sales/data=!4m7!3m6!1s0x86568de5c8c1e517:0x34674bbe85eafab8!8m2!3d32.4218274!4d-99.7388724!16s%2Fg%2F1tdhfdwv!19sChIJF-XByOWNVoYRuPrqhb5LZzQ,Abilene Electric Motor Service & Sales,4.9,13,Electronic parts supplier,"2204 Butternut St, Abilene, TX 79602, United States","C7C6+PF Abilene, Texas, USA",,+1 325-673-3491,Closed · Opens 8 am Tue,,https://lh3.googleusercontent.com/gps-cs-s/AG0ilSzJRYwjmr3VFDlrzFWds5jo169Z2Q0VvKFtk8ZOUKi1BXXjermM2_b32JzNoiH3NNrFMN-Me7MYVACcTSk5TYcfEPbpDrpTgQ6hgGUiB10Gv1PQWfZTcGvVWz4CBzu5hYPnGG91=w408-h544-k-no,false,Closed,Closed,Closed,8 am–5 pm,8 am–5 pm,8 am–5 pm,Closed,"https://www.google.com/maps/search/generator+installation+services+in+Sweetwater+Abilene+TX/@32.4534878,-99.7312829,14z",2026-01-10T21:23:35.708Z,,
https://www.google.com/maps/place/Red%27s+Satellite+Service/data=!4m7!3m6!1s0x86568e058541bfe1:0x2568bb9919d9785e!8m2!3d32.4389993!4d-99.733797!16s%2Fg%2F11bbrl02yx!19sChIJ4b9BhQWOVoYRXnjZGZm7aCU,Red's Satellite Service,4.3,9,Hydraulic repair service,"934 Oak St, Abilene, TX 79602, United States","C7Q8+HF Abilene, Texas, USA",http://redssatelliteservice.com/,+1 325-676-4376,Closed · Opens 8 am Mon,Identifies as veteran-owned,https://lh3.googleusercontent.com/p/AF1QipPe-iGUMzXcxktpnn67X8Y7B7749KMTfmuhDS6r=w425-h240-k-no,true,Closed,Closed,8 am–5 pm,8 am–5 pm,8 am–5 pm,8 am–5 pm,8 am–5 pm,"https://www.google.com/maps/search/generator+installation+services+in+Sweetwater+Abilene+TX/@32.4534878,-99.7312829,14z",2026-01-10T21:23:40.174Z,,
https://www.google.com/maps/place/KD+Davis+Services/data=!4m7!3m6!1s0x86565da20b9caf1d:0x9c7a05e155344255!8m2!3d32.4518298!4d-99.7483076!16s%2Fg%2F11gy1p62fm!19sChIJHa-cC6JdVoYRVUI0VeEFepw,KD Davis Services,5.0,19,Electrician,"202 Graham St, Abilene, TX 79603, United States","F722+PM Abilene, Texas, USA",http://www.kddavisservices.com/,+1 325-660-2684,Closed · Opens 8 am Mon,,https://streetviewpixels-pa.googleapis.com/v1/thumbnail?panoid=aMejwRuMJc_8klA9wAdRkw&cb_client=search.gws-prod.gps&w=408&h=240&yaw=269.76923&pitch=0&thumbfov=100,true,8 am–1 pm,Closed,8 am–5 pm,8 am–5 pm,8 am–5 pm,8 am–5 pm,8 am–5 pm,"https://www.google.com/maps/search/generator+installation+services+in+Sweetwater+Abilene+TX/@32.4534878,-99.7312829,14z",2026-01-10T21:23:44.760Z,,
https://www.google.com/maps/place/Southwest+Enterprises+-+Electric+Motor+Repair+%26+Rewinding/data=!4m7!3m6!1s0x86568e0409c57d51:0x4f5afaa3c1328312!8m2!3d32.4469779!4d-99.6949032!16s%2Fg%2F11bw70v4pd!19sChIJUX3FCQSOVoYREoMywaP6Wk8,Southwest Enterprises - Electric Motor Repair & Rewinding,5.0,5,Electric motor repair shop,"1865 E Hwy 80, Abilene, TX 79601, United States","C8W4+Q2 Abilene, Texas, USA",https://texaselectricmotorsales.com/?utm_source=gmb&utm_medium=organic,+1 325-677-7300,Closed · Opens 8 am Mon,,https://lh3.googleusercontent.com/p/AF1QipMae2RiE6MZqvFpDdUvEr_TBHPQnCe0aRoJXvq9=w408-h271-k-no,true,Closed,Closed,8 am–5 pm,8 am–5 pm,8 am–5 pm,8 am–5 pm,8 am–5 pm,"https://www.google.com/maps/search/generator+installation+services+in+Sweetwater+Abilene+TX/@32.4534878,-99.7312829,14z",2026-01-10T21:23:49.182Z,,
https://www.google.com/maps/place/A-1+Starter+%26+Alternator/data=!4m7!3m6!1s0x86568e29a6803f71:0xd6b95308fffd0ecb!8m2!3d32.4690677!4d-99.72557!16s%2Fg%2F1tjfh7wg!19sChIJcT-ApimOVoYRyw79_whTudY,A-1 Starter & Alternator,4.8,80,Car repair and maintenance service,"1717 N Treadaway Blvd, Abilene, TX 79601, United States","F79F+JQ Abilene, Texas, USA",http://www.a1starter.com/,+1 325-672-2853,Closed · Opens 8 am Mon,,https://streetviewpixels-pa.googleapis.com/v1/thumbnail?panoid=kSefAn0OxgOztFPrpJsLtw&cb_client=search.gws-prod.gps&w=408&h=240&yaw=97.637856&pitch=0&thumbfov=100,true,Closed,Closed,8 am–5 pm,8 am–5 pm,8 am–5 pm,8 am–5 pm,8 am–5 pm,"https://www.google.com/maps/search/generator+installation+services+in+Sweetwater+Abilene+TX/@32.4534878,-99.7312829,14z",2026-01-10T21:23:53.746Z,,
https://www.google.com/maps/place/Schematic+Electric+LLC/data=!4m7!3m6!1s0x86568c257a68409d:0x95f496a4ffd94f06!8m2!3d32.2700784!4d-99.880551!16s%2Fg%2F11gfhghzvj!19sChIJnUBoeiWMVoYRBk_Z_6SW9JU,Schematic Electric LLC,,,Electrician,,,http://www.schematicelectricllc.com/,+1 325-455-1550,Closes soon · 3:30 pm · Opens 7 am Mon,,https://lh3.googleusercontent.com/p/AF1QipOXG2mDIqIyLcFABwmSaSrI0P9r5HUGyT__7ww6=w408-h725-k-no,true,8:30 am–3:30 pm,Closed,7 am–5 pm,7 am–5 pm,7 am–5:30 pm,7 am–5 pm,7 am–5 pm,"https://www.google.com/maps/search/generator+installation+services+in+Sweetwater+Abilene+TX/@32.4534878,-99.7312829,14z",2026-01-10T21:23:57.957Z,,
https://www.google.com/maps/place/Edison+Electricians+of+Abilene/data=!4m7!3m6!1s0x86568f032bb0a79d:0xb7a873e777aba1d5!8m2!3d32.4490637!4d-99.7853385!16s%2Fg%2F11fl12p_l_!19sChIJnaewKwOPVoYR1aGrd-dzqLc,Edison Electricians of Abilene,5.0,3,Electrician,"209 S Danville Dr Ste A103, Abilene, TX 79605, United States","C6X7+JV Abilene, Texas, USA",,+1 325-238-9726,,,https://streetviewpixels-pa.googleapis.com/v1/thumbnail?panoid=ZQuGhbEe4tJt4BcJWplmfg&cb_client=search.gws-prod.gps&w=408&h=240&yaw=46.54819&pitch=0&thumbfov=100,false,,,,,,,,"https://www.google.com/maps/search/generator+installation+services+in+Sweetwater+Abilene+TX/@32.4534878,-99.7312829,14z",2026-01-10T21:24:00.311Z,,
"https://www.google.com/maps/place/Solar+Supply+Inc/@32.4525551,-99.729244,17z/data=!3m1!4b1!4m6!3m5!1s0x86568e03422115d7:0x43d19277d644508e!8m2!3d32.4525551!4d-99.729244!16s%2Fg%2F1261dg6td",Solar Supply Inc,4.5,11,Air conditioning contractor,"710 N 4th St, Abilene, TX 79601, United States","F73C+28 Abilene, Texas, USA",http://www.solarsupply.us/,+1 325-672-5515,Closed · Opens 8 am Mon,,,false,Closed,Closed,8 am–5 pm,8 am–5 pm,8 am–5 pm,8 am–5 pm,8 am–5 pm,"https://www.google.com/maps/search/generator+installation+services+in+Sweetwater+Abilene+TX/@32.4534878,-99.7312829,14z",2026-01-10T21:24:07.098Z,,
"https://www.google.com/maps/place/TGM+Wind+Services+,+LLC/@32.4420055,-99.7120553,17z/data=!3m1!4b1!4m6!3m5!1s0x86568e00d98639d3:0x50846f2ba0c4571f!8m2!3d32.4420055!4d-99.7120553!16s%2Fg%2F1tdfz3_t","TGM Wind Services , LLC",5.0,1,Machine maintenance service,"809 T and P Ln, Abilene, TX 79602, United States","C7RQ+R5 Abilene, Texas, USA",http://www.tgmwind.com/,+1 888-958-0499,Closed · Opens 8 am Mon,,,true,Closed,Closed,8 am–5 pm,8 am–5 pm,8 am–5 pm,8 am–5 pm,8 am–3:30 pm,"https://www.google.com/maps/search/generator+installation+services+in+Sweetwater+Abilene+TX/@32.4534878,-99.7312829,14z",2026-01-10T21:24:13.368Z,,
https://www.google.com/maps/place/Alternator+Starter+Exchange/data=!4m7!3m6!1s0x86568e99a4ce4565:0x5884d18ed54637a0!8m2!3d32.4363814!4d-99.7863687!16s%2Fg%2F1tmxw_v8!19sChIJZUXOpJmOVoYRoDdG1Y7RhFg,Alternator Starter Exchange,4.9,15,Auto parts store,"1295 S Danville Dr, Abilene, TX 79605, United States","C6P7+HF Abilene, Texas, USA",https://online-ase.com/,+1 325-695-2132,Closed · Opens 8 am Mon,,https://streetviewpixels-pa.googleapis.com/v1/thumbnail?panoid=XkTne2urW5PNVgk6ELwgdA&cb_client=search.gws-prod.gps&w=408&h=240&yaw=108.191216&pitch=0&thumbfov=100,false,Closed,Closed,8 am–5 pm,8 am–5 pm,8 am–5 pm,8 am–5 pm,8 am–5 pm,"https://www.google.com/maps/search/generator+installation+services+in+Sweetwater+Abilene+TX/@32.4534878,-99.7312829,14z",2026-01-10T21:24:17.925Z,,
https://www.google.com/maps/place/Armstrong+Electrical+Supply+Co/data=!4m7!3m6!1s0x86568e1c6523120d:0xcd5b51f2dd4c7c59!8m2!3d32.4464661!4d-99.7280364!16s%2Fg%2F1tf24hk3!19sChIJDRIjZRyOVoYRWXxM3fJRW80,Armstrong Electrical Supply Co,4.6,20,Electrical supply store,"510 S 3rd St, Abilene, TX 79602, United States","C7WC+HQ Abilene, Texas, USA",http://armstrongelectricalsupply.com/,+1 325-672-5676,Closed · Opens 7:30 am Mon,,https://streetviewpixels-pa.googleapis.com/v1/thumbnail?panoid=-m25GU6WqD2Z6JEOOHHBow&cb_client=search.gws-prod.gps&w=408&h=240&yaw=340.466&pitch=0&thumbfov=100,true,9 am–12 pm,Closed,7:30 am–5 pm,7:30 am–5 pm,7:30 am–5 pm,7:30 am–5 pm,7:30 am–5 pm,"https://www.google.com/maps/search/generator+installation+services+in+Sweetwater+Abilene+TX/@32.4534878,-99.7312829,14z",2026-01-10T21:24:22.229Z,· In-store shopping · In-store pick-up · Delivery,
"https://www.google.com/maps/place/Walker+Engineering,+Inc./data=!4m7!3m6!1s0x86568da501bcaec1:0xeed16b53f7132d20!8m2!3d32.396007!4d-99.724527!16s%2Fg%2F11y0pn0zpk!19sChIJwa68AaWNVoYRIC0T91Nr0e4","Walker Engineering, Inc.",,,Electrician,"4617 Maple St, Abilene, TX 79602, United States","97WG+C5 Abilene, Texas, USA",https://www.walkertx.com/,+1 817-540-7777,Closed · Opens 7 am Mon,,https://lh3.googleusercontent.com/p/AF1QipPrWxA-gi9qvqxXUtGcL2VBDe85HTY-Ay4tcMs3=w408-h291-k-no,true,Closed,Closed,7 am–3 pm,7 am–3 pm,7 am–3 pm,7 am–3 pm,7 am–3 pm,"https://www.google.com/maps/search/generator+installation+services+in+Sweetwater+Abilene+TX/@32.4534878,-99.7312829,14z",2026-01-10T21:24:26.502Z,,
"https://www.google.com/maps/place/MD+Electric,+LLC/data=!4m7!3m6!1s0x4ab5de6a9541a499:0xe0c4404875ddac8a!8m2!3d37.8812401!4d-91.786064!16s%2Fg%2F11r_w8_s6m!19sChIJmaRBlWretUoRiqzddUhAxOA","MD Electric, LLC",4.8,25,Electrician,,,http://www.mdelectrictx.com/,+1 325-829-2481,Open · Closes 5 pm,,https://lh3.googleusercontent.com/p/AF1QipNHzmmL0Y1g-nc-8f4xRAe8hQbY_YxTUjr88u_d=w408-h306-k-no,true,7:30 am–5 pm,Closed,7:30 am–5 pm,7:30 am–5 pm,7:30 am–5 pm,7:30 am–5 pm,7:30 am–5 pm,"https://www.google.com/maps/search/generator+installation+services+in+Sweetwater+Abilene+TX/@32.4534878,-99.7312829,14z",2026-01-10T21:24:30.848Z,,
https://www.google.com/maps/place/Summit+Electric+Supply/data=!4m7!3m6!1s0x86568dea4c44d9e3:0xde7153dba3c0e1!8m2!3d32.4119308!4d-99.742836!16s%2Fg%2F1hd_d8b3b!19sChIJ49lETOqNVoYR4cCj21Nx3gA,Summit Electric Supply,5.0,6,Electrical supply store,"3202 S Treadaway Blvd, Abilene, TX 79602, United States","C764+QV Abilene, Texas, USA",https://www.summit.com/locations/service-centers/Abilene-Texas,+1 325-691-9600,Closed · Opens 7:30 am Mon,,https://streetviewpixels-pa.googleapis.com/v1/thumbnail?panoid=ROauq0jn9oSPc2sGv06HYw&cb_client=search.gws-prod.gps&w=408&h=240&yaw=276.87872&pitch=0&thumbfov=100,true,Closed,Closed,7:30 am–4:30 pm,7:30 am–4:30 pm,7:30 am–4:30 pm,7:30 am–4:30 pm,7:30 am–4:30 pm,"https://www.google.com/maps/search/generator+installation+services+in+Sweetwater+Abilene+TX/@32.4534878,-99.7312829,14z",2026-01-10T21:24:35.315Z,· In-store pick-up · Delivery,
https://www.google.com/maps/place/King+Electrical+Solutions/data=!4m7!3m6!1s0x63047f1cacf2a4bd:0x87333cd584ce2250!8m2!3d32.2697055!4d-100.9464239!16s%2Fg%2F11l6vwgcyr!19sChIJvaTyrBx_BGMRUCLOhNU8M4c,King Electrical Solutions,5.0,28,Electrician,,,https://kingelectricaltx.com/,+1 325-330-2668,Closed · Opens 8 am Mon,,https://lh3.googleusercontent.com/p/AF1QipOdz15vdvl4eoIb7iQAuWnd09wcyLBtcQA8GzQ6=w408-h408-k-no,true,Closed,Closed,8 am–5 pm,8 am–5 pm,8 am–5 pm,8 am–5 pm,8 am–5 pm,"https://www.google.com/maps/search/generator+installation+services+in+Sweetwater+Abilene+TX/@32.4534878,-99.7312829,14z",2026-01-10T21:24:39.743Z,,
https://www.google.com/maps/place/Harbor+Freight/data=!4m7!3m6!1s0x86568e677f35de3b:0xf43821ffdcea2943!8m2!3d32.451509!4d-99.75964!16s%2Fg%2F1tdv_962!19sChIJO941f2eOVoYRQynq3P8hOPQ,Harbor Freight,4.4,1106,Hardware store,"3112 N 1st St, Abilene, TX 79603, United States","F62R+J4 Abilene, Texas, USA",https://www.harborfreight.com/storelocator/3112-north-first-street-abilene-79603?number=67,+1 325-675-5211,Open · Closes 8 pm,,https://lh3.googleusercontent.com/gps-cs-s/AG0ilSwQkkHaF7GJsc54SxXOyE8BBnxCVlXuI-WYRF4cFJ-ScLnCGlFQnvqm57RNdQWM2B6CltACFESph_SmhEd8dfO0-O-EYeu__0Cp85cokx1y-TMBpTA1ZrCh8Aywoo3MsH7UiQU=w408-h306-k-no,true,8 am–8 pm,9 am–6 pm,8 am–8 pm,8 am–8 pm,8 am–8 pm,8 am–8 pm,8 am–8 pm,"https://www.google.com/maps/search/generator+installation+services+in+Sweetwater+Abilene+TX/@32.4534878,-99.7312829,14z",2026-01-10T21:24:44.371Z,"Retail chain carrying a wide range of tools, hardware & other products for the home, garden & car. · In-store pick-up",
"https://www.google.com/maps/place/Reliant+Energy/@32.4838865,-99.745403,11z/data=!3m1!4b1!4m6!3m5!1s0x86568f53ddc90cd3:0xa033b08bcbe57bb7!8m2!3d32.4838865!4d-99.745403!16s%2Fg%2F11j24chvjq",Reliant Energy,4.0,138,Electric utility company,,,https://www.reliant.com/en/areas-we-serve/abilene-electricity.jsp?sid=AOS_1603121854&utm_source=local&utm_medium=organic&utm_campaign=gmb_retail,+1 866-222-7100,Open 24 hours,,,true,Open 24 hours,Open 24 hours,Open 24 hours,Open 24 hours,Open 24 hours,Open 24 hours,Open 24 hours,"https://www.google.com/maps/search/generator+installation+services+in+Sweetwater+Abilene+TX/@32.4534878,-99.7312829,14z",2026-01-10T21:24:50.650Z,,
https://www.google.com/maps/place/Warren+CAT+Rental+Power/data=!4m7!3m6!1s0x86568d95d4fa0ded:0x3f2e1695485435bf!8m2!3d32.4068476!4d-99.7102837!16s%2Fg%2F11jnt6wg6b!19sChIJ7Q361JWNVoYRvzVUSJUWLj8,Warren CAT Rental Power,,,General contractor,"3619 Loop 322, Abilene, TX 79602, United States","C74Q+PV Abilene, Texas, USA",https://www.warrencat.com/g/abilene_rental_power/,+1 325-692-0796,Closed · Opens 7:30 am Mon,,https://lh3.googleusercontent.com/p/AF1QipPbnMtn_0Vg6YcBEGZqgaWVb0ZSn2Sn7Y3unAfd=w426-h240-k-no,true,Closed,Closed,7:30 am–5:30 pm,7:30 am–5:30 pm,7:30 am–5:30 pm,7:30 am–5:30 pm,7:30 am–5:30 pm,"https://www.google.com/maps/search/generator+installation+services+in+Sweetwater+Abilene+TX/@32.4534878,-99.7312829,14z",2026-01-10T21:24:55.292Z,,
"https://www.google.com/maps/place/Mulltex+Mechanical+Inc/@32.4502676,-99.7987864,17z/data=!3m1!4b1!4m6!3m5!1s0x86568ec7a3d7902f:0xa313fe9f5ad7c585!8m2!3d32.4502676!4d-99.7987864!16s%2Fg%2F1tg35my6",Mulltex Mechanical Inc,5.0,4,Heating contractor,"251 S Main St, Abilene, TX 79605, United States","F622+4F Abilene, Texas, USA",,+1 325-691-1612,,,,true,,,,,,,,"https://www.google.com/maps/search/generator+installation+services+in+Sweetwater+Abilene+TX/@32.4534878,-99.7312829,14z",2026-01-10T21:24:59.520Z,,
https://www.google.com/maps/place/Roy+Willis+Electric+Co/data=!4m7!3m6!1s0x86568dbb78878fab:0x9a001a0682894e14!8m2!3d32.3991661!4d-99.7514694!16s%2Fg%2F1tf_hv09!19sChIJq4-HeLuNVoYRFE6JggYaAJo,Roy Willis Electric Co,5.0,1,Electrician,"4242 Sayles Blvd, Abilene, TX 79605, United States","96XX+MC Abilene, Texas, USA",https://www.williselectriclp.com/,+1 325-698-3444,,,https://streetviewpixels-pa.googleapis.com/v1/thumbnail?panoid=SDmRtKvfPlRPCd7kpjFU9Q&cb_client=search.gws-prod.gps&w=408&h=240&yaw=268.87747&pitch=0&thumbfov=100,false,,,,,,,,"https://www.google.com/maps/search/generator+installation+services+in+Sweetwater+Abilene+TX/@32.4534878,-99.7312829,14z",2026-01-10T21:25:01.861Z,,
https://www.google.com/maps/place/JAB+Electric+Heating+%26+Cooling+LLC/data=!4m7!3m6!1s0x8656231fce6b3413:0xe9beea9ea46ddf10!8m2!3d32.4688083!4d-100.4014928!16s%2Fg%2F11r_y5clb2!19sChIJEzRrzh8jVoYREN9tpJ7qvuk,JAB Electric Heating & Cooling LLC,4.8,31,Electrical installation service,"310 E Ave C, Sweetwater, TX 79556, United States","FH9X+GC Sweetwater, Texas, USA",,,Open 24 hours,,https://lh3.googleusercontent.com/p/AF1QipO8Z2BeS8jlEwnNPRCaOaZHUCPO-pZyzBMdjkFi=w408-h306-k-no,true,Open 24 hours,Open 24 hours,Open 24 hours,Open 24 hours,Open 24 hours,Open 24 hours,Open 24 hours,"https://www.google.com/maps/search/generator+installation+services+in+Sweetwater+Abilene+TX/@32.4534878,-99.7312829,14z",2026-01-10T21:25:06.289Z,,
https://www.google.com/maps/place/Automatic+Fire+Protection/data=!4m7!3m6!1s0x86568e49f262cd1b:0x5405297aecbba12e!8m2!3d32.468811!4d-99.7466012!16s%2Fg%2F1tklqzgz!19sChIJG81i8kmOVoYRLqG77HopBVQ,Automatic Fire Protection,5.0,1,Fire protection equipment supplier,"1613 Lillius St, Abilene, TX 79603, United States","F793+G9 Abilene, Texas, USA",,+1 325-673-3600,,,https://lh3.googleusercontent.com/gps-cs-s/AG0ilSz7RMeDK4a0-CdmeFsti6oJZPeGSPGI0RuHe4dFLkjvSfAZn_R5DyJeIFOQpQIfF5MP5s3784FwUDbbXoy1cI0MNEq8Ti1XBpHc3J1GmOnxgW2QWtxopq-QCVCKBRUwKjfEEi4=w408-h544-k-no,false,,,,,,,,"https://www.google.com/maps/search/generator+installation+services+in+Sweetwater+Abilene+TX/@32.4534878,-99.7312829,14z",2026-01-10T21:25:08.641Z,,
https://www.google.com/maps/place/Circle+P+Electric/data=!4m7!3m6!1s0x8656f295c8ebffff:0xee22b5824f18a5a1!8m2!3d32.4185238!4d-99.7420986!16s%2Fg%2F11s0skt8n9!19sChIJ___ryJXyVoYRoaUYT4K1Iu4,Circle P Electric,,,Contractor,"2525 Jeanette St, Abilene, TX 79602, United States","C795+C5 Abilene, Texas, USA",http://circlepelectric.com/,+1 325-721-2054,Closed · Opens 7 am Mon,,https://streetviewpixels-pa.googleapis.com/v1/thumbnail?panoid=SmFWGXCRlMXiClDM9Wco_A&cb_client=search.gws-prod.gps&w=408&h=240&yaw=92.86022&pitch=0&thumbfov=100,true,Closed,Closed,7 am–5 pm,7 am–5 pm,7 am–5 pm,7 am–5 pm,7 am–5 pm,"https://www.google.com/maps/search/generator+installation+services+in+Sweetwater+Abilene+TX/@32.4534878,-99.7312829,14z",2026-01-10T21:25:12.979Z,,
https://www.google.com/maps/place/United+Rentals/data=!4m7!3m6!1s0x86568dfc5ad48cb9:0x9d92b308a701880d!8m2!3d32.4279639!4d-99.731416!16s%2Fg%2F1td38nnm!19sChIJuYzUWvyNVoYRDYgBpwizkp0,United Rentals,3.2,20,Equipment rental agency,"1766 S Treadaway Blvd, Abilene, TX 79602, United States","C7H9+5C Abilene, Texas, USA",https://www.unitedrentals.com/locations/tx/abilene/equipment-tool-rentals/d59?utm_source=google&utm_medium=distrib&utm_campaign=yext,+1 325-672-0934,"Closed · Opens 7 am Mon

Confirmed by this business 5 weeks ago",,https://lh3.googleusercontent.com/p/AF1QipM68_36hjG87d3Z4iTC-lRlOGV3xxHLExBxmQzd=w426-h240-k-no,true,Closed,Closed,7 am–5 pm,7 am–5 pm,7 am–5 pm,7 am–5 pm,7 am–5 pm,"https://www.google.com/maps/search/generator+installation+services+in+Sweetwater+Abilene+TX/@32.4534878,-99.7312829,14z",2026-01-10T21:25:17.375Z,,
https://www.google.com/maps/place/Installation+Services/data=!4m7!3m6!1s0x865691b307aaaaab:0x735120fa3a58e8ca!8m2!3d32.4760944!4d-99.6929657!16s%2Fg%2F11f5h387xx!19sChIJq6qqB7ORVoYRyuhYOvogUXM,Installation Services,,,Contractor,"1634 Musgrave Blvd, Abilene, TX 79601, United States","F8G4+CR Abilene, Texas, USA",https://www.lowes.com/l/lowes-home-services.html?cm_mmc=lod-_-c-_-lcl-_-ext-_-yxt-_-go-_-2719-_-na-_-0-_-0,,,,https://lh3.googleusercontent.com/p/AF1QipPHufPke77umx7KDqTw4Q6SqmGg_tQdfx5heNiF=w408-h271-k-no,true,,,,,,,,"https://www.google.com/maps/search/generator+installation+services+in+Sweetwater+Abilene+TX/@32.4534878,-99.7312829,14z",2026-01-10T21:25:19.663Z,,
https://www.google.com/maps/place/Tractor+Supply+Co./data=!4m7!3m6!1s0x8656905237ddcffd:0xbef4b92f3a90e65a!8m2!3d32.4834276!4d-99.6851267!16s%2Fg%2F11bwyymvtc!19sChIJ_c_dN1KQVoYRWuaQOi-59L4,Tractor Supply Co.,4.5,350,Animal feed store,"2249 TX-351, Abilene, TX 79601, United States","F8M7+9W Abilene, Texas, USA",https://www.tractorsupply.com/tsc/store_Abilene-TX-79601_1927,+1 325-672-2179,"Open · Closes 8 pm

Updated by this business 1 week ago",,https://lh3.googleusercontent.com/p/AF1QipOItbnqZNpT38DmyE7629-wvmVpafVXATEc8odb=w578-h240-k-no,true,8 am–8 pm,9 am–7 pm,8 am–8 pm,8 am–8 pm,8 am–8 pm,8 am–8 pm,8 am–8 pm,"https://www.google.com/maps/search/generator+installation+services+in+Sweetwater+Abilene+TX/@32.4534878,-99.7312829,14z",2026-01-10T21:25:24.203Z,"Chain with a wide variety of agricultural & livestock supplies, plus tools, workwear & boots. · In-store shopping · Kerbside pickup · Delivery",
https://www.google.com/maps/place/Grade+A+Electrical+Service+LLC/data=!4m7!3m6!1s0x34172431761e69d:0x98241ac7995be58c!8m2!3d32.73436!4d-98.2403745!16s%2Fg%2F11rn7yyc57!19sChIJneZhF0NyQQMRjOVbmccaJJg,Grade A Electrical Service LLC,5.0,1,Electrician,,,https://www.facebook.com/Gradeaelectricalservice/,+1 830-469-5658,Closed · Opens 8 am Mon,,https://lh3.googleusercontent.com/p/AF1QipMNCL9n_J6-saSx6baS-tzp76PZbVQcvEAANqAu=w445-h240-k-no,true,Closed,Closed,8 am–5 pm,8 am–5 pm,8 am–5 pm,8 am–5 pm,8 am–5 pm,"https://www.google.com/maps/search/generator+installation+services+in+Sweetwater+Abilene+TX/@32.4534878,-99.7312829,14z",2026-01-10T21:25:28.699Z,,
https://www.google.com/maps/place/Graybar/data=!4m7!3m6!1s0x86568dfdd8ef9603:0xf4cfd73f83291bf!8m2!3d32.4293692!4d-99.7289126!16s%2Fg%2F1tht1wbr!19sChIJA5bv2P2NVoYRv5Ey-HP9TA8,Graybar,4.3,8,Electrical supply store,"1601 S Treadaway Blvd, Abilene, TX 79602, United States","C7HC+PC Abilene, Texas, USA",https://www.graybar.com/store-finder?utm_source=rioseo&utm_medium=organic&utm_content=google-locations&utm_campaign=rioseo-ABTX&cm_mmc=rioseo:organic-_-google-_-locations-_-ABTX,+1 325-794-2100,,,https://lh3.googleusercontent.com/gps-cs-s/AG0ilSw9XoG-LV4a9L-NCtplC4JgdEpYHumZLmnGbSYc6-GgQIQNpoL75t1IYTob2yjvMaNjXoHVk0kWYhBXHSuV8qny5Xf0Q6IHTbs0Tsphsp-7rgqtA88aLavo02HoG5htDPeP2L_H=w408-h306-k-no,true,,,,,,,,"https://www.google.com/maps/search/generator+installation+services+in+Sweetwater+Abilene+TX/@32.4534878,-99.7312829,14z",2026-01-10T21:25:33.067Z,· In-store pick-up,
https://www.google.com/maps/place/Zephyr+Wind+Parts/data=!4m7!3m6!1s0x8656893e4db175f3:0x2137bb4bdf0c7a6b!8m2!3d32.4571859!4d-99.8130859!16s%2Fg%2F11tdqwg6j1!19sChIJ83WxTT6JVoYRa3oM30u7NyE,Zephyr Wind Parts,,,Wind turbine builder,"6557 5 Points Pkwy, Abilene, TX 79603, United States","F54P+VQ Abilene, Texas, USA",http://www.zwinds.com/,+1 877-313-1156,Closed · Opens 8 am Mon,,https://streetviewpixels-pa.googleapis.com/v1/thumbnail?panoid=BQ43S-clrtgQtqMf0dYzlg&cb_client=search.gws-prod.gps&w=408&h=240&yaw=185.51012&pitch=0&thumbfov=100,false,Closed,Closed,8 am–4 pm,8 am–4 pm,8 am–4 pm,8 am–4 pm,8 am–4 pm,"https://www.google.com/maps/search/generator+installation+services+in+Sweetwater+Abilene+TX/@32.4534878,-99.7312829,14z",2026-01-10T21:25:37.247Z,,
https://www.google.com/maps/place/Wild+Bill%27s+Pawn+%234/data=!4m7!3m6!1s0x86568c3166209dab:0x6b349d50f8481f76!8m2!3d32.4138949!4d-99.7748139!16s%2Fg%2F1vhkkz9q!19sChIJq50gZjGMVoYRdh9I-FCdNGs,Wild Bill's Pawn #4,4.6,197,Pawn shop,"3117 S Danville Dr, Abilene, TX 79605, United States","C67G+H3 Abilene, Texas, USA",https://www.firstcash.com/,+1 325-692-7296,"Open · Closes 7 pm

Confirmed by this business 6 weeks ago",,https://lh3.googleusercontent.com/gps-cs-s/AG0ilSzoplaz9rno7ZUvhC59eunTHYhjPS-5-Ha7Gkc_uq9nMiLBxKmb9xp_FlYRODVzRlYpexYGpBL6UuOgtbsx8MFhv1K0y2CrPsYvA4hKV8llbSLpNKi0SNCe3aMFhVss6FoWu20WCw=w408-h306-k-no,true,9 am–7 pm,12–5 pm,9 am–7 pm,9 am–7 pm,9 am–7 pm,9 am–7 pm,9 am–7 pm,"https://www.google.com/maps/search/generator+installation+services+in+Sweetwater+Abilene+TX/@32.4534878,-99.7312829,14z",2026-01-10T21:25:41.725Z,· In-store shopping · In-store pick-up,
https://www.google.com/maps/place/The+Home+Depot/data=!4m7!3m6!1s0x86568c393f47a7ff:0x7cd2b3b810a84f68!8m2!3d32.409318!4d-99.7833801!16s%2Fg%2F1tdjxf9h!19sChIJ_6dHPzmMVoYRaE-oELiz0nw,The Home Depot,4.2,1626,Home improvement store,"4590 Southwest Dr, Abilene, TX 79606, United States","C658+PJ Abilene, Texas, USA",https://www.homedepot.com/l/Abilene/TX/Abilene/79606/6583?emt=MSGMBGoogleMaps,+1 325-690-1032,,,https://lh3.googleusercontent.com/gps-cs-s/AG0ilSxYRdarApytrShRxK2uV_Yxm8Tl5YiGy8bPgN1eovapkQsBFd6Dedgj4ErafMWvaz63LDuRVx0JYzeIh9_G7DDIyoivxDZbiauuawa4Ok8CZ7IDUTenCWLsOiPZmLFMdHmxrJg=w408-h306-k-no,true,6 am–10 pm,8 am–8 pm,6 am–10 pm,6 am–10 pm,6 am–10 pm,6 am–10 pm,6 am–10 pm,"https://www.google.com/maps/search/generator+installation+services+in+Sweetwater+Abilene+TX/@32.4534878,-99.7312829,14z",2026-01-10T21:25:46.213Z,"Chain home improvement retailer for tools, appliances & other products (some offer truck rentals). · In-store shopping · Kerbside pickup · Delivery",
"https://www.google.com/maps/place/G+%26+S+Electric+and+Refrigeration/@32.3747843,-99.7937455,17z/data=!3m1!4b1!4m6!3m5!1s0x86568df8e1caa749:0xd5460ec45c766fc0!8m2!3d32.3747843!4d-99.7937455!16s%2Fg%2F11fjmcdz_c",G & S Electric and Refrigeration,5.0,3,Air conditioning contractor,"5450 Charles Ln, Abilene, TX 79606, United States","96F4+WG Abilene, Texas, USA",,+1 325-370-0985,Closed · Opens 8 am Mon,,,true,Closed,Closed,8 am–5 pm,8 am–5 pm,8 am–5 pm,8 am–5 pm,8 am–5 pm,"https://www.google.com/maps/search/generator+installation+services+in+Sweetwater+Abilene+TX/@32.4534878,-99.7312829,14z",2026-01-10T21:25:52.628Z,,
https://www.google.com/maps/place/Border+States/data=!4m7!3m6!1s0x86568dbc1e25727b:0x9a65ac4458c5dd4a!8m2!3d32.401673!4d-99.749889!16s%2Fg%2F1tfzxxh1!19sChIJe3IlHryNVoYRSt3FWESsZZo,Border States,4.5,4,Electrical supply store,"2250 Industrial Blvd, Abilene, TX 79602, United States","C722+M2 Abilene, Texas, USA",https://solutions.borderstates.com/locations/abilene-texas/,+1 325-698-4595,Closed · Opens 7 am Mon,,https://lh3.googleusercontent.com/p/AF1QipNs_akDd6bHZ49QhH97c_OXJFHAXCn_7_t7MRtk=w408-h306-k-no,true,Closed,Closed,7 am–5 pm,7 am–5 pm,7 am–5 pm,7 am–5 pm,7 am–5 pm,"https://www.google.com/maps/search/generator+installation+services+in+Sweetwater+Abilene+TX/@32.4534878,-99.7312829,14z",2026-01-10T21:25:57.180Z,· Kerbside pickup · Delivery,
https://www.google.com/maps/place/Wild+Bill%27s+Pawn+%233/data=!4m7!3m6!1s0x86568e14cdc993e1:0x21183edfd70b40ae!8m2!3d32.4491153!4d-99.7453155!16s%2Fg%2F1tdzlztg!19sChIJ4ZPJzRSOVoYRrkAL198-GCE,Wild Bill's Pawn #3,4.5,210,Pawn shop,"1919 S 1st St, Abilene, TX 79602, United States","C7X3+JV Abilene, Texas, USA",http://shop.wildbillspawnshops.com/,+1 325-672-5351,Open · Closes 7 pm,,https://lh3.googleusercontent.com/gps-cs-s/AG0ilSylEpozmqEmJt2wuA8PgNE-HYU24vN4kS0omDlWee6DgS_VPRrDfiWIy3MN36qdFkQadKOT1jiLkF-x_3Iu4BHVjQsZmEreAcLI0Od9sHH3OatBK7CphaujER1XLqTuYHMO3WYq=w408-h306-k-no,true,9 am–7 pm,12–5 pm,9 am–7 pm,9 am–7 pm,9 am–7 pm,9 am–7 pm,9 am–7 pm,"https://www.google.com/maps/search/generator+installation+services+in+Sweetwater+Abilene+TX/@32.4534878,-99.7312829,14z",2026-01-10T21:26:01.602Z,· In-store shopping · In-store pick-up,
https://www.google.com/maps/place/Wild+Bill%27s+Pawn+%232/data=!4m7!3m6!1s0x86568e3345a57e75:0x8faf0592e6303275!8m2!3d32.4749066!4d-99.7390328!16s%2Fg%2F1tyyxjh3!19sChIJdX6lRTOOVoYRdTIw5pIFr48,Wild Bill's Pawn #2,4.8,237,Pawn shop,"1690 Ambler Ave, Abilene, TX 79601, United States","F7F6+X9 Abilene, Texas, USA",https://www.firstcash.com/,+1 325-672-9515,"Open · Closes 7 pm

Confirmed by this business 8 weeks ago",,https://lh3.googleusercontent.com/gps-cs-s/AG0ilSwRP7XX-rQjOcHLiQmkQSW6NHJgHTSh-nx5P9qFnlCTBvK3-kLgge36G8zFGtD1L8slvHpQXWnsuWObMU3QkZin8eVf6Hp97R73C6xBk5Kf1PjZ2y_ANS-ZZBFZpy6OB_jitPuq=w408-h544-k-no,true,9 am–7 pm,12–5 pm,9 am–7 pm,9 am–7 pm,9 am–7 pm,9 am–7 pm,9 am–7 pm,"https://www.google.com/maps/search/generator+installation+services+in+Sweetwater+Abilene+TX/@32.4534878,-99.7312829,14z",2026-01-10T21:26:06.018Z,· In-store shopping · In-store pick-up,
https://www.google.com/maps/place/The+Reynolds+Company+-+Abilene/data=!4m7!3m6!1s0x86568e18cbc9298f:0xc5ff7e1679d1d314!8m2!3d32.399573!4d-99.7459247!16s%2Fg%2F1tdfcj5y!19sChIJjynJyxiOVoYRFNPReRZ-_8U,The Reynolds Company - Abilene,4.6,5,Electrical supply store,"4270 Burl Harris Dr, Abilene, TX 79602, United States","97X3+RJ Abilene, Texas, USA",http://www.reynoldsonline.com/,+1 325-677-2984,"Closed · Opens 6 am Mon

Updated by others 1 week ago",,https://lh3.googleusercontent.com/gps-cs-s/AG0ilSwDvRXI6kj-VDLDOZvCN0vT2MBzzO0BdYtjh7dISqGdHirms7U4ldbGy7CvQNkHhrl6w_C5EzrZZic1swkGu5AzQS7uYGEc2xn1lUS3hbd-zjP72dfm9RU07zfHzCYXRlhmGeNNa7iBqi4=w457-h240-k-no,true,Closed,Closed,6 am–5 pm,6 am–5 pm,6 am–5 pm,6 am–5 pm,6 am–5 pm,"https://www.google.com/maps/search/generator+installation+services+in+Sweetwater+Abilene+TX/@32.4534878,-99.7312829,14z",2026-01-10T21:26:10.505Z,· In-store pick-up,
"https://www.google.com/maps/place/Geneco+Technologies,+LLC/data=!4m7!3m6!1s0x865689a4c9ef48d7:0xd935338fd8a10fb5!8m2!3d32.4511641!4d-99.8673344!16s%2Fg%2F11bbrmdh7f!19sChIJ10jvyaSJVoYRtQ-h2I8zNdk","Geneco Technologies, LLC",4.7,13,Contractor,"236 Air Base Rd, Tye, TX 79563, United States","F42M+F3 Tye, Texas, USA",https://www.genecotech.com/,+1 325-514-9810,Closed · Opens 8 am Mon,Identifies as women-owned,https://lh3.googleusercontent.com/p/AF1QipPiIIGhOhHmycMw2qOOy-DVR0D3pSSN0_w68K-_=w426-h240-k-no,true,Closed,Closed,8 am–5 pm,8 am–5 pm,8 am–5 pm,8 am–5 pm,8 am–5 pm,"https://www.google.com/maps/search/generator+installation+services+in+Sweetwater+Abilene+TX/@32.4534878,-99.7312829,14z",2026-01-10T21:26:15.039Z,,
https://www.google.com/maps/place/Lowe%27s+Home+Improvement/data=!4m7!3m6!1s0x86568db488526325:0x852c0e04213a14b3!8m2!3d32.4018735!4d-99.7662169!16s%2Fg%2F1tcxq2cn!19sChIJJWNSiLSNVoYRsxQ6IQQOLIU,Lowe's Home Improvement,4.2,2026,Home improvement store,"4134 Ridgemont Dr, Abilene, TX 79606, United States","C62M+PG Abilene, Texas, USA",https://www.lowes.com/store/TX-Abilene/0138?cm_mmc=lod-_-c-_-lcl-_-awr-_-yxt-_-go-_-138-_-na-_-0-_-0&y_source=1_MTE4MzEzOS03MTUtbG9jYXRpb24ud2Vic2l0ZQ%3D%3D,+1 325-692-2727,"Open · Closes 9 pm

Updated by this business 1 week ago",,https://lh3.googleusercontent.com/p/AF1QipOvWN-_LpsRRPTsen_LmLjOs-E5b55c7c1q3P3x=w408-h272-k-no,true,6 am–9 pm,8 am–8 pm,6 am–9 pm,6 am–9 pm,6 am–9 pm,6 am–9 pm,6 am–9 pm,"https://www.google.com/maps/search/generator+installation+services+in+Sweetwater+Abilene+TX/@32.4534878,-99.7312829,14z",2026-01-10T21:26:19.479Z,"Home improvement chain for appliances & gardening supplies, plus tools & hardware. · In-store shopping · In-store pick-up · Delivery",
https://www.google.com/maps/place/Cain+Electrical+Supply+Abilene/data=!4m7!3m6!1s0x86568d14147c7619:0x9df4ac89d5a8bcc4!8m2!3d32.3789411!4d-99.7458869!16s%2Fg%2F11wv799tr8!19sChIJGXZ8FBSNVoYRxLyo1Yms9J0,Cain Electrical Supply Abilene,5.0,1,Electrical supply store,"19 Windmill Cir, Abilene, TX 79606, United States","97H3+HJ Abilene, Texas, USA",https://cainelectricalsupply.com/,+1 325-274-6187,Closed · Opens 7 am Mon,,https://lh3.googleusercontent.com/p/AF1QipMqm7Ulq_WuGDSNXxuKwdV_tI-uUu8KSVGFbuAz=w408-h306-k-no,true,Closed,Closed,7 am–5 pm,7 am–5 pm,7 am–5 pm,7 am–5 pm,7 am–5 pm,"https://www.google.com/maps/search/generator+installation+services+in+Sweetwater+Abilene+TX/@32.4534878,-99.7312829,14z",2026-01-10T21:26:23.841Z,· Delivery,
https://www.google.com/maps/place/Wild+Bill%27s+Pawn+%231/data=!4m7!3m6!1s0x86568e09decbe4cb:0x37936bff67eecf0d!8m2!3d32.4312855!4d-99.7383589!16s%2Fg%2F1tgfqjt7!19sChIJy-TL3gmOVoYRDc_uZ_9rkzc,Wild Bill's Pawn #1,4.8,131,Pawn shop,"1441 Butternut St, Abilene, TX 79602, United States","C7J6+GM Abilene, Texas, USA",https://www.firstcash.com/,+1 325-675-0322,"Open · Closes 6 pm

Confirmed by this business 8 weeks ago",,https://lh3.googleusercontent.com/gps-cs-s/AG0ilSw96Vy1ylDBZJK4WwHgbpD4RJAckA_nhJaEmJqSnrj3KSwp0tmRdg4LWsl6VSEu434cl9vJYno9U0VzZmkwqFGAdHdfcdL_jI9UbwTupEPnULksobFcCJtSqCnAHxdUXA6dZq9O9w=w408-h306-k-no,true,9 am–6 pm,Closed,9 am–6 pm,9 am–6 pm,9 am–6 pm,9 am–6 pm,9 am–6 pm,"https://www.google.com/maps/search/generator+installation+services+in+Sweetwater+Abilene+TX/@32.4534878,-99.7312829,14z",2026-01-10T21:26:28.168Z,· In-store shopping · In-store pick-up,
https://www.google.com/maps/place/Family+RV+Center+Abilene/data=!4m7!3m6!1s0x865695e98cb77149:0xfe571c246c690f42!8m2!3d32.4330558!4d-99.6152572!16s%2Fg%2F11sr9vlxd2!19sChIJSXG3jOmVVoYRQg9pbCQcV_4,Family RV Center Abilene,4.6,65,RV dealer,"6551 E Hwy 80, Abilene, TX 79601, United States","C9MM+6V Abilene, Texas, USA",https://www.familyrvonlineabilene.com/,+1 325-788-0091,Closes soon · 4 pm · Opens 8 am Mon,Identifies as veteran-owned,https://lh3.googleusercontent.com/p/AF1QipPmUxkqlifhznN9AmnecFVMgqfxYKVOl7Ag1EzA=w426-h240-k-no,true,8 am–4 pm,Closed,8 am–6 pm,8 am–6 pm,8 am–6 pm,8 am–6 pm,8 am–6 pm,"https://www.google.com/maps/search/generator+installation+services+in+Sweetwater+Abilene+TX/@32.4534878,-99.7312829,14z",2026-01-10T21:26:32.576Z,· In-store pick-up,
"https://www.google.com/maps/place/United+Oil+%26+Grease+Company+%2F+Texas+Enterprises,+Inc./data=!4m7!3m6!1s0x86568db98d1a10fb:0x6b7adeb84988ac19!8m2!3d32.4017248!4d-99.7551928!16s%2Fg%2F1vg_7q7y!19sChIJ-xAajbmNVoYRGayISbjeems","United Oil & Grease Company / Texas Enterprises, Inc.",4.7,10,Wholesaler,"2702 Industrial Blvd, Abilene, TX 79605, United States","C62V+MW Abilene, Texas, USA",https://www.unitedoilandgrease.com/,+1 325-695-0150,Closed · Opens 8 am Mon,,https://lh3.googleusercontent.com/gps-cs-s/AG0ilSymIuv9lg3Yo9g40Z17ab9Ohu0NO6w8YQaP090Uy6fZzpekkin1D7VAZbhy0H4nhJ2qOEC7gSJWyOVIvJt0ieaiakL44Ni9lqBzAQycy4FPWoQAGU_N6UicyUILvNc_4ZKabCk=w408-h271-k-no,true,Closed,Closed,8 am–5 pm,8 am–5 pm,8 am–5 pm,8 am–5 pm,8 am–5 pm,"https://www.google.com/maps/search/generator+installation+services+in+Sweetwater+Abilene+TX/@32.4534878,-99.7312829,14z",2026-01-10T21:26:37.167Z,,
https://www.google.com/maps/place/Jerry+Weems+Electric+Co/data=!4m7!3m6!1s0x8656ed339aee4f8b:0xd28e819e7dee5917!8m2!3d32.3411232!4d-99.6946672!16s%2Fg%2F1tkvb5bx!19sChIJi0_umjPtVoYRF1nufZ6BjtI,Jerry Weems Electric Co,4.3,6,Electrician,"1428 Todd Trail, Abilene, TX 79602, United States","88R4+C4 Abilene, Texas, USA",,+1 325-695-2259,Closed · Opens 8 am Mon,,https://streetviewpixels-pa.googleapis.com/v1/thumbnail?panoid=E1pAaUnjYkLO-uvaLNZyQQ&cb_client=search.gws-prod.gps&w=408&h=240&yaw=93.053734&pitch=0&thumbfov=100,false,Closed,Closed,8 am–5 pm,8 am–5 pm,8 am–5 pm,8 am–5 pm,8 am–5 pm,"https://www.google.com/maps/search/generator+installation+services+in+Sweetwater+Abilene+TX/@32.4534878,-99.7312829,14z",2026-01-10T21:26:41.476Z,,
https://www.google.com/maps/place/All-Tex+Irrigation+%26+Supply+-+Abilene/data=!4m7!3m6!1s0x86568dd9e459a70d:0xd3c7fc7ed69d9852!8m2!3d32.3938383!4d-99.7418665!16s%2Fg%2F11xck21p64!19sChIJDadZ5NmNVoYRUpid1n78x9M,All-Tex Irrigation & Supply - Abilene,5.0,2,Lawn irrigation equipment supplier,"4651 S Treadaway Blvd, Abilene, TX 79602, United States","97V5+G7 Abilene, Texas, USA",https://www.alltexirrigation.com/,+1 325-244-7400,Closed · Opens 8 am Mon,,https://lh3.googleusercontent.com/p/AF1QipMSqGqvy-uIOhfb2mXX04OudpJo120Apz8qRbRD=w426-h240-k-no,true,Closed,Closed,8 am–5:30 pm,8 am–5:30 pm,8 am–5:30 pm,8 am–5:30 pm,8 am–5:30 pm,"https://www.google.com/maps/search/generator+installation+services+in+Sweetwater+Abilene+TX/@32.4534878,-99.7312829,14z",2026-01-10T21:26:45.688Z,,
https://www.google.com/maps/place/O%27Reilly+Auto+Parts/data=!4m7!3m6!1s0x86568e6b29033fad:0x96578a1ac374ed9d!8m2!3d32.4491375!4d-99.7463018!16s%2Fg%2F1tjrqd33!19sChIJrT8DKWuOVoYRne10wxqKV5Y,O'Reilly Auto Parts,4.4,423,Auto parts store,"1949 S 1st St, Abilene, TX 79602, United States","C7X3+MF Abilene, Texas, USA",https://locations.oreillyauto.com/en-us/tx/abilene/autoparts-805.html,+1 325-677-7717,Open · Closes 10 pm,,https://lh3.googleusercontent.com/gps-cs-s/AG0ilSyU6_fbSJrKCuqEQBws7xcMoWbk6ofccB6YPNotlGeBQjUuJx3FV2VKEigydI8VvzuC2WEwVbaZH23D9B8VCiHPdu3KLG_TEZdLG0qLYF3ynrGZGgcyWg2DouUQ9LvP56GMsGw0=w408-h306-k-no,true,7:30 am–10 pm,8 am–9 pm,7:30 am–10 pm,7:30 am–10 pm,7:30 am–10 pm,7:30 am–10 pm,7:30 am–10 pm,"https://www.google.com/maps/search/generator+installation+services+in+Sweetwater+Abilene+TX/@32.4534878,-99.7312829,14z",2026-01-10T21:26:50.225Z,· In-store shopping · Kerbside pickup · Delivery,
https://www.google.com/maps/place/Salazar+Electric/data=!4m7!3m6!1s0x86560fd7601fb3c3:0xd87b573f46dc445b!8m2!3d32.4709519!4d-100.4059384!16s%2Fg%2F1hd_ljthz!19sChIJw7MfYNcPVoYRW0TcRj9Xe9g,Salazar Electric,4.0,6,Electrician,"Sweetwater, TX 79556, United States",,,+1 325-236-6530,,,https://streetviewpixels-pa.googleapis.com/v1/thumbnail?panoid=hwt-BS49TXWTBlOSwVamlQ&cb_client=search.gws-prod.gps&w=408&h=240&yaw=46.447872&pitch=0&thumbfov=100,true,,,,,,,,"https://www.google.com/maps/search/generator+installation+services+in+Sweetwater+Abilene+TX/@32.4534878,-99.7312829,14z",2026-01-10T21:26:52.428Z,,
https://www.google.com/maps/place/Family+RV+Center+Sweetwater/data=!4m7!3m6!1s0x86561015dba3b293:0xa1391727ef5b8bba!8m2!3d32.4483099!4d-100.4141691!16s%2Fg%2F1tg5vgjt!19sChIJk7Kj2xUQVoYRuotb7ycXOaE,Family RV Center Sweetwater,4.6,574,RV dealer,"1410 NW Georgia Ave, Sweetwater, TX 79556, United States","CHXP+88 Sweetwater, Texas, USA",https://familyrvonline.com/,+1 325-235-4488,Closes soon · 4 pm · Opens 8 am Mon,Identifies as veteran-owned,https://lh3.googleusercontent.com/p/AF1QipPbEgXFu0u4C3JC-2_SjuU-H12cb5UoKy2ojjyz=w426-h240-k-no,true,8 am–4 pm,Closed,8 am–6 pm,8 am–6 pm,8 am–6 pm,8 am–6 pm,8 am–6 pm,"https://www.google.com/maps/search/generator+installation+services+in+Sweetwater+Abilene+TX/@32.4534878,-99.7312829,14z",2026-01-10T21:26:56.905Z,· In-store shopping · In-store pick-up,
"https://www.google.com/maps/place/Wind+Energy+Turbine+Services,+Inc./data=!4m7!3m6!1s0x86560e3b0a2accdf:0xb0748522be9946c7!8m2!3d32.4835681!4d-100.3788312!16s%2Fg%2F1wf390fw!19sChIJ38wqCjsOVoYRx0aZviKFdLA","Wind Energy Turbine Services, Inc.",4.5,4,Wind turbine builder,"2503 E Broadway Ave, Sweetwater, TX 79556, United States","FJMC+CF Sweetwater, Texas, USA",http://www.wetsinc.net/,+1 325-235-1555,Closed · Opens 8 am Mon,,https://lh3.googleusercontent.com/gps-cs-s/AG0ilSyNGVUg2PFBtybd7c3o4WQjqSW0odFhB_pbXdLR1pKhzvZUc6fV_6PAiQBtjh0IUtNeC9xNT0GLjfAznoXv8-KeEsUPV8XmY8CYkb3j62pDgfPbq2DTk0HfPkWkevKHMv0o7qwk=w408-h725-k-no,true,Closed,Closed,8 am–5 pm,8 am–5 pm,8 am–5 pm,8 am–5 pm,8 am–5 pm,"https://www.google.com/maps/search/generator+installation+services+in+Sweetwater+Abilene+TX/@32.4534878,-99.7312829,14z",2026-01-10T21:27:01.622Z,,
https://www.google.com/maps/place/Harbor+Freight/data=!4m7!3m6!1s0x86560f1486c9cfdb:0x6c17b28af66af1c5!8m2!3d32.4724653!4d-100.4023471!16s%2Fg%2F11y2nxbx0q!19sChIJ28_JhhQPVoYRxfFq9oqyF2w,Harbor Freight,4.7,41,Hardware store,"608 E Broadway Ave, Sweetwater, TX 79556, United States","FHCX+X3 Sweetwater, Texas, USA",https://www.harborfreight.com/storelocator/608-e-broadway-street-sweetwater-79556?number=3525,+1 325-933-3343,Open · Closes 8 pm,,https://lh3.googleusercontent.com/gps-cs-s/AG0ilSzWeAIJcaKlqoivhERO5OKqWRxv667ALMgLRCIlx7LXzDi7EnpQuIhkJWvtj6a1P1vU9PZbSgxN9_xJ6B5IHs3VcQftqO2c29Qc0YGzmP1lIsw_ev8uj3dFLlK13voqNR_Rjg9S6w=w408-h544-k-no,true,8 am–8 pm,9 am–6 pm,8 am–8 pm,8 am–8 pm,8 am–8 pm,8 am–8 pm,8 am–8 pm,"https://www.google.com/maps/search/generator+installation+services+in+Sweetwater+Abilene+TX/@32.4534878,-99.7312829,14z",2026-01-10T21:27:06.031Z,"Retail chain carrying a wide range of tools, hardware & other products for the home, garden & car. · In-store pick-up",
https://www.google.com/maps/place/City+Bank+Mortgage/data=!4m7!3m6!1s0x86568c3578286043:0x5f0d4a92648b1726!8m2!3d32.3724858!4d-99.7816262!16s%2Fg%2F1q6jzg5_d!19sChIJQ2AoeDWMVoYRJheLZJJKDV8,City Bank Mortgage,4.9,41,Mortgage lender,"4601 Antilley Rd Ste. 306, Abilene, TX 79606, United States","96C9+X8 Abilene, Texas, USA",https://www.city.bank/locations/details/mortgage-abilene-branch,+1 325-698-9597,Closed · Opens 8:30 am Mon,,https://lh3.googleusercontent.com/p/AF1QipMeUE-zF71t9vepLiGACH4N_wQBInaYZqAW4ux2=w426-h240-k-no,true,Closed,Closed,8:30 am–5 pm,8:30 am–5 pm,8:30 am–5 pm,8:30 am–5 pm,8:30 am–5 pm,"https://www.google.com/maps/search/generator+installation+services+in+Sweetwater+Abilene+TX/@32.4534878,-99.7312829,14z",2026-01-10T21:27:10.453Z,,
https://www.google.com/maps/place/DoubleTree+by+Hilton+Abilene+Downtown+Convention+Center/data=!4m10!3m9!1s0x86568e22a9b0750b:0xe51533db5c698002!5m2!4m1!1i2!8m2!3d32.4544243!4d-99.7343743!16s%2Fg%2F11sk915hl4!19sChIJC3WwqSKOVoYRAoBpXNszFeU,DoubleTree by Hilton Abilene Downtown Convention Center,4.3,267,,"500 Cypress St, Abilene, TX 79601, United States","F738+Q7 Abilene, Texas, USA",https://www.hilton.com/en/hotels/abidtdt-doubletree-abilene-downtown-convention-center/?SEO_id=GMB-AMER-DT-ABIDTDT&y_source=1_MzkxNDA4OTgtNzE1LWxvY2F0aW9uLndlYnNpdGU%3D,+1 325-999-1878,,,https://lh3.googleusercontent.com/p/AF1QipNKC4SahlX40NexBSpfmdyrVu_xL9cYxahwkcTs=w408-h280-k-no,true,,,,,,,,"https://www.google.com/maps/search/generator+installation+services+in+Sweetwater+Abilene+TX/@32.4534878,-99.7312829,14z",2026-01-10T21:27:13.153Z,,
https://www.google.com/maps/place/AutoZone+Auto+Parts/data=!4m7!3m6!1s0x86568deb0f5ba2f5:0xa6b29247ce4ff267!8m2!3d32.4106674!4d-99.7417724!16s%2Fg%2F1tdb4pzf!19sChIJ9aJbD-uNVoYRZ_JPzkeSsqY,AutoZone Auto Parts,4.4,442,Auto parts store,"3373 S Treadaway Blvd, Abilene, TX 79602, United States","C765+77 Abilene, Texas, USA",https://www.autozone.com/locations/tx/abilene/3373-s-treadaway.html?cmpid=LOC:US:EN:AD:NL:1000000:GEN:1588,+1 325-692-8028,,,https://lh3.googleusercontent.com/p/AF1QipNQrJkX3kZUChteVwituYywEIY-jJJQfpjTfbff=w435-h240-k-no,true,7:30 am–10 pm,8 am–9 pm,7:30 am–10 pm,7:30 am–10 pm,7:30 am–10 pm,7:30 am–10 pm,7:30 am–10 pm,"https://www.google.com/maps/search/generator+installation+services+in+Sweetwater+Abilene+TX/@32.4534878,-99.7312829,14z",2026-01-10T21:27:17.647Z,· In-store shopping · Kerbside pickup · Delivery,
https://www.google.com/maps/place/Southwest+equipment+repair/data=!4m7!3m6!1s0x86568fb21cf7335f:0x96ed4a30662e41e3!8m2!3d32.4511163!4d-99.7522019!16s%2Fg%2F11rfdk5wpk!19sChIJXzP3HLKPVoYR40EuZjBK7ZY,Southwest equipment repair,,,Small engine repair service,"2442 N 1st St suite a, Abilene, TX 79601, United States","F62X+C4 Abilene, Texas, USA",,+1 325-266-2911,Temporarily closed,,https://lh3.googleusercontent.com/p/AF1QipODsBmAo_05uMg1GA_Mw6r9zqaye64kVsaO3aFZ=w408-h544-k-no,true,,,,,,,,"https://www.google.com/maps/search/generator+installation+services+in+Sweetwater+Abilene+TX/@32.4534878,-99.7312829,14z",2026-01-10T21:27:22.036Z,,
https://www.google.com/maps/place/Sconyers+Electric+Co/data=!4m7!3m6!1s0x86568ef917973b19:0xdc94eb4e41bd11d6!8m2!3d32.4660016!4d-99.7714022!16s%2Fg%2F1tzvwzt_!19sChIJGTuXF_mOVoYR1hG9QU7rlNw,Sconyers Electric Co,4.8,5,Electrician,"1417 Rosewood Dr, Abilene, TX 79603, United States","F68H+CC Abilene, Texas, USA",,+1 325-673-9669,,,https://streetviewpixels-pa.googleapis.com/v1/thumbnail?panoid=ASuXNA7d3ev4_QoU3_n0qA&cb_client=search.gws-prod.gps&w=408&h=240&yaw=94.62143&pitch=0&thumbfov=100,false,,,,,,,,"https://www.google.com/maps/search/generator+installation+services+in+Clyde+Abilene+TX/@32.4534878,-99.7312829,14z",2026-01-10T21:27:33.818Z,,
https://www.google.com/maps/place/Northern+Tool+%2B+Equipment/data=!4m7!3m6!1s0x86568d52dc0ef285:0x11960171fb1ff968!8m2!3d32.4098181!4d-99.7743384!16s%2Fg%2F11fktcb9b2!19sChIJhfIO3FKNVoYRaPkf-3EBlhE,Northern Tool + Equipment,4.6,231,Tool store,"3234 S Clack St, Abilene, TX 79606, United States","C65G+W7 Abilene, Texas, USA",https://www.northerntool.com/store/abilenetx-store-abilene-tx,+1 325-603-3900,Open · Closes 6 pm,,https://lh3.googleusercontent.com/gps-cs-s/AG0ilSyaElDJktv4S1xHqVCmcfztZoI6kYbt86tlo22wxjcifGqUpSn6Ycqgsxrz4Wno5ZcnSbCu1fv2yrt_0RlfdEpiTFUOk6AGQLGL579waUx62RQ7Mi8zRfaOoODq2oshRlAzkSy0=w408-h544-k-no,true,8 am–6 pm,9 am–5 pm,7 am–7 pm,7 am–7 pm,7 am–7 pm,7 am–7 pm,7 am–7 pm,"https://www.google.com/maps/search/generator+installation+services+in+Clyde+Abilene+TX/@32.4534878,-99.7312829,14z",2026-01-10T21:27:38.275Z,Chain carrying a vast selection of tools & equipment for do-it-yourself & construction projects. · In-store shopping · In-store pick-up · Delivery,
https://www.google.com/maps/place/TD+Electric/data=!4m7!3m6!1s0x86568d618b26ea2d:0x1fbf98fa8a6fabcc!8m2!3d32.4148532!4d-99.5104666!16s%2Fg%2F11h01qsqtz!19sChIJLeomi2GNVoYRzKtvivqYvx8,TD Electric,4.6,9,Electrician,"1213 S Access Rd, Clyde, TX 79510, United States","CF7Q+WR Clyde, Texas, USA",http://www.tdeabilene.com/,+1 325-794-1621,Closed · Opens 8 am Mon,,https://streetviewpixels-pa.googleapis.com/v1/thumbnail?panoid=967lgAzZ2HJO9Al0jVqkzg&cb_client=search.gws-prod.gps&w=408&h=240&yaw=163.03343&pitch=0&thumbfov=100,true,Closed,Closed,8 am–4:30 pm,8 am–4:30 pm,8 am–4:30 pm,8 am–4:30 pm,8 am–4:30 pm,"https://www.google.com/maps/search/generator+installation+services+in+Clyde+Abilene+TX/@32.4534878,-99.7312829,14z",2026-01-10T21:27:49.272Z,,
https://www.google.com/maps/place/Central+Texas+Tool+Co/data=!4m7!3m6!1s0x86568e2f603af655:0x5e9f61a639453166!8m2!3d32.4651973!4d-99.7304307!16s%2Fg%2F1tdk5lky!19sChIJVfY6YC-OVoYRZjFFOaZhn14,Central Texas Tool Co,5.0,5,Machine shop,"1440 Walnut St, Abilene, TX 79601, United States","F789+3R Abilene, Texas, USA",,+1 325-672-3903,Closed · Opens 7 am Mon,,https://lh3.googleusercontent.com/gps-cs-s/AG0ilSy_UtM811sKUrYb0GhBFWNZh2LwkQD_DXUqfqS97jmeXZT9xNRi8p5OfiNDGa4m44eGtXNyKPMLy7tnYJPsfI7OWjiUenCSgPKMi73ziTX93Ue6YfBCxgdc51MpivCQb-WUP6Rr=w408-h306-k-no,true,Closed,Closed,7 am–5 pm,7 am–5 pm,7 am–5 pm,7 am–5 pm,7 am–5 pm,"https://www.google.com/maps/search/generator+installation+services+in+Clyde+Abilene+TX/@32.4534878,-99.7312829,14z",2026-01-10T21:27:59.899Z,,
https://www.google.com/maps/place/Zane+james+yaerd+service/data=!4m7!3m6!1s0x86568f2c6152c7b9:0xa8d2a0926feaf7c4!8m2!3d32.4400531!4d-99.7360921!16s%2Fg%2F11jm5vlkxh!19sChIJucdSYSyPVoYRxPfqb5Kg0qg,Zane james yaerd service,5.0,1,Lawn mower repair service,"834 Sycamore St, Abilene, TX 79602, United States","C7R7+2H Abilene, Texas, USA",,+1 325-338-8019,Closed · Opens 12 am Mon,Identifies as veteran-owned,https://lh3.googleusercontent.com/p/AF1QipPRqYFtZVyQf2oQYVc-mdN4fbuDWEhmv0bYKcY6=w427-h240-k-no,true,Closed,Closed,12 am–1 pm,Closed,12:30 am–1 pm,12 am–12 pm,12:30 am–12:30 pm,"https://www.google.com/maps/search/generator+installation+services+in+Clyde+Abilene+TX/@32.4534878,-99.7312829,14z",2026-01-10T21:28:04.417Z,,true
https://www.google.com/maps/place/Trinity+Service+Pros/data=!4m7!3m6!1s0xa5e57406503105f7:0x2ee71ae567f1d5a4!8m2!3d32.352842!4d-99.887504!16s%2Fg%2F11xlsk1rm4!19sChIJ9wUxUAZ05aURpNXxZ-Ua5y4,Trinity Service Pros,5.0,2,Electrician,,,https://trinityserviceprosllc.com/,+1 325-721-0859,Closed · Opens 9 am Mon,,https://lh3.googleusercontent.com/p/AF1QipPsM59Cep-NjxDBK9JDcypyi7yIHgxXdL2E3e50=w408-h544-k-no,true,Closed,Closed,9 am–5 pm,9 am–5 pm,9 am–5 pm,9 am–5 pm,9 am–5 pm,"https://www.google.com/maps/search/generator+installation+services+in+Clyde+Abilene+TX/@32.4534878,-99.7312829,14z",2026-01-10T21:28:08.723Z,,
https://www.google.com/maps/place/Neff+Cable+N/data=!4m7!3m6!1s0x8656befdeb294ccf:0x3324407cb41286d3!8m2!3d32.4059605!4d-99.4936912!16s%2Fg%2F1vqth5_g!19sChIJz0wp6_2-VoYR04YStHxAJDM,Neff Cable N,5.0,1,Electrician,"Clyde, TX 79510, United States",,,+1 325-893-1968,,,https://streetviewpixels-pa.googleapis.com/v1/thumbnail?panoid=gc2wtjXBFYCiTctcQkgn3g&cb_client=search.gws-prod.gps&w=408&h=240&yaw=181.54588&pitch=0&thumbfov=100,false,,,,,,,,"https://www.google.com/maps/search/generator+installation+services+in+Clyde+Abilene+TX/@32.4534878,-99.7312829,14z",2026-01-10T21:28:11.034Z,,
https://www.google.com/maps/place/Smith+%26+Son+Farm+Equipment+Inc/data=!4m7!3m6!1s0x8656bede46e0a50b:0x318ad326a413aafc!8m2!3d32.4094894!4d-99.4775897!16s%2Fg%2F1tvm35fr!19sChIJC6XgRt6-VoYR_KoTpCbTijE,Smith & Son Farm Equipment Inc,4.5,47,Tractor dealer,"1635 S Access Rd, Clyde, TX 79510, United States","CG5C+QX Clyde, Texas, USA",https://www.smithandsonsinc.com/,+1 325-893-4242,"Closed · Opens 8 am Mon

Updated by others 11 weeks ago",Identifies as veteran-owned,https://lh3.googleusercontent.com/p/AF1QipM3USGoiWZncl_LM7nbqynQgNpJ8oT8xu28la3j=w408-h272-k-no,true,Closed,Closed,8 am–5 pm,8 am–5 pm,8 am–5 pm,8 am–5 pm,8 am–5 pm,"https://www.google.com/maps/search/generator+installation+services+in+Clyde+Abilene+TX/@32.4534878,-99.7312829,14z",2026-01-10T21:28:15.488Z,· In-store shopping · Delivery,
https://www.google.com/maps/place/Electric+Stonerock/data=!4m7!3m6!1s0x8656be49b4319e11:0x9fc5112a78364684!8m2!3d32.4104138!4d-99.5205785!16s%2Fg%2F1tf6s6hf!19sChIJEZ4xtEm-VoYRhEY2eCoRxZ8,Electric Stonerock,5.0,1,Electrician,"2417 Harvard Pl, Clyde, TX 79510, United States","CF6H+5Q Clyde, Texas, USA",https://www.texas-electrical.com/electrician-in-clyde/,+1 325-893-1078,,,https://lh3.googleusercontent.com/gps-cs-s/AG0ilSxGSYzxWTvnVaUQh7YDygj4Giza3K6ezbTmcjrKdEheOYqG2o3InSu6JMCvBOPbBS2jBpECJTeOOQGd_4o05obJQHMwefr8C4JNz5WXXqltlSn7y5XLr625aW6IIH2BOKATnVBl=w426-h240-k-no,false,,,,,,,,"https://www.google.com/maps/search/generator+installation+services+in+Clyde+Abilene+TX/@32.4534878,-99.7312829,14z",2026-01-10T21:28:17.724Z,,
https://www.google.com/maps/place/Stallings+Utility+Services+Inc/data=!4m7!3m6!1s0x8656befb44952d63:0xe29fad467ea794d8!8m2!3d32.4112458!4d-99.4904848!16s%2Fg%2F1tdcb6ps!19sChIJYy2VRPu-VoYR2JSnfkatn-I,Stallings Utility Services Inc,3.0,2,Engineer,"521 S Access Rd # 109, Clyde, TX 79510, United States","CG65+FR Clyde, Texas, USA",,+1 325-893-1059,,,https://streetviewpixels-pa.googleapis.com/v1/thumbnail?panoid=on2YXprD8y7xcOlp_q_sMA&cb_client=search.gws-prod.gps&w=408&h=240&yaw=116.41605&pitch=0&thumbfov=100,false,,,,,,,,"https://www.google.com/maps/search/generator+installation+services+in+Clyde+Abilene+TX/@32.4534878,-99.7312829,14z",2026-01-10T21:28:19.970Z,,
https://www.google.com/maps/place/Big+Country+Hardware/data=!4m7!3m6!1s0x8656befbbda2a405:0x8e11392e0ccfd40!8m2!3d32.4117809!4d-99.4927284!16s%2Fg%2F11ggvtpw95!19sChIJBaSivfu-VoYRQP3M4JIT4Qg,Big Country Hardware,4.9,69,Hardware store,"623 Oak St, Clyde, TX 79510, United States","CG64+PW Clyde, Texas, USA",https://bigcountry.doitbest.com/,+1 325-893-5501,Open · Closes 5 pm,,https://lh3.googleusercontent.com/p/AF1QipM1QWmOX7pw_ou6_v4iBK7dx2slOyXUgKcrmedj=w413-h240-k-no,true,8 am–5 pm,Closed,7 am–6 pm,7 am–6 pm,7 am–6 pm,7 am–6 pm,7 am–6 pm,"https://www.google.com/maps/search/generator+installation+services+in+Clyde+Abilene+TX/@32.4534878,-99.7312829,14z",2026-01-10T21:28:24.405Z,· In-store pick-up,
"https://www.google.com/maps/place/WTR+%7C+Refrigeration+Cooling+Heating+Plumbing/@32.7369725,-97.477188,8z/data=!3m1!4b1!4m6!3m5!1s0xa829054a0bfa8e2d:0xd3e6cd92ce9b2117!8m2!3d32.7369725!4d-97.477188!16s%2Fg%2F11yf3w97bf",WTR | Refrigeration Cooling Heating Plumbing,,,HVAC contractor,,,https://wtr.net/,+1 325-238-7900,Open 24 hours,,,true,Open 24 hours,Open 24 hours,Open 24 hours,Open 24 hours,Open 24 hours,Open 24 hours,Open 24 hours,"https://www.google.com/maps/search/generator+installation+services+in+Clyde+Abilene+TX/@32.4534878,-99.7312829,14z",2026-01-10T21:28:37.152Z,,
https://www.google.com/maps/place/DSR+Electric+LLC/data=!4m7!3m6!1s0xaaefc84cc9a5e765:0x5e988ea6992ec8db!8m2!3d32.5911042!4d-99.8123159!16s%2Fg%2F11x0nsp726!19sChIJZeelyUzI76oR28gumaaOmF4,DSR Electric LLC,5.0,11,Electrician,"13981 US-277, Hawley, TX 79525, United States","H5RQ+C3 Hawley, Texas, USA",http://dsrelectricco.com/,+1 325-668-0861,"Closed · Opens 7 am Mon

Updated by this business 11 weeks ago",,https://streetviewpixels-pa.googleapis.com/v1/thumbnail?panoid=afSNYq2d6gSYFl9nQ8hoTQ&cb_client=search.gws-prod.gps&w=408&h=240&yaw=248.04887&pitch=0&thumbfov=100,true,Closed,Closed,7 am–7 pm,7 am–7 pm,7 am–7 pm,7 am–7 pm,7 am–7 pm,"https://www.google.com/maps/search/generator+installation+services+in+Clyde+Abilene+TX/@32.4534878,-99.7312829,14z",2026-01-10T21:28:41.475Z,,
https://www.google.com/maps/place/Wayne+Sims+Plumbing/data=!4m7!3m6!1s0x8656952c3a503f49:0xf5c7e7f0728542da!8m2!3d32.3578336!4d-99.5820841!16s%2Fg%2F1tdxqwsz!19sChIJST9QOiyVVoYR2kKFcvDnx_U,Wayne Sims Plumbing,4.8,17,Plumber,"11243 Co Rd 250, Clyde, TX 79510, United States","9C59+45 Clyde, Texas, USA",,+1 325-529-6300,,,https://streetviewpixels-pa.googleapis.com/v1/thumbnail?panoid=HDk1sdhjXP-BER9y94XH7Q&cb_client=search.gws-prod.gps&w=408&h=240&yaw=250.1873&pitch=0&thumbfov=100,false,,,,,,,,"https://www.google.com/maps/search/generator+installation+services+in+Clyde+Abilene+TX/@32.4534878,-99.7312829,14z",2026-01-10T21:28:43.849Z,,
"https://www.google.com/maps/place/C4+Fuels,+LLC/data=!4m7!3m6!1s0x86568f3c3f50a695:0x4208826fc8267ef!8m2!3d32.3923247!4d-99.7414491!16s%2Fg%2F1thx90w5!19sChIJlaZQPzyPVoYR72eC_CaIIAQ","C4 Fuels, LLC",4.5,26,Propane supplier,"4721 Hill St, Abilene, TX 79602, United States","97R5+WC Abilene, Texas, USA",http://c4fuels.com/,+1 325-999-4060,Closed · Opens 7 am Mon,,https://lh3.googleusercontent.com/p/AF1QipOuVUlIdSUuW6pgDj_xOjp4c7hyDbbQF926Dv9R=w458-h240-k-no,true,Closed,Closed,7 am–5 pm,7 am–5 pm,7 am–5 pm,7 am–5 pm,7 am–5 pm,"https://www.google.com/maps/search/generator+installation+services+in+Clyde+Abilene+TX/@32.4534878,-99.7312829,14z",2026-01-10T21:28:48.167Z,,
https://www.google.com/maps/place/Lee%27s+True+Value+Hardware/data=!4m7!3m6!1s0x8656befe8bd7fa1f:0x58f475a48c745de!8m2!3d32.4072884!4d-99.4960083!16s%2Fg%2F11f03zplz1!19sChIJH_rXi_6-VoYR3kXHSFpHjwU,Lee's True Value Hardware,4.8,20,Hardware store,"119 Pecan St, Clyde, TX 79510, United States","CG43+WH Clyde, Texas, USA",http://www.truevalue.com/clydeleestv,+1 325-893-0097,Closed · Opens 7:30 am Mon,,https://lh3.googleusercontent.com/gps-cs-s/AG0ilSwOnwMWmUqBL9ntCdshzPE55_sjU6wKA1ghF2JvnFmm6C-ahm56FNYVY2qzgk8O289829_NQOtgpdT8B7M9GYgyfA2cxufs0lOVBBQgFCH-axBYNVlqw5utIW3SESdSoFevGxBFoQ=w408-h306-k-no,true,7:30 am–12 pm,Closed,7:30 am–5:30 pm,7:30 am–5:30 pm,7:30 am–5:30 pm,7:30 am–5:30 pm,7:30 am–5:30 pm,"https://www.google.com/maps/search/generator+installation+services+in+Clyde+Abilene+TX/@32.4534878,-99.7312829,14z",2026-01-10T21:28:52.697Z,,
https://www.google.com/maps/place/Ace+Hardware/data=!4m7!3m6!1s0x865693dc15c562dd:0x95a2dca6d1cc5549!8m2!3d32.3583564!4d-99.7107543!16s%2Fg%2F11rc072q74!19sChIJ3WLFFdyTVoYRSVXM0abcopU,Ace Hardware,4.5,120,Hardware store,"8402 FM707, Abilene, TX 79602, United States","975Q+8M Abilene, Texas, USA",http://www.acehardware.com/store-details/17781?utm_source=google&utm_medium=local&utm_campaign=localmaps&utm_content=17781,+1 325-704-2670,"Open · Closes 7 pm

Confirmed by this business 2 weeks ago",,https://lh3.googleusercontent.com/gps-cs-s/AG0ilSzMyW4sPJFH14xtovrSmdEJV0QErXou7eyGY41pyLpB1urXPXp09TX29WIEPP_gl8Nf-11VKEc-IEoyBE1Ql_1OlMwFuZ-UsM3vnbY1cDcbvNQ-yiQWuN5ONdDUZFxY_9AqVC2a=w408-h306-k-no,true,8 am–7 pm,10 am–7 pm,8 am–7 pm,8 am–7 pm,8 am–7 pm,8 am–7 pm,8 am–7 pm,"https://www.google.com/maps/search/generator+installation+services+in+Clyde+Abilene+TX/@32.4534878,-99.7312829,14z",2026-01-10T21:28:57.195Z,"Hardware store stocking household tools, garden supplies, home decor & more. · In-store shopping · In-store pick-up · Delivery",
https://www.google.com/maps/place/West+Texas+Solar/data=!4m7!3m6!1s0x86568e2b1eb9e867:0x5eecfed4da09a1c5!8m2!3d32.4475614!4d-99.6569782!16s%2Fg%2F11dfq77143!19sChIJZ-i5HiuOVoYRxaEJ2tT-7F4,West Texas Solar,4.8,90,Solar energy company,"4074 E Overland Trail, Abilene, TX 79601, United States","C8XV+26 Abilene, Texas, USA",https://www.west-texas-solar.com/,+1 325-244-1917,Closed · Opens 7 am Mon,,https://lh3.googleusercontent.com/p/AF1QipOFCj3-XmssP1k7PFAgZ_y3Ix_kXFPrvSoP7TQ-=w426-h240-k-no,true,Closed,Closed,7 am–5 pm,7 am–5 pm,7 am–5 pm,7 am–5 pm,7 am–5 pm,"https://www.google.com/maps/search/generator+installation+services+in+Merkel+Abilene+TX/@32.4706777,-100.0128739,14z",2026-01-10T21:29:11.220Z,,
https://www.google.com/maps/place/Cross+Country+Mechanical/data=!4m7!3m6!1s0x6b77b0904361b01b:0x9e4dcb9505d4112c!8m2!3d32.4720478!4d-100.0131997!16s%2Fg%2F11tmn8khst!19sChIJG7BhQ5Cwd2sRLBHUBZXLTZ4,Cross Country Mechanical,4.9,117,HVAC contractor,"1108 N 2nd St, Merkel, TX 79536, United States","FXCP+RP Merkel, Texas, USA",https://crosscountrymechanical.net/,+1 325-668-0078,Closed · Opens 8 am Mon,LGBTQ+ friendly,https://lh3.googleusercontent.com/p/AF1QipNjTjPP5VLqHpwBEwxnoOWnfVl1Jk0_Pnu8Gfb2=w408-h306-k-no,true,Closed,Closed,8 am–5 pm,8 am–5 pm,8 am–5 pm,8 am–5 pm,8 am–5 pm,"https://www.google.com/maps/search/generator+installation+services+in+Merkel+Abilene+TX/@32.4706777,-100.0128739,14z",2026-01-10T21:29:15.763Z,,
https://www.google.com/maps/place/Taylor+Electric+Co-Op/data=!4m7!3m6!1s0x86566259aa36f095:0xfc88a288c2ca6bb0!8m2!3d32.4569021!4d-99.9302317!16s%2Fg%2F1tgln9p2!19sChIJlfA2qlliVoYRsGvKwoiiiPw,Taylor Electric Co-Op,2.1,19,Electric utility company,"226 Co Rd 287, Merkel, TX 79536, United States","F349+QW Merkel, Texas, USA",https://taylorelectric.com/,+1 325-793-8500,Closed · Opens 7:30 am Mon,,https://streetviewpixels-pa.googleapis.com/v1/thumbnail?panoid=fCvVzIT0YFzjL52j5H_meQ&cb_client=search.gws-prod.gps&w=408&h=240&yaw=263.67044&pitch=0&thumbfov=100,true,Closed,Closed,7:30 am–5:30 pm,7:30 am–5:30 pm,7:30 am–5:30 pm,7:30 am–5:30 pm,7:30 am–5:30 pm,"https://www.google.com/maps/search/generator+installation+services+in+Merkel+Abilene+TX/@32.4706777,-100.0128739,14z",2026-01-10T21:29:20.185Z,,
https://www.google.com/maps/place/IntelliHome/data=!4m7!3m6!1s0x865693a8215dba1f:0xeddcd8d1f77d4055!8m2!3d32.3952733!4d-99.7198792!16s%2Fg%2F11glv0w2sd!19sChIJH7pdIaiTVoYRVUB999HY3O0,IntelliHome,5.0,135,Electrical installation service,"4542 Loop 322 #110, Abilene, TX 79602, United States","97WJ+42 Abilene, Texas, USA",http://www.intellihometx.com/,+1 325-261-0895,Closed · Opens 7:30 am Mon,,https://lh3.googleusercontent.com/p/AF1QipOG3ZsFVIeHM942ZDjOyb76M-gSiwdzRU3wRMr8=w408-h272-k-no,true,Closed,Closed,7:30 am–4:30 pm,7:30 am–4:30 pm,7:30 am–4:30 pm,7:30 am–4:30 pm,7:30 am–4:30 pm,"https://www.google.com/maps/search/generator+installation+services+in+Merkel+Abilene+TX/@32.4706777,-100.0128739,14z",2026-01-10T21:29:24.521Z,,
https://www.google.com/maps/place/Bunkley+Electric+Inc/data=!4m7!3m6!1s0x86568e5a9ab1dd6f:0x619f02892d5fcf05!8m2!3d32.4623135!4d-99.7586827!16s%2Fg%2F1ts2_ps3!19sChIJb92xmlqOVoYRBc9fLYkCn2E,Bunkley Electric Inc,4.6,22,Electrician,"1173 Woodlawn Dr, Abilene, TX 79603, United States","F66R+WG Abilene, Texas, USA",https://bunkleyelectric.com/,+1 325-677-4460,Closed · Opens 8 am Mon,,https://streetviewpixels-pa.googleapis.com/v1/thumbnail?panoid=FgK7yqLBsDMrCeuAfPIRWg&cb_client=search.gws-prod.gps&w=408&h=240&yaw=64.17171&pitch=0&thumbfov=100,true,Closed,Closed,8 am–5 pm,8 am–5 pm,8 am–5 pm,8 am–5 pm,8 am–3 pm,"https://www.google.com/maps/search/generator+installation+services+in+Merkel+Abilene+TX/@32.4706777,-100.0128739,14z",2026-01-10T21:29:28.795Z,,
"https://www.google.com/maps/place/Taylor+Telecom+%28aka+Taylor+Telephone+Cooperative,+Inc.%29/data=!4m7!3m6!1s0x865665e4e949ada7:0x6cceb762b6cb5820!8m2!3d32.4776997!4d-100.0069656!16s%2Fg%2F11nnqby8hy!19sChIJp61J6eRlVoYRIFjLtmK3zmw","Taylor Telecom (aka Taylor Telephone Cooperative, Inc.)",4.7,152,Telecommunications service provider,"9798 I-20, Merkel, TX 79536, United States","FXHV+36 Merkel, Texas, USA",https://taylortel.net/,+1 325-846-4111,Closed · Opens 8 am Mon,,https://lh3.googleusercontent.com/gps-cs-s/AG0ilSw0uCjr7gBzbX1HhpdCIvdkRO3Hi2R6gK5HFDIq6er9_hYKM2HizET4E3Z03LvopZNZ99cvQokwpClN0boRBnqqrClYEedrswUoyIP600AaXdM1_6sVfPyDuara4V5888x5ynWrDx7hjijX=w408-h544-k-no,true,Closed,Closed,8 am–5 pm,8 am–5 pm,8 am–5 pm,8 am–5 pm,8 am–5 pm,"https://www.google.com/maps/search/generator+installation+services+in+Merkel+Abilene+TX/@32.4706777,-100.0128739,14z",2026-01-10T21:29:33.354Z,,
https://www.google.com/maps/place/Abilene+Gasoline+%26+Diesel+Service+LLC/data=!4m7!3m6!1s0x8656649dc712b145:0xf2b052fcb9e5b036!8m2!3d32.4643325!4d-99.9598999!16s%2Fg%2F1th0ys7b!19sChIJRbESx51kVoYRNrDlufxSsPI,Abilene Gasoline & Diesel Service LLC,4.4,51,Auto repair shop,"8664 I-20, Merkel, TX 79536, United States","F27R+P2 Merkel, Texas, USA",https://www.abilenegasolineanddiesel.com/,+1 325-672-4770,Closed · Opens 8 am Mon,,https://lh3.googleusercontent.com/p/AF1QipOZL0YqpMkaR8kmv5xiNO6vSr8Uo6zbRZJaccj3=w408-h544-k-no,true,Closed,Closed,8 am–5 pm,8 am–5 pm,8 am–5 pm,8 am–5 pm,8 am–5 pm,"https://www.google.com/maps/search/generator+installation+services+in+Merkel+Abilene+TX/@32.4706777,-100.0128739,14z",2026-01-10T21:29:37.897Z,,
https://www.google.com/maps/place/Rentech+Boiler+Systems+Inc/data=!4m7!3m6!1s0x865693e272eaee73:0xe6b8d6bf4f126c07!8m2!3d32.4392546!4d-99.6486606!16s%2Fg%2F1td48r8w!19sChIJc-7qcuKTVoYRB2wST7_WuOY,Rentech Boiler Systems Inc,4.6,8,Manufacturer,"5025 E Hwy 80, Abilene, TX 79601, United States","C9Q2+PG Abilene, Texas, USA",http://www.rentechboilers.com/,+1 325-672-3400,,,https://lh3.googleusercontent.com/gps-cs-s/AG0ilSxe7_dpDHNPaK2vsXTPVMMPOgTxDZWt2whjYTitWvXTcu0sx_L1H_b-dbOsvizP3nO4REdR6VzoPNK-RtwJXQcGqiK88oye-OeUx3pWmd_hIv_Wf3W23VoJZl2BbXyGIMOhX6onSZeFH2IE=w408-h544-k-no,false,,,,,,,,"https://www.google.com/maps/search/generator+installation+services+in+Merkel+Abilene+TX/@32.4706777,-100.0128739,14z",2026-01-10T21:29:46.601Z,,
https://www.google.com/maps/place/M%26D+-+Abilene/data=!4m7!3m6!1s0x86568e224f40edb7:0x72282c4955bd8db1!8m2!3d32.4561548!4d-99.7307232!16s%2Fg%2F1tnhyrh8!19sChIJt-1ATyKOVoYRsY29VUksKHI,M&D - Abilene,4.6,24,Diesel engine dealer,"725 Walnut St, Abilene, TX 79601, United States","F749+FP Abilene, Texas, USA",https://www.mddistributorsstore.com/,+1 325-673-7031,,Identifies as veteran-owned,https://lh3.googleusercontent.com/p/AF1QipPXaBJJQuDGADboHmgfOpSks9xDXudxzeXzKKHZ=w408-h307-k-no,true,,,,,,,,"https://www.google.com/maps/search/generator+installation+services+in+Merkel+Abilene+TX/@32.4706777,-100.0128739,14z",2026-01-10T21:29:50.911Z,,
https://www.google.com/maps/place/West+Techs+Chill+Water+Specialists/data=!4m7!3m6!1s0x86568eea2fe51b21:0xb4cc4e51401ebafd!8m2!3d32.4544911!4d-99.7879418!16s%2Fg%2F11c2pt86nf!19sChIJIRvlL-qOVoYR_boeQFFOzLQ,West Techs Chill Water Specialists,5.0,5,HVAC contractor,"142 Clack St, Abilene, TX 79603, United States","F636+QR Abilene, Texas, USA",http://westtechs.com/contact-us/,+1 325-672-4686,Open 24 hours,,https://lh3.googleusercontent.com/p/AF1QipOVEM4NARslelaVidxboz47P1pvXSwMkp8JyjYW=w408-h544-k-no,true,Open 24 hours,Open 24 hours,Open 24 hours,Open 24 hours,Open 24 hours,Open 24 hours,Open 24 hours,"https://www.google.com/maps/search/generator+installation+services+in+Merkel+Abilene+TX/@32.4706777,-100.0128739,14z",2026-01-10T21:29:59.733Z,,
https://www.google.com/maps/place/Warren+CAT+Equipment+Rentals/data=!4m7!3m6!1s0x86568deb368f1d4d:0xc58904932b77b4d7!8m2!3d32.4069926!4d-99.7102407!16s%2Fg%2F1tlbpkpk!19sChIJTR2PNuuNVoYR17R3K5MEicU,Warren CAT Equipment Rentals,4.5,53,Equipment rental agency,"3619 Loop 322, Abilene, TX 79602, United States","C74Q+QW Abilene, Texas, USA",https://www.warrencat.com/g/abilene_rentals/,+1 325-691-8356,Closed · Opens 7:30 am Mon,,https://lh3.googleusercontent.com/p/AF1QipP00_oYm6YoPAVJztKpMjBiSJbJLokRx8MiwBG-=w426-h240-k-no,true,Closed,Closed,7:30 am–5:30 pm,7:30 am–5:30 pm,7:30 am–5:30 pm,7:30 am–5:30 pm,7:30 am–5:30 pm,"https://www.google.com/maps/search/generator+installation+services+in+Merkel+Abilene+TX/@32.4706777,-100.0128739,14z",2026-01-10T21:30:04.065Z,,
https://www.google.com/maps/place/SitePro+Rentals/data=!4m7!3m6!1s0x865691dd1badf159:0x8046c09793ee5585!8m2!3d32.4095299!4d-99.7432348!16s%2Fg%2F11pzpzqr1f!19sChIJWfGtG92RVoYRhVXuk5fARoA,SitePro Rentals,4.6,18,Equipment rental agency,"3526 S Treadaway Blvd, Abilene, TX 79602, United States","C754+RP Abilene, Texas, USA",http://www.siteprorentals.com/,+1 432-400-1117,Closed · Opens 7 am Mon,,https://lh3.googleusercontent.com/p/AF1QipP4w1I_wWycFhgOZoMnpkluRvz6SRCTTeyzCKA5=w408-h272-k-no,true,Closed,Closed,7 am–5 pm,7 am–5 pm,7 am–5 pm,7 am–5 pm,7 am–5 pm,"https://www.google.com/maps/search/generator+installation+services+in+Merkel+Abilene+TX/@32.4706777,-100.0128739,14z",2026-01-10T21:30:14.782Z,,
https://www.google.com/maps/place/ATX+Electric/data=!4m7!3m6!1s0x8656f53d0a2d70d3:0x2fed7c5cf88cdc20!8m2!3d32.469599!4d-99.7144848!16s%2Fg%2F11k4x8pg_m!19sChIJ03AtCj31VoYRINyM-Fx87S8,ATX Electric,4.6,9,Electrician,"Ave D, Abilene, TX 79601, United States","F79P+R6 Abilene, Texas, USA",,+1 325-514-8240,Closed · Opens 9 am Mon,,https://lh3.googleusercontent.com/p/AF1QipPHU0APUyLDM12DplntQTVGjPrjcdcJApy310-X=w408-h305-k-no,true,Closed,Closed,9 am–5 pm,9 am–5 pm,9 am–5 pm,9 am–5 pm,9 am–5 pm,"https://www.google.com/maps/search/generator+installation+services+in+Merkel+Abilene+TX/@32.4706777,-100.0128739,14z",2026-01-10T21:30:19.064Z,,
https://www.google.com/maps/place/Earl%27s+Plumbing+%26+Air/data=!4m7!3m6!1s0x8656f3081f7b3f27:0x3c4141cc82734757!8m2!3d32.322984!4d-99.74998!16s%2Fg%2F11jzj97n38!19sChIJJz97HwjzVoYRV0dzgsxBQTw,Earl's Plumbing & Air,4.9,576,Plumber,"879 US-83 84 St 1105, Abilene, TX 79602, United States","87F2+52 Abilene, Texas, USA",https://callearls.com/abilene/,+1 325-313-6787,Closed · Opens 8 am Mon,,https://lh3.googleusercontent.com/p/AF1QipNDSoH-1RE6oB7w3058O0xYtpUDSDzi7IptYdFz=w408-h408-k-no,true,Closed,Closed,8 am–5 pm,8 am–5 pm,8 am–5 pm,8 am–5 pm,8 am–5 pm,"https://www.google.com/maps/search/generator+installation+services+in+Merkel+Abilene+TX/@32.4706777,-100.0128739,14z",2026-01-10T21:30:23.538Z,,
https://www.google.com/maps/place/Goodgion+Electric/data=!4m7!3m6!1s0x865689afe0894045:0x73e0012bd870f46b!8m2!3d32.455757!4d-99.8679615!16s%2Fg%2F1th1vgpv!19sChIJRUCJ4K-JVoYRa_Rw2CsB4HM,Goodgion Electric,4.8,11,Electrician,"218 Nolan St, Tye, TX 79563, United States","F44J+8R Tye, Texas, USA",,+1 325-795-0969,,,https://streetviewpixels-pa.googleapis.com/v1/thumbnail?panoid=iXXPOxVWZ0y9pJq9QdSHew&cb_client=search.gws-prod.gps&w=408&h=240&yaw=176.83739&pitch=0&thumbfov=100,false,,,,,,,,"https://www.google.com/maps/search/generator+installation+services+in+Merkel+Abilene+TX/@32.4706777,-100.0128739,14z",2026-01-10T21:30:32.232Z,,
https://www.google.com/maps/place/Critical+Care+RV+Solutions/data=!4m7!3m6!1s0x8656919b5ffdc22d:0xa604c672268ccb36!8m2!3d32.48617!4d-99.713982!16s%2Fg%2F11t722k930!19sChIJLcL9X5uRVoYRNsuMJnLGBKY,Critical Care RV Solutions,5.0,2,RV repair shop,"695 E Stamford St, Abilene, TX 79601, United States","F7PP+FC Abilene, Texas, USA",,+1 435-703-3974,Closes soon · 4 pm · Opens 8 am Mon,,https://streetviewpixels-pa.googleapis.com/v1/thumbnail?panoid=FUsRaB8J95t03FfvwjiluQ&cb_client=search.gws-prod.gps&w=408&h=240&yaw=196.24274&pitch=0&thumbfov=100,false,9 am–4 pm,Closed,8 am–7 pm,8 am–7 pm,8 am–7 pm,8 am–7 pm,8 am–7 pm,"https://www.google.com/maps/search/generator+installation+services+in+Merkel+Abilene+TX/@32.4706777,-100.0128739,14z",2026-01-10T21:30:36.483Z,,
"https://www.google.com/maps/place/Warren+CAT+Equipment+Sales,+Parts+%26+Service/data=!4m7!3m6!1s0x86568de8a420b2ff:0x2879771b3f2b7b77!8m2!3d32.4068114!4d-99.7101978!16s%2Fg%2F11hjdv8f_b!19sChIJ_7IgpOiNVoYRd3srPxt3eSg","Warren CAT Equipment Sales, Parts & Service",4.3,15,Construction machine dealer,"3619 Loop 322, Abilene, TX 79602, United States","C74Q+PW Abilene, Texas, USA",https://www.warrencat.com/g/abilene/,+1 325-692-1600,"Closed · Opens 7:30 am Mon

Updated by this business 6 weeks ago",,https://lh3.googleusercontent.com/p/AF1QipNQCAHdvgCYoE8rsYPTtuq2Yi_Ixjr-GvoreAOP=w606-h240-k-no,true,Closed,Closed,7:30 am–5:30 pm,7:30 am–5:30 pm,7:30 am–5:30 pm,7:30 am–5:30 pm,7:30 am–5:30 pm,"https://www.google.com/maps/search/generator+installation+services+in+Merkel+Abilene+TX/@32.4706777,-100.0128739,14z",2026-01-10T21:30:40.960Z,,
https://www.google.com/maps/place/Air+Compressor+Solutions/data=!4m7!3m6!1s0x86568e19f2922823:0x8d2d7937a7a96c44!8m2!3d32.4487364!4d-99.7331439!16s%2Fg%2F1tfbj41k!19sChIJIyiS8hmOVoYRRGyppzd5LY0,Air Compressor Solutions,5.0,1,Air conditioning contractor,"Abilene, TX 79601, United States",,https://acsir.com/,+1 800-527-4137,Open · Closes 8 pm,,https://streetviewpixels-pa.googleapis.com/v1/thumbnail?panoid=XCxPyfnNL4JVsTxb1cg-kA&cb_client=search.gws-prod.gps&w=408&h=240&yaw=9.591598&pitch=0&thumbfov=100,false,8 am–8 pm,8 am–8 pm,8 am–8 pm,8 am–8 pm,8 am–8 pm,8 am–8 pm,8 am–8 pm,"https://www.google.com/maps/search/generator+installation+services+in+Merkel+Abilene+TX/@32.4706777,-100.0128739,14z",2026-01-10T21:30:45.480Z,,
https://www.google.com/maps/place/Elliott+Electric+Supply/data=!4m7!3m6!1s0x86568dbdaa43b26b:0x9321bc917835609!8m2!3d32.3992576!4d-99.748291!16s%2Fg%2F1thlzw24!19sChIJa7JDqr2NVoYRCVaDF8kbMgk,Elliott Electric Supply,4.6,25,Electrical supply store,"4281 Crawford Dr, Abilene, TX 79602, United States","97X2+PM Abilene, Texas, USA",https://www.elliottelectric.com/locations/58/TX/Abilene.aspx,+1 325-793-1570,Closed · Opens 7 am Mon,,https://lh3.googleusercontent.com/p/AF1QipNndY5VzW8WM-7PI18qQIFuCriXdfBXT3vJhoeG=w408-h266-k-no,true,8 am–12 pm,Closed,7 am–5:30 pm,7 am–5:30 pm,7 am–5:30 pm,7 am–5:30 pm,7 am–5:30 pm,"https://www.google.com/maps/search/generator+installation+services+in+Merkel+Abilene+TX/@32.4706777,-100.0128739,14z",2026-01-10T21:30:49.864Z,"Chain supplier of power equipment, fixtures, lamps, fittings, boxes, rods, clamps, conduits & more. · In-store shopping · Kerbside pickup · Delivery",
https://www.google.com/maps/place/Boss+Diesel+Service/data=!4m7!3m6!1s0x865689e5a26479ef:0x6b789f11fbc5b93a!8m2!3d32.5917058!4d-99.9179774!16s%2Fg%2F11s856ny40!19sChIJ73lkouWJVoYROrnF-xGfeGs,Boss Diesel Service,4.3,12,Diesel engine repair service,"13289 FM707, Hawley, TX 79525, United States","H3RJ+MR Hawley, Texas, USA",http://bossdieselservicetx.com/,+1 325-725-6591,Closed · Opens 8 am Mon,,https://lh3.googleusercontent.com/gps-cs-s/AG0ilSyrfwc5DfloDRjanBqaMZEx1upMpe4mMUtDo7MFx5ZIMr41Erpq80B3EsKoqodJKZU-sQnmpUBAxKAJ9Nf9OPeH1qIbcarIfOtvsXHDdKv1vgoHdSbncIWzXDM0xehnW-Zyht1EtQ=w408-h306-k-no,true,Closed,Closed,8 am–5 pm,8 am–5 pm,8 am–5 pm,8 am–5 pm,8 am–5 pm,"https://www.google.com/maps/search/generator+installation+services+in+Merkel+Abilene+TX/@32.4706777,-100.0128739,14z",2026-01-10T21:30:54.243Z,,
https://www.google.com/maps/place/Dennis+Fortune+Electric+LLC/data=!4m7!3m6!1s0x86568ced7308c309:0x5c262a7bfe04b4c5!8m2!3d32.519687!4d-99.880551!16s%2Fg%2F1tfzblsk!19sChIJCcMIc-2MVoYRxbQE_nsqJlw,Dennis Fortune Electric LLC,5.0,2,Electrician,,,,+1 325-695-0262,,,https://lh3.googleusercontent.com/p/AF1QipPDG4-Iu78ig-G4UO12GXGh3PsnpI3dpdn6R3zJ=w408-h270-k-no,true,,,,,,,,"https://www.google.com/maps/search/generator+installation+services+in+Merkel+Abilene+TX/@32.4706777,-100.0128739,14z",2026-01-10T21:30:56.459Z,,
https://www.google.com/maps/place/Buffalo+Gap+I+%26+E/data=!4m7!3m6!1s0x8656f462f4efa79f:0x7ce283e65887fa45!8m2!3d32.3945225!4d-99.7334428!16s%2Fg%2F1tjrqd3d!19sChIJn6fv9GL0VoYRRfqHWOaD4nw,Buffalo Gap I & E,3.4,5,Electrician,"888 Ben Richey Dr, Abilene, TX 79602, United States","97V8+RJ Abilene, Texas, USA",https://bgie.net/,+1 325-572-3389,,,https://lh3.googleusercontent.com/gps-cs-s/AG0ilSyN3cKkXMbYrjZ-frtFRyYXpxHYwAHIKwG3M52gwTXk2LALDxXvdJXpB25j2HS09Fs-vCDyuKg3EB9pO_kXSaiWigB0OcjelN2_Y_qjUB3n0020LJVC_Yz8Wsj_Pzs94JB8bzlEVA=w408-h725-k-no,false,,,,,,,,"https://www.google.com/maps/search/generator+installation+services+in+Buffalo+Gap+Abilene+TX/@32.2792968,-99.8300894,14z",2026-01-10T21:31:08.139Z,,
https://www.google.com/maps/place/Buffalo+Gap+Hardware+and+Supply/data=!4m7!3m6!1s0x8656f580ec49dcab:0xddaade3865dccbd9!8m2!3d32.2936318!4d-99.8246032!16s%2Fg%2F11tp3y628q!19sChIJq9xJ7ID1VoYR2cvcZTjeqt0,Buffalo Gap Hardware and Supply,5.0,40,Hardware store,"2026 FM 89, Buffalo Gap, TX 79508, United States","75VG+F5 Buffalo Gap, Texas, USA",https://www.doitbest.com/buffalo-gap-hardware/,+1 325-274-4155,Open · Closes 5 pm,,https://lh3.googleusercontent.com/p/AF1QipMh-9QoEUNUBtJuiAmyZ7Xu7fzbaRbs436uNz-d=w408-h306-k-no,true,8 am–5 pm,12–5 pm,8 am–6 pm,8 am–6 pm,8 am–6 pm,8 am–6 pm,8 am–6 pm,"https://www.google.com/maps/search/generator+installation+services+in+Buffalo+Gap+Abilene+TX/@32.2792968,-99.8300894,14z",2026-01-10T21:31:12.479Z,,
https://www.google.com/maps/place/Buffalo+Gap+Wind+Farm+1+LLC/data=!4m7!3m6!1s0x8656429af5f74225:0xa550bd5dca01d624!8m2!3d32.302091!4d-100.111535!16s%2Fm%2F05mxdtl!19sChIJJUL39ZpCVoYRJNYByl29UKU,Buffalo Gap Wind Farm 1 LLC,4.5,2,Farm,"10726B FM 89, Merkel, TX 79536, United States","8V2Q+R9 Merkel, Texas, USA",,+1 325-846-3394,,,https://streetviewpixels-pa.googleapis.com/v1/thumbnail?panoid=omRH9jND6fK08pUv8Hw6yQ&cb_client=search.gws-prod.gps&w=408&h=240&yaw=0.05990804&pitch=0&thumbfov=100,false,,,,,,,,"https://www.google.com/maps/search/generator+installation+services+in+Buffalo+Gap+Abilene+TX/@32.2792968,-99.8300894,14z",2026-01-10T21:31:27.544Z,,
https://www.google.com/maps/place/Malcom+Supply+Co./data=!4m7!3m6!1s0x86568dfc66ec454f:0xc72a3a1c39168f8!8m2!3d32.4268434!4d-99.731218!16s%2Fg%2F1vsprxv3!19sChIJT0XsZvyNVoYR-GiRw6Gjcgw,Malcom Supply Co.,4.5,30,Tool store,"1833 S Treadaway Blvd, Abilene, TX 79602, United States","C7G9+PG Abilene, Texas, USA",https://www.mccartyequipment.com/about-malcom/,+1 325-670-9066,Closed · Opens 7:30 am Mon,,https://lh3.googleusercontent.com/gps-cs-s/AG0ilSwkQRG6BT1SvDhcV6IQQ8BZZlGhJRCuRNSe2KSj7Y6z_OlR70nLK0dy-nF3CLUQL-nwuR3UWW6X8tzS0LLIJl9t2nFYjwNujAnWtL8fqRtKT5mCg1FyYS3hUOUhLgSeQuAcUxEK=w408-h306-k-no,true,Closed,Closed,7:30 am–5 pm,7:30 am–5 pm,7:30 am–5 pm,7:30 am–5 pm,7:30 am–5 pm,"https://www.google.com/maps/search/generator+installation+services+in+Buffalo+Gap+Abilene+TX/@32.2792968,-99.8300894,14z",2026-01-10T21:31:38.308Z,· In-store pick-up,
"https://www.google.com/maps/place/Big+Country+Irrigation/@32.5404159,-99.7680301,17z/data=!3m1!4b1!4m6!3m5!1s0x865685a0527a960b:0x810d35ef9e45d09!8m2!3d32.5404159!4d-99.7680301!16s%2Fg%2F1tdxfq00",Big Country Irrigation,4.5,10,Irrigation equipment supplier,"7801 US-277, Abilene, TX 79601, United States","G6RJ+5Q Abilene, Texas, USA",,+1 325-677-7021,Open · Closes 6 pm,,,true,8 am–6 pm,Closed,8 am–6 pm,8 am–6 pm,8 am–6 pm,8 am–6 pm,8 am–6 pm,"https://www.google.com/maps/search/generator+installation+services+in+Buffalo+Gap+Abilene+TX/@32.2792968,-99.8300894,14z",2026-01-10T21:31:51.171Z,,
https://www.google.com/maps/place/Scag+Power+Equipment/data=!4m7!3m6!1s0x8656919332eaaaab:0x355f4ca941aaf7bf!8m2!3d32.4485872!4d-99.7008883!16s%2Fg%2F11l1jl6746!19sChIJq6rqMpORVoYRv_eqQalMXzU,Scag Power Equipment,,,Lawn mower store,"1364 E Hwy 80, Abilene, TX 79601, United States","C7XX+CJ Abilene, Texas, USA",,+1 325-673-4556,,,https://streetviewpixels-pa.googleapis.com/v1/thumbnail?panoid=FJvNjefdqPWuRsN3UfUipQ&cb_client=search.gws-prod.gps&w=408&h=240&yaw=316.306&pitch=0&thumbfov=100,false,,,,,,,,"https://www.google.com/maps/search/generator+installation+services+in+Buffalo+Gap+Abilene+TX/@32.2792968,-99.8300894,14z",2026-01-10T21:31:53.822Z,,
https://www.google.com/maps/place/Cowboy+Pump+%26+Supply/data=!4m7!3m6!1s0x86568e06a0e33731:0xd3c4a7ac7e51f42b!8m2!3d32.4370215!4d-99.7299825!16s%2Fg%2F1td4_87t!19sChIJMTfjoAaOVoYRK_RRfqynxNM,Cowboy Pump & Supply,4.1,9,Oilfield,"601 S 11th St, Abilene, TX 79602, United States","C7PC+R2 Abilene, Texas, USA",http://cowboypump.com/,+1 325-677-4200,Closed · Opens 7 am Mon,,https://lh3.googleusercontent.com/p/AF1QipMpRWLqlr8syFqmfjhzJZ9anvwyakVQ9FrgYVel=w425-h240-k-no,true,Closed,Closed,7 am–5 pm,7 am–5 pm,7 am–5 pm,7 am–5 pm,7 am–5 pm,"https://www.google.com/maps/search/generator+installation+services+in+Buffalo+Gap+Abilene+TX/@32.2792968,-99.8300894,14z",2026-01-10T21:31:58.108Z,,
https://www.google.com/maps/place/Buffalo+Power+Solutions/data=!4m7!3m6!1s0x864685e8f6243493:0x4e05e07611b4c739!8m2!3d30.6472959!4d-96.3010981!16s%2Fg%2F11zhn1l3bw!19sChIJkzQk9uiFRoYROce0EXbgBU4,Buffalo Power Solutions,5.0,18,Electric generator shop,"3091 University Dr E Unit 210, Bryan, TX 77802, United States","JMWX+WH Bryan, Texas, USA",https://www.buffalopowersolutions.com/?utm_campaign=gmb,+1 979-221-2023,Closed · Opens 8 am Mon,,https://lh3.googleusercontent.com/p/AF1QipO6TKfKBz_EUNrkywrJv6uzWDgxOc3J-xlYcyZD=w408-h306-k-no,true,Closed,Closed,8 am–5 pm,8 am–5 pm,8 am–5 pm,8 am–5 pm,8 am–5 pm,"https://www.google.com/maps/search/generator+installation+services+in+Buffalo+Gap+Abilene+TX/@32.2792968,-99.8300894,14z",2026-01-10T21:32:02.467Z,,
https://www.google.com/maps/place/Commercial+Electric+Generator+Sales+%26+service/data=!4m7!3m6!1s0x86fe756a83936e3f:0x8dc127cc1f403776!8m2!3d33.4903742!4d-101.8302326!16s%2Fg%2F11j0h9vl94!19sChIJP26Tg2p1_oYRdjdAH8wnwY0,Commercial Electric Generator Sales & service,4.6,33,Electrician,"602 E County Rd 7300, Lubbock, TX 79404, United States","F5R9+4W Lubbock, Texas, USA",http://commercialelectrictx.com/,+1 806-797-6721,Closed · Opens 8 am Mon,Identifies as women-owned,https://lh3.googleusercontent.com/p/AF1QipOenDzxzGPbUZ8k0iALy7kAt_2QjbbdoS_xmZPL=w408-h253-k-no,true,Closed,Closed,8 am–5 pm,8 am–5 pm,8 am–5 pm,8 am–5 pm,8 am–4 pm,"https://www.google.com/maps/search/generator+installation+services+in+Buffalo+Gap+Abilene+TX/@32.2792968,-99.8300894,14z",2026-01-10T21:32:06.930Z,,
https://www.google.com/maps/place/Lone+Star+Electric/data=!4m7!3m6!1s0x86568e1b99032607:0xba66114ce813e8e9!8m2!3d32.338839!4d-99.661047!16s%2Fg%2F1yfjhwrvq!19sChIJByYDmRuOVoYR6egT6EwRZro,Lone Star Electric,4.5,19,Electrician,,,http://www.lonestarelectricabilene.com/,+1 325-677-0186,Closed · Opens 8 am Mon,,https://lh3.googleusercontent.com/p/AF1QipPnAwBjSxEcEHmzS-cC2yIK57xHkKOhBkSaO66w=w408-h544-k-no,true,Closed,Closed,8 am–5 pm,8 am–5 pm,8 am–5 pm,8 am–5 pm,8 am–5 pm,"https://www.google.com/maps/search/generator+installation+services+in+Anson+Abilene+TX/@32.4534878,-99.7312829,14z",2026-01-10T21:32:26.846Z,,
https://www.google.com/maps/place/Anson+Hardware/data=!4m7!3m6!1s0x86542b4a19863671:0x4d1055ce4231e40a!8m2!3d32.7552622!4d-99.896573!16s%2Fg%2F1262pptbq!19sChIJcTaGGUorVIYRCuQxQs5VEE0,Anson Hardware,4.8,85,Hardware store,"1245 Commercial Ave, Anson, TX 79501, United States","Q443+49 Anson, Texas, USA",http://doitbest.com/anson-hardware,+1 325-823-2537,Open · Closes 5 pm,,https://lh3.googleusercontent.com/gps-cs-s/AG0ilSyRKoPELcTz40PkLxX9ZwmQkcrMmuCcUIVCBxyrUsSCvEPJG_MEayHWrsPHsycKHA5FtojB5IuSgK8-4e1tN6Q9Fc7vBIPj7znydcn_quwdExHuPjedhz49NsfyKCODejQl7DY1=w408-h386-k-no,true,8 am–5 pm,Closed,8 am–6 pm,8 am–6 pm,8 am–6 pm,8 am–6 pm,8 am–6 pm,"https://www.google.com/maps/search/generator+installation+services+in+Anson+Abilene+TX/@32.4534878,-99.7312829,14z",2026-01-10T21:32:56.839Z,· In-store shopping · In-store pick-up,
https://www.google.com/maps/place/Home+Services+at+The+Home+Depot/data=!4m7!3m6!1s0x86568c394018d36b:0x1c9785efacf105a5!8m2!3d32.4093359!4d-99.7832018!16s%2Fg%2F11bx45nnhp!19sChIJa9MYQDmMVoYRpQXxrO-Flxw,Home Services at The Home Depot,4.0,4,Contractor,"4590 Southwest Dr, Abilene, TX 79606, United States","C658+PP Abilene, Texas, USA",https://www.homedepot.com/l/Abilene/TX/Abilene/79606/6583/services?emt=HSGMBGoogleMaps,+1 844-476-2140,"Open · Closes 9 pm

Updated by this business 7 days ago",,https://lh3.googleusercontent.com/p/AF1QipPtIGPnU5E8uSenqr2skDd2YYpO0BqwXXKfI0an=w408-h272-k-no,true,6 am–9 pm,8 am–8 pm,6 am–9 pm,6 am–9 pm,6 am–9 pm,6 am–9 pm,6 am–9 pm,"https://www.google.com/maps/search/generator+installation+services+in+Anson+Abilene+TX/@32.4534878,-99.7312829,14z",2026-01-10T21:33:01.125Z,,
https://www.google.com/maps/place/Anson+Metal+Heating+%26+Air+Conditioning/data=!4m7!3m6!1s0x86542b4a44d4f71b:0x866c190aceb4ef60!8m2!3d32.6517715!4d-99.8791795!16s%2Fg%2F1tmy5gjq!19sChIJG_fUREorVIYRYO-0zgoZbIY,Anson Metal Heating & Air Conditioning,4.5,8,Air conditioning contractor,,,,+1 325-268-0036,,,https://lh3.googleusercontent.com/p/AF1QipNnNf9JuFFlP3hp67LdXTNc-v4qHrnME82QGdOA=w426-h240-k-no,true,,,,,,,,"https://www.google.com/maps/search/generator+installation+services+in+Anson+Abilene+TX/@32.4534878,-99.7312829,14z",2026-01-10T21:33:03.456Z,,
https://www.google.com/maps/place/Ace+Hardware/data=!4m7!3m6!1s0x86542bf0edeebbb1:0xbbfa0e63a9fbd673!8m2!3d32.7588169!4d-99.8963151!16s%2Fg%2F11kqfqln5f!19sChIJsbvu7fArVIYRc9b7qWMO-rs,Ace Hardware,4.7,24,Hardware store,"903 Commercial Ave, Anson, TX 79501, United States","Q453+GF Anson, Texas, USA",http://www.acehardware.com/store-details/18567?utm_source=google&utm_medium=local&utm_campaign=localmaps&utm_content=18567,+1 325-823-2004,"Open · Closes 7 pm

Confirmed by this business 6 weeks ago",,https://lh3.googleusercontent.com/gps-cs-s/AG0ilSwf3HefBqYx5RL_hqsIwxNZj83Aw4CNS3L0CplVb4JUu07j662nabrDTpIpsMTrRW0CRiXZpbHY2ZUXzQrEfPDRT1ow1tctRsR1amss4ybNd0KF6QKb7-DBUf1596Mlf8dDGM3dnQ=w408-h306-k-no,true,7:30 am–7 pm,10 am–7 pm,7:30 am–7 pm,7:30 am–7 pm,7:30 am–7 pm,7:30 am–7 pm,7:30 am–7 pm,"https://www.google.com/maps/search/generator+installation+services+in+Anson+Abilene+TX/@32.4534878,-99.7312829,14z",2026-01-10T21:33:07.913Z,· In-store pick-up · Delivery,