placeUrl,title,rating,reviewCount,category,address,plusCode,website,phoneNumber,currentStatus,imgUrl,isClaimed,tuesday,wednesday,thursday,friday,saturday,sunday,monday,query,timestamp,attributes
https://www.google.com/maps/place/Abilene+Powder+Coating/data=!4m7!3m6!1s0x865688b494fe133b:0xd94de9eb79b02a8b!8m2!3d32.4964049!4d-99.8140509!16s%2Fg%2F1v8j0vwx!19sChIJOxP-lLSIVoYRiyqweevpTdk,Abilene Powder Coating,4.9,14,Powder coating service,"6593 Spinks Rd, Abilene, TX 79603, United States","F5WP+H9 Abilene, Texas, USA",http://abilenepowdercoating.com/,+1 325-677-3918,"Open ⋅ Closes 5 pm

Veterans Day might affect these hours",https://streetviewpixels-pa.googleapis.com/v1/thumbnail?panoid=VjSqGtYjSteKqtyrbrVmKg&cb_client=search.gws-prod.gps&w=408&h=240&yaw=163.67763&pitch=0&thumbfov=100,false,8 am–5 pm,8 am–5 pm,8 am–5 pm,7 am–12 pm,Closed,Closed,8 am–5 pm,"https://www.google.com/maps/search/subpar+railway+polishing+businesses+in+Sweetwater+Abilene+TX/@32.4534878,-99.7312829,14z",2025-11-11T17:49:35.850Z,
https://www.google.com/maps/place/Sweetwater+Machine+%26+Welding/data=!4m7!3m6!1s0x86560fdf9a8568ff:0x5b1301c109e04a29!8m2!3d32.4664192!4d-100.4156188!16s%2Fg%2F1thxr1g4!19sChIJ_2iFmt8PVoYRKUrgCcEBE1s,Sweetwater Machine & Welding,5.0,8,Machine shop,"711 W Broadway St, Sweetwater, TX 79556, United States","FH8M+HQ Sweetwater, Texas, USA",,+1 325-235-2922,,https://streetviewpixels-pa.googleapis.com/v1/thumbnail?panoid=WNJOjsLSKEPdZyG03Kgb9w&cb_client=search.gws-prod.gps&w=408&h=240&yaw=127.52379&pitch=0&thumbfov=100,false,,,,,,,,"https://www.google.com/maps/search/subpar+railway+polishing+businesses+in+Sweetwater+Abilene+TX/@32.4534878,-99.7312829,14z",2025-11-11T17:49:39.850Z,
https://www.google.com/maps/place/SERVPRO+of+Abilene/data=!4m7!3m6!1s0x865693e7053bd58b:0x23ea4e52aad71b47!8m2!3d32.4299147!4d-99.6542103!16s%2Fg%2F1thxwmzz!19sChIJi9U7BeeTVoYRRxvXqlJO6iM,SERVPRO of Abilene,4.7,68,Water damage restoration service,"4573 FM 18, Abilene, TX 79602, United States","C8HW+X8 Abilene, Texas, USA",https://www.servpro.com/locations/tx/servpro-of-abilene?utm_medium=organic&utm_source=gbp,+1 325-672-5661,,https://lh3.googleusercontent.com/p/AF1QipPiJwNwDNv-cj9GAXs2-XEFeJhQJmntos04hC3O=w427-h240-k-no,true,Open 24 hours,Open 24 hours,Open 24 hours,Open 24 hours,Open 24 hours,Open 24 hours,Open 24 hours,"https://www.google.com/maps/search/subpar+railway+polishing+businesses+in+Sweetwater+Abilene+TX/@32.4534878,-99.7312829,14z",2025-11-11T17:49:45.773Z,
https://www.google.com/maps/place/B+%26+R+Asphalt+LLC/data=!4m7!3m6!1s0x86568f2a92cfabed:0x665104ad9cd1a047!8m2!3d32.4338331!4d-99.77266!16s%2Fg%2F11q_9bgcb1!19sChIJ7avPkiqPVoYRR6DRnK0EUWY,B & R Asphalt LLC,4.9,53,Asphalt contractor,"3750 Woodridge Dr, Abilene, TX 79605, United States","C6MG+GW Abilene, Texas, USA",http://bandrasphalt.com/,+1 325-513-6038,"Open 24 hours

Veterans Day might affect these hours",https://lh3.googleusercontent.com/p/AF1QipOpoypNzYstpm24qO1nVl8eEurCm9H_ucWSsOtr=w408-h306-k-no,true,Open 24 hours,Open 24 hours,Open 24 hours,Open 24 hours,9 am–5 pm,Closed,Open 24 hours,"https://www.google.com/maps/search/subpar+railway+polishing+businesses+in+Sweetwater+Abilene+TX/@32.4534878,-99.7312829,14z",2025-11-11T17:49:50.844Z,
https://www.google.com/maps/place/Little+Manufacturing+Inc/data=!4m7!3m6!1s0x865691832aa0e255:0x568f415a7e681101!8m2!3d32.446422!4d-99.681485!16s%2Fg%2F1tcw8lmg!19sChIJVeKgKoORVoYRARFoflpBj1Y,Little Manufacturing Inc,,,Paving contractor,"2618 E US Highway 80, 2618 E Hwy 80, Abilene, TX 79601, United States","C8W9+HC Abilene, Texas, USA",http://www.littlemanufacturing.com/,+1 325-673-7021,"Open ⋅ Closes 5 pm

Veterans Day might affect these hours",https://lh3.googleusercontent.com/p/AF1QipPci1_iCR-34N3DimnvoVqy_1iFYnQmj7IwYKQr=w426-h240-k-no,true,8 am–5 pm,8 am–5 pm,8 am–5 pm,8 am–5 pm,Closed,Closed,8 am–5 pm,"https://www.google.com/maps/search/subpar+railway+polishing+businesses+in+Sweetwater+Abilene+TX/@32.4534878,-99.7312829,14z",2025-11-11T17:49:55.819Z,
https://www.google.com/maps/place/Uniqu3+Solutions+Remodeling+and+Handyman+Services+LLC/data=!4m7!3m6!1s0x86568f4414b52909:0xc618b96c9f4e2309!8m2!3d32.4610494!4d-99.7302706!16s%2Fg%2F11cmhmwdg7!19sChIJCSm1FESPVoYRCSNOn2y5GMY,Uniqu3 Solutions Remodeling and Handyman Services LLC,5.0,47,General contractor,"1033 Walnut St, Abilene, TX 79601, United States","F769+CV Abilene, Texas, USA",http://www.uniqu3-solutions.com/,+1 325-627-3188,"Open ⋅ Closes 5 pm

Veterans Day might affect these hours",https://lh3.googleusercontent.com/p/AF1QipMwam3RqrU17iaR-33vxaaI4barGNXPWo39iCoe=w408-h544-k-no,true,8 am–5 pm,8 am–5 pm,8 am–5 pm,8 am–5 pm,Closed,Closed,8 am–5 pm,"https://www.google.com/maps/search/subpar+railway+polishing+businesses+in+Sweetwater+Abilene+TX/@32.4534878,-99.7312829,14z",2025-11-11T17:50:00.917Z,
https://www.google.com/maps/place/Abilene+Auto+Spa/data=!4m7!3m6!1s0x86568e77a23d6003:0x97a214e1fdb63302!8m2!3d32.4003562!4d-99.74617!16s%2Fg%2F1w0j4l_5!19sChIJA2A9oneOVoYRAjO2_eEUopc,Abilene Auto Spa,4.8,186,Car detailing service,"4250 Burl Harris Dr, Abilene, TX 79602, United States","C723+4G Abilene, Texas, USA",https://www.abileneautospa.net/,+1 325-692-1688,"Open ⋅ Closes 5 pm

Veterans Day might affect these hours",https://lh3.googleusercontent.com/p/AF1QipP2dIJZeZUNuc6NSSrnjR-DslXupbgiw0tMGLxs=w426-h240-k-no,true,8:30 am–5 pm,8:30 am–5 pm,8:30 am–5 pm,8:30 am–5 pm,Closed,Closed,8:30 am–5 pm,"https://www.google.com/maps/search/subpar+railway+polishing+businesses+in+Sweetwater+Abilene+TX/@32.4534878,-99.7312829,14z",2025-11-11T17:50:06.318Z,
"https://www.google.com/maps/place/Nobles+Road+Construction,+Inc./data=!4m7!3m6!1s0x86568ec0d8411981:0xad8ccc13d658e1a7!8m2!3d32.4523328!4d-99.7949373!16s%2Fg%2F1yh5th7lk!19sChIJgRlB2MCOVoYRp-FY1hPMjK0","Nobles Road Construction, Inc.",3.9,10,Road construction company,"5401 S 1st St, Abilene, TX 79605, United States","F624+W2 Abilene, Texas, USA",http://www.noblesroadconstruction.com/,+1 325-677-6258,"Open ⋅ Closes 5 pm

Veterans Day might affect these hours",https://lh3.googleusercontent.com/gps-cs-s/AG0ilSwqOQJh7Ihx2N5BHWymFfz5rHL01fTSk3qW6ENugPxRqeHjcqOFR1jQHyiQD-mdrJNJW7T_DaK-jI9PHJi-H3ZF1ymwmP9BBUspkJ7hDOXAlEJWVGzF65yz_cNxAwwKNKr-ToNPXw=w408-h544-k-no,true,9 am–5 pm,9 am–5 pm,9 am–5 pm,9 am–5 pm,Closed,Closed,9 am–5 pm,"https://www.google.com/maps/search/subpar+railway+polishing+businesses+in+Sweetwater+Abilene+TX/@32.4534878,-99.7312829,14z",2025-11-11T17:50:11.411Z,
https://www.google.com/maps/place/James+Puryear+Welding+Fabrication+%26+Steel+Erection/data=!4m7!3m6!1s0x865691e53e0b2c81:0x596b1a80563fd738!8m2!3d32.4453589!4d-99.7136149!16s%2Fg%2F1tdky2h6!19sChIJgSwLPuWRVoYRONc_VoAaa1k,James Puryear Welding Fabrication & Steel Erection,3.4,5,Welder,"350 T and P Ln, Abilene, TX 79602, United States","C7WP+4H Abilene, Texas, USA",http://jamespuryearwelding.com/,+1 325-672-2009,"Open ⋅ Closes 6 pm

Veterans Day might affect these hours",https://streetviewpixels-pa.googleapis.com/v1/thumbnail?panoid=osiK6cULrsb6w0uUzOp42w&cb_client=search.gws-prod.gps&w=408&h=240&yaw=315.14825&pitch=0&thumbfov=100,true,7 am–6 pm,7 am–6 pm,7 am–6 pm,7 am–6 pm,7 am–6 pm,7 am–6 pm,7 am–6 pm,"https://www.google.com/maps/search/subpar+railway+polishing+businesses+in+Sweetwater+Abilene+TX/@32.4534878,-99.7312829,14z",2025-11-11T17:50:16.522Z,
https://www.google.com/maps/place/Rusted+tin+Services/data=!4m7!3m6!1s0x6eb0e5f314124899:0x23b2d0740bcb70a0!8m2!3d31.1689103!4d-100.0768425!16s%2Fg%2F11s5gvmbvp!19sChIJmUgSFPPlsG4RoHDLC3TQsiM,Rusted tin Services,5.0,22,Demolition contractor,,,https://rustedtinservices.com/,+1 970-985-8832,"Open ⋅ Closes 6 pm

Veterans Day might affect these hours",https://lh3.googleusercontent.com/p/AF1QipOVDe8BQd7tEkxST-BvWXSIs8QHI45pKA_bjKM-=w408-h299-k-no,true,6 am–6 pm,6 am–6 pm,6 am–6 pm,6 am–6 pm,Closed,Closed,6 am–6 pm,"https://www.google.com/maps/search/subpar+railway+polishing+businesses+in+Sweetwater+Abilene+TX/@32.4534878,-99.7312829,14z",2025-11-11T17:50:21.498Z,
https://www.google.com/maps/place/Solid+Impressions/data=!4m7!3m6!1s0x8656bfa7ad8fe7db:0x2b8ab931c530535e!8m2!3d32.4472915!4d-99.73719!16s%2Fg%2F1tdsk5z3!19sChIJ2-ePrae_VoYRXlMwxTG5iis,Solid Impressions,3.7,9,Flooring contractor,"247 Butternut St, Abilene, TX 79602, United States","C7W7+W4 Abilene, Texas, USA",http://solidimpressionstx.com/,+1 325-721-0429,"Open ⋅ Closes 5 pm

Veterans Day might affect these hours",https://lh3.googleusercontent.com/p/AF1QipObVemw_wdkW2-DbtCn8QHCcQo1UWGcAUx9RPEs=w426-h240-k-no,true,9 am–5 pm,9 am–5 pm,9 am–5 pm,9 am–5 pm,Closed,Closed,9 am–5 pm,"https://www.google.com/maps/search/subpar+railway+polishing+businesses+in+Clyde+Abilene+TX/@32.4534878,-99.7312829,14z",2025-11-11T17:50:36.263Z,
https://www.google.com/maps/place/4B+Welding+Services+LLC/data=!4m7!3m6!1s0x8656eb44a807976f:0xcbb2a866b6eef733!8m2!3d32.3414393!4d-99.5693074!16s%2Fg%2F11w2_zmjzn!19sChIJb5cHqETrVoYRM_futmaosss,4B Welding Services LLC,,,Welder,"10403 Co Rd 244, Clyde, TX 79510, United States","8CRJ+H7 Clyde, Texas, USA",https://4bservices.us/,+1 325-370-1777,"Closed ⋅ Opens 8 am Wed

Veterans Day hours",https://lh3.googleusercontent.com/p/AF1QipOz9t7dZeiRjZPHHB2Da9AokXt_lQW4_xdkLhzs=w408-h544-k-no,true,Closed,8 am–5 pm,8 am–5 pm,8 am–5 pm,Closed,Closed,8 am–5 pm,"https://www.google.com/maps/search/subpar+railway+polishing+businesses+in+Clyde+Abilene+TX/@32.4534878,-99.7312829,14z",2025-11-11T17:50:41.195Z,
https://www.google.com/maps/place/American+Fence+Staining/data=!4m7!3m6!1s0x86568fbf806c22b1:0xff3997e38a7074a!8m2!3d32.4832394!4d-99.7327787!16s%2Fg%2F11hlnw7ysf!19sChIJsSJsgL-PVoYRSgenOH6Z8w8,American Fence Staining,5.0,69,Fence contractor,"2773 Cedar St, Abilene, TX 79601, United States","F7M8+7V Abilene, Texas, USA",http://americanfencestaining.biz/,+1 325-232-2879,"Open ⋅ Closes 5 pm

Veterans Day might affect these hours",https://lh3.googleusercontent.com/p/AF1QipPuXosNbdmFbW7ICK0fPSiTwg4movfCuFxIE2-F=w408-h408-k-no,true,8 am–5 pm,8 am–5 pm,8 am–5 pm,8 am–5 pm,8 am–1 pm,Closed,8 am–5 pm,"https://www.google.com/maps/search/subpar+railway+polishing+businesses+in+Clyde+Abilene+TX/@32.4534878,-99.7312829,14z",2025-11-11T17:50:46.604Z,
"https://www.google.com/maps/place/Ranch+Land+Specialties,+LLC/data=!4m7!3m6!1s0x8656bfffe27ccef7:0x94d8dabcc9af95c7!8m2!3d32.4143229!4d-99.4900945!16s%2Fg%2F11ft97g2yq!19sChIJ98584v-_VoYRx5Wvybza2JQ","Ranch Land Specialties, LLC",5.0,14,Welder,"710 Cherry Ln, Clyde, TX 79510, United States","CG75+PX Clyde, Texas, USA",http://www.ranchlandspecialties.com/,+1 210-313-8874,"Open ⋅ Closes 5 pm

Veterans Day might affect these hours",https://lh3.googleusercontent.com/p/AF1QipNFLWOLVPw1DrclbMAZqM3TpEiOLQSO4xLtn7a1=w408-h306-k-no,true,7 am–5 pm,7 am–5 pm,7 am–5 pm,7 am–3 pm,Open 24 hours,Open 24 hours,7 am–5 pm,"https://www.google.com/maps/search/subpar+railway+polishing+businesses+in+Clyde+Abilene+TX/@32.4534878,-99.7312829,14z",2025-11-11T17:50:51.921Z,
https://www.google.com/maps/place/Abilene+Restoration+%26+Construction/data=!4m7!3m6!1s0x8656bfa7ad928035:0x5a548b9c0bec39f4!8m2!3d32.3705383!4d-99.5323765!16s%2Fg%2F1tdd12vh!19sChIJNYCSrae_VoYR9DnsC5yLVFo,Abilene Restoration & Construction,4.7,12,Custom home builder,"4164 Private Rd 2593, Clyde, TX 79510, United States","9FC9+62 Clyde, Texas, USA",https://abilenerestoration.com/,+1 325-370-0320,"Open ⋅ Closes 6 pm

Veterans Day might affect these hours",https://lh3.googleusercontent.com/p/AF1QipNDTcPJM65en1w9xIs0icgiOOY9XMQ0Rd79S7Dv=w408-h272-k-no,true,9 am–6 pm,9 am–6 pm,9 am–6 pm,9 am–6 pm,Closed,9 am–6 pm,9 am–6 pm,"https://www.google.com/maps/search/subpar+railway+polishing+businesses+in+Clyde+Abilene+TX/@32.4534878,-99.7312829,14z",2025-11-11T17:50:56.870Z,
https://www.google.com/maps/place/Abilene+Chamber+of+Commerce/data=!4m7!3m6!1s0x86568e177d84ba13:0x18aeedb1ce18502d!8m2!3d32.4528753!4d-99.7331525!16s%2Fg%2F1tfccll5!19sChIJE7qEfReOVoYRLVAYzrHtrhg,Abilene Chamber of Commerce,3.9,11,Chamber of Commerce,"400 Pine St Ste. 500, Abilene, TX 79601, United States","F738+5P Abilene, Texas, USA",http://www.abilenechamber.com/,+1 325-677-7241,,https://streetviewpixels-pa.googleapis.com/v1/thumbnail?panoid=boL2_0XWWd-4Kvs5l5rLpw&cb_client=search.gws-prod.gps&w=408&h=240&yaw=16.918625&pitch=0&thumbfov=100,true,8:30 am–5 pm,8:30 am–5 pm,8:30 am–5 pm,8:30 am–5 pm,Closed,Closed,8:30 am–5 pm,"https://www.google.com/maps/search/subpar+railway+polishing+businesses+in+Clyde+Abilene+TX/@32.4534878,-99.7312829,14z",2025-11-11T17:51:01.773Z,
https://www.google.com/maps/place/Dosser+Garage/data=!4m7!3m6!1s0x865663639b7ee1d9:0xf6d2047b524d94dc!8m2!3d32.4708004!4d-99.9878374!16s%2Fg%2F11byl5mkn1!19sChIJ2eF-m2NjVoYR3JRNUnsE0vY,Dosser Garage,4.6,90,Mechanic,"2450 Farm to Market Rd 1235, Merkel, TX 79536, United States","F2C6+8V Merkel, Texas, USA",https://www.dosseroilfieldservicesandgarage.com/,+1 325-928-0001,"Open ⋅ Closes 5 pm

Veterans Day might affect these hours",https://lh3.googleusercontent.com/gps-cs-s/AG0ilSxC2pjG-LiM3Cpw1_hvsk6gezq9EqfDkRV1jMnOikB4isX9L1X6Vi_R07tvQuFwyWUIeQ38njxuAX6Lg6anif9RaJu_yINkIFErUF8nmi_6Scp_JYqKdsCn3YI7RuuXPdtQCaygE2vwGuOc=w408-h544-k-no,true,8 am–5 pm,8 am–5 pm,8 am–5 pm,8 am–5 pm,Closed,Closed,8 am–5 pm,"https://www.google.com/maps/search/subpar+railway+polishing+businesses+in+Merkel+Abilene+TX/@32.4706777,-100.0128739,14z",2025-11-11T17:51:15.263Z,
https://www.google.com/maps/place/Metal+Mart+%2370/data=!4m7!3m6!1s0x86566529da54e219:0x9bfcbc878673a337!8m2!3d32.4766068!4d-100.0002936!16s%2Fg%2F11hf4twdq9!19sChIJGeJU2illVoYRN6Nzhoe8_Js,Metal Mart #70,5.0,2,Metal supplier,"9710 I-20, Merkel, TX 79536, United States","FXGX+JV Merkel, Texas, USA",https://metalmarts.com/,+1 325-928-1113,"Open ⋅ Closes 4:30 pm

Veterans Day might affect these hours",https://lh3.googleusercontent.com/p/AF1QipO77X4xU1hX6I3aqbAYXcezf0nw0pupfkA8-EeX=w408-h306-k-no,true,7:30 am–4:30 pm,7:30 am–4:30 pm,7:30 am–4:30 pm,7:30 am–4:30 pm,Closed,Closed,7:30 am–4:30 pm,"https://www.google.com/maps/search/subpar+railway+polishing+businesses+in+Merkel+Abilene+TX/@32.4706777,-100.0128739,14z",2025-11-11T17:51:20.146Z,
https://www.google.com/maps/place/Badger+Septic+and+Dirt+LLC/data=!4m7!3m6!1s0x865664b72d392cd5:0x86f0af9de1ce95ac!8m2!3d32.477004!4d-100.019781!16s%2Fg%2F1tfd2trm!19sChIJ1Sw5LbdkVoYRrJXO4Z2v8IY,Badger Septic and Dirt LLC,4.9,26,Septic system service,"1710 N 6th St, Merkel, TX 79536, United States","FXGJ+R3 Merkel, Texas, USA",https://badgerdirtandseptic.com/,+1 325-219-2212,"Open ⋅ Closes 5 pm

Veterans Day might affect these hours",https://lh3.googleusercontent.com/p/AF1QipMdrANHckcTvtGVxP7RknryRNFz124a4WXfrJNz=w408-h306-k-no,true,8 am–5 pm,8 am–5 pm,8 am–5 pm,8 am–5 pm,Closed,Closed,8 am–5 pm,"https://www.google.com/maps/search/subpar+railway+polishing+businesses+in+Merkel+Abilene+TX/@32.4706777,-100.0128739,14z",2025-11-11T17:51:25.198Z,
https://www.google.com/maps/place/Abilene+Gasoline+%26+Diesel+Service+LLC/data=!4m7!3m6!1s0x8656649dc712b145:0xf2b052fcb9e5b036!8m2!3d32.4643325!4d-99.9598999!16s%2Fg%2F1th0ys7b!19sChIJRbESx51kVoYRNrDlufxSsPI,Abilene Gasoline & Diesel Service LLC,4.4,51,Auto repair shop,"8664 I-20, Merkel, TX 79536, United States","F27R+P2 Merkel, Texas, USA",https://www.abilenegasolineanddiesel.com/,+1 325-672-4770,"Open ⋅ Closes 5 pm

Veterans Day might affect these hours",https://lh3.googleusercontent.com/p/AF1QipOZL0YqpMkaR8kmv5xiNO6vSr8Uo6zbRZJaccj3=w408-h544-k-no,true,8 am–5 pm,8 am–5 pm,8 am–5 pm,8 am–5 pm,Closed,Closed,8 am–5 pm,"https://www.google.com/maps/search/subpar+railway+polishing+businesses+in+Merkel+Abilene+TX/@32.4706777,-100.0128739,14z",2025-11-11T17:51:30.384Z,
https://www.google.com/maps/place/Windmill+City+Farm+%26+Ranch/data=!4m7!3m6!1s0x8656636344e4cfdb:0x681e655342f5e066!8m2!3d32.4690322!4d-99.98777!16s%2Fg%2F11c6vws8c7!19sChIJ28_kRGNjVoYRZuD1QlNlHmg,Windmill City Farm & Ranch,4.8,35,Animal feed store,"9334 I-20 Frontage Rd, Merkel, TX 79536, United States","F296+JV Merkel, Texas, USA",https://www.windmillcityfarmandranch.com/,+1 325-928-5874,"Open ⋅ Closes 6 pm

Veterans Day might affect these hours",https://lh3.googleusercontent.com/gps-cs-s/AG0ilSwhXO7ZysLwf6GaPl6M4hnd8OhTtr5yX9aKguF3wAq76yMxwpSr2xbJFYqrhkfpP1waf-_sVWZFJG85Dw_6wBFwkMQmkNL64NOrvuUKiyHViOpFrBczbnU-UErMnItzBsXTY6e0=w408-h306-k-no,true,8 am–6 pm,8 am–6 pm,8 am–6 pm,8 am–6 pm,8 am–3 pm,Closed,8 am–6 pm,"https://www.google.com/maps/search/subpar+railway+polishing+businesses+in+Merkel+Abilene+TX/@32.4706777,-100.0128739,14z",2025-11-11T17:51:35.755Z,· In-store shopping · Kerbside pickup
"https://www.google.com/maps/place/Farm+Supply+Abilene,+TX/data=!4m7!3m6!1s0x8656636316a80761:0xc1860eb1b802524a!8m2!3d32.4691841!4d-99.9877663!16s%2Fg%2F11f63xs1gd!19sChIJYQeoFmNjVoYRSlICuLEOhsE","Farm Supply Abilene, TX",4.0,1,Store,"9334 I-20, Merkel, TX 79536, United States","F296+MV Merkel, Texas, USA",http://www.windmillcityfarmandranch.com/contact-us,+1 325-272-0986,"Open ⋅ Closes 6 pm

Veterans Day might affect these hours",https://streetviewpixels-pa.googleapis.com/v1/thumbnail?panoid=KSp-m9xPWaJowmkp5ylNYg&cb_client=search.gws-prod.gps&w=408&h=240&yaw=19.290527&pitch=0&thumbfov=100,false,8 am–6 pm,8 am–6 pm,8 am–6 pm,8 am–6 pm,8 am–12 pm,Closed,8 am–6 pm,"https://www.google.com/maps/search/subpar+railway+polishing+businesses+in+Merkel+Abilene+TX/@32.4706777,-100.0128739,14z",2025-11-11T17:51:40.986Z,
https://www.google.com/maps/place/D.D.Gates+%26+Panels/data=!4m7!3m6!1s0x865663631a296a99:0xe70407945d38a4bc!8m2!3d32.4850599!4d-99.9532668!16s%2Fg%2F11sqc_jyhj!19sChIJmWopGmNjVoYRvKQ4XZQHBOc,D.D.Gates & Panels,4.2,11,Contractor,"1458 Farm to Market Rd 1235, Merkel, TX 79536, United States","F2PW+2M Merkel, Texas, USA",https://www.ddgates.com/,+1 325-928-3823,"Open ⋅ Closes 5 pm

Veterans Day might affect these hours",https://lh3.googleusercontent.com/p/AF1QipPEbwILWhaLE51CR-DVzXO98PwXblS2VEZN7RLy=w427-h240-k-no,true,8 am–5 pm,8 am–5 pm,8 am–5 pm,8 am–5 pm,8 am–12 pm,Closed,8 am–5 pm,"https://www.google.com/maps/search/subpar+railway+polishing+businesses+in+Merkel+Abilene+TX/@32.4706777,-100.0128739,14z",2025-11-11T17:51:46.205Z,
https://www.google.com/maps/place/Abilene+Paint+Correction/data=!4m7!3m6!1s0x8656f310ccfe622b:0x67c9aa29dfe9f6cf!8m2!3d32.3226608!4d-99.7509987!16s%2Fg%2F11swqn718_!19sChIJK2L-zBDzVoYRz_bp3ymqyWc,Abilene Paint Correction,5.0,28,Car detailing service,"879 US-84, Abilene, TX 79602, United States","86FX+3J Abilene, Texas, USA",http://apcdetails.com/,+1 325-660-8052,"Open ⋅ Closes 6 pm

Veterans Day might affect these hours",https://lh3.googleusercontent.com/p/AF1QipOOHUD-4hc_om45YehswS33JiOThae9QQxOFNli=w408-h544-k-no,true,8 am–6 pm,8 am–6 pm,8 am–6 pm,8 am–6 pm,8 am–6 pm,Closed,8 am–6 pm,"https://www.google.com/maps/search/subpar+railway+polishing+businesses+in+Merkel+Abilene+TX/@32.4706777,-100.0128739,14z",2025-11-11T17:51:51.269Z,
"https://www.google.com/maps/place/Primal+Crushing,+LLC/@32.324196,-99.8626975,17z/data=!3m1!4b1!4m6!3m5!1s0x865697c35dc5ddcb:0x478da8148e21e847!8m2!3d32.324196!4d-99.8626975!16s%2Fg%2F11f63ybyrv","Primal Crushing, LLC",3.4,9,Contractor,"3022 Co Rd 282, Abilene, TX 79606, United States","84FP+MW Abilene, Texas, USA",,+1 325-660-9309,"Open ⋅ Closes 5 pm

Veterans Day might affect these hours",,true,7 am–5 pm,7 am–5 pm,7 am–5 pm,7 am–5 pm,7 am–5 pm,Closed,7 am–5 pm,"https://www.google.com/maps/search/subpar+railway+polishing+businesses+in+Buffalo+Gap+Abilene+TX/@32.2792968,-99.8300894,14z",2025-11-11T17:52:07.437Z,
https://www.google.com/maps/place/Bead+Runner+Welding+Service/data=!4m7!3m6!1s0x865689981103b4cd:0xe7c65b1e6b9207ab!8m2!3d32.38643!4d-99.906974!16s%2Fg%2F11cn180s1_!19sChIJzbQDEZiJVoYRqweSax5bxuc,Bead Runner Welding Service,4.9,35,Welder,"173 Co Rd 298, Abilene, TX 79603, United States","93PV+H6 Abilene, Texas, USA",https://www.beadrunnerwelding.com/,+1 325-320-5444,"Open 24 hours

Veterans Day might affect these hours",https://lh3.googleusercontent.com/p/AF1QipPYi6Pw8xQsgVPiL74grGGp_F9LC2KoPBywhI8d=w408-h544-k-no,true,Open 24 hours,Open 24 hours,Open 24 hours,Open 24 hours,Open 24 hours,Open 24 hours,Open 24 hours,"https://www.google.com/maps/search/subpar+railway+polishing+businesses+in+Buffalo+Gap+Abilene+TX/@32.2792968,-99.8300894,14z",2025-11-11T17:52:12.613Z,
https://www.google.com/maps/place/Buffalo+Gap+I+%26+E/data=!4m7!3m6!1s0x8656f462f4efa79f:0x7ce283e65887fa45!8m2!3d32.3945225!4d-99.7334428!16s%2Fg%2F1tjrqd3d!19sChIJn6fv9GL0VoYRRfqHWOaD4nw,Buffalo Gap I & E,3.4,5,Electrician,"888 Ben Richey Dr, Abilene, TX 79602, United States","97V8+RJ Abilene, Texas, USA",https://bgie.net/,+1 325-572-3389,,https://lh3.googleusercontent.com/gps-cs-s/AG0ilSy-XAt7GnJDM67RXIwpMsuEqWhUYn3JzxfHo4KzL1ZtX4ydxdKPaD_k0mhmKcfx2DLNXRlVweVL9kQnQt9OpwcGLTUEq02HtAGgJ6WUdL838mfUWnSIW2kAhQGumJIAazzMa3Ipzw=w408-h725-k-no,false,,,,,,,,"https://www.google.com/maps/search/subpar+railway+polishing+businesses+in+Buffalo+Gap+Abilene+TX/@32.2792968,-99.8300894,14z",2025-11-11T17:52:15.711Z,
https://www.google.com/maps/place/Michael%27s+Welding+Service+LLC/data=!4m7!3m6!1s0xa544a7c9847f046d:0xa583a7a743da3d6e!8m2!3d32.4838865!4d-99.745403!16s%2Fg%2F11ww7p9d2z!19sChIJbQR_hMmnRKURbj3aQ6eng6U,Michael's Welding Service LLC,5.0,2,Welder,,,https://www.facebook.com/MWSTX,+1 325-669-0541,"Open ⋅ Closes 5 pm

Veterans Day might affect these hours",https://lh3.googleusercontent.com/p/AF1QipMeRzjmIHNXpSpKQ0o9W1FE5eWVx-fGhM7WXcAg=w408-h306-k-no,true,8 am–5 pm,8 am–5 pm,8 am–5 pm,8 am–5 pm,Closed,Closed,8 am–5 pm,"https://www.google.com/maps/search/subpar+railway+polishing+businesses+in+Buffalo+Gap+Abilene+TX/@32.2792968,-99.8300894,14z",2025-11-11T17:52:20.668Z,
https://www.google.com/maps/place/Premier+Property+Worx/data=!4m7!3m6!1s0x45a64ab9cdc0eaa3:0x787f5b7fd982467c!8m2!3d32.489832!4d-99.8756009!16s%2Fg%2F11rn23pymz!19sChIJo-rAzblKpkURfEaC2X9bf3g,Premier Property Worx,5.0,5,Asphalt contractor,,,http://www.premierpropertyworx.com/,+1 325-665-4957,"Open ⋅ Closes 7 pm

Veterans Day might affect these hours",https://lh3.googleusercontent.com/p/AF1QipPTcC28hOiWxwTPOnX67_TeIyVD4Av-0jH15qI8=w408-h306-k-no,true,7 am–7 pm,7 am–7 pm,7 am–7 pm,7 am–7 pm,7 am–7 pm,Closed,7 am–7 pm,"https://www.google.com/maps/search/subpar+railway+polishing+businesses+in+Buffalo+Gap+Abilene+TX/@32.2792968,-99.8300894,14z",2025-11-11T17:52:25.499Z,
https://www.google.com/maps/place/Atlas+Dirt+%26+Construction/data=!4m7!3m6!1s0x86568d5ba861b8c1:0xafcd92478b4f58bf!8m2!3d32.4549629!4d-99.764889!16s%2Fg%2F11frs4ww9d!19sChIJwbhhqFuNVoYRv1hPi0eSza8,Atlas Dirt & Construction,4.8,4,Contractor,"3517 N 6th St, Abilene, TX 79603, United States","F63P+X2 Abilene, Texas, USA",http://atlasdirtandconstruction.com/,+1 325-665-0185,"Open ⋅ Closes 5 pm

Veterans Day might affect these hours",https://lh3.googleusercontent.com/p/AF1QipOMQxtNjNwz19G9GXIcNYohlWuDDjw4OoNnArTq=w408-h306-k-no,true,8 am–5 pm,8 am–5 pm,8 am–5 pm,8 am–5 pm,Closed,Closed,8 am–5 pm,"https://www.google.com/maps/search/subpar+railway+polishing+businesses+in+Buffalo+Gap+Abilene+TX/@32.2792968,-99.8300894,14z",2025-11-11T17:52:30.341Z,
https://www.google.com/maps/place/Miers+Automotive+Service/data=!4m7!3m6!1s0x86568dbbc1a36529:0x351e110f9554f377!8m2!3d32.4005826!4d-99.7529117!16s%2Fg%2F11h0s2_fn!19sChIJKWWjwbuNVoYRd_NUlQ8RHjU,Miers Automotive Service,4.8,129,Auto repair shop,"4217 Oil Belt Ln, Abilene, TX 79605, United States","C62W+6R Abilene, Texas, USA",https://www.miersautomotive.com/,+1 325-788-1000,"Open ⋅ Closes 5 pm

Veterans Day might affect these hours",https://lh3.googleusercontent.com/p/AF1QipPmemKmiW9OTAvx9gbNpH0IET3m5zKotaUyBvXK=w493-h240-k-no,true,8 am–5 pm,8 am–5 pm,8 am–5 pm,8 am–5 pm,Closed,Closed,8 am–5 pm,"https://www.google.com/maps/search/subpar+railway+polishing+businesses+in+Buffalo+Gap+Abilene+TX/@32.2792968,-99.8300894,14z",2025-11-11T17:52:35.312Z,
"https://www.google.com/maps/place/Trailblazer+Investigations,+LLC/data=!4m7!3m6!1s0x86568d1679e37ec3:0xbd9e17478016de4a!8m2!3d32.3978119!4d-99.7615212!16s%2Fg%2F11q_b4mn_l!19sChIJw37jeRaNVoYRSt4WgEcXnr0","Trailblazer Investigations, LLC",5.0,1,Private investigator,"4400 Buffalo Gap Rd Suite 0475, Abilene, TX 79606, United States","96XQ+49 Abilene, Texas, USA",,+1 325-899-7392,"Open 24 hours

Veterans Day might affect these hours",https://lh3.googleusercontent.com/p/AF1QipObi5zd0MO9p-fvpKcD_PeROhWLqZfSbgldsU1t=w408-h306-k-no,true,Open 24 hours,Open 24 hours,Open 24 hours,Open 24 hours,Open 24 hours,Open 24 hours,Open 24 hours,"https://www.google.com/maps/search/subpar+railway+polishing+businesses+in+Buffalo+Gap+Abilene+TX/@32.2792968,-99.8300894,14z",2025-11-11T17:52:40.614Z,
https://www.google.com/maps/place/Southern+Switching/data=!4m7!3m6!1s0x86568e1c419cbe89:0x636422ee37a506ba!8m2!3d32.4472193!4d-99.7268877!16s%2Fg%2F1tklqzgy!19sChIJib6cQRyOVoYRugalN-4iZGM,Southern Switching,4.0,4,Railroad company,"434 S 2nd St, Abilene, TX 79602, United States","C7WF+V6 Abilene, Texas, USA",https://ironhorseresources.com/rail-lines/southern-switching/,+1 325-677-3601,,https://lh3.googleusercontent.com/gps-cs-s/AG0ilSyqyPSjnO5Ff_xifH9afLf0Yz2rBrOl-Et9cU_RfePhlnyfnYD1NldSgVg5J-YjPpAKIsxW973acuHQcNe4igsQvkcySE4upF95XYN_u8ykrwlfF4ryWQ6u5jNbFsrtxL7lRKgr=w408-h725-k-no,false,,,,,,,,"https://www.google.com/maps/search/subpar+railway+polishing+businesses+in+Anson+Abilene+TX/@32.4534878,-99.7312829,14z",2025-11-11T17:52:52.075Z,
https://www.google.com/maps/place/Sonny+Jones+Welding/data=!4m7!3m6!1s0x86568e2bc5467f17:0xe433b4b11e89843c!8m2!3d32.471731!4d-99.7266366!16s%2Fg%2F11cly7fnnx!19sChIJF39GxSuOVoYRPISJHrG0M-Q,Sonny Jones Welding,4.0,36,Welder,"1902 N Treadaway Blvd, Abilene, TX 79601, United States","F7CF+M8 Abilene, Texas, USA",,+1 325-672-1731,"Open ⋅ Closes 5 pm

Veterans Day might affect these hours",https://lh3.googleusercontent.com/gps-cs-s/AG0ilSyip65oDpXNOJ206IEqc7y348Dh4pnD5jI2QX7vh9ScsZX3Cq3RhpSjGFTt_48SsMb_2qKArAhqC1NoNzeWJ9k0b915Z90SQp6WMgVadxw8VTEllvcBszcyRLWx3SPdExuvIQ5S=w408-h544-k-no,true,9 am–5 pm,9 am–5 pm,9 am–5 pm,9 am–5 pm,9 am–1 pm,Closed,9 am–5 pm,"https://www.google.com/maps/search/subpar+railway+polishing+businesses+in+Anson+Abilene+TX/@32.4534878,-99.7312829,14z",2025-11-11T17:52:57.005Z,