placeUrl,title,rating,reviewCount,category,address,plusCode,website,phoneNumber,currentStatus,imgUrl,isClaimed,monday,tuesday,wednesday,thursday,friday,saturday,sunday,query,timestamp,info,isBlackOwned
https://www.google.com/maps/place/Total+Wellness+Mental+Health/data=!4m7!3m6!1s0x86568d005f7b7447:0x67078e288f850658!8m2!3d32.4213167!4d-99.7918777!16s%2Fg%2F11ldlykxx0!19sChIJR3R7XwCNVoYRWAaFjyiOB2c,Total Wellness Mental Health,5.0,17,Medical clinic,"5250 US-277, Abilene, TX 79605, United States","C6C5+G6 Abilene, Texas, USA",https://twmhealth.com/,+1 325-899-1053,Closed · Opens 8 am Tue,https://streetviewpixels-pa.googleapis.com/v1/thumbnail?panoid=43KIhetcD_6SCwCCdiSB_g&cb_client=search.gws-prod.gps&w=408&h=240&yaw=298.26135&pitch=0&thumbfov=100,true,8 am–5 pm,8 am–5 pm,8 am–5 pm,8 am–5 pm,8 am–5 pm,Closed,Closed,"https://www.google.com/maps/search/Psychiatry+clinics+in+Sweetwater+Abilene+TX/@32.4534878,-99.7312829,14z",2025-12-16T00:39:02.694Z,,
https://www.google.com/maps/place/David+Belcher/data=!4m7!3m6!1s0x86568e19feb3d427:0xab24e4668883018e!8m2!3d32.4483224!4d-99.7340879!16s%2Fg%2F11sh2clmgb!19sChIJJ9Sz_hmOVoYRjgGDiGbkJKs,David Belcher,5.0,2,Psychiatrist,"100 Chestnut St #101, Abilene, TX 796021440, United States","C7X8+89 Abilene, Texas, USA",,+1 325-676-8963,,https://streetviewpixels-pa.googleapis.com/v1/thumbnail?panoid=rppXDX7EsabFdtzKBk3FkA&cb_client=search.gws-prod.gps&w=408&h=240&yaw=282.529&pitch=0&thumbfov=100,false,,,,,,,,"https://www.google.com/maps/search/Psychiatry+clinics+in+Sweetwater+Abilene+TX/@32.4534878,-99.7312829,14z",2025-12-16T00:39:05.813Z,,
https://www.google.com/maps/place/Vital+Harmony+Mental+Health/data=!4m7!3m6!1s0x86568d2fa5a2b99f:0x362dcd246ec42955!8m2!3d32.4364419!4d-99.7032827!16s%2Fg%2F11vclw1w6h!19sChIJn7mipS-NVoYRVSnEbiTNLTY,Vital Harmony Mental Health,5.0,2,Mental health clinic,"1219 E South 11th St ste b 1, Abilene, TX 79602, United States","C7PW+HM Abilene, Texas, USA",https://vhmhealth.com/,+1 325-715-8080,"Closed · Opens 8:30 am Tue

Updated by phone call 3 weeks ago",https://streetviewpixels-pa.googleapis.com/v1/thumbnail?panoid=m13Gr_W-0lB8Ltjr5Z7klw&cb_client=search.gws-prod.gps&w=408&h=240&yaw=185.31668&pitch=0&thumbfov=100,true,8:30 am–4:30 pm,8:30 am–4:30 pm,8:30 am–4:30 pm,8:30 am–4:30 pm,8:30 am–4:30 pm,Closed,Closed,"https://www.google.com/maps/search/Psychiatry+clinics+in+Sweetwater+Abilene+TX/@32.4534878,-99.7312829,14z",2025-12-16T00:39:11.085Z,,
https://www.google.com/maps/place/Loose+Horses+Psychiatry+LLC/data=!4m7!3m6!1s0x86568e19feb3d427:0x3b97a48f711e7ece!8m2!3d32.4483224!4d-99.7340879!16s%2Fg%2F11ptwcz0_h!19sChIJJ9Sz_hmOVoYRzn4ecY-klzs,Loose Horses Psychiatry LLC,3.4,5,Medical clinic,"100 Chestnut St #101, Abilene, TX 79602, United States","C7X8+89 Abilene, Texas, USA",,+1 325-676-8963,,https://streetviewpixels-pa.googleapis.com/v1/thumbnail?panoid=rppXDX7EsabFdtzKBk3FkA&cb_client=search.gws-prod.gps&w=408&h=240&yaw=282.529&pitch=0&thumbfov=100,false,,,,,,,,"https://www.google.com/maps/search/Psychiatry+clinics+in+Sweetwater+Abilene+TX/@32.4534878,-99.7312829,14z",2025-12-16T00:39:13.659Z,,
https://www.google.com/maps/place/Elm+Creek+Psychiatry/data=!4m7!3m6!1s0x86568c24f68cf9a3:0xf9ee6dedbf58952e!8m2!3d32.4182999!4d-99.7824405!16s%2Fg%2F11c1tr235g!19sChIJo_mM9iSMVoYRLpVYv-1t7vk,Elm Creek Psychiatry,4.0,4,Mental health service,"2626 S Clack St, Abilene, TX 79606, United States","C699+82 Abilene, Texas, USA",https://bettyhardwick.org/services/elmcreek/,+1 325-691-2011,,https://streetviewpixels-pa.googleapis.com/v1/thumbnail?panoid=SBGj9eGtmt39ZkDikDzPtw&cb_client=search.gws-prod.gps&w=408&h=240&yaw=34.41613&pitch=0&thumbfov=100,false,,,,,,,,"https://www.google.com/maps/search/Psychiatry+clinics+in+Sweetwater+Abilene+TX/@32.4534878,-99.7312829,14z",2025-12-16T00:39:16.424Z,,
https://www.google.com/maps/place/West+Texas+TMS/data=!4m7!3m6!1s0x86568dfec228e433:0x84d73036fc53a53c!8m2!3d32.4283087!4d-99.7881735!16s%2Fg%2F11pkd_pznj!19sChIJM-Qowv6NVoYRPKVT_DYw14Q,West Texas TMS,5.0,1,Medical Center,"1702 S Clack St Suite 2, Abilene, TX 79605, United States","C6H6+8P Abilene, Texas, USA",https://westtxtms.com/?utm_source=gmb&utm_medium=organic,+1 325-269-0250,Closed · Opens 9 am Tue,https://lh3.googleusercontent.com/p/AF1QipNfXbtot62ZdUf4tXovAD3NyfzrVruWKH3tXcSj=w408-h272-k-no,true,9 am–5 pm,9 am–5 pm,9 am–5 pm,9 am–5 pm,Closed,Closed,Closed,"https://www.google.com/maps/search/Psychiatry+clinics+in+Sweetwater+Abilene+TX/@32.4534878,-99.7312829,14z",2025-12-16T00:39:21.155Z,,
https://www.google.com/maps/place/Lostetter+Adrienne+L+MD/data=!4m7!3m6!1s0x86568e3202451c53:0x10380c6d7d652121!8m2!3d32.4705133!4d-99.734997!16s%2Fg%2F126368hs3!19sChIJUxxFAjKOVoYRISFlfW0MOBA,Lostetter Adrienne L MD,,,Psychiatrist,"1850 Hickory St # 102, Abilene, TX 79601, United States","F7C8+62 Abilene, Texas, USA",,+1 325-670-4270,,https://streetviewpixels-pa.googleapis.com/v1/thumbnail?panoid=BGrmDWgaboujhZY7LCiWuA&cb_client=search.gws-prod.gps&w=408&h=240&yaw=255.71179&pitch=0&thumbfov=100,false,,,,,,,,"https://www.google.com/maps/search/Psychiatry+clinics+in+Sweetwater+Abilene+TX/@32.4534878,-99.7312829,14z",2025-12-16T00:39:23.991Z,,
https://www.google.com/maps/place/Dr.+Preeti+Sodhi/data=!4m7!3m6!1s0x86568c24f6bfffff:0x987e8f53932db5c5!8m2!3d32.4187418!4d-99.7827701!16s%2Fg%2F11qgb78gts!19sChIJ__-_9iSMVoYRxbUtk1OPfpg,Dr. Preeti Sodhi,,,Psychiatrist,"2616 S Clack St, Abilene, TX 79606, United States",,,+1 325-600-5100,,https://streetviewpixels-pa.googleapis.com/v1/thumbnail?panoid=Ui3ZkYGB9_5hdTH3qMpGxA&cb_client=search.gws-prod.gps&w=408&h=240&yaw=234.17487&pitch=0&thumbfov=100,false,,,,,,,,"https://www.google.com/maps/search/Psychiatry+clinics+in+Sweetwater+Abilene+TX/@32.4534878,-99.7312829,14z",2025-12-16T00:39:26.618Z,,
https://www.google.com/maps/place/Dr.+James+Trammell/data=!4m7!3m6!1s0x86568e2db55c0633:0x606ef6fc4b947b32!8m2!3d32.4720653!4d-99.7316943!16s%2Fg%2F11qgb7xnz2!19sChIJMwZctS2OVoYRMnuUS_z2bmA,Dr. James Trammell,5.0,1,Psychiatrist,"1924 Pine St #504, Abilene, TX 79601, United States","F7C9+R8 Abilene, Texas, USA",,+1 325-670-4730,,https://streetviewpixels-pa.googleapis.com/v1/thumbnail?panoid=VbpZrgqQ4yenkFCfoc0u4Q&cb_client=search.gws-prod.gps&w=408&h=240&yaw=273.02682&pitch=0&thumbfov=100,false,,,,,,,,"https://www.google.com/maps/search/Psychiatry+clinics+in+Sweetwater+Abilene+TX/@32.4534878,-99.7312829,14z",2025-12-16T00:39:29.453Z,,
https://www.google.com/maps/place/Eden+Springs+Behavioral+Services+PA+-Psychiatrist/data=!4m7!3m6!1s0x865693719307b98b:0x3f7ade3ad5cbcae8!8m2!3d32.372485!4d-99.7816266!16s%2Fg%2F11h22kvjy9!19sChIJi7kHk3GTVoYR6MrL1Treej8,Eden Springs Behavioral Services PA -Psychiatrist,4.2,15,Psychiatrist,"4601 Antilley Rd Building C, Suite 310, Abilene, TX 79606, United States","96C9+X8 Abilene, Texas, USA",http://www.edenspringsbehavioral.com/?utm_source=gmb&utm_medium=organic,+1 325-754-8002,Open · Closes 8 pm,https://lh3.googleusercontent.com/p/AF1QipNG5veDCrMhaYBLKjH1OaFWAHvzra7CV-RxJyKZ=w408-h306-k-no,true,5–8 pm,5–8 pm,5–8 pm,5–8 pm,5–8 pm,Closed,Closed,"https://www.google.com/maps/search/Psychiatry+clinics+in+Sweetwater+Abilene+TX/@32.4534878,-99.7312829,14z",2025-12-16T00:39:34.091Z,,
https://www.google.com/maps/place/Grounded+Roots+Family+Development+Center/data=!4m7!3m6!1s0x86568d37b8c255bf:0x6b454305bf0e98bc!8m2!3d32.4184509!4d-99.7593221!16s%2Fg%2F11sczyhbq0!19sChIJv1XCuDeNVoYRvJgOvwVDRWs,Grounded Roots Family Development Center,5.0,4,Mental health service,"2525 Barrow St, Abilene, TX 79605, United States","C69R+97 Abilene, Texas, USA",https://www.groundedrootsfdc.com/,+1 325-261-0268,,https://streetviewpixels-pa.googleapis.com/v1/thumbnail?panoid=s53KRdX9SzdKnn95_kbcbg&cb_client=search.gws-prod.gps&w=408&h=240&yaw=73.01569&pitch=0&thumbfov=100,true,,,,,,,,"https://www.google.com/maps/search/Psychiatry+clinics+in+Sweetwater+Abilene+TX/@32.4534878,-99.7312829,14z",2025-12-16T00:39:36.826Z,,
https://www.google.com/maps/place/Root+Cap+Counseling/data=!4m7!3m6!1s0xa6351559d4b7133:0x5db4d7dfbda5fa33!8m2!3d32.452571!4d-99.7623752!16s%2Fg%2F11lc_5_479!19sChIJM3FLnVVRYwoRM_qlvd_XtF0,Root Cap Counseling,,,Mental health service,"3301 N 3rd St #115, Abilene, TX 79603, United States","F63Q+22 Abilene, Texas, USA",https://www.rootcapcounseling.com/?utm_source=google&utm_medium=wix_google_business_profile&utm_campaign=2642691097087916179,+1 806-590-0064,Closes soon · 7 pm · Opens 4 pm Tue,https://streetviewpixels-pa.googleapis.com/v1/thumbnail?panoid=OeHn3XK0j6ETf26-7dqiyw&cb_client=search.gws-prod.gps&w=408&h=240&yaw=83.55467&pitch=0&thumbfov=100,true,4–7 pm,4–7 pm,4–7 pm,4–7 pm,9 am–2 pm,8 am–12 pm,Closed,"https://www.google.com/maps/search/Psychiatry+clinics+in+Sweetwater+Abilene+TX/@32.4534878,-99.7312829,14z",2025-12-16T00:39:41.477Z,,
https://www.google.com/maps/place/ACU+Psychology+Clinic/data=!4m7!3m6!1s0x86568e2f08a51a71:0x2ee16b3666d7bb86!8m2!3d32.4679361!4d-99.7085104!16s%2Fg%2F1wz533lf!19sChIJcRqlCC-OVoYRhrvXZjZr4S4,ACU Psychology Clinic,,,Mental health clinic,"McKinzie Hall, 1750 Campus Ct, Abilene, TX 79601, United States","F79R+5H Abilene, Texas, USA",https://acu.edu/psychology_clinic/,+1 325-674-4826,"Open · Closes 9 pm

Updated by others 9 weeks ago",https://streetviewpixels-pa.googleapis.com/v1/thumbnail?panoid=H-9mYxhgpUR2weM5pYPvGw&cb_client=search.gws-prod.gps&w=408&h=240&yaw=319.96823&pitch=0&thumbfov=100,false,8 am–9 pm,8 am–9 pm,8 am–9 pm,8 am–9 pm,8 am–4 pm,Closed,Closed,"https://www.google.com/maps/search/Psychiatry+clinics+in+Sweetwater+Abilene+TX/@32.4534878,-99.7312829,14z",2025-12-16T00:39:46.329Z,,
https://www.google.com/maps/place/Faithful+Steps+Therapy+Solutions+of+the+Big+Country/data=!4m7!3m6!1s0x86568fae997f58af:0xa741b0ca02ff5c84!8m2!3d32.4535412!4d-99.7656903!16s%2Fg%2F11x0gf0ks7!19sChIJr1h_ma6PVoYRhFz_AsqwQac,Faithful Steps Therapy Solutions of the Big Country,5.0,10,Applied behavior analysis therapist,"3444 N 1st St Ste 508, Abilene, TX 79603, United States","F63M+CP Abilene, Texas, USA",https://www.faithfulstepsbigcountry.com/?utm_source=google&utm_medium=wix_google_business_profile&utm_campaign=13912458044441488642,+1 325-268-4052,Closed · Opens 8 am Tue,https://lh3.googleusercontent.com/gps-cs-s/AG0ilSyJt2nAhoiD046fOwjmiPV9pGv5rXBfq6nIeI5R-HiQ-m9z8rLLs0blGlVvBCUa1_TWxw_3sX33AcZz9hP9-dY0hRAvds23W_XsWMjC4ZS43G_Y-gpBFb6JCkPLzvuLaJXcoplMSWxfhVSR=w408-h306-k-no,true,8 am–5:30 pm,8 am–6 pm,8 am–5:30 pm,8 am–6 pm,8 am–4 pm,Closed,Closed,"https://www.google.com/maps/search/Psychiatry+clinics+in+Sweetwater+Abilene+TX/@32.4534878,-99.7312829,14z",2025-12-16T00:39:51.706Z,,
"https://www.google.com/maps/place/ACU+Medical+and+Counseling+Care+Center/@32.4704286,-99.7082491,17z/data=!3m1!4b1!4m6!3m5!1s0x865691cef207d0cd:0x47b09cb8e21e5d6b!8m2!3d32.4704286!4d-99.7082491!16s%2Fg%2F11c1qxph2p",ACU Medical and Counseling Care Center,4.5,2,Medical clinic,"849 Coliseum Way, Abilene, TX 79699, United States","F7CR+5P Abilene, Texas, USA",http://acu.edu/medical,+1 325-674-2625,,,true,,,,,,,,"https://www.google.com/maps/search/Psychiatry+clinics+in+Sweetwater+Abilene+TX/@32.4534878,-99.7312829,14z",2025-12-16T00:39:56.707Z,,
https://www.google.com/maps/place/Betty+Hardwick+Center/data=!4m7!3m6!1s0x86568c24facb2d8f:0xf08921baf960af07!8m2!3d32.4188188!4d-99.7827378!16s%2Fg%2F1v44fct4!19sChIJjy3L-iSMVoYRB69g-bohifA,Betty Hardwick Center,2.5,73,Mental health service,"2616 S Clack St, Abilene, TX 79606, United States","C698+GW Abilene, Texas, USA",https://www.bettyhardwick.org/,+1 325-690-5100,Closed · Opens 8 am Tue,https://lh3.googleusercontent.com/gps-cs-s/AG0ilSzdb39lrWnx7ycx8EENQeJYFL5mhNTOMhUdemc2bq8uRImxmDB08UA_ClOq89lvyMjSp5mMAurzUujQr7UG3KUlKsK0Y1_8lQKrPnDy50wGEZvgzqzCyMr73SJjUSjbj5rKhWSg=w408-h544-k-no,true,8 am–5 pm,8 am–5 pm,8 am–5 pm,8 am–5 pm,8 am–5 pm,Closed,Closed,"https://www.google.com/maps/search/Psychiatry+clinics+in+Sweetwater+Abilene+TX/@32.4534878,-99.7312829,14z",2025-12-16T00:40:02.056Z,,
https://www.google.com/maps/place/Abilene+State+Supported+Living+Center/data=!4m7!3m6!1s0x8656920860a9b9dd:0x744963a61d1a093d!8m2!3d32.4183663!4d-99.7240459!16s%2Fg%2F1hhxmjsxl!19sChIJ3bmpYAiSVoYRPQkaHaZjSXQ,Abilene State Supported Living Center,4.3,18,Mental health service,"2501 Maple St, Abilene, TX 79602, United States","C79G+89 Abilene, Texas, USA",http://www.absslc.org/,+1 325-692-4053,Open 24 hours,https://streetviewpixels-pa.googleapis.com/v1/thumbnail?panoid=NxkH4NccbTa6swtE9tuDPQ&cb_client=search.gws-prod.gps&w=408&h=240&yaw=162.9269&pitch=0&thumbfov=100,false,Open 24 hours,Open 24 hours,Open 24 hours,Open 24 hours,Open 24 hours,Open 24 hours,Open 24 hours,"https://www.google.com/maps/search/Psychiatry+clinics+in+Sweetwater+Abilene+TX/@32.4534878,-99.7312829,14z",2025-12-16T00:40:07.225Z,,
https://www.google.com/maps/place/Mental+Health+Multiverse+Meltdown/data=!4m7!3m6!1s0x86568ff005adc765:0xf360a7f4f1aad5c4!8m2!3d32.4720749!4d-99.768667!16s%2Fg%2F11lybgs89l!19sChIJZcetBfCPVoYRxNWq8fSnYPM,Mental Health Multiverse Meltdown,,,Mental health service,"1926 Yorktown Dr, Abilene, TX 79603, United States","F6CJ+RG Abilene, Texas, USA",,+1 325-280-2249,Open 24 hours,https://streetviewpixels-pa.googleapis.com/v1/thumbnail?panoid=S-vnm7lOHOEQR5h62x2aog&cb_client=search.gws-prod.gps&w=408&h=240&yaw=292.20172&pitch=0&thumbfov=100,true,Open 24 hours,Open 24 hours,Open 24 hours,Open 24 hours,Open 24 hours,Open 24 hours,Open 24 hours,"https://www.google.com/maps/search/Psychiatry+clinics+in+Sweetwater+Abilene+TX/@32.4534878,-99.7312829,14z",2025-12-16T00:40:12.271Z,LGBTQ+ friendly,
https://www.google.com/maps/place/Oceans+Behavioral+Hospital+Of+Abilene/data=!4m7!3m6!1s0x86568d6ce13b5091:0x19da3dfb3518ece4!8m2!3d32.4000012!4d-99.7392798!16s%2Fg%2F1tdlc3y9!19sChIJkVA74WyNVoYR5OwYNfs92hk,Oceans Behavioral Hospital Of Abilene,2.7,153,Psychiatric hospital,"4225 Woods Pl, Abilene, TX 79602, United States","C726+27 Abilene, Texas, USA",https://oceanshealthcare.com/ohc-location/abilene/?utm_campaign=gmb&utm_medium=organic&utm_source=gmb,+1 325-468-8782,Open 24 hours,https://lh3.googleusercontent.com/p/AF1QipOfQYnkjeGw5u3n8jUpXkks5gV3uf3C54cGSSU6=w427-h240-k-no,true,Open 24 hours,Open 24 hours,Open 24 hours,Open 24 hours,Open 24 hours,Open 24 hours,Open 24 hours,"https://www.google.com/maps/search/Psychiatry+clinics+in+Sweetwater+Abilene+TX/@32.4534878,-99.7312829,14z",2025-12-16T00:40:17.943Z,,
https://www.google.com/maps/place/Clinica+Hispana+Abilene/data=!4m7!3m6!1s0x86568fddab81ca6b:0x7a3abf5bd0ef3970!8m2!3d32.4489963!4d-99.7803507!16s%2Fg%2F11k7hw1k05!19sChIJa8qBq92PVoYRcDnv0Fu_Ono,Clinica Hispana Abilene,4.9,167,Medical clinic,"4371 S 1st St, Abilene, TX 79605, United States","C6X9+HV Abilene, Texas, USA",https://amd-clinicahispana.com/,+1 325-701-4082,Open · Closes 8 pm,https://streetviewpixels-pa.googleapis.com/v1/thumbnail?panoid=8kPEpsZyJ6fGMQtxrfwfZA&cb_client=search.gws-prod.gps&w=408&h=240&yaw=221.45155&pitch=0&thumbfov=100,false,9 am–8 pm,9 am–8 pm,9 am–8 pm,9 am–8 pm,9 am–8 pm,9 am–8 pm,Closed,"https://www.google.com/maps/search/Psychiatry+clinics+in+Sweetwater+Abilene+TX/@32.4534878,-99.7312829,14z",2025-12-16T00:40:23.343Z,,
https://www.google.com/maps/place/Inner+Journey+Psychiatry/data=!4m7!3m6!1s0x2e1c13e6d2b3232b:0x160dec452bae1f52!8m2!3d32.3978183!4d-99.7611701!16s%2Fg%2F11vyx10l7c!19sChIJKyOz0uYTHC4RUh-uK0XsDRY,Inner Journey Psychiatry,,,Mental health clinic,"4400 Buffalo Gap Rd, Abilene, TX 79606, United States","96XQ+4G Abilene, Texas, USA",https://www.innerjourneypsychiatry.org/,+1 325-423-8455,Closes soon · 7 pm · Opens 8 am Tue,https://lh3.googleusercontent.com/p/AF1QipMf7gEWYAYRjiHcf3Rh35UbvNTsm1qrelJKzPLt=w408-h306-k-no,true,8 am–7 pm,8 am–7 pm,8 am–5 pm,8 am–7 pm,8 am–5 pm,Closed,Closed,"https://www.google.com/maps/search/Psychiatry+clinics+in+Sweetwater+Abilene+TX/@32.4534878,-99.7312829,14z",2025-12-16T00:40:28.476Z,LGBTQ+ friendly,
https://www.google.com/maps/place/Moak+Barry+L+MD/data=!4m7!3m6!1s0x86568c2e2afb7665:0x96a2c496da566513!8m2!3d32.416871!4d-99.776093!16s%2Fg%2F1vg4k6c9!19sChIJZXb7Ki6MVoYRE2VW2pbEopY,Moak Barry L MD,,,Psychiatrist,"4033 Ligustrum Dr, Abilene, TX 79605, United States","C68F+PH Abilene, Texas, USA",,+1 325-691-5801,,https://streetviewpixels-pa.googleapis.com/v1/thumbnail?panoid=kigmk3R0_mEnNMlrncg_hw&cb_client=search.gws-prod.gps&w=408&h=240&yaw=184.01952&pitch=0&thumbfov=100,false,,,,,,,,"https://www.google.com/maps/search/Psychiatry+clinics+in+Sweetwater+Abilene+TX/@32.4534878,-99.7312829,14z",2025-12-16T00:40:31.357Z,,
https://www.google.com/maps/place/Oceans+Behavioral+Hospital+Abilene+Intensive+Outpatient+Program/data=!4m7!3m6!1s0x86568d6d16309037:0xe3fc9ccee0470f54!8m2!3d32.4010529!4d-99.740382!16s%2Fg%2F11ckr766yf!19sChIJN5AwFm2NVoYRVA9H4M6c_OM,Oceans Behavioral Hospital Abilene Intensive Outpatient Program,3.3,14,Mental health clinic,"1115 Industrial Blvd, Abilene, TX 79602, United States","C725+CR Abilene, Texas, USA",http://oceansabilene.com/,+1 325-690-0911,Open · Closes 11:30 pm,https://streetviewpixels-pa.googleapis.com/v1/thumbnail?panoid=eKYetXS_MBxBUTTNmDbiWw&cb_client=search.gws-prod.gps&w=408&h=240&yaw=175.76363&pitch=0&thumbfov=100,true,12 am–11:30 pm,12 am–11:30 pm,12 am–11:30 pm,12 am–11:30 pm,12 am–11:30 pm,12 am–11:30 pm,12 am–11:30 pm,"https://www.google.com/maps/search/Psychiatry+clinics+in+Sweetwater+Abilene+TX/@32.4534878,-99.7312829,14z",2025-12-16T00:40:36.291Z,,
"https://www.google.com/maps/place/Stacy+Reynolds,+LMFT-Associate/data=!4m7!3m6!1s0x86568f281d4d8f43:0xcd83b9ba26ab412f!8m2!3d32.4443053!4d-99.7346145!16s%2Fg%2F11wvfqs8rx!19sChIJQ49NHSiPVoYRL0GrJrq5g80","Stacy Reynolds, LMFT-Associate",5.0,1,Counselor,"500 Chestnut St Suite 203, Abilene, TX 79602, United States","C7V8+P5 Abilene, Texas, USA",https://www.stacyreynoldslmft.com/,+1 325-261-3663,Closes soon · 7 pm · Opens 9 am Tue,https://streetviewpixels-pa.googleapis.com/v1/thumbnail?panoid=G4E1_WlRCh7bBvWf-Dl3Dg&cb_client=search.gws-prod.gps&w=408&h=240&yaw=316.99356&pitch=0&thumbfov=100,true,9 am–7 pm,9 am–7 pm,9 am–7 pm,9 am–7 pm,Closed,11 am–2 pm,Closed,"https://www.google.com/maps/search/Psychiatry+clinics+in+Sweetwater+Abilene+TX/@32.4534878,-99.7312829,14z",2025-12-16T00:40:41.345Z,LGBTQ+ friendly,
https://www.google.com/maps/place/Hendrick+Trauma+Center/data=!4m7!3m6!1s0x86568e2ddccaa7a5:0x30f6a3c7e8ab0481!8m2!3d32.471884!4d-99.7325863!16s%2Fg%2F11b7d3hs3g!19sChIJpafK3C2OVoYRgQSr6Mej9jA,Hendrick Trauma Center,1.0,1,Mental health clinic,"1900 Pine St, Abilene, TX 79601, United States","F7C8+QX Abilene, Texas, USA",,+1 325-670-2151,,https://streetviewpixels-pa.googleapis.com/v1/thumbnail?panoid=9L9MXtkAekZOW5O4QlM3Qw&cb_client=search.gws-prod.gps&w=408&h=240&yaw=353.85345&pitch=0&thumbfov=100,false,,,,,,,,"https://www.google.com/maps/search/Psychiatry+clinics+in+Sweetwater+Abilene+TX/@32.4534878,-99.7312829,14z",2025-12-16T00:40:44.350Z,,
https://www.google.com/maps/place/Freedom+Counseling/data=!4m7!3m6!1s0x865691f51dd66ecf:0xae3c60544a6cef00!8m2!3d32.4364366!4d-99.7029562!16s%2Fg%2F1tczf9pn!19sChIJz27WHfWRVoYRAO9sSlRgPK4,Freedom Counseling,5.0,2,Counselor,"1219 E South 11th St a, Abilene, TX 79602, United States","C7PW+HR Abilene, Texas, USA",http://freedomcounseling.com/,+1 325-676-2039,Closed · Opens 8 am Tue,https://streetviewpixels-pa.googleapis.com/v1/thumbnail?panoid=Ppmw_LX5I1MY0AIDHd_o0g&cb_client=search.gws-prod.gps&w=408&h=240&yaw=174.09662&pitch=0&thumbfov=100,true,8 am–5 pm,8 am–5 pm,9 am–5 pm,8 am–5 pm,8 am–5 pm,Closed,Closed,"https://www.google.com/maps/search/Psychiatry+clinics+in+Sweetwater+Abilene+TX/@32.4534878,-99.7312829,14z",2025-12-16T00:40:49.293Z,,
"https://www.google.com/maps/place/FARE+Wellness,+PLLC/data=!4m7!3m6!1s0x27732346d478fb27:0xb825927de55bb655!8m2!3d31.1689103!4d-100.0768425!16s%2Fg%2F11t86cmfrn!19sChIJJ_t41EYjcycRVbZb5X2SJbg","FARE Wellness, PLLC",5.0,5,Mental health service,,,http://www.fare-wellness.com/,+1 512-387-4931,Open · Closes 8 pm,https://lh3.googleusercontent.com/p/AF1QipNwtu3WgDhk-2aZRxlihTOqy2U-EwSi1mzCRtSk=w408-h272-k-no,true,8 am–8 pm,8 am–8 pm,8 am–8 pm,8 am–8 pm,8 am–8 pm,7–10 am,Closed,"https://www.google.com/maps/search/Psychiatry+clinics+in+Sweetwater+Abilene+TX/@32.4534878,-99.7312829,14z",2025-12-16T00:40:54.100Z,Identifies as women-owned,
"https://www.google.com/maps/place/Recourage+Counseling,+LLC/data=!4m7!3m6!1s0x86568f387a7badc9:0x4c5856ddce12278c!8m2!3d32.4562167!4d-99.7363752!16s%2Fg%2F11f9_gnxxs!19sChIJya17ejiPVoYRjCcSzt1WWEw","Recourage Counseling, LLC",5.0,5,Social worker,"702 Hickory St # C, Abilene, TX 79601, United States","F747+FC Abilene, Texas, USA",http://www.recouragecounseling.com/,+1 325-899-3555,Closed · Opens 9 am Tue,https://lh3.googleusercontent.com/p/AF1QipPZ0ac6t3TzG0tC2lri_oA1AmHHMrXcudHHtN8i=w408-h407-k-no,true,9 am–5 pm,9 am–5 pm,9 am–5 pm,9 am–5 pm,9 am–5 pm,Closed,Closed,"https://www.google.com/maps/search/Psychiatry+clinics+in+Sweetwater+Abilene+TX/@32.4534878,-99.7312829,14z",2025-12-16T00:40:58.834Z,,
https://www.google.com/maps/place/Clear+Skies+Counseling/data=!4m7!3m6!1s0x86568dd924170481:0x3e73b19350dce12c!8m2!3d32.3978119!4d-99.7615212!16s%2Fg%2F11jsk9cgm1!19sChIJgQQXJNmNVoYRLOHcUJOxcz4,Clear Skies Counseling,5.0,2,Mental health service,"4400 Buffalo Gap Rd Suite 3975, Abilene, TX 79606, United States","96XQ+49 Abilene, Texas, USA",https://www.clearskies.cloud/,+1 325-261-0130,"Closes soon · 7 pm · Opens 8 am Tue

Updated by this business 1 week ago",https://lh3.googleusercontent.com/p/AF1QipOFPQY-pTdTa5sp6A1oMS03QCFQI2165dbFvtzJ=w461-h240-k-no,true,8 am–7 pm,8 am–7 pm,8 am–7 pm,8 am–7 pm,8 am–7 pm,10 am–5 pm,Closed,"https://www.google.com/maps/search/Psychiatry+clinics+in+Sweetwater+Abilene+TX/@32.4534878,-99.7312829,14z",2025-12-16T00:41:03.820Z,LGBTQ+ friendly,
"https://www.google.com/maps/place/Hoy+Grace/@32.4342543,-99.7658646,17z/data=!3m1!4b1!4m6!3m5!1s0x86568e7e6561cbc9:0x49cc899ac803d689!8m2!3d32.4342543!4d-99.7658646!16s%2Fg%2F1tfddwvp",Hoy Grace,,,Social worker,"1290 S Willis St # 111, Abilene, TX 79605, United States","C6MM+PM Abilene, Texas, USA",,+1 325-690-1979,,,false,,,,,,,,"https://www.google.com/maps/search/Psychiatry+clinics+in+Sweetwater+Abilene+TX/@32.4534878,-99.7312829,14z",2025-12-16T00:41:08.403Z,,
https://www.google.com/maps/place/Amy+Leverton+Clinical+Services/data=!4m7!3m6!1s0x86568f6f1758285f:0x6204cf84071d75e0!8m2!3d32.4521612!4d-99.7355541!16s%2Fg%2F11m74_4vs7!19sChIJXyhYF2-PVoYR4HUdB4TPBGI,Amy Leverton Clinical Services,,,Mental health service,"318 Cedar St, Abilene, TX 79601, United States","F727+VQ Abilene, Texas, USA",https://www.psychologytoday.com/profile/1459012,+1 325-734-8585,Open · Closes 9 pm,https://streetviewpixels-pa.googleapis.com/v1/thumbnail?panoid=99XDxOK6o9XANjqDDHAnAg&cb_client=search.gws-prod.gps&w=408&h=240&yaw=280.92688&pitch=0&thumbfov=100,true,6–9 pm,6–9 pm,Closed,6–9 pm,6–9 pm,9 am–5 pm,Closed,"https://www.google.com/maps/search/Psychiatry+clinics+in+Sweetwater+Abilene+TX/@32.4534878,-99.7312829,14z",2025-12-16T00:41:13.071Z,,
"https://www.google.com/maps/place/Abilene+Brain+Center/@32.4283087,-99.7881735,17z/data=!3m1!4b1!4m6!3m5!1s0x86568f5abcb82113:0x3b4444e6e8074034!8m2!3d32.4283087!4d-99.7881735!16s%2Fg%2F11kc4j7d56",Abilene Brain Center,,,Mental health service,"1702 S Clack St Suite 3, Abilene, TX 79605, United States","C6H6+8P Abilene, Texas, USA",https://myabilenebrain.com/,+1 325-269-0250,Closed · Opens 9 am Tue,,true,"9 am–12 pm, 1–5 pm","9 am–12 pm, 1–5 pm","9 am–12 pm, 1–5 pm","9 am–12 pm, 1–5 pm","9 am–12 pm, 1–5 pm",Closed,Closed,"https://www.google.com/maps/search/Psychiatry+clinics+in+Sweetwater+Abilene+TX/@32.4534878,-99.7312829,14z",2025-12-16T00:41:19.966Z,,
https://www.google.com/maps/place/New+Hope+Behavioral+Health/data=!4m7!3m6!1s0x86568d7299000001:0x5f902d006edd5d1f!8m2!3d32.4018144!4d-99.7418628!16s%2Fg%2F11gb3r7y24!19sChIJAQAAmXKNVoYRH13dbgAtkF8,New Hope Behavioral Health,3.0,30,Psychiatrist,"1500 Industrial Blvd Suite 202, Abilene, TX 79602, United States","C725+P7 Abilene, Texas, USA",https://www.healthgrades.com/group-directory/tx-texas/abilene/new-hope-behavioral-health-abilene-tx-oyxsvwg,+1 325-480-2900,Closed · Opens 8:30 am Tue,https://streetviewpixels-pa.googleapis.com/v1/thumbnail?panoid=QlN5e4oe-zzT_6lYNh_7Ew&cb_client=search.gws-prod.gps&w=408&h=240&yaw=353.38727&pitch=0&thumbfov=100,true,"8:30 am–12 pm, 12:30–6 pm","8:30 am–12 pm, 12:30–6 pm","8:30 am–12 pm, 12:30–6 pm","8:30 am–12 pm, 12:30–6 pm",8:30 am–12:30 pm,Closed,Closed,"https://www.google.com/maps/search/Psychiatry+clinics+in+Sweetwater+Abilene+TX/@32.4534878,-99.7312829,14z",2025-12-16T00:41:25.065Z,,
https://www.google.com/maps/place/Early+Childhood+Intervention/data=!4m7!3m6!1s0x86568e3cf0658f29:0xb79baed2d6675cc8!8m2!3d32.4570157!4d-99.7368472!16s%2Fg%2F1tffprvd!19sChIJKY9l8DyOVoYRyFxn1tKum7c,Early Childhood Intervention,5.0,2,Mental health service,"765 Orange St, Abilene, TX 79601, United States","F747+R7 Abilene, Texas, USA",https://www.hhs.texas.gov/,+1 325-627-0908,,https://streetviewpixels-pa.googleapis.com/v1/thumbnail?panoid=PFN-LKNYGVYOqfolLzzCdw&cb_client=search.gws-prod.gps&w=408&h=240&yaw=96.49308&pitch=0&thumbfov=100,false,,,,,,,,"https://www.google.com/maps/search/Psychiatry+clinics+in+Sweetwater+Abilene+TX/@32.4534878,-99.7312829,14z",2025-12-16T00:41:27.871Z,,
"https://www.google.com/maps/place/Mosaic+Wellness,+LLC/data=!4m7!3m6!1s0x86568d3ff6bff719:0xad45d39dcec25d51!8m2!3d32.4234867!4d-99.7904901!16s%2Fg%2F11hzyhnf0r!19sChIJGfe_9j-NVoYRUV3Czp3TRa0","Mosaic Wellness, LLC",3.8,25,Marriage or relationship counselor,"5189 Texas Ave, Abilene, TX 79605, United States","C6F5+9R Abilene, Texas, USA",http://mosaicwellnessonline.com/,+1 325-232-7530,Closes soon · 7 pm · Opens 9 am Tue,https://lh3.googleusercontent.com/gps-cs-s/AG0ilSwYZpAgMFIIt7SpaOfdMpTfrQF3klYUpXU-EMRjkQgavSYxJqMUJ8NGa59ackP4X0RoCdWt3RV9dH8lu01NNU9A305s9M-wtlFVqeCXE-nR26WP_oSDBnJTl4iciMNeElYgLQieIQaROED5=w408-h306-k-no,true,9 am–7 pm,9 am–7 pm,9 am–7 pm,9 am–7 pm,9 am–7 pm,9 am–1 pm,Closed,"https://www.google.com/maps/search/Psychiatry+clinics+in+Sweetwater+Abilene+TX/@32.4534878,-99.7312829,14z",2025-12-16T00:41:32.841Z,,
"https://www.google.com/maps/place/Behavioral+Focus,+LLC/data=!4m7!3m6!1s0x865693355675bde9:0xefdcf96802f14b0b!8m2!3d32.4189092!4d-99.7500614!16s%2Fg%2F11td3v09y2!19sChIJ6b11VjWTVoYRC0vxAmj53O8","Behavioral Focus, LLC",2.8,13,Specialized clinic,"2510 Buffalo Gap Rd, Abilene, TX 79605, United States","C69X+HX Abilene, Texas, USA",http://behavioralfocus.net/,+1 325-530-4089,Closed · Opens 10 am Tue,https://lh3.googleusercontent.com/p/AF1QipO3B_fHpIXEWx5PMhNWyzT2EOd6kOiH8nL0Y-BC=w408-h306-k-no,true,10 am–2 pm,10 am–2 pm,10 am–2 pm,10 am–2 pm,10 am–2 pm,Closed,Closed,"https://www.google.com/maps/search/Psychiatry+clinics+in+Sweetwater+Abilene+TX/@32.4534878,-99.7312829,14z",2025-12-16T00:41:37.800Z,Identifies as women-owned,
https://www.google.com/maps/place/Drug+Detox+Abilene/data=!4m7!3m6!1s0x86568fcae2f11bcd:0xf49a233fc59c26a5!8m2!3d32.452181!4d-99.7683475!16s%2Fg%2F11vlg76v0l!19sChIJzRvx4sqPVoYRpSacxT8jmvQ,Drug Detox Abilene,,,Mental health service,"N 1st St, Abilene, TX 79603, United States","F62J+VM Abilene, Texas, USA",https://www.allenrecovery.org/abilene-tx/,+1 325-480-8076,Open 24 hours,https://streetviewpixels-pa.googleapis.com/v1/thumbnail?panoid=OKB5mVaZvUVMrnKCuddSQA&cb_client=search.gws-prod.gps&w=408&h=240&yaw=241.82507&pitch=0&thumbfov=100,true,Open 24 hours,Open 24 hours,Open 24 hours,Open 24 hours,Open 24 hours,Open 24 hours,Open 24 hours,"https://www.google.com/maps/search/Psychiatry+clinics+in+Sweetwater+Abilene+TX/@32.4534878,-99.7312829,14z",2025-12-16T00:41:42.548Z,,
https://www.google.com/maps/place/Brian+Hudspeth+%26+Associates/data=!4m7!3m6!1s0x86568e1830369e77:0xecfb832036171dfa!8m2!3d32.4529227!4d-99.7340976!16s%2Fg%2F11bc7ql3g_!19sChIJd542MBiOVoYR-h0XNiCD--w,Brian Hudspeth & Associates,3.7,9,Mental health clinic,"402 Cypress St Suite 602, Abilene, TX 79601, United States","F738+59 Abilene, Texas, USA",http://www.brianhudspeth.com/,+1 325-518-6243,Closed · Opens 9 am Tue,https://lh3.googleusercontent.com/p/AF1QipO79ye6OjpPsN8AElzwmuehRgbKcnNCffusXQqU=w507-h240-k-no,true,9 am–5 pm,9 am–5 pm,9 am–5 pm,9 am–5 pm,9 am–5 pm,10 am–4 pm,Closed,"https://www.google.com/maps/search/Psychiatry+clinics+in+Sweetwater+Abilene+TX/@32.4534878,-99.7312829,14z",2025-12-16T00:41:47.497Z,,
https://www.google.com/maps/place/Abilene+Psychiatric+Associates:+Strobel+Roddy+MD/data=!4m7!3m6!1s0x86568d913be3d5ed:0xc73273c322b13a72!8m2!3d32.4010056!4d-99.739058!16s%2Fg%2F1tg9hzpz!19sChIJ7dXjO5GNVoYRcjqxIsNzMsc,Abilene Psychiatric Associates: Strobel Roddy MD,,,Psychiatrist,"1111 Industrial Blvd # 2, Abilene, TX 79602, United States","C726+C9 Abilene, Texas, USA",,+1 325-795-9140,,https://streetviewpixels-pa.googleapis.com/v1/thumbnail?panoid=zT_wFqOiQnWyNg9QMHZBtQ&cb_client=search.gws-prod.gps&w=408&h=240&yaw=180.24487&pitch=0&thumbfov=100,false,,,,,,,,"https://www.google.com/maps/search/Psychiatry+clinics+in+Sweetwater+Abilene+TX/@32.4534878,-99.7312829,14z",2025-12-16T00:41:50.335Z,,
https://www.google.com/maps/place/Culpepper%27s/data=!4m7!3m6!1s0x86568e1a08f75783:0xf2fb79a68e887355!8m2!3d32.447194!4d-99.7341106!16s%2Fg%2F1vvdvmp3!19sChIJg1f3CBqOVoYRVXOIjqZ5-_I,Culpepper's,,,Mental health service,"234 Chestnut St, Abilene, TX 79602, United States","C7W8+V9 Abilene, Texas, USA",,+1 325-672-1071,,https://streetviewpixels-pa.googleapis.com/v1/thumbnail?panoid=YP1aJV8GSdyKr9ELvtoF3Q&cb_client=search.gws-prod.gps&w=408&h=240&yaw=262.4987&pitch=0&thumbfov=100,false,,,,,,,,"https://www.google.com/maps/search/Psychiatry+clinics+in+Sweetwater+Abilene+TX/@32.4534878,-99.7312829,14z",2025-12-16T00:41:52.946Z,,
"https://www.google.com/maps/place/Valorie+Cadoo+MA+MFT+PLLC/@32.4838865,-99.745403,11z/data=!3m1!4b1!4m6!3m5!1s0x86568fe60cac0343:0x616b48558fd084de!8m2!3d32.4838865!4d-99.745403!16s%2Fg%2F11hj2qpbnz",Valorie Cadoo MA MFT PLLC,,,Mental health clinic,,,http://www.therapywithvalorie.com/,+1 325-733-6065,Closes soon · 7:30 pm · Opens 9 am Tue,,true,9 am–7:30 pm,9 am–7:30 pm,9 am–7:30 pm,9 am–7:30 pm,9 am–7:30 pm,Closed,Closed,"https://www.google.com/maps/search/Psychiatry+clinics+in+Sweetwater+Abilene+TX/@32.4534878,-99.7312829,14z",2025-12-16T00:41:59.473Z,,
"https://www.google.com/maps/place/Jennifer+R.+Smothermon,+LPC/data=!4m7!3m6!1s0x86568e168581ea55:0x22fef29943106ac3!8m2!3d32.4501893!4d-99.7395952!16s%2Fg%2F1tm8k_m0!19sChIJVeqBhRaOVoYRw2oQQ5ny_iI","Jennifer R. Smothermon, LPC",5.0,1,Counselor,"1502 N 1st St, Abilene, TX 79601, United States","F726+35 Abilene, Texas, USA",http://www.ministryofcounseling.com/,+1 325-672-9999,,https://streetviewpixels-pa.googleapis.com/v1/thumbnail?panoid=1xgNAdrI_U-xuEGHo-nVIQ&cb_client=search.gws-prod.gps&w=408&h=240&yaw=285.999&pitch=0&thumbfov=100,false,,,,,,,,"https://www.google.com/maps/search/Psychiatry+clinics+in+Sweetwater+Abilene+TX/@32.4534878,-99.7312829,14z",2025-12-16T00:42:02.315Z,,
"https://www.google.com/maps/place/The+Exchange+Counseling,+PLLC/data=!4m7!3m6!1s0x86568f638f886b75:0xe205835fd99ad55!8m2!3d32.4538881!4d-99.768155!16s%2Fg%2F11vf5kl1kc!19sChIJdWuIj2OPVoYRVa2Z_TVYIA4","The Exchange Counseling, PLLC",3.7,3,Mental health service,"Westwood Professional Building, 598 Westwood Dr Suite 101, Abilene, TX 79603, United States","F63J+HP Abilene, Texas, USA",https://www.theexchangecounseling.com/,+1 325-244-5407,Closed · Opens 9 am Tue,https://lh3.googleusercontent.com/p/AF1QipP5bxPQXl8Iha6YT-3IMhraiT7CLYvm_xQZxeMF=w408-h418-k-no,true,9 am–6 pm,9 am–6 pm,9 am–6 pm,9 am–6 pm,9 am–12 pm,Closed,Closed,"https://www.google.com/maps/search/Psychiatry+clinics+in+Sweetwater+Abilene+TX/@32.4534878,-99.7312829,14z",2025-12-16T00:42:07.126Z,LGBTQ+ friendly,
https://www.google.com/maps/place/Crossroads+Counseling+and+Wellness/data=!4m7!3m6!1s0x86568f604f2d0833:0x9717cf8eb8788264!8m2!3d32.4526766!4d-99.7635774!16s%2Fg%2F11rsh22gq3!19sChIJMwgtT2CPVoYRZIJ4uI7PF5c,Crossroads Counseling and Wellness,,,Mental health service,"279 N Willis St, Abilene, TX 79603, United States","F63P+3H Abilene, Texas, USA",http://crossroadscounseling.life/,+1 325-261-0137,Closed · Opens 9 am Tue,https://lh3.googleusercontent.com/p/AF1QipMLMNo3pUmsxVN2tO2e6zGH0StkNTu9xdbvVHBV=w408-h272-k-no,true,9 am–5 pm,9 am–5 pm,9 am–5 pm,9 am–5 pm,9 am–3 pm,Closed,Closed,"https://www.google.com/maps/search/Psychiatry+clinics+in+Sweetwater+Abilene+TX/@32.4534878,-99.7312829,14z",2025-12-16T00:42:11.945Z,LGBTQ+ friendly,
https://www.google.com/maps/place/New+Life+Counseling/data=!4m7!3m6!1s0x86568f37d51d0121:0xb07455880d769ff3!8m2!3d32.4521623!4d-99.735594!16s%2Fg%2F11hzw2f6lf!19sChIJIQEd1TePVoYR8592DYhVdLA,New Life Counseling,3.9,7,Counselor,"318 Cedar St, Abilene, TX 79601, United States","F727+VQ Abilene, Texas, USA",http://www.abilenenewlifecounseling.org/,+1 325-734-8585,Closed · Opens 9 am Tue,https://lh3.googleusercontent.com/p/AF1QipOSjJtTMMrlDteo0gs65PZ7GuOzzKbL9b1L-hXl=w408-h306-k-no,true,9 am–5 pm,9 am–5 pm,9 am–5 pm,9 am–5 pm,9 am–5 pm,Closed,Closed,"https://www.google.com/maps/search/Psychiatry+clinics+in+Sweetwater+Abilene+TX/@32.4534878,-99.7312829,14z",2025-12-16T00:42:16.750Z,LGBTQ+ friendly,
https://www.google.com/maps/place/Wherry+Jeffrey+N/data=!4m7!3m6!1s0x86568e1830a71c51:0x125a9e62a50d119e!8m2!3d32.4514015!4d-99.7337394!16s%2Fg%2F1vd76b8g!19sChIJURynMBiOVoYRnhENpWKeWhI,Wherry Jeffrey N,,,Psychologist,"1049 N 3rd St Suite 502, Abilene, TX 79601, United States","F728+HG Abilene, Texas, USA",,+1 325-672-8883,,https://streetviewpixels-pa.googleapis.com/v1/thumbnail?panoid=dR3g000tioPzejC8XHYqiA&cb_client=search.gws-prod.gps&w=408&h=240&yaw=193.61969&pitch=0&thumbfov=100,false,,,,,,,,"https://www.google.com/maps/search/Psychiatry+clinics+in+Sweetwater+Abilene+TX/@32.4534878,-99.7312829,14z",2025-12-16T00:42:19.322Z,,
https://www.google.com/maps/place/Turning+Point+Counseling/data=!4m7!3m6!1s0x86568e1a9cbfa975:0xaae7722d941a572!8m2!3d32.444255!4d-99.7343555!16s%2Fg%2F1thy06lh!19sChIJdam_nBqOVoYRcqVB2SJ3rgo,Turning Point Counseling,3.5,19,Marriage or relationship counselor,"500 Chestnut St #1001, Abilene, TX 79602, United States","C7V8+P7 Abilene, Texas, USA",https://turningptcounseling.com/,+1 325-437-1001,Closed · Opens 9 am Tue,https://streetviewpixels-pa.googleapis.com/v1/thumbnail?panoid=G4E1_WlRCh7bBvWf-Dl3Dg&cb_client=search.gws-prod.gps&w=408&h=240&yaw=337.5721&pitch=0&thumbfov=100,false,9 am–5 pm,9 am–5 pm,9 am–5 pm,9 am–5 pm,9 am–5 pm,Closed,Closed,"https://www.google.com/maps/search/Psychiatry+clinics+in+Sweetwater+Abilene+TX/@32.4534878,-99.7312829,14z",2025-12-16T00:42:24.098Z,,
https://www.google.com/maps/place/Orner+Marc+M+PhD+LMFT/data=!4m7!3m6!1s0x865691f456d9f5c3:0xda496335a54deb4a!8m2!3d32.4535444!4d-99.7655341!16s%2Fg%2F1pv2c7pck!19sChIJw_XZVvSRVoYRSutNpTVjSdo,Orner Marc M PhD LMFT,5.0,3,Counselor,"3444 N 1st St #101, Abilene, TX 79603, United States","F63M+CQ Abilene, Texas, USA",http://www.abileneprofessionalcenter.com/,+1 325-690-1313,Closed · Opens 8 am Tue,https://streetviewpixels-pa.googleapis.com/v1/thumbnail?panoid=40K0zUVH_ZZociTs91UxbQ&cb_client=search.gws-prod.gps&w=408&h=240&yaw=27.0594&pitch=0&thumbfov=100,true,8 am–5 pm,8 am–5 pm,8 am–5 pm,8 am–5 pm,8 am–5 pm,Closed,Closed,"https://www.google.com/maps/search/Psychiatry+clinics+in+Sweetwater+Abilene+TX/@32.4534878,-99.7312829,14z",2025-12-16T00:42:29.103Z,,
https://www.google.com/maps/place/Beyond+the+Bump+Marriage+and+Family+Therapy/data=!4m7!3m6!1s0x86568f6c4bb16cc9:0x38c28065fe21c457!8m2!3d32.4521615!4d-99.735594!16s%2Fg%2F11v55b36hv!19sChIJyWyxS2yPVoYRV8Qh_mWAwjg,Beyond the Bump Marriage and Family Therapy,3.0,2,Mental health clinic,"318 Cedar St Ste 4, Abilene, TX 79601, United States","F727+VQ Abilene, Texas, USA",https://beyondthebumptherapy.com/,+1 325-896-4174,Closed · Opens 8 am Tue,https://streetviewpixels-pa.googleapis.com/v1/thumbnail?panoid=99XDxOK6o9XANjqDDHAnAg&cb_client=search.gws-prod.gps&w=408&h=240&yaw=279.73135&pitch=0&thumbfov=100,true,8 am–4 pm,8 am–4 pm,8 am–4 pm,8 am–4 pm,8 am–4 pm,Closed,Closed,"https://www.google.com/maps/search/Psychiatry+clinics+in+Sweetwater+Abilene+TX/@32.4534878,-99.7312829,14z",2025-12-16T00:42:34.178Z,,
https://www.google.com/maps/place/Balance+Therapy/data=!4m7!3m6!1s0x86568d13174f3563:0x52db3adaea085dcd!8m2!3d32.4234257!4d-99.7904529!16s%2Fg%2F11ln538wjz!19sChIJYzVPFxONVoYRzV0I6to621I,Balance Therapy,,,Mental health service,"5189 Texas Ave, Abilene, TX 79605, United States","C6F5+9R Abilene, Texas, USA",https://holabalance.com/therapy/,+1 210-793-3311,Open · Closes 8 pm,https://lh3.googleusercontent.com/p/AF1QipOCj3W68mqXmjDLE4hq1eC_tt83cSvXDO0Pb0Og=w545-h240-k-no,true,7 am–8 pm,7 am–8 pm,7 am–8 pm,7 am–8 pm,7 am–8 pm,Closed,Closed,"https://www.google.com/maps/search/Psychiatry+clinics+in+Sweetwater+Abilene+TX/@32.4534878,-99.7312829,14z",2025-12-16T00:42:38.837Z,,
https://www.google.com/maps/place/Two+Sparrows+Therapy+%26+Counseling+PLLC/data=!4m7!3m6!1s0x86568fb682d0a0c7:0x76f907f79c251028!8m2!3d32.4546195!4d-99.7366365!16s%2Fg%2F11tc2mgn01!19sChIJx6DQgraPVoYRKBAlnPcH-XY,Two Sparrows Therapy & Counseling PLLC,,,Mental health clinic,"542 Hickory St Suite 202, Abilene, TX 79601, United States","F737+R8 Abilene, Texas, USA",http://twosparrowstherapy.com/,+1 325-665-8828,Closed · Opens 10 am Tue,https://lh3.googleusercontent.com/p/AF1QipPtb9CjaXgRHqmd0EpQF32oPpUJOnzb6-SFTlvO=w408-h363-k-no,true,10 am–6 pm,10 am–6 pm,10 am–6 pm,10 am–6 pm,10 am–4 pm,Closed,Closed,"https://www.google.com/maps/search/Psychiatry+clinics+in+Sweetwater+Abilene+TX/@32.4534878,-99.7312829,14z",2025-12-16T00:42:43.514Z,,
https://www.google.com/maps/place/Behavioral+Focus+LLC/data=!4m7!3m6!1s0x47f6246e662a4df9:0x9ff684305b55f3f5!8m2!3d32.4838865!4d-99.745403!16s%2Fg%2F11xspq9b6j!19sChIJ-U0qZm4k9kcR9fNVWzCE9p8,Behavioral Focus LLC,2.0,4,Applied behavior analysis therapist,,,https://behavioralfocus.net/,+1 325-530-4089,Closed · Opens 9 am Tue,https://lh3.googleusercontent.com/p/AF1QipP0_Bd9C_t85TvigxqT_Wsla2KAjrOpnJV3VU1j=w408-h544-k-no,true,9 am–6 pm,9 am–6 pm,9 am–6 pm,9 am–6 pm,9 am–6 pm,Closed,Closed,"https://www.google.com/maps/search/Psychiatry+clinics+in+Sweetwater+Abilene+TX/@32.4534878,-99.7312829,14z",2025-12-16T00:42:48.457Z,,
https://www.google.com/maps/place/Holistic+Heart+Space+Counseling/data=!4m7!3m6!1s0x86568d6611914c9b:0x89d3c7725a233df7!8m2!3d32.3978372!4d-99.7608544!16s%2Fg%2F11m6mmjc0k!19sChIJm0yREWaNVoYR9z0jWnLH04k,Holistic Heart Space Counseling,5.0,1,Mental health service,"4400 Buffalo Gap Rd Suite 2900, Abilene, TX 79606, United States","96XQ+4M Abilene, Texas, USA",https://www.psychologytoday.com/us/therapists/deconstruction-religious-trauma-carey-steen-abilene-tx/1186431,+1 325-219-4066,Closed · Opens 9 am Tue,https://lh3.googleusercontent.com/p/AF1QipMgrlkL3sjfhOyEUtpTw_ZLoy2tjmtdbpOh0I2F=w408-h306-k-no,true,9 am–4:30 pm,9 am–4:30 pm,9 am–4:30 pm,9 am–4:30 pm,9 am–2 pm,Closed,Closed,"https://www.google.com/maps/search/Psychiatry+clinics+in+Sweetwater+Abilene+TX/@32.4534878,-99.7312829,14z",2025-12-16T00:42:53.560Z,,
https://www.google.com/maps/place/Texas+Home+Management+Inc/data=!4m7!3m6!1s0x86568e744b9bc287:0x39fa28255978d02c!8m2!3d32.4329992!4d-99.7494344!16s%2Fg%2F1vn9phv0!19sChIJh8KbS3SOVoYRLNB4WSUo-jk,Texas Home Management Inc,,,Mental health service,"1366 Highland Ave, Abilene, TX 79605, United States","C7M2+56 Abilene, Texas, USA",,+1 325-673-6665,,https://streetviewpixels-pa.googleapis.com/v1/thumbnail?panoid=9FPdhAxL39kMBOKHjBCArQ&cb_client=search.gws-prod.gps&w=408&h=240&yaw=265.8101&pitch=0&thumbfov=100,false,,,,,,,,"https://www.google.com/maps/search/Psychiatry+clinics+in+Sweetwater+Abilene+TX/@32.4534878,-99.7312829,14z",2025-12-16T00:42:56.528Z,,
https://www.google.com/maps/place/Hinson+Waymon+R/data=!4m7!3m6!1s0x86568e1830a71c51:0xc1f8eefcfcab9b!8m2!3d32.4514015!4d-99.7337394!16s%2Fg%2F1tf48ksg!19sChIJURynMBiOVoYRm6v8_O74wQA,Hinson Waymon R,,,Psychologist,"1049 N 3rd St Suite 502, Abilene, TX 79601, United States","F728+HG Abilene, Texas, USA",,+1 325-672-8883,,https://streetviewpixels-pa.googleapis.com/v1/thumbnail?panoid=dR3g000tioPzejC8XHYqiA&cb_client=search.gws-prod.gps&w=408&h=240&yaw=193.61969&pitch=0&thumbfov=100,false,,,,,,,,"https://www.google.com/maps/search/Psychiatry+clinics+in+Sweetwater+Abilene+TX/@32.4534878,-99.7312829,14z",2025-12-16T00:42:59.258Z,,
https://www.google.com/maps/place/Mikiel+Integrative+Health/data=!4m7!3m6!1s0x86568fdab34f4381:0x73070c0f06db5aff!8m2!3d32.4495915!4d-99.7652324!16s%2Fg%2F11hm0l9b7f!19sChIJgUNPs9qPVoYR_1rbBg8MB3M,Mikiel Integrative Health,4.0,24,Medical clinic,"3347 S 2nd St Ste 1, Abilene, TX 79605, United States","C6XM+RW Abilene, Texas, USA",https://rymaps.xyz/business/mikiel-integrative-health-k0motf,+1 325-208-3274,Closed · Opens 7:30 am Tue,https://lh3.googleusercontent.com/p/AF1QipPkpqttSjPe3b_85DjmtPQ5GnxJ8_H9iPpUHf3B=w408-h895-k-no,true,7:30 am–5 pm,7:30 am–5 pm,7:30 am–5 pm,7:30 am–5 pm,Closed,Closed,Closed,"https://www.google.com/maps/search/Psychiatry+clinics+in+Sweetwater+Abilene+TX/@32.4534878,-99.7312829,14z",2025-12-16T00:43:04.162Z,LGBTQ+ friendly,
"https://www.google.com/maps/place/Martin+Peggy/@32.4342543,-99.7658646,17z/data=!3m1!4b1!4m6!3m5!1s0x86568e7e6561cbc9:0xb9cd36fb0934d363!8m2!3d32.4342543!4d-99.7658646!16s%2Fg%2F1tdd5p8m",Martin Peggy,,,Psychotherapist,"1290 S Willis St # 121, Abilene, TX 79605, United States","C6MM+PM Abilene, Texas, USA",http://peggymartinlpc.com/,+1 325-692-8810,,,false,,,,,,,,"https://www.google.com/maps/search/Psychiatry+clinics+in+Sweetwater+Abilene+TX/@32.4534878,-99.7312829,14z",2025-12-16T00:43:08.911Z,,
https://www.google.com/maps/place/Beltway+Counseling+Group/data=!4m7!3m6!1s0x86568dd966397d2d:0x3d932b18143603d3!8m2!3d32.4209143!4d-99.7642319!16s%2Fg%2F11w9qjlk80!19sChIJLX05ZtmNVoYR0wM2FBgrkz0,Beltway Counseling Group,,,Family counselor,"2310 S Willis St, Abilene, TX 79605, United States","C6CP+98 Abilene, Texas, USA",https://beltwaycounseling.org/,+1 325-704-2400,Closes soon · 7 pm · Opens 8:30 am Tue,https://lh3.googleusercontent.com/p/AF1QipNni--fyagY_Ksc5zAjw_Ch9q2el1zUxeBvjVHH=w408-h271-k-no,true,8:30 am–7 pm,8:30 am–7 pm,8:30 am–7 pm,8:30 am–7 pm,8:30 am–7 pm,Closed,Closed,"https://www.google.com/maps/search/Psychiatry+clinics+in+Sweetwater+Abilene+TX/@32.4534878,-99.7312829,14z",2025-12-16T00:43:13.737Z,,
"https://www.google.com/maps/place/Abilene+Absolute+Recovery+Solutions,+OTP,+Methadone+%26+Buprenorphine+Clinic/data=!4m7!3m6!1s0x8656919db6453871:0xcfe23f175b64663c!8m2!3d32.4515!4d-99.7058887!16s%2Fg%2F11pr6jxl7k!19sChIJcThFtp2RVoYRPGZkWxc_4s8","Abilene Absolute Recovery Solutions, OTP, Methadone & Buprenorphine Clinic",4.9,35,Addiction treatment center,"429 N Judge Ely Blvd, Abilene, TX 79601, United States","F72V+HJ Abilene, Texas, USA",http://www.texasmethadone.com/,+1 325-400-8586,Closed · Opens 6:15 am Tue,https://lh3.googleusercontent.com/p/AF1QipP9Z0b62ww3AqSbfRU_9g1kQ94EoGqBtI3fH1il=w408-h544-k-no,true,6:15–11:45 am,6:15–11:45 am,6:15–11:45 am,6:15–11:45 am,6:15–11:45 am,Closed,Closed,"https://www.google.com/maps/search/Psychiatry+clinics+in+Sweetwater+Abilene+TX/@32.4534878,-99.7312829,14z",2025-12-16T00:43:18.670Z,LGBTQ+ friendly,
https://www.google.com/maps/place/Texas+Family+Institute/data=!4m7!3m6!1s0x86568e19f97538dd:0xab27e14b59d30899!8m2!3d32.4483187!4d-99.7340878!16s%2Fg%2F1tdyg149!19sChIJ3Th1-RmOVoYRmQjTWUvhJ6s,Texas Family Institute,3.7,9,Family counselor,"100 Chestnut St #101, Abilene, TX 79602, United States","C7X8+89 Abilene, Texas, USA",http://www.texasfamilyinstitute.org/,+1 325-676-8963,Closed · Opens 8 am Tue,https://streetviewpixels-pa.googleapis.com/v1/thumbnail?panoid=rppXDX7EsabFdtzKBk3FkA&cb_client=search.gws-prod.gps&w=408&h=240&yaw=281.73038&pitch=0&thumbfov=100,true,8 am–4 pm,8 am–4 pm,8 am–4 pm,8 am–4 pm,8 am–4 pm,Closed,Closed,"https://www.google.com/maps/search/Psychiatry+clinics+in+Sweetwater+Abilene+TX/@32.4534878,-99.7312829,14z",2025-12-16T00:43:23.571Z,,
"https://www.google.com/maps/place/Angeles+Ibarra+Private+Counseling/@31.1689103,-100.0768425,6z/data=!3m1!4b1!4m6!3m5!1s0x15ed1b8aa5eff09:0x805833ad5e649706!8m2!3d31.1689103!4d-100.0768425!16s%2Fg%2F11tp44z5q6",Angeles Ibarra Private Counseling,,,Mental health service,,,,+1 806-404-1798,,,true,,,,,,,,"https://www.google.com/maps/search/Psychiatry+clinics+in+Sweetwater+Abilene+TX/@32.4534878,-99.7312829,14z",2025-12-16T00:43:28.085Z,,
https://www.google.com/maps/place/Texas+Neuropsychology+Clinic/data=!4m7!3m6!1s0x865691f5b084c57f:0x91c7fda82b1ad97b!8m2!3d32.4328136!4d-99.7829366!16s%2Fg%2F1td05gqd!19sChIJf8WEsPWRVoYRe9kaK6j9x5E,Texas Neuropsychology Clinic,3.7,3,Neurophysiologist,"4755 Hartford St, Abilene, TX 79605, United States","C6M8+4R Abilene, Texas, USA",,+1 325-677-3172,Closed · Opens 9 am Tue,https://streetviewpixels-pa.googleapis.com/v1/thumbnail?panoid=glWe7ZcBftiRbT3ouFNKJA&cb_client=search.gws-prod.gps&w=408&h=240&yaw=20.237331&pitch=0&thumbfov=100,false,9 am–5 pm,9 am–5 pm,9 am–5 pm,9 am–5 pm,9 am–12 pm,Closed,Closed,"https://www.google.com/maps/search/Psychiatry+clinics+in+Sweetwater+Abilene+TX/@32.4534878,-99.7312829,14z",2025-12-16T00:43:32.726Z,,
"https://www.google.com/maps/place/Dr.+Olusegun+Bello/@32.372645,-99.7819807,17z/data=!3m1!4b1!4m6!3m5!1s0x86568d90d8900001:0x2f04cebc667ea91a!8m2!3d32.372645!4d-99.7819807!16s%2Fg%2F11p07bg27b",Dr. Olusegun Bello,3.0,4,Psychiatrist,"4601Antilley Rd Bldg. C Ste. 310, Abilene, TX 79606, United States","96F9+36 Abilene, Texas, USA",https://www.edenspringsbehavioral.com/about/,+1 325-691-0030,,,false,,,,,,,,"https://www.google.com/maps/search/Psychiatry+clinics+in+Sweetwater+Abilene+TX/@32.4534878,-99.7312829,14z",2025-12-16T00:43:37.510Z,,
"https://www.google.com/maps/place/John+Eric+Swenson+III,+PhD/data=!4m7!3m6!1s0x86568e168581ea55:0x882561936e659248!8m2!3d32.4501864!4d-99.7395791!16s%2Fg%2F1th49tj1!19sChIJVeqBhRaOVoYRSJJlbpNhJYg","John Eric Swenson III, PhD",,,Psychologist,"1502 N 1st St, Abilene, TX 79601, United States","F726+35 Abilene, Texas, USA",http://www.ministryofcounseling.com/,+1 325-672-9999,,https://streetviewpixels-pa.googleapis.com/v1/thumbnail?panoid=1xgNAdrI_U-xuEGHo-nVIQ&cb_client=search.gws-prod.gps&w=408&h=240&yaw=286.1561&pitch=0&thumbfov=100,false,,,,,,,,"https://www.google.com/maps/search/Psychiatry+clinics+in+Sweetwater+Abilene+TX/@32.4534878,-99.7312829,14z",2025-12-16T00:43:40.403Z,,
https://www.google.com/maps/place/Joy+Henderson/data=!4m7!3m6!1s0x86568e17eb2fffff:0x63417790475f6100!8m2!3d32.4521623!4d-99.735594!16s%2Fg%2F11qgb7b1ds!19sChIJ__8v6xeOVoYRAGFfR5B3QWM,Joy Henderson,,,Counselor,"318 Cedar St, Abilene, TX 79601, United States","F727+VQ Abilene, Texas, USA",,+1 325-672-7055,,https://streetviewpixels-pa.googleapis.com/v1/thumbnail?panoid=99XDxOK6o9XANjqDDHAnAg&cb_client=search.gws-prod.gps&w=408&h=240&yaw=279.88614&pitch=0&thumbfov=100,false,,,,,,,,"https://www.google.com/maps/search/Psychiatry+clinics+in+Sweetwater+Abilene+TX/@32.4534878,-99.7312829,14z",2025-12-16T00:43:43.044Z,,
https://www.google.com/maps/place/Desai+Devang+R+MD/data=!4m7!3m6!1s0x86568d913be3d5ed:0x68e1b5beef0d1873!8m2!3d32.4010056!4d-99.739058!16s%2Fg%2F12600jl97!19sChIJ7dXjO5GNVoYRcxgN77614Wg,Desai Devang R MD,,,Psychiatrist,"1111 Industrial Blvd # 2, Abilene, TX 79602, United States","C726+C9 Abilene, Texas, USA",,+1 325-795-9140,,https://streetviewpixels-pa.googleapis.com/v1/thumbnail?panoid=zT_wFqOiQnWyNg9QMHZBtQ&cb_client=search.gws-prod.gps&w=408&h=240&yaw=180.24487&pitch=0&thumbfov=100,false,,,,,,,,"https://www.google.com/maps/search/Psychiatry+clinics+in+Sweetwater+Abilene+TX/@32.4534878,-99.7312829,14z",2025-12-16T00:43:45.641Z,,
https://www.google.com/maps/place/Convenience+Cleaning/data=!4m7!3m6!1s0x86568ef9e108f501:0xd6ec06037b438412!8m2!3d32.4668396!4d-99.770484!16s%2Fg%2F11h9wf4mqn!19sChIJAfUI4fmOVoYREoRDewMG7NY,Convenience Cleaning,5.0,39,Janitorial service,"1449 Marsalis Dr, Abilene, TX 79603, United States","F68H+PR Abilene, Texas, USA",,,Open · Closes 9 pm,https://lh3.googleusercontent.com/p/AF1QipMMwgixdXFbFYVxGk5qB_SAmHWFU-Ud2rswm7dx=w408-h544-k-no,true,9 am–9 pm,9 am–9 pm,9 am–9 pm,9 am–9 pm,9 am–9 pm,11 am–5 pm,11 am–5 pm,"https://www.google.com/maps/search/Psychiatry+clinics+in+Sweetwater+Abilene+TX/@32.4534878,-99.7312829,14z",2025-12-16T00:43:50.552Z,LGBTQ+ friendly,
"https://www.google.com/maps/place/Mr.+Duane+Miller/@32.3712955,-99.7437357,17z/data=!3m1!4b1!4m6!3m5!1s0x86568d6ce3c00001:0xcede7dfed6a49e20!8m2!3d32.3712955!4d-99.7437357!16s%2Fg%2F11k3_jpd_w",Mr. Duane Miller,4.0,1,Psychiatrist,"6401 Directors Pkwy Ste 200, Abilene, TX 79606, United States",,,+1 325-690-0911,,,false,,,,,,,,"https://www.google.com/maps/search/Psychiatry+clinics+in+Sweetwater+Abilene+TX/@32.4534878,-99.7312829,14z",2025-12-16T00:43:55.163Z,,
https://www.google.com/maps/place/Abilene+Professional+Center/data=!4m7!3m6!1s0x86568e5faba5453d:0xc204ad244c5b6e05!8m2!3d32.4535444!4d-99.7655341!16s%2Fg%2F1263b_wjn!19sChIJPUWlq1-OVoYRBW5bTCStBMI,Abilene Professional Center,5.0,2,Counselor,"3444 N 1st St #101, Abilene, TX 79603, United States","F63M+CQ Abilene, Texas, USA",http://www.abilenecounseling.com/,+1 325-690-1313,Closed · Opens 8 am Tue,https://streetviewpixels-pa.googleapis.com/v1/thumbnail?panoid=40K0zUVH_ZZociTs91UxbQ&cb_client=search.gws-prod.gps&w=408&h=240&yaw=27.0594&pitch=0&thumbfov=100,true,8 am–5 pm,8 am–5 pm,8 am–5 pm,8 am–5 pm,8 am–5 pm,Closed,Closed,"https://www.google.com/maps/search/Psychiatry+clinics+in+Sweetwater+Abilene+TX/@32.4534878,-99.7312829,14z",2025-12-16T00:44:00.009Z,,
https://www.google.com/maps/place/Patrick+Heard/data=!4m7!3m6!1s0x86568e1076fb7c1b:0x7f3a7d1513adb6b3!8m2!3d32.4442838!4d-99.7346238!16s%2Fg%2F11sh29xykh!19sChIJG3z7dhCOVoYRs7atExV9On8,Patrick Heard,,,Counselor,"500 Chestnut St #1001, Abilene, TX 796021453, United States","C7V8+P5 Abilene, Texas, USA",https://www.turningptcounseling.com/therapists,+1 325-437-1001,Closes soon · 7 pm · Opens 8 am Tue,https://streetviewpixels-pa.googleapis.com/v1/thumbnail?panoid=G4E1_WlRCh7bBvWf-Dl3Dg&cb_client=search.gws-prod.gps&w=408&h=240&yaw=314.70178&pitch=0&thumbfov=100,false,8 am–7 pm,8 am–7 pm,8 am–7 pm,8 am–7 pm,8 am–5 pm,Closed,Closed,"https://www.google.com/maps/search/Psychiatry+clinics+in+Sweetwater+Abilene+TX/@32.4534878,-99.7312829,14z",2025-12-16T00:44:04.777Z,,
"https://www.google.com/maps/place/Dr.+Vidal+O.+Simpao,+MD/data=!4m7!3m6!1s0x86568dce30506009:0x3954fc7a1054c271!8m2!3d32.4170751!4d-99.760039!16s%2Fg%2F1tjrqd2y!19sChIJCWBQMM6NVoYRccJUEHr8VDk","Dr. Vidal O. Simpao, MD",4.0,1,Family practice physician,"3101 S 27th St, Abilene, TX 79605, United States","C68Q+RX Abilene, Texas, USA",https://weence.com/medical/doctors/abilene/dr-vidal-o-simpao-md/,+1 325-695-5440,,https://streetviewpixels-pa.googleapis.com/v1/thumbnail?panoid=WInWvHbVpJPyovBmo-O_mw&cb_client=search.gws-prod.gps&w=408&h=240&yaw=189.25471&pitch=0&thumbfov=100,false,,,,,,,,"https://www.google.com/maps/search/Psychiatry+clinics+in+Sweetwater+Abilene+TX/@32.4534878,-99.7312829,14z",2025-12-16T00:44:07.555Z,,
https://www.google.com/maps/place/Bacchus+%26+Vaughan+Neurology+Associates+LLP/data=!4m7!3m6!1s0x86568e2e73b5c3b7:0x9fa35d2e13e4b0ea!8m2!3d32.4551645!4d-99.7364655!16s%2Fg%2F1tr7jt6b!19sChIJt8O1cy6OVoYR6rDkEy5do58,Bacchus & Vaughan Neurology Associates LLP,3.8,16,Medical clinic,"602 Hickory St Ste B, Abilene, TX 79601, United States","F747+3C Abilene, Texas, USA",,+1 325-704-5120,Closed · Opens 7 am Tue,https://streetviewpixels-pa.googleapis.com/v1/thumbnail?panoid=bqtLg6Z1KGct5D7JrGWYIg&cb_client=search.gws-prod.gps&w=408&h=240&yaw=20.243092&pitch=0&thumbfov=100,true,7 am–5 pm,7 am–5 pm,7 am–5 pm,7 am–5 pm,7 am–12 pm,Closed,Closed,"https://www.google.com/maps/search/Psychiatry+clinics+in+Sweetwater+Abilene+TX/@32.4534878,-99.7312829,14z",2025-12-16T00:44:12.617Z,,
"https://www.google.com/maps/place/Leslie+M+Hutchins,+MD/data=!4m7!3m6!1s0x8657ef51254b7b1f:0xecfa62d8c4ed54d8!8m2!3d32.4720653!4d-99.7316943!16s%2Fg%2F11c5_51qxb!19sChIJH3tLJVHvV4YR2FTtxNhi-uw","Leslie M Hutchins, MD",4.7,46,Neurosurgeon,"1924 Pine St Ste 501, Abilene, TX 79601, United States","F7C9+R8 Abilene, Texas, USA",https://www.hendrickhealth.org/find-a-provider/leslie-m-hutchins-md/,+1 325-670-5145,,https://lh3.googleusercontent.com/p/AF1QipMPjulZIcmQY8tJxNQdLIBWE7xvHkZyhSeZl8nb=w408-h544-k-no,true,,,,,,,,"https://www.google.com/maps/search/Psychiatry+clinics+in+Sweetwater+Abilene+TX/@32.4534878,-99.7312829,14z",2025-12-16T00:44:15.471Z,,
"https://www.google.com/maps/place/Dr.+Gary+Kula,+MD/data=!4m7!3m6!1s0x86568d913be3d5ed:0xba75058dc17deccf!8m2!3d32.4010056!4d-99.739058!16s%2Fg%2F1vl9rxjd!19sChIJ7dXjO5GNVoYRz-x9wY0Fdbo","Dr. Gary Kula, MD",,,Psychiatrist,"1111 Industrial Blvd # 2, Abilene, TX 79602, United States","C726+C9 Abilene, Texas, USA",,+1 325-795-9140,,https://streetviewpixels-pa.googleapis.com/v1/thumbnail?panoid=zT_wFqOiQnWyNg9QMHZBtQ&cb_client=search.gws-prod.gps&w=408&h=240&yaw=180.24487&pitch=0&thumbfov=100,false,,,,,,,,"https://www.google.com/maps/search/Psychiatry+clinics+in+Sweetwater+Abilene+TX/@32.4534878,-99.7312829,14z",2025-12-16T00:44:18.415Z,,
https://www.google.com/maps/place/Abilene+Community+Health+Center/data=!4m7!3m6!1s0x86568e2e9380aa55:0x55534d06f83cf195!8m2!3d32.469833!4d-99.7306677!16s%2Fg%2F11c0rt7tqm!19sChIJVaqAky6OVoYRlfE8-AZNU1U,Abilene Community Health Center,2.9,54,Medical clinic,"1749 Pine St, Abilene, TX 79601, United States","F799+WP Abilene, Texas, USA",https://www.ttuhsc.edu/nursing/combest/abilene.aspx,+1 325-696-0600,Closed · Opens 8 am Tue,https://lh3.googleusercontent.com/gps-cs-s/AG0ilSwflR90YqNm2VvwcBuaKjhuIeYxayxK2TaAHRBXU70AznfNaFGe6ia6f-qOkFvY0pPkjuqrdZjl9vPihzDFoHUe8SDS3DHYzIRPnHLk8C_Ti9nf8gMlFxkBnp2oulhw4dUrVpg2=w408-h307-k-no,false,"8 am–12 pm, 1–5 pm","8 am–12 pm, 1–5 pm","8 am–12 pm, 1–5 pm","8 am–12 pm, 1–5 pm","8 am–12 pm, 1–5 pm",Closed,Closed,"https://www.google.com/maps/search/Psychiatry+clinics+in+Sweetwater+Abilene+TX/@32.4534878,-99.7312829,14z",2025-12-16T00:44:23.505Z,,
https://www.google.com/maps/place/Summit+Of+Peace+Counseling/data=!4m7!3m6!1s0x8656913be018c3fd:0x2502bdd208b5fa7c!8m2!3d32.4364419!4d-99.7032827!16s%2Fg%2F11tmrkrv_q!19sChIJ_cMY4DuRVoYRfPq1CNK9AiU,Summit Of Peace Counseling,5.0,5,Marriage or relationship counselor,"1219 E South 11th St ste b 1, Abilene, TX 79602, United States","C7PW+HM Abilene, Texas, USA",https://summitofpeacecounseling.com/?utm_source=gmb&utm_medium=organic,+1 325-252-7348,Closed · Opens 8 am Tue,https://streetviewpixels-pa.googleapis.com/v1/thumbnail?panoid=m13Gr_W-0lB8Ltjr5Z7klw&cb_client=search.gws-prod.gps&w=408&h=240&yaw=185.31668&pitch=0&thumbfov=100,true,8 am–5 pm,8 am–5 pm,8 am–5 pm,8 am–5 pm,8 am–5 pm,Closed,Closed,"https://www.google.com/maps/search/Psychiatry+clinics+in+Sweetwater+Abilene+TX/@32.4534878,-99.7312829,14z",2025-12-16T00:44:28.441Z,Identifies as women-owned,true
"https://www.google.com/maps/place/David+P.+McAnulty,+PhD/data=!4m7!3m6!1s0x8656914e71be015f:0xc75e7243f51fd338!8m2!3d32.4678886!4d-99.7083241!16s%2Fg%2F11w_s740bb!19sChIJXwG-cU6RVoYRONMf9UNyXsc","David P. McAnulty, PhD",,,Psychologist,"McKinzie Hall, 1750 Campus Center Rd #3-D, Abilene, TX 79699, United States","F79R+5M Abilene, Texas, USA",,+1 325-513-8639,Closed · Opens 9 am Tue,https://streetviewpixels-pa.googleapis.com/v1/thumbnail?panoid=H-9mYxhgpUR2weM5pYPvGw&cb_client=search.gws-prod.gps&w=408&h=240&yaw=345.6696&pitch=0&thumbfov=100,true,9 am–5 pm,9 am–7 pm,9 am–7 pm,9 am–7 pm,9 am–5 pm,Closed,Closed,"https://www.google.com/maps/search/Psychiatry+clinics+in+Sweetwater+Abilene+TX/@32.4534878,-99.7312829,14z",2025-12-16T00:44:33.272Z,,
"https://www.google.com/maps/place/S.+Patrick+Fogle,+LPC/data=!4m7!3m6!1s0x865691f51dcf9fe5:0xdcbb933adbfb25c7!8m2!3d32.436299!4d-99.702744!16s%2Fg%2F1tywyc6_!19sChIJ5Z_PHfWRVoYRxyX72zqTu9w","S. Patrick Fogle, LPC",,,Counselor,"1219 E South 11th St, Abilene, TX 79602, United States","C7PW+GW Abilene, Texas, USA",http://patrickfogle.com/,+1 325-733-5058,Closed · Opens 8 am Tue,https://streetviewpixels-pa.googleapis.com/v1/thumbnail?panoid=_Wevddm-WpG1QNYMQGVIMg&cb_client=search.gws-prod.gps&w=408&h=240&yaw=335.0645&pitch=0&thumbfov=100,false,8 am–6 pm,8 am–6 pm,8 am–6 pm,8 am–6 pm,8 am–6 pm,Closed,Closed,"https://www.google.com/maps/search/Psychiatry+clinics+in+Sweetwater+Abilene+TX/@32.4534878,-99.7312829,14z",2025-12-16T00:44:38.449Z,,
"https://www.google.com/maps/place/Paul+B.+Irby,+LPC/data=!4m7!3m6!1s0x86568e168581ea55:0x37cfc15091d41851!8m2!3d32.4501893!4d-99.7395952!16s%2Fg%2F1tf7y3xb!19sChIJVeqBhRaOVoYRURjUkVDBzzc","Paul B. Irby, LPC",5.0,1,Counselor,"1502 N 1st St, Abilene, TX 79601, United States","F726+35 Abilene, Texas, USA",http://www.ministryofcounseling.com/,+1 325-672-9999,,https://streetviewpixels-pa.googleapis.com/v1/thumbnail?panoid=1xgNAdrI_U-xuEGHo-nVIQ&cb_client=search.gws-prod.gps&w=408&h=240&yaw=285.999&pitch=0&thumbfov=100,false,,,,,,,,"https://www.google.com/maps/search/Psychiatry+clinics+in+Sweetwater+Abilene+TX/@32.4534878,-99.7312829,14z",2025-12-16T00:44:41.187Z,,
"https://www.google.com/maps/place/Tim+Martin,+MD/data=!4m7!3m6!1s0x86568e2c3b003c59:0xbaa095f1ce892d83!8m2!3d32.4730699!4d-99.7650711!16s%2Fg%2F1td4q3dh!19sChIJWTwAOyyOVoYRgy2JzvGVoLo","Tim Martin, MD",4.8,955,Family practice physician,"2110 N Willis St # B, Abilene, TX 79603, United States","F6FM+6X Abilene, Texas, USA",https://www.drmartinfp.com/,+1 325-232-8675,,https://lh3.googleusercontent.com/p/AF1QipOVmkhEFPQC8LqlpowziirZNyDJRdDXKp5CaaUv=w408-h272-k-no,true,,,,,,,,"https://www.google.com/maps/search/Psychiatry+clinics+in+Sweetwater+Abilene+TX/@32.4534878,-99.7312829,14z",2025-12-16T00:44:46.669Z,LGBTQ+ friendly,
https://www.google.com/maps/place/Fleming+Sherry+D/data=!4m7!3m6!1s0x86568dade0263e5d:0xa6b997d5dae547da!8m2!3d32.3939213!4d-99.7622525!16s%2Fg%2F1tp_6th2!19sChIJXT4m4K2NVoYR2kfl2tWXuaY,Fleming Sherry D,3.7,3,Psychologist,"4601 Buffalo Gap Rd Ste. A-1, Abilene, TX 79606, United States","96VQ+H3 Abilene, Texas, USA",,+1 325-692-1530,,https://streetviewpixels-pa.googleapis.com/v1/thumbnail?panoid=AJjxt-2LxaJ5hK8TWJLLdA&cb_client=search.gws-prod.gps&w=408&h=240&yaw=101.83857&pitch=0&thumbfov=100,false,,,,,,,,"https://www.google.com/maps/search/Psychiatry+clinics+in+Sweetwater+Abilene+TX/@32.4534878,-99.7312829,14z",2025-12-16T00:44:49.785Z,,
https://www.google.com/maps/place/Ministry+of+Counseling+-+Notice+of+Privacy+Practices/data=!4m7!3m6!1s0x86568e1686d00001:0x43554c9aac5c82ca!8m2!3d32.4501893!4d-99.7395952!16s%2Fg%2F11qgylrlf8!19sChIJAQDQhhaOVoYRyoJcrJpMVUM,Ministry of Counseling - Notice of Privacy Practices,3.3,4,Association / Organization,"1502 N 1st St, Abilene, TX 79601, United States","F726+35 Abilene, Texas, USA",http://www.ministryofcounseling.com/Contact_Us.html,+1 325-672-9999,Open · Closes 8 pm,https://streetviewpixels-pa.googleapis.com/v1/thumbnail?panoid=1xgNAdrI_U-xuEGHo-nVIQ&cb_client=search.gws-prod.gps&w=408&h=240&yaw=285.999&pitch=0&thumbfov=100,false,8 am–8 pm,8 am–8 pm,8 am–8 pm,8 am–8 pm,8 am–12 pm,Closed,Closed,"https://www.google.com/maps/search/Psychiatry+clinics+in+Sweetwater+Abilene+TX/@32.4534878,-99.7312829,14z",2025-12-16T00:44:54.565Z,,
https://www.google.com/maps/place/HSU+Psychology+%26+Counseling+Center/data=!4m7!3m6!1s0x86568fcd78b9cfdf:0x511e6e500c7fd860!8m2!3d32.4754763!4d-99.7308737!16s%2Fg%2F11g69gwznc!19sChIJ38-5eM2PVoYRYNh_DFBuHlE,HSU Psychology & Counseling Center,,,Educational institution,"2200 Pine St, Abilene, TX 79601, United States","F7G9+5M Abilene, Texas, USA",http://www.hsutx.edu/academics/cap/psychology/counseling-center/,+1 325-670-1531,Closed · Opens 8 am Tue,https://streetviewpixels-pa.googleapis.com/v1/thumbnail?panoid=97eAXt3Gw2ZwEgSLQda-rA&cb_client=search.gws-prod.gps&w=408&h=240&yaw=97.54794&pitch=0&thumbfov=100,false,8 am–5 pm,8 am–5 pm,8 am–5 pm,8 am–5 pm,8 am–5 pm,Closed,Closed,"https://www.google.com/maps/search/Psychiatry+clinics+in+Sweetwater+Abilene+TX/@32.4534878,-99.7312829,14z",2025-12-16T00:44:59.431Z,,
"https://www.google.com/maps/place/Christy+Hernandez,+LPC/data=!4m7!3m6!1s0x86568dc590631c6f:0x3735751185fefcc7!8m2!3d32.3974658!4d-99.7623136!16s%2Fg%2F11p08dzxyl!19sChIJbxxjkMWNVoYRx_z-hRF1NTc","Christy Hernandez, LPC",,,Mental health service,"4400 Buffalo Gap Rd Suite 2550, Abilene, TX 79606, United States","96WQ+X3 Abilene, Texas, USA",,+1 325-201-7900,Closed · Opens 8 am Tue,https://lh3.googleusercontent.com/p/AF1QipORqeX3auxxnDoWpm_TtXLcKwdgmZogelnTFI0g=w408-h306-k-no,true,8 am–5 pm,8 am–5 pm,8 am–5 pm,8 am–5 pm,Closed,Closed,Closed,"https://www.google.com/maps/search/Psychiatry+clinics+in+Sweetwater+Abilene+TX/@32.4534878,-99.7312829,14z",2025-12-16T00:45:04.148Z,,
https://www.google.com/maps/place/Tabitha+Kelly/data=!4m7!3m6!1s0x86568d96909aaaab:0xcb1465867904a3a1!8m2!3d32.4018144!4d-99.7418628!16s%2Fg%2F11rkj8m19h!19sChIJq6qakJaNVoYRoaMEeYZlFMs,Tabitha Kelly,5.0,1,Psychiatrist,"1500 Industrial Blvd Suite 202, Abilene, TX 796028004, United States","C725+P7 Abilene, Texas, USA",,+1 325-480-2900,Temporarily closed,https://streetviewpixels-pa.googleapis.com/v1/thumbnail?panoid=QlN5e4oe-zzT_6lYNh_7Ew&cb_client=search.gws-prod.gps&w=408&h=240&yaw=353.38727&pitch=0&thumbfov=100,false,,,,,,,,"https://www.google.com/maps/search/Psychiatry+clinics+in+Sweetwater+Abilene+TX/@32.4534878,-99.7312829,14z",2025-12-16T00:45:08.991Z,,
https://www.google.com/maps/place/Waseem+Ahmed/data=!4m7!3m6!1s0x86568d96909aaaab:0xb17260ec27745d82!8m2!3d32.4018144!4d-99.7418628!16s%2Fg%2F11p07b0d60!19sChIJq6qakJaNVoYRgl10J-xgcrE,Waseem Ahmed,5.0,2,Psychiatrist,"1500 Industrial Blvd, Abilene, TX 79602, United States",,,+1 325-480-2900,Temporarily closed,https://streetviewpixels-pa.googleapis.com/v1/thumbnail?panoid=mEao9JKiUO7xro9rFv5SFA&cb_client=search.gws-prod.gps&w=408&h=240&yaw=4.0970364&pitch=0&thumbfov=100,false,,,,,,,,"https://www.google.com/maps/search/Psychiatry+clinics+in+Sweetwater+Abilene+TX/@32.4534878,-99.7312829,14z",2025-12-16T00:45:13.876Z,,
https://www.google.com/maps/place/Big+Country+Mental+Health/data=!4m7!3m6!1s0x86568d1333e9a31b:0xe568c02dda833b1c!8m2!3d32.3721237!4d-99.7442169!16s%2Fg%2F11f_kn3__0!19sChIJG6PpMxONVoYRHDuD2i3AaOU,Big Country Mental Health,2.7,3,Mental health clinic,"1665 Antilley Rd Suite 270, Abilene, TX 79606, United States","97C4+R8 Abilene, Texas, USA",,+1 325-793-5254,Temporarily closed,https://streetviewpixels-pa.googleapis.com/v1/thumbnail?panoid=-tqNVBrymAOykwgBm7Xgpw&cb_client=search.gws-prod.gps&w=408&h=240&yaw=91.63038&pitch=0&thumbfov=100,false,,,,,,,,"https://www.google.com/maps/search/Psychiatry+clinics+in+Sweetwater+Abilene+TX/@32.4534878,-99.7312829,14z",2025-12-16T00:45:18.902Z,,
"https://www.google.com/maps/place/John+Casada/@32.4073176,-99.7696985,17z/data=!3m1!4b1!4m6!3m5!1s0x86568c356cbfffff:0x5316a0379331dd33!8m2!3d32.4073176!4d-99.7696985!16s%2Fg%2F11p07bh3v7",John Casada,,,Psychiatrist,"1 Village Dr Suite 350, Abilene, TX 79606, United States","C64J+W4 Abilene, Texas, USA",,+1 325-672-7055,Temporarily closed,,false,,,,,,,,"https://www.google.com/maps/search/Psychiatry+clinics+in+Sweetwater+Abilene+TX/@32.4534878,-99.7312829,14z",2025-12-16T00:45:25.702Z,,
https://www.google.com/maps/place/Serenity+House/data=!4m7!3m6!1s0x86568e1659b39ad9:0x6a69918938fab06d!8m2!3d32.451233!4d-99.7399379!16s%2Fg%2F1v_ncy4z!19sChIJ2ZqzWRaOVoYRbbD6OImRaWo,Serenity House,4.5,170,Halfway house,"1546 N 2nd St, Abilene, TX 79601, United States","F726+F2 Abilene, Texas, USA",http://serenitytexas.com/,+1 325-673-6489,Open 24 hours,https://lh3.googleusercontent.com/p/AF1QipP-TfKZSGjJELjJ0aJFWCFe62EBTADC9qawavxY=w408-h301-k-no,true,Open 24 hours,Open 24 hours,Open 24 hours,Open 24 hours,Open 24 hours,Open 24 hours,Open 24 hours,"https://www.google.com/maps/search/Psychiatry+clinics+in+Clyde+Abilene+TX/@32.4534878,-99.7312829,14z",2025-12-16T00:46:23.039Z,,
https://www.google.com/maps/place/Stella/data=!4m7!3m6!1s0x86568d396e9d9f59:0x9ad79bb9fa436826!8m2!3d32.3978287!4d-99.7632506!16s%2Fg%2F11ry60l66n!19sChIJWZ-dbjmNVoYRJmhD-rmb15o,Stella,,,Mental health service,"4351 Ridgemont Dr, Abilene, TX 79606, United States","96XP+4M Abilene, Texas, USA",http://stellacenter.com/,,Open · Closes 8 pm,https://streetviewpixels-pa.googleapis.com/v1/thumbnail?panoid=T2YBs_Hn6YlzPowCpDuE1g&cb_client=search.gws-prod.gps&w=408&h=240&yaw=307.53268&pitch=0&thumbfov=100,true,8 am–8 pm,8 am–8 pm,8 am–8 pm,8 am–8 pm,8 am–8 pm,8 am–12 pm,Closed,"https://www.google.com/maps/search/Psychiatry+clinics+in+Clyde+Abilene+TX/@32.4534878,-99.7312829,14z",2025-12-16T00:46:27.897Z,,
https://www.google.com/maps/place/Dr.+Indira+Maharaj-Mikiel/data=!4m7!3m6!1s0x86568e605f055555:0x2ebe7da46c5c44ac!8m2!3d32.4495915!4d-99.7652324!16s%2Fg%2F11rwxdxshd!19sChIJVVUFX2COVoYRrERcbKR9vi4,Dr. Indira Maharaj-Mikiel,3.2,16,Family practice physician,"3347 S 2nd St Ste 1, Abilene, TX 79605, United States","C6XM+RW Abilene, Texas, USA",https://rymap.org/business/dr-indira-maharaj-mikiel-3b8exz,+1 325-208-3274,Closed · Opens 7:30 am Tue,https://lh3.googleusercontent.com/p/AF1QipOyxyHeZKd-COY4Prb99b9jqoULaIY3XyxBrN37=w408-h544-k-no,true,7:30 am–5 pm,7:30 am–5 pm,7 am–5 pm,7:30 am–5 pm,Closed,Closed,Closed,"https://www.google.com/maps/search/Psychiatry+clinics+in+Clyde+Abilene+TX/@32.4534878,-99.7312829,14z",2025-12-16T00:46:33.082Z,,
https://www.google.com/maps/place/Pastoral+Care+%26+Counseling+Services/data=!4m7!3m6!1s0x86568e3cf23f8889:0x7188765afca207be!8m2!3d32.4573722!4d-99.7365921!16s%2Fg%2F1tgdcv3q!19sChIJiYg_8jyOVoYRvgei_Fp2iHE,Pastoral Care & Counseling Services,5.0,1,Family counselor,"1317 N 8th St #200, Abilene, TX 79601, United States","F747+W9 Abilene, Texas, USA",,+1 325-672-5683,,https://streetviewpixels-pa.googleapis.com/v1/thumbnail?panoid=sYj57YxDDMdQ2fgmNBI7Gg&cb_client=search.gws-prod.gps&w=408&h=240&yaw=94.64853&pitch=0&thumbfov=100,false,,,,,,,,"https://www.google.com/maps/search/Psychiatry+clinics+in+Clyde+Abilene+TX/@32.4534878,-99.7312829,14z",2025-12-16T00:46:35.858Z,,
https://www.google.com/maps/place/Smith+Russell+J/data=!4m7!3m6!1s0x86568c370dcb5d27:0x68bfc16d3df9370d!8m2!3d32.4088176!4d-99.7780811!16s%2Fg%2F1tdhfdwt!19sChIJJ13LDTeMVoYRDTf5PW3Bv2g,Smith Russell J,,,Psychologist,"3478 Catclaw Dr, Abilene, TX 79606, United States","C65C+GQ Abilene, Texas, USA",,+1 325-370-9541,,https://streetviewpixels-pa.googleapis.com/v1/thumbnail?panoid=NM_zZrmmkrkmjiqFR6VhWg&cb_client=search.gws-prod.gps&w=408&h=240&yaw=38.63758&pitch=0&thumbfov=100,false,,,,,,,,"https://www.google.com/maps/search/Psychiatry+clinics+in+Clyde+Abilene+TX/@32.4534878,-99.7312829,14z",2025-12-16T00:46:38.655Z,,
https://www.google.com/maps/place/Fleming+%26+Associates/data=!4m7!3m6!1s0x86568dade0263e5d:0xfa4510f30bd953d2!8m2!3d32.3936422!4d-99.7624229!16s%2Fg%2F1tdh8w62!19sChIJXT4m4K2NVoYR0lPZC_MQRfo,Fleming & Associates,,,Psychotherapist,"4601 Buffalo Gap Rd Suite A-1, Abilene, TX 79606, United States","96VQ+F2 Abilene, Texas, USA",,+1 325-692-1530,,https://streetviewpixels-pa.googleapis.com/v1/thumbnail?panoid=fsyzGnNsi2lo63nvPhrI7A&cb_client=search.gws-prod.gps&w=408&h=240&yaw=107.74296&pitch=0&thumbfov=100,false,,,,,,,,"https://www.google.com/maps/search/Psychiatry+clinics+in+Clyde+Abilene+TX/@32.4534878,-99.7312829,14z",2025-12-16T00:46:41.208Z,,
https://www.google.com/maps/place/ResourceCare+Merkel/data=!4m7!3m6!1s0x865664949274bd31:0x81e023210dcbf920!8m2!3d32.4722699!4d-100.0114146!16s%2Fg%2F11hd9gn80m!19sChIJMb10kpRkVoYRIPnLDSEj4IE,ResourceCare Merkel,4.8,231,Medical clinic,"217 Edwards St, Merkel, TX 79536, United States","FXCQ+WC Merkel, Texas, USA",http://www.resourcecare.org/,+1 325-928-0014,Closed · Opens 8 am Tue,https://streetviewpixels-pa.googleapis.com/v1/thumbnail?panoid=EHzCCwqoqb7PGpXJGU1pkQ&cb_client=search.gws-prod.gps&w=408&h=240&yaw=251.63719&pitch=0&thumbfov=100,true,8 am–5 pm,8 am–5 pm,8 am–5 pm,8 am–5 pm,8 am–5 pm,Closed,Closed,"https://www.google.com/maps/search/Psychiatry+clinics+in+Merkel+Abilene+TX/@32.4706777,-100.0128739,14z",2025-12-16T00:47:08.527Z,,
https://www.google.com/maps/place/Merkel+Family+Wellness+Clinic/data=!4m7!3m6!1s0x865664e96012c595:0x33127fedee2be596!8m2!3d32.4716911!4d-100.0193105!16s%2Fg%2F1tgcygtg!19sChIJlcUSYOlkVoYRluUr7u1_EjM,Merkel Family Wellness Clinic,,,Medical clinic,"1508 N 1st St St, Merkel, TX 79536, United States","FXCJ+M7 Merkel, Texas, USA",,+1 325-928-3313,,https://streetviewpixels-pa.googleapis.com/v1/thumbnail?panoid=XlS6_UJKu_AcmRTwmeQh6Q&cb_client=search.gws-prod.gps&w=408&h=240&yaw=280.10297&pitch=0&thumbfov=100,false,,,,,,,,"https://www.google.com/maps/search/Psychiatry+clinics+in+Merkel+Abilene+TX/@32.4706777,-100.0128739,14z",2025-12-16T00:47:11.269Z,,
https://www.google.com/maps/place/Boggs+Norman/data=!4m7!3m6!1s0x86568d9098040413:0x7beb2de652045a17!8m2!3d32.3978846!4d-99.7385746!16s%2Fg%2F1tf9np5k!19sChIJEwQEmJCNVoYRF1oEUuYt63s,Boggs Norman,,,Doctor,"1250 Petroleum Dr Admissions, Abilene, TX 79602, United States","97X6+5H Abilene, Texas, USA",,+1 325-201-0134,,https://streetviewpixels-pa.googleapis.com/v1/thumbnail?panoid=q1-dTLHtZ5qX48O4LPbqCQ&cb_client=search.gws-prod.gps&w=408&h=240&yaw=358.11887&pitch=0&thumbfov=100,false,,,,,,,,"https://www.google.com/maps/search/Psychiatry+clinics+in+Merkel+Abilene+TX/@32.4706777,-100.0128739,14z",2025-12-16T00:47:34.857Z,,
"https://www.google.com/maps/place/Martin+Pittman,+M.S.,+LPC/data=!4m7!3m6!1s0x86568c356cbfffff:0xc99855ffbd1f8221!8m2!3d32.378342!4d-99.7719503!16s%2Fg%2F11p07b5kvj!19sChIJ__-_bDWMVoYRIYIfvf9VmMk","Martin Pittman, M.S., LPC",4.9,17,Counselor,"5849 Buffalo Gap Rd Suite E, Abilene, TX 79606, United States","96HH+86 Abilene, Texas, USA",https://www.psychologytoday.com/us/therapists/martin-pittman-abilene-tx/284178,+1 325-939-8413,"Closed · Opens 8 am Tue

Updated by this business 8 weeks ago",https://lh3.googleusercontent.com/p/AF1QipNI_sxEedd5XvVcviVz-niUSfLez1cdhKAKFhE1=w408-h612-k-no,true,8 am–6 pm,8 am–6 pm,8 am–6 pm,8 am–6 pm,8 am–3 pm,Closed,Closed,"https://www.google.com/maps/search/Psychiatry+clinics+in+Merkel+Abilene+TX/@32.4706777,-100.0128739,14z",2025-12-16T00:47:50.750Z,,
https://www.google.com/maps/place/Passages+Abilene/data=!4m7!3m6!1s0x8656ed32c1981097:0x33df9409cb4922f9!8m2!3d32.3436252!4d-99.6914341!16s%2Fg%2F1pp2tztd3!19sChIJlxCYwTLtVoYR-SJJywmU3zM,Passages Abilene,5.0,1,Mental health service,"490 Vinson Road S, Abilene, TX 79602, United States","88V5+FC Abilene, Texas, USA",https://passagesabilene.com/,+1 325-733-8888,Closed · Opens 9 am Tue,https://streetviewpixels-pa.googleapis.com/v1/thumbnail?panoid=Y-7oLgT5MlBsWbq3r-f2TA&cb_client=search.gws-prod.gps&w=408&h=240&yaw=278.42664&pitch=0&thumbfov=100,true,9 am–6 pm,9 am–6 pm,9 am–6 pm,9 am–6 pm,9 am–6 pm,10 am–2 pm,Closed,"https://www.google.com/maps/search/Psychiatry+clinics+in+Merkel+Abilene+TX/@32.4706777,-100.0128739,14z",2025-12-16T00:47:55.464Z,,
https://www.google.com/maps/place/Shades+of+Hope+Center+of+Healing/data=!4m7!3m6!1s0x8656f4641eb9c7cd:0xe3be07a4e54b1eb6!8m2!3d32.2823972!4d-99.8291881!16s%2Fg%2F1tf43cjz!19sChIJzce5HmT0VoYRth5L5aQHvuM,Shades of Hope Center of Healing,3.7,28,Mental health service,"402 Mulberry St, Buffalo Gap, TX 79508, United States","75JC+X8 Buffalo Gap, Texas, USA",https://shadesofhope.com/?utm_source=gmb&utm_medium=organic,+1 800-588-4673,Closed · Opens 9 am Tue,https://lh3.googleusercontent.com/p/AF1QipMrfuUgp3CJ0Hi_-Ffu3tom2WMd_rM6SEkXDyt4=w408-h272-k-no,true,9 am–5 pm,9 am–5 pm,9 am–5 pm,9 am–5 pm,9 am–5 pm,9 am–5 pm,9 am–5 pm,"https://www.google.com/maps/search/Psychiatry+clinics+in+Buffalo+Gap+Abilene+TX/@32.2792968,-99.8300894,14z",2025-12-16T00:48:19.284Z,,
"https://www.google.com/maps/place/Rachel+Graves,+M.S.,+LPC/data=!4m7!3m6!1s0x86568d8c19990af9:0xf11dbf4b8fdae007!8m2!3d32.3724858!4d-99.7816262!16s%2Fg%2F11lf93vpm6!19sChIJ-QqZGYyNVoYRB-Daj0u_HfE","Rachel Graves, M.S., LPC",,,Mental health service,"4601 Antilley Rd Building C, Suite 305, Abilene, TX 79606, United States","96C9+X8 Abilene, Texas, USA",https://www.rachelgravesmslpc.com/,+1 325-238-5871,Closed · Opens 9 am Tue,https://lh3.googleusercontent.com/p/AF1QipMNB2k3C2kfgXRmQbo1h-h1hdghjCaZ_cs2yzvU=w408-h544-k-no,true,9 am–5 pm,9 am–5 pm,9 am–5 pm,9 am–5 pm,9 am–2 pm,Closed,Closed,"https://www.google.com/maps/search/Psychiatry+clinics+in+Buffalo+Gap+Abilene+TX/@32.2792968,-99.8300894,14z",2025-12-16T00:48:56.221Z,,
https://www.google.com/maps/place/BlueSprig+Abilene+South+-+ABA+Therapy+for+Autism/data=!4m7!3m6!1s0x86568df7ef268939:0x9e25b884b695619a!8m2!3d32.3737843!4d-99.7460094!16s%2Fg%2F11j42l6wf9!19sChIJOYkm7_eNVoYRmmGVtoS4JZ4,BlueSprig Abilene South - ABA Therapy for Autism,3.0,2,Applied behavior analysis therapist,"23 Hospital Dr #102, Abilene, TX 79606, United States","97F3+GH Abilene, Texas, USA",https://www.bluesprigautism.com/centers/texas/bluesprig-abilene-south/?utm_source=google&utm_medium=organic&utm_campaign=gbp,+1 325-238-9337,Closed · Opens 8 am Tue,https://lh3.googleusercontent.com/p/AF1QipN9ubu-v0ako91YtoLpYfgQDinvAcOWRTxJYisp=w408-h306-k-no,true,8 am–6 pm,8 am–6 pm,8 am–6 pm,8 am–6 pm,8 am–6 pm,Closed,Closed,"https://www.google.com/maps/search/Psychiatry+clinics+in+Buffalo+Gap+Abilene+TX/@32.2792968,-99.8300894,14z",2025-12-16T00:49:01.034Z,LGBTQ+ friendly,
https://www.google.com/maps/place/Soul+Food+Counseling/data=!4m7!3m6!1s0x86568e94b23b62fd:0x5c42a3c14016e86d!8m2!3d32.4018144!4d-99.7418628!16s%2Fg%2F1vlqqmhx!19sChIJ_WI7spSOVoYRbegWQMGjQlw,Soul Food Counseling,,,Counselor,"1500 Industrial Blvd, Abilene, TX 79602, United States","C725+P7 Abilene, Texas, USA",,+1 325-665-0610,,https://streetviewpixels-pa.googleapis.com/v1/thumbnail?panoid=mEao9JKiUO7xro9rFv5SFA&cb_client=search.gws-prod.gps&w=408&h=240&yaw=4.0970364&pitch=0&thumbfov=100,true,,,,,,,,"https://www.google.com/maps/search/Psychiatry+clinics+in+Buffalo+Gap+Abilene+TX/@32.2792968,-99.8300894,14z",2025-12-16T00:49:03.543Z,,
https://www.google.com/maps/place/Osborn+Stephen+M+PhD/data=!4m7!3m6!1s0x86568dade0263e5d:0xac1a1c74d218db84!8m2!3d32.3936422!4d-99.7624229!16s%2Fg%2F1tf24hj_!19sChIJXT4m4K2NVoYRhNsY0nQcGqw,Osborn Stephen M PhD,,,Psychologist,"4601 Buffalo Gap Rd Suite C6, Abilene, TX 79606, United States","96VQ+F2 Abilene, Texas, USA",,+1 325-695-2232,Temporarily closed,https://streetviewpixels-pa.googleapis.com/v1/thumbnail?panoid=fsyzGnNsi2lo63nvPhrI7A&cb_client=search.gws-prod.gps&w=408&h=240&yaw=107.74296&pitch=0&thumbfov=100,false,,,,,,,,"https://www.google.com/maps/search/Psychiatry+clinics+in+Buffalo+Gap+Abilene+TX/@32.2792968,-99.8300894,14z",2025-12-16T00:49:24.418Z,,
"https://www.google.com/maps/place/Steve+M+Gao,+MD/data=!4m7!3m6!1s0x86568e2c310546dd:0x58df5d8cc8a11649!8m2!3d32.4705904!4d-99.7327199!16s%2Fg%2F1260l61_2!19sChIJ3UYFMSyOVoYRSRahyIxd31g","Steve M Gao, MD",4.5,27,Internist,"1150 N 18th St Suite 300, Abilene, TX 79601, United States","F7C8+6W Abilene, Texas, USA",https://www.hendrickhealth.org/find-a-provider/min-s-gao-md/,+1 325-670-6460,,https://lh3.googleusercontent.com/p/AF1QipMK5j47aLCrQ0ViiYQXntYThUhqZeNTEImGddJS=w426-h240-k-no,true,,,,,,,,"https://www.google.com/maps/search/Psychiatry+clinics+in+Anson+Abilene+TX/@32.4534878,-99.7312829,14z",2025-12-16T00:50:22.145Z,,
https://www.google.com/maps/place/Northern+Oaks+Living+%26+Rehabilitation/data=!4m7!3m6!1s0x86568fb7b73dead7:0xdb0242a65ecefc53!8m2!3d32.4840817!4d-99.747452!16s%2Fg%2F1tfklldt!19sChIJ1-o9t7ePVoYRU_zOXqZCAts,Northern Oaks Living & Rehabilitation,4.8,289,Rehabilitation center,"2722 Old Anson Rd, Abilene, TX 79603, United States","F7M3+J2 Abilene, Texas, USA",http://www.northernoaksliving.com/,+1 325-676-1677,Open 24 hours,https://lh3.googleusercontent.com/p/AF1QipN2_RNJbnppowbpuur7ebqfOan7xF6xGdnB8G-u=w408-h272-k-no,true,Open 24 hours,Open 24 hours,Open 24 hours,Open 24 hours,Open 24 hours,Open 24 hours,Open 24 hours,"https://www.google.com/maps/search/Psychiatry+clinics+in+Anson+Abilene+TX/@32.4534878,-99.7312829,14z",2025-12-16T00:50:26.989Z,,
https://www.google.com/maps/place/SilverSpring+Health+and+Rehabilitation+Center/data=!4m7!3m6!1s0x86568e29aae53ef1:0x62cc2c03362b3888!8m2!3d32.4678512!4d-99.727289!16s%2Fg%2F11btx06r42!19sChIJ8T7lqimOVoYRiDgrNgMszGI,SilverSpring Health and Rehabilitation Center,3.8,85,Nursing home,"1690 N Treadaway Blvd, Abilene, TX 79601, United States","F79F+43 Abilene, Texas, USA",https://www.silverspringnursing.com/,+1 325-701-9975,Open 24 hours,https://lh3.googleusercontent.com/gps-cs-s/AG0ilSy6bbebgyhPiKdxO6djM31KGVOox_9vk5TLF1hHRJ0RJ2uut5R6WcgQxZvZb8XAojz1UgOSmylCtDhMggeAjBfy_woDIQGWXAxBKPqnpnWqlt1r8Bdaw5bTKr5__RR8orM5TBw=w408-h306-k-no,true,Open 24 hours,Open 24 hours,Open 24 hours,Open 24 hours,Open 24 hours,Open 24 hours,Open 24 hours,"https://www.google.com/maps/search/Psychiatry+clinics+in+Anson+Abilene+TX/@32.4534878,-99.7312829,14z",2025-12-16T00:50:31.711Z,,
https://www.google.com/maps/place/Ricky+Vaughn+Counseling/data=!4m7!3m6!1s0x86568f1540cd58bb:0xdf35bc0a5f99588f!8m2!3d31.1689103!4d-100.0768425!16s%2Fg%2F11qwsx5j0x!19sChIJu1jNQBWPVoYRj1iZXwq8Nd8,Ricky Vaughn Counseling,,,Psychotherapist,,,,+1 325-261-0225,Open · Closes 9 pm,https://lh3.googleusercontent.com/p/AF1QipO1tyxUGfCN741uMInpcjUFfqRNp1P9LL_DSQFE=w480-h240-k-no,true,6–9 pm,6–9 pm,6–9 pm,6–9 pm,Closed,Closed,Closed,"https://www.google.com/maps/search/Psychiatry+clinics+in+Anson+Abilene+TX/@32.4534878,-99.7312829,14z",2025-12-16T00:50:36.291Z,,
https://www.google.com/maps/place/Formosa+Respite+Center/data=!4m7!3m6!1s0x865691f0e5677427:0x26b031ba87371702!8m2!3d32.4407755!4d-99.7100583!16s%2Fg%2F1tfzxxh9!19sChIJJ3Rn5fCRVoYRAhc3h7oxsCY,Formosa Respite Center,2.3,3,Home health care service,"858 Formosa St, Abilene, TX 79602, United States","C7RQ+8X Abilene, Texas, USA",https://www.thewoodgroup.us/locations/abilene-formosa-respite-center-of-abilene-texas,+1 325-672-8911,,https://streetviewpixels-pa.googleapis.com/v1/thumbnail?panoid=VQEUcmneJGZOOr-pG5is4w&cb_client=search.gws-prod.gps&w=408&h=240&yaw=267.65518&pitch=0&thumbfov=100,false,,,,,,,,"https://www.google.com/maps/search/Psychiatry+clinics+in+Anson+Abilene+TX/@32.4534878,-99.7312829,14z",2025-12-16T00:50:39.020Z,,
https://www.google.com/maps/place/Healing+Well+Therapy+Services/data=!4m7!3m6!1s0x86568f552a30837b:0xbcbd2cd354bca5c0!8m2!3d32.4443053!4d-99.7346145!16s%2Fg%2F11w4nk6by6!19sChIJe4MwKlWPVoYRwKW8VNMsvbw,Healing Well Therapy Services,,,Counselor,"500 Chestnut St # 1567, Abilene, TX 79602, United States","C7V8+P5 Abilene, Texas, USA",https://healingwell-therapy.com/,+1 325-238-6604,,https://streetviewpixels-pa.googleapis.com/v1/thumbnail?panoid=G4E1_WlRCh7bBvWf-Dl3Dg&cb_client=search.gws-prod.gps&w=408&h=240&yaw=316.99356&pitch=0&thumbfov=100,true,,,,,,,,"https://www.google.com/maps/search/Psychiatry+clinics+in+Anson+Abilene+TX/@32.4534878,-99.7312829,14z",2025-12-16T00:50:41.516Z,,