placeUrl,title,rating,reviewCount,category,address,plusCode,website,phoneNumber,currentStatus,imgUrl,isClaimed,monday,tuesday,wednesday,thursday,friday,saturday,sunday,query,timestamp,info,isBlackOwned
https://www.google.com/maps/place/Tulane+Doctors+-+Psychiatry+%26+Behavioral+Health+-+Downtown+%28All+Ages%29/data=!4m7!3m6!1s0x8620a5922be930b7:0x3ef36354f1d85f9d!8m2!3d29.9500498!4d-90.0651966!16s%2Fg%2F11jtwpmtqb!19sChIJtzDpK5KlIIYRnV_Y8VRj8z4,Tulane Doctors - Psychiatry & Behavioral Health - Downtown (All Ages),5.0,1,Mental health clinic,"140 Canal St 10th floor, New Orleans, LA 70130, United States","XW2M+2W New Orleans, Louisiana, USA",https://tulanedoctors.com/clinical-services/psychiatry-behavioral-sciences/,+1 504-988-5405,Closed · Opens 8 am Tue,https://streetviewpixels-pa.googleapis.com/v1/thumbnail?panoid=fSPBxwvaTcOmvPmHun7IqQ&cb_client=search.gws-prod.gps&w=408&h=240&yaw=222.28087&pitch=0&thumbfov=100,true,8 am–4:30 pm,8 am–4:30 pm,8 am–4:30 pm,8 am–4:30 pm,8 am–4:30 pm,Closed,Closed,"https://www.google.com/maps/search/Psychiatry+clinics+in+French+Quarter+New+Orleans+LA/@29.9584426,-90.0644107,14z",2025-12-16T03:15:56.713Z,,
https://www.google.com/maps/place/Atlas+Psychiatry/data=!4m7!3m6!1s0x8620a43589bb63f3:0xa570734fc2bb031f!8m2!3d29.9240567!4d-90.0932193!16s%2Fg%2F1tj52z07!19sChIJ82O7iTWkIIYRHwO7wk9zcKU,Atlas Psychiatry,4.8,29,Mental health clinic,"1301 Antonine St, New Orleans, LA 70115, United States","WWF4+JP New Orleans, Louisiana, USA",http://www.atlaspsychiatry.com/,+1 504-899-1682,Closed · Opens 8 am Tue,https://lh3.googleusercontent.com/p/AF1QipMKhls8ampDSVcYQesguSmHAFUxSoRmZfTSpUpn=w408-h266-k-no,true,8 am–5 pm,8 am–5 pm,8 am–5 pm,8 am–5 pm,8 am–5 pm,Closed,Closed,"https://www.google.com/maps/search/Psychiatry+clinics+in+French+Quarter+New+Orleans+LA/@29.9584426,-90.0644107,14z",2025-12-16T03:16:02.729Z,LGBTQ+ friendly,
"https://www.google.com/maps/place/Crescent+City+Psychiatric,+LLC/data=!4m7!3m6!1s0x8620a7136eb76dc3:0x949bba8c0eace0e4!8m2!3d29.9489583!4d-90.0701416!16s%2Fg%2F11t_tyl6kc!19sChIJw223bhOnIIYR5OCsDoy6m5Q","Crescent City Psychiatric, LLC",5.0,10,Psychiatrist,"650 Poydras St Suite 1400, New Orleans, LA 70130, United States","WWXH+HW New Orleans, Louisiana, USA",https://crescentcitypsychiatric.com/locations/new-orleans/,+1 985-249-1322,Closed · Opens 7 am Tue,https://lh3.googleusercontent.com/p/AF1QipOz640eZKSYoru_AQl6z9TLRZBjc6yyDDihJfOU=w408-h306-k-no,true,7 am–7 pm,7 am–7 pm,7 am–7 pm,7 am–7 pm,7 am–7 pm,Closed,Closed,"https://www.google.com/maps/search/Psychiatry+clinics+in+French+Quarter+New+Orleans+LA/@29.9584426,-90.0644107,14z",2025-12-16T03:16:07.824Z,,
https://www.google.com/maps/place/Tulane+Doctors+EPIC+Specialty+Psychiatry+Clinic/data=!4m7!3m6!1s0x8620af954379dcd5:0xf3289be576bc5c54!8m2!3d29.9754608!4d-90.0985628!16s%2Fg%2F11gydlnxfp!19sChIJ1dx5Q5WvIIYRVFy8duWbKPM,Tulane Doctors EPIC Specialty Psychiatry Clinic,3.0,6,Psychiatrist,"4000 Bienville Ave, New Orleans, LA 70119, United States","XWG2+5H New Orleans, Louisiana, USA",https://tulanedoctors.com/,+1 504-988-0301,Closed · Opens 8:30 am Tue,https://streetviewpixels-pa.googleapis.com/v1/thumbnail?panoid=NduzBIMQ_cBqxPqa3epwgw&cb_client=search.gws-prod.gps&w=408&h=240&yaw=169.61035&pitch=0&thumbfov=100,true,8:30 am–4:30 pm,8:30 am–4:30 pm,8:30 am–4:30 pm,8:30 am–4:30 pm,8:30 am–4:30 pm,Closed,Closed,"https://www.google.com/maps/search/Psychiatry+clinics+in+French+Quarter+New+Orleans+LA/@29.9584426,-90.0644107,14z",2025-12-16T03:16:13.040Z,,
https://www.google.com/maps/place/Integrated+Behavioral+Health+of+Louisiana/data=!4m7!3m6!1s0x8620a6731cb639f5:0x3e3de97aca5a6c4!8m2!3d29.9486863!4d-90.0679217!16s%2Fg%2F1vgw8zyg!19sChIJ9Tm2HHOmIIYRxKalrJfe4wM,Integrated Behavioral Health of Louisiana,2.4,80,Mental health clinic,"400 Poydras St #1950, New Orleans, LA 70130, United States","WWXJ+FR New Orleans, Louisiana, USA",https://www.ibhpsych.com/?utm_source=yext&utm_medium=yext-g,+1 504-322-3837,,https://lh3.googleusercontent.com/gps-cs-s/AG0ilSw_GsAhPMVGd2XiLfv0G6T4THY4NRzNMYkBmEYw_FwM-Km_x01nSmzJ9OHChli98Yk-DJg_mG98wBVYHMB5QkZbK5Z6dn0LTCxOLVg3yoe_ICTTB5_DYxX6EV7FKiYHkXww4m8zbA=w408-h240-k-no-pi0-ya205.40001-ro-0-fo100,true,,,,,,,,"https://www.google.com/maps/search/Psychiatry+clinics+in+French+Quarter+New+Orleans+LA/@29.9584426,-90.0644107,14z",2025-12-16T03:16:15.858Z,,
https://www.google.com/maps/place/Ancira+Robert+MD/data=!4m7!3m6!1s0x8620a44a652d7cd1:0xcedd5010110b6995!8m2!3d29.924255!4d-90.0938118!16s%2Fg%2F1td42vr2!19sChIJ0XwtZUqkIIYRlWkLERBQ3c4,Ancira Robert MD,4.8,36,Psychiatrist,"1325 Amelia St #2, New Orleans, LA 70115, United States","WWF4+PF New Orleans, Louisiana, USA",http://ancira-robert-md.jany.io/,+1 504-891-8503,Closed · Opens 10 am Tue,https://streetviewpixels-pa.googleapis.com/v1/thumbnail?panoid=XMmpf308Xb0_xJm4cR6KGw&cb_client=search.gws-prod.gps&w=408&h=240&yaw=113.73206&pitch=0&thumbfov=100,false,10 am–3 pm,10 am–3 pm,10 am–3 pm,10 am–3 pm,Closed,Closed,Closed,"https://www.google.com/maps/search/Psychiatry+clinics+in+French+Quarter+New+Orleans+LA/@29.9584426,-90.0644107,14z",2025-12-16T03:16:20.973Z,,
https://www.google.com/maps/place/LSU+Behavioral+Health/data=!4m7!3m6!1s0x8620a5ef5af08e4b:0x3149bc940133a8db!8m2!3d29.957536!4d-90.084485!16s%2Fg%2F11dd_rwngm!19sChIJS47wWu-lIIYR26gzAZS8STE,LSU Behavioral Health,3.2,23,Mental health clinic,"2025 Gravier St, New Orleans, LA 70112, United States","XW58+26 New Orleans, Louisiana, USA",,+1 504-412-1580,,https://lh3.googleusercontent.com/gps-cs-s/AG0ilSyXEx4oUA4ZVNAHaK3GjL7m5Sqz0XmJ0hieN3ePzOCLjigC_qPlIgOfw4Me2Awzt8GqVPHgnPfNa25TkUUXSRmd1jgSCCOMOLkwRGvxM9Z3lZGYHS1qG5Ze0vKuM3N2oXKHCejN=w493-h240-k-no,false,,,,,,,,"https://www.google.com/maps/search/Psychiatry+clinics+in+French+Quarter+New+Orleans+LA/@29.9584426,-90.0644107,14z",2025-12-16T03:16:24.191Z,,
"https://www.google.com/maps/place/Acadian+Care,+LLC/data=!4m7!3m6!1s0x8620a5d9c3eaa303:0x47bc2b7f4a6f33be!8m2!3d29.9402647!4d-90.0778454!16s%2Fg%2F11bw613l80!19sChIJA6Pqw9mlIIYRvjNvSn8rvEc","Acadian Care, LLC",3.9,36,Mental health clinic,"1500 Baronne St, New Orleans, LA 70113, United States","WWRC+4V New Orleans, Louisiana, USA",,+1 985-781-7353,Closed · Opens 8 am Tue,https://lh3.googleusercontent.com/p/AF1QipPomVtACZCa7Ay1f_rZk6BZMrOLI1l-gNI_ap74=w426-h240-k-no,true,8 am–5 pm,8 am–5 pm,8 am–5 pm,8 am–5 pm,8 am–5 pm,Closed,Closed,"https://www.google.com/maps/search/Psychiatry+clinics+in+French+Quarter+New+Orleans+LA/@29.9584426,-90.0644107,14z",2025-12-16T03:16:28.930Z,,
https://www.google.com/maps/place/University+Medical+Center+Behavioral+Health/data=!4m7!3m6!1s0x8620a5dedd7473b9:0xf7b858f6fdc9ed73!8m2!3d29.9641247!4d-90.0845206!16s%2Fg%2F11vztmt9y4!19sChIJuXN03d6lIIYRc-3J_fZYuPc,University Medical Center Behavioral Health,5.0,1,Mental health clinic,"2475 Canal St Ste 106, New Orleans, LA 70119, United States","XW78+J5 New Orleans, Louisiana, USA",https://www.lcmchealth.org/university-medical-center-new-orleans/locations/university-medical-center-behavioral-health-cent/?utm_source=GMB&utm_medium=Yext&y_source=1_MTA1MTU1NjM0Ni03MTUtbG9jYXRpb24ud2Vic2l0ZQ%3D%3D,+1 504-962-7020,,https://streetviewpixels-pa.googleapis.com/v1/thumbnail?panoid=S4NzYMLNHow0GXKY17-77A&cb_client=search.gws-prod.gps&w=408&h=240&yaw=12.033943&pitch=0&thumbfov=100,true,,,,,,,,"https://www.google.com/maps/search/Psychiatry+clinics+in+French+Quarter+New+Orleans+LA/@29.9584426,-90.0644107,14z",2025-12-16T03:16:31.712Z,,
https://www.google.com/maps/place/Metropolitan+Human+Services+District+-+Central+City+Behavioral+Mental+Health+Clinic/data=!4m7!3m6!1s0x8620a5cf9080dd29:0xb9ec78542271e37c!8m2!3d29.9385432!4d-90.085683!16s%2Fg%2F1vnrlcj1!19sChIJKd2AkM-lIIYRfONxIlR47Lk,Metropolitan Human Services District - Central City Behavioral Mental Health Clinic,4.5,10,Mental health clinic,"2221 Philip St, New Orleans, LA 70113, United States","WWQ7+CP New Orleans, Louisiana, USA",https://www.mhsdla.org/,+1 504-599-0245,Closed · Opens 8 am Tue,https://streetviewpixels-pa.googleapis.com/v1/thumbnail?panoid=I_MJapSzsC5pW6DiYW52Ag&cb_client=search.gws-prod.gps&w=408&h=240&yaw=182.39769&pitch=0&thumbfov=100,true,8 am–4:30 pm,8 am–4:30 pm,8 am–4:30 pm,8 am–4:30 pm,8 am–4:30 pm,Closed,Closed,"https://www.google.com/maps/search/Psychiatry+clinics+in+French+Quarter+New+Orleans+LA/@29.9584426,-90.0644107,14z",2025-12-16T03:16:36.679Z,,
https://www.google.com/maps/place/Tulane+Doctors+-+Behavioral+Health:+Adult+Psychiatry+-+Downtown/data=!4m7!3m6!1s0x8620a5e21ceaaaab:0xa578669a1d1a43b9!8m2!3d29.9578726!4d-90.0776772!16s%2Fg%2F11ggm3_k60!19sChIJq6rqHOKlIIYRuUMaHZpmeKU,Tulane Doctors - Behavioral Health: Adult Psychiatry - Downtown,2.4,5,Psychiatrist,"131 S Robertson St 14th Floor B, New Orleans, LA 70112, United States","XW5C+4W New Orleans, Louisiana, USA",https://tulanedoctors.com/,+1 504-988-5405,Closed · Opens 8 am Tue,https://streetviewpixels-pa.googleapis.com/v1/thumbnail?panoid=Iwx_ueAJUP927Ix_saAFKw&cb_client=search.gws-prod.gps&w=408&h=240&yaw=320.4352&pitch=0&thumbfov=100,true,8 am–5 pm,8 am–5 pm,8 am–5 pm,8 am–5 pm,8 am–5 pm,Closed,Closed,"https://www.google.com/maps/search/Psychiatry+clinics+in+French+Quarter+New+Orleans+LA/@29.9584426,-90.0644107,14z",2025-12-16T03:16:41.494Z,,
https://www.google.com/maps/place/Chandler+RxP+Psychopharmacology+Services/data=!4m7!3m6!1s0x8620a4563c79f903:0xce104ba1e8428ed3!8m2!3d29.9517373!4d-90.1006182!16s%2Fg%2F11c46kk0lr!19sChIJA_l5PFakIIYR045C6KFLEM4,Chandler RxP Psychopharmacology Services,5.0,18,Psychiatrist,"4035 Washington Ave, New Orleans, LA 70125, United States","XV2X+MQ New Orleans, Louisiana, USA",http://drjchandler.com/,+1 504-708-4933,Closed · Opens 9 am Tue,https://lh3.googleusercontent.com/p/AF1QipNKue0eMidgdFDSw7G6aZ6_ItUuG_IKRjaoxc_S=w408-h270-k-no,true,9 am–5 pm,9 am–5 pm,9 am–5 pm,9 am–5 pm,9 am–4 pm,Closed,Closed,"https://www.google.com/maps/search/Psychiatry+clinics+in+French+Quarter+New+Orleans+LA/@29.9584426,-90.0644107,14z",2025-12-16T03:16:46.412Z,LGBTQ+ friendly,
https://www.google.com/maps/place/Vital+Psych+MD+-+Comprehensive+Psychiatrist+-+New+Orleans/data=!4m7!3m6!1s0x8620a79166a22811:0x903dc25c2dac15ae!8m2!3d29.9519009!4d-90.0702461!16s%2Fg%2F11yb8_s65l!19sChIJESiiZpGnIIYRrhWsLVzCPZA,Vital Psych MD - Comprehensive Psychiatrist - New Orleans,5.0,6,Mental health clinic,"201 St Charles Ave #114, New Orleans, LA 70170, United States","XW2H+QW New Orleans, Louisiana, USA",https://www.vitalpsychmd.com/,+1 305-204-5372,Closed · Opens 8 am Tue,https://streetviewpixels-pa.googleapis.com/v1/thumbnail?panoid=-IFDkAeXVQd7sFCjyrG4Hg&cb_client=search.gws-prod.gps&w=408&h=240&yaw=280.6857&pitch=0&thumbfov=100,true,8 am–5 pm,8 am–5 pm,8 am–5 pm,8 am–5 pm,8 am–5 pm,Closed,Closed,"https://www.google.com/maps/search/Psychiatry+clinics+in+French+Quarter+New+Orleans+LA/@29.9584426,-90.0644107,14z",2025-12-16T03:16:51.210Z,,
https://www.google.com/maps/place/TMS+Center+of+New+Orleans/data=!4m7!3m6!1s0x8620a4343ce1f139:0xea72ba95335537dc!8m2!3d29.9247068!4d-90.0943184!16s%2Fg%2F11cs4fnv78!19sChIJOfHhPDSkIIYR3DdVM5W6cuo,TMS Center of New Orleans,5.0,2,Psychiatrist,"3705 Coliseum St suite 3, New Orleans, LA 70115, United States","WWF4+V7 New Orleans, Louisiana, USA",https://www.tmscenterofneworleans.com/,+1 504-891-8808,"Open · Closes 5 am Tue

Updated by this business 12 weeks ago",https://streetviewpixels-pa.googleapis.com/v1/thumbnail?panoid=PcAvmaskZp9t9dV-zgVOwA&cb_client=search.gws-prod.gps&w=408&h=240&yaw=343.9441&pitch=0&thumbfov=100,true,7 am–5 am,7 am–5 am,7 am–5 pm,7 am–5 pm,7 am–2 pm,Closed,Closed,"https://www.google.com/maps/search/Psychiatry+clinics+in+French+Quarter+New+Orleans+LA/@29.9584426,-90.0644107,14z",2025-12-16T03:16:55.821Z,,
https://www.google.com/maps/place/Community+Care+Hospital/data=!4m7!3m6!1s0x8620a44b1eb86b5f:0x53493d116cf61dd8!8m2!3d29.9260452!4d-90.0959672!16s%2Fg%2F1tg4x5xz!19sChIJX2u4HkukIIYR2B32bBE9SVM,Community Care Hospital,1.8,41,Psychiatric hospital,"1421 General Taylor St, New Orleans, LA 70115, United States","WWG3+CJ New Orleans, Louisiana, USA",http://www.communitycarehospital.com/,+1 504-899-2500,,https://streetviewpixels-pa.googleapis.com/v1/thumbnail?panoid=2CRguqxV5vh3dONF9bfBeg&cb_client=search.gws-prod.gps&w=408&h=240&yaw=61.217686&pitch=0&thumbfov=100,false,,,,,,,,"https://www.google.com/maps/search/Psychiatry+clinics+in+French+Quarter+New+Orleans+LA/@29.9584426,-90.0644107,14z",2025-12-16T03:16:58.577Z,,
https://www.google.com/maps/place/NOLA+Psychiatry/data=!4m7!3m6!1s0x8620a5ba901d38d7:0xba391860bfa2f4f9!8m2!3d29.9247068!4d-90.0943184!16s%2Fg%2F11w1hkcrzh!19sChIJ1zgdkLqlIIYR-fSiv2AYObo,NOLA Psychiatry,4.2,5,Psychiatrist,"3705 Coliseum St, New Orleans, LA 70115, United States","WWF4+V7 New Orleans, Louisiana, USA",https://www.nolapsychiatrymd.com/,+1 504-605-1100,Closed · Opens 9 am Tue,https://streetviewpixels-pa.googleapis.com/v1/thumbnail?panoid=PcAvmaskZp9t9dV-zgVOwA&cb_client=search.gws-prod.gps&w=408&h=240&yaw=343.9441&pitch=0&thumbfov=100,true,9 am–5 pm,9 am–5 pm,9 am–5 pm,9 am–5 pm,9 am–2 pm,Closed,Closed,"https://www.google.com/maps/search/Psychiatry+clinics+in+French+Quarter+New+Orleans+LA/@29.9584426,-90.0644107,14z",2025-12-16T03:17:03.597Z,,
https://www.google.com/maps/place/Garden+District+Mental+Health/data=!4m7!3m6!1s0x8620a5d15652b7d9:0x2cb5c8b864d950b0!8m2!3d29.9380883!4d-90.1022519!16s%2Fg%2F1vc824yc!19sChIJ2bdSVtGlIIYRsFDZZLjItSw,Garden District Mental Health,4.4,7,Mental health service,"2738 General Pershing St, New Orleans, LA 70115, United States","WVQX+63 New Orleans, Louisiana, USA",http://www.gardendistrictmentalhealth.com/,+1 504-207-1525,Closed · Opens 8:30 am Tue,https://lh3.googleusercontent.com/gps-cs-s/AG0ilSx-WJNEBp6Cqj0-tvemG3_Cm49YDf9zg1XamxI9wgc4KPcTievmd0o9fImTuEDtYKIs-MzqWYr_fbFVZlvgBobcUyoGOdI4gwan0CqbSozXl_3litcSUHX7PLeFbSuQ-8FDs3I=w408-h306-k-no,true,8:30 am–6 pm,8:30 am–6 pm,8:30 am–6 pm,8:30 am–6 pm,8:30 am–4 pm,Closed,Closed,"https://www.google.com/maps/search/Psychiatry+clinics+in+French+Quarter+New+Orleans+LA/@29.9584426,-90.0644107,14z",2025-12-16T03:17:08.546Z,,
"https://www.google.com/maps/place/Dr.+Degan+J.+Dansereau,+MD/data=!4m7!3m6!1s0x8620a44a6166685f:0xbe0f3dfb68871eff!8m2!3d29.9246352!4d-90.0942903!16s%2Fg%2F1tc_fmf8!19sChIJX2hmYUqkIIYR_x6HaPs9D74","Dr. Degan J. Dansereau, MD",4.9,15,Psychiatrist,"3705 Coliseum St suite 3, New Orleans, LA 70115, United States","WWF4+V7 New Orleans, Louisiana, USA",http://www.neworleanspsychiatry.com/,+1 504-897-0201,,https://streetviewpixels-pa.googleapis.com/v1/thumbnail?panoid=PcAvmaskZp9t9dV-zgVOwA&cb_client=search.gws-prod.gps&w=408&h=240&yaw=344.82956&pitch=0&thumbfov=100,true,,,,,,,,"https://www.google.com/maps/search/Psychiatry+clinics+in+French+Quarter+New+Orleans+LA/@29.9584426,-90.0644107,14z",2025-12-16T03:17:11.282Z,,
"https://www.google.com/maps/place/NOLA+Reproductive+Psychiatry,+LLC/data=!4m7!3m6!1s0x8620a573db215559:0xb871cad873602fee!8m2!3d29.9408805!4d-90.1287676!16s%2Fg%2F11sh2cm_xl!19sChIJWVUh23OlIIYR7i9gc9jKcbg","NOLA Reproductive Psychiatry, LLC",5.0,1,Psychiatrist,"723 Hillary St #6, New Orleans, LA 70118, United States","WVRC+9F New Orleans, Louisiana, USA",http://nolarepropsych.com/,+1 504-327-9628,"Closed · Opens 11 am Tue

Updated by phone call 10 weeks ago",https://streetviewpixels-pa.googleapis.com/v1/thumbnail?panoid=1rknHu9Q6g0Qjw_FcimwcA&cb_client=search.gws-prod.gps&w=408&h=240&yaw=116.18055&pitch=0&thumbfov=100,true,9 am–6 pm,11 am–5 pm,9 am–2 pm,11 am–8 pm,Closed,Closed,Closed,"https://www.google.com/maps/search/Psychiatry+clinics+in+French+Quarter+New+Orleans+LA/@29.9584426,-90.0644107,14z",2025-12-16T03:17:16.144Z,,
https://www.google.com/maps/place/Tulane+Doctors+-+Child+%26+Adolescent+Psychiatry+%26+Psychology+Services+-+Downtown/data=!4m7!3m6!1s0x8620a565db4f81bb:0x421ac2ed92e6278a!8m2!3d29.9578754!4d-90.0776885!16s%2Fg%2F11fjbqjffd!19sChIJu4FP22WlIIYRiifmku3CGkI,Tulane Doctors - Child & Adolescent Psychiatry & Psychology Services - Downtown,,,Psychiatrist,"131 S Robertson St 10th Floor, New Orleans, LA 70112, United States","XW5C+5W New Orleans, Louisiana, USA",https://tulanedoctors.com/,+1 504-988-5405,Closed · Opens 8:30 am Tue,https://streetviewpixels-pa.googleapis.com/v1/thumbnail?panoid=Iwx_ueAJUP927Ix_saAFKw&cb_client=search.gws-prod.gps&w=408&h=240&yaw=318.8685&pitch=0&thumbfov=100,true,8:30 am–4:30 pm,8:30 am–4:30 pm,8:30 am–4:30 pm,8:30 am–4:30 pm,8:30 am–4:30 pm,Closed,Closed,"https://www.google.com/maps/search/Psychiatry+clinics+in+French+Quarter+New+Orleans+LA/@29.9584426,-90.0644107,14z",2025-12-16T03:17:20.792Z,,
https://www.google.com/maps/place/The+Gift+Mental+Health/data=!4m7!3m6!1s0x8620a5f4b7f7b50f:0xfa0134b2eb888f9c!8m2!3d29.9696289!4d-90.0927893!16s%2Fg%2F11fm_7d39p!19sChIJD7X3t_SlIIYRnI-I67I0Afo,The Gift Mental Health,3.0,2,Mental health clinic,"3301 Canal St, New Orleans, LA 70119, United States","XW94+VV New Orleans, Louisiana, USA",https://www.thegiftmentalhealth.com/,+1 504-644-2575,Closed · Opens 9 am Tue,https://lh3.googleusercontent.com/p/AF1QipPRAOTTpCSlcHDoXgzAxfZ1FnZzJtGBPJiYsrdo=w408-h308-k-no,true,9 am–2 pm,9 am–2 pm,9 am–2 pm,9 am–2 pm,Closed,Closed,Closed,"https://www.google.com/maps/search/Psychiatry+clinics+in+French+Quarter+New+Orleans+LA/@29.9584426,-90.0644107,14z",2025-12-16T03:17:25.493Z,,
https://www.google.com/maps/place/Mindful+Horizons+Mental+Health+Urgent+Care/data=!4m7!3m6!1s0x8620a7c1a4b3e85f:0x889d28423c997795!8m2!3d29.9668425!4d-90.0419695!16s%2Fg%2F11xl_nb6kj!19sChIJX-izpMGnIIYRlXeZPEIonYg,Mindful Horizons Mental Health Urgent Care,4.0,2,Urgent care center,"3218 St Claude Ave, New Orleans, LA 70117, United States","XX85+P6 New Orleans, Louisiana, USA",https://mindfulhorizonsandwellness.org/,+1 504-381-5017,Closed · Opens 9 am Tue,https://lh3.googleusercontent.com/p/AF1QipP7RYNiPFXol76g-VcQtDZSuhbH2PqyTo9OJRTp=w408-h544-k-no,true,9 am–5 pm,9 am–5 pm,9 am–5 pm,9 am–5 pm,9 am–5 pm,Closed,Closed,"https://www.google.com/maps/search/Psychiatry+clinics+in+French+Quarter+New+Orleans+LA/@29.9584426,-90.0644107,14z",2025-12-16T03:17:30.578Z,,
https://www.google.com/maps/place/Bloom+Behavioral+Health/data=!4m7!3m6!1s0x8620a77448d46489:0xb0f2f45cb8c260f3!8m2!3d29.964592!4d-90.0464321!16s%2Fg%2F11w1dll6w2!19sChIJiWTUSHSnIIYR82DCuFz08rA,Bloom Behavioral Health,5.0,9,Mental health service,"3014 Dauphine St, New Orleans, LA 70117, United States","XX73+RC New Orleans, Louisiana, USA",https://www.bloombh.org/,+1 504-814-0044,,https://streetviewpixels-pa.googleapis.com/v1/thumbnail?panoid=aY3FPbYTz2WFbIb-FfyJIw&cb_client=search.gws-prod.gps&w=408&h=240&yaw=184.07446&pitch=0&thumbfov=100,true,,,,,,,,"https://www.google.com/maps/search/Psychiatry+clinics+in+French+Quarter+New+Orleans+LA/@29.9584426,-90.0644107,14z",2025-12-16T03:17:33.481Z,LGBTQ+ friendly,true
https://www.google.com/maps/place/C%27est+Lavie+Psychiatry+LLC/data=!4m7!3m6!1s0x8620a5ae017a9f05:0x41e2eae129c1e2bc!8m2!3d29.9358049!4d-90.1040582!16s%2Fg%2F11w9yqvv5_!19sChIJBZ96Aa6lIIYRvOLBKeHq4kE,C'est Lavie Psychiatry LLC,5.0,4,Psychiatrist,"2529 Jena St, New Orleans, LA 70115, United States","WVPW+89 New Orleans, Louisiana, USA",https://www.cestlaviepsychiatry.com/,+1 504-507-0621,Closed · Opens 9 am Tue,https://streetviewpixels-pa.googleapis.com/v1/thumbnail?panoid=6u5Pada2pZKjn_16odkp5Q&cb_client=search.gws-prod.gps&w=408&h=240&yaw=57.67221&pitch=0&thumbfov=100,true,9 am–6 pm,9 am–6 pm,9 am–6 pm,9 am–6 pm,9 am–6 pm,Closed,Closed,"https://www.google.com/maps/search/Psychiatry+clinics+in+French+Quarter+New+Orleans+LA/@29.9584426,-90.0644107,14z",2025-12-16T03:17:38.545Z,,
"https://www.google.com/maps/place/Trent+D.+Desselle,+MD/data=!4m7!3m6!1s0x8620a552019e362f:0x3b5c1fc454b0bdfe!8m2!3d29.9611683!4d-90.1457827!16s%2Fg%2F1vbnps2w!19sChIJLzaeAVKlIIYR_r2wVMQfXDs","Trent D. Desselle, MD",4.9,34,Psychiatrist,"1514 Jefferson Hwy, New Orleans, LA 70121, United States","XV63+FM New Orleans, Louisiana, USA",https://www.ochsner.org/doctors/trent-desselle?utm_source=ExtNet&utm_medium=Yext&y_source=1_MTUyMDYzNjQtNzE1LWxvY2F0aW9uLndlYnNpdGU%3D,+1 504-842-4025,,https://lh3.googleusercontent.com/p/AF1QipM6mXYIO9abFjRa1esBYTayvqVe1wamUkmqIU0W=w426-h240-k-no,true,,,,,,,,"https://www.google.com/maps/search/Psychiatry+clinics+in+French+Quarter+New+Orleans+LA/@29.9584426,-90.0644107,14z",2025-12-16T03:17:41.471Z,,
https://www.google.com/maps/place/Tulane+University+Behavioral+Health+Clinic/data=!4m7!3m6!1s0x8620a5e1a0f358bf:0xc4f1530cefe274b6!8m2!3d29.955446!4d-90.0758572!16s%2Fg%2F1tjjpqw2!19sChIJv1jzoOGlIIYRtnTi7wxT8cQ,Tulane University Behavioral Health Clinic,1.0,2,Mental health clinic,"1415 Tulane Ave, New Orleans, LA 70112, United States","XW4F+5M New Orleans, Louisiana, USA",https://www.lcmchealth.org/lakeside-hospital/our-locations/tulane-behavioral-health/,+1 504-988-4794,Closed · Opens 8 am Tue,https://streetviewpixels-pa.googleapis.com/v1/thumbnail?panoid=JqsPzd3rvCO7SMbDgCTqpA&cb_client=search.gws-prod.gps&w=408&h=240&yaw=14.103651&pitch=0&thumbfov=100,false,8 am–4:30 pm,8 am–4:30 pm,8 am–4:30 pm,8 am–4:30 pm,8 am–4:30 pm,Closed,Closed,"https://www.google.com/maps/search/Psychiatry+clinics+in+French+Quarter+New+Orleans+LA/@29.9584426,-90.0644107,14z",2025-12-16T03:17:46.400Z,,
https://www.google.com/maps/place/Dr.+Halloran+Peterson/data=!4m7!3m6!1s0x8620a673034524a5:0xdba23969e9d58d0!8m2!3d29.9486863!4d-90.0679217!16s%2Fg%2F11rwxdyglh!19sChIJpSRFA3OmIIYR0FidnpYjug0,Dr. Halloran Peterson,5.0,2,Psychiatrist,"400 Poydras St #1950, New Orleans, LA 70130, United States","WWXJ+FR New Orleans, Louisiana, USA",,+1 318-487-2020,,https://streetviewpixels-pa.googleapis.com/v1/thumbnail?panoid=LTauo6uHrhmWl8-lgokaLw&cb_client=search.gws-prod.gps&w=408&h=240&yaw=188.78654&pitch=0&thumbfov=100,false,,,,,,,,"https://www.google.com/maps/search/Psychiatry+clinics+in+French+Quarter+New+Orleans+LA/@29.9584426,-90.0644107,14z",2025-12-16T03:17:49.493Z,,
https://www.google.com/maps/place/Algiers+Behavioral+Health+Center/data=!4m7!3m6!1s0x8620a709f1669491:0xc3def2d46de21b9b!8m2!3d29.9267272!4d-90.0237054!16s%2Fg%2F11b7yq99zk!19sChIJkZRm8QmnIIYRmxvibdTy3sM,Algiers Behavioral Health Center,2.7,18,Mental health clinic,"3100 General De Gaulle Dr, New Orleans, LA 70114, United States","WXGG+MG New Orleans, Louisiana, USA",http://www.mhsdla.org/,+1 504-568-3130,Closed · Opens 8:30 am Tue,https://streetviewpixels-pa.googleapis.com/v1/thumbnail?panoid=puvT2N4rHgQDZlOii50aSw&cb_client=search.gws-prod.gps&w=408&h=240&yaw=86.4143&pitch=0&thumbfov=100,false,8:30 am–4:30 pm,8:30 am–4:30 pm,8:30 am–4:30 pm,8:30 am–4:30 pm,8:30 am–4:30 pm,Closed,Closed,"https://www.google.com/maps/search/Psychiatry+clinics+in+French+Quarter+New+Orleans+LA/@29.9584426,-90.0644107,14z",2025-12-16T03:17:54.230Z,,
https://www.google.com/maps/place/Central+City+Behavioral+Health+%26+Access+Center/data=!4m7!3m6!1s0x8620a5562d615365:0x6fdb4f43389f8a3f!8m2!3d29.9384668!4d-90.0857113!16s%2Fg%2F11frdvszp9!19sChIJZVNhLValIIYRP4qfOENP228,Central City Behavioral Health & Access Center,4.0,4,Mental health service,"2221 Philip St, New Orleans, LA 70113, United States","WWQ7+9P New Orleans, Louisiana, USA",http://www.mhsdla.org/,+1 504-568-3130,Closed · Opens 8:30 am Tue,https://streetviewpixels-pa.googleapis.com/v1/thumbnail?panoid=3lW6fvNJqz1n5zgd4LvOFw&cb_client=search.gws-prod.gps&w=408&h=240&yaw=172.94768&pitch=0&thumbfov=100,false,8:30 am–4:30 pm,8:30 am–4:30 pm,8:30 am–4:30 pm,8:30 am–4:30 pm,8:30 am–4:30 pm,Closed,Closed,"https://www.google.com/maps/search/Psychiatry+clinics+in+French+Quarter+New+Orleans+LA/@29.9584426,-90.0644107,14z",2025-12-16T03:17:59.042Z,,
"https://www.google.com/maps/place/Michael+V.+Knight,+MD/data=!4m7!3m6!1s0x8620a552019e362f:0xf168c07a3f650dc!8m2!3d29.9616054!4d-90.1454942!16s%2Fg%2F1trpr4hq!19sChIJLzaeAVKlIIYR3FD2oweMFg8","Michael V. Knight, MD",4.7,22,Psychiatrist,"1514 Jefferson Hwy, New Orleans, LA 70121, United States","XV63+JR New Orleans, Louisiana, USA",https://www.ochsner.org/doctors/michael-knight?utm_source=ExtNet&utm_medium=Yext&y_source=1_MTUyMDU5MTQtNzE1LWxvY2F0aW9uLndlYnNpdGU%3D,+1 504-842-4025,,https://lh3.googleusercontent.com/p/AF1QipMh_w_MZXLXW-GdRQki2sREO664bYUEkNwOUL6E=w426-h240-k-no,true,,,,,,,,"https://www.google.com/maps/search/Psychiatry+clinics+in+French+Quarter+New+Orleans+LA/@29.9584426,-90.0644107,14z",2025-12-16T03:18:01.803Z,,
https://www.google.com/maps/place/New+Orleans+Psychiatry/data=!4m7!3m6!1s0x8620a44a6166685f:0x3ba60ab1a0cc48d9!8m2!3d29.9246352!4d-90.0942903!16s%2Fg%2F1td9f32m!19sChIJX2hmYUqkIIYR2UjMoLEKpjs,New Orleans Psychiatry,,,Psychiatrist,"3705 Coliseum St suite 3, New Orleans, LA 70115, United States","WWF4+V7 New Orleans, Louisiana, USA",http://www.neworleanspsychiatry.com/,+1 504-897-0201,,https://streetviewpixels-pa.googleapis.com/v1/thumbnail?panoid=PcAvmaskZp9t9dV-zgVOwA&cb_client=search.gws-prod.gps&w=408&h=240&yaw=344.82956&pitch=0&thumbfov=100,false,,,,,,,,"https://www.google.com/maps/search/Psychiatry+clinics+in+French+Quarter+New+Orleans+LA/@29.9584426,-90.0644107,14z",2025-12-16T03:18:04.414Z,,
https://www.google.com/maps/place/Tulane+University+Psychiatry/data=!4m7!3m6!1s0x8620a5e110554ba5:0xf5fc26d302fa8c0f!8m2!3d29.9551684!4d-90.0767341!16s%2Fg%2F12hk4y93p!19sChIJpUtVEOGlIIYRD4z6AtMm_PU,Tulane University Psychiatry,1.0,1,Mental health clinic,"1430 Tulane Ave, New Orleans, LA 70112, United States","XW4F+38 New Orleans, Louisiana, USA",http://tulane.edu/som/departments/psychiatry/,+1 504-988-5405,,https://streetviewpixels-pa.googleapis.com/v1/thumbnail?panoid=vwwaeuxeTtws-T9TS9soIw&cb_client=search.gws-prod.gps&w=408&h=240&yaw=217.74104&pitch=0&thumbfov=100,false,,,,,,,,"https://www.google.com/maps/search/Psychiatry+clinics+in+French+Quarter+New+Orleans+LA/@29.9584426,-90.0644107,14z",2025-12-16T03:18:07.049Z,,
"https://www.google.com/maps/place/Christopher+Wear,+MD/data=!4m7!3m6!1s0x8626a5bb16ace2cb:0x9077b9d7d5e0425c!8m2!3d29.9643736!4d-90.1433254!16s%2Fg%2F11nfs973mp!19sChIJy-KsFrulJoYRXELg1de5d5A","Christopher Wear, MD",4.8,26,Psychiatrist,"1319 Jefferson Hwy, New Orleans, LA 70121, United States","XV74+PM New Orleans, Louisiana, USA",https://www.ochsner.org/doctors/christopher-wear?utm_source=ExtNet&utm_medium=Yext&y_source=1_MjM2MTUwMTQtNzE1LWxvY2F0aW9uLndlYnNpdGU%3D,+1 504-842-3900,,https://lh3.googleusercontent.com/p/AF1QipPyeQumCaXSjlMFDrGe49HXv6jdBXfcDODof6ta=w426-h240-k-no,true,,,,,,,,"https://www.google.com/maps/search/Psychiatry+clinics+in+French+Quarter+New+Orleans+LA/@29.9584426,-90.0644107,14z",2025-12-16T03:18:10.014Z,,
"https://www.google.com/maps/place/Jennifer+M.+Archie,+MD/data=!4m7!3m6!1s0x8620a5f59bb65aa7:0x2c9ef6d57cd9b563!8m2!3d29.9617878!4d-90.145912!16s%2Fg%2F11fmvdjvz1!19sChIJp1q2m_WlIIYRY7XZfNX2niw","Jennifer M. Archie, MD",5.0,24,Psychiatrist,"1514 Jefferson Hwy, New Orleans, LA 70121, United States","XV63+PJ New Orleans, Louisiana, USA",https://www.ochsner.org/doctors/jennifer-archie?utm_source=ExtNet&utm_medium=Yext&y_source=1_MTUyMDY3MjktNzE1LWxvY2F0aW9uLndlYnNpdGU%3D,+1 504-842-4025,,https://lh3.googleusercontent.com/p/AF1QipMC75GGaZwNx6oY6kRXo7sUCLEtwgR9X_3ubw6O=w426-h240-k-no,true,,,,,,,,"https://www.google.com/maps/search/Psychiatry+clinics+in+French+Quarter+New+Orleans+LA/@29.9584426,-90.0644107,14z",2025-12-16T03:18:12.747Z,LGBTQ+ friendly,
"https://www.google.com/maps/place/David+Post,+MD/data=!4m7!3m6!1s0x8620a591222feaab:0x40e85c2929e90217!8m2!3d29.9617878!4d-90.145912!16s%2Fg%2F11jfjk25m3!19sChIJq-ovIpGlIIYRFwLpKSlc6EA","David Post, MD",4.8,26,Psychiatrist,"1514 Jefferson Hwy, New Orleans, LA 70121, United States","XV63+PJ New Orleans, Louisiana, USA",https://www.ochsner.org/doctors/david-edward-post?utm_source=ExtNet&utm_medium=Yext&y_source=1_MTU2NDgwMzUtNzE1LWxvY2F0aW9uLndlYnNpdGU%3D,+1 504-842-4025,,https://lh3.googleusercontent.com/p/AF1QipMvaHTwv2TU5k8ruqQzFjbHz6jGrt0yTv2TZAte=w426-h240-k-no,true,,,,,,,,"https://www.google.com/maps/search/Psychiatry+clinics+in+French+Quarter+New+Orleans+LA/@29.9584426,-90.0644107,14z",2025-12-16T03:18:15.694Z,,
https://www.google.com/maps/place/Chartres-Pontchartrain+Behavioral+Health+Center/data=!4m7!3m6!1s0x8620a6187c04cb63:0xafdc425b252c1a7a!8m2!3d29.9651953!4d-90.0561772!16s%2Fg%2F1tvm33np!19sChIJY8sEfBimIIYRehosJVtC3K8,Chartres-Pontchartrain Behavioral Health Center,3.0,2,Mental health clinic,"719 Elysian Fields Ave, New Orleans, LA 70117, United States","XW8V+3G New Orleans, Louisiana, USA",http://www.mhsdla.org/,+1 504-568-3130,Closed · Opens 8:30 am Tue,https://streetviewpixels-pa.googleapis.com/v1/thumbnail?panoid=SiaTJePP30k2ltbgJnXhYg&cb_client=search.gws-prod.gps&w=408&h=240&yaw=54.413403&pitch=0&thumbfov=100,false,8:30 am–4:30 pm,8:30 am–4:30 pm,8:30 am–4:30 pm,8:30 am–4:30 pm,8:30 am–4:30 pm,Closed,Closed,"https://www.google.com/maps/search/Psychiatry+clinics+in+French+Quarter+New+Orleans+LA/@29.9584426,-90.0644107,14z",2025-12-16T03:18:20.602Z,,
https://www.google.com/maps/place/Behavioral+Health/data=!4m7!3m6!1s0x8620a58a19fd03c3:0x3250d1c78f111ec4!8m2!3d29.9729032!4d-90.0974753!16s%2Fg%2F1tnplb_t!19sChIJwwP9GYqlIIYRxB4Rj8fRUDI,Behavioral Health,1.0,1,Mental health service,"3801 Canal St, New Orleans, LA 70119, United States","XWF3+52 New Orleans, Louisiana, USA",,+1 504-483-1985,,https://streetviewpixels-pa.googleapis.com/v1/thumbnail?panoid=mq3lB5-BmKkjZIM1F5Q3FA&cb_client=search.gws-prod.gps&w=408&h=240&yaw=30.35764&pitch=0&thumbfov=100,false,,,,,,,,"https://www.google.com/maps/search/Psychiatry+clinics+in+French+Quarter+New+Orleans+LA/@29.9584426,-90.0644107,14z",2025-12-16T03:18:23.242Z,,
https://www.google.com/maps/place/Derrick+Mouney/data=!4m7!3m6!1s0x8620a5e14e0fffff:0xf84b953f898463a4!8m2!3d29.9559167!4d-90.0790203!16s%2Fg%2F11sh2bh1q0!19sChIJ__8PTuGlIIYRpGOEiT-VS_g,Derrick Mouney,5.0,1,Psychiatrist,"1542 Tulane Ave #231, New Orleans, LA 701122865, United States","XW4C+99 New Orleans, Louisiana, USA",,+1 504-568-6004,,https://streetviewpixels-pa.googleapis.com/v1/thumbnail?panoid=rZdLNhMPBDmdHW-4MEPoWg&cb_client=search.gws-prod.gps&w=408&h=240&yaw=203.32436&pitch=0&thumbfov=100,false,,,,,,,,"https://www.google.com/maps/search/Psychiatry+clinics+in+French+Quarter+New+Orleans+LA/@29.9584426,-90.0644107,14z",2025-12-16T03:18:26.250Z,,
https://www.google.com/maps/place/Podesta+Wellness/data=!4m7!3m6!1s0x8620af7d1f535713:0x45f5c670d7715844!8m2!3d29.9763274!4d-90.1039507!16s%2Fg%2F1hhhchps4!19sChIJE1dTH32vIIYRRFhx13DG9UU,Podesta Wellness,4.1,9,Psychiatrist,"4322 Canal St, New Orleans, LA 70119, United States","XVGW+GC New Orleans, Louisiana, USA",http://www.podestawellness.com/,+1 504-252-0026,,https://lh3.googleusercontent.com/gps-cs-s/AG0ilSyz9wcLOka2aCmjw3t8Hpla6hXP1_a7QFYv8YGoXMwkn9vuS33D73bpBMoXGiObudjIJQLUiVwQ9MOrmlK2CefemKa6BRh7phQ96F7-85PkSBCkOZ6Uq0gBdZkf_tvtgHwgZKFlWQ=w408-h309-k-no,true,,,,,,,,"https://www.google.com/maps/search/Psychiatry+clinics+in+French+Quarter+New+Orleans+LA/@29.9584426,-90.0644107,14z",2025-12-16T03:18:28.985Z,,
https://www.google.com/maps/place/Community+Care+Hospital/data=!4m7!3m6!1s0x8620a4359405850d:0xf952333775db74bb!8m2!3d29.9237563!4d-90.0924775!16s%2Fg%2F1tx47dj9!19sChIJDYUFlDWkIIYRu3TbdTczUvk,Community Care Hospital,2.3,4,Psychiatric hospital,"3600 Chestnut St #3, New Orleans, LA 70115, United States","WWF5+G2 New Orleans, Louisiana, USA",http://www.communitycarehospital.com/,+1 504-894-1999,,https://lh3.googleusercontent.com/gps-cs-s/AG0ilSwvBlM0qIrQmrGv5RiudzjdJ10t7NAuR_NIM8w9WK3Th7xiCIgudyJLqW5lEms1F9MYQw8jVwHH0tydm-YC7fV3tPzvCqohgRe-iUBXgraLni8lTAZ_rsqj7fLsG7VsNNm6yUI=w408-h306-k-no,false,,,,,,,,"https://www.google.com/maps/search/Psychiatry+clinics+in+French+Quarter+New+Orleans+LA/@29.9584426,-90.0644107,14z",2025-12-16T03:18:32.164Z,,
https://www.google.com/maps/place/Alpha+Health+Services+LLC/data=!4m7!3m6!1s0x8620a73b5e54b235:0x3e65ed9050a3cc83!8m2!3d29.9267576!4d-90.027305!16s%2Fg%2F11j219dj8n!19sChIJNbJUXjunIIYRg8yjUJDtZT4,Alpha Health Services LLC,4.3,18,Medical Center,"3201 General De Gaulle Dr, New Orleans, LA 70114, United States","WXGF+P3 New Orleans, Louisiana, USA",https://www.alphahealths.com/,+1 504-354-2103,Closed · Opens 8 am Tue,https://streetviewpixels-pa.googleapis.com/v1/thumbnail?panoid=Xy66COvHgcTWh6kHvua5Vw&cb_client=search.gws-prod.gps&w=408&h=240&yaw=134.23782&pitch=0&thumbfov=100,true,"8 am–12 pm, 1–6 pm","8 am–12 pm, 1–6 pm","8 am–12 pm, 1–6 pm","8 am–12 pm, 1–6 pm","8 am–12 pm, 1–6 pm",Closed,Closed,"https://www.google.com/maps/search/Psychiatry+clinics+in+French+Quarter+New+Orleans+LA/@29.9584426,-90.0644107,14z",2025-12-16T03:18:36.958Z,LGBTQ+ friendly,true
https://www.google.com/maps/place/Bliss+Psychiatry/data=!4m7!3m6!1s0x8620a51963c906d5:0xbd22a2de257ed5ff!8m2!3d29.9358049!4d-90.1040582!16s%2Fg%2F11w8pg00x4!19sChIJ1QbJYxmlIIYR_9V-Jd6iIr0,Bliss Psychiatry,5.0,1,Psychiatrist,"2529 Jena St, New Orleans, LA 70115, United States","WVPW+89 New Orleans, Louisiana, USA",https://www.natalieblissmd.com/,+1 504-222-2497,Closed · Opens 9 am Tue,https://lh3.googleusercontent.com/p/AF1QipMEmu-aZzwLnRAeo3UkWdq4NpSpUClVk3dw-DEZ=w408-h724-k-no,true,9 am–5 pm,9 am–3 pm,Closed,9 am–3 pm,Closed,9 am–2 pm,Closed,"https://www.google.com/maps/search/Psychiatry+clinics+in+French+Quarter+New+Orleans+LA/@29.9584426,-90.0644107,14z",2025-12-16T03:18:41.864Z,,
"https://www.google.com/maps/place/David+W.+Galarneau,+MD/data=!4m7!3m6!1s0x8620a552019e362f:0xc844b4bc948cd887!8m2!3d29.9611648!4d-90.145602!16s%2Fg%2F1tfwkqdp!19sChIJLzaeAVKlIIYRh9iMlLy0RMg","David W. Galarneau, MD",4.8,19,Psychiatrist,"1514 Jefferson Hwy, New Orleans, LA 70121, United States","XV63+FQ New Orleans, Louisiana, USA",https://www.ochsner.org/doctors/david-galarneau?utm_source=ExtNet&utm_medium=Yext&y_source=1_MTUyMDYxMzEtNzE1LWxvY2F0aW9uLndlYnNpdGU%3D,+1 504-842-4025,,https://lh3.googleusercontent.com/p/AF1QipMdvhkA_ayUonjYQBOPDtBgQW-Qj8Y7wsYwzBPG=w426-h240-k-no,true,,,,,,,,"https://www.google.com/maps/search/Psychiatry+clinics+in+French+Quarter+New+Orleans+LA/@29.9584426,-90.0644107,14z",2025-12-16T03:18:44.873Z,,
https://www.google.com/maps/place/Manning+Family+Children%27s+Behavioral+Health+Hospital/data=!4m7!3m6!1s0x8620a58be1767b7b:0x4da8372c3fd41ad3!8m2!3d29.9160646!4d-90.1246875!16s%2Fg%2F11ftxj5kln!19sChIJe3t24YulIIYR0xrUPyw3qE0,Manning Family Children's Behavioral Health Hospital,2.9,85,Psychologist,"210 State St, New Orleans, LA 70118, United States","WV8G+C4 New Orleans, Louisiana, USA",https://behavioralhealth.chnola.org/?utm_source=GMB&utm_medium=Yext&y_source=1_MTU4NzQ2OTgtNzE1LWxvY2F0aW9uLndlYnNpdGU%3D,+1 504-896-7200,Closed · Opens 8 am Tue,https://lh3.googleusercontent.com/p/AF1QipM0JP1a1tFZOxtyhblgntfRVJx-s14E2r_qrDoQ=w408-h306-k-no,true,8 am–5 pm,8 am–5 pm,8 am–5 pm,8 am–5 pm,8 am–5 pm,Closed,Closed,"https://www.google.com/maps/search/Psychiatry+clinics+in+French+Quarter+New+Orleans+LA/@29.9584426,-90.0644107,14z",2025-12-16T03:18:49.804Z,,
"https://www.google.com/maps/place/Dr.+Morgan+B.+Feibelman,+MD/data=!4m7!3m6!1s0x8620a521ab1e8b31:0xb378ae360facfedf!8m2!3d29.9486863!4d-90.0679217!16s%2Fg%2F1tglzbjg!19sChIJMYseqyGlIIYR3_6sDzaueLM","Dr. Morgan B. Feibelman, MD",3.7,6,Psychiatrist,"400 Poydras St #1950, New Orleans, LA 70130, United States","WWXJ+FR New Orleans, Louisiana, USA",https://www.ibhpsych.com/our-psychiatrists/,+1 504-322-3837,,https://streetviewpixels-pa.googleapis.com/v1/thumbnail?panoid=LTauo6uHrhmWl8-lgokaLw&cb_client=search.gws-prod.gps&w=408&h=240&yaw=188.78654&pitch=0&thumbfov=100,false,,,,,,,,"https://www.google.com/maps/search/Psychiatry+clinics+in+French+Quarter+New+Orleans+LA/@29.9584426,-90.0644107,14z",2025-12-16T03:18:53.176Z,,
https://www.google.com/maps/place/Weiss+Ashley+L+DO/data=!4m7!3m6!1s0x8620a5e21b287eb1:0xafbe97c33c2d1fcd!8m2!3d29.9569578!4d-90.0753337!16s%2Fg%2F1thcsp_r!19sChIJsX4oG-KlIIYRzR8tPMOXvq8,Weiss Ashley L DO,5.0,2,Psychiatrist,"1440 Canal St, New Orleans, LA 70112, United States","XW4F+QV New Orleans, Louisiana, USA",https://medicine.tulane.edu/departments/psychiatry-child-adolescent-psychiatry/faculty/ashley-weiss-do-mph,+1 504-988-5263,,https://streetviewpixels-pa.googleapis.com/v1/thumbnail?panoid=4-DhOSM-ZuDbBPWfiaxE8w&cb_client=search.gws-prod.gps&w=408&h=240&yaw=219.50159&pitch=0&thumbfov=100,false,,,,,,,,"https://www.google.com/maps/search/Psychiatry+clinics+in+French+Quarter+New+Orleans+LA/@29.9584426,-90.0644107,14z",2025-12-16T03:18:56.006Z,,
"https://www.google.com/maps/place/Dr.+William+K.+Lo,+MD/data=!4m7!3m6!1s0x8620a5e151b9107f:0x39084db071df6560!8m2!3d29.9559638!4d-90.0789925!16s%2Fg%2F113fpc4cd!19sChIJfxC5UeGlIIYRYGXfcbBNCDk","Dr. William K. Lo, MD",5.0,1,Psychiatrist,"1542 Tulane Ave, New Orleans, LA 70112, United States","XW4C+9C New Orleans, Louisiana, USA",http://riveroakshospital.com/,+1 504-734-1740,,https://streetviewpixels-pa.googleapis.com/v1/thumbnail?panoid=rZdLNhMPBDmdHW-4MEPoWg&cb_client=search.gws-prod.gps&w=408&h=240&yaw=202.85287&pitch=0&thumbfov=100,false,,,,,,,,"https://www.google.com/maps/search/Psychiatry+clinics+in+French+Quarter+New+Orleans+LA/@29.9584426,-90.0644107,14z",2025-12-16T03:18:58.609Z,,
https://www.google.com/maps/place/Qalbani+Mehdi+M+MD/data=!4m7!3m6!1s0x8620a5e21b287eff:0x5d66dd713a895375!8m2!3d29.9569578!4d-90.0753337!16s%2Fg%2F1tf5k_q0!19sChIJ_34oG-KlIIYRdVOJOnHdZl0,Qalbani Mehdi M MD,5.0,2,Psychiatrist,"1440 Canal St, New Orleans, LA 70112, United States","XW4F+QV New Orleans, Louisiana, USA",,+1 504-988-5263,,https://streetviewpixels-pa.googleapis.com/v1/thumbnail?panoid=4-DhOSM-ZuDbBPWfiaxE8w&cb_client=search.gws-prod.gps&w=408&h=240&yaw=219.50159&pitch=0&thumbfov=100,false,,,,,,,,"https://www.google.com/maps/search/Psychiatry+clinics+in+French+Quarter+New+Orleans+LA/@29.9584426,-90.0644107,14z",2025-12-16T03:19:01.183Z,,
https://www.google.com/maps/place/NAMI+New+Orleans/data=!4m7!3m6!1s0x8620a4352d9884a1:0x28382ee50b378f81!8m2!3d29.9773523!4d-90.1039792!16s%2Fg%2F1td7zfqv!19sChIJoYSYLTWkIIYRgY83C-UuOCg,NAMI New Orleans,4.4,8,Mental health service,"4403 Canal St, New Orleans, LA 70119, United States","XVGW+WC New Orleans, Louisiana, USA",https://namineworleans.org/,+1 504-896-2345,Closed · Opens 8:30 am Tue,https://lh3.googleusercontent.com/p/AF1QipN6XvBNMqcHfUrAAcJauv6XNjhY6l3OiCRhi3Gn=w408-h304-k-no,true,8:30 am–4:30 pm,8:30 am–4:30 pm,8:30 am–4:30 pm,8:30 am–4:30 pm,8:30 am–4:30 pm,Closed,Closed,"https://www.google.com/maps/search/Psychiatry+clinics+in+French+Quarter+New+Orleans+LA/@29.9584426,-90.0644107,14z",2025-12-16T03:19:06.217Z,,
"https://www.google.com/maps/place/Erik+A.+Whitfield,+MD/data=!4m7!3m6!1s0x8620a435446118f1:0xc2879668738dc787!8m2!3d29.9427291!4d-90.0733262!16s%2Fg%2F11bvt3xknh!19sChIJ8RhhRDWkIIYRh8eNc2iWh8I","Erik A. Whitfield, MD",5.0,1,Psychiatrist,"1055 St Charles Ave STE 240, New Orleans, LA 70130, United States","WWVG+3M New Orleans, Louisiana, USA",https://erikawhitfieldmd.com/,+1 504-487-9446,Closed · Opens 7:30 am Tue,https://lh3.googleusercontent.com/p/AF1QipMUjjxkAMs3bvpEsGZe4P3H8ZKc4ueOEfJMEcoj=w408-h269-k-no,true,7:30 am–6 pm,7:30 am–6 pm,7:30 am–6 pm,7:30 am–6 pm,7:30 am–6 pm,Closed,Closed,"https://www.google.com/maps/search/Psychiatry+clinics+in+French+Quarter+New+Orleans+LA/@29.9584426,-90.0644107,14z",2025-12-16T03:19:10.889Z,,
https://www.google.com/maps/place/Odyssey+House+Louisiana+-+Bohn+%28Inpatient+Services%29/data=!4m7!3m6!1s0x8620a5159913cda1:0xca67e2d722ec1575!8m2!3d29.9508432!4d-90.0998326!16s%2Fg%2F11h8k45cxd!19sChIJoc0TmRWlIIYRdRXsItfiZ8o,Odyssey House Louisiana - Bohn (Inpatient Services),4.0,36,Mental health clinic,"2700 S Broad St, New Orleans, LA 70125, United States","XW22+83 New Orleans, Louisiana, USA",https://www.ohlinc.org/,+1 504-821-9211,Open 24 hours,https://lh3.googleusercontent.com/p/AF1QipPpJ9f3re81epdzD7poZOjeF-vmaVrmhfZ_pkNY=w492-h240-k-no,true,Open 24 hours,Open 24 hours,Open 24 hours,Open 24 hours,Open 24 hours,Open 24 hours,Open 24 hours,"https://www.google.com/maps/search/Psychiatry+clinics+in+French+Quarter+New+Orleans+LA/@29.9584426,-90.0644107,14z",2025-12-16T03:19:15.862Z,,
https://www.google.com/maps/place/Walsh+Michael+MD/data=!4m7!3m6!1s0x8620a5e084b1b081:0x282d91e567d2d032!8m2!3d29.9577007!4d-90.0844726!16s%2Fg%2F1ts1m_8t!19sChIJgbCxhOClIIYRMtDSZ-WRLSg,Walsh Michael MD,4.1,13,Psychiatrist,"478 S Johnson St 7th floor, New Orleans, LA 70112, United States","XW58+36 New Orleans, Louisiana, USA",http://www.lsuhn.com/,+1 504-412-1100,,https://streetviewpixels-pa.googleapis.com/v1/thumbnail?panoid=P_WsU4DGPWoMpYvtpbOtJg&cb_client=search.gws-prod.gps&w=408&h=240&yaw=114.89493&pitch=0&thumbfov=100,false,,,,,,,,"https://www.google.com/maps/search/Psychiatry+clinics+in+French+Quarter+New+Orleans+LA/@29.9584426,-90.0644107,14z",2025-12-16T03:19:18.814Z,,
https://www.google.com/maps/place/Dr.+Andrea+O%27leary/data=!4m7!3m6!1s0x8620a5afe3baa2bd:0xdb6f0350c02e1600!8m2!3d29.9370168!4d-90.1028275!16s%2Fg%2F11qgb71_cd!19sChIJvaK646-lIIYRABYuwFADb9s,Dr. Andrea O'leary,5.0,2,Psychiatrist,"2633 Napoleon Ave Suite 805, New Orleans, LA 70115, United States","WVPW+RV New Orleans, Louisiana, USA",,+1 504-302-2333,,https://streetviewpixels-pa.googleapis.com/v1/thumbnail?panoid=5Z_HINjdjtcsKTxH60w7PQ&cb_client=search.gws-prod.gps&w=408&h=240&yaw=90.977974&pitch=0&thumbfov=100,true,,,,,,,,"https://www.google.com/maps/search/Psychiatry+clinics+in+French+Quarter+New+Orleans+LA/@29.9584426,-90.0644107,14z",2025-12-16T03:19:21.391Z,,
"https://www.google.com/maps/place/Peter+Goertz,+MD/data=!4m7!3m6!1s0x89c2590c24a134fb:0xc9935a00c8f9b100!8m2!3d29.9608833!4d-90.1444425!16s%2Fg%2F1tvw5vjf!19sChIJ-zShJAxZwokRALH5yABak8k","Peter Goertz, MD",4.8,20,Psychiatrist,"1514 Jefferson Hwy, New Orleans, LA 70121, United States","XV64+96 New Orleans, Louisiana, USA",https://www.ochsner.org/doctors/peter-goertz?utm_source=ExtNet&utm_medium=Yext&y_source=1_MTUyMDY5MDctNzE1LWxvY2F0aW9uLndlYnNpdGU%3D,+1 504-842-4025,,https://lh3.googleusercontent.com/p/AF1QipMUezLdxgysNr6vYxOHySUlK1l9OdMcWSU4T9H9=w426-h240-k-no,true,,,,,,,,"https://www.google.com/maps/search/Psychiatry+clinics+in+French+Quarter+New+Orleans+LA/@29.9584426,-90.0644107,14z",2025-12-16T03:19:24.088Z,,
https://www.google.com/maps/place/Thriveworks+Counseling+%26+Psychiatry+New+Orleans/data=!4m7!3m6!1s0x8620a534978f439d:0x1700f46798ac7973!8m2!3d29.9722145!4d-90.0914541!16s%2Fg%2F11q2bf8sdh!19sChIJnUOPlzSlIIYRc3msmGf0ABc,Thriveworks Counseling & Psychiatry New Orleans,4.4,42,Counselor,"334 N Norman C Francis Parkway, New Orleans, LA 70119, United States","XWC5+VC New Orleans, Louisiana, USA",https://thriveworks.com/new-orleans-counseling/?utm_source=GMBlisting&utm_medium=organic&field:8499441=GMB,+1 504-732-9138,,https://lh3.googleusercontent.com/p/AF1QipPZuw3VXq-JsNnaHk8BFsxf2-saixAFn4vaUB7S=w426-h240-k-no,true,Open 24 hours,Open 24 hours,Open 24 hours,Open 24 hours,Open 24 hours,Open 24 hours,Open 24 hours,"https://www.google.com/maps/search/Psychiatry+clinics+in+French+Quarter+New+Orleans+LA/@29.9584426,-90.0644107,14z",2025-12-16T03:19:29.052Z,LGBTQ+ friendly,
https://www.google.com/maps/place/Erich+Conrad/data=!4m7!3m6!1s0x8620a5ef5b769771:0xedd54c4197693692!8m2!3d29.9577007!4d-90.0844726!16s%2Fg%2F11p0793dn4!19sChIJcZd2W--lIIYRkjZpl0FM1e0,Erich Conrad,5.0,1,Psychiatrist,"478 S Johnson St, New Orleans, LA 70112, United States","XW58+36 New Orleans, Louisiana, USA",https://www.medschool.lsuhsc.edu/psychiatry/faculty_detail.aspx?name=conrad_erich,+1 225-201-2000,,https://streetviewpixels-pa.googleapis.com/v1/thumbnail?panoid=P_WsU4DGPWoMpYvtpbOtJg&cb_client=search.gws-prod.gps&w=408&h=240&yaw=114.89493&pitch=0&thumbfov=100,false,,,,,,,,"https://www.google.com/maps/search/Psychiatry+clinics+in+French+Quarter+New+Orleans+LA/@29.9584426,-90.0644107,14z",2025-12-16T03:19:31.872Z,,
https://www.google.com/maps/place/Dr.+Cody+Roi/data=!4m7!3m6!1s0x8620a5ef5b769771:0xb6fed2122c1ce8f7!8m2!3d29.9577007!4d-90.0844726!16s%2Fg%2F11sd2xnkkx!19sChIJcZd2W--lIIYR9-gcLBLS_rY,Dr. Cody Roi,5.0,1,Psychiatrist,"478 S Johnson St, New Orleans, LA 70112, United States","XW58+36 New Orleans, Louisiana, USA",https://www.medschool.lsuhsc.edu/Psychiatry/caf/faculty.aspx,+1 504-412-1100,,https://streetviewpixels-pa.googleapis.com/v1/thumbnail?panoid=P_WsU4DGPWoMpYvtpbOtJg&cb_client=search.gws-prod.gps&w=408&h=240&yaw=114.89493&pitch=0&thumbfov=100,false,,,,,,,,"https://www.google.com/maps/search/Psychiatry+clinics+in+French+Quarter+New+Orleans+LA/@29.9584426,-90.0644107,14z",2025-12-16T03:19:34.689Z,,
https://www.google.com/maps/place/Tulane+Doctors+Center+for+Autism+and+Related+Disorders/data=!4m7!3m6!1s0x8620a53e601dbe1d:0x61115f7ce0219c0c!8m2!3d29.9579289!4d-90.0776965!16s%2Fg%2F11h2qq1kly!19sChIJHb4dYD6lIIYRDJwh4HxfEWE,Tulane Doctors Center for Autism and Related Disorders,4.5,2,Psychiatrist,"131 S Robertson St 14th Floor A, New Orleans, LA 70112, United States","XW5C+5W New Orleans, Louisiana, USA",https://tulanedoctors.com/,+1 504-988-5405,Closed · Opens 8:30 am Tue,https://streetviewpixels-pa.googleapis.com/v1/thumbnail?panoid=Iwx_ueAJUP927Ix_saAFKw&cb_client=search.gws-prod.gps&w=408&h=240&yaw=325.5545&pitch=0&thumbfov=100,true,8:30 am–4:30 pm,8:30 am–4:30 pm,8:30 am–4:30 pm,8:30 am–4:30 pm,8:30 am–4:30 pm,Closed,Closed,"https://www.google.com/maps/search/Psychiatry+clinics+in+French+Quarter+New+Orleans+LA/@29.9584426,-90.0644107,14z",2025-12-16T03:19:39.395Z,,
https://www.google.com/maps/place/Trajectory+Psychiatry/data=!4m7!3m6!1s0x8620a546f5b33a43:0x43dad4e9b298f563!8m2!3d29.9251686!4d-90.0943799!16s%2Fg%2F11pyb29smz!19sChIJQzqz9UalIIYRY_WYsunU2kM,Trajectory Psychiatry,,,Child psychiatrist,"1426 Amelia St, New Orleans, LA 70115, United States","WWG4+36 New Orleans, Louisiana, USA",http://www.trajectorypsychiatry.com/,+1 985-276-9460,Closed · Opens 8 am Wed,https://lh3.googleusercontent.com/p/AF1QipNwizUCOssW_ypJ8Gx_pgxHP4MWTMK4FgkxYWpY=w408-h517-k-no,true,Closed,Closed,8 am–5 pm,8 am–5 pm,Closed,Closed,Closed,"https://www.google.com/maps/search/Psychiatry+clinics+in+French+Quarter+New+Orleans+LA/@29.9584426,-90.0644107,14z",2025-12-16T03:19:44.127Z,,
"https://www.google.com/maps/place/Dr.+Ted+Bloch+III,+MD/data=!4m7!3m6!1s0x8620a43541f02867:0x47aff7ae89340089!8m2!3d29.9266229!4d-90.0928673!16s%2Fg%2F1td76yd_!19sChIJZyjwQTWkIIYRiQA0ia73r0c","Dr. Ted Bloch III, MD",4.2,5,Psychiatrist,"3525 Prytania St Suite 526, New Orleans, LA 70115, United States","WWG4+JV New Orleans, Louisiana, USA",,+1 504-897-7939,,https://streetviewpixels-pa.googleapis.com/v1/thumbnail?panoid=LTz-_KhMSLzzVqyqkMGcgw&cb_client=search.gws-prod.gps&w=408&h=240&yaw=70.67928&pitch=0&thumbfov=100,false,,,,,,,,"https://www.google.com/maps/search/Psychiatry+clinics+in+French+Quarter+New+Orleans+LA/@29.9584426,-90.0644107,14z",2025-12-16T03:19:46.846Z,,
https://www.google.com/maps/place/Community+Care+Solutions/data=!4m7!3m6!1s0x8620a5f1921d50bd:0x6e5aa0292dded5d9!8m2!3d29.9642575!4d-90.0881266!16s%2Fg%2F11ckksksws!19sChIJvVAdkvGlIIYR2dXeLSmgWm4,Community Care Solutions,4.2,5,Mental health clinic,"200 S Broad St # 7, New Orleans, LA 70119, United States","XW76+PP New Orleans, Louisiana, USA",,+1 504-309-9991,Closed · Opens 8:30 am Tue,https://streetviewpixels-pa.googleapis.com/v1/thumbnail?panoid=wi0afcn6vozfXx7H6lY5iA&cb_client=search.gws-prod.gps&w=408&h=240&yaw=116.22492&pitch=0&thumbfov=100,false,8:30 am–5 pm,8:30 am–5 am,8:30 am–5 pm,8:30 am–5 pm,8:30 am–5 pm,Closed,Closed,"https://www.google.com/maps/search/Psychiatry+clinics+in+French+Quarter+New+Orleans+LA/@29.9584426,-90.0644107,14z",2025-12-16T03:19:51.635Z,,
"https://www.google.com/maps/place/Dr.+John+H.+Wells,+MD/data=!4m7!3m6!1s0x8620a5e5fd302ac3:0x3725ac714db12287!8m2!3d29.956727!4d-90.0836199!16s%2Fg%2F1tf_t6r0!19sChIJwyow_eWlIIYRhyKxTXGsJTc","Dr. John H. Wells, MD",5.0,4,Psychiatrist,"2020 Gravier St, New Orleans, LA 70112, United States","XW48+MH New Orleans, Louisiana, USA",,+1 504-568-6004,,https://streetviewpixels-pa.googleapis.com/v1/thumbnail?panoid=rRKW5V3Plbj5JMDXSa0t1g&cb_client=search.gws-prod.gps&w=408&h=240&yaw=160.0765&pitch=0&thumbfov=100,false,,,,,,,,"https://www.google.com/maps/search/Psychiatry+clinics+in+French+Quarter+New+Orleans+LA/@29.9584426,-90.0644107,14z",2025-12-16T03:19:54.571Z,,
https://www.google.com/maps/place/Michalewicz+Leszek+MD/data=!4m7!3m6!1s0x8620a5e1c238707d:0x2f96e6e78ab63a88!8m2!3d29.9557614!4d-90.0762954!16s%2Fg%2F1tdy4t_g!19sChIJfXA4wuGlIIYRiDq2iufmli8,Michalewicz Leszek MD,5.0,1,Psychiatrist,"1415 Tulane Ave, New Orleans, LA 70112, United States","XW4F+8F New Orleans, Louisiana, USA",,+1 504-988-2300,,https://streetviewpixels-pa.googleapis.com/v1/thumbnail?panoid=DvKIbWFsKcv4DIL9ygfWFg&cb_client=search.gws-prod.gps&w=408&h=240&yaw=141.15764&pitch=0&thumbfov=100,false,,,,,,,,"https://www.google.com/maps/search/Psychiatry+clinics+in+French+Quarter+New+Orleans+LA/@29.9584426,-90.0644107,14z",2025-12-16T03:19:57.424Z,,
https://www.google.com/maps/place/The+Mind+Body+Collective+NOLA/data=!4m7!3m6!1s0x8620a736e498b97f:0xeae46222966df800!8m2!3d29.9484247!4d-90.0497793!16s%2Fg%2F11tj3tthkg!19sChIJf7mY5DanIIYRAPhtliJi5Oo,The Mind Body Collective NOLA,5.0,56,Office space rental agency,"627 Opelousas Ave, New Orleans, LA 70114, United States","WXX2+93 New Orleans, Louisiana, USA",http://www.mindbodycollectivenola.com/,+1 504-224-7374,Closed · Opens 8 am Tue,https://lh3.googleusercontent.com/p/AF1QipMNOzoX5kVw_1MG6Av_MvR2xM6kOZnCVBKcH5VT=w408-h612-k-no,true,8 am–8 pm,8 am–8 pm,8 am–8 pm,8 am–8 pm,8 am–8 pm,8 am–8 pm,8 am–8 pm,"https://www.google.com/maps/search/Psychiatry+clinics+in+French+Quarter+New+Orleans+LA/@29.9584426,-90.0644107,14z",2025-12-16T03:20:02.264Z,,
https://www.google.com/maps/place/Andrew+Sander/data=!4m7!3m6!1s0x8620a673034524a5:0x300c388329e9b2!8m2!3d29.9486863!4d-90.0679217!16s%2Fg%2F11tn9l197w!19sChIJpSRFA3OmIIYRsukpgzgMMAA,Andrew Sander,5.0,1,Psychiatrist,"400 Poydras St #1950, New Orleans, LA 70130, United States","WWXJ+FR New Orleans, Louisiana, USA",,,,https://streetviewpixels-pa.googleapis.com/v1/thumbnail?panoid=LTauo6uHrhmWl8-lgokaLw&cb_client=search.gws-prod.gps&w=408&h=240&yaw=188.78654&pitch=0&thumbfov=100,false,,,,,,,,"https://www.google.com/maps/search/Psychiatry+clinics+in+French+Quarter+New+Orleans+LA/@29.9584426,-90.0644107,14z",2025-12-16T03:20:05.057Z,,
"https://www.google.com/maps/place/HARMINDER+S+MALLIK,+MD/data=!4m7!3m6!1s0x8620a5e1c238707d:0x85549bce9c36495e!8m2!3d29.9557828!4d-90.0762826!16s%2Fg%2F1tf5k_p_!19sChIJfXA4wuGlIIYRXkk2nM6bVIU","HARMINDER S MALLIK, MD",5.0,1,Psychiatrist,"1415 Tulane Ave, New Orleans, LA 70112, United States","XW4F+8F New Orleans, Louisiana, USA",http://tulanehealthcare.com/,+1 504-988-5263,,https://streetviewpixels-pa.googleapis.com/v1/thumbnail?panoid=DvKIbWFsKcv4DIL9ygfWFg&cb_client=search.gws-prod.gps&w=408&h=240&yaw=137.52412&pitch=0&thumbfov=100,false,,,,,,,,"https://www.google.com/maps/search/Psychiatry+clinics+in+French+Quarter+New+Orleans+LA/@29.9584426,-90.0644107,14z",2025-12-16T03:20:07.612Z,,
https://www.google.com/maps/place/Dr.+Aldo+Mejia/data=!4m7!3m6!1s0x8620a67303bfffff:0x4cf18d9c1acd1c7c!8m2!3d29.9484692!4d-90.0678885!16s%2Fg%2F11p07bn2ml!19sChIJ__-_A3OmIIYRfBzNGpyN8Uw,Dr. Aldo Mejia,5.0,1,Psychiatrist,"400 Poydras St, New Orleans, LA 70130, United States","WWXJ+9R New Orleans, Louisiana, USA",https://www.ibhpsych.com/our-psychiatrists/,+1 504-322-3837,,https://streetviewpixels-pa.googleapis.com/v1/thumbnail?panoid=nu6JMKFHNm0Eignhey6Cxw&cb_client=search.gws-prod.gps&w=408&h=240&yaw=276.56198&pitch=0&thumbfov=100,false,,,,,,,,"https://www.google.com/maps/search/Psychiatry+clinics+in+French+Quarter+New+Orleans+LA/@29.9584426,-90.0644107,14z",2025-12-16T03:20:10.291Z,,
"https://www.google.com/maps/place/Dr.+James+G.+Barbee+IV,+MD/data=!4m7!3m6!1s0x8620a4343cfe4d8d:0x5afeb8e3aa2d6bcf!8m2!3d29.9228233!4d-90.0900197!16s%2Fg%2F1tfcz4_1!19sChIJjU3-PDSkIIYRz2stquO4_lo","Dr. James G. Barbee IV, MD",4.5,8,Psychiatrist,"3439 Magazine St, New Orleans, LA 70115, United States","WWF5+4X New Orleans, Louisiana, USA",http://www.jamesbarbeemd.com/,+1 504-891-8808,,https://streetviewpixels-pa.googleapis.com/v1/thumbnail?panoid=i35TKD2jCGleC06pmYLwrw&cb_client=search.gws-prod.gps&w=408&h=240&yaw=348.1589&pitch=0&thumbfov=100,true,,,,,,,,"https://www.google.com/maps/search/Psychiatry+clinics+in+French+Quarter+New+Orleans+LA/@29.9584426,-90.0644107,14z",2025-12-16T03:20:12.935Z,,
https://www.google.com/maps/place/Laurel+Psychiatry/data=!4m7!3m6!1s0x68a98ef16ba2dc01:0x224854eb3c227644!8m2!3d29.9514086!4d-90.1165784!16s%2Fg%2F11zj8g64c9!19sChIJAdyia_GOqWgRRHYiPOtUSCI,Laurel Psychiatry,,,Psychiatrist,"84 Neron Pl, New Orleans, LA 70118, United States","XV2M+H9 New Orleans, Louisiana, USA",https://www.laurelpsychiatry.com/,+1 504-229-2368,"Closed · Opens 9 am Tue

Updated by this business 10 weeks ago",https://lh3.googleusercontent.com/p/AF1QipPs-zrHUFBSoT6UMOaZU9xfhkDz1HOHAZLkogO9=w408-h544-k-no,true,9 am–5 pm,9 am–5 pm,9 am–5 pm,9 am–5 pm,9 am–5 pm,Closed,Closed,"https://www.google.com/maps/search/Psychiatry+clinics+in+French+Quarter+New+Orleans+LA/@29.9584426,-90.0644107,14z",2025-12-16T03:20:17.738Z,,
"https://www.google.com/maps/place/Dr.+William+S.+Griffies,+MD/data=!4m7!3m6!1s0x145edab77fd72ca9:0x5af473dabc2827ce!8m2!3d29.9540037!4d-90.0665566!16s%2Fg%2F11b77b3ctx!19sChIJqSzXf7faXhQRzicovNpz9Fo","Dr. William S. Griffies, MD",,,Psychiatrist,"536 Bienville St, New Orleans, LA 70130, United States","XW3M+J9 New Orleans, Louisiana, USA",,+1 504-568-6009,,https://streetviewpixels-pa.googleapis.com/v1/thumbnail?panoid=UvcK8UKVKy4ExXaQFU3Gxg&cb_client=search.gws-prod.gps&w=408&h=240&yaw=218.66206&pitch=0&thumbfov=100,false,,,,,,,,"https://www.google.com/maps/search/Psychiatry+clinics+in+French+Quarter+New+Orleans+LA/@29.9584426,-90.0644107,14z",2025-12-16T03:20:20.512Z,,
https://www.google.com/maps/place/Dr+John+W+Bick+III/data=!4m7!3m6!1s0x8620a44a6166685f:0x178f2778bea0886a!8m2!3d29.9246352!4d-90.0942903!16s%2Fg%2F1wcxdf_v!19sChIJX2hmYUqkIIYRaoigvngnjxc,Dr John W Bick III,4.5,2,Psychiatrist,"3705 Coliseum St suite 3, New Orleans, LA 70115, United States","WWF4+V7 New Orleans, Louisiana, USA",,+1 504-891-0094,Closed · Opens 9 am Tue,https://streetviewpixels-pa.googleapis.com/v1/thumbnail?panoid=PcAvmaskZp9t9dV-zgVOwA&cb_client=search.gws-prod.gps&w=408&h=240&yaw=344.82956&pitch=0&thumbfov=100,true,9 am–5 pm,9 am–5 pm,9 am–5 pm,9 am–5 pm,9 am–5 pm,Closed,Closed,"https://www.google.com/maps/search/Psychiatry+clinics+in+French+Quarter+New+Orleans+LA/@29.9584426,-90.0644107,14z",2025-12-16T03:20:25.232Z,,
"https://www.google.com/maps/place/Dr.+Ravindra+R.+Reddy,+MD/data=!4m7!3m6!1s0x8620a70a7d1b85a7:0xd0bbbae85402b264!8m2!3d29.9287433!4d-90.0207931!16s%2Fg%2F113d_qrky!19sChIJp4UbfQqnIIYRZLICVOi6u9A","Dr. Ravindra R. Reddy, MD",4.2,13,Psychiatrist,"3520 General De Gaulle Dr #4098, New Orleans, LA 70114, United States","WXHH+FM New Orleans, Louisiana, USA",,+1 504-362-4122,"Closed · Opens 8 am Tue

Updated by others 2 weeks ago",https://streetviewpixels-pa.googleapis.com/v1/thumbnail?panoid=jq9EMMA7BbuBar7A4Lxa-A&cb_client=search.gws-prod.gps&w=408&h=240&yaw=265.101&pitch=0&thumbfov=100,false,8 am–6 pm,8 am–6 pm,8 am–6 pm,8 am–6 pm,8 am–6 pm,Closed,Closed,"https://www.google.com/maps/search/Psychiatry+clinics+in+French+Quarter+New+Orleans+LA/@29.9584426,-90.0644107,14z",2025-12-16T03:20:30.105Z,,
"https://www.google.com/maps/place/Dr.+Daniel+K.+Winstead,+MD/data=!4m7!3m6!1s0x8620a5e1c238707d:0x929029c6002acd0d!8m2!3d29.9558049!4d-90.0758086!16s%2Fg%2F1ths9qgm!19sChIJfXA4wuGlIIYRDc0qAMYpkJI","Dr. Daniel K. Winstead, MD",5.0,1,Psychiatrist,"1415 Tulane Ave, New Orleans, LA 70112, United States","XW4F+8M New Orleans, Louisiana, USA",http://tulanehealthcare.com/,+1 504-988-5800,,https://streetviewpixels-pa.googleapis.com/v1/thumbnail?panoid=DvKIbWFsKcv4DIL9ygfWFg&cb_client=search.gws-prod.gps&w=408&h=240&yaw=109.969&pitch=0&thumbfov=100,false,,,,,,,,"https://www.google.com/maps/search/Psychiatry+clinics+in+French+Quarter+New+Orleans+LA/@29.9584426,-90.0644107,14z",2025-12-16T03:20:32.739Z,,
https://www.google.com/maps/place/Pejic+Nicholas+G+MD/data=!4m7!3m6!1s0x8620a435ad5fe0f3:0x421fe0ca8abd86ee!8m2!3d29.9241607!4d-90.0911085!16s%2Fg%2F1tfn32r5!19sChIJ8-BfrTWkIIYR7oa9isrgH0I,Pejic Nicholas G MD,4.4,5,Psychiatrist,"3450 Chestnut St #3, New Orleans, LA 70115, United States","WWF5+MH New Orleans, Louisiana, USA",,+1 504-899-1682,,https://streetviewpixels-pa.googleapis.com/v1/thumbnail?panoid=TwTL5gpEh0KCMl4rPiMf6A&cb_client=search.gws-prod.gps&w=408&h=240&yaw=141.00575&pitch=0&thumbfov=100,false,,,,,,,,"https://www.google.com/maps/search/Psychiatry+clinics+in+French+Quarter+New+Orleans+LA/@29.9584426,-90.0644107,14z",2025-12-16T03:20:35.565Z,,
"https://www.google.com/maps/place/Nolaminds+Matter,+LLC/data=!4m7!3m6!1s0x8620a50a3c0caa83:0xcb3fc8df8a17bbfc!8m2!3d29.9460894!4d-90.1135127!16s%2Fg%2F11m392jjtv!19sChIJg6oMPAqlIIYR_LsXit_IP8s","Nolaminds Matter, LLC",1.0,1,Psychiatrist,"6221 S Claiborne Ave Ste #209, New Orleans, LA 70125, United States","WVWP+CH New Orleans, Louisiana, USA",http://nolamindsmatter.com/,+1 504-402-6858,Closed · Opens 8 am Wed,https://lh3.googleusercontent.com/p/AF1QipMHPjPDhwM3ug57Fp6Q3qoHucBZ7dbrC2GXmnFx=w440-h240-k-no,true,8 am–3 pm,Closed,8 am–3 pm,Closed,8 am–12 pm,Closed,Closed,"https://www.google.com/maps/search/Psychiatry+clinics+in+French+Quarter+New+Orleans+LA/@29.9584426,-90.0644107,14z",2025-12-16T03:20:40.456Z,Identifies as women-owned,true
"https://www.google.com/maps/place/Dr.+Minati+D.+Biswas,+MD/data=!4m7!3m6!1s0x8620a6187c04cb63:0x46ed71c33c873e31!8m2!3d29.9650781!4d-90.0562732!16s%2Fg%2F1tp8_dc2!19sChIJY8sEfBimIIYRMT6HPMNx7UY","Dr. Minati D. Biswas, MD",5.0,1,Psychiatrist,"719 Elysian Fields Ave, New Orleans, LA 70117, United States","XW8V+2F New Orleans, Louisiana, USA",,+1 504-942-8101,,https://streetviewpixels-pa.googleapis.com/v1/thumbnail?panoid=SiaTJePP30k2ltbgJnXhYg&cb_client=search.gws-prod.gps&w=408&h=240&yaw=74.14714&pitch=0&thumbfov=100,false,,,,,,,,"https://www.google.com/maps/search/Psychiatry+clinics+in+French+Quarter+New+Orleans+LA/@29.9584426,-90.0644107,14z",2025-12-16T03:20:43.351Z,,
https://www.google.com/maps/place/Cochran+Stephen+R+MD/data=!4m7!3m6!1s0x8620a44a8b9c4685:0x31d72fa7d12d2f78!8m2!3d29.9251779!4d-90.0943861!16s%2Fg%2F1tdmf73x!19sChIJhUaci0qkIIYReC8t0acv1zE,Cochran Stephen R MD,5.0,1,Psychiatrist,"1426 Amelia St, New Orleans, LA 70115, United States","WWG4+36 New Orleans, Louisiana, USA",,+1 504-891-6020,,https://streetviewpixels-pa.googleapis.com/v1/thumbnail?panoid=fCMgNl5dH2vwVO71gHC0cQ&cb_client=search.gws-prod.gps&w=408&h=240&yaw=246.20618&pitch=0&thumbfov=100,false,,,,,,,,"https://www.google.com/maps/search/Psychiatry+clinics+in+French+Quarter+New+Orleans+LA/@29.9584426,-90.0644107,14z",2025-12-16T03:20:46.154Z,,
https://www.google.com/maps/place/Barnes+J+Robert+MD/data=!4m7!3m6!1s0x8620a44a73ace2b3:0xd7579233c9a0946e!8m2!3d29.9238168!4d-90.0937348!16s%2Fg%2F1thhkwd6!19sChIJs-Ksc0qkIIYRbpSgyTOSV9c,Barnes J Robert MD,5.0,2,Psychiatrist,"1301 Amelia St, New Orleans, LA 70115, United States","WWF4+GG New Orleans, Louisiana, USA",,+1 504-891-7000,,https://streetviewpixels-pa.googleapis.com/v1/thumbnail?panoid=VjD5L-o1Ms5kNrPiHCO6zQ&cb_client=search.gws-prod.gps&w=408&h=240&yaw=72.32949&pitch=0&thumbfov=100,false,,,,,,,,"https://www.google.com/maps/search/Psychiatry+clinics+in+French+Quarter+New+Orleans+LA/@29.9584426,-90.0644107,14z",2025-12-16T03:20:48.946Z,,
https://www.google.com/maps/place/Pelts+Kirkhart+%26+Associates+LLC:+Pelts+Paul+G+MD/data=!4m7!3m6!1s0x8620a5d15652b7d9:0xe8f83d6280ca6af2!8m2!3d29.9339326!4d-90.0798493!16s%2Fg%2F1tdrxn_j!19sChIJ2bdSVtGlIIYR8mrKgGI9-Og,Pelts Kirkhart & Associates LLC: Pelts Paul G MD,4.2,5,Psychiatrist,"1539 Jackson Ave #300, New Orleans, LA 70130, United States","WWMC+H3 New Orleans, Louisiana, USA",https://www.pelts-kirkhart.com/,+1 504-581-3933,Closed · Opens 9 am Tue,https://streetviewpixels-pa.googleapis.com/v1/thumbnail?panoid=fW3V_uYDg_LkzxT83naxuw&cb_client=search.gws-prod.gps&w=408&h=240&yaw=54.026882&pitch=0&thumbfov=100,false,9 am–5 pm,9 am–5 pm,9 am–5 pm,9 am–5 pm,Closed,Closed,Closed,"https://www.google.com/maps/search/Psychiatry+clinics+in+French+Quarter+New+Orleans+LA/@29.9584426,-90.0644107,14z",2025-12-16T03:20:53.516Z,,
https://www.google.com/maps/place/Christopher+Trevino/data=!4m7!3m6!1s0x8620a5e1fcbfffff:0x11a270f96fea2dbf!8m2!3d29.9560546!4d-90.0748957!16s%2Fg%2F11rwxdzjnh!19sChIJ__-__OGlIIYRvy3qb_lwohE,Christopher Trevino,5.0,1,Internist,"150 S Liberty St, New Orleans, LA 70112, United States",,,+1 225-389-1311,,https://streetviewpixels-pa.googleapis.com/v1/thumbnail?panoid=oLXEMPsRzSajH3UpyC-mOg&cb_client=search.gws-prod.gps&w=408&h=240&yaw=118.99386&pitch=0&thumbfov=100,false,,,,,,,,"https://www.google.com/maps/search/Psychiatry+clinics+in+French+Quarter+New+Orleans+LA/@29.9584426,-90.0644107,14z",2025-12-16T03:20:56.255Z,,
https://www.google.com/maps/place/Spark+Pediatric+Therapy/data=!4m7!3m6!1s0x8119e80be64714a5:0x9acddf2c4902d464!8m2!3d29.936454!4d-90.104579!16s%2Fg%2F11st6224y9!19sChIJpRRH5gvoGYERZNQCSSzfzZo,Spark Pediatric Therapy,5.0,11,Speech pathologist,"2620 Jena St 2nd Floor, New Orleans, LA 70115, United States","WVPW+H5 New Orleans, Louisiana, USA",https://www.sparkpediatrictherapy.com/,+1 504-222-2447,Closed · Opens 9 am Tue,https://lh3.googleusercontent.com/p/AF1QipMT4UMOoP1-U0sPDYTbAvYXGq0IPwpL3jFV2Qhn=w408-h612-k-no,true,9 am–5 pm,9 am–5 pm,9 am–5 pm,9 am–5 pm,9 am–5 pm,Closed,Closed,"https://www.google.com/maps/search/Psychiatry+clinics+in+French+Quarter+New+Orleans+LA/@29.9584426,-90.0644107,14z",2025-12-16T03:21:01.172Z,LGBTQ+ friendly,
https://www.google.com/maps/place/Franklin+Rudolph+M+MD/data=!4m7!3m6!1s0x8620a61a8e81d859:0x14d6bf8aa078fc7f!8m2!3d29.9636269!4d-90.063309!16s%2Fg%2F1261q1jj6!19sChIJWdiBjhqmIIYRf_x4oIq_1hQ,Franklin Rudolph M MD,,,Psychiatrist,"923 Governor Nicholls St, New Orleans, LA 70116, United States","XW7P+FM New Orleans, Louisiana, USA",,+1 504-523-2144,,https://streetviewpixels-pa.googleapis.com/v1/thumbnail?panoid=3CHs-le1RDYAewhJwP1l5g&cb_client=search.gws-prod.gps&w=408&h=240&yaw=32.91629&pitch=0&thumbfov=100,false,,,,,,,,"https://www.google.com/maps/search/Psychiatry+clinics+in+French+Quarter+New+Orleans+LA/@29.9584426,-90.0644107,14z",2025-12-16T03:21:04.009Z,,
"https://www.google.com/maps/place/Dean+A.+Hickman,+MD/data=!4m7!3m6!1s0x8620a552019e362f:0x9124a635d06d0a7c!8m2!3d29.9615426!4d-90.1459802!16s%2Fg%2F1tgh3bd9!19sChIJLzaeAVKlIIYRfApt0DWmJJE","Dean A. Hickman, MD",4.5,15,Psychiatrist,"1514 Jefferson Hwy, New Orleans, LA 70121, United States","XV63+JJ New Orleans, Louisiana, USA",https://www.ochsner.org/doctors/dean-hickman?utm_source=ExtNet&utm_medium=Yext&y_source=1_MTUyMDY3OTQtNzE1LWxvY2F0aW9uLndlYnNpdGU%3D,+1 504-842-4025,,https://lh3.googleusercontent.com/p/AF1QipOjBBAhtrLnwCqETfNWLF1IK7B0fYVPxwZykY4i=w426-h240-k-no,true,,,,,,,,"https://www.google.com/maps/search/Psychiatry+clinics+in+French+Quarter+New+Orleans+LA/@29.9584426,-90.0644107,14z",2025-12-16T03:21:07.006Z,,
https://www.google.com/maps/place/Townsend+Mark+H+MD/data=!4m7!3m6!1s0x8620a435ad5fe0f3:0xf8ca6e62143bc516!8m2!3d29.9241516!4d-90.0911379!16s%2Fg%2F1tfb2bxp!19sChIJ8-BfrTWkIIYRFsU7FGJuyvg,Townsend Mark H MD,4.1,9,Psychiatrist,"3450 Chestnut St, New Orleans, LA 70115, United States","WWF5+MG New Orleans, Louisiana, USA",https://www.medschool.lsuhsc.edu/psychiatry/faculty_detail.aspx?name=townsend_mark,+1 504-412-1580,,https://streetviewpixels-pa.googleapis.com/v1/thumbnail?panoid=TwTL5gpEh0KCMl4rPiMf6A&cb_client=search.gws-prod.gps&w=408&h=240&yaw=146.79776&pitch=0&thumbfov=100,false,,,,,,,,"https://www.google.com/maps/search/Psychiatry+clinics+in+French+Quarter+New+Orleans+LA/@29.9584426,-90.0644107,14z",2025-12-16T03:21:09.860Z,,
"https://www.google.com/maps/place/Loretta+A.+Sonnier,+MD/data=!4m7!3m6!1s0x8620a5a14cd60673:0x42dc1a89281a2ced!8m2!3d29.9569578!4d-90.0753337!16s%2Fg%2F11j64rgvx_!19sChIJcwbWTKGlIIYR7SwaKIka3EI","Loretta A. Sonnier, MD",,,Psychiatrist,"1440 Canal St, New Orleans, LA 70112, United States","XW4F+QV New Orleans, Louisiana, USA",https://www.lcmchealth.org/physician-directory/loretta-a-sonnier-md/,+1 504-988-4352,Closed · Opens 8 am Tue,https://streetviewpixels-pa.googleapis.com/v1/thumbnail?panoid=4-DhOSM-ZuDbBPWfiaxE8w&cb_client=search.gws-prod.gps&w=408&h=240&yaw=219.50159&pitch=0&thumbfov=100,true,8 am–5 pm,8 am–5 pm,8 am–5 pm,8 am–5 pm,8 am–5 pm,Closed,Closed,"https://www.google.com/maps/search/Psychiatry+clinics+in+French+Quarter+New+Orleans+LA/@29.9584426,-90.0644107,14z",2025-12-16T03:21:14.432Z,,
https://www.google.com/maps/place/New+Orleans+Psychotherapy+Associates/data=!4m7!3m6!1s0x8620a70a7d1b85a7:0x3dbfdc5eaed39685!8m2!3d29.9288425!4d-90.0209151!16s%2Fg%2F1vfzfjl0!19sChIJp4UbfQqnIIYRhZbTrl7cvz0,New Orleans Psychotherapy Associates,3.3,3,Psychologist,"2401 Westbend Pkwy #4098, New Orleans, LA 70114, United States","WXHH+GJ New Orleans, Louisiana, USA",http://neworleanspsychotherapy.com/,+1 504-362-8046,Closed · Opens 8 am Tue,https://streetviewpixels-pa.googleapis.com/v1/thumbnail?panoid=jq9EMMA7BbuBar7A4Lxa-A&cb_client=search.gws-prod.gps&w=408&h=240&yaw=273.96564&pitch=0&thumbfov=100,false,8 am–5 pm,8 am–5 pm,8 am–5 pm,8 am–5 pm,8 am–5 pm,Closed,Closed,"https://www.google.com/maps/search/Psychiatry+clinics+in+French+Quarter+New+Orleans+LA/@29.9584426,-90.0644107,14z",2025-12-16T03:21:19.224Z,LGBTQ+ friendly,
https://www.google.com/maps/place/Catherine+Cashman/data=!4m7!3m6!1s0x8620a5e14e0fffff:0x5470f820eb9fd1e2!8m2!3d29.9559167!4d-90.0790203!16s%2Fg%2F11rwxfwsv2!19sChIJ__8PTuGlIIYR4tGf6yD4cFQ,Catherine Cashman,,,Psychiatrist,"1542 Tulane Ave #231, New Orleans, LA 70112, United States","XW4C+99 New Orleans, Louisiana, USA",,+1 504-568-6004,,https://streetviewpixels-pa.googleapis.com/v1/thumbnail?panoid=rZdLNhMPBDmdHW-4MEPoWg&cb_client=search.gws-prod.gps&w=408&h=240&yaw=203.32436&pitch=0&thumbfov=100,false,,,,,,,,"https://www.google.com/maps/search/Psychiatry+clinics+in+French+Quarter+New+Orleans+LA/@29.9584426,-90.0644107,14z",2025-12-16T03:21:21.890Z,,
https://www.google.com/maps/place/Borrillo+Christopher+MD/data=!4m7!3m6!1s0x8620a5e21b287eff:0x2707c994f10c9924!8m2!3d29.9557614!4d-90.0762954!16s%2Fg%2F1vppswpy!19sChIJ_34oG-KlIIYRJJkM8ZTJByc,Borrillo Christopher MD,4.0,1,Child psychiatrist,"1415 Tulane Ave, New Orleans, LA 70112, United States","XW4F+8F New Orleans, Louisiana, USA",,+1 504-988-2300,,https://streetviewpixels-pa.googleapis.com/v1/thumbnail?panoid=DvKIbWFsKcv4DIL9ygfWFg&cb_client=search.gws-prod.gps&w=408&h=240&yaw=141.15764&pitch=0&thumbfov=100,false,,,,,,,,"https://www.google.com/maps/search/Psychiatry+clinics+in+French+Quarter+New+Orleans+LA/@29.9584426,-90.0644107,14z",2025-12-16T03:21:24.704Z,,
https://www.google.com/maps/place/Bianca+Watson/data=!4m7!3m6!1s0x8620a5e21ceaaaab:0xec2730f22aa98e14!8m2!3d29.9569578!4d-90.0753337!16s%2Fg%2F11kjq5zxqk!19sChIJq6rqHOKlIIYRFI6pKvIwJ-w,Bianca Watson,,,Psychiatrist,"1440 Canal St #8448, New Orleans, LA 70112, United States","XW4F+QV New Orleans, Louisiana, USA",,+1 504-988-4272,,https://streetviewpixels-pa.googleapis.com/v1/thumbnail?panoid=4-DhOSM-ZuDbBPWfiaxE8w&cb_client=search.gws-prod.gps&w=408&h=240&yaw=219.50159&pitch=0&thumbfov=100,false,,,,,,,,"https://www.google.com/maps/search/Psychiatry+clinics+in+French+Quarter+New+Orleans+LA/@29.9584426,-90.0644107,14z",2025-12-16T03:21:27.158Z,,
https://www.google.com/maps/place/Kelly+Jr+Dennis+Clay+MD/data=!4m7!3m6!1s0x8620a5e21b287eff:0x63c5b2712e068c96!8m2!3d29.9571134!4d-90.0753596!16s%2Fg%2F1v2jd8b0!19sChIJ_34oG-KlIIYRlowGLnGyxWM,Kelly Jr Dennis Clay MD,,,Psychiatrist,"1440 Canal St, New Orleans, LA 70112, United States","XW4F+RV New Orleans, Louisiana, USA",,+1 504-988-5263,,https://streetviewpixels-pa.googleapis.com/v1/thumbnail?panoid=4-DhOSM-ZuDbBPWfiaxE8w&cb_client=search.gws-prod.gps&w=408&h=240&yaw=258.97394&pitch=0&thumbfov=100,false,,,,,,,,"https://www.google.com/maps/search/Psychiatry+clinics+in+French+Quarter+New+Orleans+LA/@29.9584426,-90.0644107,14z",2025-12-16T03:21:29.750Z,,
"https://www.google.com/maps/place/Dr.+Margaret+J.+Bishop-Baier,+MD/data=!4m7!3m6!1s0x8620a435ad5fe0f3:0xcefec495434f675d!8m2!3d29.924178!4d-90.0912004!16s%2Fg%2F1tfb2bxn!19sChIJ8-BfrTWkIIYRXWdPQ5XE_s4","Dr. Margaret J. Bishop-Baier, MD",2.5,4,Psychiatrist,"3450 Chestnut St #3, New Orleans, LA 70115, United States","WWF5+MG New Orleans, Louisiana, USA",,+1 504-897-8558,,https://streetviewpixels-pa.googleapis.com/v1/thumbnail?panoid=TwTL5gpEh0KCMl4rPiMf6A&cb_client=search.gws-prod.gps&w=408&h=240&yaw=155.51901&pitch=0&thumbfov=100,false,,,,,,,,"https://www.google.com/maps/search/Psychiatry+clinics+in+French+Quarter+New+Orleans+LA/@29.9584426,-90.0644107,14z",2025-12-16T03:21:32.457Z,,
"https://www.google.com/maps/place/Crescent+City+Psychiatric,+LLC/data=!4m7!3m6!1s0x8620b0266f5cd571:0xe2758fa1e0b0ac76!8m2!3d29.9959152!4d-90.1522051!16s%2Fg%2F11b6hvz729!19sChIJcdVcbyawIIYRdqyw4KGPdeI","Crescent City Psychiatric, LLC",4.5,33,Psychiatrist,"1 Galleria Blvd Suite 1900, Metairie, LA 70001, United States","XRWX+94 Metairie, Louisiana, USA",https://crescentcitypsychiatric.com/metairie,+1 985-249-1322,Closed · Opens 7 am Tue,https://lh3.googleusercontent.com/p/AF1QipOzPlN8VuZiPc-M4X7EUEeVJKXL1kq_j73co8hx=w408-h306-k-no,true,7 am–7 pm,7 am–7 pm,7 am–7 pm,7 am–7 pm,7 am–7 pm,Closed,Closed,"https://www.google.com/maps/search/Psychiatry+clinics+in+French+Quarter+New+Orleans+LA/@29.9584426,-90.0644107,14z",2025-12-16T03:21:37.425Z,,
https://www.google.com/maps/place/Dr.+Paul+Kirwin/data=!4m7!3m6!1s0x8620a5e21ceaaaab:0xff7b6c6fc44bc62e!8m2!3d29.9569578!4d-90.0753337!16s%2Fg%2F11sd2x7c8j!19sChIJq6rqHOKlIIYRLsZLxG9se_8,Dr. Paul Kirwin,,,Psychiatrist,"1440 Canal St, New Orleans, LA 70112, United States",,,+1 504-988-4264,,https://streetviewpixels-pa.googleapis.com/v1/thumbnail?panoid=4-DhOSM-ZuDbBPWfiaxE8w&cb_client=search.gws-prod.gps&w=408&h=240&yaw=219.50159&pitch=0&thumbfov=100,false,,,,,,,,"https://www.google.com/maps/search/Psychiatry+clinics+in+French+Quarter+New+Orleans+LA/@29.9584426,-90.0644107,14z",2025-12-16T03:21:40.170Z,,
https://www.google.com/maps/place/Dr.+Kimberly+M.+Lavigne/data=!4m7!3m6!1s0x8620a4343cfe4d8d:0x241bd25bf0480546!8m2!3d29.9228804!4d-90.0900234!16s%2Fg%2F11b6hyfn2z!19sChIJjU3-PDSkIIYRRgVI8FvSGyQ,Dr. Kimberly M. Lavigne,3.3,7,Psychiatrist,"3439 Magazine St, New Orleans, LA 70115, United States","WWF5+5X New Orleans, Louisiana, USA",,+1 504-891-8808,,https://streetviewpixels-pa.googleapis.com/v1/thumbnail?panoid=8OKayCrAwXwqwEuUN5LO-g&cb_client=search.gws-prod.gps&w=408&h=240&yaw=330.44598&pitch=0&thumbfov=100,false,,,,,,,,"https://www.google.com/maps/search/Psychiatry+clinics+in+French+Quarter+New+Orleans+LA/@29.9584426,-90.0644107,14z",2025-12-16T03:21:43.313Z,,
https://www.google.com/maps/place/Dr.+Dean+Robinson/data=!4m7!3m6!1s0x8620a5e21ceaaaab:0xe823505023bfc383!8m2!3d29.9569578!4d-90.0753337!16s%2Fg%2F11qgb7h70_!19sChIJq6rqHOKlIIYRg8O_I1BQI-g,Dr. Dean Robinson,,,Psychiatrist,"1440 Canal St, New Orleans, LA 70112, United States",,,+1 504-988-2138,,https://streetviewpixels-pa.googleapis.com/v1/thumbnail?panoid=4-DhOSM-ZuDbBPWfiaxE8w&cb_client=search.gws-prod.gps&w=408&h=240&yaw=219.50159&pitch=0&thumbfov=100,false,,,,,,,,"https://www.google.com/maps/search/Psychiatry+clinics+in+French+Quarter+New+Orleans+LA/@29.9584426,-90.0644107,14z",2025-12-16T03:21:46.236Z,,
https://www.google.com/maps/place/Hutchinson+Jamie+E+MD/data=!4m7!3m6!1s0x8620a552019e37e3:0x300f5e4e5f859982!8m2!3d29.9621445!4d-90.1458689!16s%2Fg%2F1tgdthjk!19sChIJ4zeeAVKlIIYRgpmFX05eDzA,Hutchinson Jamie E MD,5.0,1,Pain management physician,"1514 Jefferson Hwy, New Orleans, LA 70121, United States","XV63+VM New Orleans, Louisiana, USA",,+1 504-842-4000,,https://streetviewpixels-pa.googleapis.com/v1/thumbnail?panoid=oL2RJ4UnP2_N60CsEUl04A&cb_client=search.gws-prod.gps&w=408&h=240&yaw=206.91489&pitch=0&thumbfov=100,false,,,,,,,,"https://www.google.com/maps/search/Psychiatry+clinics+in+French+Quarter+New+Orleans+LA/@29.9584426,-90.0644107,14z",2025-12-16T03:21:48.795Z,,
https://www.google.com/maps/place/Mancuso+Donna+M+MD/data=!4m7!3m6!1s0x8620a728242e2c8f:0xc47b31f4ab899dcb!8m2!3d29.9240796!4d-90.0932409!16s%2Fg%2F1tcwx28r!19sChIJjywuJCinIIYRy52Jq_Qxe8Q,Mancuso Donna M MD,2.3,3,Psychiatrist,"1301 Antonine St, New Orleans, LA 70115, United States","WWF4+JP New Orleans, Louisiana, USA",,+1 504-208-1035,,https://streetviewpixels-pa.googleapis.com/v1/thumbnail?panoid=PW8Il1N-LtJktQs0Nf39kQ&cb_client=search.gws-prod.gps&w=408&h=240&yaw=57.62829&pitch=0&thumbfov=100,false,,,,,,,,"https://www.google.com/maps/search/Psychiatry+clinics+in+French+Quarter+New+Orleans+LA/@29.9584426,-90.0644107,14z",2025-12-16T03:21:51.631Z,,
https://www.google.com/maps/place/Dr.+Jose+Rodriguez/data=!4m7!3m6!1s0x8620a5def80b68af:0xd8ee268db77d2040!8m2!3d29.9479925!4d-90.0775293!16s%2Fg%2F11tn9lgdm6!19sChIJr2gL-N6lIIYRQCB9t40m7tg,Dr. Jose Rodriguez,1.0,2,Psychiatrist,"701 Loyola Ave, New Orleans, LA 70113, United States",,,,,https://streetviewpixels-pa.googleapis.com/v1/thumbnail?panoid=aVfMVEurr0lcGSTgBld5AA&cb_client=search.gws-prod.gps&w=408&h=240&yaw=266.43567&pitch=0&thumbfov=100,false,,,,,,,,"https://www.google.com/maps/search/Psychiatry+clinics+in+French+Quarter+New+Orleans+LA/@29.9584426,-90.0644107,14z",2025-12-16T03:21:54.471Z,,
"https://www.google.com/maps/place/Dr.+Vivienne+M.+Hayne,+MD/data=!4m7!3m6!1s0x8620a4e2451247b9:0xf154f03edbb12aef!8m2!3d29.9338896!4d-90.0799015!16s%2Fg%2F1thw72cf!19sChIJuUcSReKkIIYR7yqx2z7wVPE","Dr. Vivienne M. Hayne, MD",,,Psychiatrist,"1539 Jackson Ave, New Orleans, LA 70130, United States","WWMC+H2 New Orleans, Louisiana, USA",http://www.pelts-kirkhart.com/,+1 504-581-3933,,https://streetviewpixels-pa.googleapis.com/v1/thumbnail?panoid=fW3V_uYDg_LkzxT83naxuw&cb_client=search.gws-prod.gps&w=408&h=240&yaw=55.435863&pitch=0&thumbfov=100,false,,,,,,,,"https://www.google.com/maps/search/Psychiatry+clinics+in+French+Quarter+New+Orleans+LA/@29.9584426,-90.0644107,14z",2025-12-16T03:21:57.055Z,,
https://www.google.com/maps/place/Zeanah+Charles+MD/data=!4m7!3m6!1s0x8620a5e1c238707d:0x13847c278b54bbb3!8m2!3d29.955446!4d-90.0758572!16s%2Fg%2F1wh4g6d7!19sChIJfXA4wuGlIIYRs7tUiyd8hBM,Zeanah Charles MD,,,Psychiatrist,"1415 Tulane Ave, New Orleans, LA 70112, United States","XW4F+5M New Orleans, Louisiana, USA",,+1 504-988-5405,Open 24 hours,https://streetviewpixels-pa.googleapis.com/v1/thumbnail?panoid=DvKIbWFsKcv4DIL9ygfWFg&cb_client=search.gws-prod.gps&w=408&h=240&yaw=134.51698&pitch=0&thumbfov=100,false,Open 24 hours,Open 24 hours,Open 24 hours,Open 24 hours,Open 24 hours,Closed,Closed,"https://www.google.com/maps/search/Psychiatry+clinics+in+French+Quarter+New+Orleans+LA/@29.9584426,-90.0644107,14z",2025-12-16T03:22:01.730Z,,
"https://www.google.com/maps/place/Dr.+Jason+M.+Wuttke,+MD/data=!4m7!3m6!1s0x8620a5d15652b7d9:0x41d5def0ee3ae016!8m2!3d29.9369338!4d-90.1026522!16s%2Fg%2F1tgj959h!19sChIJ2bdSVtGlIIYRFuA67vDe1UE","Dr. Jason M. Wuttke, MD",5.0,3,Child psychiatrist,"2633 Napoleon Ave Suite 805, New Orleans, LA 70115, United States","WVPW+QW New Orleans, Louisiana, USA",http://www.jasonwuttkemd.com/,+1 504-301-9884,,https://streetviewpixels-pa.googleapis.com/v1/thumbnail?panoid=fqi2dcpEr-MAx7Hg6AGhpA&cb_client=search.gws-prod.gps&w=408&h=240&yaw=202.38878&pitch=0&thumbfov=100,true,,,,,,,,"https://www.google.com/maps/search/Psychiatry+clinics+in+French+Quarter+New+Orleans+LA/@29.9584426,-90.0644107,14z",2025-12-16T03:22:04.643Z,,