placeUrl,title,rating,reviewCount,category,address,plusCode,website,phoneNumber,currentStatus,imgUrl,isClaimed,tuesday,wednesday,thursday,friday,saturday,sunday,monday,query,timestamp,info,error
https://www.google.com/maps/place/Union+Medical+Group+%28UAP+Clinic%29+Pediatrics/data=!4m7!3m6!1s0x886d6531c2fc6e0d:0x4258026e8d5cd06c!8m2!3d39.4638613!4d-87.4107475!16s%2Fg%2F11bv3y4k3p!19sChIJDW78wjFlbYgRbNBcjW4CWEI,Union Medical Group (UAP Clinic) Pediatrics,3.8,19,Pediatrician,"221 S 6th St, Terre Haute, IN 47807, United States","FH7Q+GP Terre Haute, Indiana, USA",http://www.union.health/services/pediatrics/,+1 812-242-3105,Closed · Opens 8 am Wed,https://streetviewpixels-pa.googleapis.com/v1/thumbnail?panoid=CQApc2McpPU6sM7g7nJjDg&cb_client=search.gws-prod.gps&w=408&h=240&yaw=265.4076&pitch=0&thumbfov=100,true,8 am–5 pm,8 am–5 pm,8 am–5 pm,8 am–5 pm,Closed,Closed,8 am–5 pm,"https://www.google.com/maps/search/pediatrician+in+Crawfordsville+Terra+Haute+IN/@39.4654441,-87.4139427,14z",2026-02-10T22:19:14.365Z,,
"https://www.google.com/maps/place/Maria+Lily+Vasco+Dela+Cruz,+MD/data=!4m7!3m6!1s0x886d7a927263df21:0x2080c872fcfa0492!8m2!3d39.4271794!4d-87.3967303!16s%2Fg%2F1ts3gc2f!19sChIJId9jcpJ6bYgRkgT6_HLIgCA","Maria Lily Vasco Dela Cruz, MD",3.7,38,Pediatrician,"1310 E Davis Dr #4034, Terre Haute, IN 47802, United States","CJG3+V8 Terre Haute, Indiana, USA",http://www.terrehautepediatricians.com/?utm_source=gmb_auth,+1 812-232-7337,Closed · Opens 8 am Wed,https://lh3.googleusercontent.com/p/AF1QipMVH9u1_dnIEywCt6tQnuV0k9KdqoFaan9pYDZg=w626-h240-k-no,true,8 am–5 pm,8 am–5 pm,8 am–5 pm,8 am–5 pm,Closed,Closed,8 am–5 pm,"https://www.google.com/maps/search/pediatrician+in+Crawfordsville+Terra+Haute+IN/@39.4654441,-87.4139427,14z",2026-02-10T22:19:19.892Z,,
"https://www.google.com/maps/place/Dr.+Jacqueline+K.+Holder,+DO/data=!4m7!3m6!1s0x886d6531c2fc6e0d:0xe4decf5d70169858!8m2!3d39.4638818!4d-87.4108661!16s%2Fg%2F1tdbg565!19sChIJDW78wjFlbYgRWJgWcF3P3uQ","Dr. Jacqueline K. Holder, DO",5.0,3,Pediatrician,"221 S 6th St, Terre Haute, IN 47807, United States","FH7Q+HM Terre Haute, Indiana, USA",,+1 812-232-0564,,https://streetviewpixels-pa.googleapis.com/v1/thumbnail?panoid=CQApc2McpPU6sM7g7nJjDg&cb_client=search.gws-prod.gps&w=408&h=240&yaw=267.76532&pitch=0&thumbfov=100,false,,,,,,,,"https://www.google.com/maps/search/pediatrician+in+Crawfordsville+Terra+Haute+IN/@39.4654441,-87.4139427,14z",2026-02-10T22:19:23.086Z,,
"https://www.google.com/maps/place/Dr.+Philip+A.+Reed,+MD/data=!4m7!3m6!1s0x886d6531c2fc6e0d:0x6950c411ee54c0f0!8m2!3d39.4638818!4d-87.4108661!16s%2Fg%2F1tl1p5vg!19sChIJDW78wjFlbYgR8MBU7hHEUGk","Dr. Philip A. Reed, MD",5.0,7,Pediatrician,"221 S 6th St, Terre Haute, IN 47807, United States","FH7Q+HM Terre Haute, Indiana, USA",https://www.union.health/physicians/details.aspx?Physician=109&sid=1,+1 812-242-3105,,https://streetviewpixels-pa.googleapis.com/v1/thumbnail?panoid=CQApc2McpPU6sM7g7nJjDg&cb_client=search.gws-prod.gps&w=408&h=240&yaw=267.76532&pitch=0&thumbfov=100,false,,,,,,,,"https://www.google.com/maps/search/pediatrician+in+Crawfordsville+Terra+Haute+IN/@39.4654441,-87.4139427,14z",2026-02-10T22:19:25.608Z,,
"https://www.google.com/maps/place/Midwest+Child+and+Adolescent+Specialty+Group,+PC/data=!4m7!3m6!1s0x886d7a927263df21:0x9fa430e85a280f47!8m2!3d39.42722!4d-87.3966987!16s%2Fg%2F1v9t_nkl!19sChIJId9jcpJ6bYgRRw8oWugwpJ8","Midwest Child and Adolescent Specialty Group, PC",3.6,14,Nurse practitioner,"1310 E Davis Dr, Terre Haute, IN 47802, United States","CJG3+V8 Terre Haute, Indiana, USA",http://www.terrehautepediatricians.com/,+1 812-232-7337,Closed · Opens 8 am Wed,https://lh3.googleusercontent.com/p/AF1QipO-YNo4yCactxTLFIz8pb94cc4IFPIpbSmeKNzd=w626-h240-k-no,true,8 am–5 pm,8 am–5 pm,8 am–5 pm,8 am–5 pm,Closed,Closed,8 am–5 pm,"https://www.google.com/maps/search/pediatrician+in+Crawfordsville+Terra+Haute+IN/@39.4654441,-87.4139427,14z",2026-02-10T22:19:30.157Z,,
"https://www.google.com/maps/place/Pablito+Dela+Cruz,+MD/data=!4m7!3m6!1s0x886d7a927263df21:0x757b7dbb7f3e246f!8m2!3d39.4272164!4d-87.3967317!16s%2Fg%2F1thy0k5_!19sChIJId9jcpJ6bYgRbyQ-f7t9e3U","Pablito Dela Cruz, MD",4.6,9,Pediatrician,"1310 E Davis Dr #4034, Terre Haute, IN 47802, United States","CJG3+V8 Terre Haute, Indiana, USA",http://www.terrehautepediatricians.com/?utm_source=gmb_auth,+1 812-232-7337,Closed · Opens 8 am Wed,https://lh3.googleusercontent.com/p/AF1QipOMf-8wHZML5nKcfQo3R7AWPWD1tUYEn8LdpC0T=w626-h240-k-no,true,8 am–5 pm,8 am–5 pm,8 am–5 pm,8 am–5 pm,Closed,Closed,8 am–5 pm,"https://www.google.com/maps/search/pediatrician+in+Crawfordsville+Terra+Haute+IN/@39.4654441,-87.4139427,14z",2026-02-10T22:19:34.821Z,,
https://www.google.com/maps/place/Maureen+Crispin/data=!4m7!3m6!1s0x886d652e1d8b8f8f:0xa6174048fa248449!8m2!3d39.4637739!4d-87.4108526!16s%2Fg%2F11ss_4dr1j!19sChIJj4-LHS5lbYgRSYQk-khAF6Y,Maureen Crispin,5.0,1,Pediatrician,"221 S 6th St, Terre Haute, IN 47807, United States",,https://www.union.health/physicians/details.aspx?physician=26&sid=1,+1 812-232-0564,,https://streetviewpixels-pa.googleapis.com/v1/thumbnail?panoid=CQApc2McpPU6sM7g7nJjDg&cb_client=search.gws-prod.gps&w=408&h=240&yaw=258.5723&pitch=0&thumbfov=100,false,,,,,,,,"https://www.google.com/maps/search/pediatrician+in+Crawfordsville+Terra+Haute+IN/@39.4654441,-87.4139427,14z",2026-02-10T22:19:37.490Z,,
https://www.google.com/maps/place/Union+Hospital+Pediatric+Therapy/data=!4m7!3m6!1s0x886d651a3fb76539:0x88fadacf956cda0b!8m2!3d39.4850947!4d-87.4119127!16s%2Fg%2F1trxffw1!19sChIJOWW3PxplbYgRC9pslc_a-og,Union Hospital Pediatric Therapy,4.0,9,Medical clinic,"450 8th Ave, Terre Haute, IN 47804, United States","FHPQ+26 Terre Haute, Indiana, USA",http://www.myunionhospital.org/,+1 812-238-7171,Closed · Opens 7:30 am Wed,https://streetviewpixels-pa.googleapis.com/v1/thumbnail?panoid=Q6l9ke2x1d3maf8DC_OQMg&cb_client=search.gws-prod.gps&w=408&h=240&yaw=357.4877&pitch=0&thumbfov=100,false,7:30 am–4:30 pm,7:30 am–4:30 pm,7:30 am–4:30 pm,7:30 am–4:30 pm,Closed,Closed,7:30 am–4:30 pm,"https://www.google.com/maps/search/pediatrician+in+Crawfordsville+Terra+Haute+IN/@39.4654441,-87.4139427,14z",2026-02-10T22:19:42.114Z,,
https://www.google.com/maps/place/Elizabeth+Pino/data=!4m7!3m6!1s0x886d652e1d8b8f8f:0xcb8643228d7297fd!8m2!3d39.4637739!4d-87.4108526!16s%2Fg%2F11sc_yhp3n!19sChIJj4-LHS5lbYgR_ZdyjSJDhss,Elizabeth Pino,3.0,1,Pediatrician,"221 S 6th St, Terre Haute, IN 47807, United States",,,+1 812-232-0564,,https://streetviewpixels-pa.googleapis.com/v1/thumbnail?panoid=CQApc2McpPU6sM7g7nJjDg&cb_client=search.gws-prod.gps&w=408&h=240&yaw=258.5723&pitch=0&thumbfov=100,false,,,,,,,,"https://www.google.com/maps/search/pediatrician+in+Crawfordsville+Terra+Haute+IN/@39.4654441,-87.4139427,14z",2026-02-10T22:19:44.772Z,,
https://www.google.com/maps/place/Valley+Professionals+Community+Health+Center/data=!4m7!3m6!1s0x886d65d32e05243d:0x178fc666c839cd9f!8m2!3d39.4647756!4d-87.4499867!16s%2Fg%2F11smgwpctd!19sChIJPSQFLtNlbYgRn805yGbGjxc,Valley Professionals Community Health Center,5.0,165,Medical clinic,"601 National Ave, West Terre Haute, IN 47885, United States","FH72+W2 West Terre Haute, Indiana, USA",http://valleyprohealth.org/,+1 812-244-1515,Open · Closes 8 pm,https://lh3.googleusercontent.com/gps-cs-s/AHVAweqS9YrGkcGI3q8jPyAYeQO_ViDdoyYG9nWDppa97S4ma0MYVbEtmcppvZ0Ga1NW9VVGuXN7ecUziftqeQs16pQYbI9yI0dpI1EksskmZUmwCbmWs6VXXU-sMqH1gBMhYlcLCgsxbA=w408-h391-k-no,true,8 am–8 pm,8 am–5 pm,8 am–5 pm,8 am–5 pm,Closed,Closed,8 am–5 pm,"https://www.google.com/maps/search/pediatrician+in+Crawfordsville+Terra+Haute+IN/@39.4654441,-87.4139427,14z",2026-02-10T22:19:49.395Z,,
https://www.google.com/maps/place/Dr.+Maria+Lily+Dela+Cruz/data=!4m7!3m6!1s0x886d7a9210e55555:0x2bb33e684f438681!8m2!3d39.4272155!4d-87.396708!16s%2Fg%2F11p0795l_4!19sChIJVVXlEJJ6bYgRgYZDT2g-sys,Dr. Maria Lily Dela Cruz,,,Pediatrician,"1310 E Davis Dr #4034, Terre Haute, IN 47802, United States","CJG3+V8 Terre Haute, Indiana, USA",,+1 812-232-7337,,https://streetviewpixels-pa.googleapis.com/v1/thumbnail?panoid=LhXRW5QwGn5kPn7-m0j7-Q&cb_client=search.gws-prod.gps&w=408&h=240&yaw=27.42413&pitch=0&thumbfov=100,false,,,,,,,,"https://www.google.com/maps/search/pediatrician+in+Crawfordsville+Terra+Haute+IN/@39.4654441,-87.4139427,14z",2026-02-10T22:19:51.972Z,,
"https://www.google.com/maps/place/Peyton+Manning+Children's+-+Terre+Haute+Pediatric+Heart+Care/@39.4378154,-87.4076296,17z/data=!3m1!4b1!4m6!3m5!1s0x886d7b79569d7373:0x635481210989889f!8m2!3d39.4378154!4d-87.4076296!16s%2Fg%2F11yxmw70tr",Peyton Manning Children's - Terre Haute Pediatric Heart Care,,,Pediatric cardiologist,"2723 S 7th St A, Terre Haute, IN 47802, United States","CHQR+4W Terre Haute, Indiana, USA",,+1 812-232-8164,"Closed · Opens 8:30 am Wed

Updated by this business 2 weeks ago",,true,8:30 am–5 pm,8:30 am–5 pm,8:30 am–5 pm,8:30 am–5 pm,Closed,Closed,8:30 am–5 pm,"https://www.google.com/maps/search/pediatrician+in+Crawfordsville+Terra+Haute+IN/@39.4654441,-87.4139427,14z",2026-02-10T22:19:58.470Z,,
"https://www.google.com/maps/place/Dr.+Jesse+N.+Clark,+DO/data=!4m7!3m6!1s0x886d6510d220176d:0xeeced6cef8f7d6b!8m2!3d39.4839526!4d-87.4087693!16s%2Fg%2F1xcbqcbw!19sChIJbRcg0hBlbYgRa32P72zt7A4","Dr. Jesse N. Clark, DO",,,Pediatrician,"1513 N 6th 1/2 St, Terre Haute, IN 47807, United States","FHMR+HF Terre Haute, Indiana, USA",http://www.myunionhospital.org/,+1 812-238-7631,,https://streetviewpixels-pa.googleapis.com/v1/thumbnail?panoid=rlcmyXxG1L13Z25NGnEPbA&cb_client=search.gws-prod.gps&w=408&h=240&yaw=101.681885&pitch=0&thumbfov=100,false,,,,,,,,"https://www.google.com/maps/search/pediatrician+in+Crawfordsville+Terra+Haute+IN/@39.4654441,-87.4139427,14z",2026-02-10T22:20:00.973Z,,
https://www.google.com/maps/place/Associates+in+Pediatric+Therapy+-+Terre+Haute/data=!4m7!3m6!1s0x886d7bbe733732cf:0x7a87f441bb280f92!8m2!3d39.407423!4d-87.4073484!16s%2Fg%2F11y7h969xg!19sChIJzzI3c757bYgRkg8ou0H0h3o,Associates in Pediatric Therapy - Terre Haute,4.6,11,Pediatric clinic,"4803 S 7th St, Terre Haute, IN 47802, United States","CH4V+X3 Terre Haute, Indiana, USA",https://www.kidtherapy.org/,+1 812-269-5038,Closes soon · 6 pm · Opens 8 am Wed,https://lh3.googleusercontent.com/p/AF1QipOBxSkp4_N4yYcLi39EjVrQkHb3D4Kp9nZHVF-9=w408-h306-k-no,true,8 am–6 pm,8 am–6 pm,8 am–6 pm,8 am–5 pm,Closed,Closed,8 am–6 pm,"https://www.google.com/maps/search/pediatrician+in+Crawfordsville+Terra+Haute+IN/@39.4654441,-87.4139427,14z",2026-02-10T22:20:05.658Z,,
https://www.google.com/maps/place/Dentistry+Just+for+Kids+%2B+TK+Orthodontics/data=!4m7!3m6!1s0x886d6536aba88825:0x1e88268423bcb26d!8m2!3d39.4650611!4d-87.4002761!16s%2Fg%2F1tdn9f3q!19sChIJJYioqzZlbYgRbbK8I4QmiB4,Dentistry Just for Kids + TK Orthodontics,4.9,1686,Dentist,"1107 Ohio St, Terre Haute, IN 47807, United States","FH8X+2V Terre Haute, Indiana, USA",https://www.dentistryjust4kids.com/,+1 812-234-7322,Closed · Opens 8 am Wed,https://lh3.googleusercontent.com/p/AF1QipPFAMQQZztnE44cpoK8GJG3lAEY8rBjZLMQjBZS=w426-h240-k-no,true,8 am–5 pm,8 am–5 pm,8 am–5 pm,8 am–5 pm,Closed,Closed,8 am–5 pm,"https://www.google.com/maps/search/pediatrician+in+Crawfordsville+Terra+Haute+IN/@39.4654441,-87.4139427,14z",2026-02-10T22:20:10.570Z,,
"https://www.google.com/maps/place/Dr.+William+D.+Green,+MD/data=!4m7!3m6!1s0x886d6531c2fc6e0d:0x7a0395250e3b1855!8m2!3d39.4638818!4d-87.4108661!16s%2Fg%2F1trc5q6k!19sChIJDW78wjFlbYgRVRg7DiWVA3o","Dr. William D. Green, MD",,,Pediatrician,"221 S 6th St, Terre Haute, IN 47807, United States","FH7Q+HM Terre Haute, Indiana, USA",,+1 812-232-0564,,https://streetviewpixels-pa.googleapis.com/v1/thumbnail?panoid=CQApc2McpPU6sM7g7nJjDg&cb_client=search.gws-prod.gps&w=408&h=240&yaw=267.76532&pitch=0&thumbfov=100,false,,,,,,,,"https://www.google.com/maps/search/pediatrician+in+Crawfordsville+Terra+Haute+IN/@39.4654441,-87.4139427,14z",2026-02-10T22:20:13.061Z,,
https://www.google.com/maps/place/Riley+Pediatric+Surgery/data=!4m7!3m6!1s0x886d65c428ef5047:0x52b1df44ab2b1106!8m2!3d39.4637739!4d-87.4108526!16s%2Fg%2F11xn7sh3hx!19sChIJR1DvKMRlbYgRBhErq0TfsVI,Riley Pediatric Surgery,,,Pediatric surgeon,"221 S 6th St, Terre Haute, IN 47807, United States","FH7Q+GM Terre Haute, Indiana, USA",https://www.rileychildrens.org/practice-location/pediatric-surgery-terre-haute?utm_source=Google&utm_medium=Yext&y_source=1_MTcwNzcxNTYtNzE1LWxvY2F0aW9uLndlYnNpdGU%3D,+1 317-944-4681,Closed · Opens 1 pm Thu,https://streetviewpixels-pa.googleapis.com/v1/thumbnail?panoid=CQApc2McpPU6sM7g7nJjDg&cb_client=search.gws-prod.gps&w=408&h=240&yaw=258.5723&pitch=0&thumbfov=100,true,Closed,Closed,1–4 pm,Closed,Closed,Closed,Closed,"https://www.google.com/maps/search/pediatrician+in+Crawfordsville+Terra+Haute+IN/@39.4654441,-87.4139427,14z",2026-02-10T22:20:17.797Z,,
"https://www.google.com/maps/place/Terre+Haute+Pulmonary+%26+Pediatric+Clinic,+LLC/data=!4m7!3m6!1s0x886d7a5a2e2869bf:0xfc36204e73907e45!8m2!3d39.4119239!4d-87.4092668!16s%2Fg%2F11b6gmgvvh!19sChIJv2koLlp6bYgRRX6Qc04gNvw","Terre Haute Pulmonary & Pediatric Clinic, LLC",3.6,17,Medical clinic,"4525 S Springhill Jct St, Terre Haute, IN 47802, United States","CH6R+Q7 Terre Haute, Indiana, USA",,+1 812-234-6053,Closed · Opens 8 am Wed,https://streetviewpixels-pa.googleapis.com/v1/thumbnail?panoid=S17cx9BI4m3TwF4QJhlLsg&cb_client=search.gws-prod.gps&w=408&h=240&yaw=233.96266&pitch=0&thumbfov=100,false,8 am–5 pm,8 am–5 pm,8 am–5 pm,8 am–5 pm,Closed,Closed,8 am–5 pm,"https://www.google.com/maps/search/pediatrician+in+Crawfordsville+Terra+Haute+IN/@39.4654441,-87.4139427,14z",2026-02-10T22:20:22.493Z,,
https://www.google.com/maps/place/Bhuptani+Trupti+MD/data=!4m7!3m6!1s0x886d7a595c87c3c5:0xa9db56f05a6331e8!8m2!3d39.4118366!4d-87.409217!16s%2Fg%2F1tplr1t6!19sChIJxcOHXFl6bYgR6DFjWvBW26k,Bhuptani Trupti MD,3.7,23,Pediatrician,"4525 S Springhill Jct St, Terre Haute, IN 47802, United States","CH6R+P8 Terre Haute, Indiana, USA",https://regionalhospital.com/physicians/profile/Dr-Trupti-A-Bhuptani-MD,+1 812-234-6053,,https://streetviewpixels-pa.googleapis.com/v1/thumbnail?panoid=gE21vWR-03DtHwZzIzRc_g&cb_client=search.gws-prod.gps&w=408&h=240&yaw=254.05325&pitch=0&thumbfov=100,false,,,,,,,,"https://www.google.com/maps/search/pediatrician+in+Crawfordsville+Terra+Haute+IN/@39.4654441,-87.4139427,14z",2026-02-10T22:20:24.941Z,,
https://www.google.com/maps/place/Danielle+Degroote/data=!4m7!3m6!1s0x886d652e1d8b8f8f:0x80c33539e415a13!8m2!3d39.4637739!4d-87.4108526!16s%2Fg%2F11sc_zdt1y!19sChIJj4-LHS5lbYgRE1pBnlMzDAg,Danielle Degroote,3.0,2,Nurse practitioner,"APANDS CLINIC DOWNTOWN, 221 S 6th St, Terre Haute, IN 478074214, United States",,,+1 812-232-0564,,https://streetviewpixels-pa.googleapis.com/v1/thumbnail?panoid=CQApc2McpPU6sM7g7nJjDg&cb_client=search.gws-prod.gps&w=408&h=240&yaw=258.5723&pitch=0&thumbfov=100,false,,,,,,,,"https://www.google.com/maps/search/pediatrician+in+Crawfordsville+Terra+Haute+IN/@39.4654441,-87.4139427,14z",2026-02-10T22:20:27.589Z,,
"https://www.google.com/maps/place/Dr.+Steven+M.+Pilipovich,+DDS/data=!4m7!3m6!1s0x886d6536abae7af7:0x5052590291ae8cee!8m2!3d39.46534!4d-87.400231!16s%2Fg%2F11ckscw8s0!19sChIJ93quqzZlbYgR7oyukQJZUlA","Dr. Steven M. Pilipovich, DDS",5.0,1,Pediatric dentist,"1107 Ohio St, Terre Haute, IN 47807, United States","FH8X+4W Terre Haute, Indiana, USA",https://www.dentistryjust4kids.com/,+1 812-234-7322,Closed · Opens 8 am Wed,https://lh3.googleusercontent.com/p/AF1QipPqv9O2Rs3XmhnFb-2SnNxV6WPHCXAM24F4fLo=w408-h306-k-no,true,8 am–5 pm,8 am–5 pm,8 am–5 pm,8 am–12 pm,Closed,Closed,8 am–5 pm,"https://www.google.com/maps/search/pediatrician+in+Crawfordsville+Terra+Haute+IN/@39.4654441,-87.4139427,14z",2026-02-10T22:20:32.385Z,,
https://www.google.com/maps/place/Powers+Orthodontics/data=!4m7!3m6!1s0x886d7ad30338b989:0xabde9ae08e385e39!8m2!3d39.4557908!4d-87.4135268!16s%2Fg%2F11f3vqmt91!19sChIJibk4A9N6bYgROV44juCa3qs,Powers Orthodontics,4.9,410,Orthodontist,"300 College Ave, Terre Haute, IN 47802, United States","FH4P+8H Terre Haute, Indiana, USA",http://www.powersortho.net/,+1 812-659-9100,Closed · Opens 8 am Wed,https://lh3.googleusercontent.com/gps-cs-s/AHVAweotZQcEJPDc6WPZBBD2Pnz7C4dBp_6Mf2ISL4eN5RiCpoBCWNI9gXygVhA1Q3Tp-oIMc04K_cfFnKm81U3IM4Rap6adKD7rIVDmVxEOhpCjE8yvCI7BHPgbwTlQ0F0Dl70PljNq=w426-h240-k-no,true,8 am–5 pm,8 am–5 pm,8 am–5 pm,8 am–5 pm,Closed,Closed,8 am–5 pm,"https://www.google.com/maps/search/pediatrician+in+Crawfordsville+Terra+Haute+IN/@39.4654441,-87.4139427,14z",2026-02-10T22:20:37.054Z,,
https://www.google.com/maps/place/Grace+Lee+MD/data=!4m7!3m6!1s0x886d651ab691cee7:0xe26c71a25b6401a1!8m2!3d39.4887269!4d-87.4120347!16s%2Fg%2F1tr9p4_5!19sChIJ586RthplbYgRoQFkW6JxbOI,Grace Lee MD,2.8,15,Family practice physician,"476 Buckeye St, Terre Haute, IN 47804, United States","FHQQ+F5 Terre Haute, Indiana, USA",,+1 812-232-2683,,https://streetviewpixels-pa.googleapis.com/v1/thumbnail?panoid=vldB4WaTE4e6FUZaDsGqsg&cb_client=search.gws-prod.gps&w=408&h=240&yaw=358.0091&pitch=0&thumbfov=100,false,,,,,,,,"https://www.google.com/maps/search/pediatrician+in+Crawfordsville+Terra+Haute+IN/@39.4654441,-87.4139427,14z",2026-02-10T22:20:39.648Z,,
https://www.google.com/maps/place/Chakrabarti+Chandrama+MD/data=!4m7!3m6!1s0x886d7a5a2e2869bf:0xc895f0ee09f66f65!8m2!3d39.411894!4d-87.4092582!16s%2Fg%2F1thq1g5q!19sChIJv2koLlp6bYgRZW_2Ce7wlcg,Chakrabarti Chandrama MD,3.9,11,Pediatrician,"4525 S Springhill Jct St, Terre Haute, IN 47802, United States","CH6R+Q7 Terre Haute, Indiana, USA",https://regionalhospital.secure.ehc.com/physicians/profile/Chandrama-Chakrabarti-MD,+1 812-234-6053,Closed · Opens 9 am Wed,https://streetviewpixels-pa.googleapis.com/v1/thumbnail?panoid=S17cx9BI4m3TwF4QJhlLsg&cb_client=search.gws-prod.gps&w=408&h=240&yaw=227.13718&pitch=0&thumbfov=100,false,9 am–5 pm,9 am–5 pm,9 am–5 pm,9 am–5 pm,Closed,Closed,9 am–5 pm,"https://www.google.com/maps/search/pediatrician+in+Crawfordsville+Terra+Haute+IN/@39.4654441,-87.4139427,14z",2026-02-10T22:20:44.268Z,,
https://www.google.com/maps/place/Staley+Family+Dentistry+-+Terre+Haute/data=!4m7!3m6!1s0x886d6fea36057da9:0x3d11f95b44b80f84!8m2!3d39.4749976!4d-87.3497408!16s%2Fg%2F1thkx_ss!19sChIJqX0FNupvbYgRhA-4RFv5ET0,Staley Family Dentistry - Terre Haute,4.9,225,Dentist,"4361 Wabash Ave, Terre Haute, IN 47803, United States","FMF2+X4 Terre Haute, Indiana, USA",https://staleyfamilydentistry.com/?utm_source=GMBListing&utm_medium=Organic,+1 812-232-8812,Closed · Opens 8 am Wed,https://lh3.googleusercontent.com/gps-cs-s/AHVAweo_hQN1whlt5gOyaETw5EkcjKVei3sIrpfnEjNEllUF2zD5xGQ6IlgM-cW79g2SMqhHXy2I8bkAX2ByQCKvnc4fjlaWLiWeGVpHq-W5I1UiXvGAcad5jBUzJd5yKRXjTA--rdg4Rg=w408-h435-k-no,true,8 am–5 pm,8 am–5 pm,8 am–5 pm,Closed,Closed,Closed,8 am–5 pm,"https://www.google.com/maps/search/pediatrician+in+Crawfordsville+Terra+Haute+IN/@39.4654441,-87.4139427,14z",2026-02-10T22:20:48.938Z,LGBTQ+ friendly,
"https://www.google.com/maps/place/Jessy+Woods/@39.4777809,-87.3946013,17z/data=!3m1!4b1!4m6!3m5!1s0x886d6542749aaaab:0xb445f00c6160bb23!8m2!3d39.4777809!4d-87.3946013!16s%2Fg%2F11p0791xvq",Jessy Woods,5.0,1,Internist,"1436 Locust St, Terre Haute, IN 47807, United States","FJH4+45 Terre Haute, Indiana, USA",,+1 812-227-7447,,,false,,,,,,,,"https://www.google.com/maps/search/pediatrician+in+Crawfordsville+Terra+Haute+IN/@39.4654441,-87.4139427,14z",2026-02-10T22:20:53.805Z,,
https://www.google.com/maps/place/Johnson+Craig+DO/data=!4m7!3m6!1s0x886d7ac20c369d4b:0xb8aa2586ea869284!8m2!3d39.4378502!4d-87.4075533!16s%2Fg%2F1xgzcjgh!19sChIJS502DMJ6bYgRhJKG6oYlqrg,Johnson Craig DO,5.0,1,Family practice physician,"2723 S 7th St M, Terre Haute, IN 47802, United States","CHQR+4X Terre Haute, Indiana, USA",https://weence.com/medical/doctors/terre-haute/johnson-craig-do/,+1 812-232-8164,,https://streetviewpixels-pa.googleapis.com/v1/thumbnail?panoid=SwDdgKlw1ab4Cl8YB01HgA&cb_client=search.gws-prod.gps&w=408&h=240&yaw=189.50795&pitch=0&thumbfov=100,false,,,,,,,,"https://www.google.com/maps/search/pediatrician+in+Crawfordsville+Terra+Haute+IN/@39.4654441,-87.4139427,14z",2026-02-10T22:20:56.334Z,,
https://www.google.com/maps/place/Valley+Professionals+Community+Health+Center/data=!4m7!3m6!1s0x886d7a5b742edd7b:0xef16f6141506da9f!8m2!3d39.4088354!4d-87.4075057!16s%2Fg%2F1xn_p3q9!19sChIJe90udFt6bYgRn9oGFRT2Fu8,Valley Professionals Community Health Center,4.9,361,Medical clinic,"4757 S 7th St, Terre Haute, IN 47802, United States","CH5R+GX Terre Haute, Indiana, USA",http://valleyprohealth.org/,+1 812-234-2289,Closed · Opens 8 am Wed,https://lh3.googleusercontent.com/p/AF1QipMWT3uN0K9qh9ymFktlbOqysMycT_mFqGt9KE21=w408-h276-k-no,true,8 am–5 pm,8 am–8 pm,8 am–5 pm,8 am–5 pm,Closed,Closed,8 am–5 pm,"https://www.google.com/maps/search/pediatrician+in+Crawfordsville+Terra+Haute+IN/@39.4654441,-87.4139427,14z",2026-02-10T22:21:00.985Z,,
"https://www.google.com/maps/place/Sanjay+R.+Parikh,+MD/@39.4377027,-87.4075094,17z/data=!3m1!4b1!4m6!3m5!1s0x886d7b36cb49a56f:0x6ef77abde377e4c5!8m2!3d39.4377027!4d-87.4075094!16s%2Fg%2F11l5hjw_94","Sanjay R. Parikh, MD",,,Pediatric cardiologist,"2723 S 7th St A, Terre Haute, IN 47802, United States","CHQR+3X Terre Haute, Indiana, USA",,,,,false,,,,,,,,"https://www.google.com/maps/search/pediatrician+in+Crawfordsville+Terra+Haute+IN/@39.4654441,-87.4139427,14z",2026-02-10T22:21:05.551Z,,
https://www.google.com/maps/place/Denise+Pine+Mattas/data=!4m7!3m6!1s0x886d6511748d210b:0x88fe61380b09ae5b!8m2!3d39.4858411!4d-87.4069909!16s%2Fg%2F11n_p9wgvc!19sChIJCyGNdBFlbYgRW64JCzhh_og,Denise Pine Mattas,,,Medical clinic,"UNION HOSPITAL INC MEDICAL GROUP, 1606 N 7th St, Terre Haute, IN 47804, United States","FHPV+86 Terre Haute, Indiana, USA",http://www.union.health/find-a-provider/denise-pine-mattas-md-faafp-family-medicine,+1 812-238-7000,,https://streetviewpixels-pa.googleapis.com/v1/thumbnail?panoid=SJbplfr3ZlPAxqCxL42vXg&cb_client=search.gws-prod.gps&w=408&h=240&yaw=314.1294&pitch=0&thumbfov=100,false,,,,,,,,"https://www.google.com/maps/search/pediatrician+in+Bloomington+Terra+Haute+IN/@39.4654441,-87.4139427,14z",2026-02-10T22:21:28.941Z,,
,,,,,,,,,,,,,,,,,,,"https://www.google.com/maps/search/pediatrician+in+Greencastle+Terra+Haute+IN/@39.4654441,-87.4139427,14z",2026-02-10T22:21:58.131Z,,No new results found
"https://www.google.com/maps/place/Children+First+Pediatrics+Of+Virginia,+P.C./data=!4m7!3m6!1s0x88529b33fc24587d:0xea2ccf183d89df16!8m2!3d36.6960449!4d-79.8596801!16s%2Fg%2F11hzxn_2lf!19sChIJfVgk_DObUogRFt-JPRjPLOo","Children First Pediatrics Of Virginia, P.C.",4.6,42,Medical Center,"314 Fairy St Ext STE A, Martinsville, VA 24112, United States","M4WR+C4 Martinsville, Virginia, USA",http://www.childrenfirstpediatricsofva.com/,+1 276-638-5437,Closed · Opens 8 am Wed,https://lh3.googleusercontent.com/p/AF1QipPMTLtGruUPp3RQ3ahCr8XWG-Ny600ukSYWyeGT=w408-h306-k-no,true,8 am–5 pm,8 am–5 pm,8 am–5 pm,8 am–5 pm,Closed,Closed,8 am–5 pm,"https://www.google.com/maps/search/pediatrician+in+Martinsville+Terra+Haute+IN/@36.6915262,-79.8725386,14z",2026-02-10T22:22:11.485Z,,
https://www.google.com/maps/place/Compassionate+Care+Pediatrics/data=!4m7!3m6!1s0x88529a790b0fffff:0x35050121bdaa0747!8m2!3d36.6971517!4d-79.8663024!16s%2Fg%2F11h3vbm5b6!19sChIJ__8PC3maUogRRweqvSEBBTU,Compassionate Care Pediatrics,4.8,20,Medical clinic,"315 Hospital Dr, Martinsville, VA 24112, United States","M4WM+VF Martinsville, Virginia, USA",https://compassionatecare.multiscreensite.com/,+1 276-403-4733,Closed · Opens 8:30 am Wed,https://streetviewpixels-pa.googleapis.com/v1/thumbnail?panoid=csnpw-7uXzlgPgHOrC-BJA&cb_client=search.gws-prod.gps&w=408&h=240&yaw=316.82944&pitch=0&thumbfov=100,false,8:30 am–4:30 pm,8:30 am–4:30 pm,8:30 am–4:30 pm,8:30 am–4:30 pm,Closed,Closed,8:30 am–4:30 pm,"https://www.google.com/maps/search/pediatrician+in+Martinsville+Terra+Haute+IN/@36.6915262,-79.8725386,14z",2026-02-10T22:22:16.145Z,,
"https://www.google.com/maps/place/Dr.+Mary+Noonan,+MD/data=!4m7!3m6!1s0x885290838c8939e9:0x6c4c034705e86c26!8m2!3d36.6960449!4d-79.8596878!16s%2Fg%2F1vhq4dl1!19sChIJ6TmJjIOQUogRJmzoBUcDTGw","Dr. Mary Noonan, MD",4.4,12,Pediatrician,"314 Fairy St Ext STE A, Martinsville, VA 24112, United States","M4WR+C4 Martinsville, Virginia, USA",https://www.childrenfirstpediatricsofva.com/about-us/,+1 276-638-5437,,https://streetviewpixels-pa.googleapis.com/v1/thumbnail?panoid=kpgbZi7i4Wd1k-0yLzYbsg&cb_client=search.gws-prod.gps&w=408&h=240&yaw=158.00632&pitch=0&thumbfov=100,false,,,,,,,,"https://www.google.com/maps/search/pediatrician+in+Martinsville+Terra+Haute+IN/@36.6915262,-79.8725386,14z",2026-02-10T22:22:18.820Z,,
"https://www.google.com/maps/place/DAVID+W.+SEAMON+MD,+FAPP/data=!4m7!3m6!1s0x885290838c8939e9:0x14a265c952415399!8m2!3d36.6879929!4d-79.8664774!16s%2Fg%2F1tg824tl!19sChIJ6TmJjIOQUogRmVNBUsllohQ","DAVID W. SEAMON MD, FAPP",4.0,4,Pediatrician,"15 Cleveland Ave #14, Martinsville, VA 24112, United States","M4QM+5C Martinsville, Virginia, USA",http://www.cmcpeds.com/,+1 276-632-9714,,https://streetviewpixels-pa.googleapis.com/v1/thumbnail?panoid=eOk5-40Je8xMcRw4pdnMWw&cb_client=search.gws-prod.gps&w=408&h=240&yaw=258.25742&pitch=0&thumbfov=100,false,,,,,,,,"https://www.google.com/maps/search/pediatrician+in+Martinsville+Terra+Haute+IN/@36.6915262,-79.8725386,14z",2026-02-10T22:22:21.371Z,,
"https://www.google.com/maps/place/Sreenivas+Gunturu,+MD/data=!4m7!3m6!1s0x885290bd52a4f72d:0x85c9772cd5d2c3c!8m2!3d36.6776057!4d-79.8494124!16s%2Fg%2F1v5fslyc!19sChIJLfekUr2QUogRPCxdzXKXXAg","Sreenivas Gunturu, MD",3.5,6,Pediatrician,"1109 Brookdale St ste c, Martinsville, VA 24112, United States","M5H2+26 Martinsville, Virginia, USA",http://sovahphysicians.com/sovah-pediatrics---martinsville,+1 276-666-7545,,https://lh3.googleusercontent.com/gps-cs-s/AHVAwerr2OTHql-SlxDCfDWn_uAkv75V-bnYoLxVEjWsnQIytZUSZjCJOKi8tEBjPvGt-vEymtD6QNmVve7hS4Sidqlb09PJVbn5Z3sskdAH_mf84jjxjCt_zkZSaW1dkqCbMioVi7oxhg=w408-h341-k-no,false,,,,,,,,"https://www.google.com/maps/search/pediatrician+in+Martinsville+Terra+Haute+IN/@36.6915262,-79.8725386,14z",2026-02-10T22:22:23.918Z,,
https://www.google.com/maps/place/Kids+First+Dental/data=!4m7!3m6!1s0x88529a07fdee5239:0xd43c293531044071!8m2!3d36.6911217!4d-79.8409911!16s%2Fg%2F1tsykw_6!19sChIJOVLu_QeaUogRcUAEMTUpPNQ,Kids First Dental,4.9,420,Pediatric dentist,"1152 Church St E, Martinsville, VA 24112, United States","M5R5+CJ Martinsville, Virginia, USA",https://kidsfirstdentalmartinsville.com/?utm_campaign=gmb,+1 276-421-4727,Closes soon · 6 pm · Opens 8 am Wed,https://lh3.googleusercontent.com/p/AF1QipN2BgEAn8PX7a-Tu9bdA4EAR7X4FAhwDVIlydMN=w408-h272-k-no,true,8 am–6 pm,8 am–6 pm,Closed,Closed,Closed,Closed,8 am–6 pm,"https://www.google.com/maps/search/pediatrician+in+Martinsville+Terra+Haute+IN/@36.6915262,-79.8725386,14z",2026-02-10T22:22:28.780Z,,
https://www.google.com/maps/place/Carilion+Children%27s+Pediatric+Cardiology+-+Martinsville/data=!4m7!3m6!1s0x885290bcf6927dd9:0x123338544327bf03!8m2!3d36.6786379!4d-79.8483184!16s%2Fg%2F11byx83gzz!19sChIJ2X2S9ryQUogRA78nQ1Q4MxI,Carilion Children's Pediatric Cardiology - Martinsville,,,Medical clinic,"1107B Brookdale St, Martinsville, VA 24112, United States","M5H2+FM Martinsville, Virginia, USA",https://www.carilionclinic.org/locations/carilion-childrens-pediatric-cardiology-martinsville?utm_source=local-listing&utm_medium=organic&utm_campaign=website-link,+1 540-769-0976,Closed · Opens 8 am Wed,https://lh3.googleusercontent.com/p/AF1QipPHWAoAuhavhKEsdp9cRSzAoIG3cJ_aCNhN2b2r=w426-h240-k-no,true,8 am–4:30 pm,8 am–4:30 pm,8 am–4:30 pm,8 am–4:30 pm,Closed,Closed,8 am–4:30 pm,"https://www.google.com/maps/search/pediatrician+in+Martinsville+Terra+Haute+IN/@36.6915262,-79.8725386,14z",2026-02-10T22:22:33.450Z,,
https://www.google.com/maps/place/Debra+Cyrus/data=!4m7!3m6!1s0x88529a7bb89efcef:0x832f219719e782aa!8m2!3d36.7000206!4d-79.8670343!16s%2Fg%2F11sd2xrb2v!19sChIJ7_yeuHuaUogRqoLnGZchL4M,Debra Cyrus,,,Pediatrician,"320 Hospital Dr, Martinsville, VA 24112, United States","P42M+25 Martinsville, Virginia, USA",,,,https://streetviewpixels-pa.googleapis.com/v1/thumbnail?panoid=hZO8vjOj7FtRWdtAYkBTXg&cb_client=search.gws-prod.gps&w=408&h=240&yaw=219.27159&pitch=0&thumbfov=100,false,,,,,,,,"https://www.google.com/maps/search/pediatrician+in+Martinsville+Terra+Haute+IN/@36.6915262,-79.8725386,14z",2026-02-10T22:22:35.955Z,,
https://www.google.com/maps/place/Center+For+Pediatric+Therapies/data=!4m7!3m6!1s0x8852909fc1daaaab:0x168a304a9718f577!8m2!3d36.6910531!4d-79.8535258!16s%2Fg%2F11f4pctqb5!19sChIJq6rawZ-QUogRd_UYl0owihY,Center For Pediatric Therapies,5.0,21,Physical therapist,"812 Church St E, Martinsville, VA 24112, United States","M4RW+CH Martinsville, Virginia, USA",http://centerforpediatrictherapies.com/,+1 276-533-0099,Closes soon · 6 pm · Opens 8 am Wed,https://streetviewpixels-pa.googleapis.com/v1/thumbnail?panoid=ZD3cvjMe75LCm8qoN1S8YQ&cb_client=search.gws-prod.gps&w=408&h=240&yaw=105.65436&pitch=0&thumbfov=100,false,8 am–6 pm,8 am–6 pm,8 am–6 pm,Closed,Closed,Closed,8 am–6 pm,"https://www.google.com/maps/search/pediatrician+in+Martinsville+Terra+Haute+IN/@36.6915262,-79.8725386,14z",2026-02-10T22:22:40.659Z,,
"https://www.google.com/maps/place/Dr.+Christa+M.+Thornberry,+MD/data=!4m7!3m6!1s0x885290838c8939e9:0xe1fa47c3314d6e8!8m2!3d36.6883571!4d-79.8671573!16s%2Fg%2F1td_z93_!19sChIJ6TmJjIOQUogR6NYUM3ykHw4","Dr. Christa M. Thornberry, MD",,,Pediatrician,"15 Cleveland Ave #14, Martinsville, VA 24112, United States","M4QM+84 Martinsville, Virginia, USA",,,,https://streetviewpixels-pa.googleapis.com/v1/thumbnail?panoid=eOk5-40Je8xMcRw4pdnMWw&cb_client=search.gws-prod.gps&w=408&h=240&yaw=292.34326&pitch=0&thumbfov=100,false,,,,,,,,"https://www.google.com/maps/search/pediatrician+in+Martinsville+Terra+Haute+IN/@36.6915262,-79.8725386,14z",2026-02-10T22:22:43.266Z,,
"https://www.google.com/maps/place/Dr.+Elizabeth+W.+Roycroft,+MD/data=!4m7!3m6!1s0x88529a9d253ec2c3:0xa99dcdfbff9533b0!8m2!3d36.6965877!4d-79.8831016!16s%2Fg%2F1tdnltsn!19sChIJw8I-JZ2aUogRsDOV__vNnak","Dr. Elizabeth W. Roycroft, MD",,,Pediatrician,"295 Commonwealth Blvd W, Martinsville, VA 24112, United States","M4W8+JQ Martinsville, Virginia, USA",,+1 276-638-2311,,https://streetviewpixels-pa.googleapis.com/v1/thumbnail?panoid=ZVFE9UJCWs8rvSVDo_Yv2Q&cb_client=search.gws-prod.gps&w=408&h=240&yaw=179.42&pitch=0&thumbfov=100,false,,,,,,,,"https://www.google.com/maps/search/pediatrician+in+Martinsville+Terra+Haute+IN/@36.6915262,-79.8725386,14z",2026-02-10T22:22:45.823Z,,
https://www.google.com/maps/place/LaFave+John+B+MD/data=!4m7!3m6!1s0x885290838c8936db:0x68129015281ecc45!8m2!3d36.6883571!4d-79.8671573!16s%2Fg%2F1264czll6!19sChIJ2zaJjIOQUogRRcweKBWQEmg,LaFave John B MD,,,Pediatrician,"15 Cleveland Ave #14, Martinsville, VA 24112, United States","M4QM+84 Martinsville, Virginia, USA",http://www.cmcpeds.com/,+1 276-632-9714,,https://streetviewpixels-pa.googleapis.com/v1/thumbnail?panoid=eOk5-40Je8xMcRw4pdnMWw&cb_client=search.gws-prod.gps&w=408&h=240&yaw=292.34326&pitch=0&thumbfov=100,false,,,,,,,,"https://www.google.com/maps/search/pediatrician+in+Martinsville+Terra+Haute+IN/@36.6915262,-79.8725386,14z",2026-02-10T22:22:48.230Z,,
"https://www.google.com/maps/place/Steven+E.+Herold,+MD/data=!4m7!3m6!1s0x885291112c62a37b:0x5c0ca427c0f9a069!8m2!3d36.6786379!4d-79.8483184!16s%2Fg%2F11t061k6s6!19sChIJe6NiLBGRUogRaaD5wCekDFw","Steven E. Herold, MD",,,Pediatrician,"1107B Brookdale St, Martinsville, VA 24112, United States","M5H2+FM Martinsville, Virginia, USA",https://www.carilionclinic.org/providers/steven-e-herold-md?utm_source=local-listing&utm_medium=organic&utm_campaign=website-link,+1 540-769-0976,Closed · Opens 8 am Wed,https://lh3.googleusercontent.com/p/AF1QipOxDxSj1wOrLkjwSVIiWUrynThS2rwwDvFZibds=w426-h240-k-no,true,8 am–4:30 pm,8 am–4:30 pm,8 am–4:30 pm,8 am–4:30 pm,Closed,Closed,8 am–4:30 pm,"https://www.google.com/maps/search/pediatrician+in+Martinsville+Terra+Haute+IN/@36.6915262,-79.8725386,14z",2026-02-10T22:22:52.897Z,,
"https://www.google.com/maps/place/Navalkar+Sushant+R+MD/@36.6985597,-79.8663039,17z/data=!3m1!4b1!4m6!3m5!1s0x88529a782c58cf81:0x19911d9a2896d77b!8m2!3d36.6985597!4d-79.8663039!16s%2Fg%2F1hc21_0jh",Navalkar Sushant R MD,,,Pediatrician,"320 Hospital Dr, Martinsville, VA 24112, United States","M4XM+CF Martinsville, Virginia, USA",http://www.martinsvillehospital.com/,+1 276-666-7200,,,false,,,,,,,,"https://www.google.com/maps/search/pediatrician+in+Martinsville+Terra+Haute+IN/@36.6915262,-79.8725386,14z",2026-02-10T22:22:57.524Z,,
https://www.google.com/maps/place/Sreenivas+Gunturu/data=!4m7!3m6!1s0x88529a7bb89efcef:0x8f04d177f43dc2b8!8m2!3d36.7000206!4d-79.8670343!16s%2Fg%2F11tn6w7bpj!19sChIJ7_yeuHuaUogRuMI99HfRBI8,Sreenivas Gunturu,,,Pediatrician,"320 Hospital Dr, Martinsville, VA 24112, United States","P42M+25 Martinsville, Virginia, USA",,,,https://streetviewpixels-pa.googleapis.com/v1/thumbnail?panoid=hZO8vjOj7FtRWdtAYkBTXg&cb_client=search.gws-prod.gps&w=408&h=240&yaw=219.27159&pitch=0&thumbfov=100,false,,,,,,,,"https://www.google.com/maps/search/pediatrician+in+Martinsville+Terra+Haute+IN/@36.6915262,-79.8725386,14z",2026-02-10T22:22:59.912Z,,
https://www.google.com/maps/place/Martinsville+Family+Dentistry/data=!4m7!3m6!1s0x88529084713707d9:0x3751edc8b2cb2a54!8m2!3d36.6876809!4d-79.8670627!16s%2Fg%2F1tls3jp6!19sChIJ2Qc3cYSQUogRVCrLssjtUTc,Martinsville Family Dentistry,4.9,1493,Dentist,"25 Cleveland Ave # A, Martinsville, VA 24112, United States","M4QM+35 Martinsville, Virginia, USA",http://martinsvillefamilydentistry.com/,+1 276-632-6219,Closed · Opens 8:30 am Wed,https://lh3.googleusercontent.com/p/AF1QipNzdBgV0fvs2hFw8IWgrytJVfk8MI8JYZytlwh9=w426-h240-k-no,true,8:30 am–5 pm,8:30 am–5 pm,8:30 am–5 pm,8:30 am–5 pm,Closed,Closed,8:30 am–5 pm,"https://www.google.com/maps/search/pediatrician+in+Martinsville+Terra+Haute+IN/@36.6915262,-79.8725386,14z",2026-02-10T22:23:04.839Z,LGBTQ+ friendly,
"https://www.google.com/maps/place/Valenica+R.+Eggleston-Clark,+MD/data=!4m7!3m6!1s0x885290bd52b30385:0xb05df2563680abb7!8m2!3d36.6785278!4d-79.8486366!16s%2Fg%2F1tgpyxcd!19sChIJhQOzUr2QUogRt6uANlbyXbA","Valenica R. Eggleston-Clark, MD",4.5,15,Family practice physician,"1107A Brookdale St, Martinsville, VA 24112, United States","M5H2+CG Martinsville, Virginia, USA",https://www.carilionclinic.org/providers/valenica-r-eggleston-clark-md?utm_source=local-listing&utm_medium=organic&utm_campaign=website-link,+1 276-670-3300,Closed · Opens 7:30 am Wed,https://lh3.googleusercontent.com/p/AF1QipNSqfHyhPOTf0s2bFE6JKTkLTcjg6k4zrxCtyjB=w426-h240-k-no,true,7:30 am–5 pm,7:30 am–5 pm,7:30 am–5 pm,7:30 am–5 pm,Closed,Closed,7:30 am–5 pm,"https://www.google.com/maps/search/pediatrician+in+Martinsville+Terra+Haute+IN/@36.6915262,-79.8725386,14z",2026-02-10T22:23:09.468Z,,
"https://www.google.com/maps/place/G.+Samuel+Hurt+III,+MD:+Piedmont+Urology+Associates/data=!4m7!3m6!1s0x8852908447be4e53:0x580faf51fa9e0666!8m2!3d36.6864259!4d-79.8671321!16s%2Fg%2F1tx47rhz!19sChIJU06-R4SQUogRZgae-lGvD1g","G. Samuel Hurt III, MD: Piedmont Urology Associates",5.0,1,Pediatric urologist,"101 Cleveland Ave STE C, Martinsville, VA 24112, United States","M4PM+H4 Martinsville, Virginia, USA",,+1 276-634-5000,Closed · Opens 8 am Wed,https://streetviewpixels-pa.googleapis.com/v1/thumbnail?panoid=AzzORfHA36NhgFQtQ2vsIA&cb_client=search.gws-prod.gps&w=408&h=240&yaw=23.479465&pitch=0&thumbfov=100,false,8 am–5 pm,8 am–5 pm,8 am–5 pm,8 am–5 pm,Closed,Closed,8 am–5 pm,"https://www.google.com/maps/search/pediatrician+in+Martinsville+Terra+Haute+IN/@36.6915262,-79.8725386,14z",2026-02-10T22:23:14.149Z,,
"https://www.google.com/maps/place/Bon+Secours+Urgent+Care,+West+Commonwealth/data=!4m7!3m6!1s0x88529a800c2b1a25:0x6412c291f7749a28!8m2!3d36.6950201!4d-79.8750004!16s%2Fg%2F11dyqqqkw5!19sChIJJRorDICaUogRKJp095HCEmQ","Bon Secours Urgent Care, West Commonwealth",3.9,384,Urgent care center,"105 Commonwealth Blvd W, Martinsville, VA 24112, United States","M4WF+2X Martinsville, Virginia, USA",https://www.bonsecours.com/locations/walk-in-urgent-care/blue-ridge/bon-secours-urgent-care-west-commonwealth?utm_source=google&utm_medium=organic&utm_content=local_website_link,+1 276-666-5000,Open · Closes 8 pm,https://lh3.googleusercontent.com/p/AF1QipOMJ07pqUZXSlcKypnWted4hfIj1KBthyo0pEyO=w408-h306-k-no,true,8 am–8 pm,8 am–8 pm,8 am–8 pm,8 am–8 pm,8 am–8 pm,8 am–8 pm,8 am–8 pm,"https://www.google.com/maps/search/pediatrician+in+Martinsville+Terra+Haute+IN/@36.6915262,-79.8725386,14z",2026-02-10T22:23:19.215Z,,
https://www.google.com/maps/place/Lea+Lineberry/data=!4m7!3m6!1s0x88529a790b0fffff:0xf736bd3a44ba1473!8m2!3d36.6971517!4d-79.8663024!16s%2Fg%2F11sh2bhgwq!19sChIJ__8PC3maUogRcxS6RDq9Nvc,Lea Lineberry,,,Nurse practitioner,"315 Hospital Dr STE 101, Martinsville, VA 24112, United States","M4WM+VF Martinsville, Virginia, USA",https://compassionatecare.multiscreensite.com/,+1 276-403-4733,,https://streetviewpixels-pa.googleapis.com/v1/thumbnail?panoid=csnpw-7uXzlgPgHOrC-BJA&cb_client=search.gws-prod.gps&w=408&h=240&yaw=316.82944&pitch=0&thumbfov=100,false,,,,,,,,"https://www.google.com/maps/search/pediatrician+in+Martinsville+Terra+Haute+IN/@36.6915262,-79.8725386,14z",2026-02-10T22:23:21.768Z,,
https://www.google.com/maps/place/Sovah+Pulmonology+-+Martinsville/data=!4m7!3m6!1s0x88529a782f98d24d:0xd88538b520d55fd5!8m2!3d36.6987281!4d-79.8647147!16s%2Fg%2F1vxf_wc3!19sChIJTdKYL3iaUogR1V_VILU4hdg,Sovah Pulmonology - Martinsville,4.9,25,Medical office,"319 Hospital Dr #105, Martinsville, VA 24112, United States","M4XP+F4 Martinsville, Virginia, USA",https://sovahphysicians.com/,+1 276-670-7141,Closed · Opens 8:30 am Wed,https://streetviewpixels-pa.googleapis.com/v1/thumbnail?panoid=aBj_FTvQKg_5-ekA0TDmgA&cb_client=search.gws-prod.gps&w=408&h=240&yaw=46.71123&pitch=0&thumbfov=100,true,8:30 am–5 pm,8:30 am–5 pm,8:30 am–5 pm,8:30 am–5 pm,Closed,Closed,8:30 am–5 pm,"https://www.google.com/maps/search/pediatrician+in+Martinsville+Terra+Haute+IN/@36.6915262,-79.8725386,14z",2026-02-10T22:23:26.535Z,,
https://www.google.com/maps/place/Michael+Steinberg/data=!4m7!3m6!1s0x88529a7bb89eb1bf:0xe451f889ded1630b!8m2!3d36.7000266!4d-79.8670274!16s%2Fg%2F11qgb7p4cg!19sChIJv7GeuHuaUogRC2PR3on4UeQ,Michael Steinberg,,,Internist,"320 Hospital Dr, Martinsville, VA 24112, United States","P42M+25 Martinsville, Virginia, USA",,+1 276-666-7394,,https://streetviewpixels-pa.googleapis.com/v1/thumbnail?panoid=hZO8vjOj7FtRWdtAYkBTXg&cb_client=search.gws-prod.gps&w=408&h=240&yaw=219.11705&pitch=0&thumbfov=100,false,,,,,,,,"https://www.google.com/maps/search/pediatrician+in+Martinsville+Terra+Haute+IN/@36.6915262,-79.8725386,14z",2026-02-10T22:23:29.123Z,,
"https://www.google.com/maps/place/Richard+A.+Cordle,+MD/data=!4m7!3m6!1s0x885290bcf83ba91b:0x4bb88f28905b44d4!8m2!3d36.6786379!4d-79.8483184!16s%2Fg%2F11rwxf0q5p!19sChIJG6k7-LyQUogR1ERbkCiPuEs","Richard A. Cordle, MD",,,Pediatric gastroenterologist,"1107B Brookdale St, Martinsville, VA 24112, United States","M5H2+FM Martinsville, Virginia, USA",https://www.carilionclinic.org/providers/richard-cordle-md?utm_source=local-listing&utm_medium=organic&utm_campaign=website-link,+1 540-769-0976,Closed · Opens 8 am Wed,https://lh3.googleusercontent.com/p/AF1QipO8aX2bLuvAyJGVSyxmytiihhYB-ISThkKN07fS=w426-h240-k-no,true,8 am–4 pm,8 am–4 pm,8 am–4 pm,8 am–4 pm,Closed,Closed,8 am–4 pm,"https://www.google.com/maps/search/pediatrician+in+Martinsville+Terra+Haute+IN/@36.6915262,-79.8725386,14z",2026-02-10T22:23:33.629Z,,
https://www.google.com/maps/place/Ambucare+Clinic/data=!4m7!3m6!1s0x886d7afc85ad1a57:0x63f113ec3f35218f!8m2!3d39.4272507!4d-87.416442!16s%2Fg%2F11c6ptpnnr!19sChIJVxqthfx6bYgRjyE1P-wT8WM,Ambucare Clinic,3.4,204,Walk-in clinic,"3387 S US Hwy 41, Terre Haute, IN 47802, United States","CHGM+WC Terre Haute, Indiana, USA",http://www.ambucareclinic.com/,+1 812-232-5532,Open · Closes 9 pm,https://lh3.googleusercontent.com/gps-cs-s/AHVAwertf82lCCq-WOXseQdASLSetqvE047K3DgjQFPX8rm83nwc3Cd50A718b9YfzUj887KgNn-iPa5KjmVb-lxX4OXYb1F7NVRHM4jibWbSeYLg9cAZEVWhTPR7ug0N_QVJ-FX_xXiQg=w408-h257-k-no,true,8 am–9 pm,8 am–9 pm,8 am–9 pm,8 am–7 pm,8 am–5 pm,9 am–5 pm,8 am–9 pm,"https://www.google.com/maps/search/pediatrician+in+Washington+Terra+Haute+IN/@39.4510076,-87.3996765,14z",2026-02-10T22:23:58.759Z,,
https://www.google.com/maps/place/Union+Medical+Group+%28UAP+Clinic%29+-+Downtown/data=!4m7!3m6!1s0x886d6531c2fc6e0d:0x890a77127c4a35ed!8m2!3d39.4638818!4d-87.4108661!16s%2Fg%2F11bbw_ky_m!19sChIJDW78wjFlbYgR7TVKfBJ3Cok,Union Medical Group (UAP Clinic) - Downtown,3.2,114,Medical clinic,"221 S 6th St, Terre Haute, IN 47807, United States","FH7Q+HM Terre Haute, Indiana, USA",http://myunionhealth.org/,+1 812-242-3737,"Open · Closes 8 pm

Updated by this business 4 weeks ago",https://lh3.googleusercontent.com/gps-cs-s/AHVAwepdWW58izrx6uBGvqYnV-lOLuQDxhRXO-6_YdkKHMrV6gDk2TLvro3XAr5vEfkSSXi4I7zxmM1sGaio0YomET9txpR3MFQyjdFi_LAYQ6ZMeDEeh2iK380NVji_Lx_cbf7sZ0r4Vg=w493-h240-k-no,true,8 am–8 pm,8 am–8 pm,8 am–8 pm,8 am–8 pm,9 am–6 pm,8 am–5 pm,8 am–8 pm,"https://www.google.com/maps/search/pediatrician+in+Washington+Terra+Haute+IN/@39.4510076,-87.3996765,14z",2026-02-10T22:24:03.569Z,,
https://www.google.com/maps/place/Providence+Medical+Group/data=!4m7!3m6!1s0x886d6fc1ba79af65:0xd52f174cc4f4795c!8m2!3d39.4731138!4d-87.3581954!16s%2Fg%2F11bw46jh0j!19sChIJZa95usFvbYgRXHn0xEwXL9U,Providence Medical Group,3.9,31,Medical group,"4001 Wabash Ave, Terre Haute, IN 47803, United States","FJFR+6P Terre Haute, Indiana, USA",http://provmed.com/,+1 812-877-0506,Closed · Opens 8:30 am Wed,https://streetviewpixels-pa.googleapis.com/v1/thumbnail?panoid=JSSdjgTALY5rSJdJj6tq-Q&cb_client=search.gws-prod.gps&w=408&h=240&yaw=79.052986&pitch=0&thumbfov=100,true,8:30 am–5 pm,8:30 am–5 pm,8:30 am–5 pm,8:30 am–5 pm,Closed,Closed,8:30 am–5 pm,"https://www.google.com/maps/search/pediatrician+in+Washington+Terra+Haute+IN/@39.4510076,-87.3996765,14z",2026-02-10T22:24:08.736Z,,
https://www.google.com/maps/place/Access+Dental+%26+Orthodontics/data=!4m7!3m6!1s0x886d7ae35fde0569:0x90decb650823d3d0!8m2!3d39.4280929!4d-87.4158477!16s%2Fg%2F11g86mb22t!19sChIJaQXeX-N6bYgR0NMjCGXL3pA,Access Dental & Orthodontics,4.2,329,Dentist,"3359 S US Hwy 41, Terre Haute, IN 47802, United States","CHHM+6M Terre Haute, Indiana, USA",http://accessdentalclinics.com/,+1 812-777-8777,Closed · Opens 8 am Wed,https://lh3.googleusercontent.com/gps-cs-s/AHVAweqMcal8o_0EXC127N5yxiqZu0XfE9odofzco76rxeFRqNnq_g6Mj1U0Y1Q0c2JGQk1K7vw8xjjgi6BW2DL44p1TZRXlSqMHzsLrX5FtpdMWJKgPBl_stS0t7vJJ5So0LhTayGmkzg=w408-h306-k-no,true,8 am–5 pm,8 am–5 pm,8 am–5 pm,8 am–5 pm,Closed,Closed,8 am–5 pm,"https://www.google.com/maps/search/pediatrician+in+Washington+Terra+Haute+IN/@39.4510076,-87.3996765,14z",2026-02-10T22:24:13.477Z,,
https://www.google.com/maps/place/Mrs.+Margaret+Brumfield/data=!4m7!3m6!1s0x886d653e9c401fdf:0x162044bc4605036f!8m2!3d39.4748392!4d-87.4056663!16s%2Fg%2F11tn9l5kg7!19sChIJ3x9AnD5lbYgRbwMFRrxEIBY,Mrs. Margaret Brumfield,3.7,3,Nurse practitioner,"620 N 8th St, Terre Haute, IN 47804, United States","FHFV+WP Terre Haute, Indiana, USA",,+1 812-231-8185,,https://streetviewpixels-pa.googleapis.com/v1/thumbnail?panoid=fMMWlAWMITny-ZsWHqqaiA&cb_client=search.gws-prod.gps&w=408&h=240&yaw=229.0478&pitch=0&thumbfov=100,false,,,,,,,,"https://www.google.com/maps/search/pediatrician+in+Washington+Terra+Haute+IN/@39.4510076,-87.3996765,14z",2026-02-10T22:24:20.689Z,,
"https://www.google.com/maps/place/Dr.+Jerick+Pacheco,+MD/data=!4m7!3m6!1s0x886dff6f268fc519:0xb0b58356577fad2d!8m2!3d38.6836778!4d-87.5277621!16s%2Fg%2F1td_zbq4!19sChIJGcWPJm__bYgRLa1_V1aDtbA","Dr. Jerick Pacheco, MD",4.7,42,Pediatrician,"528 N 1st St, Vincennes, IN 47591, United States","MFMC+FV Vincennes, Indiana, USA",,+1 812-882-4434,Closed · Opens 8:30 am Wed,https://streetviewpixels-pa.googleapis.com/v1/thumbnail?panoid=d9TAniOcLGpXxkfu8AtLsw&cb_client=search.gws-prod.gps&w=408&h=240&yaw=355.02597&pitch=0&thumbfov=100,false,8:30 am–4:30 pm,8:30 am–4:30 pm,8:30 am–4:30 pm,8:30 am–4:30 pm,Closed,Closed,8:30 am–4:30 pm,"https://www.google.com/maps/search/pediatrician+in+Vincennes+Terra+Haute+IN/@38.677269,-87.5286325,14z",2026-02-10T22:24:33.465Z,,
https://www.google.com/maps/place/Medical+Center+of+Vincennes+Pediatrics/data=!4m7!3m6!1s0x886dff35f17d70b1:0x99a75fa94e33aa16!8m2!3d38.683678!4d-87.5277815!16s%2Fg%2F11fhnfbmhr!19sChIJsXB98TX_bYgRFqozTqlfp5k,Medical Center of Vincennes Pediatrics,3.5,4,Pediatrician,"528 N 1st St, Vincennes, IN 47591, United States","MFMC+FV Vincennes, Indiana, USA",https://www.gshvin.org/locations/medical-center-of-vincennes-pediatrics/,+1 812-882-4434,Closed · Opens 8:30 am Wed,https://streetviewpixels-pa.googleapis.com/v1/thumbnail?panoid=d9TAniOcLGpXxkfu8AtLsw&cb_client=search.gws-prod.gps&w=408&h=240&yaw=351.55008&pitch=0&thumbfov=100,true,"8:30 am–12:30 pm, 1:30–4:30 pm","8:30 am–12:30 pm, 1:30–4:30 pm","8:30 am–12:30 pm, 1:30–4:30 pm","8:30 am–12:30 pm, 1:30–4:30 pm",Closed,Closed,"8:30 am–12:30 pm, 1:30–4:30 pm","https://www.google.com/maps/search/pediatrician+in+Vincennes+Terra+Haute+IN/@38.677269,-87.5286325,14z",2026-02-10T22:24:38.093Z,,
https://www.google.com/maps/place/Dr.+Heather+R+Nichols/data=!4m7!3m6!1s0x886dff6f268fc519:0x1da40f8e0dafe682!8m2!3d38.6713452!4d-87.5319907!16s%2Fg%2F11b7lm55rn!19sChIJGcWPJm__bYgRguavDY4PpB0,Dr. Heather R Nichols,4.7,6,Pediatrician,"514 S 9th St, Vincennes, IN 47591, United States","MFC9+G6 Vincennes, Indiana, USA",https://www.gshvin.org/locations/gspn-kids/,+1 812-885-8510,Closed · Opens 8:30 am Wed,https://streetviewpixels-pa.googleapis.com/v1/thumbnail?panoid=TCK9vP620E-lx8W-2VzxMg&cb_client=search.gws-prod.gps&w=408&h=240&yaw=116.36887&pitch=0&thumbfov=100,false,8:30 am–4:30 pm,8:30 am–4:30 pm,8:30 am–4:30 pm,8:30 am–4:30 pm,Closed,Closed,8:30 am–4:30 pm,"https://www.google.com/maps/search/pediatrician+in+Vincennes+Terra+Haute+IN/@38.677269,-87.5286325,14z",2026-02-10T22:24:42.732Z,,
https://www.google.com/maps/place/GSPN+Kids/data=!4m7!3m6!1s0x886dff15a7319361:0x5e74f10c581fe280!8m2!3d38.6713266!4d-87.5319934!16s%2Fg%2F11khmmxx23!19sChIJYZMxpxX_bYgRgOIfWAzxdF4,GSPN Kids,5.0,1,Pediatric clinic,"514 S 9th St, Vincennes, IN 47591, United States","MFC9+G6 Vincennes, Indiana, USA",https://www.gshvin.org/locations/gspn-kids/,+1 812-885-8510,Closed · Opens 8:30 am Wed,https://streetviewpixels-pa.googleapis.com/v1/thumbnail?panoid=TCK9vP620E-lx8W-2VzxMg&cb_client=search.gws-prod.gps&w=408&h=240&yaw=120.48883&pitch=0&thumbfov=100,true,8:30 am–4:30 pm,8:30 am–4:30 pm,8:30 am–4:30 pm,8:30 am–4:30 pm,Closed,Closed,8:30 am–4:30 pm,"https://www.google.com/maps/search/pediatrician+in+Vincennes+Terra+Haute+IN/@38.677269,-87.5286325,14z",2026-02-10T22:24:47.435Z,,
"https://www.google.com/maps/place/Dr.+Noel+O.+Suanes,+MD/data=!4m7!3m6!1s0x886dff6f268fc519:0x3ce6c895fa9a1488!8m2!3d38.6836913!4d-87.5277755!16s%2Fg%2F1tfqm3qq!19sChIJGcWPJm__bYgRiBSa-pXI5jw","Dr. Noel O. Suanes, MD",4.5,8,Pediatrician,"528 N 1st St, Vincennes, IN 47591, United States","MFMC+FV Vincennes, Indiana, USA",https://www.gshvin.org/find-a-provider/noel-o-suanes-md/,+1 812-882-4434,Closed · Opens 8:30 am Wed,https://streetviewpixels-pa.googleapis.com/v1/thumbnail?panoid=d9TAniOcLGpXxkfu8AtLsw&cb_client=search.gws-prod.gps&w=408&h=240&yaw=352.9957&pitch=0&thumbfov=100,false,8:30 am–4:30 pm,8:30 am–4:30 pm,8:30 am–4:30 pm,8:30 am–4:30 pm,Closed,Closed,8:30 am–4:30 pm,"https://www.google.com/maps/search/pediatrician+in+Vincennes+Terra+Haute+IN/@38.677269,-87.5286325,14z",2026-02-10T22:24:52.084Z,,
"https://www.google.com/maps/place/Bryce+Meck,+MD/@38.6727584,-87.5329401,17z/data=!3m1!4b1!4m6!3m5!1s0x886dffc0f949095b:0x92d24c6dc51bb0a0!8m2!3d38.6727584!4d-87.5329401!16s%2Fg%2F11rq4sgswh","Bryce Meck, MD",,,Pediatrician,"520 S 7th St, Vincennes, IN 47591, United States","MFF8+4R Vincennes, Indiana, USA",,+1 812-885-6990,,,false,,,,,,,,"https://www.google.com/maps/search/pediatrician+in+Vincennes+Terra+Haute+IN/@38.677269,-87.5286325,14z",2026-02-10T22:24:56.786Z,,
https://www.google.com/maps/place/Dr.+Jill+S.Smith/data=!4m7!3m6!1s0x886dff6f268fc519:0xad513c18d104e01e!8m2!3d38.6836913!4d-87.5277755!16s%2Fg%2F1pv0cb3l0!19sChIJGcWPJm__bYgRHuAE0Rg8Ua0,Dr. Jill S.Smith,,,Pediatrician,"528 N 1st St, Vincennes, IN 47591, United States","MFMC+FV Vincennes, Indiana, USA",,+1 812-882-4434,,https://streetviewpixels-pa.googleapis.com/v1/thumbnail?panoid=d9TAniOcLGpXxkfu8AtLsw&cb_client=search.gws-prod.gps&w=408&h=240&yaw=352.9957&pitch=0&thumbfov=100,false,,,,,,,,"https://www.google.com/maps/search/pediatrician+in+Vincennes+Terra+Haute+IN/@38.677269,-87.5286325,14z",2026-02-10T22:24:59.464Z,,
https://www.google.com/maps/place/Riley+Pediatric+Primary+Care+-+Bedford/data=!4m7!3m6!1s0x886c119d823a7c05:0xaa4ccf946add256a!8m2!3d38.851452!4d-86.4938949!16s%2Fg%2F11fkdwgy6t!19sChIJBXw6gp0RbIgRaiXdapTPTKo,Riley Pediatric Primary Care - Bedford,3.2,25,Pediatrician,"1614 25th St, Bedford, IN 47421, United States","VG24+HC Bedford, Indiana, USA",https://www.rileychildrens.org/practice-location/riley-pediatric-primary-care-1614-25th-st-bedford?utm_source=Google&utm_medium=Yext&y_source=1_MTE5NDE5NDYtNzE1LWxvY2F0aW9uLndlYnNpdGU=,+1 812-277-0118,Closed · Opens 8 am Wed,https://lh3.googleusercontent.com/p/AF1QipPrWPRMC9nHVZi59wBI1iJ0zXRjYcFiOZVSVJef=w426-h240-k-no,true,8 am–5 pm,8 am–5 pm,8 am–5 pm,8 am–5 pm,8 am–5 pm,1–5 pm,8 am–5 pm,"https://www.google.com/maps/search/pediatrician+in+Bedford+Terra+Haute+IN/@39.4654441,-87.4139427,14z",2026-02-10T22:25:12.347Z,,
https://www.google.com/maps/place/Riley+Pediatric+Primary+Care+-+West+Lafayette/data=!4m7!3m6!1s0x8812fd713944286f:0xe47483bb63e0aec0!8m2!3d40.4522086!4d-86.9091112!16s%2Fg%2F11h64kb78z!19sChIJbyhEOXH9EogRwK7gY7uDdOQ,Riley Pediatric Primary Care - West Lafayette,4.2,21,Pediatrician,"253 Sagamore Pkwy W, West Lafayette, IN 47906, United States","F32R+V9 West Lafayette, Indiana, USA",https://www.rileychildrens.org/practice-location/riley-pediatric-primary-care-253-sagamore-pkwy-w-west-lafayette?utm_source=Google&utm_medium=Yext&y_source=1_MTE2NzE5NTUtNzE1LWxvY2F0aW9uLndlYnNpdGU%3D,+1 765-448-8100,Closed · Opens 8 am Wed,https://lh3.googleusercontent.com/p/AF1QipMa_Jh6i_Tq6k63FR4MfKTk7S1dFfZjwh24iZvq=w426-h240-k-no,true,8 am–5 pm,8 am–5 pm,8 am–5 pm,8 am–5 pm,9 am–12 pm,Closed,8 am–5 pm,"https://www.google.com/maps/search/pediatrician+in+West+Lafayette+Terra+Haute+IN/@39.4654441,-87.4139427,14z",2026-02-10T22:25:32.982Z,,
https://www.google.com/maps/place/Riley+Pediatric+Primary+Care+-+Lafayette/data=!4m7!3m6!1s0x881303ed70037857:0xc7d3ce5c1b2ba042!8m2!3d40.4326307!4d-86.8669638!16s%2Fg%2F11fkdw5qbg!19sChIJV3gDcO0DE4gRQqArG1zO08c,Riley Pediatric Primary Care - Lafayette,4.9,18,Pediatrician,"2600 Greenbush St, Lafayette, IN 47904, United States","C4MM+36 Lafayette, Indiana, USA",https://www.rileychildrens.org/practice-location/riley-pediatric-primary-care-2600-greenbush-st-lafayette?utm_source=Google&utm_medium=Yext&y_source=1_MTE2NzE5NTQtNzE1LWxvY2F0aW9uLndlYnNpdGU%3D,+1 765-448-8100,Closed · Opens 8 am Wed,https://lh3.googleusercontent.com/p/AF1QipP_cyiLCq6YgvjBTPZHKitbYs2oMBpiYuqV3WfP=w426-h240-k-no,true,8 am–5 pm,8 am–5 pm,8 am–5 pm,8 am–5 pm,Closed,Closed,8 am–5 pm,"https://www.google.com/maps/search/pediatrician+in+West+Lafayette+Terra+Haute+IN/@39.4654441,-87.4139427,14z",2026-02-10T22:25:38.059Z,,
https://www.google.com/maps/place/Franciscan+Physician+Network+Pediatrics+West+Lafayette/data=!4m7!3m6!1s0x8812fd6a45c0a825:0xf61afd20175a75ec!8m2!3d40.4523112!4d-86.9197475!16s%2Fg%2F1260nj7wh!19sChIJJajARWr9EogR7HVaFyD9GvY,Franciscan Physician Network Pediatrics West Lafayette,3.3,10,Pediatrician,"915 Sagamore Pkwy W, West Lafayette, IN 47906, United States","F32J+W4 West Lafayette, Indiana, USA",https://directory.franciscanhealth.org/location/franciscan-physician-network-pediatrics-west-lafayette,+1 765-463-5252,Closed · Opens 8 am Wed,https://lh3.googleusercontent.com/gps-cs-s/AHVAweq6VTRqjNBuls4BfQShIG9a93myJNTeiA0J2wqYSOqAHjJc65qu_LzAsBVxyx2PiQy5kOIMxbfUVu2gUm3fKjTPhDWXiaQ1tIdOhd8H0URTM6oTJbNypysxqvUs1F1exaTqMZ7thw=w408-h306-k-no,true,8 am–5 pm,8 am–5 pm,8 am–5 pm,8 am–5 pm,Closed,Closed,8 am–5 pm,"https://www.google.com/maps/search/pediatrician+in+West+Lafayette+Terra+Haute+IN/@39.4654441,-87.4139427,14z",2026-02-10T22:25:47.319Z,,
"https://www.google.com/maps/place/Kathryn+M.+Peck,+MD/data=!4m7!3m6!1s0x886d65a13f7bad79:0xe544dcc11bcb4e6e!8m2!3d39.4859597!4d-87.410654!16s%2Fg%2F11h6mvwtj2!19sChIJea17P6FlbYgRbk7LG8HcROU","Kathryn M. Peck, MD",5.0,259,Orthopedic surgeon,"1801 N 6th St Suite 300, Terre Haute, IN 47804, United States","FHPQ+9P Terre Haute, Indiana, USA",https://www.indianahandtoshoulder.com/kathryn-m-peck-md,+1 812-234-8840,Closed · Opens 8 am Wed,https://lh3.googleusercontent.com/p/AF1QipM2Z5zYC9lOAzU63kV916l6KaT3RHRAPfatCyVu=w426-h240-k-no,true,8 am–5 pm,8 am–5 pm,8 am–5 pm,Closed,Closed,Closed,8 am–5 pm,"https://www.google.com/maps/search/pediatrician+in+West+Lafayette+Terra+Haute+IN/@39.4654441,-87.4139427,14z",2026-02-10T22:25:52.056Z,,
"https://www.google.com/maps/place/Scott+J.+Findley,+D.D.S+Family+Dentistry/data=!4m7!3m6!1s0x886d6ffb42393e1f:0x18676fdd71a18ec8!8m2!3d39.4625495!4d-87.3720353!16s%2Fg%2F1tct9gdk!19sChIJHz45QvtvbYgRyI6hcd1vZxg","Scott J. Findley, D.D.S Family Dentistry",4.8,16,Dentist,"3055 Poplar St, Terre Haute, IN 47803, United States","FJ7H+25 Terre Haute, Indiana, USA",,+1 812-232-2775,Closed · Opens 8:30 am Thu,https://streetviewpixels-pa.googleapis.com/v1/thumbnail?panoid=w_RSY9bybUoUMEGrbrbxUw&cb_client=search.gws-prod.gps&w=408&h=240&yaw=185.48665&pitch=0&thumbfov=100,false,8:30 am–5 pm,Closed,8:30 am–5 pm,8:30 am–5 pm,Closed,Closed,8:30 am–5 pm,"https://www.google.com/maps/search/pediatrician+in+West+Lafayette+Terra+Haute+IN/@39.4654441,-87.4139427,14z",2026-02-10T22:25:56.655Z,,
,,,,,,,,,,,,,,,,,,,"https://www.google.com/maps/search/pediatrician+in+Lebanon+Terra+Haute+IN/@39.4654441,-87.4139427,14z",2026-02-10T22:26:09.951Z,,No new results found