placeUrl,title,rating,reviewCount,category,address,plusCode,website,phoneNumber,currentStatus,imgUrl,isClaimed,wednesday,thursday,friday,saturday,sunday,monday,tuesday,query,timestamp,info,error
https://www.google.com/maps/place/Envision+Pain+Management/data=!4m7!3m6!1s0x8850fba0122f7325:0xf49727327fb7939a!8m2!3d36.1978939!4d-81.6531294!16s%2Fg%2F11sf05cwgs!19sChIJJXMvEqD7UIgRmpO3fzInl_Q,Envision Pain Management,4.7,365,Pain management physician,"237 Longvue Dr A, Boone, NC 28607, United States","58XW+5P Boone, North Carolina, USA",https://www.envisionpainmanagement.com/,+1 828-237-8001,Open · Closes 5 pm,https://lh3.googleusercontent.com/p/AF1QipOrzGsWta1VOUfKyGFioNx9EBJ1wC4_n1Yr0zVC=w408-h310-k-no,true,8 am–5 pm,8 am–5 pm,8 am–5 pm,Closed,Closed,8 am–5 pm,8 am–5 pm,"https://www.google.com/maps/search/pain+management+physician+in+Sugar+Mountain+Boone+NC/@36.2181951,-81.6830378,14z",2026-01-28T18:36:32.113Z,,
https://www.google.com/maps/place/High+Country+Pain+Relief/data=!4m7!3m6!1s0x8850fbd0a1c8b2b5:0x389dc0e15f262aa5!8m2!3d36.2024927!4d-81.6605464!16s%2Fg%2F11s754lfr1!19sChIJtbLIodD7UIgRpSomX-HAnTg,High Country Pain Relief,5.0,83,Pain control clinic,"240 Shadowline Dr Unit A6, Boone, NC 28607, United States","682Q+XQ Boone, North Carolina, USA",https://www.highcountrypainrelief.com/,+1 828-386-1888,Open · Closes 6 pm,https://lh3.googleusercontent.com/p/AF1QipPLinVdiwGoY5PR60rrtjhrMaGWZzjFFDmQ1HK8=w408-h306-k-no,true,9 am–6 pm,8 am–5 pm,Closed,Closed,Closed,9 am–6 pm,2–5 pm,"https://www.google.com/maps/search/pain+management+physician+in+Sugar+Mountain+Boone+NC/@36.2181951,-81.6830378,14z",2026-01-28T18:36:37.780Z,,
https://www.google.com/maps/place/App+Pain+Management/data=!4m7!3m6!1s0x8850fa5205bfcb4f:0x71532b69b4242bbb!8m2!3d36.197858!4d-81.6527954!16s%2Fg%2F1tdzb360!19sChIJT8u_BVL6UIgRuysktGkrU3E,App Pain Management,3.8,27,Pain control clinic,"261 Longvue Dr, Boone, NC 28607, United States","58XW+4V Boone, North Carolina, USA",https://www.unchealthappalachian.org/locations/profile/app-pain-management/,+1 828-265-5493,Open · Closes 5 pm,https://lh3.googleusercontent.com/p/AF1QipNKDQM2TJrHRDjL-_x2_a2UbOLS9wkATpCl2xze=w408-h306-k-no,true,8 am–5 pm,8 am–5 pm,8 am–12 pm,Closed,Closed,8 am–5 pm,8 am–5 pm,"https://www.google.com/maps/search/pain+management+physician+in+Sugar+Mountain+Boone+NC/@36.2181951,-81.6830378,14z",2026-01-28T18:36:43.085Z,,
https://www.google.com/maps/place/Blue+Ridge+Acupuncture+%26+Integrative+Health/data=!4m7!3m6!1s0x8850fa45f4c1aae3:0xc0cf34556d03d15f!8m2!3d36.2054086!4d-81.6610767!16s%2Fg%2F1tkjlx4_!19sChIJ46rB9EX6UIgRX9EDbVU0z8A,Blue Ridge Acupuncture & Integrative Health,4.8,142,Alternative medicine practitioner,"610 State Farm Rd Suite B, Boone, NC 28607, United States","684Q+5H Boone, North Carolina, USA",http://www.blueridgeintegrativehealth.com/,+1 828-457-8975,Open · Closes 5 pm,https://lh3.googleusercontent.com/p/AF1QipM2usRXOdiiD54COTwrtbUVWrD2LozOgYnmvTFV=w408-h544-k-no,true,9 am–5 pm,9 am–5 pm,Closed,Closed,Closed,9 am–5 pm,9 am–5 pm,"https://www.google.com/maps/search/pain+management+physician+in+Sugar+Mountain+Boone+NC/@36.2181951,-81.6830378,14z",2026-01-28T18:36:47.868Z,,
"https://www.google.com/maps/place/Richard+Stork,+MD/data=!4m7!3m6!1s0x8850fb1365075a2f:0x43a8c4df9b66d63b!8m2!3d36.1978319!4d-81.6527149!16s%2Fg%2F11pv3wddc1!19sChIJL1oHZRP7UIgRO9Zmm9_EqEM","Richard Stork, MD",,,Pain management physician,"261 Longvue Dr, Boone, NC 28607, United States","58XW+4W Boone, North Carolina, USA",https://apprhs.org/providers/richard-j-stork-md/,+1 828-265-5493,Open 24 hours,https://streetviewpixels-pa.googleapis.com/v1/thumbnail?panoid=eHGzdeym7fTG7eRUYVra7g&cb_client=search.gws-prod.gps&w=408&h=240&yaw=14.429773&pitch=0&thumbfov=100,false,Open 24 hours,Open 24 hours,Open 24 hours,Open 24 hours,Open 24 hours,Open 24 hours,Open 24 hours,"https://www.google.com/maps/search/pain+management+physician+in+Sugar+Mountain+Boone+NC/@36.2181951,-81.6830378,14z",2026-01-28T18:36:52.542Z,,
https://www.google.com/maps/place/Willow+Health+and+Wellness/data=!4m7!3m6!1s0x8850fbf2ef95c165:0xdf659de98e68678!8m2!3d36.1991352!4d-81.6680552!16s%2Fg%2F11mts6dn54!19sChIJZcGV7_L7UIgReIbmmN5Z9g0,Willow Health and Wellness,5.0,59,Chiropractor,"643 Greenway Rd K1, Boone, NC 28607, United States","58XJ+MQ Boone, North Carolina, USA",https://www.willowhealthnc.com/,+1 828-832-6632,Open · Closes 6 pm,https://lh3.googleusercontent.com/p/AF1QipO4hqOobbJY-dGl4inc_-o7xh76oqRVgq30k13z=w408-h272-k-no,true,9 am–6 pm,Closed,8:30 am–4:30 pm,Closed,Closed,9 am–3 pm,8:30 am–5 pm,"https://www.google.com/maps/search/pain+management+physician+in+Sugar+Mountain+Boone+NC/@36.2181951,-81.6830378,14z",2026-01-28T18:36:57.521Z,LGBTQ+ friendly,
https://www.google.com/maps/place/Appalachian+Family+Chiropractic/data=!4m7!3m6!1s0x8850fa5d6959ba67:0x97567c638c5b6ca3!8m2!3d36.1992019!4d-81.6679805!16s%2Fg%2F1ydxc8j5n!19sChIJZ7pZaV36UIgRo2xbjGN8Vpc,Appalachian Family Chiropractic,5.0,15,Chiropractor,"643 Greenway Rd, Boone, NC 28607, United States","58XJ+MR Boone, North Carolina, USA",http://appfamilychiro.com/,+1 828-355-9052,Open · Closes 5 pm,https://lh3.googleusercontent.com/p/AF1QipPF3BLXwqpaqfPTrGO3L_VaBXEM6GsGmpprCGmx=w408-h306-k-no,true,9 am–5 pm,9 am–5 pm,9 am–5 pm,Closed,Closed,9 am–5 pm,9 am–5 pm,"https://www.google.com/maps/search/pain+management+physician+in+Sugar+Mountain+Boone+NC/@36.2181951,-81.6830378,14z",2026-01-28T18:37:02.437Z,,
https://www.google.com/maps/place/OrthoCarolina+Boone/data=!4m7!3m6!1s0x8850fa51f21ef423:0x74ec32eef0bd7b86!8m2!3d36.2023661!4d-81.6560653!16s%2Fg%2F11b6ctm6td!19sChIJI_Qe8lH6UIgRhnu98O4y7HQ,OrthoCarolina Boone,4.7,358,Orthopedic surgeon,"Greenway Building, 950 State Farm Rd #200, Boone, NC 28607, United States","682V+WH Boone, North Carolina, USA",https://www.orthocarolina.com/locations/boone?utm_source=GMBSocialClimb&utm_medium=OrthoCarolinaBoone,+1 828-264-1100,Open · Closes 5 pm,https://lh3.googleusercontent.com/p/AF1QipMECkDX_d539-2ripEOtAo5lbj2XyQfuxs4TDCE=w426-h240-k-no,true,8 am–5 pm,8 am–5 pm,8 am–5 pm,Closed,Closed,8 am–5 pm,8 am–5 pm,"https://www.google.com/maps/search/pain+management+physician+in+Sugar+Mountain+Boone+NC/@36.2181951,-81.6830378,14z",2026-01-28T18:37:07.529Z,LGBTQ+ friendly,
https://www.google.com/maps/place/Wellspring+Center+for+Healing+%26+Education/data=!4m7!3m6!1s0x8850f09da08cbaa7:0x92fcd54f0cd7d3fd!8m2!3d36.20514!4d-81.692888!16s%2Fg%2F1vknq25d!19sChIJp7qMoJ3wUIgR_dPXDE_V_JI,Wellspring Center for Healing & Education,4.8,41,Acupuncture clinic,"2348 NC-105 Ste 9, Boone, NC 28607, United States","6844+3R Boone, North Carolina, USA",http://www.wellspring-healing.com/,+1 828-265-0001,Open · Closes 5 pm,https://lh3.googleusercontent.com/p/AF1QipOz6zShNiwel1zn8rczG1hD2r8qSn4bhvWYwXVd=w426-h240-k-no,true,9 am–5 pm,9 am–5 pm,9 am–5 pm,Closed,Closed,Closed,9 am–5 pm,"https://www.google.com/maps/search/pain+management+physician+in+Sugar+Mountain+Boone+NC/@36.2181951,-81.6830378,14z",2026-01-28T18:37:12.370Z,,
"https://www.google.com/maps/place/Lynn+Gilbert,+PA-C/data=!4m7!3m6!1s0x8850fb595eadf097:0xed91aa0f8f6ddb21!8m2!3d36.2024643!4d-81.6560314!16s%2Fg%2F11hz5vf7sg!19sChIJl_CtXln7UIgRIdttjw-qke0","Lynn Gilbert, PA-C",4.9,56,Physician assistant,"Greenway Building, 950 State Farm Rd #200, Boone, NC 28607, United States","682V+XH Boone, North Carolina, USA","https://www.orthocarolina.com/physicians/lynn-gilbert-pa-c?utm_source=GMBSocialClimb&utm_medium=LynnGilbert,PA-C",+1 828-264-1100,Open · Closes 5 pm,https://streetviewpixels-pa.googleapis.com/v1/thumbnail?panoid=Bi6F9P0zMZd4We02qQUVSA&cb_client=search.gws-prod.gps&w=408&h=240&yaw=228.31973&pitch=0&thumbfov=100,false,8 am–5 pm,8 am–5 pm,8 am–5 pm,Closed,Closed,8 am–5 pm,8 am–5 pm,"https://www.google.com/maps/search/pain+management+physician+in+Sugar+Mountain+Boone+NC/@36.2181951,-81.6830378,14z",2026-01-28T18:37:17.186Z,,
,,,,,,,,,,,,,,,,,,,"https://www.google.com/maps/search/pain+management+physician+in+Seven+Devils+Boone+NC/@36.1443203,-81.826041,14z",2026-01-28T18:37:25.965Z,,No new results found
,,,,,,,,,,,,,,,,,,,"https://www.google.com/maps/search/pain+management+physician+in+Crossnore+Boone+NC/@36.0217938,-81.9295579,14z",2026-01-28T18:37:34.080Z,,No new results found
https://www.google.com/maps/place/High+Country+Neurology/data=!4m7!3m6!1s0x8850fa45f4c1aae3:0xe48e70970ae737ce!8m2!3d36.2033957!4d-81.6585133!16s%2Fg%2F1v0llgwt!19sChIJ46rB9EX6UIgRzjfnCpdwjuQ,High Country Neurology,3.1,28,Medical clinic,"400 Shadowline Dr, Boone, NC 28607, United States","683R+9H Boone, North Carolina, USA",http://www.highcountryneurology.com/,+1 828-262-0600,Open · Closes 5 pm,https://streetviewpixels-pa.googleapis.com/v1/thumbnail?panoid=XXYssnR7kK093GtBsPzR1g&cb_client=search.gws-prod.gps&w=408&h=240&yaw=155.00684&pitch=0&thumbfov=100,false,8:30 am–5 pm,8:30 am–5 pm,8:30 am–2 pm,Closed,8:30 am–5 pm,8:30 am–5 pm,8:30 am–5 pm,"https://www.google.com/maps/search/pain+management+physician+in+Newland+Boone+NC/@36.213999,-81.683832,14z",2026-01-28T18:37:46.706Z,,
https://www.google.com/maps/place/AppRheumatology/data=!4m7!3m6!1s0x8850fa45f4c1aae3:0x343f9e8e47f36dfc!8m2!3d36.1955455!4d-81.6537419!16s%2Fg%2F1tdrx_xw!19sChIJ46rB9EX6UIgR_G3zR46ePzQ,AppRheumatology,4.8,128,Medical clinic,"2146 Blowing Rock Rd, Boone, NC 28607, United States","58WW+6G Boone, North Carolina, USA",https://www.unchealthappalachian.org/locations/profile/apprheumatology/,+1 828-386-2300,Open · Closes 5 pm,https://streetviewpixels-pa.googleapis.com/v1/thumbnail?panoid=8c723LPMzp2mw70UPmdiUg&cb_client=search.gws-prod.gps&w=408&h=240&yaw=301.61984&pitch=0&thumbfov=100,true,8 am–5 pm,8 am–5 pm,8 am–12 pm,Closed,Closed,8 am–5 pm,8 am–5 pm,"https://www.google.com/maps/search/pain+management+physician+in+Blowing+Rock+Boone+NC/@36.135129,-81.6776059,14z",2026-01-28T18:37:59.955Z,,
https://www.google.com/maps/place/Chestnut+Ridge+Medical+%28formerly+Davant+Medical+Clinic%29/data=!4m7!3m6!1s0x8850fad28eadc87d:0x3d631b3dd4f7dc3f!8m2!3d36.14748!4d-81.6579284!16s%2Fg%2F11bzt8dzrn!19sChIJfcitjtL6UIgRP9z31D0bYz0,Chestnut Ridge Medical (formerly Davant Medical Clinic),5.0,105,Women's health clinic,"623 Chestnut Ridge Pkwy, Blowing Rock, NC 28605, United States","48WR+XR Blowing Rock, North Carolina, USA",https://apprhs.org/davantclinic/?utm_source=ARHSGoogleLocation&utm_medium=referral&utm_campaign=ARHSsearch,+1 828-386-3350,Open · Closes 5 pm,https://lh3.googleusercontent.com/p/AF1QipNI0sYQsvAK9tyZ9xgBcLVc7uHF3_5-obk3uzGF=w408-h272-k-no,true,8 am–5 pm,8 am–5 pm,8 am–5 pm,Closed,Closed,8 am–5 pm,8 am–5 pm,"https://www.google.com/maps/search/pain+management+physician+in+Blowing+Rock+Boone+NC/@36.135129,-81.6776059,14z",2026-01-28T18:38:04.733Z,,
"https://www.google.com/maps/place/Gregory+Price,+MD/data=!4m7!3m6!1s0x8856abc818251ae9:0xf31e22d4f209de72!8m2!3d36.14987!4d-81.65885!16s%2Fg%2F1ttyxfs6!19sChIJ6RolGMirVogRct4J8tQiHvM","Gregory Price, MD",4.2,19,Family practice physician,"623 Chestnut Ridge Pkwy, Blowing Rock, NC 28605, United States","48XR+WF Blowing Rock, North Carolina, USA",https://apprhs.org/providers/gregory-price-md/?utm_source=ARHSGoogleLocation&utm_medium=referral&utm_campaign=ARHSsearch,+1 828-386-3350,Open · Closes 5 pm,https://streetviewpixels-pa.googleapis.com/v1/thumbnail?panoid=Ku2SXWXeWPhH6U2dAh4nFA&cb_client=search.gws-prod.gps&w=408&h=240&yaw=332.27124&pitch=0&thumbfov=100,false,8 am–5 pm,8 am–5 pm,8 am–5 pm,Closed,Closed,8 am–5 pm,8 am–5 pm,"https://www.google.com/maps/search/pain+management+physician+in+Blowing+Rock+Boone+NC/@36.135129,-81.6776059,14z",2026-01-28T18:38:09.546Z,,
"https://www.google.com/maps/place/Dr.+Eric+J.+Rentz,+DO/@36.179971,-81.878268,17z/data=!3m1!4b1!4m6!3m5!1s0x88508d47b3873941:0xd1417129f45d5c26!8m2!3d36.179971!4d-81.878268!16s%2Fg%2F1hc1szn33","Dr. Eric J. Rentz, DO",3.0,2,Osteopath,"100 Honey Bear Ln, Banner Elk, NC 28604, United States","54HC+XM Banner Elk, North Carolina, USA",,+1 828-260-5073,,,false,,,,,,,,"https://www.google.com/maps/search/pain+management+physician+in+Banner+Elk+Boone+NC/@36.1631817,-81.8715019,14z",2026-01-28T18:38:22.304Z,,
https://www.google.com/maps/place/Appalachian+Rgonal+Pain+Management/data=!4m7!3m6!1s0x8850fa4f13866c8d:0xd8b2ecb76bd7d6fe!8m2!3d36.2031666!4d-81.656444!16s%2Fg%2F1261sphbm!19sChIJjWyGE0_6UIgR_tbXa7fsstg,Appalachian Rgonal Pain Management,,,,"895 State Farm Rd UNIT 401, Boone, NC 28607, United States","683V+7C Boone, North Carolina, USA",,+1 828-262-4396,Permanently closed,https://streetviewpixels-pa.googleapis.com/v1/thumbnail?panoid=1I_4cVoUZsSzxEJ6P0a_fw&cb_client=search.gws-prod.gps&w=408&h=240&yaw=58.44653&pitch=0&thumbfov=100,false,,,,,,,,"https://www.google.com/maps/search/pain+management+physician+in+Banner+Elk+Boone+NC/@36.1631817,-81.8715019,14z",2026-01-28T18:38:26.831Z,,
"https://www.google.com/maps/place/Matt+Howard,+PA-C/data=!4m7!3m6!1s0x8850fb0913da70e5:0x1c4fbf3b8ed4d819!8m2!3d36.2024643!4d-81.6560314!16s%2Fg%2F11fm9njhj0!19sChIJ5XDaEwn7UIgRGdjUjju_Txw","Matt Howard, PA-C",4.8,173,Doctor,"Greenway Building, 950 State Farm Rd #200, Boone, NC 28607, United States","682V+XH Boone, North Carolina, USA","https://www.orthocarolina.com/physicians/matt-howard-pa-c?utm_source=GMBSocialClimb&utm_medium=MattHoward,PA-C",+1 828-264-1100,Open · Closes 5 pm,https://streetviewpixels-pa.googleapis.com/v1/thumbnail?panoid=Bi6F9P0zMZd4We02qQUVSA&cb_client=search.gws-prod.gps&w=408&h=240&yaw=228.31973&pitch=0&thumbfov=100,false,8 am–5 pm,8 am–5 pm,8 am–5 pm,Closed,Closed,8 am–5 pm,8 am–5 pm,"https://www.google.com/maps/search/pain+management+physician+in+Jefferson+Boone+NC/@36.2227209,-81.6601236,14z",2026-01-28T18:38:39.963Z,,
,,,,,,,,,,,,,,,,,,,"https://www.google.com/maps/search/pain+management+physician+in+Elk+Park+Boone+NC/@36.2181951,-81.6830378,14z",2026-01-28T18:38:48.435Z,,No new results found
,,,,,,,,,,,,,,,,,,,"https://www.google.com/maps/search/pain+management+physician+in+Cove+Creek+Boone+NC/@36.3034459,-81.7568253,14z",2026-01-28T18:38:56.635Z,,No new results found
,,,,,,,,,,,,,,,,,,,"https://www.google.com/maps/search/pain+management+physician+in+Foscoe+Boone+NC/@36.161795,-81.7656647,14z",2026-01-28T18:39:04.660Z,,No new results found
"https://www.google.com/maps/place/Krys+Eldreth,+L.Ac.,+Dipl.+O.M./data=!4m7!3m6!1s0x8890c7f0774fa6c3:0x175adcea10507084!8m2!3d36.3971773!4d-81.4919759!16s%2Fg%2F11pk9k9s7j!19sChIJw6ZPd_DHkIgRhHBQEOrcWhc","Krys Eldreth, L.Ac., Dipl. O.M.",5.0,8,Acupuncturist,"101 E Buck Mountain Rd, West Jefferson, NC 28694, United States","9GW5+V6 West Jefferson, North Carolina, USA",http://www.spiritpathwellness.com/,+1 850-723-1730,Open · Closes 6 pm,https://lh3.googleusercontent.com/p/AF1QipNU6WCa75bUwcqDStBizcsz82--oCRynmsBwOtY=w408-h544-k-no,true,9 am–6 pm,9 am–6 pm,9 am–6 pm,Closed,Closed,9 am–6 pm,9 am–6 pm,"https://www.google.com/maps/search/pain+management+physician+in+West+Jefferson+Boone+NC/@36.4037364,-81.4928829,14z",2026-01-28T18:39:19.595Z,,
"https://www.google.com/maps/place/Lindsey+Erin+Shapiro,+DO/data=!4m7!3m6!1s0x8851adce854cf2f7:0x354f01cea9930d7e!8m2!3d36.4250637!4d-81.4571232!16s%2Fg%2F11lcb77yq6!19sChIJ9_JMhc6tUYgRfg2Tqc4BTzU","Lindsey Erin Shapiro, DO",5.0,40,Doctor,"151 Medical Park Dr, Jefferson, NC 28640, United States","CGGV+25 Jefferson, North Carolina, USA",https://www.wakehealth.edu/providers/s/lindsey-erin-shapiro?utm_source=GMB&utm_medium=Organic&utm_campaign=AHWFBprovider,+1 336-246-7161,Open · Closes 5:30 pm,https://lh3.googleusercontent.com/p/AF1QipOtMZyfumucaBi70SYHNHCBYHP35quUZNFq9dT6=w408-h530-k-no,true,7:30 am–5:30 pm,7:30 am–5:30 pm,7:30 am–5:30 pm,8 am–12 pm,Closed,7:30 am–5:30 pm,7:30 am–5:30 pm,"https://www.google.com/maps/search/pain+management+physician+in+West+Jefferson+Boone+NC/@36.4037364,-81.4928829,14z",2026-01-28T18:39:24.545Z,,
https://www.google.com/maps/place/Sleep+and+Headache+Solutions/data=!4m7!3m6!1s0x8851adb77ceda787:0xc62a3d60a52a815b!8m2!3d36.4054056!4d-81.4887132!16s%2Fg%2F11hfps31wy!19sChIJh6ftfLetUYgRW4EqpWA9KsY,Sleep and Headache Solutions,5.0,71,Sleep clinic,"420 E 2nd St, West Jefferson, NC 28694, United States","CG46+5G West Jefferson, North Carolina, USA",http://www.sleepandheadachesolutions.com/,+1 336-846-4310,Open · Closes 4 pm,https://lh3.googleusercontent.com/p/AF1QipOPXJJUQ-72D3ssPdmhMfqaj22LPUxKqDU7wSJO=w408-h544-k-no,true,8:30 am–4 pm,8:30 am–4 pm,Closed,Closed,Closed,8:30 am–4 pm,8:30 am–4 pm,"https://www.google.com/maps/search/pain+management+physician+in+West+Jefferson+Boone+NC/@36.4037364,-81.4928829,14z",2026-01-28T18:39:29.455Z,LGBTQ+ friendly,
https://www.google.com/maps/place/Carolina+QuickCare+-+West+Jefferson+Urgent+Care/data=!4m7!3m6!1s0x8851adfe94bf0eff:0x7e88e30a975ff199!8m2!3d36.3948884!4d-81.481612!16s%2Fg%2F11wvbhs3xh!19sChIJ_w6_lP6tUYgRmfFflwrjiH4,Carolina QuickCare - West Jefferson Urgent Care,4.8,169,Urgent care center,"1216 Mt Jefferson Rd, West Jefferson, NC 28694, United States","9GV9+X9 West Jefferson, North Carolina, USA",https://carolinaquickcare.com/urgent-care-locations/west-jefferson/?utm_source=google&utm_medium=organic&utm_campaign=gmb_west_jefferson,+1 743-393-0210,Open · Closes 8 pm,https://lh3.googleusercontent.com/p/AF1QipMkpYfKldXzW36pT-x07KrbLcMd--cu2LKA_Q1O=w408-h304-k-no,true,8 am–8 pm,8 am–8 pm,8 am–8 pm,8 am–8 pm,9 am–6 pm,8 am–8 pm,8 am–8 pm,"https://www.google.com/maps/search/pain+management+physician+in+West+Jefferson+Boone+NC/@36.4037364,-81.4928829,14z",2026-01-28T18:39:34.318Z,LGBTQ+ friendly,
https://www.google.com/maps/place/Medi+Home+Health+%26+Hospice/data=!4m7!3m6!1s0x8851ac99208da469:0xd3ae29b5e6ee2e81!8m2!3d36.377028!4d-81.480871!16s%2Fg%2F11bxg9wtmr!19sChIJaaSNIJmsUYgRgS7u5rUprtM,Medi Home Health & Hospice,5.0,2,Home health care service,"1877 NC-163, West Jefferson, NC 28694, United States","9GG9+RM West Jefferson, North Carolina, USA",https://www.msahealthcare.com/,+1 336-246-6443,Open · Closes 5 pm,https://lh3.googleusercontent.com/gps-cs-s/AHVAweq7hIfkH37z3ktwsg-7nccCx9x5wk7i2qefoyjDUovQyovQIS7u8JYXh0RM88yI35-AQ0rmNj-DtQOaDQ37s9r_mNMMGBKPNATYtkr5-t1FeqA2chL6KY3mzvL61FrFZpWDEng=w408-h306-k-no,true,8 am–5 pm,8 am–5 pm,8 am–5 pm,Closed,Closed,8 am–5 pm,8 am–5 pm,"https://www.google.com/maps/search/pain+management+physician+in+West+Jefferson+Boone+NC/@36.4037364,-81.4928829,14z",2026-01-28T18:39:39.102Z,,
"https://www.google.com/maps/place/Blue+Ridge+Ear,+Nose,+and+Throat+-+Jefferson/data=!4m7!3m6!1s0x8851ac4f762a113f:0x1b4a02c64b883edb!8m2!3d36.4233112!4d-81.4578526!16s%2Fg%2F11c60jc39v!19sChIJPxEqdk-sUYgR2z6IS8YCShs","Blue Ridge Ear, Nose, and Throat - Jefferson",4.9,84,Otolaryngology clinic,"200 Hospital Ave 3rd Floor, Jefferson, NC 28640, United States","CGFR+8V Jefferson, North Carolina, USA",https://blueridge-ent.com/?utm_source=GBP_Jefferson&utm_medium=organic,+1 828-264-4545,Open · Closes 4:30 pm,https://lh3.googleusercontent.com/p/AF1QipM5j0vRWtsX1PGManpMm9aE3khhislxxUs9N1pb=w408-h528-k-no,true,"8 am–12 pm, 1–4:30 pm",Closed,Closed,Closed,Closed,"8 am–12 pm, 1–4:30 pm",Closed,"https://www.google.com/maps/search/pain+management+physician+in+West+Jefferson+Boone+NC/@36.4037364,-81.4928829,14z",2026-01-28T18:39:43.861Z,,
"https://www.google.com/maps/place/New+River+Family+Wellness,+PLLC/data=!4m7!3m6!1s0x8851adff0facd465:0xedf0d432729407f7!8m2!3d36.4211955!4d-81.4692294!16s%2Fg%2F11fn0wc656!19sChIJZdSsD_-tUYgR9weUcjLU8O0","New River Family Wellness, PLLC",5.0,49,Medical office,"327 E Main St, Jefferson, NC 28640, United States","CGCJ+F8 Jefferson, North Carolina, USA",http://www.newriverfamilywellness.com/,+1 336-489-4400,Open · Closes 4:30 pm,https://lh3.googleusercontent.com/p/AF1QipPSXVRMvgRcJfgwNSxL7Vyzra_VfobA3PzBwqwR=w408-h306-k-no,true,8 am–4:30 pm,8 am–4:30 pm,8 am–12 pm,Closed,Closed,8 am–4:30 pm,8 am–4:30 pm,"https://www.google.com/maps/search/pain+management+physician+in+West+Jefferson+Boone+NC/@36.4037364,-81.4928829,14z",2026-01-28T18:39:48.850Z,LGBTQ+ friendly,
https://www.google.com/maps/place/Root+and+Branch+Acupuncture+and+Integrative+Health/data=!4m7!3m6!1s0x8851ad4a0c360dd1:0x852a9ca4c03e29a2!8m2!3d36.4039412!4d-81.4921284!16s%2Fg%2F11x7y8z4hq!19sChIJ0Q02DEqtUYgRoik-wKScKoU,Root and Branch Acupuncture and Integrative Health,5.0,9,Acupuncture clinic,"17 E 2nd St, West Jefferson, NC 28694, United States","CG35+H4 West Jefferson, North Carolina, USA",https://www.rootbranchbend.com/,+1 828-620-0310,Open · Closes 5 pm,https://lh3.googleusercontent.com/p/AF1QipM4uAu6gya1MssnpVNGW6kzUvJStqjsUZH2EpCC=w448-h240-k-no,true,9 am–5 pm,9 am–5 pm,9 am–5 pm,Closed,Closed,Closed,11 am–5 pm,"https://www.google.com/maps/search/pain+management+physician+in+West+Jefferson+Boone+NC/@36.4037364,-81.4928829,14z",2026-01-28T18:39:53.697Z,,
https://www.google.com/maps/place/Mount+Jefferson+Family+Medicine/data=!4m7!3m6!1s0x8851ac4fbaad98e9:0x1e73040b50d6eea2!8m2!3d36.4239967!4d-81.4574503!16s%2Fg%2F1tf3228r!19sChIJ6Zituk-sUYgRou7WUAsEcx4,Mount Jefferson Family Medicine,4.1,23,Medical clinic,"200 Hospital Ave, Jefferson, NC 28640, United States","CGFV+H2 Jefferson, North Carolina, USA",https://www.ashememorial.org/getpage.php?name=Mount_Jefferson_Family_Medicine,+1 336-846-7433,Open · Closes 5 pm,https://lh3.googleusercontent.com/gps-cs-s/AHVAweqIiI0akO2DAT40loOPJfUrDJUaUOvKJV3WQtGJPP2hUlaq6uqQ627_Esq-hJlAgs7P4tHQTsnV_TxBA3xnORXVtC0KB2oNrewLFawEsnJ-Bjbl1IQj2EvBVGDO_G2z1NqdGQ7ibg=w408-h544-k-no,true,8 am–5 pm,8 am–5 pm,8 am–5 pm,Closed,Closed,8 am–5 pm,8 am–5 pm,"https://www.google.com/maps/search/pain+management+physician+in+West+Jefferson+Boone+NC/@36.4037364,-81.4928829,14z",2026-01-28T18:39:58.600Z,,
https://www.google.com/maps/place/Ashe+Family+Healthcare/data=!4m7!3m6!1s0x8851ac93072f8349:0xfa7fd382a6460529!8m2!3d36.4110059!4d-81.4859334!16s%2Fg%2F11bwfmkz2c!19sChIJSYMvB5OsUYgRKQVGpoLTf_o,Ashe Family Healthcare,3.2,28,Medical clinic,"952 U.S. Hwy 221 Business, West Jefferson, NC 28694, United States","CG67+CJ West Jefferson, North Carolina, USA",https://www.ashefamilyhealthcare.com/,+1 336-846-6100,Open · Closes 5 pm,https://lh3.googleusercontent.com/gps-cs-s/AHVAweoH3xIeRWec5Dw-Pbptmb69wcWvDyEC_PK09loq9t5FalVIQ7WAekdh6rvr9HoTONISvm7NYZlUE9OQjkjar6h5rgS5vWwEWhIabPfE1XOr-OIw4G_5QUj1abg6zDKMO8q5nks=w426-h240-k-no,true,8 am–5 pm,8 am–5 pm,8 am–5 pm,Closed,Closed,8 am–5 pm,8 am–5 pm,"https://www.google.com/maps/search/pain+management+physician+in+West+Jefferson+Boone+NC/@36.4037364,-81.4928829,14z",2026-01-28T18:40:03.433Z,,
https://www.google.com/maps/place/Mountain+Family+Care+Center/data=!4m7!3m6!1s0x8851ac4fbaad98e9:0x3a4ac98bc83bc85d!8m2!3d36.4241494!4d-81.4573445!16s%2Fg%2F1tcvjt3_!19sChIJ6Zituk-sUYgRXcg7yIvJSjo,Mountain Family Care Center,3.6,53,Medical clinic,"310 Hospital Ave, Jefferson, NC 28640, United States","CGFV+M3 Jefferson, North Carolina, USA",https://www.ashememorial.org/getpage.php?name=Mountain_Family_Care_Center,+1 336-846-6322,Open · Closes 8 pm,https://lh3.googleusercontent.com/p/AF1QipMMvOdkhvnyAH4jCLVLGG834rJdSHanf5bWzbkr=w408-h280-k-no,true,8 am–8 pm,8 am–8 pm,8 am–8 pm,9 am–5 pm,11 am–5 pm,8 am–8 pm,8 am–8 pm,"https://www.google.com/maps/search/pain+management+physician+in+West+Jefferson+Boone+NC/@36.4037364,-81.4928829,14z",2026-01-28T18:40:08.403Z,,
https://www.google.com/maps/place/Medi+Home+Hospice/data=!4m7!3m6!1s0x8851ad7125cb69dd:0x70d18091f0bf7128!8m2!3d36.3982902!4d-81.4903898!16s%2Fg%2F11qm6y6qbm!19sChIJ3WnLJXGtUYgRKHG_8JGA0XA,Medi Home Hospice,,,Hospice,"405 S Jefferson Ave, West Jefferson, NC 28694, United States","9GX5+8R West Jefferson, North Carolina, USA",https://www.msahealthcare.com/,+1 336-246-6443,Open · Closes 5 pm,https://lh3.googleusercontent.com/p/AF1QipNYBPFV44pn0luyVYfRKLawnG_s7swd56C38SOq=w427-h240-k-no,true,8 am–5 pm,8 am–5 pm,8 am–5 pm,Closed,Closed,8 am–5 pm,8 am–5 pm,"https://www.google.com/maps/search/pain+management+physician+in+West+Jefferson+Boone+NC/@36.4037364,-81.4928829,14z",2026-01-28T18:40:13.404Z,,
https://www.google.com/maps/place/AppHealthCare+-+Ashe+Health+Center/data=!4m7!3m6!1s0x8851acf3eaafffff:0x617bf06674c3ddde!8m2!3d36.4170368!4d-81.4786592!16s%2Fg%2F11fvt6dpvt!19sChIJ__-v6vOsUYgR3t3DdGbwe2E,AppHealthCare - Ashe Health Center,4.9,7,Medical clinic,"413 McConnell St, Jefferson, NC 28640, United States","CG8C+RG Jefferson, North Carolina, USA",https://www.apphealthcare.com/,+1 828-795-1970,Open · Closes 5 pm,https://streetviewpixels-pa.googleapis.com/v1/thumbnail?panoid=qigYwaZyq2Vtdz5HLjZxLw&cb_client=search.gws-prod.gps&w=408&h=240&yaw=105.766525&pitch=0&thumbfov=100,false,8 am–5 pm,8 am–5 pm,8 am–5 pm,Closed,Closed,8 am–5 pm,8 am–5 pm,"https://www.google.com/maps/search/pain+management+physician+in+West+Jefferson+Boone+NC/@36.4037364,-81.4928829,14z",2026-01-28T18:40:18.192Z,,
https://www.google.com/maps/place/Current+Chiropractic/data=!4m7!3m6!1s0x8851ab6226887013:0xcf22b81b1b9fd8a4!8m2!3d36.4109084!4d-81.4857444!16s%2Fg%2F1w8wbqp1!19sChIJE3CIJmKrUYgRpNifGxu4Is8,Current Chiropractic,5.0,220,Chiropractor,"936 U.S. Hwy 221 Business, West Jefferson, NC 28694, United States","CG67+9P West Jefferson, North Carolina, USA",http://currentchiro.com/,+1 336-846-5651,Closed · Opens 8 am Thu,https://lh3.googleusercontent.com/p/AF1QipOUm1THRZSoQtn92FNpA6gs-LnIutQL-YUN43o3=w408-h306-k-no,true,8 am–12 pm,8 am–6 pm,8 am–5 pm,Closed,Closed,8 am–5 pm,8 am–6 pm,"https://www.google.com/maps/search/pain+management+physician+in+West+Jefferson+Boone+NC/@36.4037364,-81.4928829,14z",2026-01-28T18:40:22.943Z,,
https://www.google.com/maps/place/FryeCare+Pain+Management/data=!4m7!3m6!1s0x8850df122c3ac745:0x745da0b3ba5193e2!8m2!3d35.9017321!4d-81.5398715!16s%2Fg%2F11tj6mw50c!19sChIJRcc6LBLfUIgR4pNRurOgXXQ,FryeCare Pain Management,5.0,14,Medical office,"1041 Morganton Blvd SW #200, Lenoir, NC 28645, United States","WF26+M3 Lenoir, North Carolina, USA",https://www.fryecarephysicians.com/,+1 828-304-2529,Open · Closes 5 pm,https://streetviewpixels-pa.googleapis.com/v1/thumbnail?panoid=uqjvtD6T94XkDngsnZiieg&cb_client=search.gws-prod.gps&w=408&h=240&yaw=217.49487&pitch=0&thumbfov=100,true,8 am–5 pm,8 am–5 pm,8 am–5 pm,Closed,Closed,8 am–5 pm,8 am–5 pm,"https://www.google.com/maps/search/pain+management+physician+in+West+Jefferson+Boone+NC/@36.4037364,-81.4928829,14z",2026-01-28T18:40:27.871Z,,
https://www.google.com/maps/place/Schuster+Physical+Therapy/data=!4m7!3m6!1s0x8851ac8500ece801:0x8c27ba60e24a9f88!8m2!3d36.4212097!4d-81.4677633!16s%2Fg%2F11cnbm1pr8!19sChIJAejsAIWsUYgRiJ9K4mC6J4w,Schuster Physical Therapy,5.0,296,Physical therapist,"419 E Main St, Jefferson, NC 28640, United States","CGCJ+FV Jefferson, North Carolina, USA",http://schusterpt.com/,+1 336-846-7227,Open · Closes 5 pm,https://lh3.googleusercontent.com/p/AF1QipOhjP3MA1p1HdQ0LPaoX1LU6oI--u11GQTlJE6s=w408-h306-k-no,true,7 am–5 pm,7 am–5 pm,7 am–4 pm,Closed,Closed,7 am–5 pm,7 am–5 pm,"https://www.google.com/maps/search/pain+management+physician+in+West+Jefferson+Boone+NC/@36.4037364,-81.4928829,14z",2026-01-28T18:40:32.614Z,,
https://www.google.com/maps/place/Amato+Dentistry+%26+Associates/data=!4m7!3m6!1s0x8851ac4fbaad98e9:0x68246981ef45e689!8m2!3d36.3815439!4d-81.4853309!16s%2Fg%2F1tdcs705!19sChIJ6Zituk-sUYgRieZF74FpJGg,Amato Dentistry & Associates,4.9,978,Dentist,"4 Crescent Dr, West Jefferson, NC 28694, United States","9GJ7+JV West Jefferson, North Carolina, USA",https://amatodentistry.com/,+1 336-246-7473,Open · Closes 5 pm,https://lh3.googleusercontent.com/p/AF1QipM2ZJgYDB8f1UjL0zLonNYmjKd9iQGGHSOyL2Zd=w408-h491-k-no,true,7:30 am–5 pm,7:30 am–5 pm,7:30 am–5 pm,Closed,Closed,7:30 am–5 pm,7:30 am–5 pm,"https://www.google.com/maps/search/pain+management+physician+in+West+Jefferson+Boone+NC/@36.4037364,-81.4928829,14z",2026-01-28T18:40:37.622Z,Identifies as veteran-owned,
"https://www.google.com/maps/place/Michele+Tidwell+Cole,+NP/data=!4m7!3m6!1s0x8851adb3cbb073b9:0xff455de11815e12b!8m2!3d36.4247357!4d-81.4584216!16s%2Fg%2F11wvw_s8wc!19sChIJuXOwy7OtUYgRK-EVGOFdRf8","Michele Tidwell Cole, NP",4.9,9,Doctor,"151 Medical Park Dr, Jefferson, NC 28640, United States","CGFR+VJ Jefferson, North Carolina, USA",https://www.wakehealth.edu/providers/c/michele-tidwell-cole?utm_source=GMB&utm_medium=Organic&utm_campaign=AHWFBprovider,+1 336-246-7161,Open · Closes 5:30 pm,https://lh3.googleusercontent.com/p/AF1QipP8xwqEF_BOMec5qZTXxP6hDD4eCJ5unh-NdXag=w408-h528-k-no,true,7:30 am–5:30 pm,7:30 am–5:30 pm,7:30 am–5:30 pm,8 am–12 pm,Closed,7:30 am–5:30 pm,7:30 am–5:30 pm,"https://www.google.com/maps/search/pain+management+physician+in+West+Jefferson+Boone+NC/@36.4037364,-81.4928829,14z",2026-01-28T18:40:42.399Z,,
https://www.google.com/maps/place/Ashe+Memorial+Hospital/data=!4m7!3m6!1s0x8851ac4f74070a77:0x71f2d64af26bedaa!8m2!3d36.4233188!4d-81.457609!16s%2Fm%2F04g3hcr!19sChIJdwoHdE-sUYgRqu1r8krW8nE,Ashe Memorial Hospital,2.7,111,General hospital,"200 Hospital Ave, Jefferson, NC 28640, United States","CGFR+8X Jefferson, North Carolina, USA",http://www.ashememorial.org/,+1 336-846-7101,,https://lh3.googleusercontent.com/gps-cs-s/AHVAwerRJr0PLKWm4vK_McX6Sshe_J-cb8D2pJ0FIE1paYer947leDCBJPKQaiyHvg06iVF3DvTv5lIQAkcib2uDnjxikGGzcw5w4VSCNrg__GvbZhl6Fqhy9NToTz0rqQowpVLMt9HK=w408-h306-k-no,true,Open 24 hours,Open 24 hours,Open 24 hours,Open 24 hours,Open 24 hours,Open 24 hours,Open 24 hours,"https://www.google.com/maps/search/pain+management+physician+in+West+Jefferson+Boone+NC/@36.4037364,-81.4928829,14z",2026-01-28T18:40:47.296Z,,
https://www.google.com/maps/place/Mountain+Town+Dental/data=!4m7!3m6!1s0x8851ac912c96e191:0x3ae21874fa78b4c5!8m2!3d36.405857!4d-81.4879455!16s%2Fg%2F1tg513h_!19sChIJkeGWLJGsUYgRxbR4-nQY4jo,Mountain Town Dental,4.7,165,Dentist,"422 E 2nd St #2, West Jefferson, NC 28694, United States","CG46+8R West Jefferson, North Carolina, USA",https://www.mountaintowndental.com/,+1 336-246-8888,Open · Closes 4 pm,https://lh3.googleusercontent.com/p/AF1QipPO-vDNnDpzrxXc81-dOZ39GmNprFTQyp-SAT1e=w421-h240-k-no,true,8 am–4 pm,8 am–4 pm,Closed,Closed,Closed,8 am–4 pm,8 am–4 pm,"https://www.google.com/maps/search/pain+management+physician+in+West+Jefferson+Boone+NC/@36.4037364,-81.4928829,14z",2026-01-28T18:40:52.173Z,LGBTQ+ friendly,
https://www.google.com/maps/place/Joel+Yates+Jr+DDS/data=!4m7!3m6!1s0x8851ac5a2647ec29:0x3261e2be67684455!8m2!3d36.420931!4d-81.4662188!16s%2Fg%2F1tcz9035!19sChIJKexHJlqsUYgRVURoZ77iYTI,Joel Yates Jr DDS,5.0,621,Dentist,"525 E Main St, Jefferson, NC 28640, United States","CGCM+9G Jefferson, North Carolina, USA",https://www.joelyatesdds.com/,+1 336-864-6358,Open · Closes 4:30 pm,https://lh3.googleusercontent.com/p/AF1QipMfDVWBW7HEub2zu_T0u4s25LymzRpbNiUai4Qf=w408-h272-k-no,true,8 am–4:30 pm,8 am–4:30 pm,Closed,Closed,Closed,8 am–4:30 pm,8 am–4:30 pm,"https://www.google.com/maps/search/pain+management+physician+in+West+Jefferson+Boone+NC/@36.4037364,-81.4928829,14z",2026-01-28T18:40:57.007Z,,
,,,,,,,,,,,,,,,,,,,"https://www.google.com/maps/search/pain+management+physician+in+Cedar+Rock+Boone+NC/@36.2380604,-81.5924524,14z",2026-01-28T18:41:05.340Z,,No new results found
,,,,,,,,,,,,,,,,,,,"https://www.google.com/maps/search/pain+management+physician+in+Lansing+Boone+NC/@36.2181951,-81.6830378,14z",2026-01-28T18:41:14.042Z,,No new results found
"https://www.google.com/maps/place/Southeast+Pain+and+Spine+Care+-+W.+Martin+Evans,+MD/data=!4m7!3m6!1s0x8850d7d32f8c1d0b:0x15d2de22ed15e0b9!8m2!3d35.7475862!4d-81.5234055!16s%2Fg%2F1hc8x54cf!19sChIJCx2ML9PXUIgRueAV7SLe0hU","Southeast Pain and Spine Care - W. Martin Evans, MD",4.8,25,Pain management physician,"720 Malcolm Blvd, Valdese, NC 28690, United States","PFXG+2J Valdese, North Carolina, USA",https://www.sepainandspinecare.com/continue-care/,+1 828-580-7620,Open · Closes 4:30 pm,https://lh3.googleusercontent.com/p/AF1QipMYRZPX71RnS0ufI2p-ks12do6OSc7tc8t8qYaF=w408-h510-k-no,true,8 am–4:30 pm,8 am–4:30 pm,8 am–4:30 pm,Closed,Closed,8 am–4:30 pm,8 am–4:30 pm,"https://www.google.com/maps/search/pain+management+physician+in+Valle+Crucis+Boone+NC/@36.2092942,-81.7784436,14z",2026-01-28T18:41:26.906Z,,
,,,,,,,,,,,,,,,,,,,"https://www.google.com/maps/search/pain+management+physician+in+Grandfather+Boone+NC/@36.2181951,-81.6830378,14z",2026-01-28T18:41:35.138Z,,No new results found
https://www.google.com/maps/place/Spine+and+Pain+Associates/data=!4m7!3m6!1s0x885a6335ea7e99f1:0x5948f4d599a357f3!8m2!3d36.3423156!4d-82.4006118!16s%2Fg%2F11wb3zbmr5!19sChIJ8Zl-6jVjWogR81ejmdX0SFk,Spine and Pain Associates,4.9,288,Pain control clinic,"101 Med Tech Pkwy #200, Johnson City, TN 37604, United States","8HRX+WQ Johnson City, Tennessee, USA",https://spinepainassociates.com/?utm_source=GMBSocialClimb&utm_medium=SpineandPainAssociates,+1 423-232-6120,Open · Closes 5 pm,https://lh3.googleusercontent.com/p/AF1QipNAf3E6elXENzgjk5Q0ZgJQ_93_QklBHBodzbFW=w408-h408-k-no,true,8 am–5 pm,8 am–5 pm,8 am–5 pm,Closed,Closed,8 am–5 pm,8 am–5 pm,"https://www.google.com/maps/search/pain+management+physician+in+Beech+Mountain+Boone+NC/@36.2109584,-81.8890031,14z",2026-01-28T18:41:51.070Z,,
"https://www.google.com/maps/place/Blue+Ridge+Pain+Specialists/@35.7486109,-81.5214832,17z/data=!3m1!4b1!4m6!3m5!1s0x8850d768e742639b:0x7588a710cbc8ef2!8m2!3d35.7486109!4d-81.5214832!16s%2Fg%2F11xgqzlxkt",Blue Ridge Pain Specialists,3.0,2,Pain management physician,"720 Malcolm Blvd, Valdese, NC 28690, United States","PFXH+CC Valdese, North Carolina, USA",https://www.unchealthblueridge.org/medical-services/pain-management/,+1 828-580-7620,Open · Closes 4:30 pm,,true,8 am–4:30 pm,8 am–4:30 pm,8 am–4:30 pm,Closed,Closed,8 am–4:30 pm,8 am–4:30 pm,"https://www.google.com/maps/search/pain+management+physician+in+Beech+Mountain+Boone+NC/@36.2109584,-81.8890031,14z",2026-01-28T18:41:57.882Z,,
https://www.google.com/maps/place/Elevate+Chiropractic+and+Performance+Boone/data=!4m7!3m6!1s0x8850fbde73f1895b:0xc8dda5b76277a981!8m2!3d36.1914455!4d-81.6327071!16s%2Fg%2F11mlcdd1fv!19sChIJW4nxc977UIgRgal3Yrel3cg,Elevate Chiropractic and Performance Boone,5.0,9,Chiropractor,"507 Bamboo Rd, Boone, NC 28607, United States","59R8+HW Boone, North Carolina, USA",https://www.elevatechiropt.com/,+1 336-568-8084,"Open · Closes 5:30 pm

Updated by this business 10 weeks ago",https://lh3.googleusercontent.com/p/AF1QipOUx4GWgeEsRh8iLlAM85to3d_dz02o1m9TdlnS=w408-h271-k-no,true,7:30 am–5:30 pm,7:30 am–5:30 pm,7:30 am–5:30 pm,Closed,Closed,7:30 am–5:30 pm,7:30 am–5:30 pm,"https://www.google.com/maps/search/pain+management+physician+in+Beech+Mountain+Boone+NC/@36.2109584,-81.8890031,14z",2026-01-28T18:42:02.512Z,,
"https://www.google.com/maps/place/Caldwell+Pain+Management,+A+Division+of+Caldwell+Memorial+Hospital/data=!4m7!3m6!1s0x8850df681afba743:0x4306dd72101b8084!8m2!3d35.902274!4d-81.538856!16s%2Fg%2F11wr46v9cp!19sChIJQ6f7GmjfUIgRhIAbEHLdBkM","Caldwell Pain Management, A Division of Caldwell Memorial Hospital",,,Pain control clinic,"1031 Morganton Blvd SW Suite B, Lenoir, NC 28645, United States","WF26+WF Lenoir, North Carolina, USA",https://www.unchealth.org/care-services/locations/caldwell-pain-management-a-division-of-caldwell-memorial-hospital-george-m-hancock-surgery-center-a-division-of-caldwell-memorial-hospital,+1 828-757-5906,"Open · Closes 3:30 pm

Confirmed by this business 11 weeks ago",https://streetviewpixels-pa.googleapis.com/v1/thumbnail?panoid=gHAizShNc5xv-OqPJdvfyg&cb_client=search.gws-prod.gps&w=408&h=240&yaw=158.77228&pitch=0&thumbfov=100,true,7 am–3:30 pm,7 am–3:30 pm,7 am–3:30 pm,Closed,Closed,7 am–3:30 pm,7 am–3:30 pm,"https://www.google.com/maps/search/pain+management+physician+in+Beech+Mountain+Boone+NC/@36.2109584,-81.8890031,14z",2026-01-28T18:42:07.194Z,,
"https://www.google.com/maps/place/Southeast+Pain+%26+Spine+Care+-+Cameron+S.+Cunningham,+MD/data=!4m7!3m6!1s0x8850d7ca21d0fbe7:0x203969ff526621fb!8m2!3d35.7475862!4d-81.5234055!16s%2Fg%2F11h7z22ncz!19sChIJ5_vQIcrXUIgR-yFmUv9pOSA","Southeast Pain & Spine Care - Cameron S. Cunningham, MD",4.8,21,Pain management physician,"720 Malcolm Blvd 4th floor, Rutherford College, NC 28671, United States","PFXG+2J Rutherford College, North Carolina, USA",https://www.sepainandspinecare.com/continue-care/,+1 828-580-7620,Open · Closes 4:30 pm,https://lh3.googleusercontent.com/p/AF1QipO3cE5EuMquobXh9xTBQpOxgrHuWUWQYoRBIavW=w408-h512-k-no,true,8 am–4:30 pm,8 am–4:30 pm,8 am–4:30 pm,Closed,Closed,8 am–4:30 pm,8 am–4:30 pm,"https://www.google.com/maps/search/pain+management+physician+in+Beech+Mountain+Boone+NC/@36.2109584,-81.8890031,14z",2026-01-28T18:42:12.186Z,,
https://www.google.com/maps/place/Caldwell+Pain+Management/data=!4m7!3m6!1s0x8850df6b29a48151:0xd83f2af0ed696e7a!8m2!3d35.9022153!4d-81.5391446!16s%2Fg%2F1tdftv9y!19sChIJUYGkKWvfUIgRem5p7fAqP9g,Caldwell Pain Management,3.8,8,Pain management physician,"1031 Morganton Blvd SW, Lenoir, NC 28645, United States","WF26+V8 Lenoir, North Carolina, USA",https://www.caldwellmemorial.org/locations/profile/?id=133&utm_source=CALDWELL-PAIN&utm_campaign=Local-Listings&utm_medium=Google-My-Business,+1 828-757-6256,Open · Closes 3:30 pm,https://streetviewpixels-pa.googleapis.com/v1/thumbnail?panoid=nj7JWY4BeoTb-v0K7bIvJg&cb_client=search.gws-prod.gps&w=408&h=240&yaw=138.70898&pitch=0&thumbfov=100,true,7 am–3:30 pm,7 am–3:30 pm,7 am–3:30 pm,Closed,Closed,7 am–3:30 pm,7 am–3:30 pm,"https://www.google.com/maps/search/pain+management+physician+in+Beech+Mountain+Boone+NC/@36.2109584,-81.8890031,14z",2026-01-28T18:42:16.980Z,,
https://www.google.com/maps/place/Comprehensive+Pain+Consultants+of+the+Carolinas/data=!4m7!3m6!1s0x8850b2c67c08845b:0x443a0300b724ce80!8m2!3d35.6686689!4d-82.0182477!16s%2Fg%2F11hbgg7540!19sChIJW4QIfMayUIgRgM4ktwADOkQ,Comprehensive Pain Consultants of the Carolinas,4.7,516,Pain control clinic,"31 California Ave, Marion, NC 28752, United States","MX9J+FP Marion, North Carolina, USA",https://www.cpcdoctors.com/,+1 828-214-6885,Open · Closes 5 pm,https://lh3.googleusercontent.com/p/AF1QipNv9zBQSsn2UHmb-mw2YZl94V_cNjrbkGKvisiq=w426-h240-k-no,true,8 am–5 pm,8 am–5 pm,8 am–5 pm,Closed,Closed,8 am–5 pm,8 am–5 pm,"https://www.google.com/maps/search/pain+management+physician+in+Beech+Mountain+Boone+NC/@36.2109584,-81.8890031,14z",2026-01-28T18:42:21.874Z,,
"https://www.google.com/maps/place/Blue+Ridge+Ear,+Nose,+and+Throat,+Inc./data=!4m7!3m6!1s0x8850fa4f6c27413f:0x69fdaa21102c70a9!8m2!3d36.2029161!4d-81.6572297!16s%2Fg%2F1tkbyx_9!19sChIJP0EnbE_6UIgRqXAsECGq_Wk","Blue Ridge Ear, Nose, and Throat, Inc.",4.9,782,Otolaryngology clinic,"870 State Farm Rd Ste 101, Boone, NC 28607, United States","683V+54 Boone, North Carolina, USA",https://blueridge-ent.com/?utm_source=GBP_Boone&utm_medium=organic,+1 828-264-4545,"Open · Closes 4:30 pm

Updated by others 11 weeks ago",https://lh3.googleusercontent.com/p/AF1QipMFnO7FDorbJN6AgBthQeFyGD0ZlEml1y7eWYUU=w408-h306-k-no,true,"8 am–12 pm, 1–4:30 pm","8 am–12 pm, 1–4:30 pm","8 am–12 pm, 1–4:30 pm",Closed,Closed,"8 am–12 pm, 1–4:30 pm","8 am–12 pm, 1–4:30 pm","https://www.google.com/maps/search/pain+management+physician+in+Beech+Mountain+Boone+NC/@36.2109584,-81.8890031,14z",2026-01-28T18:42:31.305Z,,
https://www.google.com/maps/place/Boone+Dermatology+Clinic/data=!4m7!3m6!1s0x8850fa51e32662e1:0x80041b3057c2c2a4!8m2!3d36.2001808!4d-81.652841!16s%2Fg%2F1vxcx366!19sChIJ4WIm41H6UIgRpMLCVzAbBIA,Boone Dermatology Clinic,4.9,2618,Medical clinic,"169 Birch St, Boone, NC 28607, United States","682W+3V Boone, North Carolina, USA",http://www.boonedermatology.com/,+1 828-264-4553,Open · Closes 4:30 pm,https://lh3.googleusercontent.com/p/AF1QipP-TkG6mKggvkxv-oQuBh1-NRn_zFMXnzzYBKg-=w665-h240-k-no,true,7 am–4:30 pm,7 am–4:30 pm,7 am–4:30 pm,Closed,Closed,7 am–4:30 pm,7 am–4:30 pm,"https://www.google.com/maps/search/pain+management+physician+in+Beech+Mountain+Boone+NC/@36.2109584,-81.8890031,14z",2026-01-28T18:42:36.461Z,,
https://www.google.com/maps/place/Watauga+Medical+Center/data=!4m7!3m6!1s0x8850fa4df52f7e3b:0x7078bb157f44b53e!8m2!3d36.1983001!4d-81.6512812!16s%2Fm%2F04g3mr2!19sChIJO34v9U36UIgRPrVEfxW7eHA,Watauga Medical Center,3.4,384,Hospital,"336 Deerfield Rd, Boone, NC 28607, United States","58XX+8F Boone, North Carolina, USA",https://apprhs.org/wataugamedical/?utm_source=ARHSGoogleLocation&utm_medium=referral&utm_campaign=ARHSsearch,+1 828-262-4100,,https://lh3.googleusercontent.com/gps-cs-s/AHVAwerRhyzRDiMvlI-7KcL0aLWF3aJCJBsB47MFghRhNSpGIx9kPttulJFIgcGvV43MEXZk11dcA8Vk_A9uILX407Yjvycea7SUpnFwAtkRWlTNfZXCWmcyjS4-BO5sj7o0WaK5irw3sA=w426-h240-k-no,true,Open 24 hours,Open 24 hours,Open 24 hours,Open 24 hours,Open 24 hours,Open 24 hours,Open 24 hours,"https://www.google.com/maps/search/pain+management+physician+in+Beech+Mountain+Boone+NC/@36.2109584,-81.8890031,14z",2026-01-28T18:42:41.417Z,,
https://www.google.com/maps/place/Pain+Clinic+of+North+Carolina/data=!4m7!3m6!1s0x8851598264ff7e43:0xe74f38098303f8a9!8m2!3d35.7979966!4d-80.8776381!16s%2Fg%2F11hyydx8wz!19sChIJQ37_ZIJZUYgRqfgDgwk4T-c,Pain Clinic of North Carolina,4.6,31,Pain control clinic,"527 Brookdale Dr, Statesville, NC 28677, United States","Q4XC+5W Statesville, North Carolina, USA",https://www.ncpaincare.com/locations/statesville/,+1 704-278-4053,Open · Closes 5 pm,https://lh3.googleusercontent.com/p/AF1QipPid64lL52nL3DtlRMmkwLNc9FswsX9jXLMLC4n=w408-h271-k-no,true,8 am–5 pm,Closed,8 am–5 pm,Closed,Closed,8 am–5 pm,8 am–5 pm,"https://www.google.com/maps/search/pain+management+physician+in+Beech+Mountain+Boone+NC/@36.2109584,-81.8890031,14z",2026-01-28T18:42:46.208Z,,
"https://www.google.com/maps/place/Alchemy,+Center+for+Healing+Therapies/data=!4m7!3m6!1s0x8850fa3fda5e973d:0x83be3805f9fc489b!8m2!3d36.1944761!4d-81.6541907!16s%2Fg%2F1vqmk1q7!19sChIJPZde2j_6UIgRm0j8-QU4voM","Alchemy, Center for Healing Therapies",4.8,32,Acupuncture clinic,"1064 Meadowview Dr Suite 5 & 7, Boone, NC 28607, United States","58VW+Q8 Boone, North Carolina, USA",http://www.alchemyboone.com/,+1 828-832-8080,Open · Closes 7:30 pm,https://lh3.googleusercontent.com/p/AF1QipMsyC6BJSofgaam761RuGkmmXFAkbfc2H1DWbWL=w408-h256-k-no,true,8 am–7:30 pm,8 am–7:30 pm,8 am–7:30 pm,12–6 pm,Closed,8 am–7:30 pm,8 am–7:30 pm,"https://www.google.com/maps/search/pain+management+physician+in+Beech+Mountain+Boone+NC/@36.2109584,-81.8890031,14z",2026-01-28T18:42:51.040Z,,
"https://www.google.com/maps/place/Southeastern+Pain+Management+Center/@36.5899923,-82.2212898,17z/data=!3m1!4b1!4m6!3m5!1s0x885a9d8cbbc0cc77:0xf57e5bf56e6f823f!8m2!3d36.5899923!4d-82.2212898!16s%2Fg%2F1263nb1p8",Southeastern Pain Management Center,5.0,1,Pain management physician,"350 Blountville Hwy Ste 201, Bristol, TN 37620, United States","HQQH+XF Bristol, Tennessee, USA",,+1 423-968-6600,,,false,,,,,,,,"https://www.google.com/maps/search/pain+management+physician+in+Beech+Mountain+Boone+NC/@36.2109584,-81.8890031,14z",2026-01-28T18:42:55.690Z,,
"https://www.google.com/maps/place/Graham+McRary,+M.D./data=!4m7!3m6!1s0x88512d4ee2bd50b5:0x2e1fa5cb35046a99!8m2!3d35.6884744!4d-81.3604926!16s%2Fg%2F11y23247k0!19sChIJtVC94k4tUYgRmWoENculHy4","Graham McRary, M.D.",5.0,157,Pain management physician,"2165 Medical Park Dr, Hickory, NC 28602, United States","MJQQ+9R Hickory, North Carolina, USA",https://emergeortho.com/providers/graham-p-mcrary-md/?region=foothills-region,+1 828-459-6824,Open · Closes 5 pm,https://lh3.googleusercontent.com/p/AF1QipMkz0UeGGnBF12-gHMCehbrx_MZ_FHnYPbkyF-l=w408-h461-k-no,true,7:30 am–5 pm,7:30 am–5 pm,7:30 am–5 pm,Closed,Closed,7:30 am–5 pm,7:30 am–5 pm,"https://www.google.com/maps/search/pain+management+physician+in+Beech+Mountain+Boone+NC/@36.2109584,-81.8890031,14z",2026-01-28T18:43:00.647Z,,
https://www.google.com/maps/place/Southeast+Pain+and+Spine+Care+-+Hickory/data=!4m7!3m6!1s0x88512fa37a084fbb:0x3ccc8042e539fd99!8m2!3d35.7532737!4d-81.3752794!16s%2Fg%2F11bbx0cvsz!19sChIJu08IeqMvUYgRmf055UKAzDw,Southeast Pain and Spine Care - Hickory,3.7,45,Pain control clinic,"2134 14th Ave Cir NW, Hickory, NC 28601, United States","QJ3F+8V Hickory, North Carolina, USA",https://www.sepainandspinecare.com/continue-care/,+1 828-580-2280,Open · Closes 4:30 pm,https://lh3.googleusercontent.com/gps-cs-s/AHVAwepmAQGY31TNfdFHB3TcG_1mF1_5hAoVAgu95Z2gXdM0L1G6B_7HM9M5kA-drQsV_EGweCK-9lZejkTM2bxM0aEGUiY_ygiMuf6iPwo3plYH5y4z0va5vkQeDndS3Ifk0t-uoMu8rA=w408-h839-k-no,true,8 am–4:30 pm,8 am–4:30 pm,8 am–4:30 pm,Closed,Closed,8 am–4:30 pm,8 am–4:30 pm,"https://www.google.com/maps/search/pain+management+physician+in+Beech+Mountain+Boone+NC/@36.2109584,-81.8890031,14z",2026-01-28T18:43:05.569Z,,
https://www.google.com/maps/place/Revival+Pain+Management/data=!4m7!3m6!1s0x88517f870b0c7289:0xf011334c7cc031d9!8m2!3d36.2833242!4d-80.8536603!16s%2Fg%2F1hc2dtq9x!19sChIJiXIMC4d_UYgR2THAfEwzEfA,Revival Pain Management,2.8,66,Pain management physician,"1925 N Bridge St #101, Elkin, NC 28621, United States","74MW+8G Elkin, North Carolina, USA",https://www.revivalpainmanagement.com/,+1 336-835-5330,Open · Closes 5 pm,https://streetviewpixels-pa.googleapis.com/v1/thumbnail?panoid=iSBqHc0YQwIgFWbXwMYLSg&cb_client=search.gws-prod.gps&w=408&h=240&yaw=4.371192&pitch=0&thumbfov=100,true,8 am–5 pm,8 am–5 pm,8:30 am–12 pm,Closed,Closed,8 am–5 pm,8 am–5 pm,"https://www.google.com/maps/search/pain+management+physician+in+Beech+Mountain+Boone+NC/@36.2109584,-81.8890031,14z",2026-01-28T18:43:10.424Z,,
"https://www.google.com/maps/place/Michael+McGehee,+MD/data=!4m7!3m6!1s0x8850fb9f44afd271:0xa0a8a5814ec31e7b!8m2!3d36.2024643!4d-81.6560314!16s%2Fg%2F11hz5vd2s0!19sChIJcdKvRJ_7UIgRex7DToGlqKA","Michael McGehee, MD",5.0,27,Orthopedic surgeon,"Greenway Building, 950 State Farm Rd #200, Boone, NC 28607, United States","682V+XH Boone, North Carolina, USA","https://www.orthocarolina.com/physicians/michael-mcgehee-md?utm_source=GMBSocialClimb&utm_medium=MichaelMcGehee,MD",+1 828-264-1100,Open · Closes 5 pm,https://lh3.googleusercontent.com/p/AF1QipNsaAKEKHcxXmbFV2kJnj33Gt5gHRBWzm2_T9bC=w426-h240-k-no,true,8 am–5 pm,8 am–5 pm,8 am–5 pm,Closed,Closed,8 am–5 pm,8 am–5 pm,"https://www.google.com/maps/search/pain+management+physician+in+Beech+Mountain+Boone+NC/@36.2109584,-81.8890031,14z",2026-01-28T18:43:15.189Z,,
"https://www.google.com/maps/place/PHC+Pain+%26+Spine+Center+%7C+Harsh+Govil,+MD/data=!4m7!3m6!1s0x8851596ed15e9adf:0x7e57e33073fdb761!8m2!3d35.8003311!4d-80.8609237!16s%2Fg%2F11f7r3qkky!19sChIJ35pe0W5ZUYgRYbf9czDjV34","PHC Pain & Spine Center | Harsh Govil, MD",4.7,196,Pain management physician,"1404 Fern Creek Dr, Statesville, NC 28677, United States","R42Q+4J Statesville, North Carolina, USA",http://painandspinecenter.com/,+1 704-978-4025,Open · Closes 5 pm,https://streetviewpixels-pa.googleapis.com/v1/thumbnail?panoid=MZBPSqRQYzdbxeokZG-Txw&cb_client=search.gws-prod.gps&w=408&h=240&yaw=63.35084&pitch=0&thumbfov=100,true,"8 am–12 pm, 1–5 pm","8 am–12 pm, 1–5 pm","8 am–12 pm, 1–5 pm",Closed,Closed,"8 am–12 pm, 1–5 pm","8 am–12 pm, 1–5 pm","https://www.google.com/maps/search/pain+management+physician+in+Beech+Mountain+Boone+NC/@36.2109584,-81.8890031,14z",2026-01-28T18:43:20.117Z,,
https://www.google.com/maps/place/About+Health+Chiropractic/data=!4m7!3m6!1s0x8850fb950102c97b:0x2029a4fb90f9aef9!8m2!3d36.205789!4d-81.6235446!16s%2Fg%2F1tdmw9pk!19sChIJe8kCAZX7UIgR-a75kPukKSA,About Health Chiropractic,5.0,32,Chiropractor,"4469 Bamboo Rd # 102, Boone, NC 28607, United States","694G+8H Boone, North Carolina, USA",http://guidedmeditations4u.com/,+1 828-263-8007,Open · Closes 7 pm,https://lh3.googleusercontent.com/p/AF1QipPaNIydeQuPziRaOKib6q6KxHfvnP0wYtXyIJXo=w408-h306-k-no,true,9 am–7 pm,9 am–5 pm,Closed,Closed,Closed,9 am–7 pm,9 am–7 pm,"https://www.google.com/maps/search/pain+management+physician+in+Beech+Mountain+Boone+NC/@36.2109584,-81.8890031,14z",2026-01-28T18:43:24.943Z,,
"https://www.google.com/maps/place/West+Acupuncture+%26+Wellness-+Jennifer+West,+L.Ac,+Jonathan+West,+L.Ac/data=!4m7!3m6!1s0x8850fbc3ce7b3c95:0xf3cbdb35d6f0e1eb!8m2!3d36.2070436!4d-81.6685494!16s%2Fg%2F11jp229grp!19sChIJlTx7zsP7UIgR6-Hw1jXby_M","West Acupuncture & Wellness- Jennifer West, L.Ac, Jonathan West, L.Ac",5.0,67,Acupuncture clinic,"184 Realty Row #3, Boone, NC 28607, United States","684J+RH Boone, North Carolina, USA",http://www.westwellnessnc.com/,+1 828-354-3050,Open · Closes 5 pm,https://lh3.googleusercontent.com/p/AF1QipPEO_OXSb7b9ekUclw4iGEV2bVF5x417fcpAxvl=w632-h240-k-no,true,9 am–5 pm,10 am–6 pm,Closed,Closed,Closed,9 am–2 pm,10 am–6 pm,"https://www.google.com/maps/search/pain+management+physician+in+Beech+Mountain+Boone+NC/@36.2109584,-81.8890031,14z",2026-01-28T18:43:29.630Z,LGBTQ+ friendly,
"https://www.google.com/maps/place/Dr.+Emidio+M.+Novembre,+DO/data=!4m7!3m6!1s0x8851801eab2cbb23:0xb223b6365edf3b9e!8m2!3d36.2756544!4d-80.8441557!16s%2Fg%2F1tf9nz7k!19sChIJI7ssqx6AUYgRnjvfXja2I7I","Dr. Emidio M. Novembre, DO",3.7,10,Pain management physician,"110 Dutchman Ct, State Road, NC 28676, United States","75G4+78 State Road, North Carolina, USA",,+1 336-835-5330,Open · Closes 5 pm,https://streetviewpixels-pa.googleapis.com/v1/thumbnail?panoid=szGWwmmTihTmXHroPfAdtw&cb_client=search.gws-prod.gps&w=408&h=240&yaw=80.342125&pitch=0&thumbfov=100,false,8:30 am–5 pm,8:30 am–5 pm,8:30 am–12 pm,Closed,Closed,8:30 am–5 pm,8:30 am–5 pm,"https://www.google.com/maps/search/pain+management+physician+in+Beech+Mountain+Boone+NC/@36.2109584,-81.8890031,14z",2026-01-28T18:43:34.503Z,,
https://www.google.com/maps/place/Batchelor+Chiropractic+Clinic/data=!4m7!3m6!1s0x8850fa3fda5e973d:0x7b63a2d7c7a83097!8m2!3d36.211452!4d-81.6669749!16s%2Fg%2F1tm69mxd!19sChIJPZde2j_6UIgRlzCox9eiY3s,Batchelor Chiropractic Clinic,4.5,15,Chiropractor,"483 NC-105 Extension, Boone, NC 28607, United States","686M+H6 Boone, North Carolina, USA",http://www.batchelorchiropractic.co/,+1 828-264-0140,Open · Closes 5:30 pm,https://lh3.googleusercontent.com/gps-cs-s/AHVAwep5gZd6pyWU5PTDThvSqihHf8AuuCwlYarSLbq764EGS8jo6KdN1tohQEUFKVKWgrWtO6wXUJUytbvGXUYjrDi58LrPOGgL-u2Ku1Xk76Vy8Uq43EtcRleLQFKUB12pttrPDlbJPw=w480-h240-k-no,true,8 am–5:30 pm,8 am–12 pm,Closed,Closed,Closed,8:30 am–5:30 pm,8 am–12 pm,"https://www.google.com/maps/search/pain+management+physician+in+Beech+Mountain+Boone+NC/@36.2109584,-81.8890031,14z",2026-01-28T18:43:39.269Z,,
"https://www.google.com/maps/place/Blue+Ridge+Ear,+Nose+and+Throat-+Linville/data=!4m7!3m6!1s0x88509506a2e5738b:0xb9b53df883749dbc!8m2!3d36.0607305!4d-81.8894963!16s%2Fg%2F11mvmy6c20!19sChIJi3PlogaVUIgRvJ10g_g9tbk","Blue Ridge Ear, Nose and Throat- Linville",4.9,103,Medical clinic,"436 Hospital Dr Suite 240, Linville, NC 28646, United States","3466+76 Linville, North Carolina, USA",http://www.blueridge-ent.com/,+1 828-264-4545,Closed · Opens 8 am Thu,https://lh3.googleusercontent.com/p/AF1QipOfOFAuoncZK8Ajef-GrfmG3BvRnEnBqJQhsfHh=w408-h246-k-no,true,Closed,8 am–4:30 pm,8 am–3 pm,Closed,Closed,Closed,8 am–4:30 pm,"https://www.google.com/maps/search/pain+management+physician+in+Beech+Mountain+Boone+NC/@36.2109584,-81.8890031,14z",2026-01-28T18:43:43.947Z,,
https://www.google.com/maps/place/the+golden+lotus/data=!4m7!3m6!1s0x8850fb24048af6db:0x2ba3ad62a497a1c5!8m2!3d36.2031666!4d-81.656444!16s%2Fg%2F11xzm8lq32!19sChIJ2_aKBCT7UIgRxaGXpGKtoys,the golden lotus,5.0,12,Acupuncture clinic,"895 State Farm Rd UNIT 402, Boone, NC 28607, United States","683V+7C Boone, North Carolina, USA",https://goldenlotus.gold/clinic-info/,+1 423-281-3371,,https://streetviewpixels-pa.googleapis.com/v1/thumbnail?panoid=1I_4cVoUZsSzxEJ6P0a_fw&cb_client=search.gws-prod.gps&w=408&h=240&yaw=58.44653&pitch=0&thumbfov=100,true,,,,,,,,"https://www.google.com/maps/search/pain+management+physician+in+Beech+Mountain+Boone+NC/@36.2109584,-81.8890031,14z",2026-01-28T18:43:46.941Z,,
https://www.google.com/maps/place/Unifour+Pain+Treatment+Physicians:+Herfurth+Thomas+MD/data=!4m7!3m6!1s0x885131b28fbe0597:0xba5497270a212575!8m2!3d35.729375!4d-81.3070527!16s%2Fg%2F1tfyf82b!19sChIJlwW-j7IxUYgRdSUhCieXVLo,Unifour Pain Treatment Physicians: Herfurth Thomas MD,2.3,3,Pain management physician,"250 18th St Cir SE, Hickory, NC 28602, United States","PMHV+Q5 Hickory, North Carolina, USA",,+1 828-327-0156,Open 24 hours,https://streetviewpixels-pa.googleapis.com/v1/thumbnail?panoid=1oJQFLFUzWCzW6RMHXSjDA&cb_client=search.gws-prod.gps&w=408&h=240&yaw=41.38745&pitch=0&thumbfov=100,false,Open 24 hours,Open 24 hours,Open 24 hours,Open 24 hours,Open 24 hours,Open 24 hours,Open 24 hours,"https://www.google.com/maps/search/pain+management+physician+in+Beech+Mountain+Boone+NC/@36.2109584,-81.8890031,14z",2026-01-28T18:43:51.783Z,,
"https://www.google.com/maps/place/Gregory+A.+Hawthorne,+DC/data=!4m7!3m6!1s0x8850fa4e70459f5b:0x160c7841a8ba0593!8m2!3d36.2013656!4d-81.6534459!16s%2Fg%2F1tsyqgwm!19sChIJW59FcE76UIgRkwW6qEF4DBY","Gregory A. Hawthorne, DC",5.0,1,Chiropractor,"136 Furman Rd, Boone, NC 28607, United States","682W+GJ Boone, North Carolina, USA",http://www.boonechiropractor.com/,+1 828-264-4521,Closed · Opens 8 am Thu,https://streetviewpixels-pa.googleapis.com/v1/thumbnail?panoid=vOFKOgagfp8f5vPKCi7rGw&cb_client=search.gws-prod.gps&w=408&h=240&yaw=219.44853&pitch=0&thumbfov=100,false,8 am–12 pm,8 am–5 pm,Closed,Closed,Closed,8 am–5 pm,8 am–5 pm,"https://www.google.com/maps/search/pain+management+physician+in+Beech+Mountain+Boone+NC/@36.2109584,-81.8890031,14z",2026-01-28T18:43:56.510Z,,
https://www.google.com/maps/place/EPIC+Family+Chiropractic/data=!4m7!3m6!1s0x8850fa4f648ee60b:0xa8599439dfc67c6b!8m2!3d36.2056606!4d-81.6683332!16s%2Fg%2F11cs6bsmq6!19sChIJC-aOZE_6UIgRa3zG3zmUWag,EPIC Family Chiropractic,5.0,302,Chiropractor,"869 NC-105 Extension #9, Boone, NC 28607, United States","684J+7M Boone, North Carolina, USA",https://www.epicfamilychiro.com/?utm_source=google&utm_medium=organic&utm_campaign=gbp_listing,+1 828-278-2038,Closed · Opens 3 pm,https://lh3.googleusercontent.com/p/AF1QipPRJGoJvWdy8i9HYtL4_lZH6ErEizragvIz1-1k=w408-h408-k-no,true,"10 am–1 pm, 3–6 pm","10 am–1 pm, 3–6 pm",Closed,Closed,Closed,"10 am–1 pm, 3–6 pm",10 am–1 pm,"https://www.google.com/maps/search/pain+management+physician+in+Beech+Mountain+Boone+NC/@36.2109584,-81.8890031,14z",2026-01-28T18:44:01.365Z,LGBTQ+ friendly,
https://www.google.com/maps/place/Revival+Pain+Management/data=!4m7!3m6!1s0x885173b336240921:0xced2e62ac2986b4c!8m2!3d36.15538!4d-81.162311!16s%2Fg%2F11q4ckq84y!19sChIJIQkkNrNzUYgRTGuYwirm0s4,Revival Pain Management,,,Pain management physician,"1909 W Park Dr, North Wilkesboro, NC 28659, United States","5R4Q+53 North Wilkesboro, North Carolina, USA",https://www.revivalpainmanagement.com/,+1 336-835-5330,Open · Closes 5 pm,https://lh3.googleusercontent.com/gps-cs-s/AHVAweoTEdQrC0xFa9Mni-UvXaeD1RBWKoUO7zSVnQF4jI6Ycv1mFRkyJxCBZ_vxQmcHfnbmpw5c2fBNhxiUgTPsR23RmIPkNMX01zyBlv0rPY3TF5UpWJwrL-IcnbTCoMW55sJLSOyW=w408-h544-k-no,true,8 am–5 pm,8 am–5 pm,8 am–5 pm,Closed,Closed,8 am–5 pm,8 am–5 pm,"https://www.google.com/maps/search/pain+management+physician+in+Beech+Mountain+Boone+NC/@36.2109584,-81.8890031,14z",2026-01-28T18:44:06.040Z,,
https://www.google.com/maps/place/ECPC+Pain+Specialists/data=!4m7!3m6!1s0x8850df6b29eabdb3:0x3f3bfefc6bc4fce2!8m2!3d35.9022625!4d-81.5387138!16s%2Fg%2F11h5q8shc7!19sChIJs73qKWvfUIgR4vzEa_z-Oz8,ECPC Pain Specialists,,,Pain management physician,"1031 Morganton Blvd SW, Lenoir, NC 28645, United States","WF26+WG Lenoir, North Carolina, USA",,+1 828-757-6255,,https://streetviewpixels-pa.googleapis.com/v1/thumbnail?panoid=6NvBIgBkM4RwLBwE8W5lQg&cb_client=search.gws-prod.gps&w=408&h=240&yaw=154.70802&pitch=0&thumbfov=100,false,,,,,,,,"https://www.google.com/maps/search/pain+management+physician+in+Beech+Mountain+Boone+NC/@36.2109584,-81.8890031,14z",2026-01-28T18:44:08.826Z,,