placeUrl,title,rating,reviewCount,category,address,plusCode,website,phoneNumber,currentStatus,imgUrl,isClaimed,query,timestamp,tuesday,wednesday,thursday,friday,saturday,sunday,monday,info,isBlackOwned,attributes,error
https://www.google.com/maps/place/Vascular+Surgeons+of+Central+New+York/data=!4m7!3m6!1s0x89d9f3b1431a465d:0x594f73d5b926757d!8m2!3d43.0557804!4d-76.1481583!16s%2Fg%2F1tfrnb8m!19sChIJXUYaQ7Hz2YkRfXUmudVzT1k,Vascular Surgeons of Central New York,3.2,18,Medical Center,"104 Union Ave Suite 1003-1004, Syracuse, NY 13203, United States","3V42+8P Syracuse, New York, USA",https://www.azuravascularcare.com/center/vascular-surgeons-of-central-new-york/?utm_source=local&utm_medium=organic&utm_campaign=gmb-center-listing&utm_content=website&y_source=1_MzI4MzEwNC03MTUtbG9jYXRpb24ud2Vic2l0ZQ%3D%3D,+1 315-424-7524,,https://lh3.googleusercontent.com/p/AF1QipPtVIXM_lpOaSl0j1-jNMnpF8yBqm_hjSItyhcX=w426-h240-k-no,true,"https://www.google.com/maps/search/vein+clinics+in+Bristol+Syracuse+NY/@43.0494832,-76.1473977,14z",2025-12-16T22:30:33.177Z,,,,,,,,,,,
https://www.google.com/maps/place/Vascular+Lab-University+Surgical/data=!4m7!3m6!1s0x89d9f3a2389de01d:0xa51367860725b248!8m2!3d43.0418643!4d-76.1398344!16s%2Fg%2F1thqhrhk!19sChIJHeCdOKLz2YkRSLIlB4ZnE6U,Vascular Lab-University Surgical,4.0,2,Surgical center,"750 E Adams St Suite 4800, Syracuse, NY 13210, United States","2VR6+P3 Syracuse, New York, USA",https://www.upstate.edu/surgery/healthcare/vascular/,+1 315-464-4454,,https://streetviewpixels-pa.googleapis.com/v1/thumbnail?panoid=9mdbzMYiqnEw17JNvoH50w&cb_client=search.gws-prod.gps&w=408&h=240&yaw=310.5544&pitch=0&thumbfov=100,false,"https://www.google.com/maps/search/vein+clinics+in+Bristol+Syracuse+NY/@43.0494832,-76.1473977,14z",2025-12-16T22:30:36.132Z,,,,,,,,,,,
"https://www.google.com/maps/place/Surgical+Care+East,+PLLC:+Dennis+Resetarits,+MD/data=!4m7!3m6!1s0x89d9fbd53b2c1b03:0x5d83b82e3fb1f74c!8m2!3d43.0552158!4d-76.2739293!16s%2Fg%2F11g073636q!19sChIJAxssO9X72YkRTPexPy64g10","Surgical Care East, PLLC: Dennis Resetarits, MD",4.9,42,Doctor,"250 Township Blvd Suite 10, Camillus, NY 13031, United States","3P4G+3C Camillus, New York, USA",https://www.surgicalcareeast.com/,+1 315-928-7060,Closed · Opens 8:30 am Wed,https://streetviewpixels-pa.googleapis.com/v1/thumbnail?panoid=K1HpuDkE04O2tqYQUKacAQ&cb_client=search.gws-prod.gps&w=408&h=240&yaw=12.127673&pitch=0&thumbfov=100,false,"https://www.google.com/maps/search/vein+clinics+in+Bristol+Syracuse+NY/@43.0494832,-76.1473977,14z",2025-12-16T22:30:41.368Z,8:30 am–4:30 pm,8:30 am–4:30 pm,8:30 am–4:30 pm,8:30 am–4:30 pm,Closed,Closed,8:30 am–4:30 pm,,,,
https://www.google.com/maps/place/Lawrence+Semel/data=!4m7!3m6!1s0x89d9f3b14c7e4f17:0x52b1be802fdadd62!8m2!3d43.0555925!4d-76.1480596!16s%2Fg%2F1td6z2_y!19sChIJF09-TLHz2YkRYt3aL4C-sVI,Lawrence Semel,3.7,6,Vascular surgeon,"104 Union Ave # 1005, Syracuse, NY 13203, United States","3V42+6Q Syracuse, New York, USA",http://www.vascny.com/,+1 315-424-0790,,https://streetviewpixels-pa.googleapis.com/v1/thumbnail?panoid=PR872vUp4r9rQtx_QxYZ1A&cb_client=search.gws-prod.gps&w=408&h=240&yaw=68.676605&pitch=0&thumbfov=100,false,"https://www.google.com/maps/search/vein+clinics+in+Bristol+Syracuse+NY/@43.0494832,-76.1473977,14z",2025-12-16T22:30:44.188Z,,,,,,,,,,,
https://www.google.com/maps/place/USA+Vein+Clinics/data=!4m7!3m6!1s0x89d9f38bb6daaa81:0x8b5fe577c789ac1b!8m2!3d43.0471354!4d-76.143365!16s%2Fg%2F11k000by38!19sChIJgaratovz2YkRG6yJx3flX4s,USA Vein Clinics,,,Vascular surgeon,"600 E Genesee St Ste 102, Syracuse, NY 13202, United States","2VW4+VM Syracuse, New York, USA",https://www.usaveinclinics.com/company/locations/new-york/,+1 315-949-2809,Temporarily closed,https://streetviewpixels-pa.googleapis.com/v1/thumbnail?panoid=mbe_E_J8lfO4E6uLyeZncg&cb_client=search.gws-prod.gps&w=408&h=240&yaw=194.90355&pitch=0&thumbfov=100,false,"https://www.google.com/maps/search/vein+clinics+in+Bristol+Syracuse+NY/@43.0494832,-76.1473977,14z",2025-12-16T22:30:48.885Z,,,,,,,,,,,
https://www.google.com/maps/place/USA+Vascular+Centers/data=!4m7!3m6!1s0x89d9f3ba218c8881:0x5466cb6006c195b0!8m2!3d43.0471354!4d-76.143365!16s%2Fg%2F11jvf3n95d!19sChIJgYiMIbrz2YkRsJXBBmDLZlQ,USA Vascular Centers,,,Surgical center,"600 E Genesee St Ste 102, Syracuse, NY 13202, United States","2VW4+VM Syracuse, New York, USA",https://www.usavascularcenters.com/state-new-york/,+1 315-907-6581,,https://streetviewpixels-pa.googleapis.com/v1/thumbnail?panoid=mbe_E_J8lfO4E6uLyeZncg&cb_client=search.gws-prod.gps&w=408&h=240&yaw=194.90355&pitch=0&thumbfov=100,false,"https://www.google.com/maps/search/vein+clinics+in+Bristol+Syracuse+NY/@43.0494832,-76.1473977,14z",2025-12-16T22:30:51.647Z,,,,,,,,LGBTQ+ friendly,,,
https://www.google.com/maps/place/Sedora+Laser+and+Skin+Spa/data=!4m7!3m6!1s0x89d9f3c747eb4307:0x5ba369d592676cb4!8m2!3d43.0484223!4d-76.1564815!16s%2Fg%2F11hcv2qz32!19sChIJB0PrR8fz2YkRtGxnktVpo1s,Sedora Laser and Skin Spa,4.9,112,Laser hair removal service,"327 W Fayette St Suite 203, Syracuse, NY 13202, United States","2RXV+9C Syracuse, New York, USA",https://sedoraspasyr.com/,+1 315-664-8344,"Closes soon · 6 pm · Opens 10 am Wed

Updated by this business 6 weeks ago",https://lh3.googleusercontent.com/p/AF1QipN1ZO27C-zcmTQ-ZYsgEcPs83sIkW8iVBFaB2yD=w426-h240-k-no,true,"https://www.google.com/maps/search/vein+clinics+in+Bristol+Syracuse+NY/@43.0494832,-76.1473977,14z",2025-12-16T22:30:56.491Z,10 am–6 pm,10 am–6 pm,10 am–6 pm,10 am–6 pm,10 am–3 pm,9 am–3 pm,10 am–6 pm,LGBTQ+ friendly,,,
"https://www.google.com/maps/place/Housel+Dermatology,+P.C./data=!4m7!3m6!1s0x89d9edc6abd3d767:0x56b5486924401f2c!8m2!3d43.0811863!4d-76.1741611!16s%2Fg%2F1jkvmsc4y!19sChIJZ9fTq8bt2YkRLB9AJGlItVY","Housel Dermatology, P.C.",4.5,141,Dermatologist,"235 Greenfield Pkwy, Liverpool, NY 13088, United States","3RJG+F8 Liverpool, New York, USA",https://houseldermatology.com/?utm_source=google&utm_medium=localsearch&utm_campaign=gmb,+1 315-452-3376,Closed · Opens 8 am Wed,https://lh3.googleusercontent.com/p/AF1QipPkv6pIY8CkMfezYvdPn7oHNTAKRtPE2CaRXIBN=w408-h289-k-no,true,"https://www.google.com/maps/search/vein+clinics+in+Bristol+Syracuse+NY/@43.0494832,-76.1473977,14z",2025-12-16T22:31:01.301Z,8 am–4:30 pm,8 am–4:30 pm,8 am–4:30 pm,8 am–4:30 pm,Closed,Closed,8 am–4:30 pm,,,,
https://www.google.com/maps/place/Syracuse+Plastic+Surgery+Skin+%26+Wellness/data=!4m7!3m6!1s0x89d9f42286927063:0x180dd5d56ced3ae0!8m2!3d43.0432178!4d-76.0976936!16s%2Fg%2F1tdvl514!19sChIJY3CShiL02YkR4DrtbNXVDRg,Syracuse Plastic Surgery Skin & Wellness,4.9,1357,Plastic surgeon,"3107 E Genesee St, Syracuse, NY 13224, United States","2WV2+7W Syracuse, New York, USA",https://syracuseplasticsurgery.com/,+1 315-299-5313,Closed · Opens 8 am Wed,https://lh3.googleusercontent.com/p/AF1QipNeUulnIghzFpwCLubV8t_V8305HKhED3P-xWGL=w408-h306-k-no,true,"https://www.google.com/maps/search/vein+clinics+in+Bristol+Syracuse+NY/@43.0494832,-76.1473977,14z",2025-12-16T22:31:06.326Z,8 am–4 pm,8 am–4 pm,8 am–4 pm,8 am–1 pm,Closed,Closed,8 am–4 pm,,,,
"https://www.google.com/maps/place/Michael+J+Costanza,+MD/data=!4m7!3m6!1s0x89d9f3a2389de01d:0x473a39ce922c82de!8m2!3d43.0437934!4d-76.1414027!16s%2Fg%2F1w97wck3!19sChIJHeCdOKLz2YkR3oIsks45Okc","Michael J Costanza, MD",5.0,1,Vascular surgeon,"Upstate Medical University Parking Garage West, 750 E Adams St #4835, Syracuse, NY 13210, United States","2VV5+GC Syracuse, New York, USA",http://www.upstate.edu/healthcare/providers/doctor.php?docID=costanzm,+1 315-464-1800,Closed · Opens 8 am Wed,https://streetviewpixels-pa.googleapis.com/v1/thumbnail?panoid=X1eTraIBscQf7MJiK48jrA&cb_client=search.gws-prod.gps&w=408&h=240&yaw=174.45499&pitch=0&thumbfov=100,false,"https://www.google.com/maps/search/vein+clinics+in+Bristol+Syracuse+NY/@43.0494832,-76.1473977,14z",2025-12-16T22:31:11.116Z,8 am–4:30 pm,8 am–4:30 pm,8 am–4:30 pm,8 am–4:30 pm,Closed,Closed,8 am–4:30 pm,,,,
https://www.google.com/maps/place/CNY+Cosmetic+%26+Reconstructive+Surgery/data=!4m7!3m6!1s0x89d98c494c53a6c5:0x5cd7022bbc49293f!8m2!3d43.0550662!4d-76.065736!16s%2Fg%2F1v_0kr4f!19sChIJxaZTTEmM2YkRPylJvCsC11w,CNY Cosmetic & Reconstructive Surgery,4.9,825,Plastic surgeon,"5898 Bridge St, East Syracuse, NY 13057, United States","3W4M+2P East Syracuse, New York, USA",https://www.plasticsurgeryofsyracuse.com/,+1 315-623-3021,Closed · Opens 8 am Wed,https://lh3.googleusercontent.com/p/AF1QipMqwv2J-fWyqw-x34d7ZZENmDX3WEZvMEQestUn=w408-h306-k-no,true,"https://www.google.com/maps/search/vein+clinics+in+Bristol+Syracuse+NY/@43.0494832,-76.1473977,14z",2025-12-16T22:31:15.975Z,8 am–4 pm,8 am–4 pm,8 am–4 pm,8 am–4 pm,Closed,Closed,8 am–4 pm,LGBTQ+ friendly,,,
"https://www.google.com/maps/place/Farah+Dermatology+%26+Cosmetics+%7C+Dermatologist+Syracuse,+NY/data=!4m7!3m6!1s0x89d9f3a6c08eefd3:0xebae3384ab0315bb!8m2!3d43.0463736!4d-76.1360693!16s%2Fg%2F1tgz1l5z!19sChIJ0--OwKbz2YkRuxUDq4Qzrus","Farah Dermatology & Cosmetics | Dermatologist Syracuse, NY",5.0,167,Dermatologist,"1000 E Genesee St # 601, Syracuse, NY 13210, United States","2VW7+GH Syracuse, New York, USA",https://www.farahdermatology.com/?utm_source=google&utm_medium=search_engine&utm_campaign=gmb,+1 315-840-3081,Closed · Opens 8 am Wed,https://lh3.googleusercontent.com/p/AF1QipMjTaIlMlJuHGrhOqHFujpiaM_aVjTze78xhtj6=w427-h240-k-no,true,"https://www.google.com/maps/search/vein+clinics+in+Bristol+Syracuse+NY/@43.0494832,-76.1473977,14z",2025-12-16T22:31:21.387Z,8 am–5 pm,8 am–5 pm,8 am–5 pm,8 am–4 pm,Closed,Closed,8 am–4 pm,,,,
https://www.google.com/maps/place/A%26E+2020+Corp./data=!4m7!3m6!1s0x89d98cd85be23985:0x1e8f092d631bf6d!8m2!3d43.0514897!4d-76.0712354!16s%2Fg%2F1tkkvwf_!19sChIJhTniW9iM2YkRbb8x1pLw6AE,A&E 2020 Corp.,4.2,184,Medical spa,"5781 Bridge St #38, East Syracuse, NY 13057, United States","3W2H+HG East Syracuse, New York, USA",https://aesyracuse.com/,+1 315-445-1177,Open · Closes 7 pm,https://lh3.googleusercontent.com/gps-cs-s/AG0ilSz8zomSM0ojsCRkWITYcQh9uTzVxXdAPGLIjodqjuy3efkt4LR3ee7ADJSiKsBM_81LOipYVNoHSmYgaHqpnK6AdkeM7LAAxOk2mQE0KqhNZSM58ezjkhldQwMvmcoj1ZdlxWY=w408-h306-k-no,true,"https://www.google.com/maps/search/vein+clinics+in+Bristol+Syracuse+NY/@43.0494832,-76.1473977,14z",2025-12-16T22:31:26.259Z,9 am–7 pm,9 am–7 pm,9 am–7 pm,9 am–5 pm,9 am–1 pm,Closed,9 am–5 pm,,,,
https://www.google.com/maps/place/ONE+Vida/data=!4m7!3m6!1s0x89d98d04d7875ab3:0x3b929aa36817a25c!8m2!3d43.0357987!4d-76.0688308!16s%2Fg%2F11jzy7kcqx!19sChIJs1qH1wSN2YkRXKIXaKOakjs,ONE Vida,4.7,83,Medical spa,"4309 E Genesee St, Syracuse, NY 13214, United States","2WPJ+8F Syracuse, New York, USA",http://onevida.com/,+1 315-636-6000,Closed · Opens 11 am Wed,https://lh3.googleusercontent.com/p/AF1QipOtFz3hbERtTYtfRs-xzAv-NYAli-eJHQhxoVx5=w408-h305-k-no,true,"https://www.google.com/maps/search/vein+clinics+in+Bristol+Syracuse+NY/@43.0494832,-76.1473977,14z",2025-12-16T22:31:31.309Z,9 am–4:30 pm,11 am–7 pm,9 am–4:30 pm,9 am–4:30 pm,Closed,Closed,9 am–4:30 pm,LGBTQ+ friendly,,,
https://www.google.com/maps/place/Syracuse+VA+Medical+Center/data=!4m7!3m6!1s0x89d9f39920b58b3f:0x730e999bb012e398!8m2!3d43.0389528!4d-76.1389895!16s%2Fg%2F1tf6ybn2!19sChIJP4u1IJnz2YkRmOMSsJuZDnM,Syracuse VA Medical Center,3.9,241,Veterans hospital,"800 Irving Ave, Syracuse, NY 13210, United States","2VQ6+HC Syracuse, New York, USA",http://www.syracuse.va.gov/,+1 315-425-4400,Open 24 hours,https://lh3.googleusercontent.com/gps-cs-s/AG0ilSzlqsSXAJTRvF2YAIqVQXNk1BnF6Y6m9N2fuLohP7ohxTdwVIAM2VpGs6b2hUkRsRUFZbaKPItv8dYSoC2SKyTV3yT30Naae_9cK43fNFXUF0i3NTZtTmjS28kA2hNnKX9G4tU=w408-h306-k-no,false,"https://www.google.com/maps/search/vein+clinics+in+Bristol+Syracuse+NY/@43.0494832,-76.1473977,14z",2025-12-16T22:31:36.052Z,Open 24 hours,Open 24 hours,Open 24 hours,Open 24 hours,Open 24 hours,Open 24 hours,Open 24 hours,,,,
"https://www.google.com/maps/place/Syed+N.+Zaman,+MD/data=!4m7!3m6!1s0x89d9f3b14c7e4f17:0xa7672d0c7c0086b3!8m2!3d43.0555925!4d-76.1480596!16s%2Fg%2F1tcvvvty!19sChIJF09-TLHz2YkRs4YAfAwtZ6c","Syed N. Zaman, MD",5.0,2,Vascular surgeon,"104 Union Ave # 1005, Syracuse, NY 13203, United States","3V42+6Q Syracuse, New York, USA",http://www.vascny.com/,+1 315-424-0790,Closed · Opens 7 am Wed,https://streetviewpixels-pa.googleapis.com/v1/thumbnail?panoid=PR872vUp4r9rQtx_QxYZ1A&cb_client=search.gws-prod.gps&w=408&h=240&yaw=68.676605&pitch=0&thumbfov=100,false,"https://www.google.com/maps/search/vein+clinics+in+Bristol+Syracuse+NY/@43.0494832,-76.1473977,14z",2025-12-16T22:31:40.730Z,7 am–4:30 pm,7 am–4:30 pm,7 am–4:30 pm,7 am–4:30 pm,Closed,Closed,7 am–4:30 pm,,,,
https://www.google.com/maps/place/Locastro+Vein+Center/data=!4m7!3m6!1s0x89da00873b70074f:0xbf267056f1a9a2b3!8m2!3d43.0291615!4d-76.0263551!16s%2Fg%2F11dfxwcmpk!19sChIJTwdwO4cA2okRs6Kp8VZwJr8,Locastro Vein Center,4.3,12,Surgical center,"7189 E Genesee St, Fayetteville, NY 13066, United States","2XHF+MF Fayetteville, New York, USA",http://locastroveincenter.com/,+1 315-685-7943,Closed · Opens 8 am Wed,https://lh3.googleusercontent.com/p/AF1QipMlcj73_cKg0-cWjRPKOZH8ZUt14wTOeHM6eED-=w636-h240-k-no,true,"https://www.google.com/maps/search/vein+clinics+in+Bristol+Syracuse+NY/@43.0494832,-76.1473977,14z",2025-12-16T22:31:45.647Z,8 am–5 pm,8 am–5 pm,8 am–5 pm,8 am–5 pm,Closed,Closed,8 am–5 pm,,,,
https://www.google.com/maps/place/Retina-Vitreous+Surgeons+of+Central+New+York/data=!4m7!3m6!1s0x89d9f3845c87e511:0x65800b8ced3decf!8m2!3d43.0822135!4d-76.1760168!16s%2Fg%2F11fn04qypx!19sChIJEeWHXITz2YkRz97TzrgAWAY,Retina-Vitreous Surgeons of Central New York,4.8,600,Eye care center,"200 Greenfield Pkwy, Liverpool, NY 13088, United States","3RJF+VH Liverpool, New York, USA",http://www.rvscny.com/,+1 315-445-8166,Closed · Opens 7:30 am Wed,https://lh3.googleusercontent.com/p/AF1QipOUDpzCwkWl0LGc_xiGe1CqSM7pq6e0l74uRWeE=w408-h266-k-no,true,"https://www.google.com/maps/search/vein+clinics+in+Bristol+Syracuse+NY/@43.0494832,-76.1473977,14z",2025-12-16T22:31:50.484Z,7:30 am–5 pm,7:30 am–5 pm,7:30 am–5 pm,7:30 am–5 pm,Closed,Closed,7:30 am–5 pm,,,,
https://www.google.com/maps/place/Medicine-Based+Beauty%C2%AE+Syracuse/data=!4m7!3m6!1s0x89d9f3c5a4e8c37f:0x4659ad71e9c65b29!8m2!3d43.0490191!4d-76.1511103!16s%2Fg%2F11sqj7mq5s!19sChIJf8PopMXz2YkRKVvG6XGtWUY,Medicine-Based Beauty® Syracuse,5.0,122,Medical spa,"220 S Warren St 1st Floor, Syracuse, NY 13202, United States","2RXX+JH Syracuse, New York, USA",http://medicinebasedbeauty.com/,+1 315-920-0012,,https://lh3.googleusercontent.com/p/AF1QipMO4TIevY9S8oFZHT3bPEBMlvN8_O2lqULQmbPY=w408-h611-k-no,true,"https://www.google.com/maps/search/vein+clinics+in+Bristol+Syracuse+NY/@43.0494832,-76.1473977,14z",2025-12-16T22:31:53.381Z,,,,,,,,Identifies as women-owned,,,
"https://www.google.com/maps/place/Mark+A.+McGurrin,+MD,+FACS/data=!4m7!3m6!1s0x89d9f3b14c7e4f17:0x121e7ab8fb637f84!8m2!3d43.0555925!4d-76.1480596!16s%2Fg%2F1tctyk0r!19sChIJF09-TLHz2YkRhH9j-7h6HhI","Mark A. McGurrin, MD, FACS",5.0,1,Vascular surgeon,"104 Union Ave # 1005, Syracuse, NY 13203, United States","3V42+6Q Syracuse, New York, USA",http://www.vascny.com/,+1 315-424-0790,,https://streetviewpixels-pa.googleapis.com/v1/thumbnail?panoid=PR872vUp4r9rQtx_QxYZ1A&cb_client=search.gws-prod.gps&w=408&h=240&yaw=68.676605&pitch=0&thumbfov=100,false,"https://www.google.com/maps/search/vein+clinics+in+Bristol+Syracuse+NY/@43.0494832,-76.1473977,14z",2025-12-16T22:31:56.074Z,,,,,,,,,,,
https://www.google.com/maps/place/Dr.+Anthony+Deboni/data=!4m7!3m6!1s0x89d98c494c53a6c5:0x6484c3008b945911!8m2!3d43.0550489!4d-76.0657064!16s%2Fg%2F1vm7cg1v!19sChIJxaZTTEmM2YkREVmUiwDDhGQ,Dr. Anthony Deboni,5.0,217,Plastic surgeon,"5898 Bridge St, East Syracuse, NY 13057, United States","3W4M+2P East Syracuse, New York, USA",https://www.plasticsurgeryofsyracuse.com/,+1 315-400-6195,Closed · Opens 8 am Wed,https://lh3.googleusercontent.com/gps-cs-s/AG0ilSwIPiLAvIMbygqsn2khT2RUJitD9-FLVMJan2rDkyGfBuAOTbV7N_4vSkDOje58K394xdLHNaFTFb9psbAXdlWi9dwCjz31APAWNKNNOdUlcxtK53gsP35LdvehQ4953L7MKXbogg=w408-h272-k-no,true,"https://www.google.com/maps/search/vein+clinics+in+Bristol+Syracuse+NY/@43.0494832,-76.1473977,14z",2025-12-16T22:32:00.920Z,8 am–4 pm,8 am–4 pm,8 am–4 pm,8 am–4 pm,Closed,Closed,8 am–4 pm,LGBTQ+ friendly,,,
https://www.google.com/maps/place/Vein+%26+Laser+Center/data=!4m7!3m6!1s0x89d98d68d7197793:0xbad1ce107519694!8m2!3d43.0764304!4d-76.0572209!16s%2Fg%2F1tdh08sh!19sChIJk3cZ12iN2YkRlJZRB-EcrQs,Vein & Laser Center,,,Doctor,"6700 Kirkville Rd # 201, East Syracuse, NY 13057, United States","3WGV+H4 East Syracuse, New York, USA",,+1 315-432-1055,,https://streetviewpixels-pa.googleapis.com/v1/thumbnail?panoid=vaqklVFrFus6kDG9q68bUQ&cb_client=search.gws-prod.gps&w=408&h=240&yaw=38.77964&pitch=0&thumbfov=100,false,"https://www.google.com/maps/search/vein+clinics+in+Bristol+Syracuse+NY/@43.0494832,-76.1473977,14z",2025-12-16T22:32:03.478Z,,,,,,,,,,,
https://www.google.com/maps/place/Dr.+Gregory+Baum/data=!4m7!3m6!1s0x89d98c494c53a6c5:0x62c349cb1d92fe46!8m2!3d43.0550489!4d-76.0657064!16s%2Fg%2F1td5h36v!19sChIJxaZTTEmM2YkRRv6SHctJw2I,Dr. Gregory Baum,4.9,289,Plastic surgeon,"5898 Bridge St, East Syracuse, NY 13057, United States","3W4M+2P East Syracuse, New York, USA",https://www.plasticsurgeryofsyracuse.com/,+1 315-277-6859,Closed · Opens 8 am Wed,https://lh3.googleusercontent.com/gps-cs-s/AG0ilSxMijcpWrzFa5D7oH6q7CDiNiCHa56A8hpSw8zOGESEHg_oRY_ibGsUiR5NBfwVNVXE4Z3qCe_NhYrC9guX3Q8GpJvkS2kZe3jIgpkMWReS0snN3_3Afc6ae3njm882jMFMxPJ7=w408-h304-k-no,true,"https://www.google.com/maps/search/vein+clinics+in+Bristol+Syracuse+NY/@43.0494832,-76.1473977,14z",2025-12-16T22:32:08.447Z,8 am–4 pm,8 am–4 pm,8 am–4 pm,8 am–4 pm,Closed,Closed,8 am–4 pm,LGBTQ+ friendly,,,
https://www.google.com/maps/place/Vascular+Surgeons+University+Surgical/data=!4m7!3m6!1s0x89d9f37400000001:0xc434fe7304f0f0c4!8m2!3d43.034644!4d-76.126189!16s%2Fg%2F1262nx7d0!19sChIJAQAAAHTz2YkRxPDwBHP-NMQ,Vascular Surgeons University Surgical,,,Surgical center,"Syracuse, NY 13210, United States","2VMF+VG Syracuse, New York, USA",,+1 315-464-6241,,https://streetviewpixels-pa.googleapis.com/v1/thumbnail?panoid=o_2TghWV4sAus1GpqUB5-w&cb_client=search.gws-prod.gps&w=408&h=240&yaw=87.67525&pitch=0&thumbfov=100,false,"https://www.google.com/maps/search/vein+clinics+in+Bristol+Syracuse+NY/@43.0494832,-76.1473977,14z",2025-12-16T22:32:11.190Z,,,,,,,,,,,
"https://www.google.com/maps/place/Flawless+Image+Medical+Aesthetics:+Phillip+Din,+MD/data=!4m7!3m6!1s0x89d98d276a628a31:0x16ef206e96ce252b!8m2!3d43.0527179!4d-76.0699324!16s%2Fg%2F11dfhx4m0l!19sChIJMYpiaieN2YkRKyXOlm4g7xY","Flawless Image Medical Aesthetics: Phillip Din, MD",4.8,112,Weight loss service,"5805 Bridge St suite 2, East Syracuse, NY 13057, United States","3W3J+32 East Syracuse, New York, USA",https://www.flawlessimagemedspa.com/?utm_source=gmb_auth,+1 315-694-6243,Closed · Opens 9 am Wed,https://lh3.googleusercontent.com/p/AF1QipPb8NRa6wB4gHAtyiyfv-vb_30-24UvXLXu7iIJ=w486-h240-k-no,true,"https://www.google.com/maps/search/vein+clinics+in+Bristol+Syracuse+NY/@43.0494832,-76.1473977,14z",2025-12-16T22:32:16.266Z,10 am–4:30 pm,9 am–4:30 pm,9 am–4:30 pm,9 am–4:30 pm,Closed,Closed,10 am–5 pm,,,,
https://www.google.com/maps/place/Central+New+York+Surgical+Physicians+PC/data=!4m7!3m6!1s0x89d9f3a1ffbdc12d:0x4af6ea0b7ecedab0!8m2!3d43.0412051!4d-76.1375356!16s%2Fg%2F1tnbm3np!19sChIJLcG9_6Hz2YkRsNrOfgvq9ko,Central New York Surgical Physicians PC,4.7,12,Doctor,"739 Irving Ave Ste 450, Syracuse, NY 13210, United States","2VR6+FX Syracuse, New York, USA",http://cnysurgical.com/,+1 315-470-7364,,https://lh3.googleusercontent.com/p/AF1QipObIAzpv2bfzU3ZtEcVQT_qs0MraSwZK3TIPlaF=w426-h240-k-no,true,"https://www.google.com/maps/search/vein+clinics+in+Bristol+Syracuse+NY/@43.0494832,-76.1473977,14z",2025-12-16T22:32:19.013Z,,,,,,,,,,,
"https://www.google.com/maps/place/Dr.+Muhammad+A.+Khan,+MD/data=!4m7!3m6!1s0x89d9f3a2389de01d:0x8165a56875994eec!8m2!3d43.0421894!4d-76.1397866!16s%2Fg%2F1tglzzzc!19sChIJHeCdOKLz2YkR7E6ZdWilZYE","Dr. Muhammad A. Khan, MD",5.0,8,Vascular surgeon,"750 E Adams St, Syracuse, NY 13210, United States","2VR6+V3 Syracuse, New York, USA",http://www.upstate.edu/,+1 315-464-1800,,https://streetviewpixels-pa.googleapis.com/v1/thumbnail?panoid=OvSEdw5HbEDzz9XLbamAHA&cb_client=search.gws-prod.gps&w=408&h=240&yaw=127.07643&pitch=0&thumbfov=100,false,"https://www.google.com/maps/search/vein+clinics+in+Bristol+Syracuse+NY/@43.0494832,-76.1473977,14z",2025-12-16T22:32:21.800Z,,,,,,,,,,,
https://www.google.com/maps/place/Dr.+Eugene+Palchik/data=!4m7!3m6!1s0x89d9f3b6b2ec7a79:0x37dcbf3e9ae0c2f7!8m2!3d43.0559585!4d-76.1495044!16s%2Fg%2F11qgb7nx7c!19sChIJeXrssrbz2YkR98Lgmj6_3Dc,Dr. Eugene Palchik,3.7,3,Surgeon,"301 Prospect Ave, Syracuse, NY 13203, United States","3V42+95 Syracuse, New York, USA",,+1 315-424-0790,,https://streetviewpixels-pa.googleapis.com/v1/thumbnail?panoid=PrGNqj6EawAehcJM1cHoIg&cb_client=search.gws-prod.gps&w=408&h=240&yaw=333.42822&pitch=0&thumbfov=100,false,"https://www.google.com/maps/search/vein+clinics+in+Bristol+Syracuse+NY/@43.0494832,-76.1473977,14z",2025-12-16T22:32:24.585Z,,,,,,,,,,,
https://www.google.com/maps/place/St.+Joseph%E2%80%99s+Health+Cardiovascular+Institute+-+Structural+Heart+Clinic/data=!4m7!3m6!1s0x89d9f3b14b6e5265:0x66ac85d961ce7fa6!8m2!3d43.0559585!4d-76.1495044!16s%2Fg%2F12vsldvk0!19sChIJZVJuS7Hz2YkRpn_OYdmFrGY,St. Joseph’s Health Cardiovascular Institute - Structural Heart Clinic,5.0,4,Medical clinic,"301 Prospect Ave, Syracuse, NY 13203, United States","3V42+95 Syracuse, New York, USA",https://www.sjhsyr.org/location/st-josephs-health-cardiovascular-institute-structural-heart-clinic,+1 315-448-5871,Closed · Opens 8 am Wed,https://streetviewpixels-pa.googleapis.com/v1/thumbnail?panoid=PrGNqj6EawAehcJM1cHoIg&cb_client=search.gws-prod.gps&w=408&h=240&yaw=333.42822&pitch=0&thumbfov=100,true,"https://www.google.com/maps/search/vein+clinics+in+Bristol+Syracuse+NY/@43.0494832,-76.1473977,14z",2025-12-16T22:32:29.399Z,8 am–5 pm,8 am–5 pm,8 am–5 pm,8 am–5 pm,Closed,Closed,8 am–5 pm,,,,
https://www.google.com/maps/place/Muhammad+Khan/data=!4m7!3m6!1s0x89d9f3b1433fffff:0x878cf55c19e639bc!8m2!3d43.0558111!4d-76.1482115!16s%2Fg%2F11sc_zkf1_!19sChIJ__8_Q7Hz2YkRvDnmGVz1jIc,Muhammad Khan,5.0,2,Vascular surgeon,"104 Union Ave SUITE 1007, Syracuse, NY 132032761, United States",,,+1 315-424-0790,,https://streetviewpixels-pa.googleapis.com/v1/thumbnail?panoid=IZlxYxZGKfuZoBN2cYQ3Ew&cb_client=search.gws-prod.gps&w=408&h=240&yaw=154.80295&pitch=0&thumbfov=100,false,"https://www.google.com/maps/search/vein+clinics+in+Bristol+Syracuse+NY/@43.0494832,-76.1473977,14z",2025-12-16T22:32:32.167Z,,,,,,,,,,,
https://www.google.com/maps/place/Dr.+Scott+Surowiec/data=!4m7!3m6!1s0x89d9f418300a75d3:0xf5a153b9edaa7f8d!8m2!3d43.008206!4d-76.1675801!16s%2Fg%2F11c0qz692t!19sChIJ03UKMBj02YkRjX-q7blTofU,Dr. Scott Surowiec,5.0,4,Vascular surgeon,"4900 Broad Rd, Syracuse, NY 13215, United States","2R5J+7X Syracuse, New York, USA",http://www.upstate.edu/healthcare/providers/doctor.php?docID=surowies,+1 315-492-5750,,https://streetviewpixels-pa.googleapis.com/v1/thumbnail?panoid=oEN46vIBSIVprvVAmx4JLA&cb_client=search.gws-prod.gps&w=408&h=240&yaw=0.48174566&pitch=0&thumbfov=100,false,"https://www.google.com/maps/search/vein+clinics+in+Bristol+Syracuse+NY/@43.0494832,-76.1473977,14z",2025-12-16T22:32:35.073Z,,,,,,,,,,,
https://www.google.com/maps/place/SUNY+Upstate+Medical+University/data=!4m7!3m6!1s0x89d9f3a2389de01d:0x183266883c2385e7!8m2!3d43.0421295!4d-76.139862!16s%2Fm%2F0281l_s!19sChIJHeCdOKLz2YkR54UjPIhmMhg,SUNY Upstate Medical University,3.6,693,University hospital,"750 E Adams St, Syracuse, NY 13210, United States","2VR6+V3 Syracuse, New York, USA",https://www.upstate.edu/,+1 315-464-5540,,https://lh3.googleusercontent.com/p/AF1QipPGaZwPn3xElshB1lzzXie-YNgkjAjmtHdmtumj=w427-h240-k-no,true,"https://www.google.com/maps/search/vein+clinics+in+Bristol+Syracuse+NY/@43.0494832,-76.1473977,14z",2025-12-16T22:32:40.135Z,Open 24 hours,Open 24 hours,Open 24 hours,Open 24 hours,Open 24 hours,Open 24 hours,Open 24 hours,LGBTQ+ friendly,,,
"https://www.google.com/maps/place/Dr.+John+D.+Fey,+MD/data=!4m7!3m6!1s0x89d9f39920a18351:0x8cf2f0d4a52f0def!8m2!3d43.0386856!4d-76.1390746!16s%2Fg%2F1twy_jyk!19sChIJUYOhIJnz2YkR7w0vpdTw8ow","Dr. John D. Fey, MD",,,Vascular surgeon,"800 Irving Ave # C726, Syracuse, NY 13210, United States","2VQ6+F9 Syracuse, New York, USA",,+1 315-425-2643,,https://streetviewpixels-pa.googleapis.com/v1/thumbnail?panoid=FvgV5_OgUuLAO0sv9WfuDQ&cb_client=search.gws-prod.gps&w=408&h=240&yaw=86.951706&pitch=0&thumbfov=100,false,"https://www.google.com/maps/search/vein+clinics+in+Bristol+Syracuse+NY/@43.0494832,-76.1473977,14z",2025-12-16T22:32:42.865Z,,,,,,,,,,,
https://www.google.com/maps/place/Revitalize+Dermatology+%26+Aesthetics/data=!4m7!3m6!1s0x89d98cfd3c2aa1bf:0x97a854a78401c287!8m2!3d43.0299776!4d-76.0024007!16s%2Fg%2F1264pl7k6!19sChIJv6EqPP2M2YkRh8IBhKdUqJc,Revitalize Dermatology & Aesthetics,4.9,267,Medical spa,"516 E Genesee St, Fayetteville, NY 13066, United States","2XHX+X2 Fayetteville, New York, USA",https://www.revitalizecny.com/,+1 315-251-1234,Closed · Opens 7 am Wed,https://lh3.googleusercontent.com/p/AF1QipN-GSM3eGXoetlc_VSJY-qaomDL6N2n6Hdrs5hG=w408-h510-k-no,true,"https://www.google.com/maps/search/vein+clinics+in+Fayetteville+Syracuse+NY/@43.0297887,-76.0043643,14z",2025-12-16T22:32:56.170Z,7 am–5 pm,7 am–6 pm,7 am–6 pm,7 am–5 pm,Closed,Closed,7 am–5 pm,,,,
"https://www.google.com/maps/place/Dr.+Joseph+L.+Byrne,+MD/data=!4m7!3m6!1s0x89d98c4eb3edcd47:0xe659aba8a3523ae8!8m2!3d43.040066!4d-76.021454!16s%2Fg%2F1wh4gvkw!19sChIJR83ts06M2YkR6DpSo6irWeY","Dr. Joseph L. Byrne, MD",5.0,2,Vascular surgeon,"4206 Medical Center Dr, Fayetteville, NY 13066, United States","2XRH+2C Fayetteville, New York, USA",,+1 315-329-7770,,https://streetviewpixels-pa.googleapis.com/v1/thumbnail?panoid=k-kjLrnwkBgTyas1AdDbPA&cb_client=search.gws-prod.gps&w=408&h=240&yaw=269.06314&pitch=0&thumbfov=100,false,"https://www.google.com/maps/search/vein+clinics+in+Fayetteville+Syracuse+NY/@43.0297887,-76.0043643,14z",2025-12-16T22:32:58.979Z,,,,,,,,,,,
https://www.google.com/maps/place/Vascular+Care/data=!4m7!3m6!1s0x89d98c494e5be5c7:0xc0bedd09eb49c8b3!8m2!3d43.0399811!4d-76.0205689!16s%2Fg%2F1tfcv6hv!19sChIJx-VbTkmM2YkRs8hJ6wndvsA,Vascular Care,,,Surgical center,"4507 Medical Center Dr, Fayetteville, NY 13066, United States","2XQH+XQ Fayetteville, New York, USA",,+1 315-663-0508,,https://streetviewpixels-pa.googleapis.com/v1/thumbnail?panoid=-Xn8TFIxfubtaemnhSTEfg&cb_client=search.gws-prod.gps&w=408&h=240&yaw=121.4433&pitch=0&thumbfov=100,false,"https://www.google.com/maps/search/vein+clinics+in+Fayetteville+Syracuse+NY/@43.0297887,-76.0043643,14z",2025-12-16T22:33:01.641Z,,,,,,,,,,,
https://www.google.com/maps/place/Cardiovascular+Group+Syracuse/data=!4m7!3m6!1s0x89d98c494e5be5c7:0x6274243506a7a794!8m2!3d43.0396298!4d-76.0225438!16s%2Fg%2F1tnssxy9!19sChIJx-VbTkmM2YkRlKenBjUkdGI,Cardiovascular Group Syracuse,4.0,1,Medical clinic,"Upstate cardiology, 510 Towne Dr, Fayetteville, NY 13066, United States","2XQG+VX Fayetteville, New York, USA",https://www.upstate.edu/heart-services/outpatient/index.php,+1 315-663-0500,Closed · Opens 8 am Wed,https://streetviewpixels-pa.googleapis.com/v1/thumbnail?panoid=XUYLY-g_uPS6UU1QwabMhQ&cb_client=search.gws-prod.gps&w=408&h=240&yaw=265.55167&pitch=0&thumbfov=100,true,"https://www.google.com/maps/search/vein+clinics+in+Fayetteville+Syracuse+NY/@43.0297887,-76.0043643,14z",2025-12-16T22:33:06.425Z,8 am–4:30 pm,8 am–4:30 pm,8 am–4:30 pm,8 am–4:30 pm,Closed,Closed,8 am–4:30 pm,,,,
"https://www.google.com/maps/place/Wound+Care+Center,+St+Joseph%27s+Hospital+Health+Center/data=!4m7!3m6!1s0x89d98c4eb3edcd47:0x49177da2f0512772!8m2!3d43.0400091!4d-76.0228827!16s%2Fg%2F1tdn0hrj!19sChIJR83ts06M2YkRcidR8KJ9F0k","Wound Care Center, St Joseph's Hospital Health Center",3.6,14,Dialysis center,"4206 Medical Center Dr, Fayetteville, NY 13066, United States","2XRG+2R Fayetteville, New York, USA",,+1 315-329-2600,Closed · Opens 8 am Wed,https://streetviewpixels-pa.googleapis.com/v1/thumbnail?panoid=W31gAGHuf82TiQEFwh9VIA&cb_client=search.gws-prod.gps&w=408&h=240&yaw=193.95918&pitch=0&thumbfov=100,true,"https://www.google.com/maps/search/vein+clinics+in+Fayetteville+Syracuse+NY/@43.0297887,-76.0043643,14z",2025-12-16T22:33:11.249Z,8 am–4 pm,8 am–4 pm,8 am–4 pm,8 am–4 pm,Closed,Closed,8 am–4 pm,,,,
"https://www.google.com/maps/place/Dr.+Scott+M.+Surowiec,+MD/data=!4m7!3m6!1s0x89d98c4eb395860b:0x89af67e714e41fdc!8m2!3d43.0399016!4d-76.0205858!16s%2Fg%2F1w_vp89w!19sChIJC4aVs06M2YkR3B_kFOdnr4k","Dr. Scott M. Surowiec, MD",,,Vascular surgeon,"4507 Medical Center Dr, Fayetteville, NY 13066, United States","2XQH+XQ Fayetteville, New York, USA",,+1 315-663-0508,,https://streetviewpixels-pa.googleapis.com/v1/thumbnail?panoid=-Xn8TFIxfubtaemnhSTEfg&cb_client=search.gws-prod.gps&w=408&h=240&yaw=169.50769&pitch=0&thumbfov=100,false,"https://www.google.com/maps/search/vein+clinics+in+Fayetteville+Syracuse+NY/@43.0297887,-76.0043643,14z",2025-12-16T22:33:13.846Z,,,,,,,,,,,
https://www.google.com/maps/place/Locastro+Vein+Center/data=!4m7!3m6!1s0x89d98c3f97b11e1b:0x5e56e2ddaf07ad2a!8m2!3d43.0274095!4d-76.014931!16s%2Fg%2F11f24xdqms!19sChIJGx6xlz-M2YkRKq0Hr93iVl4,Locastro Vein Center,4.3,6,,"212 Highbridge St ste b, Fayetteville, NY 13066, United States","2XGP+X2 Fayetteville, New York, USA",http://locastroveincenter.com/,+1 315-637-0147,Permanently closed,https://lh3.googleusercontent.com/p/AF1QipNgfCiWwSuxFVM6fj2DM61h9nF7r6x88KtJwSTH=w408-h306-k-no,true,"https://www.google.com/maps/search/vein+clinics+in+Fayetteville+Syracuse+NY/@43.0297887,-76.0043643,14z",2025-12-16T22:33:18.753Z,,,,,,,,LGBTQ+ friendly,,,
https://www.google.com/maps/place/Reveal+by+Dava/data=!4m7!3m6!1s0x89d9edd3f7481707:0x482f2ae526ca9ef!8m2!3d43.1466478!4d-76.3260268!16s%2Fg%2F11c2jl128l!19sChIJBxdI99Pt2YkR76lsUq7yggQ,Reveal by Dava,5.0,13,Skin care clinic,"7762 Maple Rd, Baldwinsville, NY 13027, United States","4MWF+MH Baldwinsville, New York, USA",https://www.revealbydava.com/,+1 315-480-5501,Closed · Opens 10 am Wed,https://lh3.googleusercontent.com/p/AF1QipMfQGTJCwNh5fcpctW-eTZ2a9kajXi-toK5nCyT=w408-h510-k-no,true,"https://www.google.com/maps/search/vein+clinics+in+Baldwinsville+Syracuse+NY/@43.1586786,-76.3327095,14z",2025-12-16T22:33:32.168Z,10 am–4 pm,10 am–6 pm,10 am–4 pm,10 am–6 pm,10 am–4 pm,Closed,10 am–4 pm,,,,
https://www.google.com/maps/place/Syracuse+Medical/data=!4m7!3m6!1s0x89d9e5f610c03d2d:0x7c558ec269f0ae32!8m2!3d43.1763447!4d-76.2714907!16s%2Fg%2F11b5wrppx9!19sChIJLT3AEPbl2YkRMq7wacKOVXw,Syracuse Medical,4.8,23,Medical clinic,"3452 NY-31, Baldwinsville, NY 13027, United States","5PGH+GC Baldwinsville, New York, USA",https://syracusemed.com/,+1 315-622-0102,Closed · Opens 10 am Wed,https://lh3.googleusercontent.com/p/AF1QipOPK-HzY1-X-QW5VCRykGlqTbPaNgk7aAkBvCsg=w408-h759-k-no,true,"https://www.google.com/maps/search/vein+clinics+in+Baldwinsville+Syracuse+NY/@43.1586786,-76.3327095,14z",2025-12-16T22:33:37.082Z,Closed,10 am–6 pm,10 am–6 pm,Closed,Closed,Closed,11 am–6 pm,,true,,
https://www.google.com/maps/place/Tox+%26+Pout+Aesthetics/data=!4m7!3m6!1s0x89d9e538a23fe4e1:0x3f5f841b357d871c!8m2!3d43.1776075!4d-76.2568728!16s%2Fg%2F11rqb9gq71!19sChIJ4eQ_ojjl2YkRHId9NRuEXz8,Tox & Pout Aesthetics,5.0,212,Medical spa,"8395 Oswego Rd Suite 112, Baldwinsville, NY 13027, United States","5PHV+27 Baldwinsville, New York, USA",http://toxandpout.com/,+1 315-572-9675,Closes soon · 6 pm · Opens 9 am Wed,https://lh3.googleusercontent.com/p/AF1QipNFzvFQ8pciKVgGjcrTtup_G2vSPkqEs__ENQRj=w408-h272-k-no,true,"https://www.google.com/maps/search/vein+clinics+in+Baldwinsville+Syracuse+NY/@43.1586786,-76.3327095,14z",2025-12-16T22:33:41.945Z,9 am–6 pm,9 am–6 pm,9 am–6 pm,8 am–2 pm,8 am–3 pm,Closed,Closed,,,,
https://www.google.com/maps/place/University+Cardiology+Group+of+Baldwinsville/data=!4m7!3m6!1s0x89d9e5c01cd74f3b:0x90d3a0ab81cb55de!8m2!3d43.1624355!4d-76.3173551!16s%2Fg%2F11ls_8rgdh!19sChIJO0_XHMDl2YkR3lXLgaug05A,University Cardiology Group of Baldwinsville,,,Medical clinic,"138 E Genesee St, Baldwinsville, NY 13027, United States","5M6M+X3 Baldwinsville, New York, USA",https://www.upstate.edu/heart-services/outpatient/index.php,+1 315-720-1305,Closed · Opens 8 am Wed,https://streetviewpixels-pa.googleapis.com/v1/thumbnail?panoid=UiqxULBGS4c4JKWHHImKTw&cb_client=search.gws-prod.gps&w=408&h=240&yaw=30.194868&pitch=0&thumbfov=100,false,"https://www.google.com/maps/search/vein+clinics+in+Baldwinsville+Syracuse+NY/@43.1586786,-76.3327095,14z",2025-12-16T22:33:46.840Z,8 am–4:30 pm,8 am–4:30 pm,8 am–4:30 pm,8 am–4:30 pm,Closed,Closed,8 am–4:30 pm,,,,
https://www.google.com/maps/place/SkinRejuve+Esthetics/data=!4m7!3m6!1s0x89d9e5d9649535e9:0xaa2d61274a39b2ac!8m2!3d43.1218555!4d-76.2881237!16s%2Fg%2F11fq_fjg_t!19sChIJ6TWVZNnl2YkRrLI5SidhLao,SkinRejuve Esthetics,4.2,5,Skin care clinic,"7271 State Fair Blvd Suite #3, Baldwinsville, NY 13027, United States","4PC6+PQ Baldwinsville, New York, USA",http://www.skinrejuveesthetics.com/,+1 315-748-6650,Closed · Opens 10 am Wed,https://streetviewpixels-pa.googleapis.com/v1/thumbnail?panoid=hL6d4NtidtCWxp-TvvFXPA&cb_client=search.gws-prod.gps&w=408&h=240&yaw=230.49127&pitch=0&thumbfov=100,true,"https://www.google.com/maps/search/vein+clinics+in+Baldwinsville+Syracuse+NY/@43.1586786,-76.3327095,14z",2025-12-16T22:33:51.808Z,Closed,10 am–6 pm,10 am–6 pm,10 am–6 pm,10 am–4 pm,10 am–3 pm,Closed,,,,
https://www.google.com/maps/place/Vella+I+Michael+MD/data=!4m7!3m6!1s0x89d9e5bea0d2abb5:0x310a5f24d420c4e2!8m2!3d43.1703725!4d-76.2991668!16s%2Fg%2F12641xp5w!19sChIJtavSoL7l2YkR4sQg1CRfCjE,Vella I Michael MD,,,Doctor,"8276 Willett Pkwy, Baldwinsville, NY 13027, United States","5PC2+48 Baldwinsville, New York, USA",,+1 315-883-4915,,https://streetviewpixels-pa.googleapis.com/v1/thumbnail?panoid=5uQZIi0ikLPTQw9CtQgRNQ&cb_client=search.gws-prod.gps&w=408&h=240&yaw=14.985535&pitch=0&thumbfov=100,false,"https://www.google.com/maps/search/vein+clinics+in+Baldwinsville+Syracuse+NY/@43.1586786,-76.3327095,14z",2025-12-16T22:33:54.527Z,,,,,,,,,,,
https://www.google.com/maps/place/Laboratory+Alliance+of+CNY/data=!4m7!3m6!1s0x89d9e4f7cda76e87:0x5b404f3ad6f66944!8m2!3d43.1591844!4d-76.3313883!16s%2Fg%2F1tczwyck!19sChIJh26nzffk2YkRRGn21jpPQFs,Laboratory Alliance of CNY,3.2,54,Medical laboratory,"15 E Genesee St Suite #130, Baldwinsville, NY 13027, United States","5M59+MC Baldwinsville, New York, USA",http://laboratoryalliance.com/,+1 315-857-0329,Closed · Opens 8 am Wed,https://lh3.googleusercontent.com/gps-cs-s/AG0ilSyjdAUFvcTgMUBOHuOC510LwQhljuvASTupIklcVxM4UDWsd-R1Sjhku32rRjES-Qqr_tMwhWkvCULXpcyoUuTrdpZ0H9YcInT3Oswi10ttCDmmyrqrA7Ks2UfrPoNH8IPeL63I=w408-h548-k-no,false,"https://www.google.com/maps/search/vein+clinics+in+Baldwinsville+Syracuse+NY/@43.1586786,-76.3327095,14z",2025-12-16T22:33:59.513Z,8 am–4:30 pm,8 am–4:30 pm,8 am–4:30 pm,8 am–4:30 pm,8 am–12 pm,Closed,8 am–4:30 pm,,,,
https://www.google.com/maps/place/Angry+Smokehouse/data=!4m7!3m6!1s0x89d9e5e8fadcad63:0x538747e9796eabc3!8m2!3d43.1555278!4d-76.3331202!16s%2Fg%2F11s4f95fcw!19sChIJY63c-ujl2YkRw6tueelHh1M,Angry Smokehouse,4.4,660,Restaurant,"33 Water St, Baldwinsville, NY 13027, United States","5M48+6Q Baldwinsville, New York, USA",http://angrysmokehouse.com/,+1 315-800-6793,Open · Closes 11 pm,https://lh3.googleusercontent.com/gps-cs-s/AG0ilSz9p4c9IN5GFgbwFGVa7pmUg9z-5nAPZF4YRo9iuijQNaH4l47wSijOd3KVZ1KCOyYIUUD9eis7mOZGEtb4dVCy9iPmkbIMHb4wtCnegyUwi1HZMSuD0ZsMTqwJxEyGmeLTLoBw=w408-h543-k-no,true,"https://www.google.com/maps/search/vein+clinics+in+Baldwinsville+Syracuse+NY/@43.1586786,-76.3327095,14z",2025-12-16T22:34:04.692Z,11:30 am–11 pm,11:30 am–11 pm,11:30 am–11 pm,11:30 am–12 am,11:30 am–12 am,11:30 am–10 pm,Closed,LGBTQ+ friendly,,· Dine-in · Kerbside pickup · Delivery,
"https://www.google.com/maps/place/Dr.+J+T.+Riley,+MD/data=!4m7!3m6!1s0x89d9f3b14c7e4f17:0x595567548f61d387!8m2!3d43.0554909!4d-76.1480303!16s%2Fg%2F1tnssxzg!19sChIJF09-TLHz2YkRh9Nhj1RnVVk","Dr. J T. Riley, MD",2.0,2,Vascular surgeon,"104 Union Ave, Syracuse, NY 13203, United States","3V42+5Q Syracuse, New York, USA",,+1 315-424-0790,,https://streetviewpixels-pa.googleapis.com/v1/thumbnail?panoid=5cChfXTZ6G4kf-bPeyQN-g&cb_client=search.gws-prod.gps&w=408&h=240&yaw=119.63985&pitch=0&thumbfov=100,false,"https://www.google.com/maps/search/vein+clinics+in+Lyncourt+Syracuse+NY/@43.0826615,-76.1236012,14z",2025-12-16T22:34:18.373Z,,,,,,,,,,,
https://www.google.com/maps/place/Locastro+Vein+Center/data=!4m7!3m6!1s0x89d86f4979fd9b23:0x7351c46cf5aaf1c4!8m2!3d43.9463153!4d-75.9118675!16s%2Fg%2F11gzqh0my7!19sChIJI5v9eUlv2IkRxPGq9WzEUXM,Locastro Vein Center,5.0,1,Doctor,"22670 Summit Dr #3, Watertown, NY 13601, United States","W3WQ+G7 Watertown, New York, USA",https://www.locastroveincenter.com/,+1 315-685-7943,,https://streetviewpixels-pa.googleapis.com/v1/thumbnail?panoid=aImVlaGiOTkuHx6OU1B75g&cb_client=search.gws-prod.gps&w=408&h=240&yaw=186.94574&pitch=0&thumbfov=100,false,"https://www.google.com/maps/search/vein+clinics+in+Lyncourt+Syracuse+NY/@43.0826615,-76.1236012,14z",2025-12-16T22:34:21.084Z,,,,,,,,,,,
https://www.google.com/maps/place/Natural+Face+Clinics/data=!4m7!3m6!1s0x89d992968eb88387:0x27ae945c0b9fea36!8m2!3d43.1018127!4d-76.0590761!16s%2Fg%2F1z3tb7gm_!19sChIJh4O4jpaS2YkRNuqfC1yUric,Natural Face Clinics,4.8,340,Plastic surgeon,"B 4939 Brittonfield Pkwy # 210, East Syracuse, NY 13057, United States","4W2R+P9 East Syracuse, New York, USA",http://www.naturalfacecenters.com/?utm_source=google&utm_medium=localsearch&utm_campaign=gmb,+1 315-670-4468,"Closed · Opens 8 am Wed

Updated by this business 5 weeks ago",https://lh3.googleusercontent.com/p/AF1QipNCFedshlRsr3mJw0oGXP6Mgfl2R4RqFVCj2b02=w408-h306-k-no,true,"https://www.google.com/maps/search/vein+clinics+in+Lyncourt+Syracuse+NY/@43.0826615,-76.1236012,14z",2025-12-16T22:34:25.938Z,8 am–4:30 pm,8 am–4:30 pm,8 am–4:30 pm,8 am–3:30 pm,Closed,Closed,8 am–4:30 pm,,,,
https://www.google.com/maps/place/Clinical+Laser+Aesthetics/data=!4m7!3m6!1s0x89d98d11462b0503:0x5d7111a2c0814534!8m2!3d43.0641284!4d-76.0563545!16s%2Fg%2F1tq6l1qc!19sChIJAwUrRhGN2YkRNEWBwKIRcV0,Clinical Laser Aesthetics,5.0,8,Spa,"6701 Manlius Center Rd Suite 111, East Syracuse, NY 13057, United States","3W7V+MF East Syracuse, New York, USA",http://clalasers.com/,+1 315-630-8547,"Closed · Opens 9 am Wed

Confirmed by this business 2 weeks ago",https://lh3.googleusercontent.com/p/AF1QipMprb770qCI5WkzKHrzy9HsguPoeTF86fL1f0vZ=w427-h240-k-no,true,"https://www.google.com/maps/search/vein+clinics+in+Lyncourt+Syracuse+NY/@43.0826615,-76.1236012,14z",2025-12-16T22:34:30.998Z,9 am–5 pm,9 am–5 pm,9 am–5 pm,9 am–5 pm,Closed,Closed,9 am–5 pm,,,,
https://www.google.com/maps/place/Syracuse+Hernia+Center/data=!4m7!3m6!1s0x89d9edc24178fe09:0x9d89a16aa4df815b!8m2!3d43.1201337!4d-76.1605346!16s%2Fg%2F1wtbvwj2!19sChIJCf54QcLt2YkRW4HfpGqhiZ0,Syracuse Hernia Center,4.7,98,Doctor,"5100 W Taft Rd #2r, Liverpool, NY 13088, United States","4RCQ+3Q Liverpool, New York, USA",https://www.syracuseherniacenter.com/,+1 315-452-2727,Closed · Opens 8 am Wed,https://lh3.googleusercontent.com/p/AF1QipNeFQn7b2tKuhyQB67XsA5zR5l2r_tBt8bVHLMK=w408-h510-k-no,true,"https://www.google.com/maps/search/vein+clinics+in+Lyncourt+Syracuse+NY/@43.0826615,-76.1236012,14z",2025-12-16T22:34:35.799Z,8 am–4:30 pm,8 am–4:30 pm,8 am–4:30 pm,8 am–4:30 pm,Closed,Closed,8 am–4:30 pm,LGBTQ+ friendly,,,
https://www.google.com/maps/place/Syracuse+General+Surgery+PC/data=!4m7!3m6!1s0x89d99367080c0255:0xed421b07872c190b!8m2!3d43.1016648!4d-76.058717!16s%2Fg%2F11sy01tr_m!19sChIJVQIMCGeT2YkRCxkshwcbQu0,Syracuse General Surgery PC,5.0,1,Surgical center,"4939 Brittonfield Pkwy #208, East Syracuse, NY 13057, United States","4W2R+MG East Syracuse, New York, USA",https://www.syracusegeneralsurgery.com/,+1 315-898-8740,Closed · Opens 8:30 am Wed,https://lh3.googleusercontent.com/p/AF1QipNOhfYiq_Z5270knqSk7kROZqJ_PZB9uRlabGSS=w426-h240-k-no,true,"https://www.google.com/maps/search/vein+clinics+in+Lyncourt+Syracuse+NY/@43.0826615,-76.1236012,14z",2025-12-16T22:34:40.581Z,8:30 am–4:30 pm,8:30 am–4:30 pm,8:30 am–4:30 pm,8:30 am–4:30 pm,Closed,Closed,8:30 am–4:30 pm,,,,
https://www.google.com/maps/place/Syracuse+Weight+Loss+and+Laser-like+LIpo-Suction+Center/data=!4m7!3m6!1s0x89d9ed70743f9edd:0x9d1e9ad0b603d39c!8m2!3d43.1018695!4d-76.1451591!16s%2Fg%2F11g072v6ks!19sChIJ3Z4_dHDt2YkRnNMDttCaHp0,Syracuse Weight Loss and Laser-like LIpo-Suction Center,,,Health consultant,"2506 Brewerton Rd #1543, Syracuse, NY 13211, United States","4V23+PW Syracuse, New York, USA",,+1 315-532-1410,,https://streetviewpixels-pa.googleapis.com/v1/thumbnail?panoid=zkV8iYnyyfAUwizptLEmwg&cb_client=search.gws-prod.gps&w=408&h=240&yaw=88.523026&pitch=0&thumbfov=100,false,"https://www.google.com/maps/search/vein+clinics+in+Lyncourt+Syracuse+NY/@43.0826615,-76.1236012,14z",2025-12-16T22:34:43.302Z,,,,,,,,,,,
https://www.google.com/maps/place/The+Center+for+Orthopedic+%26+Spine+Care+at+St.+Joseph%27s/data=!4m7!3m6!1s0x89d9f3b14ba58af9:0xeec2d7e2242e46f6!8m2!3d43.0559585!4d-76.1495044!16s%2Fg%2F11g_y1x2f!19sChIJ-YqlS7Hz2YkR9kYuJOLXwu4,The Center for Orthopedic & Spine Care at St. Joseph's,5.0,1,Hospital department,"301 Prospect Ave, Syracuse, NY 13203, United States","3V42+95 Syracuse, New York, USA",http://www.sjhsyr.org/ortho,+1 315-703-2138,,https://streetviewpixels-pa.googleapis.com/v1/thumbnail?panoid=PrGNqj6EawAehcJM1cHoIg&cb_client=search.gws-prod.gps&w=408&h=240&yaw=333.42822&pitch=0&thumbfov=100,false,"https://www.google.com/maps/search/vein+clinics+in+Lyncourt+Syracuse+NY/@43.0826615,-76.1236012,14z",2025-12-16T22:34:46.109Z,,,,,,,,,,,
"https://www.google.com/maps/place/Crouse+Medical+Practice+Plastic+and+Reconstructive+Surgery+-+Stephan+Barrientos,+MD/data=!4m7!3m6!1s0x89d941c14e7d515b:0xaabfda61b0af0571!8m2!3d43.1011003!4d-76.0561035!16s%2Fg%2F11k_lv5zfm!19sChIJW1F9TsFB2YkRcQWvsGHav6o","Crouse Medical Practice Plastic and Reconstructive Surgery - Stephan Barrientos, MD",5.0,30,Plastic surgeon,"5000 Brittonfield Pkwy Suite A125, East Syracuse, NY 13057, United States","4W2V+CH East Syracuse, New York, USA",https://crousemed.com/plastic-surgery-east-syracuse/,+1 315-766-1101,Closed · Opens 8 am Wed,https://lh3.googleusercontent.com/p/AF1QipMcgfiUpoWqPkJXwOOZytZeqIY37Zl8COTLkid6=w408-h351-k-no,true,"https://www.google.com/maps/search/vein+clinics+in+Lyncourt+Syracuse+NY/@43.0826615,-76.1236012,14z",2025-12-16T22:34:51.088Z,8 am–4:30 pm,8 am–4:30 pm,8 am–4:30 pm,8 am–4:30 pm,Closed,Closed,8 am–4:30 pm,,,,
https://www.google.com/maps/place/St.+Joseph%27s+Health+Hospital/data=!4m7!3m6!1s0x89d9f3b14b6e5265:0x6d14b9a46dac9bfe!8m2!3d43.0559034!4d-76.1493326!16s%2Fm%2F04g3dsv!19sChIJZVJuS7Hz2YkR_pusbaS5FG0,St. Joseph's Health Hospital,2.7,472,Hospital,"301 Prospect Ave, Syracuse, NY 13203, United States","3V42+97 Syracuse, New York, USA",http://www.sjhsyr.org/,+1 315-448-5111,,https://lh3.googleusercontent.com/gps-cs-s/AG0ilSzaP63NJ-ecPVxGAf2SO_QKc2ofypRa-ryLiYxsJXNPzTYNskqWDXL_HnZx24ga1SeUo4K9JGnQ6CMnFq10wUMVSoncbICigPIRb3rOOQOQJe2rnKds4VwwCPzfmg5RwVIjrHse4Q=w408-h544-k-no,true,"https://www.google.com/maps/search/vein+clinics+in+Lyncourt+Syracuse+NY/@43.0826615,-76.1236012,14z",2025-12-16T22:34:56.052Z,Open 24 hours,Open 24 hours,Open 24 hours,Open 24 hours,Open 24 hours,Open 24 hours,Open 24 hours,,,,
https://www.google.com/maps/place/Ferrer+%26+Monaghan+Vein+and+Aesthetic+Center/data=!4m7!3m6!1s0x89d0827bc12c5b03:0xccd26cfd83b820cc!8m2!3d42.4794577!4d-76.4642151!16s%2Fg%2F1td0zg11!19sChIJA1sswXuC0IkRzCC4g_1s0sw,Ferrer & Monaghan Vein and Aesthetic Center,4.7,25,Medical spa,"8 Brentwood Dr Suites A & C, Ithaca, NY 14850, United States","FGHP+Q8 Ithaca, New York, USA",https://veinandaestheticcenter.com/?utm_source=gbp&utm_medium=organic,+1 607-257-2116,Closed · Opens 8 am Wed,https://lh3.googleusercontent.com/p/AF1QipNFsMDpGVPtlM2LTyUez0XcCKd9RJMEhqcOezBP=w408-h405-k-no,true,"https://www.google.com/maps/search/vein+clinics+in+Lyncourt+Syracuse+NY/@43.0826615,-76.1236012,14z",2025-12-16T22:35:00.878Z,8 am–4:30 pm,8 am–4:30 pm,8 am–4:30 pm,8 am–4:30 pm,Closed,Closed,8 am–4:30 pm,,,,
https://www.google.com/maps/place/Surgical+Care+East/data=!4m7!3m6!1s0x89d9f55ed32b4fe3:0x25d36d69b22f60a5!8m2!3d43.0078725!4d-76.1680308!16s%2Fg%2F11qnk8vkmz!19sChIJ408r01712YkRpWAvsmlt0yU,Surgical Care East,5.0,1,Medical clinic,"4900 Broad Rd Ste 4U Bldg N, Syracuse, NY 13215, United States","2R5J+4Q Syracuse, New York, USA",http://www.surgicalcareeast.com/,+1 315-492-5777,Closed · Opens 9 am Wed,https://streetviewpixels-pa.googleapis.com/v1/thumbnail?panoid=FovhjO664IPAMeO3zVOeAQ&cb_client=search.gws-prod.gps&w=408&h=240&yaw=15.33737&pitch=0&thumbfov=100,true,"https://www.google.com/maps/search/vein+clinics+in+Lyncourt+Syracuse+NY/@43.0826615,-76.1236012,14z",2025-12-16T22:35:05.522Z,9 am–5 pm,9 am–5 pm,9 am–5 pm,9 am–5 pm,Closed,Closed,9 am–5 pm,,,,
https://www.google.com/maps/place/CSL+Plasma/data=!4m7!3m6!1s0x89d9f2f18d864af1:0xc84268e120743fdb!8m2!3d43.0723661!4d-76.1204591!16s%2Fg%2F11f3vj__lq!19sChIJ8UqGjfHy2YkR2z90IOFoQsg,CSL Plasma,3.1,176,Blood donation center,"416 Grant Blvd, Syracuse, NY 13206, United States","3VCH+WR Syracuse, New York, USA",https://www.cslplasma.com/center/196,+1 315-728-9424,Open · Closes 7 pm,https://lh3.googleusercontent.com/p/AF1QipPn3MnqW3zJlyHbubHRy7Z41LAa3aW7rFILORMj=w425-h240-k-no,true,"https://www.google.com/maps/search/vein+clinics+in+Lyncourt+Syracuse+NY/@43.0826615,-76.1236012,14z",2025-12-16T22:35:10.677Z,7 am–7 pm,7 am–7 pm,7 am–7 pm,7 am–7 pm,8 am–3 pm,Closed,7 am–7 pm,,,,
"https://www.google.com/maps/place/CNY+Family+Care,+LLP/@43.1015514,-76.0585449,17z/data=!3m1!4b1!4m6!3m5!1s0x89d992968eb88387:0xbc194784f54ccb8f!8m2!3d43.1015514!4d-76.0585449!16s%2Fg%2F1td39797","CNY Family Care, LLP",3.2,281,Medical group,"4939 Brittonfield Pkwy, East Syracuse, NY 13057, United States","4W2R+JH East Syracuse, New York, USA",http://www.cnyfamilycare.org/,+1 315-463-1600,Open · Closes 8 pm,,false,"https://www.google.com/maps/search/vein+clinics+in+Lyncourt+Syracuse+NY/@43.0826615,-76.1236012,14z",2025-12-16T22:35:17.666Z,8 am–8 pm,8 am–8 pm,8 am–8 pm,8 am–8 pm,9 am–2 pm,10 am–2 pm,8 am–8 pm,,,,
https://www.google.com/maps/place/Neulander+Ovid+O+MD/data=!4m7!3m6!1s0x89d9f422799e6dbb:0x3b12435afa2600c0!8m2!3d43.008206!4d-76.1675801!16s%2Fg%2F1tgnn1x5!19sChIJu22eeSL02YkRwAAm-lpDEjs,Neulander Ovid O MD,,,Vascular surgeon,"4900 Broad Rd #4U, Syracuse, NY 13215, United States","2R5J+7X Syracuse, New York, USA",http://www.upstate.edu/,+1 315-492-5777,,https://streetviewpixels-pa.googleapis.com/v1/thumbnail?panoid=oEN46vIBSIVprvVAmx4JLA&cb_client=search.gws-prod.gps&w=408&h=240&yaw=0.48174566&pitch=0&thumbfov=100,false,"https://www.google.com/maps/search/vein+clinics+in+Lyncourt+Syracuse+NY/@43.0826615,-76.1236012,14z",2025-12-16T22:35:20.296Z,,,,,,,,,,,
https://www.google.com/maps/place/Surgical+Specialty+Center/data=!4m7!3m6!1s0x89d9f3a2389de01d:0x8b650b1b5a6a1a57!8m2!3d43.0424812!4d-76.1398389!16s%2Fg%2F1tk6wx6n!19sChIJHeCdOKLz2YkRVxpqWhsLZYs,Surgical Specialty Center,3.7,7,Surgical center,"750 E Adams St, Syracuse, NY 13210, United States","2VR6+X3 Syracuse, New York, USA",https://www.upstate.edu/healthcare/providers/location.php?clinicID=1102,+1 315-464-1800,,https://streetviewpixels-pa.googleapis.com/v1/thumbnail?panoid=OvSEdw5HbEDzz9XLbamAHA&cb_client=search.gws-prod.gps&w=408&h=240&yaw=98.84231&pitch=0&thumbfov=100,false,"https://www.google.com/maps/search/vein+clinics+in+Lyncourt+Syracuse+NY/@43.0826615,-76.1236012,14z",2025-12-16T22:35:22.968Z,,,,,,,,,,,
https://www.google.com/maps/place/US+Veterans+Medical+Center:+Webster+Jr+Dwight+A+MD/data=!4m7!3m6!1s0x89d9f39920a18351:0xdf9cbc8de7952987!8m2!3d43.0386856!4d-76.1390746!16s%2Fg%2F1ts1nmyg!19sChIJUYOhIJnz2YkRhymV5428nN8,US Veterans Medical Center: Webster Jr Dwight A MD,,,Vascular surgeon,"800 Irving Ave # C726, Syracuse, NY 13210, United States","2VQ6+F9 Syracuse, New York, USA",http://www.syracuse.va.gov/,+1 315-425-4400,,https://streetviewpixels-pa.googleapis.com/v1/thumbnail?panoid=FvgV5_OgUuLAO0sv9WfuDQ&cb_client=search.gws-prod.gps&w=408&h=240&yaw=86.951706&pitch=0&thumbfov=100,false,"https://www.google.com/maps/search/vein+clinics+in+Lyncourt+Syracuse+NY/@43.0826615,-76.1236012,14z",2025-12-16T22:35:25.584Z,,,,,,,,,,,
https://www.google.com/maps/place/St.+Josephs+Physicians+Surgical+Service/data=!4m7!3m6!1s0x89d9edc1ff1eff45:0x6ccacb99af5ef5df!8m2!3d43.1201337!4d-76.1605346!16s%2Fg%2F11c31sk50t!19sChIJRf8e_8Ht2YkR3_Ver5nLymw,St. Josephs Physicians Surgical Service,5.0,2,Surgical center,"5100 W Taft Rd # 1C, Liverpool, NY 13088, United States","4RCQ+3Q Liverpool, New York, USA",,+1 315-634-3399,Closed · Opens 8 am Wed,https://lh3.googleusercontent.com/gps-cs-s/AG0ilSwhgdXfmhl0Oi084ENxakctK8ACgNDGtKCGbx4lDOoyDTudqkNLc9uNKhmKJ8Nhe1azUccn4UrWyiSBVyQNPNgEdkbwxcbhFK4GxD8MFC6ovGCOf14Kl_hsn7xjP8aRWRnGIIy5=w408-h306-k-no,false,"https://www.google.com/maps/search/vein+clinics+in+Liverpool+Syracuse+NY/@43.102511,-76.2047882,14z",2025-12-16T22:35:39.666Z,8 am–5 pm,8 am–5 pm,8 am–5 pm,8 am–5 pm,Closed,Closed,8 am–5 pm,,,,
https://www.google.com/maps/place/St.+Joseph%27s+Imaging+Associates+-+North/data=!4m7!3m6!1s0x89d9ede06107a613:0x972d29bc71fe925c!8m2!3d43.120182!4d-76.160827!16s%2Fg%2F1tk6wx67!19sChIJE6YHYeDt2YkRXJL-cbwpLZc,St. Joseph's Imaging Associates - North,3.1,36,Medical diagnostic imaging center,"5100 W Taft Rd #2a, Liverpool, NY 13088, United States","4RCQ+3M Liverpool, New York, USA",http://www.stjosephsimaging.com/,+1 315-452-2555,Closed · Opens 8 am Wed,https://lh3.googleusercontent.com/p/AF1QipNRwZ-3Pc6xCMcxEh5mdYBpNdN_P4LeTDHYYD1b=w630-h240-k-no,true,"https://www.google.com/maps/search/vein+clinics+in+Liverpool+Syracuse+NY/@43.102511,-76.2047882,14z",2025-12-16T22:35:44.570Z,8 am–4:30 pm,8 am–4:30 pm,8 am–4:30 pm,8 am–4:30 pm,Closed,Closed,8 am–4:30 pm,,,,
https://www.google.com/maps/place/Lipo+Laser+CNY/data=!4m7!3m6!1s0x89d98c4628cc6f6d:0x98f440a77260cbf1!8m2!3d43.1020073!4d-76.2071931!16s%2Fg%2F12hlpyxw3!19sChIJbW_MKEaM2YkR8ctgcqdA9Jg,Lipo Laser CNY,4.5,31,Medical spa,"within Blunt Salon, 304 1st St, Liverpool, NY 13088, United States","4Q2V+R4 Liverpool, New York, USA",,+1 315-632-4359,Closed · Opens 8 am Wed,https://lh3.googleusercontent.com/p/AF1QipMV-IBImb4cYOZGTWPtPXJNXwiHu5Eg_OoYPOlK=w439-h240-k-no,true,"https://www.google.com/maps/search/vein+clinics+in+Liverpool+Syracuse+NY/@43.102511,-76.2047882,14z",2025-12-16T22:35:49.365Z,8 am–5 pm,8 am–5 pm,Closed,8 am–3 pm,Closed,Closed,8 am–5 pm,,,,
https://www.google.com/maps/place/Syracuse+Medical+Aesthetics/data=!4m7!3m6!1s0x89d9eddf1d1a45e5:0x730bae2c425ab83e!8m2!3d43.1201337!4d-76.1605346!16s%2Fg%2F11w7_y2qq3!19sChIJ5UUaHd_t2YkRPrhaQiyuC3M,Syracuse Medical Aesthetics,,,Medical clinic,"5100 W Taft Rd #2r, Liverpool, NY 13088, United States","4RCQ+3Q Liverpool, New York, USA",https://www.syracusemedicalaesthetics.com/,+1 315-220-9866,Closes soon · 6 pm · Opens 10 am Wed,https://lh3.googleusercontent.com/p/AF1QipMQ_WdEnmeeFy9YPqKd4sJbwQwIJYSAoIplBGjC=w408-h271-k-no,true,"https://www.google.com/maps/search/vein+clinics+in+Liverpool+Syracuse+NY/@43.102511,-76.2047882,14z",2025-12-16T22:35:54.115Z,10 am–6 pm,10 am–6 pm,10 am–6 pm,10 am–6 pm,10 am–2 pm,10 am–2 pm,10 am–6 pm,,,,
"https://www.google.com/maps/place/Travis+Webb,+MD/data=!4m7!3m6!1s0x89d9edc1fc154457:0x91605e32bef5a52b!8m2!3d43.1201337!4d-76.1605346!16s%2Fg%2F11p079fcm8!19sChIJV0QV_MHt2YkRK6X1vjJeYJE","Travis Webb, MD",4.7,14,Surgeon,"5100 W Taft Rd # 1C, Liverpool, NY 13088, United States",,https://www.sjhsyr.org/provider/travis-webb-md-general-surgery,+1 315-634-3399,Open 24 hours,https://streetviewpixels-pa.googleapis.com/v1/thumbnail?panoid=CsAiE4k-tHp0HcDb0wHOGA&cb_client=search.gws-prod.gps&w=408&h=240&yaw=67.40796&pitch=0&thumbfov=100,true,"https://www.google.com/maps/search/vein+clinics+in+Liverpool+Syracuse+NY/@43.102511,-76.2047882,14z",2025-12-16T22:35:59.062Z,Open 24 hours,Open 24 hours,Open 24 hours,Open 24 hours,Open 24 hours,Open 24 hours,Open 24 hours,,,,
https://www.google.com/maps/place/Clarify+Medical+Aesthetics/data=!4m7!3m6!1s0x89d9eda5baff2c61:0xd8473b597f2804ef!8m2!3d43.1217979!4d-76.1771876!16s%2Fg%2F11wbvqfd86!19sChIJYSz_uqXt2YkR7wQof1k7R9g,Clarify Medical Aesthetics,5.0,2,Skin care clinic,"4871 W Taft Rd, Liverpool, NY 13088, United States","4RCF+P4 Liverpool, New York, USA",https://clarifyexperience.com/,+1 315-800-0788,"Closes soon · 6 pm · Opens 8:30 am Wed

Confirmed by this business 1 week ago",https://streetviewpixels-pa.googleapis.com/v1/thumbnail?panoid=X1k5nw_DCF9oPrfc4bqsuA&cb_client=search.gws-prod.gps&w=408&h=240&yaw=301.05334&pitch=0&thumbfov=100,true,"https://www.google.com/maps/search/vein+clinics+in+Liverpool+Syracuse+NY/@43.102511,-76.2047882,14z",2025-12-16T22:36:04.092Z,10 am–6 pm,8:30 am–5 pm,8:30 am–5 pm,8:30 am–3 pm,Closed,Closed,8:30 am–5 pm,,,,
https://www.google.com/maps/place/Rejuvn8+Aesthetics+-+Syracuse/data=!4m7!3m6!1s0x89d9edd3f7481707:0x2b10dcfe87d98fc9!8m2!3d43.1363014!4d-76.1722223!16s%2Fg%2F1tdwwpb0!19sChIJBxdI99Pt2YkRyY_Zh_7cECs,Rejuvn8 Aesthetics - Syracuse,4.9,631,Medical spa,"4971 Bear Rd, Liverpool, NY 13088, United States","4RPH+G4 Liverpool, New York, USA",https://www.rejuvn8.com/,+1 315-932-6869,Closes soon · 6 pm · Opens 10 am Wed,https://lh3.googleusercontent.com/p/AF1QipMf8QlsdnNhFzZUP0o2O5rFZJb9lu7vTwW5cNUT=w408-h408-k-no,true,"https://www.google.com/maps/search/vein+clinics+in+Liverpool+Syracuse+NY/@43.102511,-76.2047882,14z",2025-12-16T22:36:09.118Z,10 am–6 pm,10 am–6 pm,10 am–7 pm,9 am–5 pm,Closed,Closed,Closed,LGBTQ+ friendly,,,
https://www.google.com/maps/place/St.+Joseph%E2%80%99s+Health+Cardiovascular+Institute+-+Outpatient+Programs/data=!4m7!3m6!1s0x89d9f1d66bc9a419:0x613fcd928aec3dd6!8m2!3d43.120214!4d-76.1654547!16s%2Fg%2F1tjz8yn8!19sChIJGaTJa9bx2YkR1j3sipLNP2E,St. Joseph’s Health Cardiovascular Institute - Outpatient Programs,3.0,2,Medical clinic,"7646 Janus Park Dr, Liverpool, NY 13088, United States","4RCM+3R Liverpool, New York, USA",,+1 315-458-7171,,https://streetviewpixels-pa.googleapis.com/v1/thumbnail?panoid=G1fcbdxDS3Bvva44ycFczQ&cb_client=search.gws-prod.gps&w=408&h=240&yaw=181.19296&pitch=0&thumbfov=100,true,"https://www.google.com/maps/search/vein+clinics+in+Liverpool+Syracuse+NY/@43.102511,-76.2047882,14z",2025-12-16T22:36:12.098Z,,,,,,,,,,,
"https://www.google.com/maps/place/Specialty+Surgery+Center+of+Central+New+York/@43.0824914,-76.1742838,17z/data=!3m1!4b1!4m6!3m5!1s0x89d9f221c3ad30e5:0x512ab8f1cb67057f!8m2!3d43.0824914!4d-76.1742838!16s%2Fg%2F1tf6sssq",Specialty Surgery Center of Central New York,4.8,16,Medical Center,"225 Greenfield Pkwy #105, Liverpool, NY 13088, United States","3RJG+X7 Liverpool, New York, USA",https://www.sscofcny.com/,+1 315-451-6911,Closed · Opens 7 am Wed,,false,"https://www.google.com/maps/search/vein+clinics+in+Liverpool+Syracuse+NY/@43.102511,-76.2047882,14z",2025-12-16T22:36:18.821Z,7 am–4:30 pm,7 am–4:30 pm,7 am–4:30 pm,7 am–4:30 pm,Closed,Closed,7 am–4:30 pm,,,,
https://www.google.com/maps/place/Dr.+Andrew+Weinberg/data=!4m7!3m6!1s0x89d9edc23d9e75a7:0x3025bab122d85585!8m2!3d43.121321!4d-76.161896!16s%2Fg%2F11p079n0zx!19sChIJp3WePcLt2YkRhVXYIrG6JTA,Dr. Andrew Weinberg,5.0,5,Internist,"5112 W Taft Rd # J, Liverpool, NY 13088, United States","4RCQ+G6 Liverpool, New York, USA",https://www.upstate.edu/healthcare/providers/doctor.php?docID=weinbean,+1 315-701-2170,,https://streetviewpixels-pa.googleapis.com/v1/thumbnail?panoid=TXw72gfSHgG6-27CaWA5lg&cb_client=search.gws-prod.gps&w=408&h=240&yaw=173.5392&pitch=0&thumbfov=100,false,"https://www.google.com/maps/search/vein+clinics+in+Liverpool+Syracuse+NY/@43.102511,-76.2047882,14z",2025-12-16T22:36:21.553Z,,,,,,,,,,,
https://www.google.com/maps/place/Liberty+Dialysis+Liverpool/data=!4m7!3m6!1s0x89d9f21b4c1a3ea9:0xbe0edf2d5eafa0cb!8m2!3d43.0930312!4d-76.1702728!16s%2Fg%2F1tt1j69x!19sChIJqT4aTBvy2YkRy6CvXi3fDr4,Liberty Dialysis Liverpool,5.0,1,Dialysis center,"1304 Buckley Rd, Syracuse, NY 13212, United States","3RVH+6V Syracuse, New York, USA",https://www.freseniuskidneycare.com/dialysis-centers/new-york/8675?utm_campaign=Website&utm_medium=&utm_source=YextGMB&utm_content=8675&y_source=1_MjYyNDE3Mi03MTUtbG9jYXRpb24ud2Vic2l0ZQ%3D%3D,+1 800-881-5101,Closed · Opens 5 am Wed,https://streetviewpixels-pa.googleapis.com/v1/thumbnail?panoid=7SK0XHWKXZ5zka6yX3EJ_w&cb_client=search.gws-prod.gps&w=408&h=240&yaw=206.34476&pitch=0&thumbfov=100,true,"https://www.google.com/maps/search/vein+clinics+in+Liverpool+Syracuse+NY/@43.102511,-76.2047882,14z",2025-12-16T22:36:26.666Z,5 am–4 pm,5 am–4 pm,5 am–4 pm,5 am–4 pm,5 am–4 pm,Closed,5 am–4 pm,,,,
https://www.google.com/maps/place/Neulander+Ovid+O+MD/data=!4m7!3m6!1s0x89d9fa1fff43c561:0x4ccd005ec04f273f!8m2!3d43.0407252!4d-76.2944248!16s%2Fg%2F1vxvjvrx!19sChIJYcVD_x_62YkRPydPwF4AzUw,Neulander Ovid O MD,5.0,1,Vascular surgeon,"5700 Genesee St #201n, Camillus, NY 13031, United States","2PR4+76 Camillus, New York, USA",,+1 315-488-5588,,https://streetviewpixels-pa.googleapis.com/v1/thumbnail?panoid=4VIok8oVVcDGDJ__eIjAFw&cb_client=search.gws-prod.gps&w=408&h=240&yaw=253.66272&pitch=0&thumbfov=100,false,"https://www.google.com/maps/search/vein+clinics+in+Fairmount+Syracuse+NY/@43.0472886,-76.2385383,14z",2025-12-16T22:36:38.756Z,,,,,,,,,,,
https://www.google.com/maps/place/Monroe+MedSpa+-+Syracuse/data=!4m7!3m6!1s0x89d9f0ae76514609:0x208910a1ec776001!8m2!3d43.041581!4d-76.271145!16s%2Fg%2F11c61m648x!19sChIJCUZRdq7w2YkRAWB37KEQiSA,Monroe MedSpa - Syracuse,4.9,203,Medical spa,"5316 W Genesee St, Camillus, NY 13031, United States","2PRH+JG Camillus, New York, USA",https://syracuse.monroemedspa.com/?utm_source=google&utm_medium=organic&utm_campaign=gbp&utm_term=Monroe-MedSpa-Syracuse&utm_content=website,+1 315-204-0645,Closes soon · 6 pm · Opens 9 am Wed,https://lh3.googleusercontent.com/p/AF1QipMl3txFWYmCf_l0gMv12fIHefU6nXYLaiHhz3aF=w426-h240-k-no,true,"https://www.google.com/maps/search/vein+clinics+in+Fairmount+Syracuse+NY/@43.0472886,-76.2385383,14z",2025-12-16T22:36:43.559Z,9 am–6 pm,9 am–6 pm,9 am–6 pm,9 am–2 pm,Closed,Closed,9 am–6 pm,LGBTQ+ friendly,,,
https://www.google.com/maps/place/WellNow+Urgent+Care/data=!4m7!3m6!1s0x89d9f15bb0118a3d:0x4e2e4b05216f6f63!8m2!3d43.046955!4d-76.2399694!16s%2Fg%2F11ht6p2v9b!19sChIJPYoRsFvx2YkRY29vIQVLLk4,WellNow Urgent Care,4.7,952,Urgent care center,"3800 W Genesee St, Syracuse, NY 13219, United States","2QW6+Q2 Syracuse, New York, USA",https://www.wellnow.com/urgent-care-centers/new-york/syracuse/3800-west-genesee-st-13219/?utm_source=googleplaces&utm_medium=lociqgoogleplaces&utm_content=listing,+1 315-552-9080,,https://lh3.googleusercontent.com/p/AF1QipOg0vZzgh6VeSPgT7ITCFAIz0CsJgdnmUJ9aQuM=w426-h240-k-no,true,"https://www.google.com/maps/search/vein+clinics+in+Fairmount+Syracuse+NY/@43.0472886,-76.2385383,14z",2025-12-16T22:36:48.643Z,Open 24 hours,Open 24 hours,Open 24 hours,Open 24 hours,Open 24 hours,Open 24 hours,Open 24 hours,,,,
https://www.google.com/maps/place/Endoscopic+Procedure+Center/data=!4m7!3m6!1s0x89d9fa0b06e29a07:0xdd82200ff9bb2d42!8m2!3d43.0557236!4d-76.2747049!16s%2Fg%2F11c440p050!19sChIJB5riBgv62YkRQi27-Q8ggt0,Endoscopic Procedure Center,3.5,11,Medical clinic,"Township 5 Medical Park, 260 Township Blvd Suite 10, Camillus, NY 13031, United States","3P4G+74 Camillus, New York, USA",,+1 315-488-3905,Closed · Opens 7 am Wed,https://streetviewpixels-pa.googleapis.com/v1/thumbnail?panoid=U2hHYMBHg8n1H5ivE0vXtg&cb_client=search.gws-prod.gps&w=408&h=240&yaw=0.87231517&pitch=0&thumbfov=100,false,"https://www.google.com/maps/search/vein+clinics+in+Fairmount+Syracuse+NY/@43.0472886,-76.2385383,14z",2025-12-16T22:36:53.480Z,7 am–4 pm,7 am–4 pm,7 am–4 pm,7 am–4 pm,Closed,Closed,7 am–4 pm,,,,
https://www.google.com/maps/place/VCA+Fairmount+Animal+Hospital/data=!4m7!3m6!1s0x89d9f0c5b2ab6f21:0xda81f606e1715ff9!8m2!3d43.0453532!4d-76.242772!16s%2Fg%2F12lkwd9k0!19sChIJIW-rssXw2YkR-V9x4Qb2gdo,VCA Fairmount Animal Hospital,4.5,504,Veterinarian,"4101 W Genesee St, Syracuse, NY 13219, United States","2QW4+4V Syracuse, New York, USA",https://vcahospitals.com/fairmount?utm_source=maps&utm_medium=organic&utm_campaign=AU_1313,+1 315-468-3446,Closes soon · 6 pm · Opens 8 am Wed,https://lh3.googleusercontent.com/gps-cs-s/AG0ilSzHQxQSVPuAW0xBDrZasrI17Wmc24B8H7mipOwo9ZPBlUJ7UBNcNrpb1J2wx7pikIk6zP_LhWDscdZpFLamCQnttnqrJlw0dSLZfT3nULrHYlN8T-Qeyu1JbOXfBEiUlcFzLDzbjA=w408-h544-k-no,true,"https://www.google.com/maps/search/vein+clinics+in+Fairmount+Syracuse+NY/@43.0472886,-76.2385383,14z",2025-12-16T22:36:58.332Z,8 am–6 pm,8 am–6 pm,8 am–6 pm,8 am–6 pm,Closed,Closed,8 am–6 pm,LGBTQ+ friendly,,,
https://www.google.com/maps/place/Fairmount+Animal+Hospital:+Behrens+Losito+Suzanne+DVM/data=!4m7!3m6!1s0x89d9f0c5b2ab6f21:0xdcdc019b1134dcfc!8m2!3d43.0460668!4d-76.2426981!16s%2Fg%2F1thgcfwd!19sChIJIW-rssXw2YkR_Nw0EZsB3Nw,Fairmount Animal Hospital: Behrens Losito Suzanne DVM,4.5,17,Veterinarian,"4101 W Genesee St, Syracuse, NY 13219, United States","2QW4+CW Syracuse, New York, USA",https://vcahospitals.com/fairmount/team,+1 315-468-3446,Closes soon · 6 pm · Opens 8 am Wed,https://lh3.googleusercontent.com/gps-cs-s/AG0ilSwNMY6GTgMgZlDWO3Dv9fVrMtIQACMcWnPjJ6A7bPYqXD-ADB0WXAJJlRn_cdsWYH8BwY3NhjuJZ5zbYunpv8CAATTkCRauVQZwtEnA9Fd76xeY0dkTC_VeIZ8t8FlQ6pWudrI_=w408-h541-k-no,false,"https://www.google.com/maps/search/vein+clinics+in+Fairmount+Syracuse+NY/@43.0472886,-76.2385383,14z",2025-12-16T22:37:03.167Z,8 am–6 pm,8 am–6 pm,8 am–6 pm,8 am–6 pm,Closed,Closed,8 am–6 pm,,,,
https://www.google.com/maps/place/Cohen+Robert+W+MD/data=!4m7!3m6!1s0x89d9fa1fff43c561:0x3c64af3b0664d581!8m2!3d43.0407252!4d-76.2944248!16s%2Fg%2F1tfh5nhh!19sChIJYcVD_x_62YkRgdVkBjuvZDw,Cohen Robert W MD,,,Vascular surgeon,"5700 Genesee St #201n, Camillus, NY 13031, United States","2PR4+76 Camillus, New York, USA",,+1 315-488-5588,Temporarily closed,https://streetviewpixels-pa.googleapis.com/v1/thumbnail?panoid=4VIok8oVVcDGDJ__eIjAFw&cb_client=search.gws-prod.gps&w=408&h=240&yaw=253.66272&pitch=0&thumbfov=100,false,"https://www.google.com/maps/search/vein+clinics+in+Fairmount+Syracuse+NY/@43.0472886,-76.2385383,14z",2025-12-16T22:37:07.821Z,,,,,,,,,,,
https://www.google.com/maps/place/WellNow+Urgent+Care/data=!4m7!3m6!1s0x89d9ee4a1cf56793:0x8ec316486772abbe!8m2!3d43.1278689!4d-76.219146!16s%2Fg%2F11c0rhcsxd!19sChIJk2f1HEru2YkRvqtyZ0gWw44,WellNow Urgent Care,4.5,1588,Urgent care center,"7375 Oswego Rd, Liverpool, NY 13090, United States","4QHJ+48 Liverpool, New York, USA",https://www.wellnow.com/urgent-care-centers/new-york/liverpool/7375-oswego-road-13090/?utm_source=googleplaces&utm_medium=lociqgoogleplaces&utm_content=listing,+1 315-291-0064,,https://lh3.googleusercontent.com/p/AF1QipMoFJNiMMuM8Q5UbYk129JZhEsE1YnG0lfCYmQr=w426-h240-k-no,true,"https://www.google.com/maps/search/vein+clinics+in+Galeville+Syracuse+NY/@43.0901602,-76.1730219,14z",2025-12-16T22:37:23.651Z,Open 24 hours,Open 24 hours,Open 24 hours,Open 24 hours,Open 24 hours,Open 24 hours,Open 24 hours,,,,
https://www.google.com/maps/place/Infusacare+Medical+Services/data=!4m7!3m6!1s0x89d9ee80ee3d5da5:0x7670abfca7f03ece!8m2!3d43.1424562!4d-76.1817959!16s%2Fg%2F1tj4cgrd!19sChIJpV097oDu2YkRzj7wp_yrcHY,Infusacare Medical Services,2.9,10,Medical clinic,"4811 Buckley Rd, Liverpool, NY 13088, United States","4RR9+X7 Liverpool, New York, USA",https://www.infusacaremedicalservices.com/,+1 315-457-3091,Closed · Opens 9 am Wed,https://streetviewpixels-pa.googleapis.com/v1/thumbnail?panoid=XBfsX2D_0-nqb9jmOEh5wA&cb_client=search.gws-prod.gps&w=408&h=240&yaw=6.3198433&pitch=0&thumbfov=100,false,"https://www.google.com/maps/search/vein+clinics+in+Galeville+Syracuse+NY/@43.0901602,-76.1730219,14z",2025-12-16T22:37:28.551Z,9 am–5 pm,9 am–5 pm,9 am–5 pm,9 am–5 pm,Closed,Closed,9 am–5 pm,,,,
https://www.google.com/maps/place/UR+Medicine+Vascular+Surgery+%26+Vein+Center+-+Geneva/data=!4m7!3m6!1s0x89d0c56d7f3bd0c1:0xed76c4701f9eff02!8m2!3d42.8757263!4d-76.9920213!16s%2Fg%2F11y5jhl0n2!19sChIJwdA7f23F0IkRAv-eH3DEdu0,UR Medicine Vascular Surgery & Vein Center - Geneva,,,Vascular surgeon,"293 W North St, Geneva, NY 14456, United States","V2G5+75 Geneva, New York, USA",https://www.urmc.rochester.edu/locations/vascular-surgery-geneva,+1 585-758-0700,Closed · Opens 8 am Wed,https://streetviewpixels-pa.googleapis.com/v1/thumbnail?panoid=uHneJlXgCPSlX0WRRulzIg&cb_client=search.gws-prod.gps&w=408&h=240&yaw=233.28522&pitch=0&thumbfov=100,true,"https://www.google.com/maps/search/vein+clinics+in+Galeville+Syracuse+NY/@43.0901602,-76.1730219,14z",2025-12-16T22:37:33.442Z,8 am–4:30 pm,8 am–4:30 pm,8 am–4:30 pm,8 am–4:30 pm,Closed,Closed,8 am–4:30 pm,,,,
https://www.google.com/maps/place/Horizon+Infusions/data=!4m7!3m6!1s0x89d9ef3707072e67:0x37d46bf561b94341!8m2!3d43.1425342!4d-76.1819366!16s%2Fg%2F11y12gp9wn!19sChIJZy4HBzfv2YkRQUO5YfVr1Dc,Horizon Infusions,,,Medical clinic,"4811 Buckley Rd, Liverpool, NY 13088, United States","4RV9+26 Liverpool, New York, USA",,+1 315-457-3091,,https://streetviewpixels-pa.googleapis.com/v1/thumbnail?panoid=XBfsX2D_0-nqb9jmOEh5wA&cb_client=search.gws-prod.gps&w=408&h=240&yaw=356.68283&pitch=0&thumbfov=100,true,"https://www.google.com/maps/search/vein+clinics+in+Galeville+Syracuse+NY/@43.0901602,-76.1730219,14z",2025-12-16T22:37:36.024Z,,,,,,,,,,,
https://www.google.com/maps/place/Vein+Treatment+Center/data=!4m7!3m6!1s0x89d374706474b2ef:0x6931b2d5ad5b329c!8m2!3d42.9774564!4d-78.7390464!16s%2Fg%2F1tzgkmmg!19sChIJ77J0ZHB004kRnDJbrdWyMWk,Vein Treatment Center,4.6,48,Medical clinic,"5225 Sheridan Dr, Buffalo, NY 14221, United States","X7G6+X9 Buffalo, New York, USA",https://www.veinsveinsveins.com/,+1 716-839-3638,"Closes soon · 6 pm · Opens 8 am Wed

Updated by this business 7 weeks ago",https://streetviewpixels-pa.googleapis.com/v1/thumbnail?panoid=dJIL8MVuiV9aUbHb5MwMEg&cb_client=search.gws-prod.gps&w=408&h=240&yaw=327.95105&pitch=0&thumbfov=100,true,"https://www.google.com/maps/search/vein+clinics+in+Galeville+Syracuse+NY/@43.0901602,-76.1730219,14z",2025-12-16T22:37:41.069Z,8 am–6 pm,8 am–6 pm,Closed,Closed,Closed,Closed,8 am–6 pm,,,,
https://www.google.com/maps/place/Vein+Treatment+Clinic/data=!4m7!3m6!1s0x89c25906e08b160d:0x96aed78d7d0bb88f!8m2!3d40.7518956!4d-73.980294!16s%2Fg%2F11f3219yc1!19sChIJDRaL4AZZwokRj7gLfY3XrpY,Vein Treatment Clinic,5.0,305,Medical Center,"290 Madison Ave Floor 2, New York, NY 10017, United States","Q229+QV New York, USA",https://www.veintreatmentclinic.com/locations/new-york/manhattan/midtown/?utm_source=google&utm_medium=gmb&utm_campaign=manhattan%20GMB,+1 646-631-3516,Open · Closes 7 pm,https://lh3.googleusercontent.com/p/AF1QipOF5rUzGqcjgwalRdnE4c-7HyHZd0hEKUFIO2UM=w408-h305-k-no,true,"https://www.google.com/maps/search/vein+clinics+in+Galeville+Syracuse+NY/@43.0901602,-76.1730219,14z",2025-12-16T22:37:45.908Z,9 am–7 pm,9 am–7 pm,9 am–7 pm,9 am–7 pm,Closed,Closed,9 am–7 pm,,,,
https://www.google.com/maps/place/Ambrosia+Aesthetics/data=!4m7!3m6!1s0x89d989f6242a17f3:0x120468b37ef853e5!8m2!3d42.9939623!4d-75.9588882!16s%2Fg%2F11pyztwfh_!19sChIJ8xcqJPaJ2YkR5VP4frNoBBI,Ambrosia Aesthetics,5.0,17,Medical spa,"8195 Cazenovia Rd Suite 21, Manlius, NY 13104, United States","X2VR+HC Manlius, New York, USA",http://www.instagram.com/AMBROSIAAESTHETICS,+1 315-401-4150,,https://lh3.googleusercontent.com/p/AF1QipP-f1A5VdKgU5ahbz8_fPXNPWP7fpAqZRa-W0D4=w408-h612-k-no,true,"https://www.google.com/maps/search/vein+clinics+in+Galeville+Syracuse+NY/@43.0901602,-76.1730219,14z",2025-12-16T22:37:48.657Z,,,,,,,,LGBTQ+ friendly,,,
https://www.google.com/maps/place/Upstate+Surgical+Group:+Vercillo+Arthur+P+MD/data=!4m7!3m6!1s0x89d9edc24178fe09:0x3c5fe66b276003b0!8m2!3d43.1201548!4d-76.1608142!16s%2Fg%2F1tcvk2l5!19sChIJCf54QcLt2YkRsANgJ2vmXzw,Upstate Surgical Group: Vercillo Arthur P MD,,,Surgeon,"5100 W Taft Rd, Liverpool, NY 13088, United States","4RCQ+3M Liverpool, New York, USA",http://www.upstatesurgical.com/PatientPortal/MyPractice.aspx?UAID=%7B23697B47-C8D5-4C6A-AABA-D59D48292E81%7D&TabID=%7B1%7D#PracticeTag%7B16%7D,+1 315-452-2000,,https://streetviewpixels-pa.googleapis.com/v1/thumbnail?panoid=CsAiE4k-tHp0HcDb0wHOGA&cb_client=search.gws-prod.gps&w=408&h=240&yaw=57.123833&pitch=0&thumbfov=100,false,"https://www.google.com/maps/search/vein+clinics+in+Galeville+Syracuse+NY/@43.0901602,-76.1730219,14z",2025-12-16T22:37:51.393Z,,,,,,,,,,,
https://www.google.com/maps/place/Varicose+Vein+Center/data=!4m7!3m6!1s0x89e8406632a4901f:0xcdd39f2183a55416!8m2!3d40.9452918!4d-73.0671249!16s%2Fg%2F1tfg8q7r!19sChIJH5CkMmZA6IkRFlSlgyGf080,Varicose Vein Center,4.9,30,Surgical center,"405 E Main St, Port Jefferson, NY 11777, United States","WWWM+45 Port Jefferson, New York, USA",https://www.varicoseveincenter.com/?utm_source=google&utm_medium=gmb&utm_campaign=seo,+1 631-474-1414,Closed · Opens 9 am Wed,https://lh3.googleusercontent.com/p/AF1QipPiSyNZX4LXECVx6K-6GQFXphGKZdUG4o0Rhbgs=w408-h456-k-no,true,"https://www.google.com/maps/search/vein+clinics+in+Galeville+Syracuse+NY/@43.0901602,-76.1730219,14z",2025-12-16T22:37:56.418Z,9 am–5 pm,9 am–5 pm,9 am–5 pm,9 am–5 pm,Closed,Closed,9 am–5 pm,,,,
https://www.google.com/maps/place/The+Venous+Institute+Of+Buffalo/data=!4m7!3m6!1s0x89d3736d3f9d440f:0x548bf89d75cf3ba7!8m2!3d42.958382!4d-78.769057!16s%2Fg%2F12lk8fy7t!19sChIJD0SdP21z04kRpzvPdZ34i1Q,The Venous Institute Of Buffalo,4.9,118,Medical clinic,"4927 Main St #400, Amherst, NY 14226, United States","X65J+99 Cheektowaga, New York, USA",http://www.venousinstitute.com/,+1 716-877-7000,"Closed · Opens 8 am Wed

Confirmed by this business 7 days ago",https://lh3.googleusercontent.com/gps-cs-s/AG0ilSx5KrkYTdS_poJL5-vTFRtvjJHylum1IufHJvM4gR0ZexjERb9p-tbpj7R44m7IjH1t7PSucGDMhDAgLPQxgWEmrUDNB_BW4KqgvGfC5HdmcSqjB3Y2UvxFcyZUmZiL9728Wcl8=w408-h306-k-no,true,"https://www.google.com/maps/search/vein+clinics+in+Buffalo+Syracuse+NY/@43.0494832,-76.1473977,14z",2025-12-16T22:38:09.686Z,8 am–5 pm,8 am–5 pm,8 am–5 pm,8 am–5 pm,Closed,Closed,8 am–5 pm,LGBTQ+ friendly,,,
https://www.google.com/maps/place/Cosmetic+Vein+%26+Laser+Center/data=!4m7!3m6!1s0x89d3737b69072c69:0x9087e413e9156700!8m2!3d42.9596788!4d-78.754214!16s%2Fg%2F1tqnmmbk!19sChIJaSwHaXtz04kRAGcV6RPkh5A,Cosmetic Vein & Laser Center,4.9,886,Medical spa,"52 S Union Rd 203 2nd Floor, Buffalo, NY 14221, United States","X65W+V8 Buffalo, New York, USA",https://www.cvlc.com/?utm_source=GMBlisting&utm_medium=organic&utm_campaign=gmb,+1 716-764-9784,Closed · Opens 8 am Wed,https://lh3.googleusercontent.com/p/AF1QipOh7Lix7e60szoRIycCFa__1ptY0yF7IJtuqXZl=w408-h272-k-no,true,"https://www.google.com/maps/search/vein+clinics+in+Buffalo+Syracuse+NY/@43.0494832,-76.1473977,14z",2025-12-16T22:38:14.531Z,8 am–5 pm,8 am–5 pm,8 am–4 pm,8 am–1 pm,Closed,Closed,8 am–5 pm,LGBTQ+ friendly,,,
https://www.google.com/maps/place/Buffalo+Vascular+Care/data=!4m7!3m6!1s0x89d3125f3329545b:0xdf474966fa554c60!8m2!3d42.9284172!4d-78.6963314!16s%2Fg%2F1tlc913g!19sChIJW1QpM18S04kRYExV-mZJR98,Buffalo Vascular Care,4.6,95,Vascular surgeon,"6337 Transit Rd, Depew, NY 14043, United States","W8H3+9F Depew, New York, USA",https://buffalovascularcare.com/,+1 716-852-1977,Closed · Opens 8 am Wed,https://lh3.googleusercontent.com/p/AF1QipOBpY_2RHUxxl_1o2V6zIhJHFMTesw_s1UZifhv=w408-h271-k-no,true,"https://www.google.com/maps/search/vein+clinics+in+Buffalo+Syracuse+NY/@43.0494832,-76.1473977,14z",2025-12-16T22:38:19.654Z,8 am–4:30 pm,8 am–4:30 pm,8 am–4:30 pm,8 am–4:30 pm,Closed,Closed,8 am–4:30 pm,,,,
,,,,,,,,,,,,"https://www.google.com/maps/search/vein+clinics+in+North+Syracuse+Syracuse+NY/@43.1347897,-76.1299238,14z",2025-12-16T22:38:28.035Z,,,,,,,,,,,No new results found
,,,,,,,,,,,,"https://www.google.com/maps/search/vein+clinics+in+Brewerton+Syracuse+NY/@43.2381242,-76.1407575,14z",2025-12-16T22:38:36.248Z,,,,,,,,,,,No new results found
https://www.google.com/maps/place/Gentle+Medical+Aesthetics/data=!4m7!3m6!1s0x89d9f0b71a14910b:0x741ce8957954631a!8m2!3d43.0435008!4d-76.2518329!16s%2Fg%2F11t8h0j3dy!19sChIJC5EUGrfw2YkRGmNUeZXoHHQ,Gentle Medical Aesthetics,5.0,1,Medical spa,"99 Yorkshire Blvd, Syracuse, NY 13219, United States","2PVX+C7 Syracuse, New York, USA",http://gentlemedicalaesthetics.com/contact-us,+1 315-552-0527,,https://streetviewpixels-pa.googleapis.com/v1/thumbnail?panoid=EBoa9nCpu3jH_qCC2EQfPQ&cb_client=search.gws-prod.gps&w=408&h=240&yaw=268.86166&pitch=0&thumbfov=100,false,"https://www.google.com/maps/search/vein+clinics+in+Westvale+Syracuse+NY/@43.0385877,-76.2160448,14z",2025-12-16T22:38:46.951Z,,,,,,,,,,,
,,,,,,,,,,,,"https://www.google.com/maps/search/vein+clinics+in+East+Syracuse+Syracuse+NY/@43.0653446,-76.0785332,14z",2025-12-16T22:38:55.293Z,,,,,,,,,,,No new results found
https://www.google.com/maps/place/RRH+Vein+Treatment+Center/data=!4m7!3m6!1s0x89d6b50336fe4539:0x7fc2ef7a50b4eac2!8m2!3d43.1887638!4d-77.5846355!16s%2Fg%2F11pvwhsndy!19sChIJOUX-NgO11okRwuq0UHrvwn8,RRH Vein Treatment Center,5.0,3,Vascular surgeon,"1255 Portland Ave 1st Floor, Rochester, NY 14621, United States","5CQ8+G4 Rochester, New York, USA",https://www.rochesterregional.org/locations/vascular/vein-center?y_source=1_MzA3NTA4NzQtNzE1LWxvY2F0aW9uLndlYnNpdGU%3D,+1 585-922-8346,"Closed · Opens 7:30 am Wed

Confirmed by this business 5 weeks ago",https://lh3.googleusercontent.com/p/AF1QipMOExjso1FqA2FHWq-LZTH3nU2fsX9OSZLXbaQ7=w426-h240-k-no,true,"https://www.google.com/maps/search/vein+clinics+in+Rochester+Syracuse+NY/@42.9371315,-76.8427347,14z",2025-12-16T22:39:08.610Z,7:30 am–4 pm,7:30 am–4 pm,7:30 am–4 pm,7:30 am–4 pm,Closed,Closed,7:30 am–4 pm,LGBTQ+ friendly,,,
"https://www.google.com/maps/place/UR+Medicine+Vascular+Surgery+%26+Vein+Center+-+Strong+Memorial+Hospital/@43.1231147,-77.624972,17z/data=!3m1!4b1!4m6!3m5!1s0x89d6b4cc0060b3b1:0x9fd0c5e9c3c457a6!8m2!3d43.1231147!4d-77.624972!16s%2Fg%2F12hr2y0jr",UR Medicine Vascular Surgery & Vein Center - Strong Memorial Hospital,5.0,1,Vascular surgeon,"601 Elmwood Ave, Rochester, NY 14642, United States","49FG+62 Rochester, New York, USA",https://www.urmc.rochester.edu/locations/vascular-surgery-smh,+1 585-279-5100,Closed · Opens 8 am Wed,,true,"https://www.google.com/maps/search/vein+clinics+in+Rochester+Syracuse+NY/@42.9371315,-76.8427347,14z",2025-12-16T22:39:15.667Z,8 am–4:30 pm,8 am–4:30 pm,8 am–4:30 pm,8 am–4:30 pm,Closed,Closed,8 am–4:30 pm,,,,
https://www.google.com/maps/place/Vein+Care+Center+Of+Rochester/data=!4m7!3m6!1s0x89d6cb20088f498f:0xf3465fabb498ee4!8m2!3d43.1249634!4d-77.5172435!16s%2Fg%2F11ggs0x8j_!19sChIJj0mPCCDL1okR5I5Ju_plNA8,Vein Care Center Of Rochester,1.0,4,Vascular surgeon,"30 Hagen Dr Suite 120, Rochester, NY 14625, United States","4FFM+X4 Rochester, New York, USA",https://www.rochesterregional.org/locations/rochester/vein-care-center-of-rochester/?y_source=1_OTkwMTE3NC03MTUtbG9jYXRpb24ud2Vic2l0ZQ%3D%3D,+1 585-922-5300,,https://streetviewpixels-pa.googleapis.com/v1/thumbnail?panoid=Ug988BYth9FJiI7n83RZUQ&cb_client=search.gws-prod.gps&w=408&h=240&yaw=161.49084&pitch=0&thumbfov=100,true,"https://www.google.com/maps/search/vein+clinics+in+Rochester+Syracuse+NY/@42.9371315,-76.8427347,14z",2025-12-16T22:39:18.541Z,,,,,,,,,,,
https://www.google.com/maps/place/UR+Medicine+Vascular+Surgery+%26+Vein+Care+%E2%80%93+Brighton/data=!4m7!3m6!1s0x89d14b24b4d9b6b5:0x2fa5504bdd585f0c!8m2!3d43.096302!4d-77.584083!16s%2Fg%2F1hc97xv8n!19sChIJtbbZtCRL0YkRDF9Y3UtQpS8,UR Medicine Vascular Surgery & Vein Care – Brighton,3.0,2,Medical office,"140 Canal View Blvd #103, Rochester, NY 14623, United States","3CW8+G9 Rochester, New York, USA",https://www.urmc.rochester.edu/locations/vascular-surgery-canal-view,+1 585-279-5100,Closed · Opens 8 am Wed,https://streetviewpixels-pa.googleapis.com/v1/thumbnail?panoid=OSXtvlmQqs6XWuvyF7wyhA&cb_client=search.gws-prod.gps&w=408&h=240&yaw=175.54747&pitch=0&thumbfov=100,true,"https://www.google.com/maps/search/vein+clinics+in+Rochester+Syracuse+NY/@42.9371315,-76.8427347,14z",2025-12-16T22:39:23.356Z,8 am–5 pm,8 am–5 pm,8 am–5 pm,8 am–5 pm,Closed,Closed,8 am–5 pm,,,,
"https://www.google.com/maps/place/UR+Medicine+Vascular+Surgery+%26+Vein+Care+%E2%80%93+Highland+Hospital/@43.1356801,-77.6061914,17z/data=!3m1!4b1!4m6!3m5!1s0x89d6b520270ae3ed:0x7c61ba63b2a263a1!8m2!3d43.1356801!4d-77.6061914!16s%2Fg%2F11g6_1s0bp",UR Medicine Vascular Surgery & Vein Care – Highland Hospital,1.0,1,Medical office,"1000 South Ave #251C, Rochester, NY 14620, United States","49PV+7G Rochester, New York, USA",https://www.urmc.rochester.edu/locations/vascular-surgery-hh,+1 585-341-9541,,,true,"https://www.google.com/maps/search/vein+clinics+in+Rochester+Syracuse+NY/@42.9371315,-76.8427347,14z",2025-12-16T22:39:28.168Z,,,,,,,,,,,
https://www.google.com/maps/place/RRH+Vascular+Surgery+-+Rochester/data=!4m7!3m6!1s0x89d6b675278c5bdf:0x8fb6f691f9f8a651!8m2!3d43.1925705!4d-77.5861382!16s%2Fg%2F1tcv_dpm!19sChIJ31uMJ3W21okRUab4-ZH2to8,RRH Vascular Surgery - Rochester,5.0,1,Vascular surgeon,"1445 Portland Ave # 108, Rochester, NY 14621, United States","5CV7+2G Rochester, New York, USA",https://www.rochesterregional.org/locations/vascular/rochester?y_source=1_OTkwMTE3My03MTUtbG9jYXRpb24ud2Vic2l0ZQ%3D%3D,+1 585-922-5550,,https://lh3.googleusercontent.com/p/AF1QipPzosbBHRvDTMpGm6DWEYGwSwgr_VWIKawZ3dv3=w426-h240-k-no,true,"https://www.google.com/maps/search/vein+clinics+in+Rochester+Syracuse+NY/@42.9371315,-76.8427347,14z",2025-12-16T22:39:33.032Z,,,,,,,,LGBTQ+ friendly,,,
https://www.google.com/maps/place/URMC+Vascular+Surgery/data=!4m7!3m6!1s0x89d14b57760b072f:0xd97820a3722a176c!8m2!3d43.0963024!4d-77.5840825!16s%2Fg%2F11hdq9bxdv!19sChIJLwcLdldL0YkRbBcqcqMgeNk,URMC Vascular Surgery,2.3,3,Surgical center,"140 Canal View Blvd #102, Rochester, NY 14623, United States","3CW8+G9 Rochester, New York, USA",https://www.urmc.rochester.edu/surgery/specialties/division-of-vascular-surgery,+1 585-279-5100,,https://streetviewpixels-pa.googleapis.com/v1/thumbnail?panoid=OSXtvlmQqs6XWuvyF7wyhA&cb_client=search.gws-prod.gps&w=408&h=240&yaw=175.49907&pitch=0&thumbfov=100,false,"https://www.google.com/maps/search/vein+clinics+in+Rochester+Syracuse+NY/@42.9371315,-76.8427347,14z",2025-12-16T22:39:35.785Z,,,,,,,,,,,
https://www.google.com/maps/place/USA+Vein+Clinics+-+Rochester/data=!4m7!3m6!1s0x89d14b6a1ec12dad:0xda96a42ef563e23d!8m2!3d43.1107743!4d-77.5713452!16s%2Fg%2F11jh__66x1!19sChIJrS3BHmpL0YkRPeJj9S6klto,USA Vein Clinics - Rochester,4.0,4,Medical clinic,"1892 S Winton Rd Ste 190B, Rochester, NY 14618, United States","4C6H+8F Rochester, New York, USA",https://www.usaveinclinics.com/company/locations/new-york/upstate-ny/office/rochester/,+1 585-505-8255,Temporarily closed,https://lh3.googleusercontent.com/p/AF1QipP0JoVCru0NhGI1R-1VzdnowFeFQj8QEEoS6c1q=w408-h272-k-no,true,"https://www.google.com/maps/search/vein+clinics+in+Rochester+Syracuse+NY/@42.9371315,-76.8427347,14z",2025-12-16T22:39:40.571Z,,,,,,,,,,,
https://www.google.com/maps/place/University+of+Rochester+Medical+Center+Division+of+Vascular+Surgery/data=!4m7!3m6!1s0x89d6b4cc00675f4f:0x169e0faad04883c6!8m2!3d43.1231147!4d-77.624972!16s%2Fg%2F12hngq9xr!19sChIJT19nAMy01okRxoNI0KoPnhY,University of Rochester Medical Center Division of Vascular Surgery,,,Medical Center,"601 Elmwood Ave, Rochester, NY 14642, United States","49FG+62 Rochester, New York, USA",https://www.urmc.rochester.edu/,+1 585-279-5100,,https://streetviewpixels-pa.googleapis.com/v1/thumbnail?panoid=PD4VE1bO4Bpc5WzRLYs-hQ&cb_client=search.gws-prod.gps&w=408&h=240&yaw=28.22195&pitch=0&thumbfov=100,false,"https://www.google.com/maps/search/vein+clinics+in+Rochester+Syracuse+NY/@42.9371315,-76.8427347,14z",2025-12-16T22:39:43.005Z,,,,,,,,,,,
https://www.google.com/maps/place/RRH+Vascular+Surgery+-+Clifton+Springs/data=!4m7!3m6!1s0x89d0d730bf81efdd:0x1bd013d07ecc3e78!8m2!3d42.9603876!4d-77.1362924!16s%2Fg%2F11vsnz6v1y!19sChIJ3e-BvzDX0IkReD7MftAT0Bs,RRH Vascular Surgery - Clifton Springs,5.0,1,Vascular surgeon,"2 Coulter Rd Suite 1680, Clifton Springs, NY 14432, United States","XV67+5F Clifton Springs, New York, USA",https://www.rochesterregional.org/locations/vascular/clifton-springs?y_source=1_MTAwNTYxMzU4Ni03MTUtbG9jYXRpb24ud2Vic2l0ZQ%3D%3D,+1 315-906-4059,,https://lh3.googleusercontent.com/p/AF1QipM-RWqAnq1hTdnF-8nGRgfq7dCMmxSuSgWbKB3b=w426-h240-k-no,true,"https://www.google.com/maps/search/vein+clinics+in+Rochester+Syracuse+NY/@42.9371315,-76.8427347,14z",2025-12-16T22:39:48.129Z,,,,,,,,LGBTQ+ friendly,,,
"https://www.google.com/maps/place/UR+Medicine+Vascular+Surgery+%26+Vein+Care+%E2%80%93+Canandaigua/@42.8760964,-77.2913621,17z/data=!3m1!4b1!4m6!3m5!1s0x89d12423ed19154f:0x4a5288ad77d5ff6a!8m2!3d42.8760964!4d-77.2913621!16s%2Fg%2F11c72mcmqq",UR Medicine Vascular Surgery & Vein Care – Canandaigua,,,Medical office,"395 West St Suite 007, Canandaigua, NY 14424, United States","VPG5+CF Canandaigua, New York, USA",https://www.urmc.rochester.edu/locations/vascular-surgery-canandaigua,+1 585-279-5100,,,true,"https://www.google.com/maps/search/vein+clinics+in+Rochester+Syracuse+NY/@42.9371315,-76.8427347,14z",2025-12-16T22:39:53.468Z,,,,,,,,,,,
https://www.google.com/maps/place/Labcorp/data=!4m7!3m6!1s0x89d992968eb88387:0xdb18c85f907ef594!8m2!3d43.1013622!4d-76.0587155!16s%2Fg%2F1tfc2_z9!19sChIJh4O4jpaS2YkRlPV-kF_IGNs,Labcorp,2.7,38,Medical laboratory,"4939 Brittonfield Pkwy Suite 203, East Syracuse, NY 13057, United States","4W2R+GG East Syracuse, New York, USA",https://locations.labcorp.com/ny/east-syracuse/24414/,+1 315-434-9821,"Closed · Opens 7:30 am Wed

Updated by this business 2 weeks ago",https://lh3.googleusercontent.com/p/AF1QipPABfwn6aHay0Bsf48ygNbEXh2LSUzmkFrONiJS=w408-h272-k-no,true,"https://www.google.com/maps/search/vein+clinics+in+Minoa+Syracuse+NY/@43.0761781,-76.0007529,14z",2025-12-16T22:40:16.827Z,"7:30 am–12 pm, 1–4 pm","7:30 am–12 pm, 1–4 pm","7:30 am–12 pm, 1–4 pm","7:30 am–12 pm, 1–4 pm",Closed,Closed,"7:30 am–12 pm, 1–4 pm",,,,
"https://www.google.com/maps/place/Guillermo+Ferrer,+MD/data=!4m7!3m6!1s0x89d0827bc12c5b03:0x8e491c4242ca74ca!8m2!3d42.4792586!4d-76.4639491!16s%2Fg%2F1vknqc89!19sChIJA1sswXuC0IkRynTKQkIcSY4","Guillermo Ferrer, MD",5.0,2,Vascular surgeon,"8 Brentwood Dr # A, Ithaca, NY 14850, United States","FGHP+PC Ithaca, New York, USA",https://www.cayugamed.org/doctor/guillermo-ferrer-md/,+1 607-257-2116,Closed · Opens 8 am Wed,https://streetviewpixels-pa.googleapis.com/v1/thumbnail?panoid=vXIU5GujNim0jDHrGwhsiA&cb_client=search.gws-prod.gps&w=408&h=240&yaw=16.237421&pitch=0&thumbfov=100,false,"https://www.google.com/maps/search/vein+clinics+in+Minoa+Syracuse+NY/@43.0761781,-76.0007529,14z",2025-12-16T22:40:21.762Z,8 am–4 pm,8 am–4 pm,8 am–4 pm,8 am–4 pm,8 am–2 pm,Closed,8 am–4 pm,,,,
"https://www.google.com/maps/place/Viola+Monaghan,+MD/data=!4m7!3m6!1s0x89d0827bc12c5b03:0x886611476527f478!8m2!3d42.4792586!4d-76.4639491!16s%2Fg%2F1tr7ds8t!19sChIJA1sswXuC0IkRePQnZUcRZog","Viola Monaghan, MD",4.0,4,Family practice physician,"8 Brentwood Dr # A, Ithaca, NY 14850, United States","FGHP+PC Ithaca, New York, USA",http://veinandaestheticcenter.com/,+1 607-257-2116,Closed · Opens 8 am Wed,https://streetviewpixels-pa.googleapis.com/v1/thumbnail?panoid=fR1FQfJFKUOEnJKu-FqTZg&cb_client=search.gws-prod.gps&w=408&h=240&yaw=267.59372&pitch=0&thumbfov=100,false,"https://www.google.com/maps/search/vein+clinics+in+Minoa+Syracuse+NY/@43.0761781,-76.0007529,14z",2025-12-16T22:40:26.538Z,8 am–5 pm,8 am–5 pm,8 am–5 pm,8 am–5 pm,Closed,Closed,8 am–5 pm,,,,
,,,,,,,,,,,,"https://www.google.com/maps/search/vein+clinics+in+Solvay+Syracuse+NY/@43.0581222,-76.2074263,14z",2025-12-16T22:40:36.439Z,,,,,,,,,,,No new results found
,,,,,,,,,,,,"https://www.google.com/maps/search/vein+clinics+in+Nedrow+Syracuse+NY/@42.9750662,-76.1413132,14z",2025-12-16T22:40:45.831Z,,,,,,,,,,,No new results found
,,,,,,,,,,,,"https://www.google.com/maps/search/vein+clinics+in+Mattydale+Syracuse+NY/@43.0954438,-76.1464757,14z",2025-12-16T22:40:54.090Z,,,,,,,,,,,No new results found
,,,,,,,,,,,,"https://www.google.com/maps/search/vein+clinics+in+Bridgeport+Syracuse+NY/@43.0494832,-76.1473977,14z",2025-12-16T22:41:03.284Z,,,,,,,,,,,No new results found
https://www.google.com/maps/place/Inspired+Beauty+Med+Spa/data=!4m7!3m6!1s0x89d98d038103e26f:0x3c4982630c0a17e8!8m2!3d43.0021276!4d-75.9781625!16s%2Fg%2F11fr4h_bg1!19sChIJb-IDgQON2YkR6BcKDGOCSTw,Inspired Beauty Med Spa,5.0,200,Medical spa,"107 Wesley St, Manlius, NY 13104, United States","222C+VP Manlius, New York, USA",https://www.inspiredbeautymedspa.com/?utm_source=google&utm_medium=wix_google_business_profile&utm_campaign=10509872922471001919,+1 315-807-1282,Closes soon · 6 pm · Opens 9 am Wed,https://lh3.googleusercontent.com/p/AF1QipMfKjasGfkpxtRRBuw_Ego9YcAds3ccZhVjMH_y=w408-h273-k-no,true,"https://www.google.com/maps/search/vein+clinics+in+Manlius+Syracuse+NY/@43.0575765,-75.9692855,14z",2025-12-16T22:41:16.593Z,9 am–6 pm,9 am–6 pm,9 am–6 pm,9 am–6 pm,10 am–4 pm,Closed,9 am–6 pm,LGBTQ+ friendly,,,
"https://www.google.com/maps/place/Integrative+Medicine+of+Central+New+York,+PC/data=!4m7!3m6!1s0x89d98f1eeaa4e9d5:0x452e9d95f4f39cb6!8m2!3d43.0481925!4d-75.9020646!16s%2Fg%2F11g0g8mnrj!19sChIJ1emk6h6P2YkRtpzz9JWdLkU","Integrative Medicine of Central New York, PC",3.7,14,Medical office,"1386 NY-5 Suite 203, Chittenango, NY 13037, United States","23XX+75 Chittenango, New York, USA",http://www.imofcny.com/,+1 315-741-5774,Closed · Opens 8 am Wed,https://lh3.googleusercontent.com/p/AF1QipMTFsgKB6bbTWyOGOL6sl2_IQi_tORqziXHg6PH=w408-h246-k-no,true,"https://www.google.com/maps/search/vein+clinics+in+Chittenango+Syracuse+NY/@43.0450671,-75.86658,14z",2025-12-16T22:41:29.488Z,8 am–4:30 pm,8 am–5 pm,8 am–4:30 pm,Closed,Closed,Closed,8 am–4 pm,Identifies as women-owned,,,
https://www.google.com/maps/place/Podiatry+Services+of+CNY+Pc/data=!4m7!3m6!1s0x89d9853a8bdaf4bd:0xc3befa5c64ae8890!8m2!3d43.0541526!4d-75.8678911!16s%2Fg%2F1thml_35!19sChIJvfTaizqF2YkRkIiuZFz6vsM,Podiatry Services of CNY Pc,4.5,4,Medical clinic,"206 Tuscarora Rd, Chittenango, NY 13037, United States","343J+MR Chittenango, New York, USA",http://www.syracusepodiatry.com/,+1 315-687-9400,Closed · Opens 1 pm Thu,https://streetviewpixels-pa.googleapis.com/v1/thumbnail?panoid=ETgCH9Tf_i1lMhddnsmhlw&cb_client=search.gws-prod.gps&w=408&h=240&yaw=331.0195&pitch=0&thumbfov=100,false,"https://www.google.com/maps/search/vein+clinics+in+Chittenango+Syracuse+NY/@43.0450671,-75.86658,14z",2025-12-16T22:41:34.301Z,8:30 am–4:30 pm,Closed,1–4:30 pm,Closed,Closed,Closed,Closed,,,,
https://www.google.com/maps/place/The+Fill+Station+Aesthetics/data=!4m7!3m6!1s0x48ca4492dce91eb7:0x7ea31aba1e455808!8m2!3d43.0425339!4d-75.8703897!16s%2Fg%2F11vwzfmsct!19sChIJtx7p3JJEykgRCFhFHroao34,The Fill Station Aesthetics,,,Medical clinic,"119 Genesee St, Chittenango, NY 13037, United States","24VH+2R Chittenango, New York, USA",,+1 315-400-0672,,https://lh3.googleusercontent.com/p/AF1QipPAUdYKYUHs9GhnbMgb90d2ldNg_h4gd3SoowvQ=w505-h240-k-no,true,"https://www.google.com/maps/search/vein+clinics+in+Chittenango+Syracuse+NY/@43.0450671,-75.86658,14z",2025-12-16T22:41:37.201Z,,,,,,,,,,,
"https://www.google.com/maps/place/Faceliftsurgeonma/@43.144052,-75.886236,17z/data=!3m1!4b1!4m6!3m5!1s0x89d999f7c79ec0c1:0x191d5f7ce5cc255f!8m2!3d43.144052!4d-75.886236!16s%2Fg%2F11fmjjrl5b",Faceliftsurgeonma,,,Skin care clinic,"2010 Enterprise Pkwy, Chittenango, NY 13037, United States","44V7+JG Chittenango, New York, USA",,+1 708-450-1498,Open · Closes 7 pm,,false,"https://www.google.com/maps/search/vein+clinics+in+Chittenango+Syracuse+NY/@43.0450671,-75.86658,14z",2025-12-16T22:41:43.739Z,8 am–7 pm,8 am–7 pm,8 am–7 pm,8 am–7 pm,8 am–7 pm,8 am–7 pm,8 am–7 pm,,,,
https://www.google.com/maps/place/Dr.+Ankur+Chawla/data=!4m7!3m6!1s0x89d9f3a24d9799c1:0xbe82e01abcf475b5!8m2!3d43.041188!4d-76.137492!16s%2Fg%2F11rwxg3dvn!19sChIJwZmXTaLz2YkRtXX0vBrggr4,Dr. Ankur Chawla,,,Vascular surgeon,"739 Irving Ave, Syracuse, NY 13210, United States","2VR7+F2 Syracuse, New York, USA",https://www.upstate.edu/cardiovascular/team.php?empID=chawlaa,+1 315-464-8272,,https://streetviewpixels-pa.googleapis.com/v1/thumbnail?panoid=NuqqJIocuGnrXgfP7Xwe4g&cb_client=search.gws-prod.gps&w=408&h=240&yaw=10.1898775&pitch=0&thumbfov=100,false,"https://www.google.com/maps/search/vein+clinics+in+Sherrill+Syracuse+NY/@43.0494832,-76.1473977,14z",2025-12-16T22:41:56.761Z,,,,,,,,,,,