placeUrl,title,rating,reviewCount,category,address,plusCode,website,phoneNumber,currentStatus,imgUrl,isClaimed,tuesday,wednesday,thursday,friday,saturday,sunday,monday,query,timestamp,info,error
https://www.google.com/maps/place/Watauga+Surgical/data=!4m7!3m6!1s0x8850fa4f1d52d569:0x478dccdff7c5a3c6!8m2!3d36.202962!4d-81.6551603!16s%2Fg%2F1tf48vpy!19sChIJadVSHU_6UIgRxqPF99_MjUc,Watauga Surgical,4.6,78,Surgical center,"965 State Farm Rd, Boone, NC 28607, United States","683V+5W Boone, North Carolina, USA",https://apprhs.org/watauga-surgical/?utm_source=ARHSGoogleLocation&utm_medium=referral&utm_campaign=ARHSsearch,+1 828-264-2340,Closes soon · 5 pm · Opens 8 am Wed,https://streetviewpixels-pa.googleapis.com/v1/thumbnail?panoid=Bi6F9P0zMZd4We02qQUVSA&cb_client=search.gws-prod.gps&w=408&h=240&yaw=58.720753&pitch=0&thumbfov=100,true,8 am–5 pm,8 am–5 pm,8 am–5 pm,8 am–5 pm,Closed,Closed,8 am–5 pm,"https://www.google.com/maps/search/vein+clinics+in+Sugar+Mountain+Boone+NC/@36.2181951,-81.6830378,14z",2025-12-16T21:57:39.266Z,,
"https://www.google.com/maps/place/Total+Vein+Care/@36.2054086,-81.6610767,17z/data=!3m1!4b1!4m6!3m5!1s0x8850fa468085e679:0xd68ef82e909b4dbd!8m2!3d36.2054086!4d-81.6610767!16s%2Fg%2F11cs4gspzp",Total Vein Care,,,Doctor,"610 State Farm Rd, Boone, NC 28607, United States","684Q+5H Boone, North Carolina, USA",,+1 828-265-1345,,,false,,,,,,,,"https://www.google.com/maps/search/vein+clinics+in+Sugar+Mountain+Boone+NC/@36.2181951,-81.6830378,14z",2025-12-16T21:57:44.352Z,,
"https://www.google.com/maps/place/Paul+Dagher,+MD/data=!4m7!3m6!1s0x8850fa4f1d52d569:0x89b8862855f3f8cd!8m2!3d36.202987!4d-81.6553054!16s%2Fg%2F1tvw5mlw!19sChIJadVSHU_6UIgRzfjzVSiGuIk","Paul Dagher, MD",5.0,7,Surgeon,"965 State Farm Rd, Boone, NC 28607, United States","683V+5V Boone, North Carolina, USA",https://apprhs.org/providers/paul-s-dagher-md/?utm_source=ARHSGoogleLocation&utm_medium=referral&utm_campaign=ARHSsearch,+1 828-264-2340,Closes soon · 5 pm · Opens 8 am Wed,https://lh3.googleusercontent.com/p/AF1QipNiY2ngnhJHNf3F4Mt7B7uS3S8QyIYk4_0gyPWo=w408-h489-k-no,true,8 am–5 pm,8 am–5 pm,8 am–5 pm,8 am–5 pm,Closed,Closed,8 am–5 pm,"https://www.google.com/maps/search/vein+clinics+in+Sugar+Mountain+Boone+NC/@36.2181951,-81.6830378,14z",2025-12-16T21:57:49.497Z,,
https://www.google.com/maps/place/Skin+Wellness+%26+Cosmetic+Center+%28Boone+Dermatology+Clinic%29/data=!4m7!3m6!1s0x8850fb4be50544d7:0x37645069d8af180b!8m2!3d36.1988617!4d-81.6538917!16s%2Fg%2F11p0gkzrmt!19sChIJ10QF5Uv7UIgRCxiv2GlQZDc,Skin Wellness & Cosmetic Center (Boone Dermatology Clinic),3.0,4,Medical clinic,"169 Doctors Dr, Boone, NC 28607, United States","58XW+GC Boone, North Carolina, USA",http://boonedermatology.com/,+1 828-264-4553,Closed · Opens 7 am Wed,https://streetviewpixels-pa.googleapis.com/v1/thumbnail?panoid=bSOHdYSAKwFUJOJsveIOzg&cb_client=search.gws-prod.gps&w=408&h=240&yaw=16.884302&pitch=0&thumbfov=100,true,7 am–4:30 pm,7 am–4:30 pm,7 am–4:30 pm,7 am–4:30 pm,Closed,Closed,7 am–4:30 pm,"https://www.google.com/maps/search/vein+clinics+in+Sugar+Mountain+Boone+NC/@36.2181951,-81.6830378,14z",2025-12-16T21:57:54.368Z,,
https://www.google.com/maps/place/Sunrise+Vascular/data=!4m7!3m6!1s0x8850fb4f02680aef:0x4e8038e1b1e49cdf!8m2!3d36.2273812!4d-81.6100031!16s%2Fg%2F11xh1kp3vf!19sChIJ7wpoAk_7UIgR35zkseE4gE4,Sunrise Vascular,,,Medical office,"1879 Old US 421 S, Boone, NC 28607, United States","69GQ+XX Boone, North Carolina, USA",https://www.sunrisevascular.com/,+1 919-589-6968,Closes soon · 5 pm · Opens 8 am Wed,https://streetviewpixels-pa.googleapis.com/v1/thumbnail?panoid=LcIq49CxMcBm-KcgKlleqg&cb_client=search.gws-prod.gps&w=408&h=240&yaw=10.011671&pitch=0&thumbfov=100,true,8 am–5 pm,8 am–5 pm,8 am–5 pm,8 am–5 pm,Closed,Closed,8 am–5 pm,"https://www.google.com/maps/search/vein+clinics+in+Sugar+Mountain+Boone+NC/@36.2181951,-81.6830378,14z",2025-12-16T21:57:59.099Z,,
https://www.google.com/maps/place/Boone+Dermatology+Clinic/data=!4m7!3m6!1s0x8850fa51e32662e1:0x80041b3057c2c2a4!8m2!3d36.2001808!4d-81.652841!16s%2Fg%2F1vxcx366!19sChIJ4WIm41H6UIgRpMLCVzAbBIA,Boone Dermatology Clinic,4.9,2557,Medical clinic,"169 Birch St, Boone, NC 28607, United States","682W+3V Boone, North Carolina, USA",http://www.boonedermatology.com/,+1 828-264-4553,Closed · Opens 7 am Wed,https://lh3.googleusercontent.com/p/AF1QipP-TkG6mKggvkxv-oQuBh1-NRn_zFMXnzzYBKg-=w665-h240-k-no,true,7 am–4:30 pm,7 am–4:30 pm,7 am–4:30 pm,7 am–4:30 pm,Closed,Closed,7 am–4:30 pm,"https://www.google.com/maps/search/vein+clinics+in+Sugar+Mountain+Boone+NC/@36.2181951,-81.6830378,14z",2025-12-16T21:58:04.079Z,,
https://www.google.com/maps/place/Redefine+Medical+Spa/data=!4m7!3m6!1s0x8850fb51bb471ba3:0xa69b27a5c6d3c1e7!8m2!3d36.2031666!4d-81.656444!16s%2Fg%2F11y99sqwnv!19sChIJoxtHu1H7UIgR58HTxqUnm6Y,Redefine Medical Spa,4.8,22,Medical spa,"895 State Farm Rd UNIT 402, Boone, NC 28607, United States","683V+7C Boone, North Carolina, USA",http://redefinemedicalspa.org/,+1 657-505-2552,Closed · Opens 9 am Wed,https://lh3.googleusercontent.com/p/AF1QipMLPRHvbXV34_pZAh1UdbWHM2PIi83mzxVhvv62=w408-h317-k-no,true,Closed,9 am–5 pm,12–7 pm,12–5 pm,10 am–6 pm,Closed,9 am–7 pm,"https://www.google.com/maps/search/vein+clinics+in+Sugar+Mountain+Boone+NC/@36.2181951,-81.6830378,14z",2025-12-16T21:58:09.133Z,,
https://www.google.com/maps/place/Heart+%26+Vascular+Center/data=!4m7!3m6!1s0x8850fa5248db1d17:0xb7eaa5a41f004c3a!8m2!3d36.1983632!4d-81.6514288!16s%2Fg%2F1q62bkx0j!19sChIJFx3bSFL6UIgROkwAH6Sl6rc,Heart & Vascular Center,4.5,58,Heart hospital,"336 Deerfield Rd, Boone, NC 28607, United States","58XX+8C Boone, North Carolina, USA",https://apprhs.org/heartcenter/?utm_source=ARHSGoogleLocation&utm_medium=referral&utm_campaign=ARHSsearch,+1 828-264-9664,Closes soon · 5 pm · Opens 8 am Wed,https://lh3.googleusercontent.com/p/AF1QipMEhArLHEIU2vdBbmEVW61_Ddt-_CEh36_0uKp2=w426-h240-k-no,true,8 am–5 pm,8 am–5 pm,8 am–5 pm,8 am–5 pm,Closed,Closed,8 am–5 pm,"https://www.google.com/maps/search/vein+clinics+in+Sugar+Mountain+Boone+NC/@36.2181951,-81.6830378,14z",2025-12-16T21:58:14.056Z,,
https://www.google.com/maps/place/Blue+Ridge+Plastic+Surgery+Group+and+Skin+Care+Center/data=!4m7!3m6!1s0x8850fa51dcef0bff:0xaeb361056bbabac3!8m2!3d36.1988756!4d-81.6544322!16s%2Fg%2F1tdbrkmp!19sChIJ_wvv3FH6UIgRw7q6awVhs64,Blue Ridge Plastic Surgery Group and Skin Care Center,4.2,17,Plastic surgeon,"141 Doctors Dr, Boone, NC 28607, United States","58XW+H6 Boone, North Carolina, USA",http://www.blueridgeplasticsurgery.net/,+1 828-268-0082,Closed · Opens 8 am Wed,https://streetviewpixels-pa.googleapis.com/v1/thumbnail?panoid=_jCYYZDjWUIn_VZk9B8V5Q&cb_client=search.gws-prod.gps&w=408&h=240&yaw=2.971186&pitch=0&thumbfov=100,false,8 am–1 pm,8 am–5 pm,8 am–5 pm,8 am–1 pm,Closed,Closed,8 am–5 pm,"https://www.google.com/maps/search/vein+clinics+in+Sugar+Mountain+Boone+NC/@36.2181951,-81.6830378,14z",2025-12-16T21:58:18.992Z,,
https://www.google.com/maps/place/Elk+River+Medical/data=!4m7!3m6!1s0x88508d54f2190029:0x92e59bd82cc7aa1d!8m2!3d36.163678!4d-81.8687117!16s%2Fg%2F1v2f16f0!19sChIJKQAZ8lSNUIgRHarHLNib5ZI,Elk River Medical,4.4,16,Medical clinic,"150 Park Ave, Banner Elk, NC 28604, United States","547J+FG Banner Elk, North Carolina, USA",https://www.unchealthappalachian.org/locations/profile/elk-river-medical/,+1 828-386-2500,Closes soon · 5 pm · Opens 8 am Wed,https://streetviewpixels-pa.googleapis.com/v1/thumbnail?panoid=9XaCdCWdkZ6aBfsoI3kCzQ&cb_client=search.gws-prod.gps&w=408&h=240&yaw=83.36282&pitch=0&thumbfov=100,true,8 am–5 pm,8 am–5 pm,8 am–5 pm,8 am–5 pm,Closed,Closed,8 am–5 pm,"https://www.google.com/maps/search/vein+clinics+in+Seven+Devils+Boone+NC/@36.1443203,-81.826041,14z",2025-12-16T21:58:38.722Z,,
https://www.google.com/maps/place/Dogwood+Primary+Care+%2B+Medical+Aesthetics/data=!4m7!3m6!1s0x8850eda17632d27d:0xd61175989030270d!8m2!3d36.1181915!4d-81.8365673!16s%2Fg%2F11sw4bmssw!19sChIJfdIydqHtUIgRDScwkJh1EdY,Dogwood Primary Care + Medical Aesthetics,5.0,9,Medical clinic,"3990 NC-105 Suite 1, Sugar Mountain, NC 28604, United States","4597+79 Sugar Mountain, North Carolina, USA",https://dogwoodprimarycare.com/,+1 828-898-4585,Closed · Opens 8 am Wed,https://lh3.googleusercontent.com/p/AF1QipN4tzivy_EkjjxPsJWOuvVlqiopxRprveJL_G9n=w408-h306-k-no,true,8 am–4 pm,8 am–4 pm,8 am–4 pm,8 am–4 pm,Closed,Closed,8 am–4 pm,"https://www.google.com/maps/search/vein+clinics+in+Seven+Devils+Boone+NC/@36.1443203,-81.826041,14z",2025-12-16T21:58:43.541Z,,
https://www.google.com/maps/place/Center+For+Advanced+Vein+Care/data=!4m7!3m6!1s0x88513130838dfff1:0xcadf61945173eb99!8m2!3d35.7154048!4d-81.2639715!16s%2Fg%2F1tfxyqxn!19sChIJ8f-NgzAxUYgRmetzUZRh38o,Center For Advanced Vein Care,4.4,13,Doctor,"711 Fairgrove Church Rd SE Suite 102, Hickory, NC 28602, United States","PP8P+5C Hickory, North Carolina, USA",http://www.hickoryvein.com/,+1 828-322-8485,Closes soon · 5:30 pm · Opens 8 am Wed,https://streetviewpixels-pa.googleapis.com/v1/thumbnail?panoid=hQbwFfO8A-GYZBCs2j4qfg&cb_client=search.gws-prod.gps&w=408&h=240&yaw=88.456276&pitch=0&thumbfov=100,true,"8 am–12 pm, 1–5:30 pm","8 am–12 pm, 1–5:30 pm","8 am–12 pm, 1–5:30 pm",Closed,Closed,Closed,Closed,"https://www.google.com/maps/search/vein+clinics+in+Seven+Devils+Boone+NC/@36.1443203,-81.826041,14z",2025-12-16T21:58:48.529Z,,
https://www.google.com/maps/place/Asheville+Vein+Center/data=!4m7!3m6!1s0x8859f3c59577f60b:0x1b17f0cc0923c3c8!8m2!3d35.5351305!4d-82.5287294!16s%2Fg%2F11hzn4vv23!19sChIJC_Z3lcXzWYgRyMMjCczwFxs,Asheville Vein Center,5.0,151,Medical office,"1091 Hendersonville Rd, Biltmore Forest, NC 28803, United States","GFPC+3G Biltmore Forest, North Carolina, USA",http://ashevilleveincenter.com/,+1 828-210-7990,Closes soon · 5 pm · Opens 8 am Wed,https://streetviewpixels-pa.googleapis.com/v1/thumbnail?panoid=QaRdlyvwYIH4noFDPzYZqw&cb_client=search.gws-prod.gps&w=408&h=240&yaw=225.92834&pitch=0&thumbfov=100,true,8 am–5 pm,8 am–5 pm,8 am–5 pm,8 am–12 pm,Closed,Closed,8 am–5 pm,"https://www.google.com/maps/search/vein+clinics+in+Seven+Devils+Boone+NC/@36.1443203,-81.826041,14z",2025-12-16T21:58:53.487Z,,
https://www.google.com/maps/place/The+Vein+Specialists/data=!4m7!3m6!1s0x8859ed5b044071f7:0x334e06c7b0dad8c3!8m2!3d35.4816764!4d-82.5503285!16s%2Fg%2F11f0xd01cr!19sChIJ93FABFvtWYgRw9jasMcGTjM,The Vein Specialists,4.8,71,Vascular surgeon,"310 Long Shoals Rd 2nd Floor, Arden, NC 28704, United States","FCJX+MV Arden, Asheville, NC, USA",https://www.missionhealthphysicians.org/specialties/cardiology?utm_campaign=corp_listings_mgmt&utm_source=google&utm_medium=business_listing,+1 828-670-8346,Closes soon · 5 pm · Opens 8 am Wed,https://lh3.googleusercontent.com/p/AF1QipNSxDlyoTWRqkty5E07ZdCZTeqfyavpcShzzwUf=w408-h544-k-no,true,8 am–5 pm,8 am–5 pm,8 am–5 pm,8 am–5 pm,Closed,Closed,8 am–5 pm,"https://www.google.com/maps/search/vein+clinics+in+Seven+Devils+Boone+NC/@36.1443203,-81.826041,14z",2025-12-16T21:58:58.463Z,,
https://www.google.com/maps/place/Living+Water+Vein+Institute+%26+Medical+Spa/data=!4m7!3m6!1s0x885a6355f1342b95:0x50bcdf08ef443315!8m2!3d36.3509391!4d-82.3910618!16s%2Fg%2F11hzxgqs3z!19sChIJlSs08VVjWogRFTNE7wjfvFA,Living Water Vein Institute & Medical Spa,4.8,124,Vascular surgeon,"2800 Peoples St #80, Johnson City, TN 37604, United States","9J25+9H Johnson City, Tennessee, USA",https://www.livingwatervein.com/,+1 423-631-0101,Closes soon · 5 pm · Opens 8 am Wed,https://lh3.googleusercontent.com/p/AF1QipPWIeN-AbybA2F2YVTsI2FTZZMCL_Qgs6cGQEEX=w408-h409-k-no,true,8 am–5 pm,8 am–5 pm,8 am–5 pm,8 am–5 pm,Closed,Closed,8 am–5 pm,"https://www.google.com/maps/search/vein+clinics+in+Seven+Devils+Boone+NC/@36.1443203,-81.826041,14z",2025-12-16T21:59:03.608Z,,
https://www.google.com/maps/place/Appalachian+Surgery+%26+Vein/data=!4m7!3m6!1s0x885a7fcfaea6571f:0x75151387e4a9a3b0!8m2!3d36.3449757!4d-82.2499536!16s%2Fg%2F1tf3c7vv!19sChIJH1emrs9_WogRsKOp5IcTFXU,Appalachian Surgery & Vein,3.0,2,Doctor,"1503 W Elk Ave, Elizabethton, TN 37643, United States","8QV2+X2 Elizabethton, Tennessee, USA",,+1 423-543-8619,Closes soon · 5 pm · Opens 9 am Wed,https://streetviewpixels-pa.googleapis.com/v1/thumbnail?panoid=94KjSJpuxSW04odUz6Wn_A&cb_client=search.gws-prod.gps&w=408&h=240&yaw=300.44202&pitch=0&thumbfov=100,true,9 am–5 pm,9 am–5 pm,9 am–5 pm,9 am–5 pm,Closed,Closed,9 am–5 pm,"https://www.google.com/maps/search/vein+clinics+in+Seven+Devils+Boone+NC/@36.1443203,-81.826041,14z",2025-12-16T21:59:08.491Z,,
https://www.google.com/maps/place/Catawba+Valley+Vascular+Surgery+-+Horizon/data=!4m7!3m6!1s0x8850df6d70d75f01:0x16a250f71bbc4c90!8m2!3d35.9206809!4d-81.5267944!16s%2Fg%2F1tdlcdtf!19sChIJAV_XcG3fUIgRkEy8G_dQohY,Catawba Valley Vascular Surgery - Horizon,3.6,7,Vascular surgeon,"125 Hospital Ave NW Suite 200-C, Lenoir, NC 28645, United States","WFCF+77 Lenoir, North Carolina, USA",https://www.catawbavalleyhealth.org/location/catawba-valley-vascular-surgery-horizon/,+1 828-732-7500,"Closes soon · 5 pm · Opens 7:30 am Wed

Updated by this business 6 weeks ago",https://lh3.googleusercontent.com/p/AF1QipP0hV7Hsd8KRlAozA9uYaYacA2xbkFLViZKRQE1=w408-h306-k-no,true,7:30 am–5 pm,7:30 am–5 pm,7:30 am–5 pm,7:30 am–12 pm,Closed,Closed,7:30 am–5 pm,"https://www.google.com/maps/search/vein+clinics+in+Seven+Devils+Boone+NC/@36.1443203,-81.826041,14z",2025-12-16T21:59:13.320Z,,
"https://www.google.com/maps/place/Venaflux,+PLLC/data=!4m7!3m6!1s0x8851274b64110c69:0x57c3e0d883d7ae0a!8m2!3d35.394329!4d-82.496493!16s%2Fg%2F11lw_b_q7m!19sChIJaQwRZEsnUYgRCq7Xg9jgw1c","Venaflux, PLLC",5.0,60,Vascular surgeon,"170 Old Naples Rd Suite C, Hendersonville, NC 28792, United States","9GV3+PC Hendersonville, North Carolina, USA",https://venaflux.com/,+1 828-355-4900,,https://lh3.googleusercontent.com/p/AF1QipMR0Vq8z_L5SpRBCdgpq5L6_VG0YgFvBnC01zo2=w408-h365-k-no,true,9 am–5 pm,9 am–5 pm,9 am–5 pm,Closed,Closed,Closed,9 am–5 pm,"https://www.google.com/maps/search/vein+clinics+in+Seven+Devils+Boone+NC/@36.1443203,-81.826041,14z",2025-12-16T21:59:18.206Z,LGBTQ+ friendly,
https://www.google.com/maps/place/The+Vein+Center+at+Rutherford+Regional/data=!4m7!3m6!1s0x88574341cf7d7287:0x9ea67afcb4d8d8ca!8m2!3d35.362384!4d-81.9659254!16s%2Fg%2F11q2qqhvkv!19sChIJh3J9z0FDV4gRytjYtPx6pp4,The Vein Center at Rutherford Regional,5.0,4,Surgical center,"288 S Ridgecrest Ave, Rutherfordton, NC 28139, United States","926M+XJ Rutherfordton, North Carolina, USA",https://www.myrutherfordregional.com/the-vein-center,+1 828-286-5599,Closes soon · 5 pm · Opens 8:30 am Wed,https://streetviewpixels-pa.googleapis.com/v1/thumbnail?panoid=-rcboK1w2AQdcZrMMDWdRA&cb_client=search.gws-prod.gps&w=408&h=240&yaw=157.87856&pitch=0&thumbfov=100,false,8:30 am–5 pm,8:30 am–5 pm,8:30 am–5 pm,8:30 am–5 pm,Closed,Closed,8:30 am–5 pm,"https://www.google.com/maps/search/vein+clinics+in+Seven+Devils+Boone+NC/@36.1443203,-81.826041,14z",2025-12-16T21:59:23.282Z,,
https://www.google.com/maps/place/The+Vein+Company/data=!4m7!3m6!1s0x885a7ccbc8383733:0xbc9f52d98e41f5f!8m2!3d36.305347!4d-82.384427!16s%2Fg%2F11by_m5tc7!19sChIJMzc4yMt8WogRXx_kmC31yQs,The Vein Company,4.9,351,Vascular surgeon,"310 N State of Franklin Rd Suite103, Johnson City, TN 37604, United States","8J48+46 Johnson City, Tennessee, USA",https://www.theveincompany.com/?utm_source=google_my_business&utm_medium=organic&utm_campaign=johnson_city,+1 423-328-0163,Closed · Opens 8 am Wed,https://lh3.googleusercontent.com/p/AF1QipOMYYP-W11ouun3xOWhGZJgz7JmKosprvImfXJn=w408-h306-k-no,true,8 am–4:30 pm,8 am–4:30 pm,8 am–4:30 pm,8 am–4:30 pm,Closed,Closed,8 am–4:30 pm,"https://www.google.com/maps/search/vein+clinics+in+Seven+Devils+Boone+NC/@36.1443203,-81.826041,14z",2025-12-16T21:59:28.341Z,,
https://www.google.com/maps/place/USA+Vein+Clinics+-+Mooresville/data=!4m7!3m6!1s0x8851558487320183:0x55e2dfbf5fd388ae!8m2!3d35.5915825!4d-80.8749391!16s%2Fg%2F11fm4b6tdx!19sChIJgwEyh4RVUYgRrojTX7_f4lU,USA Vein Clinics - Mooresville,4.4,100,Medical clinic,"143 Joe Knox Ave Suite 200, Mooresville, NC 28117, United States","H4RG+J2 Mooresville, North Carolina, USA",https://www.usaveinclinics.com/company/locations/north-carolina/office/mooresville/,+1 704-684-4511,,https://lh3.googleusercontent.com/p/AF1QipNFPk4aAmuG5x4VBkVTOmzwOAm_GXGMwNzWyd-1=w426-h240-k-no,true,Open 24 hours,Open 24 hours,Open 24 hours,Open 24 hours,Open 24 hours,Open 24 hours,Open 24 hours,"https://www.google.com/maps/search/vein+clinics+in+Seven+Devils+Boone+NC/@36.1443203,-81.826041,14z",2025-12-16T21:59:33.493Z,,
"https://www.google.com/maps/place/Vein+Specialists+of+the+Carolinas:+Dr.+David+G.+Draughn,+now+part+of+CVR/data=!4m7!3m6!1s0x8856bfbcb2a317c1:0x64315f79835922a9!8m2!3d35.2755556!4d-81.1425!16s%2Fg%2F1vr1xbnl!19sChIJwRejsry_VogRqSJZg3lfMWQ","Vein Specialists of the Carolinas: Dr. David G. Draughn, now part of CVR",4.9,264,Vascular surgeon,"860 Summit Crossing Pl # 120, Gastonia, NC 28054, United States","7VG5+62 Gastonia, North Carolina, USA",https://www.centerforvein.com/our-clinics/locations/gastonia-north-carolina,+1 704-861-2072,"Open · Closes 6 pm

Updated by this business 5 weeks ago",https://lh3.googleusercontent.com/p/AF1QipPCl0Pod-nWPyApq16xigrCrIZGuw50ZMzg-kmB=w408-h544-k-no,true,7 am–6 pm,7 am–6 pm,7 am–6 pm,7 am–6 pm,Closed,Closed,7 am–6 pm,"https://www.google.com/maps/search/vein+clinics+in+Seven+Devils+Boone+NC/@36.1443203,-81.826041,14z",2025-12-16T21:59:38.662Z,,
https://www.google.com/maps/place/Frye+Regional+Vein+Center/data=!4m7!3m6!1s0x8851302a376f1467:0xfe0a89428b8a25d6!8m2!3d35.7380928!4d-81.3380351!16s%2Fg%2F1tm893t_!19sChIJZxRvNyowUYgR1iWKi0KJCv4,Frye Regional Vein Center,,,Medical Center,"415 N Center St Suite 101, Hickory, NC 28601, United States","PMQ6+6Q Hickory, North Carolina, USA",https://www.fryemedctr.com/vascular-care/vein-center,+1 828-315-5840,Closed · Opens 8 am Wed,https://lh3.googleusercontent.com/p/AF1QipNc1DLisosNgsxVFXBBC6L7Lm0Aki_gOj68vYoc=w426-h240-k-no,true,8 am–4:30 pm,8 am–4:30 pm,8 am–4:30 pm,8 am–4:30 pm,Closed,Closed,8 am–4:30 pm,"https://www.google.com/maps/search/vein+clinics+in+Seven+Devils+Boone+NC/@36.1443203,-81.826041,14z",2025-12-16T21:59:43.724Z,,
https://www.google.com/maps/place/The+Vein+Company/data=!4m7!3m6!1s0x88501528bdf302bf:0xa45d629c65f40612!8m2!3d36.7076617!4d-81.975131!16s%2Fg%2F11ftz1h2t1!19sChIJvwLzvSgVUIgREgb0ZZxiXaQ,The Vein Company,4.9,213,Vascular surgeon,"328 Cummings St Ste A, Abingdon, VA 24210, United States","P25F+3W Abingdon, Virginia, USA",https://www.theveincompany.com/?utm_source=google_my_business&utm_medium=organic&utm_campaign=abingdon,+1 276-477-4600,Closed · Opens 8 am Wed,https://streetviewpixels-pa.googleapis.com/v1/thumbnail?panoid=xCaSnyqMASgadGq-xiXy0A&cb_client=search.gws-prod.gps&w=408&h=240&yaw=51.399704&pitch=0&thumbfov=100,false,8 am–4:30 pm,8 am–4:30 pm,8 am–4:30 pm,8 am–4:30 pm,Closed,Closed,8 am–4:30 pm,"https://www.google.com/maps/search/vein+clinics+in+Seven+Devils+Boone+NC/@36.1443203,-81.826041,14z",2025-12-16T21:59:49.065Z,,
https://www.google.com/maps/place/Living+Water+Vein+Institute+%26+Medical+Spa/data=!4m7!3m6!1s0x88501384d408cb7d:0x28810da3caed5a0b!8m2!3d36.7033318!4d-81.9701134!16s%2Fg%2F11kpy5yd1r!19sChIJfcsI1IQTUIgRC1rtyqMNgSg,Living Water Vein Institute & Medical Spa,4.9,46,Medical spa,"107 Cook St, Abingdon, VA 24210, United States","P23H+8X Abingdon, Virginia, USA",https://www.livingwatermedspa.com/,+1 276-289-2720,Closes soon · 5 pm · Opens 8 am Wed,https://lh3.googleusercontent.com/p/AF1QipP7K3SpmgDdKFshLv0RrQH3h2Uw1suF5PD_-m1-=w408-h409-k-no,true,8 am–5 pm,8 am–5 pm,8 am–5 pm,8 am–5 pm,Closed,Closed,8 am–5 pm,"https://www.google.com/maps/search/vein+clinics+in+Seven+Devils+Boone+NC/@36.1443203,-81.826041,14z",2025-12-16T21:59:53.976Z,,
https://www.google.com/maps/place/Milan+Laser+Hair+Removal/data=!4m7!3m6!1s0x8850fb1a99cfd3b7:0x43de9049835c1a8b!8m2!3d36.2070917!4d-81.6722481!16s%2Fg%2F11tmn6mydk!19sChIJt9PPmRr7UIgRixpcg0mQ3kM,Milan Laser Hair Removal,5.0,198,Laser hair removal service,"850 Blowing Rock Rd Ste D, Boone, NC 28607, United States","684H+R4 Boone, North Carolina, USA",https://milanlaser.com/locations/nc/boone/850-blowing-rock-rd?utm_source=gmb&utm_medium=yext,+1 828-616-6463,"Open · Closes 6 pm

Confirmed by this business 3 weeks ago",https://lh3.googleusercontent.com/p/AF1QipOoc9jATaHzlnIgZkFJejUjiVwRcxCronSYaIwi=w408-h307-k-no,true,9 am–6 pm,9 am–6 pm,9 am–6 pm,9 am–5 pm,9 am–5 pm,Closed,9 am–6 pm,"https://www.google.com/maps/search/vein+clinics+in+Seven+Devils+Boone+NC/@36.1443203,-81.826041,14z",2025-12-16T21:59:59.059Z,,
https://www.google.com/maps/place/Vein+Clinic+of+North+Carolina/data=!4m7!3m6!1s0x8853b0456838964d:0xa9f453bfc856efa!8m2!3d36.0753284!4d-80.3087072!16s%2Fg%2F1tdcmp12!19sChIJTZY4aEWwU4gR-m6F_DtFnwo,Vein Clinic of North Carolina,5.0,39,Doctor,"3318 Healy Dr, Winston-Salem, NC 27103, United States","3MGR+4G Winston-Salem, North Carolina, USA",https://veinclinicnc.com/,+1 336-768-3530,Closes soon · 5:30 pm · Opens 8:30 am Wed,https://lh3.googleusercontent.com/p/AF1QipMzeYwgXyVSm4SdotNVMItSLubQ7i3S7nXGqjJy=w408-h311-k-no,true,8:30 am–5:30 pm,8:30 am–5:30 pm,8:30 am–5:30 pm,8:30 am–5:30 pm,Closed,Closed,8:30 am–5:30 pm,"https://www.google.com/maps/search/vein+clinics+in+Seven+Devils+Boone+NC/@36.1443203,-81.826041,14z",2025-12-16T22:00:04.344Z,LGBTQ+ friendly,
https://www.google.com/maps/place/Watauga+Medical+Center/data=!4m7!3m6!1s0x8850fa4df52f7e3b:0x7078bb157f44b53e!8m2!3d36.1983001!4d-81.6512812!16s%2Fm%2F04g3mr2!19sChIJO34v9U36UIgRPrVEfxW7eHA,Watauga Medical Center,3.4,385,Hospital,"336 Deerfield Rd, Boone, NC 28607, United States","58XX+8F Boone, North Carolina, USA",https://apprhs.org/wataugamedical/?utm_source=ARHSGoogleLocation&utm_medium=referral&utm_campaign=ARHSsearch,+1 828-262-4100,,https://lh3.googleusercontent.com/gps-cs-s/AG0ilSwKM6lkboQhKxfzDAuGK1VvTGDdpAZCM24Oj6oausnWREqBCh7Q-9YCUfPnKRclvTmsUkiB_9NqBgNaj2rqno0XmkxuPGzsDYin_On9Ov4rHWxR4ku9tLVWgUb0G_MFEyuJjb4gqw=w426-h240-k-no,true,Open 24 hours,Open 24 hours,Open 24 hours,Open 24 hours,Open 24 hours,Open 24 hours,Open 24 hours,"https://www.google.com/maps/search/vein+clinics+in+Seven+Devils+Boone+NC/@36.1443203,-81.826041,14z",2025-12-16T22:00:09.744Z,,
https://www.google.com/maps/place/The+Vein+Company/data=!4m7!3m6!1s0x885aede893a3d839:0x6314464e8b9e5036!8m2!3d36.5093581!4d-82.5600957!16s%2Fg%2F11f5v10803!19sChIJOdijk-jtWogRNlCei05GFGM,The Vein Company,4.9,323,Medical clinic,"6 Sheridan Square Suite 100, Kingsport, TN 37660, United States","GC5Q+PX Kingsport, Tennessee, USA",https://www.theveincompany.com/?utm_source=google_my_business&utm_medium=organic&utm_campaign=kingsport,+1 423-328-0163,Closed · Opens 8 am Wed,https://streetviewpixels-pa.googleapis.com/v1/thumbnail?panoid=XNrDMHE_JS7yGQwU5lCkhA&cb_client=search.gws-prod.gps&w=408&h=240&yaw=14.86008&pitch=0&thumbfov=100,true,8 am–4:30 pm,8 am–4:30 pm,8 am–4:30 pm,8 am–4:30 pm,Closed,Closed,8 am–4:30 pm,"https://www.google.com/maps/search/vein+clinics+in+Seven+Devils+Boone+NC/@36.1443203,-81.826041,14z",2025-12-16T22:00:14.692Z,,
"https://www.google.com/maps/place/Tim+Edmisten,+MD/data=!4m7!3m6!1s0x8850fa4f1d52d569:0xfa4bd79f8747983d!8m2!3d36.2030111!4d-81.6553041!16s%2Fg%2F1tf3_1jq!19sChIJadVSHU_6UIgRPZhHh5_XS_o","Tim Edmisten, MD",5.0,7,Surgeon,"965 State Farm Rd, Boone, NC 28607, United States","683V+6V Boone, North Carolina, USA",https://www.unchealth.org/care-services/doctors/e/timothy-tim-d-edmisten-md,+1 828-264-2340,Closed · Opens 8 am Wed,https://lh3.googleusercontent.com/p/AF1QipPA1MPJaMGACKqo380g3N3nYm4vNnSLmetE-juy=w408-h408-k-no,true,8 am–5 pm,8 am–5 pm,8 am–5 pm,8 am–5 pm,Closed,Closed,8 am–5 pm,"https://www.google.com/maps/search/vein+clinics+in+Seven+Devils+Boone+NC/@36.1443203,-81.826041,14z",2025-12-16T22:00:19.699Z,,
https://www.google.com/maps/place/Frye+Regional+Vascular+Center/data=!4m7!3m6!1s0x885131b45e5dded7:0xa46655c7d7460d2f!8m2!3d35.7375114!4d-81.3370193!16s%2Fg%2F11h22bg81d!19sChIJ195dXrQxUYgRLw1G18dVZqQ,Frye Regional Vascular Center,5.0,1,Medical Center,"420 N Center St, Hickory, NC 28601, United States","PMQ7+25 Hickory, North Carolina, USA",http://myfryeregional.com/,+1 828-315-5519,Closed · Opens 8 am Wed,https://streetviewpixels-pa.googleapis.com/v1/thumbnail?panoid=dR-U8qTRbJfXnLj5gT1tVg&cb_client=search.gws-prod.gps&w=408&h=240&yaw=330.1974&pitch=0&thumbfov=100,true,8 am–5 pm,8 am–5 pm,8 am–5 pm,8 am–5 pm,Closed,Closed,8 am–5 pm,"https://www.google.com/maps/search/vein+clinics+in+Seven+Devils+Boone+NC/@36.1443203,-81.826041,14z",2025-12-16T22:00:24.508Z,,
https://www.google.com/maps/place/Blackbird+Aesthetics/data=!4m7!3m6!1s0x8850fb89fa752b83:0xdae200afc449df53!8m2!3d36.2189558!4d-81.6847915!16s%2Fg%2F11t3vcf6t1!19sChIJgyt1-on7UIgRU99JxK8A4to,Blackbird Aesthetics,5.0,22,Medical spa,"693 W King St, Boone, NC 28607, United States","6898+H3 Boone, North Carolina, USA",https://www.blackbirdboone.com/,+1 828-865-7425,Closes soon · 6 pm · Opens 10 am Wed,https://lh3.googleusercontent.com/p/AF1QipP8vhHqriCNa6mkgR2FlzM8P3H0hYjVVdWBTgyy=w408-h306-k-no,true,2–6 pm,"10 am–2 pm, 5:30–8:30 pm",10 am–12 am,12–6 am,12–4 pm,Closed,Closed,"https://www.google.com/maps/search/vein+clinics+in+Seven+Devils+Boone+NC/@36.1443203,-81.826041,14z",2025-12-16T22:00:29.634Z,LGBTQ+ friendly,
https://www.google.com/maps/place/Center+for+Vascular+%26+Interventional+Radiology+-+Statesville/data=!4m7!3m6!1s0x885159afd54e4ff1:0x7513ac6b74794997!8m2!3d35.7985!4d-80.88082!16s%2Fg%2F11vcm_wfz8!19sChIJ8U9O1a9ZUYgRl0l5dGusE3U,Center for Vascular & Interventional Radiology - Statesville,4.9,83,Medical clinic,"730 Hartness Rd, Statesville, NC 28677, United States","Q4X9+9M Statesville, North Carolina, USA",https://piedmonthealthcare.com/location/phc-center-for-vascular-and-interventional-radiology/,+1 704-924-7808,Closed · Opens 8 am Wed,https://lh3.googleusercontent.com/p/AF1QipN7z6YyXQSt1OE6Vlj-_tmii6x8Xvh2f6Os7L8c=w408-h272-k-no,true,8 am–5 pm,8 am–5 pm,8 am–5 pm,8 am–12 pm,Closed,Closed,8 am–5 pm,"https://www.google.com/maps/search/vein+clinics+in+Seven+Devils+Boone+NC/@36.1443203,-81.826041,14z",2025-12-16T22:00:34.587Z,,
"https://www.google.com/maps/place/Vein+Specialists+of+the+Carolinas:+Dr.+David+G.+Draughn,+now+part+of+CVR/data=!4m7!3m6!1s0x88569d27efbc68bf:0x89eee244e0747cdc!8m2!3d35.0568628!4d-80.8535522!16s%2Fg%2F1tfwf60g!19sChIJv2i87yedVogR3Hx04ETi7ok","Vein Specialists of the Carolinas: Dr. David G. Draughn, now part of CVR",4.9,239,Vascular surgeon,"15825 Ballantyne Medical Pl #240, Charlotte, NC 28277, United States","344W+PH Charlotte, North Carolina, USA",https://www.centerforvein.com/our-clinics/locations/charlotte-north-carolina,+1 704-544-5245,"Closes soon · 6 pm · Opens 7 am Wed

Updated by this business 5 weeks ago",https://lh3.googleusercontent.com/p/AF1QipNU-O7Bq50VL0I3pK0BxADa51y6zaT_wcQHavvU=w408-h272-k-no,true,7 am–6 pm,7 am–6 pm,7 am–6 pm,7 am–6 pm,Closed,Closed,7 am–6 pm,"https://www.google.com/maps/search/vein+clinics+in+Seven+Devils+Boone+NC/@36.1443203,-81.826041,14z",2025-12-16T22:00:39.717Z,,
https://www.google.com/maps/place/Catawba+Valley+Vascular+Surgery/data=!4m7!3m6!1s0x885131b2dbf6dca9:0x64fefbc9754f2dc4!8m2!3d35.7300612!4d-81.3101127!16s%2Fg%2F11c2p_k8_4!19sChIJqdz227IxUYgRxC1Pdcn7_mQ,Catawba Valley Vascular Surgery,3.8,14,Surgical center,"1771 Tate Blvd SE #204, Hickory, NC 28602, United States","PMJQ+2X Hickory, North Carolina, USA",https://www.catawbavalleyhealth.org/location/catawba-valley-vascular-surgery/,+1 828-732-5200,Closed · Opens 8:30 am Wed,https://lh3.googleusercontent.com/p/AF1QipNFfnDOvfDtLxKjO4kmYSRq9OV_A5VZPZZGi_vh=w408-h271-k-no,true,"8:30–11:30 am, 12:30–5 pm","8:30–11:30 am, 12:30–5 pm","8:30–11:30 am, 12:30–5 pm","8:30–11:30 am, 12:30–5 pm",Closed,Closed,"8:30–11:30 am, 12:30–5 pm","https://www.google.com/maps/search/vein+clinics+in+Seven+Devils+Boone+NC/@36.1443203,-81.826041,14z",2025-12-16T22:00:44.604Z,,
https://www.google.com/maps/place/Veins+Limited/data=!4m7!3m6!1s0x885173234e137693:0x5615d44d91f8f328!8m2!3d36.162553!4d-81.146178!16s%2Fg%2F1tgcm_5v!19sChIJk3YTTiNzUYgRKPP4kU3UFVY,Veins Limited,,,Surgical center,"408 8th St, North Wilkesboro, NC 28659, United States","5V73+2G North Wilkesboro, North Carolina, USA",,+1 336-667-8346,,https://streetviewpixels-pa.googleapis.com/v1/thumbnail?panoid=vAHCO5IbnsRu4EBkAqOQ8A&cb_client=search.gws-prod.gps&w=408&h=240&yaw=146.6822&pitch=0&thumbfov=100,false,,,,,,,,"https://www.google.com/maps/search/vein+clinics+in+Seven+Devils+Boone+NC/@36.1443203,-81.826041,14z",2025-12-16T22:00:47.273Z,,
,,,,,,,,,,,,,,,,,,,"https://www.google.com/maps/search/vein+clinics+in+Crossnore+Boone+NC/@36.0217938,-81.9295579,14z",2025-12-16T22:01:00.375Z,,No new results found
,,,,,,,,,,,,,,,,,,,"https://www.google.com/maps/search/vein+clinics+in+Newland+Boone+NC/@36.213999,-81.683832,14z",2025-12-16T22:01:13.063Z,,No new results found
https://www.google.com/maps/place/Blowing+Rock+Plus+Urgent+Care/data=!4m7!3m6!1s0x8850e56a9986662d:0xc03a1f0f8f15d968!8m2!3d36.1227232!4d-81.6708911!16s%2Fg%2F11c5wnvb0x!19sChIJLWaGmWrlUIgRaNkVjw8fOsA,Blowing Rock Plus Urgent Care,3.8,75,Urgent care center,"8439 Valley Blvd, Blowing Rock, NC 28605, United States","48FH+3J Blowing Rock, North Carolina, USA",https://www.caldwellmemorial.org/locations/profile/blowing-rock-medical-park-a-division-of-caldwell-memorial-hospital/?utm_source=CALDWELL-BLOWINGPARK-UC&utm_campaign=Local-Listings&utm_medium=Google-My-Business,+1 828-572-4706,Open · Closes 7:30 pm,https://streetviewpixels-pa.googleapis.com/v1/thumbnail?panoid=6ac-TPrDCHhY4o3eyNwyww&cb_client=search.gws-prod.gps&w=408&h=240&yaw=86.58459&pitch=0&thumbfov=100,true,8 am–7:30 pm,8 am–7:30 pm,8 am–7:30 pm,8 am–7:30 pm,8 am–4 pm,8 am–4 pm,8 am–7:30 pm,"https://www.google.com/maps/search/vein+clinics+in+Blowing+Rock+Boone+NC/@36.135129,-81.6776059,14z",2025-12-16T22:01:32.098Z,,
https://www.google.com/maps/place/Chestnut+Ridge+Medical+%28formerly+Davant+Medical+Clinic%29/data=!4m7!3m6!1s0x8850fad28eadc87d:0x3d631b3dd4f7dc3f!8m2!3d36.14748!4d-81.6579284!16s%2Fg%2F11bzt8dzrn!19sChIJfcitjtL6UIgRP9z31D0bYz0,Chestnut Ridge Medical (formerly Davant Medical Clinic),5.0,104,Women's health clinic,"623 Chestnut Ridge Pkwy, Blowing Rock, NC 28605, United States","48WR+XR Blowing Rock, North Carolina, USA",https://apprhs.org/davantclinic/?utm_source=ARHSGoogleLocation&utm_medium=referral&utm_campaign=ARHSsearch,+1 828-386-3350,Closed · Opens 8 am Wed,https://lh3.googleusercontent.com/p/AF1QipNI0sYQsvAK9tyZ9xgBcLVc7uHF3_5-obk3uzGF=w408-h272-k-no,true,8 am–5 pm,8 am–5 pm,8 am–5 pm,8 am–5 pm,Closed,Closed,8 am–5 pm,"https://www.google.com/maps/search/vein+clinics+in+Blowing+Rock+Boone+NC/@36.135129,-81.6776059,14z",2025-12-16T22:01:37.136Z,,
https://www.google.com/maps/place/Blue+Ridge+Buprenorphine+recovery/data=!4m7!3m6!1s0x88505743dd4a4fb9:0x64dcc67562060e4c!8m2!3d36.2127331!4d-81.6680396!16s%2Fg%2F11rx4h6bvs!19sChIJuU9K3UNXUIgRTA4GYnXG3GQ,Blue Ridge Buprenorphine recovery,4.6,18,Medical clinic,"375 NC-105 Extension #1, Boone, NC 28607, United States","687J+3Q Boone, North Carolina, USA",http://blueridgebuprecovery.com/,+1 828-266-8941,Closed · Opens 8 am Wed,https://lh3.googleusercontent.com/p/AF1QipP9rf8oHFK2O37dsDTTaj0HQmScraVXpxjqXyTC=w408-h544-k-no,true,8 am–5 pm,8 am–5 pm,8 am–5 pm,8 am–5 pm,Closed,Closed,8 am–5 pm,"https://www.google.com/maps/search/vein+clinics+in+Blowing+Rock+Boone+NC/@36.135129,-81.6776059,14z",2025-12-16T22:01:41.966Z,,
https://www.google.com/maps/place/High+Country+Wellness+Hormone+Replacement+%26+Weight+Loss/data=!4m7!3m6!1s0x8850fb0910274af5:0x9a2d06762a10abb2!8m2!3d36.1989055!4d-81.6543998!16s%2Fg%2F11v_0v9lcd!19sChIJ9UonEAn7UIgRsqsQKnYGLZo,High Country Wellness Hormone Replacement & Weight Loss,5.0,31,Medical clinic,"141 Doctors Dr, Boone, NC 28607, United States","58XW+H6 Boone, North Carolina, USA",https://www.highcountry-wellness.com/,+1 828-528-6290,Closed · Opens 9 am Wed,https://lh3.googleusercontent.com/p/AF1QipOyG1FujhSFyW-CWLOHZ8VeevyPBWqpK9Ots1kf=w408-h408-k-no,true,9 am–4 pm,9 am–4 pm,9 am–4 am,Closed,Closed,Closed,9 am–4 pm,"https://www.google.com/maps/search/vein+clinics+in+Blowing+Rock+Boone+NC/@36.135129,-81.6776059,14z",2025-12-16T22:01:47.147Z,LGBTQ+ friendly,
https://www.google.com/maps/place/The+Rock+Boone/data=!4m7!3m6!1s0x8850fa4564302569:0xa3b3e177e60a6a19!8m2!3d36.201404!4d-81.658827!16s%2Fg%2F11cnbmsl36!19sChIJaSUwZEX6UIgRGWoK5nfhs6M,The Rock Boone,4.8,27,Church,"215 Boone Heights Dr #301, Boone, NC 28607, United States","682R+HF Boone, North Carolina, USA",https://therockboone.church/,,Closed · Opens 8 am Sun,https://lh3.googleusercontent.com/p/AF1QipP9jzwT6w95VBX7hLLoFXSvfaJ09DyVu2PaXry-=w408-h255-k-no,true,Closed,Closed,Closed,Closed,Closed,8 am–1 pm,Closed,"https://www.google.com/maps/search/vein+clinics+in+Blowing+Rock+Boone+NC/@36.135129,-81.6776059,14z",2025-12-16T22:01:52.104Z,,
https://www.google.com/maps/place/FryeCare+Cardiology+-+Boone/data=!4m7!3m6!1s0x8850fb977a0246b7:0x5db2dbf2850339ed!8m2!3d36.2152967!4d-81.6693168!16s%2Fg%2F11fcv7qrvy!19sChIJt0YCepf7UIgR7TkDhfLbsl0,FryeCare Cardiology - Boone,4.8,4,Medical office,"178 NC-105 Extension # 202, Boone, NC 28607, United States","688J+47 Boone, North Carolina, USA",https://www.fryecarephysicians.com/,+1 828-262-0140,"Closed · Opens 8 am Wed

Confirmed by this business 6 weeks ago",https://streetviewpixels-pa.googleapis.com/v1/thumbnail?panoid=RQPwU0YACBt7jTomu9DSUw&cb_client=search.gws-prod.gps&w=408&h=240&yaw=86.46964&pitch=0&thumbfov=100,true,8 am–5 pm,8 am–5 pm,8 am–5 pm,8 am–5 pm,Closed,Closed,8 am–5 pm,"https://www.google.com/maps/search/vein+clinics+in+Blowing+Rock+Boone+NC/@36.135129,-81.6776059,14z",2025-12-16T22:01:57.068Z,,
https://www.google.com/maps/place/Wound+Care+Center/data=!4m7!3m6!1s0x8850fbace54708c5:0x77bba0d3dd0cd31d!8m2!3d36.1983001!4d-81.6512812!16s%2Fg%2F11y8mhfqfk!19sChIJxQhH5az7UIgRHdMM3dOgu3c,Wound Care Center,,,Medical clinic,"336 Deerfield Rd, Boone, NC 28607, United States","58XX+8F Boone, North Carolina, USA",https://apprhs.org/woundcare/,+1 828-262-9520,Closed · Opens 8 am Wed,https://streetviewpixels-pa.googleapis.com/v1/thumbnail?panoid=nm7t6VXT5YsOUuonL1NMgw&cb_client=search.gws-prod.gps&w=408&h=240&yaw=21.53822&pitch=0&thumbfov=100,true,8 am–5 pm,8 am–5 pm,8 am–5 pm,8 am–5 pm,Closed,Closed,8 am–5 pm,"https://www.google.com/maps/search/vein+clinics+in+Blowing+Rock+Boone+NC/@36.135129,-81.6776059,14z",2025-12-16T22:02:02.056Z,,
"https://www.google.com/maps/place/Healthy+Lymphatics+of+NC,+PC/data=!4m7!3m6!1s0x8850fa24a6a85acf:0x90a6778b6221bddf!8m2!3d36.2225922!4d-81.6632928!16s%2Fg%2F1tfntq19!19sChIJz1qopiT6UIgR370hYot3ppA","Healthy Lymphatics of NC, PC",3.7,6,Medical Center,"450 New Market Blvd #3, Boone, NC 28607, United States","68FP+2M Boone, North Carolina, USA",https://www.healthylymphaticsgroup.com/,+1 828-355-9584,Closes soon · 6 pm · Opens 8 am Wed,https://lh3.googleusercontent.com/p/AF1QipN_Qk2hwbEeQMF7OBUOeq2k76YiVNgdQ1yXbjIW=w408-h308-k-no,true,8 am–6 pm,8 am–6 pm,8 am–6 pm,8 am–6 pm,Closed,Closed,8 am–6 pm,"https://www.google.com/maps/search/vein+clinics+in+Blowing+Rock+Boone+NC/@36.135129,-81.6776059,14z",2025-12-16T22:02:06.838Z,,
https://www.google.com/maps/place/Compassionate+Care+of+NC/data=!4m7!3m6!1s0x8850fa3fda5e973d:0x59a3748cc99ce54a!8m2!3d36.203366!4d-81.658496!16s%2Fg%2F12hnq5834!19sChIJPZde2j_6UIgRSuWcyYx0o1k,Compassionate Care of NC,3.5,28,Medical clinic,"400 Shadowline Dr Ste 201B, Boone, NC 28607, United States","683R+8J Boone, North Carolina, USA",,+1 828-832-8300,Closed · Opens 8:30 am Wed,https://lh3.googleusercontent.com/p/AF1QipMr2v6Udux-Mh6qbnAXgahmfMIriu1YWkW5ENgN=w408-h306-k-no,true,"8:30 am–12 pm, 1–5 pm","8:30 am–12 pm, 1–5 pm","8:30 am–12 pm, 1–5 pm",9 am–1 pm,Closed,Closed,"8:30 am–12 pm, 1–5 pm","https://www.google.com/maps/search/vein+clinics+in+Blowing+Rock+Boone+NC/@36.135129,-81.6776059,14z",2025-12-16T22:02:11.830Z,,
,,,,,,,,,,,,,,,,,,,"https://www.google.com/maps/search/vein+clinics+in+Banner+Elk+Boone+NC/@36.1631817,-81.8715019,14z",2025-12-16T22:02:24.784Z,,No new results found
,,,,,,,,,,,,,,,,,,,"https://www.google.com/maps/search/vein+clinics+in+Jefferson+Boone+NC/@36.2227209,-81.6601236,14z",2025-12-16T22:02:37.125Z,,No new results found
,,,,,,,,,,,,,,,,,,,"https://www.google.com/maps/search/vein+clinics+in+Elk+Park+Boone+NC/@36.2181951,-81.6830378,14z",2025-12-16T22:02:50.020Z,,No new results found
,,,,,,,,,,,,,,,,,,,"https://www.google.com/maps/search/vein+clinics+in+Cove+Creek+Boone+NC/@36.3034459,-81.7568253,14z",2025-12-16T22:03:02.849Z,,No new results found
,,,,,,,,,,,,,,,,,,,"https://www.google.com/maps/search/vein+clinics+in+Foscoe+Boone+NC/@36.161795,-81.7656647,14z",2025-12-16T22:03:15.711Z,,No new results found
https://www.google.com/maps/place/Westhaven+Aesthetics+%26+Wellness/data=!4m7!3m6!1s0x8851adeb3b8273ab:0x7467e5f2491e00ba!8m2!3d36.3998973!4d-81.4796886!16s%2Fg%2F11t6pszs58!19sChIJq3OCO-utUYgRugAeSfLlZ3Q,Westhaven Aesthetics & Wellness,4.9,37,Medical spa,"875 Mt Jefferson Rd Suite 3, West Jefferson, NC 28694, United States","9GXC+X4 West Jefferson, North Carolina, USA",http://www.westhavenaesthetics.com/,+1 336-846-7546,,https://lh3.googleusercontent.com/p/AF1QipP1XafmEbVUheheS5xdOjyumMk6DuJQdnwmq6UH=w408-h272-k-no,true,,,,,,,,"https://www.google.com/maps/search/vein+clinics+in+West+Jefferson+Boone+NC/@36.4037364,-81.4928829,14z",2025-12-16T22:03:33.326Z,Identifies as women-owned,
https://www.google.com/maps/place/Heart+%26+Vascular+Center+-+Ashe/data=!4m7!3m6!1s0x8851ad6140fdc665:0xb70a0960dd43d3d8!8m2!3d36.4233112!4d-81.4578526!16s%2Fg%2F11t0w2llb1!19sChIJZcb9QGGtUYgR2NND3WAJCrc,Heart & Vascular Center - Ashe,5.0,1,Medical clinic,"200 Hospital Ave, Jefferson, NC 28640, United States","CGFR+8V Jefferson, North Carolina, USA",https://www.unchealthappalachian.org/locations/profile/heart-vascular-center-ashe/,+1 828-264-9664,Closed · Opens 8 am Wed,https://lh3.googleusercontent.com/p/AF1QipOg2NNb0c3MgpRMfbl7bsSlNxOlnIUO3uf2Fwq8=w408-h254-k-no,true,8 am–5 pm,8 am–5 pm,8 am–5 pm,Closed,Closed,Closed,8 am–5 pm,"https://www.google.com/maps/search/vein+clinics+in+West+Jefferson+Boone+NC/@36.4037364,-81.4928829,14z",2025-12-16T22:03:38.439Z,,
"https://www.google.com/maps/place/Jones+Charles+W+MD/@36.4233112,-81.4578526,17z/data=!3m1!4b1!4m6!3m5!1s0x8851ac4fbaad98e9:0x8ec59a1cd18897c6!8m2!3d36.4233112!4d-81.4578526!16s%2Fg%2F1thxwxxk",Jones Charles W MD,5.0,229,Physician assistant,"200 Hospital Ave Suite 5, Jefferson, NC 28640, United States","CGFR+8V Jefferson, North Carolina, USA",https://rymap.org/business/jones-charles-w-md-ersv10,+1 336-246-7779,,,false,,,,,,,,"https://www.google.com/maps/search/vein+clinics+in+West+Jefferson+Boone+NC/@36.4037364,-81.4928829,14z",2025-12-16T22:03:43.343Z,,
https://www.google.com/maps/place/Ashe+Family+Healthcare/data=!4m7!3m6!1s0x8851ac93072f8349:0xfa7fd382a6460529!8m2!3d36.4110059!4d-81.4859334!16s%2Fg%2F11bwfmkz2c!19sChIJSYMvB5OsUYgRKQVGpoLTf_o,Ashe Family Healthcare,3.2,28,Medical clinic,"952 U.S. Hwy 221 Business, West Jefferson, NC 28694, United States","CG67+CJ West Jefferson, North Carolina, USA",https://www.ashefamilyhealthcare.com/,+1 336-846-6100,Closed · Opens 8 am Wed,https://lh3.googleusercontent.com/gps-cs-s/AG0ilSw9pxhu3Z_wajZe97kvHHVUCHeWzy0EmbIBSXRoXluSOYtrTbFVEefjti93VlPDJ88XjoQoaIYx9ALd665ontXrzJ8faQYNMJry-SWU6s9Z44UTGfCiw8DttrJa5JqxgQfH5pI=w426-h240-k-no,true,8 am–5 pm,8 am–5 pm,8 am–5 pm,8 am–5 pm,Closed,Closed,8 am–5 pm,"https://www.google.com/maps/search/vein+clinics+in+West+Jefferson+Boone+NC/@36.4037364,-81.4928829,14z",2025-12-16T22:03:48.273Z,,
,,,,,,,,,,,,,,,,,,,"https://www.google.com/maps/search/vein+clinics+in+Cedar+Rock+Boone+NC/@36.2380604,-81.5924524,14z",2025-12-16T22:04:01.122Z,,No new results found
"https://www.google.com/maps/place/Lionel+van+der+Westhuizen,+MD/data=!4m7!3m6!1s0x8850fb7340eb3245:0x5fdc1ca80ac76c91!8m2!3d36.2030111!4d-81.6553041!16s%2Fg%2F11fjxxt5wr!19sChIJRTLrQHP7UIgRkWzHCqgc3F8","Lionel van der Westhuizen, MD",,,Surgeon,"965 State Farm Rd, Boone, NC 28607, United States","683V+6V Boone, North Carolina, USA",https://apprhs.org/providers/lionel-van-der-westhuizen-md/?utm_source=ARHSGoogleLocation&utm_medium=referral&utm_campaign=ARHSsearch,+1 828-264-2340,Closed · Opens 8 am Wed,https://lh3.googleusercontent.com/p/AF1QipOl_qM_PycrbFOTQAVecGfRTp-gpqH07XRKiGIk=w408-h489-k-no,true,8 am–5 pm,8 am–5 pm,8 am–5 pm,8 am–5 pm,Closed,Closed,8 am–5 pm,"https://www.google.com/maps/search/vein+clinics+in+Lansing+Boone+NC/@36.2181951,-81.6830378,14z",2025-12-16T22:04:18.829Z,,
https://www.google.com/maps/place/Valle+Health/data=!4m7!3m6!1s0x8850f151acc71e3f:0xf7f9860ca13a2782!8m2!3d36.2085141!4d-81.7747709!16s%2Fg%2F11wq_khcbp!19sChIJPx7HrFHxUIgRgic6oQyG-fc,Valle Health,5.0,6,Medical office,"2837 Broadstone Rd, Banner Elk, NC 28604, United States","665G+C3 Banner Elk, North Carolina, USA",https://www.vallehealthnc.com/,+1 828-260-9255,Closed · Opens 9 am Wed,https://streetviewpixels-pa.googleapis.com/v1/thumbnail?panoid=5oglo-qdtx13KIz8Vbj2pw&cb_client=search.gws-prod.gps&w=408&h=240&yaw=195.78618&pitch=0&thumbfov=100,true,9 am–4 pm,9 am–4 pm,9 am–4 pm,9 am–12 pm,Closed,Closed,9 am–4 pm,"https://www.google.com/maps/search/vein+clinics+in+Valle+Crucis+Boone+NC/@36.2092942,-81.7784436,14z",2025-12-16T22:04:36.280Z,,
,,,,,,,,,,,,,,,,,,,"https://www.google.com/maps/search/vein+clinics+in+Grandfather+Boone+NC/@36.2181951,-81.6830378,14z",2025-12-16T22:04:49.283Z,,No new results found
https://www.google.com/maps/place/Botanical+Esthetics/data=!4m7!3m6!1s0x88508dfbcf85e575:0xc960b7d7eb5b941c!8m2!3d36.207375!4d-81.8769853!16s%2Fg%2F11x6z80xwl!19sChIJdeWFz_uNUIgRHJRb69e3YMk,Botanical Esthetics,5.0,13,Spa,"105 Lakeledge Rd, Beech Mountain, NC 28604, United States","644F+W6 Beech Mountain, North Carolina, USA",https://botanical-esthetics-101809.square.site/,+1 925-548-8978,"Closed · Opens 11 am Wed

Updated by this business 6 weeks ago",https://lh3.googleusercontent.com/p/AF1QipO-dOYEub9ac-NboFyBMjmXZ4rohBOltVk5VnlR=w408-h544-k-no,true,Closed,11 am–4 pm,9 am–5 pm,9 am–5 pm,10 am–3 pm,Closed,Closed,"https://www.google.com/maps/search/vein+clinics+in+Beech+Mountain+Boone+NC/@36.2109584,-81.8890031,14z",2025-12-16T22:05:07.213Z,,