placeUrl,title,rating,reviewCount,category,address,plusCode,website,phoneNumber,currentStatus,info,imgUrl,isClaimed,tuesday,wednesday,thursday,friday,saturday,sunday,monday,query,timestamp,attributes,error
https://www.google.com/maps/place/Instituto+Recupera%C3%A7%C3%A3o+Vascular+Lda.+IRV/data=!4m7!3m6!1s0xd1933776551e04f:0x8fdac1a5ef3770fa!8m2!3d38.7233374!4d-9.1494287!16s%2Fg%2F1tj2d80v!19sChIJT-BRZXczGQ0R-nA376XB2o8,Instituto Recuperação Vascular Lda. IRV,4.4,22,Specialized clinic,"Av. da Liberdade 245 2º, 1250-143 Lisboa, Portugal","PVF2+86 Lisbon, Portugal",http://www.irv.pt/,+351 21 352 0212,Closed · Opens 10 am Wed,LGBTQ+ friendly,https://streetviewpixels-pa.googleapis.com/v1/thumbnail?panoid=2dNgi_PJKp6NcwMUM51tpw&cb_client=search.gws-prod.gps&w=408&h=240&yaw=49.547478&pitch=0&thumbfov=100,true,10 am–7:30 pm,10 am–7:30 pm,10 am–7:30 pm,10 am–7:30 pm,Closed,Closed,10 am–7:30 pm,"https://www.google.com/maps/search/vein+clinics+in+Lisbon+Cedar+Rapids+IA/@38.7222524,-9.1393366,14z",2025-12-16T21:57:52.301Z,,
"https://www.google.com/maps/place/EAV-L,+Estudos+Art%C3%A9rio+Veno-Linf%C3%A1ticos/data=!4m7!3m6!1s0xd19332459138e1f:0x218d0cdf878b9575!8m2!3d38.744524!4d-9.1751346!16s%2Fg%2F11fy_5yhzc!19sChIJH44TWSQzGQ0RdZWLh98MjSE","EAV-L, Estudos Artério Veno-Linfáticos",4.7,22,Vascular surgeon,"R. Raquel Roque Gameiro 16-A R/C-E, 1500-133 Lisboa, Portugal","PRVF+RW Lisbon, Portugal",http://www.eavl.pt/,+351 21 771 2050,Closed · Opens 2 pm Wed,,https://streetviewpixels-pa.googleapis.com/v1/thumbnail?panoid=SX1puJPLccCeN6NLlbAPbQ&cb_client=search.gws-prod.gps&w=408&h=240&yaw=250.53116&pitch=0&thumbfov=100,true,2–6 pm,2–6 pm,2–6 pm,2–6 pm,9 am–3 pm,Closed,2–6 pm,"https://www.google.com/maps/search/vein+clinics+in+Lisbon+Cedar+Rapids+IA/@38.7222524,-9.1393366,14z",2025-12-16T21:57:58.514Z,,
https://www.google.com/maps/place/Avenue+Clinic/data=!4m7!3m6!1s0xd193341e8699f25:0xbae542e87249eb7f!8m2!3d38.7208613!4d-9.1451397!16s%2Fg%2F11jn2yvjgc!19sChIJJZ9p6EEzGQ0Rf-tJcuhC5bo,Avenue Clinic,4.7,151,Medical clinic,"R. Manuel Jesus de Coelho 4 7º Andar, 1150-228 Lisboa, Portugal","PVC3+8W Lisbon, Portugal",https://avenue.clinic/,+351 919 992 774,Closed · Opens 10 am Wed,LGBTQ+ friendly,https://lh3.googleusercontent.com/p/AF1QipNMK33nOg1zk0oy7kZP_DTguWcuaOPu7E_6yUGw=w408-h272-k-no,true,10 am–8 pm,10 am–8 pm,10 am–8 pm,10 am–8 pm,11 am–8 pm,Closed,10 am–8 pm,"https://www.google.com/maps/search/vein+clinics+in+Lisbon+Cedar+Rapids+IA/@38.7222524,-9.1393366,14z",2025-12-16T21:58:04.005Z,,
"https://www.google.com/maps/place/Instituto+Privado+de+Angiologia+-+Inspriangio,+Lda/data=!4m7!3m6!1s0xd19337783510789:0xa2bdbde7ddcc5ad3!8m2!3d38.720694!4d-9.1569364!16s%2Fg%2F11cjgd7f9f!19sChIJiQdRg3czGQ0R01rM3ee9vaI","Instituto Privado de Angiologia - Inspriangio, Lda",4.3,10,Doctor,"Rua Dom João V 6, 1250-089 Lisboa, Portugal","PRCV+76 Lisbon, Portugal",,,,,https://streetviewpixels-pa.googleapis.com/v1/thumbnail?panoid=m7IcgmECqN8psWFMN5Qq7A&cb_client=search.gws-prod.gps&w=408&h=240&yaw=347.2842&pitch=0&thumbfov=100,false,,,,,,,,"https://www.google.com/maps/search/vein+clinics+in+Lisbon+Cedar+Rapids+IA/@38.7222524,-9.1393366,14z",2025-12-16T21:58:06.750Z,,
"https://www.google.com/maps/place/C.+A.+C.+V.,+Consult%C3%B3rio+de+Angiologia+e+Cirurgia+Vascular,+Lda/data=!4m7!3m6!1s0xd19330a459aecf3:0x3b6bc71eeb5ad55e!8m2!3d38.7362123!4d-9.1473829!16s%2Fg%2F11cs6kwhlv!19sChIJ8-yaRQozGQ0RXtVa6x7Hazs","C. A. C. V., Consultório de Angiologia e Cirurgia Vascular, Lda",3.9,27,Local medical services,"52, Direito 057, Avenida 5 de Outubro 52 2ª Dto, 1050-057 Lisboa, Portugal","PVP3+F2 Lisbon, Portugal",http://www.cacv.pt/,+351 21 386 6384,Closed · Opens 10 am Wed,,https://streetviewpixels-pa.googleapis.com/v1/thumbnail?panoid=sOEovYVTSQBQjNmju2uTBQ&cb_client=search.gws-prod.gps&w=408&h=240&yaw=84.25578&pitch=0&thumbfov=100,false,10 am–7 pm,10 am–7 pm,10 am–7 pm,10 am–7 pm,Closed,Closed,10 am–7 pm,"https://www.google.com/maps/search/vein+clinics+in+Lisbon+Cedar+Rapids+IA/@38.7222524,-9.1393366,14z",2025-12-16T21:58:12.162Z,,
https://www.google.com/maps/place/Cl%C3%ADnica+Liberty/data=!4m7!3m6!1s0xd1933820f9812d5:0x98889b1e8adcb794!8m2!3d38.7188517!4d-9.1449492!16s%2Fg%2F11dz54_wj2!19sChIJ1RKYD4IzGQ0RlLfcih6biJg,Clínica Liberty,4.7,88,Medical clinic,"Av. da Liberdade 129 4. D, 1250-140 Lisboa, Portugal","PV94+G2 Lisbon, Portugal",https://clinicaliberty.pt/,+351 21 342 0680,Closed · Opens 10 am Wed,LGBTQ+ friendly,https://lh3.googleusercontent.com/p/AF1QipM1Ht0wqos-69cyrur1xao4pUoz5p-6b_taMqvZ=w408-h281-k-no,true,10 am–8 pm,10 am–8 pm,10 am–8 pm,10 am–8 pm,Closed,Closed,10 am–8 pm,"https://www.google.com/maps/search/vein+clinics+in+Lisbon+Cedar+Rapids+IA/@38.7222524,-9.1393366,14z",2025-12-16T21:58:17.215Z,,
https://www.google.com/maps/place/CLIVIP+-+Cl%C3%ADnica+M%C3%A9dica/data=!4m7!3m6!1s0xd19336f56451c47:0x5202fca04113bed8!8m2!3d38.7227116!4d-9.1628336!16s%2Fg%2F1td3sr_h!19sChIJRxxFVm8zGQ0R2L4TQaD8AlI,CLIVIP - Clínica Médica,4.7,40,Medical clinic,"R. Tierno Galvan Torre 3 Piso 6, Sala 606, 1070-274 Lisboa, Portugal","PRFP+3V Lisbon, Portugal",http://www.clivip.pt/,+351 21 387 3782,Closed · Opens 10 am Wed,LGBTQ+ friendly,https://lh3.googleusercontent.com/p/AF1QipMkB3P-YvZkUeG817KrydLFBSFNxTAAcNzczCUj=w408-h375-k-no,true,10 am–6 pm,10 am–6 pm,10 am–6 pm,10 am–6 pm,Closed,Closed,10 am–6 pm,"https://www.google.com/maps/search/vein+clinics+in+Lisbon+Cedar+Rapids+IA/@38.7222524,-9.1393366,14z",2025-12-16T21:58:23.327Z,,
"https://www.google.com/maps/place/Centro+Medico+Renascimento-medicina+E+Cirurgia+Estetica,+S.a/data=!4m7!3m6!1s0xd19337a39f43f37:0xc640e53d8844bb48!8m2!3d38.720771!4d-9.152222!16s%2Fg%2F1tmxgtq4!19sChIJNz_0OXozGQ0RSLtEiD3lQMY","Centro Medico Renascimento-medicina E Cirurgia Estetica, S.a",,,Medical clinic,"R. do Vale de Pereiro 17, 1250-096 Lisboa, Portugal","PRCX+84 Lisbon, Portugal",,+351 21 385 9113,,,https://lh3.googleusercontent.com/gps-cs-s/AG0ilSw5mMdUIQC1USifLPAV2uC8pMeXWjg3caB0zhyA5hh27DuQ7fXWPN3aN6Q3qAKqFSIwllfKp-NQseu5dHKE3wm-XKXMbRyBNJi8Im17N69s19TVAzpuqFsyslycbhSRmmFF5RZ-=w408-h558-k-no,false,,,,,,,,"https://www.google.com/maps/search/vein+clinics+in+Lisbon+Cedar+Rapids+IA/@38.7222524,-9.1393366,14z",2025-12-16T21:58:26.348Z,,
https://www.google.com/maps/place/MediCapilar+Transplantes+Avan%C3%A7ados/data=!4m7!3m6!1s0xd1933734f5c9085:0xd49e92ce2b6c3851!8m2!3d38.7325088!4d-9.1521203!16s%2Fg%2F11gfhyr3_m!19sChIJhZBcT3MzGQ0RUThsK86SntQ,MediCapilar Transplantes Avançados,4.6,531,Hair transplantation clinic,"Av. António Augusto de Aguiar 106B, 1050-010 Lisboa, Portugal","PRMX+25 Lisbon, Portugal",https://www.medicapilar.pt/marcacao,+351 21 796 8826,"Closed · Opens 10 am Wed

Updated by this business 10 weeks ago",,https://lh3.googleusercontent.com/p/AF1QipOTVE9qjj7Spb2TEQAR4iXnJp0497OZbCzaPF16=w408-h271-k-no,true,"10 am–1 pm, 2–7 pm","10 am–1 pm, 2–7 pm","10 am–1 pm, 2–7 pm","10 am–1 pm, 2–7 pm",9 am–6 pm,Closed,"10 am–1 pm, 2–7 pm","https://www.google.com/maps/search/vein+clinics+in+Lisbon+Cedar+Rapids+IA/@38.7222524,-9.1393366,14z",2025-12-16T21:58:31.467Z,,
https://www.google.com/maps/place/MyMoment+-+Cl%C3%ADnica+M%C3%A9dica+e+Est%C3%A9tica/data=!4m7!3m6!1s0xd19318c7b8cdded:0x5a54c5b47f2cbeed!8m2!3d38.7338021!4d-9.1509009!16s%2Fg%2F1vvyzbl2!19sChIJ7d2Me4wxGQ0R7b4sf7TFVFo,MyMoment - Clínica Médica e Estética,4.6,184,Plastic surgery clinic,"R. Dr. António Cândido 8A, 1050-076 Lisboa, Portugal","PRMX+GJ Lisbon, Portugal",http://www.mymoment.pt/,+351 21 894 9494,Closed · Opens 9 am Wed,LGBTQ+ friendly,https://lh3.googleusercontent.com/p/AF1QipPBnJCrbBefY45FZfBvYEazULBOe1AGQOGi7Z0l=w408-h272-k-no,true,9 am–8 pm,9 am–8 pm,9 am–8 pm,9 am–8 pm,9 am–1 pm,Closed,9 am–8 pm,"https://www.google.com/maps/search/vein+clinics+in+Lisbon+Cedar+Rapids+IA/@38.7222524,-9.1393366,14z",2025-12-16T21:58:36.279Z,,
https://www.google.com/maps/place/Aquarell+Clinic/data=!4m7!3m6!1s0xd192dce2707fa0d:0x2d10219f11c7e941!8m2!3d38.7417081!4d-9.157345!16s%2Fg%2F11vk8np_pb!19sChIJDfoHJ84tGQ0RQenHEZ8hEC0,Aquarell Clinic,5.0,12,Medical clinic,"R. Portugal Durão 3B, 1600-183 Lisboa, Portugal","PRRV+M3 Lisbon, Portugal",https://www.clinicaquarell.com/,+351 934 483 407,Closed · Opens 10 am Wed,,https://streetviewpixels-pa.googleapis.com/v1/thumbnail?panoid=xtydXy5UejWXfDXprNFClw&cb_client=search.gws-prod.gps&w=408&h=240&yaw=246.80923&pitch=0&thumbfov=100,true,10 am–7 pm,10 am–7 pm,10 am–7 pm,10 am–7 pm,10 am–2 pm,Closed,10 am–7 pm,"https://www.google.com/maps/search/vein+clinics+in+Lisbon+Cedar+Rapids+IA/@38.7222524,-9.1393366,14z",2025-12-16T21:58:41.213Z,,
https://www.google.com/maps/place/Aesthetic+and+Dermatology+Center+Lisbon/data=!4m7!3m6!1s0xd1933923fe17b5b:0x112cf60ca861197c!8m2!3d38.736407!4d-9.1444771!16s%2Fg%2F11wp12lv26!19sChIJW3vhP5IzGQ0RfBlhqAz2LBE,Aesthetic and Dermatology Center Lisbon,4.8,107,Medical clinic,"Av. João Crisóstomo 16, 5th Flr, Av. João Crisóstomo 16, 1000-207 Lisboa, Portugal","PVP4+H6 Lisbon, Portugal",https://www.dermatoestheticcenter.com/,+351 963 954 090,Closed · Opens 10 am Wed,,https://lh3.googleusercontent.com/p/AF1QipOvL-EmCKoApeFKBuaNaa9UEhWn51_RDCpj1rQX=w408-h272-k-no,true,10 am–8 pm,10 am–8 pm,10 am–8 pm,10 am–8 pm,10 am–6 pm,Closed,10 am–8 pm,"https://www.google.com/maps/search/vein+clinics+in+Lisbon+Cedar+Rapids+IA/@38.7222524,-9.1393366,14z",2025-12-16T21:58:46.240Z,,
https://www.google.com/maps/place/Michelle+Bond+-+Aesthetic+%26+Wellness+Clinic/data=!4m7!3m6!1s0xd1931fea5365469:0x9a375d95240a2cfd!8m2!3d38.756912!4d-9.0963195!16s%2Fg%2F11h713xwdy!19sChIJaVQ2pf4xGQ0R_SwKJJVdN5o,Michelle Bond - Aesthetic & Wellness Clinic,4.8,197,Specialized clinic,"Alameda dos Oceanos 16A, 1990-186 Lisboa, Portugal","QW43+QF Lisbon, Portugal",https://michellebond.pt/,+351 967 250 466,Closed · Opens 10 am Wed,LGBTQ+ friendly,https://lh3.googleusercontent.com/p/AF1QipNujwwtYLmco0F2bIMISa2wjZt2Au_THGDLIOjg=w408-h272-k-no,true,10 am–8 pm,10 am–8 pm,10 am–8 pm,10 am–8 pm,10 am–2 pm,Closed,10 am–8 pm,"https://www.google.com/maps/search/vein+clinics+in+Lisbon+Cedar+Rapids+IA/@38.7222524,-9.1393366,14z",2025-12-16T21:58:51.328Z,,
https://www.google.com/maps/place/SK+Clinic/data=!4m7!3m6!1s0xd1933f0d179e417:0xa6c14ede9fe6e76d!8m2!3d38.7492199!4d-9.1476308!16s%2Fg%2F11kh_3m1w3!19sChIJF-R50fAzGQ0Rbefmn95OwaY,SK Clinic,4.9,28,Specialized clinic,"Campo Grande 12, 1700-092 Lisboa, Portugal","PVX2+MW Lisbon, Portugal",https://instagram.com/dra.svetlana_kuzmina?igshid=MTIzZWQxMDU=,+351 922 273 333,,Identifies as women-owned,https://lh3.googleusercontent.com/p/AF1QipOMgZ-iaRKmfTcPNqnAm-i_QUXLeWXRlnLKdfrc=w408-h745-k-no,true,,,,,,,,"https://www.google.com/maps/search/vein+clinics+in+Lisbon+Cedar+Rapids+IA/@38.7222524,-9.1393366,14z",2025-12-16T21:58:54.036Z,,
https://www.google.com/maps/place/The+Dr+Pure+Clinic+-+Cirurgia+Pl%C3%A1stica/data=!4m7!3m6!1s0xd19332967e0b311:0x9eeef965090a0bcc!8m2!3d38.7536968!4d-9.1723956!16s%2Fg%2F11h8llnddk!19sChIJEbPgZykzGQ0RzAsKCWX57p4,The Dr Pure Clinic - Cirurgia Plástica,5.0,236,Plastic surgery clinic,"Largo Luzia Maria Martins 1 B, 1600-825 Lisboa, Portugal","QR3H+F2 Lisbon, Portugal",https://thedrpure.com/,+351 923 256 513,Closed · Opens 10 am Wed,Identifies as women-owned,https://lh3.googleusercontent.com/p/AF1QipPFLqwsWuNa2Nu-L8o5-fRfIDBV17dj4FD9zenQ=w408-h272-k-no,true,10 am–7 pm,10 am–7 pm,10 am–7 pm,10 am–7 pm,10 am–2 pm,Closed,10 am–7 pm,"https://www.google.com/maps/search/vein+clinics+in+Lisbon+Cedar+Rapids+IA/@38.7222524,-9.1393366,14z",2025-12-16T21:58:58.884Z,,
"https://www.google.com/maps/place/Clinica+Vaillant+-+Profilaxia+E+Tratamento+Das+Doen%C3%A7as+Metab%C3%B3licas,+Lda./data=!4m7!3m6!1s0xd19330805f2f3ad:0x3a91ddcb46d9fb67!8m2!3d38.7436783!4d-9.1461125!16s%2Fg%2F1vnnkp1l!19sChIJrfPyBQgzGQ0RZ_vZRsvdkTo","Clinica Vaillant - Profilaxia E Tratamento Das Doenças Metabólicas, Lda.",4.8,13,Doctor,"Campo Pequeno 11, 1000-078 Lisboa, Portugal","PVV3+FH Lisbon, Portugal",,+351 21 793 8401,Closed · Opens 8 am Wed,,https://streetviewpixels-pa.googleapis.com/v1/thumbnail?panoid=QcuihHUgq5KAGLwP-t6dFw&cb_client=search.gws-prod.gps&w=408&h=240&yaw=342.01996&pitch=0&thumbfov=100,true,8 am–8 pm,8 am–8 pm,8 am–8 pm,8 am–8 pm,8 am–4 pm,Closed,8 am–8 pm,"https://www.google.com/maps/search/vein+clinics+in+Lisbon+Cedar+Rapids+IA/@38.7222524,-9.1393366,14z",2025-12-16T21:59:04.476Z,,
"https://www.google.com/maps/place/Pedro+Amorim+-+Vascular+Care,+Lda/data=!4m7!3m6!1s0xd19337063575f1d:0xcdbc33ab40772c53!8m2!3d38.7233241!4d-9.1542636!16s%2Fg%2F11csp82q_l!19sChIJHV9XY3AzGQ0RUyx3QKszvM0","Pedro Amorim - Vascular Care, Lda",1.0,1,Local medical services,"Um, N 12 R/ C Esq, R. Artilharia 1, 1250-039 Lisboa, Portugal","PRFW+87 Lisbon, Portugal",,,,,https://streetviewpixels-pa.googleapis.com/v1/thumbnail?panoid=jB-mr_rOpCtTLQ6OWuaPQA&cb_client=search.gws-prod.gps&w=408&h=240&yaw=90.9514&pitch=0&thumbfov=100,false,,,,,,,,"https://www.google.com/maps/search/vein+clinics+in+Lisbon+Cedar+Rapids+IA/@38.7222524,-9.1393366,14z",2025-12-16T21:59:07.206Z,,
https://www.google.com/maps/place/Body+Clinic+Lisbon-+Cirurgi%C3%A3o+Est%C3%A9tico/data=!4m7!3m6!1s0xd1ec9bdde224079:0x88e347fd8bdad5c0!8m2!3d38.7222524!4d-9.1393366!16s%2Fg%2F11q1t8gmlm!19sChIJeUAi3r3JHg0RwNXai_1H44g,Body Clinic Lisbon- Cirurgião Estético,5.0,1,Cosmetic surgeon,"1150-343 Lisbon, Portugal","PVC6+W7 Lisbon, Portugal",https://bodycliniclisbon.wixsite.com/lisbon,+351 930 663 867,Closed · Opens 8:30 am Wed,,https://streetviewpixels-pa.googleapis.com/v1/thumbnail?panoid=HdFaywpeHdjNYd4KfM88FQ&cb_client=search.gws-prod.gps&w=408&h=240&yaw=100.94361&pitch=0&thumbfov=100,true,8:30 am–7 pm,8:30 am–7 pm,8:30 am–7 pm,8:30 am–7 pm,8:30 am–7 pm,Closed,8:30 am–7 pm,"https://www.google.com/maps/search/vein+clinics+in+Lisbon+Cedar+Rapids+IA/@38.7222524,-9.1393366,14z",2025-12-16T21:59:12.703Z,,
https://www.google.com/maps/place/Thalassa/data=!4m7!3m6!1s0xd19330a290529f1:0x871631bd3cf06b6f!8m2!3d38.7449275!4d-9.1527336!16s%2Fg%2F1tmz85r1!19sChIJ8SkFKQozGQ0Rb2vwPL0xFoc,Thalassa,4.1,81,Medical clinic,"R. Julieta Ferrão 12 13° andar, 1600-131 Lisboa, Portugal","PRVW+XW Lisbon, Portugal",http://www.thalassa-lisboa.com/,+351 21 797 2175,Closed · Opens 8:30 am Wed,,https://lh3.googleusercontent.com/p/AF1QipMZlEl7LlUkXPE7q0efgetEYqBpCosUfZrIVX4Q=w426-h240-k-no,true,8:30 am–7:30 pm,8:30 am–7:30 pm,8:30 am–7:30 pm,8:30 am–7:30 pm,Closed,Closed,8:30 am–7:30 pm,"https://www.google.com/maps/search/vein+clinics+in+Lisbon+Cedar+Rapids+IA/@38.7222524,-9.1393366,14z",2025-12-16T21:59:17.924Z,,
"https://www.google.com/maps/place/Paulo+D%27almeida+Cl%C3%ADnica+de+Angiologia+e+Cirurgia+Vascular,+Lda/data=!4m7!3m6!1s0xd1931820844e151:0xe0de3dc34575f27e!8m2!3d38.7585111!4d-9.094994!16s%2Fg%2F11cs7ljk06!19sChIJUeFECIIxGQ0RfvJ1RcM93uA","Paulo D'almeida Clínica de Angiologia e Cirurgia Vascular, Lda",,,Local medical services,"Passeio Adamastor 7, 1990-007 Lisboa, Portugal","QW54+C2 Lisbon, Portugal",,,,,https://streetviewpixels-pa.googleapis.com/v1/thumbnail?panoid=h5VA2MXQ3oct36E6oNwr4A&cb_client=search.gws-prod.gps&w=408&h=240&yaw=117.158356&pitch=0&thumbfov=100,false,,,,,,,,"https://www.google.com/maps/search/vein+clinics+in+Lisbon+Cedar+Rapids+IA/@38.7222524,-9.1393366,14z",2025-12-16T21:59:20.550Z,,
https://www.google.com/maps/place/Visage+Clinic+Boutique/data=!4m7!3m6!1s0xd193145ba728e5d:0x8602e34cb7319631!8m2!3d38.7481366!4d-9.0969882!16s%2Fg%2F11y433j6gv!19sChIJXY5yukUxGQ0RMZYxt0zjAoY,Visage Clinic Boutique,5.0,61,Medical clinic,"Rua cintura do Porto, R. 3 da Matinha, 1950-314 Lisboa, Portugal","PWX3+76 Lisbon, Portugal",http://www.visageclinicboutique.pt/,+351 933 078 810,Closed · Opens 10 am Wed,,https://lh3.googleusercontent.com/gps-cs-s/AG0ilSyd30i4fWGzp8aEqlvRju-She-8Pu36I-k6D63zHri4fT6ETOMGORvKShPx80mCaVt5mUmume5jZY7VwztFXnwBBpF2pYVMCm-jmCfXuMUla7kExxRMnEdtSp6lgXAIh4fj-Fc=w408-h544-k-no,true,"10 am–1 pm, 2–7 pm","10 am–1 pm, 2–7 pm","10 am–1 pm, 2–7 pm","10 am–1 pm, 2–7 pm",Closed,Closed,"10 am–1 pm, 2–7 pm","https://www.google.com/maps/search/vein+clinics+in+Lisbon+Cedar+Rapids+IA/@38.7222524,-9.1393366,14z",2025-12-16T21:59:26.729Z,,
https://www.google.com/maps/place/MEA/data=!4m7!3m6!1s0xd1933734bb5fa71:0x53284f2455d53ad3!8m2!3d38.7187515!4d-9.1436632!16s%2Fg%2F11dxc03cvn!19sChIJcfq1S3MzGQ0R0zrVVSRPKFM,MEA,4.9,16,Medical clinic,"Av. da Liberdade nº 108 6º andar, 1250-146 Lisboa, Portugal","PV94+GG Lisbon, Portugal",https://clinicamea.com/,+351 937 252 525,Closed · Opens 8 am Wed,LGBTQ+ friendly,https://lh3.googleusercontent.com/p/AF1QipPQmeuB8srdi8cGelVDLRDLOj-EL4yXJlyeFcmf=w408-h272-k-no,true,8 am–8 pm,8 am–8 pm,8 am–8 pm,8 am–8 pm,9 am–1 pm,Closed,8 am–8 pm,"https://www.google.com/maps/search/vein+clinics+in+Lisbon+Cedar+Rapids+IA/@38.7222524,-9.1393366,14z",2025-12-16T21:59:31.822Z,,
https://www.google.com/maps/place/Cirurgia+Plastica+Lisboa+%7C+B%C3%ADvar+Clinic/data=!4m7!3m6!1s0xd1933f2affad3f9:0x458b8a2be840c779!8m2!3d38.7346262!4d-9.1495446!16s%2Fg%2F11w3mz7w__!19sChIJ-dP6r_IzGQ0RecdA6CuKi0U,Cirurgia Plastica Lisboa | Bívar Clinic,5.0,70,Plastic surgery clinic,"Av. Luís Bívar 93 D, 1050-043 Lisboa, Portugal","PVM2+V5 Lisbon, Portugal",https://bivarclinic.pt/,+351 963 732 515,Closed · Opens 10 am Wed,,https://lh3.googleusercontent.com/p/AF1QipP-NvpztP4zyumeaHnKdJfcUX5nxYXaiN6xVok0=w408-h287-k-no,true,10 am–7 pm,10 am–7 pm,10 am–7 pm,10 am–7 pm,Closed,Closed,10 am–7 pm,"https://www.google.com/maps/search/vein+clinics+in+Lisbon+Cedar+Rapids+IA/@38.7222524,-9.1393366,14z",2025-12-16T21:59:36.832Z,,
https://www.google.com/maps/place/Cl%C3%ADnica+Acqua+Health+Care/data=!4m7!3m6!1s0xd19330b9bb6c07f:0x1c444a7d8d076a57!8m2!3d38.7363374!4d-9.1502798!16s%2Fg%2F11cmhgz_vm!19sChIJf8C2mwszGQ0RV2oHjX1KRBw,Clínica Acqua Health Care,5.0,14,Hair transplantation clinic,"Av. Conde de Valbom 29 A, 1050-066 Lisboa, Portugal","PRPX+GV Lisbon, Portugal",http://www.acqua-clinic.pt/,+351 935 803 188,Closed · Opens 9 am Wed,,https://lh3.googleusercontent.com/p/AF1QipMWWVdraFBo8tGx3ZxKnwp21axeK_NfyIxSGrya=w408-h271-k-no,true,9 am–6 pm,9 am–6 pm,9 am–6 pm,9 am–6 pm,Closed,Closed,9 am–6 pm,"https://www.google.com/maps/search/vein+clinics+in+Lisbon+Cedar+Rapids+IA/@38.7222524,-9.1393366,14z",2025-12-16T21:59:41.758Z,,
https://www.google.com/maps/place/Cl%C3%ADnica+do+Viajante/data=!4m7!3m6!1s0xd1933ce4e78dfa5:0x6b26e62ec5cf465a!8m2!3d38.7320631!4d-9.1385223!16s%2Fg%2F11v4j4qr17!19sChIJpd94Ts4zGQ0RWkbPxS7mJms,Clínica do Viajante,5.0,4,Medical clinic,"Online, 1000-102 Online, Portugal","PVJ6+RH Lisbon, Portugal",http://www.medicinadoviajante.com/,+351 929 394 383,Open 24 hours,,https://streetviewpixels-pa.googleapis.com/v1/thumbnail?panoid=p4O5aage3L_hRYpL8Hb4zg&cb_client=search.gws-prod.gps&w=408&h=240&yaw=200.10675&pitch=0&thumbfov=100,true,Open 24 hours,Open 24 hours,Open 24 hours,Open 24 hours,Open 24 hours,Open 24 hours,Open 24 hours,"https://www.google.com/maps/search/vein+clinics+in+Lisbon+Cedar+Rapids+IA/@38.7222524,-9.1393366,14z",2025-12-16T21:59:46.619Z,,
https://www.google.com/maps/place/Angel+Cl%C3%ADnica/data=!4m7!3m6!1s0xd1933fba62aaf25:0xd3263b6c551e8cb9!8m2!3d38.7216977!4d-9.1456779!16s%2Fg%2F11wjpv0cm1!19sChIJJa8qpvszGQ0RuYweVWw7JtM,Angel Clínica,5.0,7,Medical spa,"R. Rodrigues Sampaio 19A, 1150-278 Lisboa, Portugal","PVC3+MP Lisbon, Portugal",https://www.instagram.com/angel.clinica?utm_source=ig_web_button_share_sheet&igsh=ZDNlZDc0MzIxNw==,+351 913 127 874,Closed · Opens 10 am Wed,,https://lh3.googleusercontent.com/gps-cs-s/AG0ilSztG6sOE7iZLpgiBYhoFXFwz9-Wjn1Az4Hg6nf6XAaFMS9g5fcldC4eVehHQTW1DQ8JVhfaHstxCUdWInbgz5XyiiKsU4bDzN3GwIU7orDIlqbYU5FxHxJBow8U-VA_KqMmtM9_3daSGCNX=w408-h544-k-no,true,10 am–7 pm,10 am–7 pm,10 am–7 pm,10 am–7 pm,Closed,Closed,10 am–7 pm,"https://www.google.com/maps/search/vein+clinics+in+Lisbon+Cedar+Rapids+IA/@38.7222524,-9.1393366,14z",2025-12-16T21:59:52.082Z,,
"https://www.google.com/maps/place/Cl%C3%ADnica+de+Cirurgia+Vascular+Dr.+Jos%C3%A9+Edmundo,+Lda/data=!4m7!3m6!1s0xd1933011dd698a9:0x2e6728064bd4d03d!8m2!3d38.7507789!4d-9.148292!16s%2Fg%2F11c5bp2bz_!19sChIJqZjWHQEzGQ0RPdDUSwYoZy4","Clínica de Cirurgia Vascular Dr. José Edmundo, Lda",,,Local medical services,"5d, Campo Grande 46, 1700-093 Lisboa, Portugal","QV22+8M Lisbon, Portugal",,,,,https://streetviewpixels-pa.googleapis.com/v1/thumbnail?panoid=kAtMEM5GZKnzzG4YtcBGEw&cb_client=search.gws-prod.gps&w=408&h=240&yaw=269.93356&pitch=0&thumbfov=100,false,,,,,,,,"https://www.google.com/maps/search/vein+clinics+in+Lisbon+Cedar+Rapids+IA/@38.7222524,-9.1393366,14z",2025-12-16T21:59:55.075Z,,
https://www.google.com/maps/place/Criolip%C3%B3lise/data=!4m7!3m6!1s0xd1933898dc53ce1:0x4db4f19901dd8ddc!8m2!3d38.7187515!4d-9.1436632!16s%2Fg%2F11fns16vjh!19sChIJ4TzFjYkzGQ0R3I3dAZnxtE0,Criolipólise,,,Specialized clinic,"Av. da Liberdade 108 6º andar, 1250-146 Lisboa, Portugal","PV94+GG Lisbon, Portugal",http://nutricionista.com/,+351 933 462 555,Closed · Opens 8 am Wed,,https://streetviewpixels-pa.googleapis.com/v1/thumbnail?panoid=RrN_6YnEGCp1ZLAsI08ejQ&cb_client=search.gws-prod.gps&w=408&h=240&yaw=71.414566&pitch=0&thumbfov=100,false,8 am–8 pm,8 am–8 pm,8 am–8 pm,8 am–8 pm,9 am–5 pm,Closed,8 am–8 pm,"https://www.google.com/maps/search/vein+clinics+in+Lisbon+Cedar+Rapids+IA/@38.7222524,-9.1393366,14z",2025-12-16T21:59:59.915Z,,
https://www.google.com/maps/place/Art+Beauty+Clinic+-+Lisboa/data=!4m7!3m6!1s0xd1933ac448ee2b3:0x3b414bcfd6dfe7fe!8m2!3d38.7305284!4d-9.1470418!16s%2Fg%2F11rs2xj9xd!19sChIJs-KORKwzGQ0R_uff1s9LQTs,Art Beauty Clinic - Lisboa,4.2,56,Medical clinic,"Av. Fontes Pereira de Melo 31 1A, 1050-117 Lisboa, Portugal","PVJ3+65 Lisbon, Portugal",https://artclinic.pt/,+351 926 446 034,,,https://lh3.googleusercontent.com/p/AF1QipPPFtWg3N65FnTJNA2pUX4aHWom1IqH_yrm5RJT=w408-h612-k-no,true,,,,,,,,"https://www.google.com/maps/search/vein+clinics+in+Lisbon+Cedar+Rapids+IA/@38.7222524,-9.1393366,14z",2025-12-16T22:00:05.906Z,,
https://www.google.com/maps/place/Cl%C3%ADnica+Ana+Silva+Guerra/data=!4m7!3m6!1s0xd19330d1ab8f0b9:0x5df942de3b9a0522!8m2!3d38.7442366!4d-9.1411216!16s%2Fg%2F11ddx4kx4v!19sChIJufC4Gg0zGQ0RIgWaO95C-V0,Clínica Ana Silva Guerra,4.7,95,Plastic surgery clinic,"R. Augusto Gil 29B, 1000-063 Lisboa, Portugal","PVV5+MH Lisbon, Portugal",https://www.anasilvaguerra.com/,+351 918 876 553,Closed · Opens 10 am Wed,LGBTQ+ friendly,https://lh3.googleusercontent.com/p/AF1QipPhX8w0o_KZpwR8pXP3ztIfeOx1F2gnkpFrTLWp=w408-h612-k-no,true,10 am–7 pm,10 am–7 pm,10 am–7 pm,10 am–7 pm,Closed,Closed,10 am–7 pm,"https://www.google.com/maps/search/vein+clinics+in+Lisbon+Cedar+Rapids+IA/@38.7222524,-9.1393366,14z",2025-12-16T22:00:10.957Z,,
https://www.google.com/maps/place/HD+Clinic+-+Cl%C3%ADnica+M%C3%A9dica+Est%C3%A9tica/data=!4m7!3m6!1s0xd1ecd7ce0e4887f:0xe7117261b39905ab!8m2!3d38.7486155!4d-9.1367281!16s%2Fg%2F11h65hhdf_!19sChIJf4jk4HzNHg0RqwWZs2FyEec,HD Clinic - Clínica Médica Estética,4.6,363,Medical clinic,"Av. dos Estados Unidos da América 51A, 1700-165 Lisboa, Portugal","PVX7+C8 Lisbon, Portugal",https://hdclinicpt.com/,+351 912 491 844,Closed · Opens 11 am Wed,,https://lh3.googleusercontent.com/p/AF1QipM9yZa3gpHedC0Xur1vwXViqpcMjSLRQa7J4dF2=w408-h263-k-no,true,11 am–8 pm,11 am–8 pm,11 am–8 pm,11 am–8 pm,Closed,Closed,11 am–8 pm,"https://www.google.com/maps/search/vein+clinics+in+Lisbon+Cedar+Rapids+IA/@38.7222524,-9.1393366,14z",2025-12-16T22:00:15.888Z,,
https://www.google.com/maps/place/Angiopraxis+-+Interven%C3%A7%C3%A3o+Diagn%C3%B3stica+e+Terap%C3%AAutica+Em+Cirurgia+Vascular/data=!4m7!3m6!1s0xd1932e0684afc45:0x73e35afa5ff00585!8m2!3d38.7545102!4d-9.1664696!16s%2Fg%2F11c5btwzyd!19sChIJRfxKaOAyGQ0RhQXwX_pa43M,Angiopraxis - Intervenção Diagnóstica e Terapêutica Em Cirurgia Vascular,,,Local medical services,"Az das Galhardas 25 9E, 1600-209 Lisboa, Portugal","QR3M+RC Lisbon, Portugal",,,,,https://streetviewpixels-pa.googleapis.com/v1/thumbnail?panoid=jpHdsi7FztaiyJ4mIKFBVg&cb_client=search.gws-prod.gps&w=408&h=240&yaw=258.53622&pitch=0&thumbfov=100,false,,,,,,,,"https://www.google.com/maps/search/vein+clinics+in+Lisbon+Cedar+Rapids+IA/@38.7222524,-9.1393366,14z",2025-12-16T22:00:18.784Z,,
https://www.google.com/maps/place/GB+Clinic/data=!4m7!3m6!1s0xd1933cfaa7fab41:0xb3daf81dfbdc0f48!8m2!3d38.7363531!4d-9.1507482!16s%2Fg%2F11shqddx_p!19sChIJQat_qs8zGQ0RSA_c-x342rM,GB Clinic,4.5,19,Sports medicine clinic,"Av. Miguel Bombarda 133A, 1050-164 Lisboa, Portugal","PRPX+GP Lisbon, Portugal",http://www.gb-clinic.com/,+351 911 875 982,Closed · Opens 8 am Wed,,https://lh3.googleusercontent.com/p/AF1QipOO51sJqhhI3WQCQh6QCQMmrZB52jU_RixJjL_x=w426-h240-k-no,true,8 am–8 pm,8 am–8 pm,8 am–8 pm,8 am–8 pm,Closed,Closed,8 am–8 pm,"https://www.google.com/maps/search/vein+clinics+in+Lisbon+Cedar+Rapids+IA/@38.7222524,-9.1393366,14z",2025-12-16T22:00:24.429Z,,
https://www.google.com/maps/place/Tony+Soares+-+Cirurgia+Vascular/data=!4m7!3m6!1s0xd19330bb645bd69:0x397f967de24c9767!8m2!3d38.8343838!4d-8.941315!16s%2Fg%2F11hnsw83qz!19sChIJab1FtgszGQ0RZ5dM4n2Wfzk,Tony Soares - Cirurgia Vascular,5.0,2,Vascular surgeon,,,https://tonysoares-vascular.com/,,,,https://lh3.googleusercontent.com/p/AF1QipM2kN3DcBqMhtO7G6jMMzCvyEdUtrmb7TwV29DH=w408-h260-k-no,true,,,,,,,,"https://www.google.com/maps/search/vein+clinics+in+Lisbon+Cedar+Rapids+IA/@38.7222524,-9.1393366,14z",2025-12-16T22:00:27.092Z,,
https://www.google.com/maps/place/Physicians%27+Clinic+of+Iowa+Vascular+%26+Endovascular+Surgery/data=!4m7!3m6!1s0x87e4f7116fd7fb8f:0xbca22aa6d68081ef!8m2!3d41.9821511!4d-91.6586275!16s%2Fg%2F11fwp_yr19!19sChIJj_vXbxH35IcR74GA1qYqorw,Physicians' Clinic of Iowa Vascular & Endovascular Surgery,,,Vascular surgeon,"275 10th St SE Suite 2210, Cedar Rapids, IA 52403, United States","X8JR+VG Cedar Rapids, Iowa, USA",https://www.pcofiowa.com/find-medical-services/surgery/vascular/,+1 319-368-8346,Closes soon · 4:30 pm · Opens 8 am Wed,,https://lh3.googleusercontent.com/p/AF1QipPAuFTzq10X2TO6UBK1C3OpqK60amVfijoClfkJ=w408-h272-k-no,true,8 am–4:30 pm,8 am–4:30 pm,8 am–4:30 pm,8 am–4:30 pm,Closed,Closed,8 am–4:30 pm,"https://www.google.com/maps/search/vein+clinics+in+Marion+Cedar+Rapids+IA/@41.9778795,-91.6656232,14z",2025-12-16T22:00:41.136Z,,
"https://www.google.com/maps/place/Jared+Kray+DO,+FACS/data=!4m7!3m6!1s0x87e4f74a40ba041d:0xdee1ba96e2487115!8m2!3d41.9821511!4d-91.6586275!16s%2Fg%2F11cn6tbmgr!19sChIJHQS6QEr35IcRFXFI4pa64d4","Jared Kray DO, FACS",5.0,3,Vascular surgeon,"275 10th St SE Suite 2210, Cedar Rapids, IA 52403, United States","X8JR+VG Cedar Rapids, Iowa, USA",https://www.pcofiowa.com/find-a-doctor/p90/jared-kray/,+1 319-368-8346,Closes soon · 4:30 pm · Opens 8 am Wed,,https://lh3.googleusercontent.com/p/AF1QipPPOqTZdWdiBncCalXTmzZ68EAWpGrUhIIvhLCG=w408-h272-k-no,true,8 am–4:30 pm,8 am–4:30 pm,8 am–4:30 pm,8 am–4:30 pm,Closed,Closed,8 am–4:30 pm,"https://www.google.com/maps/search/vein+clinics+in+Marion+Cedar+Rapids+IA/@41.9778795,-91.6656232,14z",2025-12-16T22:00:46.159Z,,
https://www.google.com/maps/place/Cosmetic+Solutions+Laser+and+Skin+Care+Center/data=!4m7!3m6!1s0x87e4f74b9ce5d92f:0xdf1f1e81f1d8a966!8m2!3d41.9841578!4d-91.6609242!16s%2Fg%2F1v_vtg3t!19sChIJL9nlnEv35IcRZqnY8YEeH98,Cosmetic Solutions Laser and Skin Care Center,5.0,272,Medical spa,"855 A Ave NE #140, Cedar Rapids, IA 52402, United States","X8MQ+MJ Cedar Rapids, Iowa, USA",https://cosmeticsolutionslaser.com/?utm_source=gmb_auth,+1 319-391-5506,Open · Closes 7 pm,,https://lh3.googleusercontent.com/p/AF1QipMLNlcylRKOShuy68p0g4w_ODo28x4l9iWm6bGE=w486-h240-k-no,true,8 am–7 pm,8 am–7 pm,8 am–7 pm,8 am–5 pm,Closed,Closed,8 am–7 pm,"https://www.google.com/maps/search/vein+clinics+in+Marion+Cedar+Rapids+IA/@41.9778795,-91.6656232,14z",2025-12-16T22:00:51.069Z,,
https://www.google.com/maps/place/UnityPoint+Health+-+St.+Luke%27s+Vascular+Surgery/data=!4m7!3m6!1s0x87e4f738d1f6e32b:0xdd6e0e252ce31f4!8m2!3d41.9821511!4d-91.6586275!16s%2Fg%2F11vywlh1wn!19sChIJK-P20Tj35IcR9DHOUuLg1g0,UnityPoint Health - St. Luke's Vascular Surgery,,,Surgical center,"PCI Medical Pavilion II, 275 10th St SE Suite 2210 (Level 2, Cedar Rapids, IA 52403, United States","X8JR+VG Cedar Rapids, Iowa, USA",https://www.unitypoint.org/locations/unitypoint-health---st-lukes-vascular-surgery?utm_source=gmb&utm_medium=web&utm_campaign=brandify,+1 319-368-8346,Closes soon · 4:30 pm · Opens 8 am Wed,,https://streetviewpixels-pa.googleapis.com/v1/thumbnail?panoid=Ca_tPocc7BcFZ2hQ10oeWA&cb_client=search.gws-prod.gps&w=408&h=240&yaw=238.10417&pitch=0&thumbfov=100,true,8 am–4:30 pm,8 am–4:30 pm,8 am–4:30 pm,8 am–4:30 pm,Closed,Closed,8 am–4:30 pm,"https://www.google.com/maps/search/vein+clinics+in+Marion+Cedar+Rapids+IA/@41.9778795,-91.6656232,14z",2025-12-16T22:00:55.885Z,,
"https://www.google.com/maps/place/David+M.+Lawrence,+MD,+FACS/data=!4m7!3m6!1s0x87e4f749a0e6dfe7:0x64e4617bfa530a29!8m2!3d41.9821511!4d-91.6586275!16s%2Fg%2F11bbrmy8tt!19sChIJ59_moEn35IcRKQpT-nth5GQ","David M. Lawrence, MD, FACS",3.3,4,Vascular surgeon,"275 10th St SE Suite 2210, Cedar Rapids, IA 52403, United States","X8JR+VG Cedar Rapids, Iowa, USA",https://www.pcofiowa.com/find-a-doctor/p91/david-lawrence/,+1 319-368-8346,Closes soon · 4:30 pm · Opens 8 am Wed,,https://lh3.googleusercontent.com/p/AF1QipOaeuQN4PdmU7OXB_euyvwEbuvh1s9_Uy_EDDlV=w408-h272-k-no,true,8 am–4:30 pm,8 am–4:30 pm,8 am–4:30 pm,8 am–4:30 pm,Closed,Closed,8 am–4:30 pm,"https://www.google.com/maps/search/vein+clinics+in+Marion+Cedar+Rapids+IA/@41.9778795,-91.6656232,14z",2025-12-16T22:01:00.880Z,,
"https://www.google.com/maps/place/C.C.+Lee,+MD,+FACS/data=!4m7!3m6!1s0x87e4f7380767ee53:0x47cc62728cfde141!8m2!3d41.976626!4d-91.654894!16s%2Fg%2F11g9mh9vr8!19sChIJU-5nBzj35IcRQeH9jHJizEc","C.C. Lee, MD, FACS",4.0,3,Vascular surgeon,"846 9th Ave SE, Cedar Rapids, IA 52401, United States","X8GW+M2 Cedar Rapids, Iowa, USA",https://www.mercycare.org/doctors/results/provider-profile/cc-lee/?utm_source=google-my-business&utm_campaign=local-listings&utm_medium=MMC-MC&VC-LEE,+1 319-861-7200,Closes soon · 4:30 pm · Opens 8 am Wed,,https://lh3.googleusercontent.com/p/AF1QipNRZXpjNiEXInOE2ua2LH_XMMEDEd8xIPDrVtX0=w408-h608-k-no,true,8 am–4:30 pm,8 am–4:30 pm,8 am–4:30 pm,8 am–4:30 pm,Closed,Closed,8 am–4:30 pm,"https://www.google.com/maps/search/vein+clinics+in+Marion+Cedar+Rapids+IA/@41.9778795,-91.6656232,14z",2025-12-16T22:01:05.920Z,,
https://www.google.com/maps/place/Innovative+Aesthetics+Medical+Spa+and+Laser+Center/data=!4m7!3m6!1s0x87e4f747f97c39bd:0x6a5f05d554483a6c!8m2!3d41.9767664!4d-91.6565618!16s%2Fg%2F1td3s130!19sChIJvTl8-Uf35IcRbDpIVNUFX2o,Innovative Aesthetics Medical Spa and Laser Center,4.9,630,Medical spa,"788 8th Ave SE #102, Cedar Rapids, IA 52401, United States","X8GV+P9 Cedar Rapids, Iowa, USA",https://iamedicalspa.com/,+1 319-365-7721,Open · Closes 7 pm,LGBTQ+ friendly,https://lh3.googleusercontent.com/p/AF1QipN-_qvxoo4r5mfpUpMNZCj93fLZuYtsxF3WMApH=w408-h408-k-no,true,8 am–7 pm,8 am–7 pm,8 am–7 pm,8 am–5 pm,Closed,Closed,8 am–5 pm,"https://www.google.com/maps/search/vein+clinics+in+Marion+Cedar+Rapids+IA/@41.9778795,-91.6656232,14z",2025-12-16T22:01:10.878Z,,
"https://www.google.com/maps/place/Steve+Gunn,+PA-C/data=!4m7!3m6!1s0x87e4f7bee63f9d77:0xb80deb9b411193d8!8m2!3d41.976626!4d-91.654894!16s%2Fg%2F11gy8gt6w3!19sChIJd50_5r735IcR2JMRQZvrDbg","Steve Gunn, PA-C",,,Vascular surgeon,"846 9th Ave SE, Cedar Rapids, IA 52401, United States","X8GW+M2 Cedar Rapids, Iowa, USA",https://www.mercycare.org/doctors/doctor-public-profile/steve-gunn/?utm_source=google-my-business&utm_campaign=local-listings&utm_medium=MMC-MC&VC-GUNN,+1 319-861-7200,Closes soon · 4:30 pm · Opens 8:30 am Wed,,https://streetviewpixels-pa.googleapis.com/v1/thumbnail?panoid=en8ntiuLjHiTp3-Ylf0WyA&cb_client=search.gws-prod.gps&w=408&h=240&yaw=98.917496&pitch=0&thumbfov=100,true,8:30 am–4:30 pm,8:30 am–4:30 pm,8:30 am–4:30 pm,8:30 am–4:30 pm,Closed,Closed,8:30 am–4:30 pm,"https://www.google.com/maps/search/vein+clinics+in+Marion+Cedar+Rapids+IA/@41.9778795,-91.6656232,14z",2025-12-16T22:01:15.729Z,,
https://www.google.com/maps/place/Radiology+Consultants+Of+Iowa-RCI/data=!4m7!3m6!1s0x87e4f0d12617d91f:0x33f5d287dcb6c0e4!8m2!3d41.994466!4d-91.6424369!16s%2Fg%2F1tfg3n0l!19sChIJH9kXJtHw5IcR5MC23IfS9TM,Radiology Consultants Of Iowa-RCI,4.9,2891,Medical diagnostic imaging center,"1948 1st Ave NE, Cedar Rapids, IA 52402, United States","X9V5+Q2 Cedar Rapids, Iowa, USA",http://rciowa.com/,+1 319-364-0121,"Closes soon · 5 pm · Opens 7:30 am Wed

Confirmed by this business 4 weeks ago",,https://lh3.googleusercontent.com/p/AF1QipOk69pMDMV2tDAa5XFPg6W3jKJ9XevFP4R2eBgy=w408-h305-k-no,true,7:30 am–5 pm,7:30 am–5 pm,7:30 am–5 pm,7:30 am–5 pm,Closed,Closed,7:30 am–5 pm,"https://www.google.com/maps/search/vein+clinics+in+Marion+Cedar+Rapids+IA/@41.9778795,-91.6656232,14z",2025-12-16T22:01:21.566Z,,
https://www.google.com/maps/place/Mercy+Cardiothoracic+and+Vascular+Clinic/data=!4m7!3m6!1s0x87e4f7380767ee53:0x68fc5a73d90f308c!8m2!3d41.976626!4d-91.654894!16s%2Fg%2F11f00qvbck!19sChIJU-5nBzj35IcRjDAP2XNa_Gg,Mercy Cardiothoracic and Vascular Clinic,,,Vascular surgeon,"Jewel & Jim Plumb Heart Center, 846 9th Ave SE, Cedar Rapids, IA 52401, United States","X8GW+M2 Cedar Rapids, Iowa, USA",https://www.mercyheartcenter.org/heart/locations/?utm_source=google-my-business&utm_campaign=local-listings&utm_medium=MMC-MC&VC,+1 319-861-7200,Closes soon · 4:30 pm · Opens 8 am Wed,,https://streetviewpixels-pa.googleapis.com/v1/thumbnail?panoid=2NpNrtfyoo1l0AdUWReLGA&cb_client=search.gws-prod.gps&w=408&h=240&yaw=337.78537&pitch=0&thumbfov=100,true,8 am–4:30 pm,8 am–4:30 pm,8 am–4:30 pm,8 am–4:30 pm,Closed,Closed,8 am–4:30 pm,"https://www.google.com/maps/search/vein+clinics+in+Marion+Cedar+Rapids+IA/@41.9778795,-91.6656232,14z",2025-12-16T22:01:26.511Z,,
https://www.google.com/maps/place/Envisions+Medical+Spa/data=!4m7!3m6!1s0x87e4f739d51ed2cb:0x7259815498ced957!8m2!3d41.9832937!4d-91.6583211!16s%2Fg%2F1tgh3jl6!19sChIJy9Ie1Tn35IcRV9nOmFSBWXI,Envisions Medical Spa,5.0,5,Medical spa,"202 10th St SE #290, Cedar Rapids, IA 52402, United States","X8MR+8M Cedar Rapids, Iowa, USA",http://www.envisionsmedspa.com/,+1 319-861-3223,Closes soon · 5 pm · Opens 8 am Wed,,https://lh3.googleusercontent.com/p/AF1QipPs3RL5rgexW87Emnq5BeZTa__ZyDVbC1_0mvCK=w458-h240-k-no,true,8 am–5 pm,8 am–5 pm,8 am–5 pm,8 am–5 pm,Closed,Closed,8 am–5 pm,"https://www.google.com/maps/search/vein+clinics+in+Marion+Cedar+Rapids+IA/@41.9778795,-91.6656232,14z",2025-12-16T22:01:31.405Z,Contemporary facility providing aesthetic & medical skincare treatments & facial rejuvenation.,
https://www.google.com/maps/place/Mercy+Healing+Center/data=!4m7!3m6!1s0x87e4f75db05e0579:0xe90333d9786ef36b!8m2!3d41.9780945!4d-91.6557271!16s%2Fg%2F11gtyw_x20!19sChIJeQVesF335IcRa_NueNkzA-k,Mercy Healing Center,3.8,11,Medical clinic,"701 10th St SE Ground Floor, Cedar Rapids, IA 52403, United States","X8HV+6P Cedar Rapids, Iowa, USA",https://www.mercycare.org/services/healing-center/?utm_source=google-my-business&utm_campaign=local-listings&utm_medium=MMC-MHC,+1 319-398-6400,Open · Closes 5:30 pm,,https://lh3.googleusercontent.com/gps-cs-s/AG0ilSyaEPj1iaFVL63rv1iIal3hx5MS5w-U3G4HeNBUVrA7H0l54bxjwPXZj1Qx5pne_KB-7jBhcQM5-AMobO1TM5_aLVoNPprR65oQgQRmCU8eRhfikPShOtJ2ADi48ClDJjCBh629RA=w408-h725-k-no,true,7:30 am–5:30 pm,7:30 am–5:30 pm,7:30 am–5:30 pm,7:30 am–5:30 pm,7 am–7 pm,7 am–7 pm,7:30 am–5:30 pm,"https://www.google.com/maps/search/vein+clinics+in+Marion+Cedar+Rapids+IA/@41.9778795,-91.6656232,14z",2025-12-16T22:01:36.272Z,,
"https://www.google.com/maps/place/Nicole+Gensicke,+MD/data=!4m7!3m6!1s0x87e4f7f763138dd5:0x94a54a0be040a1b1!8m2!3d41.9821511!4d-91.6586275!16s%2Fg%2F11w9zvb2gw!19sChIJ1Y0TY_f35IcRsaFA4AtKpZQ","Nicole Gensicke, MD",5.0,1,Vascular surgeon,"275 10th St SE Suite 2210, Cedar Rapids, IA 52403, United States","X8JR+VG Cedar Rapids, Iowa, USA",https://www.pcofiowa.com/find-a-doctor/p128/nicole-m-gensicke/,+1 319-368-8346,Closes soon · 4:30 pm · Opens 8 am Wed,,https://lh3.googleusercontent.com/p/AF1QipMJzdPoqpJpDsxkFRq0wb-5WXvyMH-gphzh-uO4=w408-h272-k-no,true,8 am–4:30 pm,8 am–4:30 pm,8 am–4:30 pm,8 am–4:30 pm,Closed,Closed,8 am–4:30 pm,"https://www.google.com/maps/search/vein+clinics+in+Marion+Cedar+Rapids+IA/@41.9778795,-91.6656232,14z",2025-12-16T22:01:41.327Z,,
"https://www.google.com/maps/place/Forefront+Dermatology+Cedar+Rapids,+IA/data=!4m7!3m6!1s0x87e4f74b9ce5d92f:0xf6a4e5b993573b39!8m2!3d41.9834764!4d-91.6583072!16s%2Fg%2F12hksvh_7!19sChIJL9nlnEv35IcROTtXk7nlpPY","Forefront Dermatology Cedar Rapids, IA",4.9,1590,Dermatologist,"202 10th St SE #270, Cedar Rapids, IA 52403, United States","X8MR+9M Cedar Rapids, Iowa, USA",https://forefrontdermatology.com/location/cedar-rapids-ia-52403/?utm_source=GMB&utm_medium=Yext&y_source=1_MTQ4NjQ1MzQtNzE1LWxvY2F0aW9uLndlYnNpdGU%3D,+1 319-366-3600,Closed · Opens 8 am Wed,,https://lh3.googleusercontent.com/p/AF1QipMdz9h7_TywzjSQQ0Ii-uoaH-hsOeKEYzg_W1qN=w408-h272-k-no,true,8 am–4 pm,8 am–4 pm,8 am–4:30 pm,8–11:30 am,Closed,Closed,8 am–4 pm,"https://www.google.com/maps/search/vein+clinics+in+Mount+Vernon+Cedar+Rapids+IA/@41.9778795,-91.6656232,14z",2025-12-16T22:01:55.578Z,,
https://www.google.com/maps/place/Mercy+Cardiology+Clinic/data=!4m7!3m6!1s0x87e4f747f97c39bd:0xbc71e49be90a757f!8m2!3d41.976626!4d-91.654894!16s%2Fg%2F1vp6_q_j!19sChIJvTl8-Uf35IcRf3UK6Zvkcbw,Mercy Cardiology Clinic,3.7,36,Cardiologist,"Jewel & Jim Plumb Heart Center, 846 9th Ave SE, Cedar Rapids, IA 52401, United States","X8GW+M2 Cedar Rapids, Iowa, USA",https://www.mercyheartcenter.org/heart/?utm_source=google-my-business&utm_campaign=local-listings&utm_medium=MMC-CC,+1 319-832-2328,Closes soon · 5 pm · Opens 8 am Wed,,https://lh3.googleusercontent.com/gps-cs-s/AG0ilSxtzkLor87aJpgf7aGquXkWRAWGirr0M3Bx2jSNgnE1gCvay4lmil_23QczHf_MaAhGOSlDHKXttOm7WNYZQziNpwKT0irzAlGCjPC-5EHs4LJcELixV-Zh-b5-nlysvFFhVmrr=w408-h306-k-no,true,8 am–5 pm,8 am–5 pm,8 am–5 pm,8 am–5 pm,Closed,Closed,8 am–5 pm,"https://www.google.com/maps/search/vein+clinics+in+Mount+Vernon+Cedar+Rapids+IA/@41.9778795,-91.6656232,14z",2025-12-16T22:02:00.606Z,,
https://www.google.com/maps/place/Mercy+Medical+Center+Cedar+Rapids/data=!4m7!3m6!1s0x87e4f737ca2900d5:0x98ae960d8e4a74c7!8m2!3d41.9783826!4d-91.6561959!16s%2Fg%2F1thtdpg7!19sChIJ1QApyjf35IcRx3RKjg2Wrpg,Mercy Medical Center Cedar Rapids,3.4,288,Hospital,"701 10th St SE, Cedar Rapids, IA 52403, United States","X8HV+9G Cedar Rapids, Iowa, USA",https://www.mercycare.org/?utm_source=google-my-business&utm_campaign=local-listings&utm_medium=MMC-CR,+1 319-398-6011,,,https://lh3.googleusercontent.com/gps-cs-s/AG0ilSy1lq3xCxIHPXFh9r9u-0omJG0HGuUBLF9BS5EPvhKbwvm3CiotvWS-BCejYI4S-BQYMR_yY4sFlki00VNm_SulRdRBLbyWgXbFWLmrAPBOqUZkKF14VcUe6bQ2-q7OE2sCmqqG=w408-h272-k-no,true,Open 24 hours,Open 24 hours,Open 24 hours,Open 24 hours,Open 24 hours,Open 24 hours,Open 24 hours,"https://www.google.com/maps/search/vein+clinics+in+Mount+Vernon+Cedar+Rapids+IA/@41.9778795,-91.6656232,14z",2025-12-16T22:02:05.692Z,,
"https://www.google.com/maps/place/Thomas+A.+Pietras,+MD,+FAAD/data=!4m7!3m6!1s0x87e441909d653c21:0x89bd023f8ebbf2ac!8m2!3d41.9834764!4d-91.6583072!16s%2Fg%2F1tj5347s!19sChIJITxlnZBB5IcRrPK7jj8CvYk","Thomas A. Pietras, MD, FAAD",4.9,885,Dermatologist,"202 10th St SE #270, Cedar Rapids, IA 52403, United States","X8MR+9M Cedar Rapids, Iowa, USA",https://forefrontdermatology.com/provider/thomas-pietras-md/?utm_source=GMB&utm_medium=Yext&y_source=1_MTQ4NjQ0NDEtNzE1LWxvY2F0aW9uLndlYnNpdGU%3D,+1 319-366-3600,,,https://streetviewpixels-pa.googleapis.com/v1/thumbnail?panoid=rHTAnDiJi0OXj5eYJ9OTzw&cb_client=search.gws-prod.gps&w=408&h=240&yaw=37.94558&pitch=0&thumbfov=100,true,,,,,,,,"https://www.google.com/maps/search/vein+clinics+in+Mount+Vernon+Cedar+Rapids+IA/@41.9778795,-91.6656232,14z",2025-12-16T22:02:08.398Z,,
https://www.google.com/maps/place/Physicians%27+Clinic+of+Iowa/data=!4m7!3m6!1s0x87e4f74a3779e921:0xd3940fc655fe1c9e!8m2!3d41.983337!4d-91.6582111!16s%2Fg%2F1pxq90y3q!19sChIJIel5N0r35IcRnhz-VcYPlNM,Physicians' Clinic of Iowa,3.3,92,Medical Center,"202 10th St SE, Cedar Rapids, IA 52403, United States","X8MR+8P Cedar Rapids, Iowa, USA",http://www.pcofiowa.com/,+1 319-247-3010,Closes soon · 5 pm · Opens 7 am Wed,,https://lh3.googleusercontent.com/p/AF1QipM9fJyS5AYCZdzacdDSCU2Cmt2H4OFFCq62OJO3=w408-h272-k-no,true,7 am–5 pm,7 am–5 pm,7 am–5 pm,7 am–5 pm,Closed,Closed,7 am–5 pm,"https://www.google.com/maps/search/vein+clinics+in+Mount+Vernon+Cedar+Rapids+IA/@41.9778795,-91.6656232,14z",2025-12-16T22:02:13.245Z,,
"https://www.google.com/maps/place/Dr.+David+Jerkins,+MD+-+PCI+Plastic+%26+Reconstructive+Surgery/data=!4m7!3m6!1s0x87e4f78456847aaf:0x7aebbcd672d948af!8m2!3d41.9833627!4d-91.6582036!16s%2Fg%2F11g3x55jhh!19sChIJr3qEVoT35IcRr0jZcta863o","Dr. David Jerkins, MD - PCI Plastic & Reconstructive Surgery",4.9,43,Plastic surgeon,"202 10th St SE, Cedar Rapids, IA 52403, United States","X8MR+8P Cedar Rapids, Iowa, USA",https://www.pciplasticsurgery.com/,+1 319-247-3800,Closes soon · 5 pm · Opens 9 am Wed,LGBTQ+ friendly,https://lh3.googleusercontent.com/p/AF1QipPOiyuu3ARV_5w_WtSyKl9oV6MfJJfGPmidRHR1=w408-h272-k-no,true,9 am–5 pm,9 am–5 pm,9 am–5 pm,9 am–5 pm,Closed,Closed,9 am–5 pm,"https://www.google.com/maps/search/vein+clinics+in+Mount+Vernon+Cedar+Rapids+IA/@41.9778795,-91.6656232,14z",2025-12-16T22:02:18.509Z,,
"https://www.google.com/maps/place/Ashlynne+Clark,+MD,+FAAD/data=!4m7!3m6!1s0x87e4f74a40ba041d:0xaf586196cb13bec8!8m2!3d41.9834764!4d-91.6583072!16s%2Fg%2F11cm9hcl02!19sChIJHQS6QEr35IcRyL4Ty5ZhWK8","Ashlynne Clark, MD, FAAD",5.0,444,Dermatologist,"202 10th St SE #270, Cedar Rapids, IA 52403, United States","X8MR+9M Cedar Rapids, Iowa, USA",https://forefrontdermatology.com/provider/ashlynne-clark-md/?utm_source=GMB&utm_medium=Yext&y_source=1_MTQ4NjQzNTEtNzE1LWxvY2F0aW9uLndlYnNpdGU%3D,+1 319-366-3600,,,https://lh3.googleusercontent.com/gps-cs-s/AG0ilSzZy0ONnYljJiUn0FxVDqntUwmR9Q5PCl5f-7tgYiIJO7DMnasv4TIsy7EYQGYqAYGe5fEk--o8Jqkck6sJskMs6gl9NDMBHIO8afPwIAbKMu9UJ3T8SHyb17R6-Enwts3Evngk=w408-h544-k-no,true,,,,,,,,"https://www.google.com/maps/search/vein+clinics+in+Mount+Vernon+Cedar+Rapids+IA/@41.9778795,-91.6656232,14z",2025-12-16T22:02:21.322Z,,
https://www.google.com/maps/place/PCI+Medical+Pavilion/data=!4m7!3m6!1s0x87e4f74a30b172cd:0xe2176a6ad1f8b8a!8m2!3d41.9833627!4d-91.6582036!16s%2Fg%2F11hdsc4g90!19sChIJzXKxMEr35IcRiosfraZ2IQ4,PCI Medical Pavilion,3.0,78,Medical Center,"202 10th St SE, Cedar Rapids, IA 52403, United States","X8MR+8P Cedar Rapids, Iowa, USA",https://www.pcofiowa.com/,+1 319-247-3010,Closes soon · 5 pm · Opens 8 am Wed,,https://lh3.googleusercontent.com/p/AF1QipPi7jWs2DCWIIvEZCQ3J0jjHGhVtCGfblM0ehpH=w408-h272-k-no,true,8 am–5 pm,8 am–5 pm,8 am–5 pm,8 am–5 pm,Closed,Closed,8 am–5 pm,"https://www.google.com/maps/search/vein+clinics+in+Mount+Vernon+Cedar+Rapids+IA/@41.9778795,-91.6656232,14z",2025-12-16T22:02:26.338Z,,
https://www.google.com/maps/place/UnityPoint+Health+-+St.+Luke%27s+Heart+and+Lung+Surgery/data=!4m7!3m6!1s0x87e4f77762634edb:0xf6aba2a8108dfe2c!8m2!3d41.9833561!4d-91.6582359!16s%2Fg%2F11qc0hrhmm!19sChIJ205jYnf35IcRLP6NEKiiq_Y,UnityPoint Health - St. Luke's Heart and Lung Surgery,,,Medical clinic,"PCI Medical Pavilion, 202 10th St SE Ste 225, Cedar Rapids, IA 52403, United States","X8MR+8P Cedar Rapids, Iowa, USA",https://cedarrapids.unitypoint.org/specialty/Cardiothoracic%20Surgery/near/Cedar%20Rapids%2C%20IA,+1 319-368-2150,Closes soon · 4:30 pm · Opens 8:30 am Wed,,https://streetviewpixels-pa.googleapis.com/v1/thumbnail?panoid=BhFXXWeqEDp05dkal4WqhA&cb_client=search.gws-prod.gps&w=408&h=240&yaw=39.138767&pitch=0&thumbfov=100,true,8:30 am–4:30 pm,8:30 am–4:30 pm,8:30 am–4:30 pm,8:30 am–4:30 pm,Closed,Closed,8:30 am–4:30 pm,"https://www.google.com/maps/search/vein+clinics+in+Mount+Vernon+Cedar+Rapids+IA/@41.9778795,-91.6656232,14z",2025-12-16T22:02:31.113Z,,
https://www.google.com/maps/place/Corridor+Vein+Center/data=!4m7!3m6!1s0x87e44462979b0e59:0x16b561fce2527dc4!8m2!3d41.7090585!4d-91.6094712!16s%2Fg%2F11bw2gry73!19sChIJWQ6bl2JE5IcRxH1S4vxhtRY,Corridor Vein Center,5.0,12,Medical clinic,"2751 Oakdale Blvd #2, Coralville, IA 52241, United States","P95R+J6 Coralville, Iowa, USA",http://corridorvein.com/,+1 319-665-2870,Closed · Opens 8 am Wed,Identifies as veteran-owned,https://lh3.googleusercontent.com/p/AF1QipMmkJmTYmorZgzsU8Hl0pwgkJX6izk4gxeitZtC=w426-h240-k-no,true,8 am–4 pm,8 am–4 pm,8 am–4 pm,8 am–4 pm,Closed,Closed,8 am–4 pm,"https://www.google.com/maps/search/vein+clinics+in+Mount+Vernon+Cedar+Rapids+IA/@41.9778795,-91.6656232,14z",2025-12-16T22:02:36.034Z,,
https://www.google.com/maps/place/Ageless+Med+Spa/data=!4m7!3m6!1s0x87e4f0672f424859:0xb5f937dfceb7c762!8m2!3d42.0176736!4d-91.5986233!16s%2Fg%2F11b7jx776f!19sChIJWUhCL2fw5IcRYse3zt83-bU,Ageless Med Spa,4.8,56,Medical spa,"1195 E Post Rd # 4, Marion, IA 52302, United States","2C92+3H Marion, Iowa, USA",http://www.agelessmedspaiowa.com/,+1 319-393-3984,"Closes soon · 5 pm · Opens 9 am Wed

Updated by this business 8 weeks ago",Identifies as women-owned,https://lh3.googleusercontent.com/p/AF1QipNLCDFGcce93sgn9mPuLvbzviRPndfhu4d8nGSs=w408-h272-k-no,true,9 am–5 pm,9 am–5 pm,9 am–6 pm,8 am–3 pm,Closed,Closed,9 am–5 pm,"https://www.google.com/maps/search/vein+clinics+in+Hiawatha+Cedar+Rapids+IA/@42.0275572,-91.6446637,14z",2025-12-16T22:02:51.077Z,,
https://www.google.com/maps/place/The+Health+Spa+by+Vive+Cedar+Rapids/data=!4m7!3m6!1s0x87e4f10dc202cd3b:0x2891cb7673912893!8m2!3d42.0265264!4d-91.6183318!16s%2Fg%2F11vsw2h1pp!19sChIJO80Cwg3x5IcRkyiRc3bLkSg,The Health Spa by Vive Cedar Rapids,5.0,22,Health spa,"5001 1st Ave SE #102, Cedar Rapids, IA 52402, United States","29GJ+JM Cedar Rapids, Iowa, USA",https://www.thehealthspa.com/,+1 319-820-0770,Closes soon · 5 pm · Opens 9 am Wed,,https://streetviewpixels-pa.googleapis.com/v1/thumbnail?panoid=6jktlUguxDUUONzk1cX_PA&cb_client=search.gws-prod.gps&w=408&h=240&yaw=184.62357&pitch=0&thumbfov=100,true,8:30 am–5 pm,9 am–1 pm,8:30 am–5 pm,8:30 am–5 pm,Closed,Closed,8:30 am–5 pm,"https://www.google.com/maps/search/vein+clinics+in+Hiawatha+Cedar+Rapids+IA/@42.0275572,-91.6446637,14z",2025-12-16T22:02:56.101Z,,
https://www.google.com/maps/place/UnityPoint+Clinic+Internal+and+Family+Medicine+-+Hiawatha/data=!4m7!3m6!1s0x87e4faa2415fb9c5:0x49a9d0a6bcf06d66!8m2!3d42.0477238!4d-91.6825228!16s%2Fg%2F11c1xm96x0!19sChIJxblfQaL65IcRZm3wvKbQqUk,UnityPoint Clinic Internal and Family Medicine - Hiawatha,2.9,66,Medical clinic,"1001 N Center Point Rd Ste C, Hiawatha, IA 52233, United States","28X8+3X Hiawatha, Iowa, USA",https://www.unitypoint.org/locations/unitypoint-clinic-internal-and-family-medicine---hiawatha?utm_source=gmb&utm_medium=web&utm_campaign=brandify,+1 319-362-0200,Closes soon · 5 pm · Opens 8 am Wed,,https://streetviewpixels-pa.googleapis.com/v1/thumbnail?panoid=XD8qjLLQ_8wgNbKgbspoFA&cb_client=search.gws-prod.gps&w=408&h=240&yaw=330.66165&pitch=0&thumbfov=100,true,8 am–5 pm,8 am–5 pm,8 am–5 pm,8 am–5 pm,Closed,Closed,8 am–5 pm,"https://www.google.com/maps/search/vein+clinics+in+Hiawatha+Cedar+Rapids+IA/@42.0275572,-91.6446637,14z",2025-12-16T22:03:01.093Z,,
https://www.google.com/maps/place/Mercy+Hiawatha+Outpatient+Surgery+Center/data=!4m7!3m6!1s0x87e4fa96fffcb58d:0x86b946d7c1516e6c!8m2!3d42.0434654!4d-91.6882963!16s%2Fg%2F11d_tqmljx!19sChIJjbX8_5b65IcRbG5RwddGuYY,Mercy Hiawatha Outpatient Surgery Center,3.0,2,Surgical center,"1195 Boyson Rd Suite 3, Hiawatha, IA 52233, United States","28V6+9M Hiawatha, Iowa, USA",https://www.mercysurgerycenter.org/asc/?utm_source=google-my-business&utm_campaign=local-listings&utm_medium=MMC-HOSC,+1 319-832-3910,Closes soon · 4:30 pm · Opens 6 am Wed,,https://lh3.googleusercontent.com/p/AF1QipNe21xgqPI5ol2Z5t3_iuqS4p75n5UZaLJicER8=w408-h271-k-no,true,6 am–4:30 pm,6 am–4:30 pm,6 am–4:30 pm,6 am–4:30 pm,Closed,Closed,6 am–4:30 pm,"https://www.google.com/maps/search/vein+clinics+in+Hiawatha+Cedar+Rapids+IA/@42.0275572,-91.6446637,14z",2025-12-16T22:03:06.171Z,,
https://www.google.com/maps/place/Weland+Clinical+Laboratories/data=!4m7!3m6!1s0x87e4f08631617915:0x88331257c469eede!8m2!3d42.0237309!4d-91.6671698!16s%2Fg%2F11d_76n6z_!19sChIJFXlhMYbw5IcR3u5pxFcSM4g,Weland Clinical Laboratories,4.5,8,Medical laboratory,"4330 Czech Ln NE, Cedar Rapids, IA 52402, United States","28FM+F4 Cedar Rapids, Iowa, USA",http://www.welandlaboratories.com/?utm_source=GMBlisting&utm_medium=organic,+1 319-365-1934,Closed · Opens 7 am Wed,LGBTQ+ friendly,https://streetviewpixels-pa.googleapis.com/v1/thumbnail?panoid=MssmUWrpZ9zhIgR2O08_lQ&cb_client=search.gws-prod.gps&w=408&h=240&yaw=315.88058&pitch=0&thumbfov=100,true,7 am–3:30 pm,7 am–3:30 pm,7 am–3:30 pm,7 am–3:30 pm,Closed,Closed,7 am–3:30 pm,"https://www.google.com/maps/search/vein+clinics+in+Hiawatha+Cedar+Rapids+IA/@42.0275572,-91.6446637,14z",2025-12-16T22:03:11.096Z,,
https://www.google.com/maps/place/UnityPoint+Health+-+St.+Luke%27s+Wound+%26+Hyperbaric+Center/data=!4m7!3m6!1s0x87e4fafad3b9124b:0x5dd6b823cc2b9452!8m2!3d42.0357225!4d-91.7072458!16s%2Fg%2F12hrv362s!19sChIJSxK50_r65IcRUpQrzCO41l0,UnityPoint Health - St. Luke's Wound & Hyperbaric Center,4.0,7,Medical clinic,"400 S Blairsferry Crossing, Hiawatha, IA 52233, United States","27PV+74 Hiawatha, Iowa, USA",https://www.unitypoint.org/locations/unitypoint-health---st-lukes-wound--hyperbaric-center?utm_source=gmb&utm_medium=web&utm_campaign=brandify,+1 319-368-5582,Closes soon · 4:30 pm · Opens 8 am Wed,,https://lh3.googleusercontent.com/p/AF1QipN0kzMkFORmCW2Wf0G5Q_t4Lse7CFNrgdRAwc_Y=w426-h240-k-no,true,8 am–4:30 pm,8 am–4:30 pm,8 am–4:30 pm,8 am–4:30 pm,Closed,Closed,8 am–4:30 pm,"https://www.google.com/maps/search/vein+clinics+in+Hiawatha+Cedar+Rapids+IA/@42.0275572,-91.6446637,14z",2025-12-16T22:03:15.892Z,,
https://www.google.com/maps/place/MediJUV/data=!4m7!3m6!1s0x87e4f04503daaaab:0xbaea2e52396d1353!8m2!3d42.0388124!4d-91.6491624!16s%2Fg%2F11t13sspg3!19sChIJq6raA0Xw5IcRUxNtOVIu6ro,MediJUV,2.0,1,Doctor,"6005 Rockwell Dr NE, Cedar Rapids, IA 52402, United States","29Q2+G8 Cedar Rapids, Iowa, USA",https://mymedijuv.com/contact/,+1 319-540-8110,,,https://streetviewpixels-pa.googleapis.com/v1/thumbnail?panoid=YE2wv6R7K9zjz68fJhdteQ&cb_client=search.gws-prod.gps&w=408&h=240&yaw=79.177765&pitch=0&thumbfov=100,false,,,,,,,,"https://www.google.com/maps/search/vein+clinics+in+Hiawatha+Cedar+Rapids+IA/@42.0275572,-91.6446637,14z",2025-12-16T22:03:18.761Z,,
https://www.google.com/maps/place/Clinic+of+Electrology+%26+Laser/data=!4m7!3m6!1s0x87e4f1033d27c633:0xaaa389d235ec8453!8m2!3d42.0181546!4d-91.63403!16s%2Fg%2F1v831nh8!19sChIJM8YnPQPx5IcRU4TsNdKJo6o,Clinic of Electrology & Laser,4.1,19,Laser hair removal service,"3840 1st Ave NE, Cedar Rapids, IA 52402, United States","2998+79 Cedar Rapids, Iowa, USA",http://www.laser4hair.net/,+1 319-363-1841,Open · Closes 6 pm,Identifies as women-owned,https://lh3.googleusercontent.com/p/AF1QipNDE0nyOuQOXPI4-onrJHIPeCdJCAA3d7Xgp7H7=w408-h346-k-no,true,10:30 am–6 pm,7–9 am,Closed,Closed,9 am–12 pm,Closed,9 am–6 pm,"https://www.google.com/maps/search/vein+clinics+in+Hiawatha+Cedar+Rapids+IA/@42.0275572,-91.6446637,14z",2025-12-16T22:03:23.627Z,,
https://www.google.com/maps/place/Wolfe+Eye+Clinic/data=!4m7!3m6!1s0x87e4f7350a9f210b:0x8cb6425ab3ced7c6!8m2!3d42.043642!4d-91.6884639!16s%2Fg%2F1tdc15ng!19sChIJCyGfCjX35IcRxtfOs1pCtow,Wolfe Eye Clinic,4.7,657,Eye care center,"1195 Boyson Rd #200, Hiawatha, IA 52233, United States","28V6+FJ Hiawatha, Iowa, USA",https://www.wolfeeyeclinic.com/locations/cedar-rapids-hiawatha?utm_medium=organic&utm_source=gbp&utm_campaign=local&utm_term=cedar_rapids,+1 319-362-8032,Closes soon · 5 pm · Opens 8 am Wed,,https://lh3.googleusercontent.com/gps-cs-s/AG0ilSyPPxXsJE05bndtSKBed3wSLWfAqqPDftAnNi7rdwBGixOqd-cHmDAULPRKY1HgauNc_Q4ThEyQI-G55UtQQ8zguIb3ecgtWK36EdsMuSjOpBNbQzR7F-DQgUoX6g6AY84-qJlQ=w408-h544-k-no,true,8 am–5 pm,8 am–5 pm,8 am–5 pm,8 am–5 pm,Closed,Closed,8 am–5 pm,"https://www.google.com/maps/search/vein+clinics+in+Hiawatha+Cedar+Rapids+IA/@42.0275572,-91.6446637,14z",2025-12-16T22:03:28.745Z,,
"https://www.google.com/maps/place/Edward+Hu,+MD/data=!4m7!3m6!1s0x87e4f7350a9f210b:0xb2aa36c9863c1b03!8m2!3d42.0435063!4d-91.6882352!16s%2Fg%2F1tf36hxl!19sChIJCyGfCjX35IcRAxs8hsk2qrI","Edward Hu, MD",5.0,235,Ophthalmologist,"1195 Boyson Rd #200a, Hiawatha, IA 52233, United States","28V6+CP Hiawatha, Iowa, USA",https://www.wolfeeyeclinic.com/find-a-doctor/edward-h-hu,+1 319-362-8032,Closes soon · 5 pm · Opens 8 am Wed,,https://lh3.googleusercontent.com/p/AF1QipOeXK5rSr28HDYYM8Dt2tEiiettFPIxyDfgli_d=w408-h270-k-no,true,8 am–5 pm,8 am–5 pm,8 am–5 pm,8 am–5 pm,Closed,Closed,8 am–5 pm,"https://www.google.com/maps/search/vein+clinics+in+Hiawatha+Cedar+Rapids+IA/@42.0275572,-91.6446637,14z",2025-12-16T22:03:33.665Z,,
https://www.google.com/maps/place/BioLife+Plasma+Services/data=!4m7!3m6!1s0x87e4f0454396baf5:0xc30eafe50b921fab!8m2!3d42.03787!4d-91.6478853!16s%2Fg%2F1tddsr9v!19sChIJ9bqWQ0Xw5IcRqx-SC-WvDsM,BioLife Plasma Services,4.5,597,Blood donation center,"5950 Rockwell Dr NE, Cedar Rapids, IA 52402, United States","29Q2+4R Cedar Rapids, Iowa, USA","https://www.biolifeplasma.com/locations/iowa/cedar-rapids-rockwell?utm_source=google&utm_medium=organic&utm_campaign=tom:reputationdotcom::cedar%20rapids,%20ia%20%28rockwell%29:04012020",+1 319-378-9612,Open · Closes 7:30 pm,,https://lh3.googleusercontent.com/p/AF1QipOK3LxxW6I3eh2yHZuoBWOpLmXOGr3b2La6_30u=w408-h544-k-no,true,5:30 am–7:30 pm,5:30 am–7:30 pm,5:30 am–7:30 pm,5:30 am–7 pm,7 am–3 pm,7 am–3 pm,9 am–7:30 pm,"https://www.google.com/maps/search/vein+clinics+in+Hiawatha+Cedar+Rapids+IA/@42.0275572,-91.6446637,14z",2025-12-16T22:03:38.562Z,,
https://www.google.com/maps/place/Surgery+Center+Cedar+Rapids/data=!4m7!3m6!1s0x87e4f74a4d14326f:0x61934ee8fe977e0d!8m2!3d41.9839155!4d-91.6589484!16s%2Fg%2F1vbnpz98!19sChIJbzIUTUr35IcRDX6X_uhOk2E,Surgery Center Cedar Rapids,4.3,83,Surgical center,"1075 1st Ave SE, Cedar Rapids, IA 52402, United States","X8MR+HC Cedar Rapids, Iowa, USA",http://www.surgerycentercr.com/,+1 319-558-4800,Closes soon · 5 pm · Opens 6 am Wed,,https://lh3.googleusercontent.com/p/AF1QipNPNtnsGB2H8X2VaOhntXtbS2gLk9uIELhOyL1H=w426-h240-k-no,true,6 am–5 pm,6 am–5 pm,6 am–5 pm,6 am–5 pm,Closed,Closed,6 am–5 pm,"https://www.google.com/maps/search/vein+clinics+in+Hiawatha+Cedar+Rapids+IA/@42.0275572,-91.6446637,14z",2025-12-16T22:03:43.481Z,,
https://www.google.com/maps/place/Eastern+Iowa+Oral+Surgery+%26+Dental+Implant+Center/data=!4m7!3m6!1s0x87e4f1f76c229483:0xf4ca55d8e46f2bea!8m2!3d42.0564597!4d-91.6012!16s%2Fg%2F11dxwwcknk!19sChIJg5QibPfx5IcR6itv5NhVyvQ,Eastern Iowa Oral Surgery & Dental Implant Center,4.8,133,Oral surgeon,"901 Tower Terrace Rd Suite 400, Marion, IA 52302, United States","394X+HG Marion, Iowa, USA",http://easterniowaoralsurgery.com/,+1 319-366-8277,Closes soon · 5 pm · Opens 8 am Wed,,https://lh3.googleusercontent.com/gps-cs-s/AG0ilSzyW-eSunIzrVxsYR3LiXdpeHLGZtD75SstSX9Ku7pkhOr1sZMpWagTuN4iUHTuVmh1IRTIedTS4_H-yIuuR1yf4gSJD33dSLxUTsYTwodRz0YcUrqDjMQNKTKjhFewj-w30KTRMg=w408-h612-k-no,true,8 am–5 pm,8 am–5 pm,8 am–5 pm,8 am–1 pm,Closed,Closed,8 am–5 pm,"https://www.google.com/maps/search/vein+clinics+in+Hiawatha+Cedar+Rapids+IA/@42.0275572,-91.6446637,14z",2025-12-16T22:03:48.531Z,,
https://www.google.com/maps/place/Cedar+Valley+ASCENT+-+Skin+Cancer+Hiawatha/data=!4m7!3m6!1s0x87e4fb1c0677b26b:0xe3f71c6f1f4ad72f!8m2!3d42.0448516!4d-91.6945118!16s%2Fg%2F11ty4l_hwr!19sChIJa7J3Bhz75IcRL9dKH28c9-M,Cedar Valley ASCENT - Skin Cancer Hiawatha,,,Skin care clinic,"1560 Boyson Rd Suite D, Hiawatha, IA 52233, United States","28V4+W5 Hiawatha, Iowa, USA",https://cvascent.com/skin-cancer/?utm_source=GMBSocialClimb&utm_medium=CedarValleyASCENT-SkinCancerHiawatha,+1 319-888-8044,Closed · Opens 8 am Wed,,https://lh3.googleusercontent.com/p/AF1QipO0soMxMRXHLt3SVmeAGQfzIosq9EGKida3bqvL=w408-h272-k-no,true,8 am–4 pm,8 am–4 pm,8 am–4 pm,8 am–3 pm,Closed,Closed,8 am–6 pm,"https://www.google.com/maps/search/vein+clinics+in+Hiawatha+Cedar+Rapids+IA/@42.0275572,-91.6446637,14z",2025-12-16T22:03:53.496Z,,
https://www.google.com/maps/place/Mercy+Health+Plaza+Dialysis/data=!4m7!3m6!1s0x87e4f05e02b6fe37:0xcf0939e1eae5f431!8m2!3d42.0310557!4d-91.6573898!16s%2Fg%2F12lkm9km9!19sChIJN_62Al7w5IcRMfTl6uE5Cc8,Mercy Health Plaza Dialysis,3.6,5,Dialysis center,"5264 Council St NE, Cedar Rapids, IA 52402, United States","28JV+C2 Cedar Rapids, Iowa, USA",https://www.mercycare.org/dialysis/?utm_source=google-my-business&utm_campaign=local-listings&utm_medium=MMC-D&utm_source=google-my-business&utm_campaign=local-listings&utm_medium=MMC-D,+1 319-398-6423,,,https://streetviewpixels-pa.googleapis.com/v1/thumbnail?panoid=c96KoVB_j9Cq3oQZFV6O6w&cb_client=search.gws-prod.gps&w=408&h=240&yaw=103.141815&pitch=0&thumbfov=100,true,,,,,,,,"https://www.google.com/maps/search/vein+clinics+in+Hiawatha+Cedar+Rapids+IA/@42.0275572,-91.6446637,14z",2025-12-16T22:03:58.422Z,,
"https://www.google.com/maps/place/Iowa+Retina+Consultants/@41.9906411,-91.6471908,17z/data=!3m1!4b1!4m6!3m5!1s0x87e4f7836419573f:0x6b4e2257c11f6c13!8m2!3d41.9906411!4d-91.6471908!16s%2Fg%2F11rbf60d25",Iowa Retina Consultants,5.0,1,Eye care center,"1715 1st Ave SE, Cedar Rapids, IA 52403, United States","X9R3+74 Cedar Rapids, Iowa, USA",https://www.iowaretina.com/,+1 515-222-6400,Closed · Opens 7:30 am Thu,,,true,Closed,Closed,7:30 am–12 pm,7 am–3:30 pm,Closed,Closed,Closed,"https://www.google.com/maps/search/vein+clinics+in+Hiawatha+Cedar+Rapids+IA/@42.0275572,-91.6446637,14z",2025-12-16T22:04:05.099Z,,
https://www.google.com/maps/place/Refresh+Your+Spirit+Aesthetics/data=!4m7!3m6!1s0x87e4f18db0de5ced:0x6008d337def40b3e!8m2!3d41.9742441!4d-91.6772267!16s%2Fg%2F11j8rlc1px!19sChIJ7VzesI3x5IcRPgv03jfTCGA,Refresh Your Spirit Aesthetics,5.0,31,Medical spa,"346 2nd Ave SW, Cedar Rapids, IA 52404, United States","X8FF+M4 Cedar Rapids, Iowa, USA",http://refreshyourspiritaesthetics.com/,+1 563-293-5005,Closes soon · 5 pm · Opens 9 am Wed,LGBTQ+ friendly,https://streetviewpixels-pa.googleapis.com/v1/thumbnail?panoid=Oy-OuAzhfI_WGQUuHB8xUA&cb_client=search.gws-prod.gps&w=408&h=240&yaw=338.8473&pitch=0&thumbfov=100,false,9 am–5 pm,9 am–5 pm,9 am–7 pm,9 am–3 pm,Closed,Closed,9 am–5 pm,"https://www.google.com/maps/search/vein+clinics+in+Swisher+Cedar+Rapids+IA/@41.9778795,-91.6656232,14z",2025-12-16T22:04:18.995Z,,
https://www.google.com/maps/place/Sono+Bello+Cedar+Rapids/data=!4m7!3m6!1s0x87e4fbdf5d6d40e3:0x49db0f4403094521!8m2!3d42.032451!4d-91.698261!16s%2Fg%2F11xkzz2t4g!19sChIJ40BtXd_75IcRIUUJA0QP20k,Sono Bello Cedar Rapids,4.7,23,Plastic surgeon,"3900 Fountains Blvd, Cedar Rapids, IA 52411, United States","28J2+XM Cedar Rapids, Iowa, USA",https://www.sonobello.com/,+1 319-893-6004,Closes soon · 5 pm · Opens 8 am Wed,,https://streetviewpixels-pa.googleapis.com/v1/thumbnail?panoid=otsNJI9tvgXBa8m0C85Vdg&cb_client=search.gws-prod.gps&w=408&h=240&yaw=91.5516&pitch=0&thumbfov=100,true,8 am–5 pm,8 am–5 pm,8 am–5 pm,8 am–5 pm,Closed,Closed,8 am–5 pm,"https://www.google.com/maps/search/vein+clinics+in+Solon+Cedar+Rapids+IA/@41.9778795,-91.6656232,14z",2025-12-16T22:04:32.413Z,,
"https://www.google.com/maps/place/Cosmetic+Solutions+Laser+and+Skin+Care+Center/@41.8476768,-91.6461094,14z/data=!4m6!3m5!1s0x87e4f74b9ce5d92f:0xdf1f1e81f1d8a966!8m2!3d41.9841578!4d-91.6609242!16s%2Fg%2F1v_vtg3t",Cosmetic Solutions Laser and Skin Care Center,5.0,272,Medical spa,"855 A Ave NE #140, Cedar Rapids, IA 52402, United States","X8MQ+MJ Cedar Rapids, Iowa, USA",https://cosmeticsolutionslaser.com/?utm_source=gmb_auth,+1 319-391-5506,Open · Closes 7 pm,,https://lh3.googleusercontent.com/p/AF1QipMLNlcylRKOShuy68p0g4w_ODo28x4l9iWm6bGE=w486-h240-k-no,true,8 am–7 pm,8 am–7 pm,8 am–7 pm,8 am–5 pm,Closed,Closed,8 am–7 pm,"https://www.google.com/maps/search/vein+clinics+in+Shueyville+Cedar+Rapids+IA/@41.8476768,-91.6461094,14z",2025-12-16T22:04:40.977Z,,Already found
"https://www.google.com/maps/place/Rikka+M.+Burroughs+DNP,+ARNP,+CUNP/data=!4m7!3m6!1s0x87e4f74a40ba041d:0xe133b9e34a37fce0!8m2!3d41.9832937!4d-91.6583211!16s%2Fg%2F11cn5ptcn_!19sChIJHQS6QEr35IcR4Pw3SuO5M-E","Rikka M. Burroughs DNP, ARNP, CUNP",3.0,2,Urologist,"202 10th St SE #100, Cedar Rapids, IA 52402, United States","X8MR+8M Cedar Rapids, Iowa, USA",https://www.pcofiowa.com/find-a-doctor/p11/rikka-burroughs/,+1 319-363-8171,Closes soon · 5 pm · Opens 8 am Wed,,https://lh3.googleusercontent.com/p/AF1QipNJEyX9CKcIjQXT3w2fD_fRvGrNbPwKrXQvBz8B=w408-h272-k-no,true,8 am–5 pm,8 am–5 pm,8 am–5 pm,8 am–5 pm,Closed,Closed,8 am–5 pm,"https://www.google.com/maps/search/vein+clinics+in+Robins+Cedar+Rapids+IA/@41.9778795,-91.6656232,14z",2025-12-16T22:04:54.271Z,,
,,,,,,,,,,,,,,,,,,,,"https://www.google.com/maps/search/vein+clinics+in+Tiffin+Cedar+Rapids+IA/@41.9778795,-91.6656232,14z",2025-12-16T22:05:09.844Z,,No new results found