placeUrl,title,rating,reviewCount,category,address,plusCode,website,phoneNumber,currentStatus,imgUrl,isClaimed,monday,tuesday,wednesday,thursday,friday,saturday,sunday,query,timestamp,info
"https://www.google.com/maps/place/Psychiatry+-+1+South+Prospect+Street,+University+of+Vermont+Medical+Center/data=!4m7!3m6!1s0x4cca7a5ea078f209:0xc4702b536519c804!8m2!3d44.4802141!4d-73.2012284!16s%2Fg%2F11b6b6_1n7!19sChIJCfJ4oF56ykwRBMgZZVMrcMQ","Psychiatry - 1 South Prospect Street, University of Vermont Medical Center",2.7,3,Psychiatrist,"1 South Prospect Street Arnold, Level 6, Burlington, VT 05401, United States","FQJX+3G Burlington, Vermont, USA",https://www.uvmhealth.org/locations/psychiatry-1-south-prospect-street-university-of-vermont-medical-center,+1 802-847-4560,"Closed · Opens 8 am Tue

Confirmed by this business 12 weeks ago",https://lh3.googleusercontent.com/p/AF1QipNmnzU3Pfp9svdwB6XXV2XLu-WDfr0NOwRGyDp5=w408-h408-k-no,true,8 am–5 pm,8 am–5 pm,8 am–5 pm,8 am–5 pm,8 am–5 pm,Closed,Closed,"https://www.google.com/maps/search/Psychiatry+clinics+in+Burlington+Vermont+VT/@44.4758825,-73.212072,14z",2025-12-16T03:15:11.447Z,
"https://www.google.com/maps/place/Mental+Health+Urgent+Care/@44.4801784,-73.2014269,17z/data=!3m1!4b1!4m6!3m5!1s0x4cca7a5ea078edb5:0x8c7969d1d111be92!8m2!3d44.4801784!4d-73.2014269!16s%2Fg%2F1thw_1g1",Mental Health Urgent Care,4.0,4,Mental health clinic,"1 S Prospect St, Burlington, VT 05401, United States","FQJX+3C Burlington, Vermont, USA",http://www.howardcenter.org/,+1 802-488-6000,Closed · Opens 9 am Tue,,true,9 am–5 pm,9 am–5 pm,9 am–5 pm,9 am–5 pm,9 am–5 pm,Closed,Closed,"https://www.google.com/maps/search/Psychiatry+clinics+in+Burlington+Vermont+VT/@44.4758825,-73.212072,14z",2025-12-16T03:15:17.930Z,
https://www.google.com/maps/place/Green+Mountain+Behavioral+Medicine+LLC/data=!4m7!3m6!1s0x4cca7baad4b051b5:0x597baea0507e659b!8m2!3d44.4769015!4d-73.2149952!16s%2Fg%2F11smnzjdp3!19sChIJtVGw1Kp7ykwRm2V-UKCue1k,Green Mountain Behavioral Medicine LLC,3.7,9,Psychiatrist,"125 College St Floor 3, Burlington, VT 05401, United States","FQGP+Q2 Burlington, Vermont, USA",http://greenmountainbehavioralmedicine.com/,+1 802-216-0727,"Closed · Opens 10 am Wed

Updated by this business 5 weeks ago",https://streetviewpixels-pa.googleapis.com/v1/thumbnail?panoid=N6Aqr3uy3tbdBIyq13zMgg&cb_client=search.gws-prod.gps&w=408&h=240&yaw=184.6642&pitch=0&thumbfov=100,true,10 am–6 pm,Closed,10 am–6 pm,11 am–4 pm,9:30 am–3 pm,Closed,Closed,"https://www.google.com/maps/search/Psychiatry+clinics+in+Burlington+Vermont+VT/@44.4758825,-73.212072,14z",2025-12-16T03:15:22.977Z,
https://www.google.com/maps/place/Green+State+Psychiatry/data=!4m7!3m6!1s0x4cca7bae203c6a27:0xde6d87e8672ceda1!8m2!3d44.453123!4d-73.1795692!16s%2Fg%2F11s177sbld!19sChIJJ2o8IK57ykwRoe0sZ-iHbd4,Green State Psychiatry,2.5,8,Mental health clinic,"595 Dorset St #4/5, South Burlington, VT 05403, United States","FR3C+65 South Burlington, Vermont, USA",https://greenstatepsych.com/,+1 802-489-5552,Closed · Opens 8 am Tue,https://streetviewpixels-pa.googleapis.com/v1/thumbnail?panoid=3MyhG-XirvxGWsRNG4Kciw&cb_client=search.gws-prod.gps&w=408&h=240&yaw=343.46158&pitch=0&thumbfov=100,true,8 am–4 pm,8 am–4 pm,8 am–4 pm,8 am–4 pm,8 am–4 pm,Closed,Closed,"https://www.google.com/maps/search/Psychiatry+clinics+in+Burlington+Vermont+VT/@44.4758825,-73.212072,14z",2025-12-16T03:15:27.507Z,
"https://www.google.com/maps/place/Psychiatry+Consultation,+University+of+Vermont+Medical+Center/data=!4m7!3m6!1s0x4cca7a433b111f2d:0xa344eee2b56baca9!8m2!3d44.47909!4d-73.193581!16s%2Fg%2F11b775n4tn!19sChIJLR8RO0N6ykwRqaxrteLuRKM","Psychiatry Consultation, University of Vermont Medical Center",,,Psychiatrist,"Main Campus, Patrick, 111 Colchester Ave Level 4, Burlington, VT 05401, United States","FRH4+JH Burlington, Vermont, USA",https://www.uvmhealth.org/locations/psychiatry-consultation-university-of-vermont-medical-center,+1 802-847-4727,Closed · Opens 8 am Tue,https://streetviewpixels-pa.googleapis.com/v1/thumbnail?panoid=hOd_mmKmB_yvzS4CpD6Z1w&cb_client=search.gws-prod.gps&w=408&h=240&yaw=21.23757&pitch=0&thumbfov=100,true,8 am–5 pm,8 am–5 pm,8 am–5 pm,8 am–5 pm,8 am–5 pm,Closed,Closed,"https://www.google.com/maps/search/Psychiatry+clinics+in+Burlington+Vermont+VT/@44.4758825,-73.212072,14z",2025-12-16T03:15:31.863Z,
https://www.google.com/maps/place/UVM+Counseling+and+Psychiatry+Services/data=!4m7!3m6!1s0x4cca7a5a28cc5445:0xa9740f320e4a0928!8m2!3d44.4764885!4d-73.2026873!16s%2Fg%2F1262fdl18!19sChIJRVTMKFp6ykwRKAlKDjIPdKk,UVM Counseling and Psychiatry Services,3.0,3,Mental health service,"146 S Williams St, Burlington, VT 05401, United States","FQGW+HW Burlington, Vermont, USA",https://www.uvm.edu/health/services,+1 802-656-3340,Closed · Opens 8:30 am Tue,https://lh3.googleusercontent.com/gps-cs-s/AG0ilSwe5mT_f0GHoTjAJNDufMG6-WCWr-joLwyopLrJ1MVxMIw9fxi5z5MUUPANunGB4gHNRmVYXFAVfylDsJfvvTBc3u2JAKS_M0w16ipFZsnyrPbypCgemZJ4cfHKSdwjmY_AKptN_g=w408-h408-k-no,false,8:30 am–4:30 pm,8:30 am–4:30 pm,8:30 am–4:30 pm,8:30 am–4:30 pm,8:30 am–4:30 pm,Closed,Closed,"https://www.google.com/maps/search/Psychiatry+clinics+in+Burlington+Vermont+VT/@44.4758825,-73.212072,14z",2025-12-16T03:15:36.339Z,
"https://www.google.com/maps/place/Elizabeth+K.+Nickerson,+MD,+Psychiatrist/data=!4m7!3m6!1s0x4cca7a5ea078f209:0xfddb8f627e95914f!8m2!3d44.4790648!4d-73.1945849!16s%2Fg%2F11b6hncwdt!19sChIJCfJ4oF56ykwRT5GVfmKP2_0","Elizabeth K. Nickerson, MD, Psychiatrist",5.0,1,Psychiatrist,"Main Campus, Patrick, 111 Colchester Ave Level 4, Burlington, VT 05401, United States","FRH4+J5 Burlington, Vermont, USA",https://www.uvmhealth.org/providers/elizabeth-k-nickerson-md,+1 802-847-4727,Closed · Opens 8 am Tue,https://streetviewpixels-pa.googleapis.com/v1/thumbnail?panoid=hOd_mmKmB_yvzS4CpD6Z1w&cb_client=search.gws-prod.gps&w=408&h=240&yaw=278.0296&pitch=0&thumbfov=100,true,8 am–5 pm,8 am–5 pm,8 am–5 pm,8 am–5 pm,8 am–5 pm,Closed,Closed,"https://www.google.com/maps/search/Psychiatry+clinics+in+Burlington+Vermont+VT/@44.4758825,-73.212072,14z",2025-12-16T03:15:40.839Z,
https://www.google.com/maps/place/Dr.+Suzan+White/data=!4m7!3m6!1s0x4cca7ba5c69ae07f:0x7af759b223bc8241!8m2!3d44.4558923!4d-73.2145974!16s%2Fg%2F11sd06vm25!19sChIJf-CaxqV7ykwRQYK8I7JZ93o,Dr. Suzan White,5.0,1,Psychiatrist,"855 Pine St, Burlington, VT 05401, United States","FQ4P+95 Burlington, Vermont, USA",,+1 802-488-6000,,https://streetviewpixels-pa.googleapis.com/v1/thumbnail?panoid=xD8Jtj4LpnpFCzpw5VC16g&cb_client=search.gws-prod.gps&w=408&h=240&yaw=259.4132&pitch=0&thumbfov=100,false,,,,,,,,"https://www.google.com/maps/search/Psychiatry+clinics+in+Burlington+Vermont+VT/@44.4758825,-73.212072,14z",2025-12-16T03:15:43.425Z,
https://www.google.com/maps/place/University+of+Vermont+-+Psychiatry+Residency/data=!4m7!3m6!1s0x4cca7a433a79dc83:0xefcf715c11cda4cc!8m2!3d44.480694!4d-73.198664!16s%2Fg%2F1ptzn93h5!19sChIJg9x5OkN6ykwRzKTNEVxxz-8,University of Vermont - Psychiatry Residency,,,University,"Medical Center Campus, Patrick, Level 4, 111 Colchester Ave, Burlington, VT 05401, United States","FRJ2+7G Burlington, Vermont, USA",https://www.uvmhealth.org/gme/residencies/psychiatry,+1 802-847-2259,,https://streetviewpixels-pa.googleapis.com/v1/thumbnail?panoid=4tImkNMF7hFLgFfBFkuXXw&cb_client=search.gws-prod.gps&w=408&h=240&yaw=342.82214&pitch=0&thumbfov=100,false,,,,,,,,"https://www.google.com/maps/search/Psychiatry+clinics+in+Burlington+Vermont+VT/@44.4758825,-73.212072,14z",2025-12-16T03:15:45.725Z,
"https://www.google.com/maps/place/MindWell+Psychology,+LLP/data=!4m7!3m6!1s0x4cca7b1d6b787439:0x3d2b464f303cdcdc!8m2!3d44.4522794!4d-73.1740655!16s%2Fg%2F11s8xfxbfr!19sChIJOXR4ax17ykwR3Nw8ME9GKz0","MindWell Psychology, LLP",4.0,4,Mental health clinic,"56 W Twin Oaks Terrace # 5, South Burlington, VT 05403, United States","FR2G+W9 South Burlington, Vermont, USA",http://www.mindwellcenter.com/,+1 518-510-3100,Closed · Opens 9 am Tue,https://lh3.googleusercontent.com/p/AF1QipOedgbJ84w2UE5MxGSo4KUzQ7ouo76164HdwztF=w408-h272-k-no,true,9 am–5 pm,9 am–5 pm,9 am–5 pm,9 am–5 pm,9 am–5 pm,Closed,Closed,"https://www.google.com/maps/search/Psychiatry+clinics+in+Burlington+Vermont+VT/@44.4758825,-73.212072,14z",2025-12-16T03:15:50.229Z,LGBTQ+ friendly
https://www.google.com/maps/place/NFI+Vermont+%28Northeastern+Family+Institute%29/data=!4m7!3m6!1s0x4cca798424972bd3:0xd4a6414e232b9e33!8m2!3d44.4645142!4d-73.1574818!16s%2Fg%2F1th5zdyc!19sChIJ0yuXJIR5ykwRM54rI05BptQ,NFI Vermont (Northeastern Family Institute),3.4,8,Mental health service,"30 Airport Rd, South Burlington, VT 05403, United States","FR7V+R2 South Burlington, Vermont, USA",http://www.nfivermont.org/,+1 802-658-0040,Closed · Opens 8:30 am Tue,https://streetviewpixels-pa.googleapis.com/v1/thumbnail?panoid=X7CQa_LabVT6fuG67ypYpg&cb_client=search.gws-prod.gps&w=408&h=240&yaw=317.02182&pitch=0&thumbfov=100,true,8:30 am–4:30 pm,8:30 am–4:30 pm,8:30 am–4:30 pm,8:30 am–4:30 pm,8:30 am–4:30 pm,Closed,Closed,"https://www.google.com/maps/search/Psychiatry+clinics+in+Burlington+Vermont+VT/@44.4758825,-73.212072,14z",2025-12-16T03:15:54.912Z,
"https://www.google.com/maps/place/Vermont+Center+For+Children,+Youth+And+Families,+Golisano+Children%E2%80%99s+Hospital+at+University+of+Vermont+Health/data=!4m7!3m6!1s0x4cca7a5ea252d1c9:0xb3a7105a5509b8bf!8m2!3d44.4802207!4d-73.2012176!16s%2Fg%2F11b774102h!19sChIJydFSol56ykwRv7gJVVoQp7M","Vermont Center For Children, Youth And Families, Golisano Children’s Hospital at University of Vermont Health",,,Children's hospital,"1 South Prospect Street Arnold, Level 3, Burlington, VT 05401, United States","FQJX+3G Burlington, Vermont, USA",https://www.uvmhealth.org/locations/vermont-center-for-children-youth-and-families-golisano-childrens-hospital-at-university-of-vermont,+1 802-847-4563,Closed · Opens 8 am Tue,https://lh3.googleusercontent.com/p/AF1QipM3VKuReHGkJiHN9QH55X0cbYvSpfd4JDMY9wb3=w408-h408-k-no,true,8 am–5 pm,8 am–5 pm,8 am–5 pm,8 am–5 pm,8 am–5 pm,Closed,Closed,"https://www.google.com/maps/search/Psychiatry+clinics+in+Burlington+Vermont+VT/@44.4758825,-73.212072,14z",2025-12-16T03:15:59.292Z,
https://www.google.com/maps/place/UVM+Medical+Center+Seneca+Center/data=!4m7!3m6!1s0x4cca7a5ea078f209:0x4fa362d33c086325!8m2!3d44.4804173!4d-73.2012222!16s%2Fg%2F11b694znzp!19sChIJCfJ4oF56ykwRJWMIPNNio08,UVM Medical Center Seneca Center,3.0,4,Hospital department,"1 S Prospect St f6, Burlington, VT 05401, United States","FQJX+5G Burlington, Vermont, USA",https://www.uvmhealth.org/medcenter/Pages/OHAM/OrgUnitDetails.aspx?OrganizationalUnitId=622,+1 802-847-3333,Closed · Opens 8 am Tue,https://streetviewpixels-pa.googleapis.com/v1/thumbnail?panoid=KVFeWYg4YlrFChF9DoXmDg&cb_client=search.gws-prod.gps&w=408&h=240&yaw=156.42432&pitch=0&thumbfov=100,false,8 am–4:30 pm,8 am–4:30 pm,8 am–4:30 pm,8 am–4:30 pm,8 am–4:30 pm,Closed,Closed,"https://www.google.com/maps/search/Psychiatry+clinics+in+Burlington+Vermont+VT/@44.4758825,-73.212072,14z",2025-12-16T03:16:03.611Z,
https://www.google.com/maps/place/Turning+Point+Center-Chittenden/data=!4m7!3m6!1s0x4cca7af7ac2732df:0x91a187be29a95c04!8m2!3d44.4749659!4d-73.210974!16s%2Fg%2F1tnqgm22!19sChIJ3zInrPd6ykwRBFypKb6HoZE,Turning Point Center-Chittenden,3.8,18,Mental health service,"179 S Winooski Ave, Burlington, VT 05401, United States","FQFQ+XJ Burlington, Vermont, USA",http://turningpointcentervt.org/,+1 802-861-3150,Closed · Opens 9 am Tue,https://lh3.googleusercontent.com/p/AF1QipO4_KbfnZHWPC23VanhEM1-fWF_trYyx3ii-9CA=w408-h544-k-no,true,9 am–5 pm,9 am–5 pm,9 am–5 pm,9 am–5 pm,9 am–5 pm,9 am–5 pm,9 am–5 pm,"https://www.google.com/maps/search/Psychiatry+clinics+in+Burlington+Vermont+VT/@44.4758825,-73.212072,14z",2025-12-16T03:16:08.110Z,
https://www.google.com/maps/place/Vermont+Psychological+Services/data=!4m7!3m6!1s0x4cca7b8d00216e4d:0x388840026a953c8!8m2!3d44.4810472!4d-73.2002558!16s%2Fg%2F11vcsdynst!19sChIJTW4hAI17ykwRyFOpJgCEiAM,Vermont Psychological Services,,,Mental health clinic,"2 Colchester Ave, Burlington, VT 05405, United States","FQJX+CV Burlington, Vermont, USA",https://www.vtpsychservices.com/,+1 802-656-2661,,https://streetviewpixels-pa.googleapis.com/v1/thumbnail?panoid=xHSSZKX80b2v6rrBpU7Anw&cb_client=search.gws-prod.gps&w=408&h=240&yaw=191.53227&pitch=0&thumbfov=100,true,,,,,,,,"https://www.google.com/maps/search/Psychiatry+clinics+in+Burlington+Vermont+VT/@44.4758825,-73.212072,14z",2025-12-16T03:16:10.362Z,
"https://www.google.com/maps/place/Vermont+Center+for+Resiliency/@44.4791318,-73.2199962,17z/data=!3m1!4b1!4m6!3m5!1s0x4cca7af64a2f0b25:0x5d5f39b1e0076c85!8m2!3d44.4791318!4d-73.2199962!16s%2Fg%2F11t2p_51n9",Vermont Center for Resiliency,5.0,1,Mental health service,"112 Lake St, Burlington, VT 05401, United States","FQHJ+M2 Burlington, Vermont, USA",https://www.vtresiliency.com/,,Closed · Opens 9 am Tue,,true,9 am–5 pm,9 am–5 pm,9 am–5 pm,9 am–5 pm,9 am–5 pm,Closed,Closed,"https://www.google.com/maps/search/Psychiatry+clinics+in+Burlington+Vermont+VT/@44.4758825,-73.212072,14z",2025-12-16T03:16:16.636Z,Identifies as women-owned
https://www.google.com/maps/place/Eden+Valley/data=!4m7!3m6!1s0x4cca7b1cf3f732f3:0xcdf40801dc99a2ec!8m2!3d44.4767769!4d-73.2163575!16s%2Fg%2F11s57l_yx6!19sChIJ8zL38xx7ykwR7KKZ3AEI9M0,Eden Valley,4.4,7,Mental health service,"95 College St, Burlington, VT 05401, United States","FQGM+PF Burlington, Vermont, USA",https://edenvalleyvt.com/,+1 802-333-0112,Closed · Opens 9 am Tue,https://lh3.googleusercontent.com/p/AF1QipP2MhBglOtLSUCT9lVi1mWiCSMhAdXpHDaBQUdB=w408-h272-k-no,true,9 am–4 pm,9 am–5 pm,9 am–5 pm,8 am–4 pm,Closed,Closed,Closed,"https://www.google.com/maps/search/Psychiatry+clinics+in+Burlington+Vermont+VT/@44.4758825,-73.212072,14z",2025-12-16T03:16:21.009Z,Identifies as women-owned
https://www.google.com/maps/place/Willow+Tree+Psychiatry/data=!4m7!3m6!1s0x4cca7b8064231b7f:0xeaab04e9c854b30f!8m2!3d44.475761!4d-73.2195587!16s%2Fg%2F11kj2dw3ml!19sChIJfxsjZIB7ykwRD7NUyOkEq-o,Willow Tree Psychiatry,,,Medical clinic,"1 Main St, Burlington, VT 05401, United States","FQGJ+85 Burlington, Vermont, USA",,,,https://streetviewpixels-pa.googleapis.com/v1/thumbnail?panoid=OFZKUQiqvuD2B1Dk_YpFNw&cb_client=search.gws-prod.gps&w=408&h=240&yaw=271.50244&pitch=0&thumbfov=100,false,,,,,,,,"https://www.google.com/maps/search/Psychiatry+clinics+in+Burlington+Vermont+VT/@44.4758825,-73.212072,14z",2025-12-16T03:16:23.319Z,
"https://www.google.com/maps/place/UVM+Medical+Center+Child+Psychiatry/@44.4801673,-73.2014361,17z/data=!3m1!4b1!4m6!3m5!1s0x4cca7a5ea078edb5:0xa232b4c6851f0c65!8m2!3d44.4801673!4d-73.2014361!16s%2Fg%2F12lk98vwy",UVM Medical Center Child Psychiatry,,,Child psychologist,"1 S Prospect St f3, Burlington, VT 05401, United States","FQJX+3C Burlington, Vermont, USA",https://www.uvmhealth.org/medcenter/Pages/OHAM/OrgUnitDetails.aspx?OrganizationalUnitId=613,+1 802-847-4563,,,false,,,,,,,,"https://www.google.com/maps/search/Psychiatry+clinics+in+Burlington+Vermont+VT/@44.4758825,-73.212072,14z",2025-12-16T03:16:27.632Z,
"https://www.google.com/maps/place/Jeffrey+M.+Brown,+D.O./data=!4m7!3m6!1s0x4cca7b19c0bcbedf:0xcdf4ea35c06ec973!8m2!3d44.4760493!4d-73.2153357!16s%2Fg%2F11vr7zb4th!19sChIJ3768wBl7ykwRc8luwDXq9M0","Jeffrey M. Brown, D.O.",3.7,3,Psychiatrist,"100 Main St, Burlington, VT 05401, United States","FQGM+CV Burlington, Vermont, USA",https://jmbpsychiatry.com/,+1 802-321-8553,Closed · Opens 8:30 am Tue,https://lh3.googleusercontent.com/p/AF1QipP7Jzn22hY3qnqTGMaWBMLsuKW6B6YY97elmVPV=w408-h306-k-no,true,8:30 am–5 pm,8:30 am–5 pm,8:30 am–5 pm,8:30 am–5 pm,8:30 am–5 pm,8:30 am–12 pm,Closed,"https://www.google.com/maps/search/Psychiatry+clinics+in+Burlington+Vermont+VT/@44.4758825,-73.212072,14z",2025-12-16T03:16:32.130Z,LGBTQ+ friendly
https://www.google.com/maps/place/First+Call+For+Chittenden+County/data=!4m7!3m6!1s0x4cca7b97f0801a7d:0x3ec58d02397d57ba!8m2!3d44.4471074!4d-73.2141844!16s%2Fg%2F1tf022rh!19sChIJfRqA8Jd7ykwRuld9OQKNxT4,First Call For Chittenden County,2.7,7,Mental health service,"1138 Pine St, Burlington, VT 05401, United States","CQWP+R8 Burlington, Vermont, USA",http://www.howardcenter.org/home,+1 802-488-7777,Open 24 hours,https://streetviewpixels-pa.googleapis.com/v1/thumbnail?panoid=7AReEk-WBX6oOltvWQJUnw&cb_client=search.gws-prod.gps&w=408&h=240&yaw=74.709274&pitch=0&thumbfov=100,true,Open 24 hours,Open 24 hours,Open 24 hours,Open 24 hours,Open 24 hours,Open 24 hours,Open 24 hours,"https://www.google.com/maps/search/Psychiatry+clinics+in+Burlington+Vermont+VT/@44.4758825,-73.212072,14z",2025-12-16T03:16:36.470Z,
"https://www.google.com/maps/place/Psychological+Services,+University+of+Vermont+Medical+Center/data=!4m7!3m6!1s0x4cca7a433e86a893:0x4847802eec90d3be!8m2!3d44.47909!4d-73.193581!16s%2Fg%2F1tdwdkg8!19sChIJk6iGPkN6ykwRvtOQ7C6AR0g","Psychological Services, University of Vermont Medical Center",,,Psychiatrist,"Main Campus, Patrick, 111 Colchester Ave Level 4, Burlington, VT 05401, United States","FRH4+JH Burlington, Vermont, USA",https://www.uvmhealth.org/locations/psychological-services-university-of-vermont-medical-center,+1 802-847-3634,Closed · Opens 8 am Tue,https://streetviewpixels-pa.googleapis.com/v1/thumbnail?panoid=hOd_mmKmB_yvzS4CpD6Z1w&cb_client=search.gws-prod.gps&w=408&h=240&yaw=21.23757&pitch=0&thumbfov=100,true,8 am–5 pm,8 am–5 pm,8 am–5 pm,8 am–5 pm,8 am–5 pm,Closed,Closed,"https://www.google.com/maps/search/Psychiatry+clinics+in+Burlington+Vermont+VT/@44.4758825,-73.212072,14z",2025-12-16T03:16:40.874Z,
https://www.google.com/maps/place/Dr.+Ael+Evan+Eyler/data=!4m7!3m6!1s0x4cca7a433ac41c63:0x503d282e03f83697!8m2!3d44.4797628!4d-73.1939435!16s%2Fg%2F11rwxg68g4!19sChIJYxzEOkN6ykwRlzb4Ay4oPVA,Dr. Ael Evan Eyler,5.0,1,Psychiatrist,"111 Colchester Ave, Burlington, VT 05401, United States","FRH4+WC Burlington, Vermont, USA",,+1 802-847-2700,,https://streetviewpixels-pa.googleapis.com/v1/thumbnail?panoid=hOd_mmKmB_yvzS4CpD6Z1w&cb_client=search.gws-prod.gps&w=408&h=240&yaw=345.01437&pitch=0&thumbfov=100,false,,,,,,,,"https://www.google.com/maps/search/Psychiatry+clinics+in+Burlington+Vermont+VT/@44.4758825,-73.212072,14z",2025-12-16T03:16:43.119Z,
https://www.google.com/maps/place/Champlain+Valley+Psychiatry/data=!4m7!3m6!1s0x4cca797c418e2ca7:0xbf91b7215a2bcfe6!8m2!3d44.45352!4d-73.1666!16s%2Fg%2F1v9gjmgt!19sChIJpyyOQXx5ykwR5s8rWiG3kb8,Champlain Valley Psychiatry,,,Mental health clinic,"35 Timber Ln, South Burlington, VT 05403, United States","FR3M+C9 South Burlington, Vermont, USA",,+1 802-651-7561,,https://streetviewpixels-pa.googleapis.com/v1/thumbnail?panoid=IitVwdOixU5HAnpSuTT6uQ&cb_client=search.gws-prod.gps&w=408&h=240&yaw=225.34193&pitch=0&thumbfov=100,false,,,,,,,,"https://www.google.com/maps/search/Psychiatry+clinics+in+Burlington+Vermont+VT/@44.4758825,-73.212072,14z",2025-12-16T03:16:45.420Z,
https://www.google.com/maps/place/GroundWork+Cognitive+Behavioral+Therapy/data=!4m7!3m6!1s0x4cca7b0949de272f:0x931d523026f577ff!8m2!3d44.4765651!4d-73.2147961!16s%2Fg%2F11krc65br4!19sChIJLyfeSQl7ykwR_3f1JjBSHZM,GroundWork Cognitive Behavioral Therapy,5.0,1,Mental health service,"1 Lawson Ln, Burlington, VT 05401, United States","FQGP+J3 Burlington, Vermont, USA",https://www.groundworkcounseling.com/vermont-ocd-therapy/,+1 407-378-3000,Closed · Opens 8 am Tue,https://streetviewpixels-pa.googleapis.com/v1/thumbnail?panoid=2H-1ZNuDQptM8GNAVy3YPw&cb_client=search.gws-prod.gps&w=408&h=240&yaw=185.68144&pitch=0&thumbfov=100,false,8 am–8 pm,8 am–8 pm,8 am–8 pm,8 am–8 pm,8 am–8 pm,Closed,Closed,"https://www.google.com/maps/search/Psychiatry+clinics+in+Burlington+Vermont+VT/@44.4758825,-73.212072,14z",2025-12-16T03:16:49.757Z,Identifies as women-owned
https://www.google.com/maps/place/Community+Health+Centers+-+Riverside/data=!4m7!3m6!1s0x4cca7a897b2978fd:0x3b22eff890e11ac!8m2!3d44.4899031!4d-73.2061454!16s%2Fg%2F1tf_h0nk!19sChIJ_Xgpe4l6ykwRrBEOif8usgM,Community Health Centers - Riverside,3.2,211,Medical clinic,"617 Riverside Ave., Burlington, VT 05401, United States","FQQV+XG Burlington, Vermont, USA",https://www.chcb.org/locations/riverside/,+1 802-864-6309,Closed · Opens 8 am Tue,https://lh3.googleusercontent.com/p/AF1QipPB8DXt2alZBFQTaICBatbHGlljeZ9JQIbSFlr2=w408-h272-k-no,true,8 am–5 pm,8 am–5 pm,8 am–5 pm,"8 am–12 pm, 1–5 pm",8 am–5 pm,Closed,Closed,"https://www.google.com/maps/search/Psychiatry+clinics+in+Burlington+Vermont+VT/@44.4758825,-73.212072,14z",2025-12-16T03:16:54.174Z,LGBTQ+ friendly
"https://www.google.com/maps/place/Jennifer+M.+Hall,+DO,+Psychiatrist/data=!4m7!3m6!1s0x4cca7a5ea078f209:0x7ab32ee9983d02e9!8m2!3d44.4801647!4d-73.201319!16s%2Fg%2F1260l610d!19sChIJCfJ4oF56ykwR6QI9mOkus3o","Jennifer M. Hall, DO, Psychiatrist",,,Psychiatrist,"1 South Prospect Street Arnold, Level 6, Burlington, VT 05401, United States","FQJX+3F Burlington, Vermont, USA",https://www.uvmhealth.org/providers/jennifer-m-hall-do,+1 802-847-4560,Closed · Opens 8 am Tue,https://lh3.googleusercontent.com/p/AF1QipOHZNkNk5vbjlVigmRJxPYrzR54UN4Bgxx-MoZE=w408-h408-k-no,true,8 am–5 pm,8 am–5 pm,8 am–5 pm,8 am–5 pm,8 am–5 pm,Closed,Closed,"https://www.google.com/maps/search/Psychiatry+clinics+in+Burlington+Vermont+VT/@44.4758825,-73.212072,14z",2025-12-16T03:16:58.637Z,
https://www.google.com/maps/place/Glacier+Mental+Health/data=!4m7!3m6!1s0x4cca7be524d9a9d5:0x9856404f8d775145!8m2!3d44.4781973!4d-73.2201807!16s%2Fg%2F11m6qky7bm!19sChIJ1anZJOV7ykwRRVF3jU9AVpg,Glacier Mental Health,,,Psychotherapist,"86 Lake St, Burlington, VT 05401, United States","FQHH+7W Burlington, Vermont, USA",https://glaciermh.com/,+1 802-214-3317,Open 24 hours,https://streetviewpixels-pa.googleapis.com/v1/thumbnail?panoid=W9k5LWa9Rbdgh18wsDjstg&cb_client=search.gws-prod.gps&w=408&h=240&yaw=63.678646&pitch=0&thumbfov=100,true,Open 24 hours,Open 24 hours,Open 24 hours,Open 24 hours,Open 24 hours,Open 24 hours,Open 24 hours,"https://www.google.com/maps/search/Psychiatry+clinics+in+Burlington+Vermont+VT/@44.4758825,-73.212072,14z",2025-12-16T03:17:02.857Z,
https://www.google.com/maps/place/River+Rock+Treatment/data=!4m7!3m6!1s0x4cca7beed6c547a1:0xe0630b6e6fe4c246!8m2!3d44.4769015!4d-73.2149952!16s%2Fg%2F11l_fwrg8v!19sChIJoUfF1u57ykwRRsLkb24LY-A,River Rock Treatment,5.0,11,Addiction treatment center,"125 College St 5th Floor, Burlington, VT 05401, United States","FQGP+Q2 Burlington, Vermont, USA",http://www.riverrocktreatment.com/,+1 888-308-2624,Closed · Opens 8 am Tue,https://lh3.googleusercontent.com/p/AF1QipN3cXBdFLH1wZLDU9gd4odcf4Dcnn65XDH4d2zD=w408-h408-k-no,true,8 am–8:30 pm,8 am–8:30 pm,8 am–8:30 pm,8 am–8:30 pm,8 am–8:30 pm,10 am–2 pm,Closed,"https://www.google.com/maps/search/Psychiatry+clinics+in+Burlington+Vermont+VT/@44.4758825,-73.212072,14z",2025-12-16T03:17:07.209Z,
https://www.google.com/maps/place/Stone+House+Associates/data=!4m7!3m6!1s0x4cca7bd2451bf2fb:0x3af36ba973575fd6!8m2!3d44.441692!4d-73.158439!16s%2Fg%2F1td9_9f4!19sChIJ-_IbRdJ7ykwR1l9Xc6lr8zo,Stone House Associates,4.0,3,Psychologist,"Stone House Associates, 27 Rye Cir, South Burlington, VT 05403, United States","CRRR+MJ South Burlington, Vermont, USA",https://www.stonehouseassociates.com/,+1 802-654-7607,Closed · Opens 8 am Tue,https://lh3.googleusercontent.com/p/AF1QipNVRtEJ_z0lZby22YF5p5wMHP7pvhJvtiicvBOn=w408-h306-k-no,true,8 am–7 pm,8 am–7 pm,8 am–7 pm,8 am–7 pm,8 am–7 pm,Closed,Closed,"https://www.google.com/maps/search/Psychiatry+clinics+in+Burlington+Vermont+VT/@44.4758825,-73.212072,14z",2025-12-16T03:17:11.662Z,
https://www.google.com/maps/place/Howard+Center+Safe+Recovery/data=!4m7!3m6!1s0x4cca7af40df5d307:0x877045de988109d4!8m2!3d44.4817965!4d-73.2125369!16s%2Fg%2F11b75l3x08!19sChIJB9P1DfR6ykwR1AmBmN5FcIc,Howard Center Safe Recovery,4.2,5,Mental health clinic,"45 Clarke St, Burlington, VT 05401, United States","FQJP+PX Burlington, Vermont, USA",http://www.howardcenter.org/,+1 802-488-6067,Closed · Opens 9 am Tue,https://streetviewpixels-pa.googleapis.com/v1/thumbnail?panoid=NbZWNwU8sMCPzFRZIMKvkw&cb_client=search.gws-prod.gps&w=408&h=240&yaw=289.00473&pitch=0&thumbfov=100,true,9 am–4 pm,9 am–4 pm,9 am–4 pm,9 am–4 pm,9 am–4 pm,9 am–4 pm,9 am–4 pm,"https://www.google.com/maps/search/Psychiatry+clinics+in+Burlington+Vermont+VT/@44.4758825,-73.212072,14z",2025-12-16T03:17:16.178Z,
https://www.google.com/maps/place/Vermont+Wellness/data=!4m7!3m6!1s0x4cca7bd16be59abf:0xbbfe70c1daa1482e!8m2!3d44.4769015!4d-73.2149952!16s%2Fg%2F11j8c3s4d0!19sChIJv5rla9F7ykwRLkih2sFw_rs,Vermont Wellness,2.8,5,Psychotherapist,"125 College St, Burlington, VT 05401, United States","FQGP+Q2 Burlington, Vermont, USA",http://www.vermontwellness.org/,,Closed · Opens 8 am Tue,https://lh3.googleusercontent.com/p/AF1QipPN5g7RlKkx5FePW5WHqscqTuk0kmv1xZGWLZap=w408-h306-k-no,true,8 am–6 pm,8 am–6 pm,8 am–6 pm,8 am–6 pm,8 am–6 pm,8 am–6 pm,Closed,"https://www.google.com/maps/search/Psychiatry+clinics+in+Burlington+Vermont+VT/@44.4758825,-73.212072,14z",2025-12-16T03:17:20.490Z,LGBTQ+ friendly
https://www.google.com/maps/place/NFI-VT+Family+Center/data=!4m7!3m6!1s0x4cca799f7259db97:0x58b538c3066f9651!8m2!3d44.4595224!4d-73.1788582!16s%2Fg%2F11bx1tptp8!19sChIJl9tZcp95ykwRUZZvBsM4tVg,NFI-VT Family Center,3.0,2,Mental health clinic,"45 San Remo Dr, South Burlington, VT 05403, United States","FR5C+RF South Burlington, Vermont, USA",http://www.nfivt-familycenter.org/,+1 802-951-0450,,https://streetviewpixels-pa.googleapis.com/v1/thumbnail?panoid=IqrpBdSSQGK-QczKJxCzoQ&cb_client=search.gws-prod.gps&w=408&h=240&yaw=265.57813&pitch=0&thumbfov=100,true,,,,,,,,"https://www.google.com/maps/search/Psychiatry+clinics+in+Burlington+Vermont+VT/@44.4758825,-73.212072,14z",2025-12-16T03:17:22.886Z,
https://www.google.com/maps/place/Harris+Kiva+Strokoff/data=!4m7!3m6!1s0x4cca7bd0be8fd3e7:0x1df37749600799d6!8m2!3d44.4531229!4d-73.1795691!16s%2Fg%2F11kjq5xlvy!19sChIJ59OPvtB7ykwR1pkHYEl38x0,Harris Kiva Strokoff,5.0,1,Psychiatrist,"595 Dorset St, South Burlington, VT 05403, United States","FR3C+65 South Burlington, Vermont, USA",,+1 802-863-0330,,https://streetviewpixels-pa.googleapis.com/v1/thumbnail?panoid=3MyhG-XirvxGWsRNG4Kciw&cb_client=search.gws-prod.gps&w=408&h=240&yaw=343.46835&pitch=0&thumbfov=100,false,,,,,,,,"https://www.google.com/maps/search/Psychiatry+clinics+in+Burlington+Vermont+VT/@44.4758825,-73.212072,14z",2025-12-16T03:17:25.093Z,
"https://www.google.com/maps/place/Kast+Richard+MD/@44.4798604,-73.2126215,17z/data=!3m1!4b1!4m6!3m5!1s0x4cca7af697ee246d:0x9c68b853a55b6a52!8m2!3d44.4798604!4d-73.2126215!16s%2Fg%2F1tx14_cd",Kast Richard MD,3.7,6,Psychiatrist,"22 Church St, Burlington, VT 05401, United States","FQHP+WX Burlington, Vermont, USA",,+1 802-863-2462,,,false,,,,,,,,"https://www.google.com/maps/search/Psychiatry+clinics+in+Burlington+Vermont+VT/@44.4758825,-73.212072,14z",2025-12-16T03:17:29.432Z,
https://www.google.com/maps/place/Champlain+College+Student+Health+Services/data=!4m7!3m6!1s0x4cca7a575b55c9f1:0x2c225cea38680cef!8m2!3d44.4745385!4d-73.2058572!16s%2Fg%2F11b6_7_250!19sChIJ8clVW1d6ykwR7wxoOOpcIiw,Champlain College Student Health Services,3.7,3,Medical clinic,"203 S Willard St, Burlington, VT 05401, United States","FQFV+RM Burlington, Vermont, USA",http://www.champlain.edu/current-students/campus-services/health-and-wellness/health-services,+1 802-860-2711,Closed · Opens 8:30 am Tue,https://streetviewpixels-pa.googleapis.com/v1/thumbnail?panoid=zbIsm-Le_RzVWYOMfePjRw&cb_client=search.gws-prod.gps&w=408&h=240&yaw=267.34085&pitch=0&thumbfov=100,false,8:30 am–4:30 pm,8:30 am–4:30 pm,8:30 am–4:30 pm,8:30 am–4:30 pm,8:30 am–4:30 pm,Closed,Closed,"https://www.google.com/maps/search/Psychiatry+clinics+in+Burlington+Vermont+VT/@44.4758825,-73.212072,14z",2025-12-16T03:17:33.788Z,
https://www.google.com/maps/place/Birch+Grove+Therapy/data=!4m7!3m6!1s0x4cca1b88c50c5a4f:0x38470132c2809a44!8m2!3d44.4522774!4d-73.1740295!16s%2Fg%2F11kw8q593g!19sChIJT1oMxYgbykwRRJqAwjIBRzg,Birch Grove Therapy,5.0,2,Mental health service,"56 W Twin Oaks Terrace Ste 3, South Burlington, VT 05403, United States","FR2G+W9 South Burlington, Vermont, USA",http://www.calliazimmerman.com/,+1 802-393-8167,Closed · Opens 8 am Tue,https://lh3.googleusercontent.com/p/AF1QipNBzCcXLshRIDxA11YINavSuiVoo63teL3DVzo3=w408-h387-k-no,true,8 am–5 pm,8 am–5 pm,8 am–5 pm,8 am–5 pm,8 am–5 pm,Closed,Closed,"https://www.google.com/maps/search/Psychiatry+clinics+in+Burlington+Vermont+VT/@44.4758825,-73.212072,14z",2025-12-16T03:17:38.487Z,LGBTQ+ friendly
https://www.google.com/maps/place/Smita+Lahoti/data=!4m7!3m6!1s0x4cca7a433ac41c63:0x24e95538fbb95def!8m2!3d44.4797628!4d-73.1939435!16s%2Fg%2F11p079drcg!19sChIJYxzEOkN6ykwR7125-zhV6SQ,Smita Lahoti,5.0,1,Medical clinic,"111 Colchester Ave, Burlington, VT 05401, United States","FRH4+WC Burlington, Vermont, USA",https://www.uvmhealth.org/gme/residencies/psychiatry/psychiatry-residents/smita-lahoti-mbbs,+1 201-417-0389,,https://streetviewpixels-pa.googleapis.com/v1/thumbnail?panoid=tt0nvaMw4N86yyNzaP1r4Q&cb_client=search.gws-prod.gps&w=408&h=240&yaw=192.94548&pitch=0&thumbfov=100,false,,,,,,,,"https://www.google.com/maps/search/Psychiatry+clinics+in+Burlington+Vermont+VT/@44.4758825,-73.212072,14z",2025-12-16T03:17:40.957Z,
https://www.google.com/maps/place/Howard+Center/data=!4m7!3m6!1s0x4cca7ba5cce89d3b:0xd94064dc75c85683!8m2!3d44.4558084!4d-73.2149423!16s%2Fg%2F1txnp2cb!19sChIJO53ozKV7ykwRg1bIddxkQNk,Howard Center,3.1,16,Mental health service,"855 Pine St, Burlington, VT 05401, United States","FQ4P+82 Burlington, Vermont, USA",http://www.howardcenter.org/,+1 802-488-6100,,https://streetviewpixels-pa.googleapis.com/v1/thumbnail?panoid=PHb4_LTqb6lUTo5m3JDyMw&cb_client=search.gws-prod.gps&w=408&h=240&yaw=333.97083&pitch=0&thumbfov=100,true,,,,,,,,"https://www.google.com/maps/search/Psychiatry+clinics+in+Burlington+Vermont+VT/@44.4758825,-73.212072,14z",2025-12-16T03:17:43.656Z,
https://www.google.com/maps/place/University+of+Vermont+Medical+Center+-+1+South+Prospect+Street/data=!4m7!3m6!1s0x4cca7a5ea078f209:0x7e396405f4ceee0d!8m2!3d44.4802386!4d-73.2013544!16s%2Fg%2F11hyx48s0q!19sChIJCfJ4oF56ykwRDe7O9AVkOX4,University of Vermont Medical Center - 1 South Prospect Street,3.4,10,Hospital,"1 S Prospect St, Burlington, VT 05401, United States","FQJX+3F Burlington, Vermont, USA",https://www.uvmhealth.org/locations/university-of-vermont-medical-center-1-south-prospect-street,+1 802-847-0000,Closed · Opens 8:30 am Tue,https://lh3.googleusercontent.com/p/AF1QipMqtegvzotg48RBWMMt4hR2I9l4sVjTTZWGeqxn=w408-h408-k-no,true,8:30 am–5 pm,8:30 am–5 pm,8:30 am–5 pm,8:30 am–5 pm,8:30 am–5 pm,Closed,Closed,"https://www.google.com/maps/search/Psychiatry+clinics+in+Burlington+Vermont+VT/@44.4758825,-73.212072,14z",2025-12-16T03:17:48.303Z,
https://www.google.com/maps/place/Catamount+Community+Clinic/data=!4m7!3m6!1s0x4cca7b78ccc46035:0x17d7ac48d8798602!8m2!3d44.4813575!4d-73.2139115!16s%2Fg%2F11xf3qffnv!19sChIJNWDEzHh7ykwRAoZ52Eis1xc,Catamount Community Clinic,,,Mental health clinic,"31 Elmwood Ave, Burlington, VT 05401, United States","FQJP+GC Burlington, Vermont, USA",http://www.catamountclinic.org/,+1 802-836-7423,,https://streetviewpixels-pa.googleapis.com/v1/thumbnail?panoid=ToB5_5OMGExV0UCQ1-3KDg&cb_client=search.gws-prod.gps&w=408&h=240&yaw=236.18874&pitch=0&thumbfov=100,true,,,,,,,,"https://www.google.com/maps/search/Psychiatry+clinics+in+Burlington+Vermont+VT/@44.4758825,-73.212072,14z",2025-12-16T03:17:50.583Z,
"https://www.google.com/maps/place/Steve+May+LICSW/@44.4790851,-73.2199836,17z/data=!3m1!4b1!4m6!3m5!1s0x4cca7af037c21691:0xa4573c7e7106c2ac!8m2!3d44.4790851!4d-73.2199836!16s%2Fg%2F11cs4ft658",Steve May LICSW,5.0,1,Mental health clinic,"112 Lake St, Burlington, VT 05401, United States","FQHJ+J2 Burlington, Vermont, USA",,+1 802-865-3450,,,false,,,,,,,,"https://www.google.com/maps/search/Psychiatry+clinics+in+Burlington+Vermont+VT/@44.4758825,-73.212072,14z",2025-12-16T03:17:54.952Z,
"https://www.google.com/maps/place/Isabelle+Desjardins,+MD,+Psychiatrist/data=!4m7!3m6!1s0x4cca7a5ea078edb5:0x49fdbd8cc577a6e1!8m2!3d44.4797481!4d-73.1940391!16s%2Fg%2F1tm1q2c_!19sChIJte14oF56ykwR4aZ3xYy9_Uk","Isabelle Desjardins, MD, Psychiatrist",,,Psychiatrist,"Main Campus, Patrick, 111 Colchester Ave Level 4, Burlington, VT 05401, United States","FRH4+V9 Burlington, Vermont, USA",https://www.uvmhealth.org/providers/isabelle-desjardins-md,+1 802-847-4727,Closed · Opens 8 am Tue,https://streetviewpixels-pa.googleapis.com/v1/thumbnail?panoid=hOd_mmKmB_yvzS4CpD6Z1w&cb_client=search.gws-prod.gps&w=408&h=240&yaw=340.1789&pitch=0&thumbfov=100,true,8 am–5 pm,8 am–5 pm,8 am–5 pm,8 am–5 pm,8 am–5 pm,Closed,Closed,"https://www.google.com/maps/search/Psychiatry+clinics+in+Burlington+Vermont+VT/@44.4758825,-73.212072,14z",2025-12-16T03:17:59.344Z,
"https://www.google.com/maps/place/Psychological+Services+-+Fanny+Allen+Campus,+University+of+Vermont+Medical+Center/data=!4m7!3m6!1s0x4cca70a80ff65805:0x626c3f80b0f25377!8m2!3d44.4964709!4d-73.1580502!16s%2Fg%2F11b77gf4kn!19sChIJBVj2D6hwykwRd1PysIA_bGI","Psychological Services - Fanny Allen Campus, University of Vermont Medical Center",,,Mental health service,"Fanny Allen Campus, Rehab Center, 790 College Pkwy, Colchester, VT 05446, United States","FRWR+HQ Colchester, Vermont, USA",https://www.uvmhealth.org/locations/psychological-services-fanny-allen-campus-university-of-vermont-medical-center,+1 802-847-3634,Closed · Opens 8 am Tue,https://streetviewpixels-pa.googleapis.com/v1/thumbnail?panoid=y4EV4V4D2XmDL9tScjKTqA&cb_client=search.gws-prod.gps&w=408&h=240&yaw=54.258083&pitch=0&thumbfov=100,true,8 am–5 pm,8 am–5 pm,8 am–5 pm,8 am–5 pm,8 am–5 pm,Closed,Closed,"https://www.google.com/maps/search/Psychiatry+clinics+in+Burlington+Vermont+VT/@44.4758825,-73.212072,14z",2025-12-16T03:18:03.839Z,
https://www.google.com/maps/place/Champlain+Valley+Psychiatry:+Morwood+Betty+Jo+MD/data=!4m7!3m6!1s0x4cca797c418e2ca7:0x124efa4672574abc!8m2!3d44.45352!4d-73.1666!16s%2Fg%2F1wh4fgx7!19sChIJpyyOQXx5ykwRvEpXckb6ThI,Champlain Valley Psychiatry: Morwood Betty Jo MD,,,Psychiatrist,"35 Timber Ln, South Burlington, VT 05403, United States","FR3M+C9 South Burlington, Vermont, USA",,+1 802-651-7561,,https://streetviewpixels-pa.googleapis.com/v1/thumbnail?panoid=IitVwdOixU5HAnpSuTT6uQ&cb_client=search.gws-prod.gps&w=408&h=240&yaw=225.34193&pitch=0&thumbfov=100,false,,,,,,,,"https://www.google.com/maps/search/Psychiatry+clinics+in+Burlington+Vermont+VT/@44.4758825,-73.212072,14z",2025-12-16T03:18:06.129Z,
"https://www.google.com/maps/place/Hummingbird+Psychiatry/@43.8717955,-72.451476,8z/data=!3m1!4b1!4m6!3m5!1s0x4cca7b23a33e588f:0x1785861a2445a038!8m2!3d43.8717955!4d-72.451476!16s%2Fg%2F11lfcj0lrf",Hummingbird Psychiatry,5.0,1,Mental health clinic,,,http://hummingbirdpsychiatry.com/,+1 802-316-8693,Closed · Opens 12 pm Tue,,true,Closed,12–8 pm,9 am–1 pm,9 am–1:30 pm,9 am–2 pm,Closed,Closed,"https://www.google.com/maps/search/Psychiatry+clinics+in+Burlington+Vermont+VT/@44.4758825,-73.212072,14z",2025-12-16T03:18:12.402Z,
https://www.google.com/maps/place/Crossroads/data=!4m7!3m6!1s0x4cca774c283c1d95:0xcf8ac78bb284fb48!8m2!3d44.4595224!4d-73.1788572!16s%2Fg%2F1hc3zpqx4!19sChIJlR08KEx3ykwRSPuEsovHis8,Crossroads,3.5,6,Counselor,"45 San Remo Dr, South Burlington, VT 05403, United States","FR5C+RF South Burlington, Vermont, USA",https://www.nfivermont.org/services/community-programs/crossroads-adult-intensive-outpatient-program/,+1 802-662-4332,Closed · Opens 9 am Tue,https://lh3.googleusercontent.com/p/AF1QipOhEbY0Ne_tolbKX5MOHVkwyUAAeOBknmcWXLeW=w408-h306-k-no,true,9 am–3:30 pm,9 am–3:30 pm,9 am–3:30 pm,9 am–3:30 pm,9 am–3:30 pm,Closed,Closed,"https://www.google.com/maps/search/Psychiatry+clinics+in+Burlington+Vermont+VT/@44.4758825,-73.212072,14z",2025-12-16T03:18:16.830Z,
https://www.google.com/maps/place/Riverstone+Counseling/data=!4m7!3m6!1s0x4cca7b3d7565ffcf:0x9ebc942861466350!8m2!3d44.4775335!4d-73.2153629!16s%2Fg%2F11j2vgr30p!19sChIJz_9ldT17ykwRUGNGYSiUvJ4,Riverstone Counseling,,,Mental health clinic,"84 Pine St 2nd Floor, Burlington, VT 05401, United States","FQHM+2V Burlington, Vermont, USA",http://www.riverstonecounseling.org/,+1 802-864-7423,,https://streetviewpixels-pa.googleapis.com/v1/thumbnail?panoid=wNj9IQEmsKaDiobBqbqBOw&cb_client=search.gws-prod.gps&w=408&h=240&yaw=104.63185&pitch=0&thumbfov=100,true,,,,,,,,"https://www.google.com/maps/search/Psychiatry+clinics+in+Burlington+Vermont+VT/@44.4758825,-73.212072,14z",2025-12-16T03:18:19.156Z,
"https://www.google.com/maps/place/Haley+McGowan,+DO,+Pediatric+Psychiatrist/data=!4m7!3m6!1s0x4cca7a5ea103af49:0x309590badf3e84fc!8m2!3d44.4801784!4d-73.2014269!16s%2Fg%2F11p079_hmv!19sChIJSa8DoV56ykwR_IQ-37qQlTA","Haley McGowan, DO, Pediatric Psychiatrist",,,Psychiatrist,"1 South Prospect Street Arnold, Level 3, Burlington, VT 05401, United States",,https://www.uvmhealth.org/providers/haley-mcgowan-do,+1 802-847-4563,Closed · Opens 8 am Tue,https://lh3.googleusercontent.com/p/AF1QipO5UD-BYjvET0UWwlAZ4gAEdq8KVLm8CV9xmxm1=w408-h408-k-no,true,8 am–5 pm,8 am–5 pm,8 am–5 pm,8 am–5 pm,8 am–5 pm,Closed,Closed,"https://www.google.com/maps/search/Psychiatry+clinics+in+Burlington+Vermont+VT/@44.4758825,-73.212072,14z",2025-12-16T03:18:23.536Z,
https://www.google.com/maps/place/Inner+Healer+Psychiatry/data=!4m7!3m6!1s0x4cca7b2dfa1985fb:0xb5317ba0c0320fb9!8m2!3d44.4784549!4d-73.2106102!16s%2Fg%2F11tnv836lc!19sChIJ-4UZ-i17ykwRuQ8ywKB7MbU,Inner Healer Psychiatry,,,Psychiatrist,"70 S Winooski Ave Suite 1W 123, Burlington, VT 05401, United States","FQHQ+9Q Burlington, Vermont, USA",,,,https://streetviewpixels-pa.googleapis.com/v1/thumbnail?panoid=7aCbyMFi_pMd7p-vKptn9Q&cb_client=search.gws-prod.gps&w=408&h=240&yaw=108.53233&pitch=0&thumbfov=100,true,,,,,,,,"https://www.google.com/maps/search/Psychiatry+clinics+in+Burlington+Vermont+VT/@44.4758825,-73.212072,14z",2025-12-16T03:18:25.942Z,
"https://www.google.com/maps/place/Suzanne+M.+Kennedy,+MD,+Psychiatrist/data=!4m7!3m6!1s0x4cca7b79827d36ab:0x469e6795cfe21b5e!8m2!3d44.4801784!4d-73.2014269!16s%2Fg%2F11p_7jpbwy!19sChIJqzZ9gnl7ykwRXhviz5VnnkY","Suzanne M. Kennedy, MD, Psychiatrist",,,Psychiatrist,"1 South Prospect Street Arnold, Level 2, Burlington, VT 05401, United States","FQJX+3C Burlington, Vermont, USA",https://www.uvmhealth.org/providers/suzanne-m-kennedy-md,+1 802-847-4589,Closed · Opens 8 am Tue,https://lh3.googleusercontent.com/p/AF1QipPINab3WG3i5JhjGY3Kg_fgDxIDyxzt8CM2WLTU=w408-h408-k-no,true,8 am–5 pm,8 am–5 pm,8 am–5 pm,8 am–5 pm,8 am–5 pm,Closed,Closed,"https://www.google.com/maps/search/Psychiatry+clinics+in+Burlington+Vermont+VT/@44.4758825,-73.212072,14z",2025-12-16T03:18:30.152Z,
"https://www.google.com/maps/place/Pediatric+Psychiatry:+Koutras,+John+George,+MD/@44.4801791,-73.2012442,17z/data=!3m1!4b1!4m6!3m5!1s0x4cca7a5ea078edb5:0x5c4e7835620c77f8!8m2!3d44.4801791!4d-73.2012442!16s%2Fg%2F1tdq0rwb","Pediatric Psychiatry: Koutras, John George, MD",1.0,2,Child psychiatrist,"Burlington, VT 05401, United States","FQJX+3G Burlington, Vermont, USA",http://www.uvmhealth.org/,+1 802-847-4560,Closed · Opens 8 am Tue,,false,8 am–5 pm,8 am–5 pm,8 am–8 pm,8 am–5 pm,Closed,Closed,Closed,"https://www.google.com/maps/search/Psychiatry+clinics+in+Burlington+Vermont+VT/@44.4758825,-73.212072,14z",2025-12-16T03:18:36.936Z,
https://www.google.com/maps/place/Lawrence+Therese+MD/data=!4m7!3m6!1s0x4cca7af06bf2fec9:0x7b860ea50a71a7ec!8m2!3d44.478172!4d-73.2201429!16s%2Fg%2F1td3r3c_!19sChIJyf7ya_B6ykwR7KdxCqUOhns,Lawrence Therese MD,2.0,1,Psychiatrist,"86 Lake St, Burlington, VT 05401, United States","FQHH+7W Burlington, Vermont, USA",,+1 802-862-8595,,https://streetviewpixels-pa.googleapis.com/v1/thumbnail?panoid=W9k5LWa9Rbdgh18wsDjstg&cb_client=search.gws-prod.gps&w=408&h=240&yaw=75.54759&pitch=0&thumbfov=100,false,,,,,,,,"https://www.google.com/maps/search/Psychiatry+clinics+in+Burlington+Vermont+VT/@44.4758825,-73.212072,14z",2025-12-16T03:18:39.262Z,
https://www.google.com/maps/place/UVM+Medical+Center+Community+Health+Improvement/data=!4m7!3m6!1s0x4cca7ba9c157e081:0x5aa95d6743101a63!8m2!3d44.4618202!4d-73.2178581!16s%2Fg%2F126352b29!19sChIJgeBXwal7ykwRYxoQQ2ddqVo,UVM Medical Center Community Health Improvement,,,Public health department,"128 Lakeside Ave Suite 106, Burlington, VT 05401, United States","FQ6J+PV Burlington, Vermont, USA",https://www.uvmhealth.org/medcenter/location/community-health-improvement&utm_campaign=website_field&utm_term=Community_Health_Improvement&utm_content=Burlington,+1 802-847-2278,Closed · Opens 8 am Tue,https://lh3.googleusercontent.com/gps-cs-s/AG0ilSxfwPh02O0QkCdxnKquMXsKBMzekAe7sfBJPdiycerUWX02Rh_JzaaIMy3QEYtvlkviuQNjgMGxz_CScbc3JUVo5ju2vLtl3NWtg4B_PJr5akVljarx2kFqzuledTHz3XZRnis=w408-h240-k-no-pi-20-ya193.18001-ro-0-fo100,true,8 am–4:30 pm,8 am–4:30 pm,8 am–4:30 pm,8 am–4:30 pm,8 am–4:30 pm,Closed,Closed,"https://www.google.com/maps/search/Psychiatry+clinics+in+Burlington+Vermont+VT/@44.4758825,-73.212072,14z",2025-12-16T03:18:43.995Z,
"https://www.google.com/maps/place/Rebecca+J.+Porter,+LCMHC,+Mental+Health+Clinician/data=!4m7!3m6!1s0x4cca7bac93c6e889:0x4676751fd0cb7fbe!8m2!3d44.4801784!4d-73.2014269!16s%2Fg%2F11rr7w6mxv!19sChIJiejGk6x7ykwRvn_L0B91dkY","Rebecca J. Porter, LCMHC, Mental Health Clinician",,,Mental health clinic,"1 South Prospect Street St. Joseph, Level 6, Burlington, VT 05401, United States","FQJX+3C Burlington, Vermont, USA",https://www.uvmhealth.org/medcenter/provider/rebecca-j-porter-lcmhc?utm_source=Google&utm_medium=Yext&utm_campaign=provider+online+listing,+1 802-847-3333,"Closed · Opens 8 am Tue

Confirmed by this business 11 weeks ago",https://lh3.googleusercontent.com/p/AF1QipMRnuJI4e0hd49YDow_5J0W8KpNll6HTLqLZePa=w408-h408-k-no,true,8 am–4:30 pm,8 am–4:30 pm,8 am–4:30 pm,8 am–4:30 pm,8 am–4:30 pm,Closed,Closed,"https://www.google.com/maps/search/Psychiatry+clinics+in+Burlington+Vermont+VT/@44.4758825,-73.212072,14z",2025-12-16T03:18:48.437Z,
"https://www.google.com/maps/place/Marilyn+F.+Metzger,+LCMHC,+LADC,+Mental+Health+Clinician/data=!4m7!3m6!1s0x4cca7b1f4386c05f:0x557ebfeafac37dd3!8m2!3d44.4801784!4d-73.2014269!16s%2Fg%2F11k9myfks2!19sChIJX8CGQx97ykwR033D-uq_flU","Marilyn F. Metzger, LCMHC, LADC, Mental Health Clinician",,,Mental health clinic,"1 South Prospect Street St. Joseph, Level 3, Burlington, VT 05401, United States","FQJX+3C Burlington, Vermont, USA",https://www.uvmhealth.org/providers/marilyn-f-metzger-lcmhc-ladc,+1 802-847-3333,"Closed · Opens 8 am Tue

Confirmed by this business 11 weeks ago",https://lh3.googleusercontent.com/p/AF1QipOQF1TGOJQd3KbmiRni67Nmgrb1580c3NO1ONgS=w408-h408-k-no,true,8 am–5 pm,8 am–5 pm,8 am–5 pm,8 am–5 pm,8 am–5 pm,Closed,Closed,"https://www.google.com/maps/search/Psychiatry+clinics+in+Burlington+Vermont+VT/@44.4758825,-73.212072,14z",2025-12-16T03:18:52.840Z,
"https://www.google.com/maps/place/Judith+L.+Lewis,+MD,+Psychiatrist/data=!4m7!3m6!1s0x4cca7bc7a61ed883:0x2bfa675b4bba8d23!8m2!3d44.4797747!4d-73.2007833!16s%2Fg%2F11ts6jbbk8!19sChIJg9gepsd7ykwRI426S1tn-is","Judith L. Lewis, MD, Psychiatrist",,,Psychiatrist,"1 South Prospect Street St. Joseph, Level 6, Burlington, VT 05401, United States","FQHX+WM Burlington, Vermont, USA",https://www.uvmhealth.org/providers/judith-l-lewis-md,+1 802-847-3333,Closed · Opens 8 am Tue,https://streetviewpixels-pa.googleapis.com/v1/thumbnail?panoid=h9xZ-uef87TGMeU0mT80Hg&cb_client=search.gws-prod.gps&w=408&h=240&yaw=267.73846&pitch=0&thumbfov=100,true,8 am–4:30 pm,8 am–4:30 pm,8 am–4:30 pm,8 am–4:30 pm,8 am–4:30 pm,Closed,Closed,"https://www.google.com/maps/search/Psychiatry+clinics+in+Burlington+Vermont+VT/@44.4758825,-73.212072,14z",2025-12-16T03:18:57.426Z,
"https://www.google.com/maps/place/Otter+Creek+Associates/@44.4791946,-73.219999,17z/data=!3m1!4b1!4m6!3m5!1s0x4cca7af06bf2fec9:0x544d26fe1d956c6a!8m2!3d44.4791946!4d-73.219999!16s%2Fg%2F1w8w9m_f",Otter Creek Associates,2.1,10,Psychotherapist,"112 Lake St, Burlington, VT 05401, United States","FQHJ+M2 Burlington, Vermont, USA",https://www.ottercreekassociates.com/,+1 802-865-3450,,,false,,,,,,,,"https://www.google.com/maps/search/Psychiatry+clinics+in+Burlington+Vermont+VT/@44.4758825,-73.212072,14z",2025-12-16T03:19:01.832Z,
"https://www.google.com/maps/place/Maya+P.+Strange,+MD,+Child+Psychiatrist/data=!4m7!3m6!1s0x4cca7a5ea0693921:0xcf03722e58c1e7e5!8m2!3d44.4802295!4d-73.2012566!16s%2Fg%2F11fyx97c15!19sChIJITlpoF56ykwR5efBWC5yA88","Maya P. Strange, MD, Child Psychiatrist",,,Psychiatrist,"1 South Prospect Street Arnold, Level 3, Burlington, VT 05401, United States","FQJX+3F Burlington, Vermont, USA",https://www.uvmhealth.org/providers/maya-p-strange-md,+1 802-847-4563,Closed · Opens 8 am Tue,https://lh3.googleusercontent.com/p/AF1QipNa3j5GmGOQs8RAF1hKEmASbZMBQV7QvBaDzSw=w408-h408-k-no,true,8 am–5 pm,8 am–5 pm,8 am–5 pm,8 am–5 pm,8 am–5 pm,Closed,Closed,"https://www.google.com/maps/search/Psychiatry+clinics+in+Burlington+Vermont+VT/@44.4758825,-73.212072,14z",2025-12-16T03:19:06.544Z,
https://www.google.com/maps/place/River+Valley+Therapeutic+Residence/data=!4m7!3m6!1s0x4cca714c7b8fc5bd:0xa07c2543526c8868!8m2!3d44.5021365!4d-73.1448482!16s%2Fg%2F11kk4c3z6_!19sChIJvcWPe0xxykwRaIhsUkMlfKA,River Valley Therapeutic Residence,,,Mental health clinic,"260 Woodside Dr, Colchester, VT 05446, United States","GV24+V3 Colchester, Vermont, USA",https://mentalhealth.vermont.gov/services/intensive-residential-recovery/river-valley-therapeutic-residence,+1 802-828-5800,Closed · Opens 7:45 am Tue,https://streetviewpixels-pa.googleapis.com/v1/thumbnail?panoid=XbMPBUtN0rMs_SsEQ5o3WA&cb_client=search.gws-prod.gps&w=408&h=240&yaw=85.90789&pitch=0&thumbfov=100,false,7:45 am–4:30 pm,7:45 am–4:30 pm,7:45 am–4:30 pm,7:45 am–4:30 pm,7:45 am–4:30 pm,Closed,Closed,"https://www.google.com/maps/search/Psychiatry+clinics+in+Burlington+Vermont+VT/@44.4758825,-73.212072,14z",2025-12-16T03:19:11.082Z,
"https://www.google.com/maps/place/Burlington+Drug+Health+Centers./@44.4801784,-73.2014269,17z/data=!3m1!4b1!4m6!3m5!1s0x4cca7a5ea103af49:0x7b2d08feebca295d!8m2!3d44.4801784!4d-73.2014269!16s%2Fg%2F11p07b8zh2",Burlington Drug Health Centers.,,,Mental health service,"1 S Prospect St, Burlington, VT 05401, United States",,,+1 833-205-7305,,,false,,,,,,,,"https://www.google.com/maps/search/Psychiatry+clinics+in+Burlington+Vermont+VT/@44.4758825,-73.212072,14z",2025-12-16T03:19:15.319Z,
"https://www.google.com/maps/place/Erin+C.+Curtis,+MD,+Psychiatrist/data=!4m7!3m6!1s0x4cca7b48c6be8da3:0xca704671e5fe993e!8m2!3d44.4790648!4d-73.1945849!16s%2Fg%2F11rr7wb54m!19sChIJo42-xkh7ykwRPpn-5XFGcMo","Erin C. Curtis, MD, Psychiatrist",,,Psychiatrist,"Main Campus, Patrick, 111 Colchester Ave Level 4, Burlington, VT 05401, United States","FRH4+J5 Burlington, Vermont, USA",https://www.uvmhealth.org/medcenter/provider/erin-c-curtis-md?utm_source=Google&utm_medium=Yext&utm_campaign=provider+online+listing,+1 802-847-4727,Closed · Opens 8 am Tue,https://streetviewpixels-pa.googleapis.com/v1/thumbnail?panoid=hOd_mmKmB_yvzS4CpD6Z1w&cb_client=search.gws-prod.gps&w=408&h=240&yaw=278.0296&pitch=0&thumbfov=100,true,8 am–5 pm,8 am–5 pm,8 am–5 pm,8 am–5 pm,8 am–5 pm,Closed,Closed,"https://www.google.com/maps/search/Psychiatry+clinics+in+Burlington+Vermont+VT/@44.4758825,-73.212072,14z",2025-12-16T03:19:19.749Z,
"https://www.google.com/maps/place/Judith+L.+Lewis,+MD,+Psychiatrist/data=!4m7!3m6!1s0x4cca7a433a79dc83:0x809aeab47e6e989d!8m2!3d44.4797481!4d-73.1940391!16s%2Fg%2F1thz18vh!19sChIJg9x5OkN6ykwRnZhufrTqmoA","Judith L. Lewis, MD, Psychiatrist",,,Psychiatrist,"Main Campus, Patrick, 111 Colchester Ave Level 4, Burlington, VT 05401, United States","FRH4+V9 Burlington, Vermont, USA",https://www.uvmhealth.org/providers/judith-l-lewis-md,+1 802-847-4727,Closed · Opens 8 am Tue,https://streetviewpixels-pa.googleapis.com/v1/thumbnail?panoid=hOd_mmKmB_yvzS4CpD6Z1w&cb_client=search.gws-prod.gps&w=408&h=240&yaw=340.1789&pitch=0&thumbfov=100,true,8 am–5 pm,8 am–5 pm,8 am–5 pm,8 am–5 pm,8 am–5 pm,Closed,Closed,"https://www.google.com/maps/search/Psychiatry+clinics+in+Burlington+Vermont+VT/@44.4758825,-73.212072,14z",2025-12-16T03:19:24.001Z,
https://www.google.com/maps/place/Water+%26+Stone+Wellness/data=!4m7!3m6!1s0x4cb597fb3e4598a3:0x5f0a0b0c55ac2ef2!8m2!3d44.4773683!4d-73.2138992!16s%2Fg%2F11s491gs71!19sChIJo5hFPvuXtUwR8i6sVQwLCl8,Water & Stone Wellness,,,Psychotherapist,"86 St Paul St, Burlington, VT 05401, United States","FQGP+WC Burlington, Vermont, USA",https://water-stone-wellness-llc.square.site/,+1 802-585-3011,Closed · Opens 9 am Tue,https://streetviewpixels-pa.googleapis.com/v1/thumbnail?panoid=zljvqcp0uGY2Ubxll26wug&cb_client=search.gws-prod.gps&w=408&h=240&yaw=92.40034&pitch=0&thumbfov=100,false,9 am–5 pm,9 am–5 pm,9 am–5 pm,9 am–5 pm,9 am–5 pm,Closed,Closed,"https://www.google.com/maps/search/Psychiatry+clinics+in+Burlington+Vermont+VT/@44.4758825,-73.212072,14z",2025-12-16T03:19:28.423Z,
"https://www.google.com/maps/place/Molly+L.+Rovin,+MD,+Psychiatrist/data=!4m7!3m6!1s0x4cca7b5cd673694f:0x7a56928f72be0712!8m2!3d44.4790648!4d-73.1945849!16s%2Fg%2F11rr7x84h3!19sChIJT2lz1lx7ykwREge-co-SVno","Molly L. Rovin, MD, Psychiatrist",,,Psychiatrist,"Main Campus, Patrick, 111 Colchester Ave Level 4, Burlington, VT 05401, United States","FRH4+J5 Burlington, Vermont, USA",https://www.uvmhealth.org/providers/molly-l-rovin-md,+1 802-847-4727,Closed · Opens 8 am Tue,https://streetviewpixels-pa.googleapis.com/v1/thumbnail?panoid=hOd_mmKmB_yvzS4CpD6Z1w&cb_client=search.gws-prod.gps&w=408&h=240&yaw=278.0296&pitch=0&thumbfov=100,true,8 am–5 pm,8 am–5 pm,8 am–5 pm,8 am–5 pm,8 am–5 pm,Closed,Closed,"https://www.google.com/maps/search/Psychiatry+clinics+in+Burlington+Vermont+VT/@44.4758825,-73.212072,14z",2025-12-16T03:19:32.784Z,
"https://www.google.com/maps/place/Rachel+Clokey,+LCMHC,+Clinical+Mental+Health+Counselor/data=!4m7!3m6!1s0x4cca791f2c907285:0x44e77e7e99c0ccfd!8m2!3d44.4533655!4d-73.1682643!16s%2Fg%2F11x5jqhpd0!19sChIJhXKQLB95ykwR_czAmX5-50Q","Rachel Clokey, LCMHC, Clinical Mental Health Counselor",,,Mental health clinic,"3 Timber Ln, South Burlington, VT 05403, United States","FR3J+8M South Burlington, Vermont, USA",https://www.uvmhealth.org/providers/rachel-clokey-lcmhc,+1 802-847-8500,Closed · Opens 8 am Tue,https://lh3.googleusercontent.com/p/AF1QipNKTIs9pTjauPNqTzE9BDWkqBRJajL1Qy0Knllk=w408-h408-k-no,true,8 am–5 pm,8 am–5 pm,8 am–5 pm,8 am–5 pm,8 am–5 pm,Closed,Closed,"https://www.google.com/maps/search/Psychiatry+clinics+in+Burlington+Vermont+VT/@44.4758825,-73.212072,14z",2025-12-16T03:19:37.034Z,
"https://www.google.com/maps/place/Peter+R.+Jackson,+MD,+Pediatric+Psychiatrist/data=!4m7!3m6!1s0x4cca7bfd0cbf5b3d:0xaca2abe131c8f5db!8m2!3d44.4801784!4d-73.2014269!16s%2Fg%2F11gybkx71h!19sChIJPVu_DP17ykwR2_XIMeGroqw","Peter R. Jackson, MD, Pediatric Psychiatrist",,,Psychiatrist,"1 South Prospect Street St. Joseph, Level 3, Burlington, VT 05401, United States","FQJX+3C Burlington, Vermont, USA",https://www.uvmhealth.org/providers/peter-r-jackson-md,+1 802-847-3333,Closed · Opens 8 am Tue,https://lh3.googleusercontent.com/p/AF1QipNrezsuAlc5xMrO8lB9xi95w_eHVspP_ZDMAgd4=w408-h408-k-no,true,8 am–5 pm,8 am–5 pm,8 am–5 pm,8 am–5 pm,8 am–5 pm,Closed,Closed,"https://www.google.com/maps/search/Psychiatry+clinics+in+Burlington+Vermont+VT/@44.4758825,-73.212072,14z",2025-12-16T03:19:41.435Z,
https://www.google.com/maps/place/Praxis+Behavioral+Health/data=!4m7!3m6!1s0x4cca7b5dff158cbd:0x430590b8ba3c3afb!8m2!3d44.4591617!4d-73.1802983!16s%2Fg%2F11ght3k0dp!19sChIJvYwV_117ykwR-zo8uriQBUM,Praxis Behavioral Health,,,Mental health service,"359 Dorset St, South Burlington, VT 05403, United States","FR59+MV South Burlington, Vermont, USA",,+1 802-316-8288,Closed · Opens 8 am Tue,https://streetviewpixels-pa.googleapis.com/v1/thumbnail?panoid=GQV4NzJODkQfNCiIHU8xag&cb_client=search.gws-prod.gps&w=408&h=240&yaw=241.69984&pitch=0&thumbfov=100,true,8 am–5 pm,8 am–5 pm,8 am–5 pm,8 am–5 pm,8 am–5 pm,Closed,Closed,"https://www.google.com/maps/search/Psychiatry+clinics+in+Burlington+Vermont+VT/@44.4758825,-73.212072,14z",2025-12-16T03:19:45.835Z,
"https://www.google.com/maps/place/Erin+C.+Curtis,+MD,+Psychiatrist/data=!4m7!3m6!1s0x4cca7b7d8ddba567:0xb25214a6af43beb9!8m2!3d44.4797747!4d-73.2007833!16s%2Fg%2F11shxvsx8j!19sChIJZ6XbjX17ykwRub5Dr6YUUrI","Erin C. Curtis, MD, Psychiatrist",,,Psychiatrist,"1 South Prospect Street St. Joseph, Level 6, Burlington, VT 05401, United States","FQHX+WM Burlington, Vermont, USA",https://www.uvmhealth.org/medcenter/provider/erin-c-curtis-md,+1 802-847-3333,Closed · Opens 8 am Tue,https://streetviewpixels-pa.googleapis.com/v1/thumbnail?panoid=h9xZ-uef87TGMeU0mT80Hg&cb_client=search.gws-prod.gps&w=408&h=240&yaw=267.73846&pitch=0&thumbfov=100,true,8 am–4:30 pm,8 am–4:30 pm,8 am–4:30 pm,8 am–4:30 pm,8 am–4:30 pm,Closed,Closed,"https://www.google.com/maps/search/Psychiatry+clinics+in+Burlington+Vermont+VT/@44.4758825,-73.212072,14z",2025-12-16T03:19:50.292Z,
"https://www.google.com/maps/place/Michael+A.+Hoffnung,+DO,+Child+Psychiatrist/data=!4m7!3m6!1s0x4cca7b5e5148eb41:0x50bfb5c7be1f2b69!8m2!3d44.4801784!4d-73.2014269!16s%2Fg%2F11fhvywtpk!19sChIJQetIUV57ykwRaSsfvse1v1A","Michael A. Hoffnung, DO, Child Psychiatrist",,,Psychiatrist,"1 South Prospect Street Arnold, Level 3, Burlington, VT 05401, United States","FQJX+3C Burlington, Vermont, USA",https://www.uvmhealth.org/providers/michael-a-hoffnung-do,+1 802-847-4563,Closed · Opens 8 am Tue,https://lh3.googleusercontent.com/p/AF1QipPMItRWsyEIaBzQCAk896Gd77Gy2dFC_za_hYya=w408-h408-k-no,true,8 am–5 pm,8 am–5 pm,8 am–5 pm,8 am–5 pm,8 am–5 pm,Closed,Closed,"https://www.google.com/maps/search/Psychiatry+clinics+in+Burlington+Vermont+VT/@44.4758825,-73.212072,14z",2025-12-16T03:19:54.617Z,
"https://www.google.com/maps/place/Sarah+E.+Guth,+MD,+Pediatric+Psychiatrist/data=!4m7!3m6!1s0x4cca7a5ea0427f69:0x7f664c04f573217a!8m2!3d44.4802993!4d-73.2014381!16s%2Fg%2F11f0whptqm!19sChIJaX9CoF56ykwReiFz9QRMZn8","Sarah E. Guth, MD, Pediatric Psychiatrist",,,Psychiatrist,"1 South Prospect Street Arnold, Level 3, Burlington, VT 05401, United States","FQJX+4C Burlington, Vermont, USA",https://www.uvmhealth.org/providers/sarah-e-guth-md,+1 802-847-4563,Closed · Opens 8 am Tue,https://streetviewpixels-pa.googleapis.com/v1/thumbnail?panoid=KVFeWYg4YlrFChF9DoXmDg&cb_client=search.gws-prod.gps&w=408&h=240&yaw=180.54607&pitch=0&thumbfov=100,true,8 am–5 pm,8 am–5 pm,8 am–5 pm,8 am–5 pm,8 am–5 pm,Closed,Closed,"https://www.google.com/maps/search/Psychiatry+clinics+in+Burlington+Vermont+VT/@44.4758825,-73.212072,14z",2025-12-16T03:19:58.952Z,
"https://www.google.com/maps/place/Dhruv+Shah,+DO,+Psychiatrist/data=!4m7!3m6!1s0x4cca7b6f301e76a3:0x60e015126759575!8m2!3d44.4802486!4d-73.2008771!16s%2Fg%2F11t87hvr3x!19sChIJo3YeMG97ykwRdZV1JlEBDgY","Dhruv Shah, DO, Psychiatrist",,,Psychiatrist,"1 South Prospect Street Arnold, Level 3, Burlington, VT 05401, United States","FQJX+3J Burlington, Vermont, USA",https://www.uvmhealth.org/providers/dhruv-shah-do,+1 802-847-4563,Closed · Opens 8 am Tue,https://lh3.googleusercontent.com/p/AF1QipOGZ0M3nIjxmuJohhGoGLmqI00y65DeAb4O40cj=w408-h408-k-no,true,8 am–5 pm,8 am–5 pm,8 am–5 pm,8 am–5 pm,8 am–5 pm,Closed,Closed,"https://www.google.com/maps/search/Psychiatry+clinics+in+Burlington+Vermont+VT/@44.4758825,-73.212072,14z",2025-12-16T03:20:03.257Z,
"https://www.google.com/maps/place/Dr.+Sandra+Steingard,+MD/data=!4m7!3m6!1s0x4cca7ba5d00ab621:0x50222af3ad4b42c8!8m2!3d44.4557963!4d-73.2152166!16s%2Fg%2F1tdc07zj!19sChIJIbYK0KV7ykwRyEJLrfMqIlA","Dr. Sandra Steingard, MD",,,Psychiatrist,"300 Flynn Ave, Burlington, VT 05401, United States","FQ4M+8W Burlington, Vermont, USA",,+1 802-488-6100,,https://streetviewpixels-pa.googleapis.com/v1/thumbnail?panoid=LyEM0rqasb0W5XjtSyMtDw&cb_client=search.gws-prod.gps&w=408&h=240&yaw=31.13487&pitch=0&thumbfov=100,false,,,,,,,,"https://www.google.com/maps/search/Psychiatry+clinics+in+Burlington+Vermont+VT/@44.4758825,-73.212072,14z",2025-12-16T03:20:05.485Z,
"https://www.google.com/maps/place/Bradley+V+Watts,+MD,+Psychiatrist/data=!4m7!3m6!1s0x4cca7bd1f5d570db:0xfef4860edf40fdee!8m2!3d44.4791237!4d-73.1945985!16s%2Fg%2F11w1lr8c18!19sChIJ23DV9dF7ykwR7v1A3w6G9P4","Bradley V Watts, MD, Psychiatrist",,,Psychiatrist,"Main Campus, Patrick, 111 Colchester Ave Level 4, Burlington, VT 05401, United States","FRH4+J5 Burlington, Vermont, USA",https://www.uvmhealth.org/providers/bradley-v-watts-md,+1 802-847-4727,Closed · Opens 8 am Tue,https://streetviewpixels-pa.googleapis.com/v1/thumbnail?panoid=hOd_mmKmB_yvzS4CpD6Z1w&cb_client=search.gws-prod.gps&w=408&h=240&yaw=282.72058&pitch=0&thumbfov=100,true,8 am–5 pm,8 am–5 pm,8 am–5 pm,8 am–5 pm,8 am–5 pm,Closed,Closed,"https://www.google.com/maps/search/Psychiatry+clinics+in+Burlington+Vermont+VT/@44.4758825,-73.212072,14z",2025-12-16T03:20:09.865Z,
https://www.google.com/maps/place/Autism+Care+Partners/data=!4m7!3m6!1s0x4cca7b11ae65e3c5:0xd4bd97fc9762d35d!8m2!3d44.454822!4d-73.1446445!16s%2Fg%2F11nxpqg9py!19sChIJxeNlrhF7ykwRXdNil_yXvdQ,Autism Care Partners,4.5,2,Mental health clinic,"110 Kimball Ave Ste 125, South Burlington, VT 05403, United States","FV34+W4 South Burlington, Vermont, USA",https://autismcarepartners.com/locations/vermont/burlington-vt/,+1 800-679-3609,Closed · Opens 8 am Tue,https://lh3.googleusercontent.com/p/AF1QipOZc5M1Ov6EHaixHFRwV3JWpEkd1b7psomPbREo=w408-h240-k-no,true,8 am–4 pm,8 am–4 pm,8 am–4 pm,8 am–4 pm,8 am–4 pm,Closed,Closed,"https://www.google.com/maps/search/Psychiatry+clinics+in+Burlington+Vermont+VT/@44.4758825,-73.212072,14z",2025-12-16T03:20:14.334Z,
https://www.google.com/maps/place/Dr.+William+S.+Grass/data=!4m7!3m6!1s0x4cca7af9e20f62f9:0x9ed39ae614efc0a0!8m2!3d44.4764396!4d-73.2153639!16s%2Fg%2F11b5zx6r75!19sChIJ-WIP4vl6ykwRoMDvFOaa054,Dr. William S. Grass,,,Psychiatrist,"118 Pine St, Burlington, VT 05401, United States","FQGM+HV Burlington, Vermont, USA",,+1 802-660-8000,,https://streetviewpixels-pa.googleapis.com/v1/thumbnail?panoid=AMO4a6O5z-qHYzAbjvUSpw&cb_client=search.gws-prod.gps&w=408&h=240&yaw=76.726204&pitch=0&thumbfov=100,false,,,,,,,,"https://www.google.com/maps/search/Psychiatry+clinics+in+Burlington+Vermont+VT/@44.4758825,-73.212072,14z",2025-12-16T03:20:16.552Z,
"https://www.google.com/maps/place/James+L.+Jacobson,+MD,+Psychiatrist/data=!4m7!3m6!1s0x4cca7a5ea078edb5:0x8ce71d1ce88e41df!8m2!3d44.4801647!4d-73.201319!16s%2Fg%2F1vf9b_19!19sChIJte14oF56ykwR30GO6Bwd54w","James L. Jacobson, MD, Psychiatrist",,,Psychiatrist,"1 South Prospect Street Arnold, Level 6, Burlington, VT 05401, United States","FQJX+3F Burlington, Vermont, USA",https://www.uvmhealth.org/providers/james-l-jacobson-md,+1 802-847-4560,Closed · Opens 8 am Tue,https://lh3.googleusercontent.com/p/AF1QipPGXVpbypNNVYcl5r9pWvPRlatctfQ78NfeYBFe=w408-h408-k-no,true,8 am–5 pm,8 am–5 pm,8 am–5 pm,8 am–5 pm,8 am–5 pm,Closed,Closed,"https://www.google.com/maps/search/Psychiatry+clinics+in+Burlington+Vermont+VT/@44.4758825,-73.212072,14z",2025-12-16T03:20:20.990Z,
https://www.google.com/maps/place/The+Space+Within/data=!4m7!3m6!1s0x4cca7b4d5cc4addf:0x920ca8ddfb224720!8m2!3d44.4749296!4d-73.2182952!16s%2Fg%2F11g2wqdd4v!19sChIJ363EXE17ykwRIEci-92oDJI,The Space Within,,,Psychotherapist,"168 Battery St, Burlington, VT 05401, United States","FQFJ+XM Burlington, Vermont, USA",http://thespacewithincounseling.com/,+1 802-613-0982,Closed · Opens 9 am Fri,https://streetviewpixels-pa.googleapis.com/v1/thumbnail?panoid=RhwqT6kdjU3JeihVi8VuJA&cb_client=search.gws-prod.gps&w=408&h=240&yaw=83.6871&pitch=0&thumbfov=100,true,Closed,Closed,Closed,Closed,9 am–5 pm,Closed,Closed,"https://www.google.com/maps/search/Psychiatry+clinics+in+Burlington+Vermont+VT/@44.4758825,-73.212072,14z",2025-12-16T03:20:25.245Z,
https://www.google.com/maps/place/Vermont+Psychotherapy/data=!4m7!3m6!1s0x4cca7b19b689efc7:0x56e4b02c62732307!8m2!3d44.4768051!4d-73.2149876!16s%2Fg%2F11gj_l7ds_!19sChIJx--Jthl7ykwRByNzYiyw5FY,Vermont Psychotherapy,,,Psychologist,"125 College St, Burlington, VT 05401, United States","FQGP+P2 Burlington, Vermont, USA",http://www.vermontpsychotherapy.com/,+1 802-233-0167,,https://streetviewpixels-pa.googleapis.com/v1/thumbnail?panoid=N6Aqr3uy3tbdBIyq13zMgg&cb_client=search.gws-prod.gps&w=408&h=240&yaw=180.79678&pitch=0&thumbfov=100,true,,,,,,,,"https://www.google.com/maps/search/Psychiatry+clinics+in+Burlington+Vermont+VT/@44.4758825,-73.212072,14z",2025-12-16T03:20:27.423Z,
"https://www.google.com/maps/place/Pamela+J.+Swift,+PhD,+Clinical+Psychologist/data=!4m7!3m6!1s0x4cca7b9d01c5da6f:0xbb8b7f77e228ae15!8m2!3d44.4801784!4d-73.2014269!16s%2Fg%2F11f9wnj895!19sChIJb9rFAZ17ykwRFa4o4nd_i7s","Pamela J. Swift, PhD, Clinical Psychologist",,,Psychiatrist,"1 South Prospect Street Arnold, Level 3, Burlington, VT 05401, United States","FQJX+3C Burlington, Vermont, USA",https://www.uvmhealth.org/providers/pamela-j-swift-phd,+1 802-847-4563,Closed · Opens 8 am Tue,https://lh3.googleusercontent.com/p/AF1QipP9jMD2PDbEt25zwiDIFESawXrmIs5SCavSDoU=w408-h408-k-no,true,8 am–5 pm,8 am–5 pm,8 am–5 pm,8 am–5 pm,8 am–5 pm,Closed,Closed,"https://www.google.com/maps/search/Psychiatry+clinics+in+Burlington+Vermont+VT/@44.4758825,-73.212072,14z",2025-12-16T03:20:31.774Z,
https://www.google.com/maps/place/University+of+Vermont+Behavior+Therapy+%26+Psychotherapy+Center/data=!4m7!3m6!1s0x4cca7a5c266add0f:0x78ec143102de92eb!8m2!3d44.4810172!4d-73.2002631!16s%2Fg%2F1trxjxd0!19sChIJD91qJlx6ykwR65LeAjEU7Hg,University of Vermont Behavior Therapy & Psychotherapy Center,,,Psychotherapist,"2 Colchester Ave, Burlington, VT 05405, United States","FQJX+CV Burlington, Vermont, USA",https://www.uvm.edu/psychology/?Page=btpc/btpc_overview.html,+1 802-656-2661,,https://streetviewpixels-pa.googleapis.com/v1/thumbnail?panoid=xHSSZKX80b2v6rrBpU7Anw&cb_client=search.gws-prod.gps&w=408&h=240&yaw=191.2856&pitch=0&thumbfov=100,false,,,,,,,,"https://www.google.com/maps/search/Psychiatry+clinics+in+Burlington+Vermont+VT/@44.4758825,-73.212072,14z",2025-12-16T03:20:34.352Z,
"https://www.google.com/maps/place/Jeremiah+E.+Dickerson,+MD,+Child+Psychiatrist/data=!4m7!3m6!1s0x4cca7a5ea078edb5:0x9ccbcb52f38a26c6!8m2!3d44.4802267!4d-73.201319!16s%2Fg%2F1tmz6kfd!19sChIJte14oF56ykwRxiaK81LLy5w","Jeremiah E. Dickerson, MD, Child Psychiatrist",,,Psychiatrist,"1 South Prospect Street Arnold, Level 3, Burlington, VT 05401, United States","FQJX+3F Burlington, Vermont, USA",https://www.uvmhealth.org/providers/jeremiah-e-dickerson-md,+1 802-847-4563,Closed · Opens 8 am Tue,https://lh3.googleusercontent.com/p/AF1QipPK5t7Z_sHfjnj1qtM3gFyfD2MLeBK-KAZ_jUy-=w408-h408-k-no,true,8 am–5 pm,8 am–5 pm,8 am–5 pm,8 am–5 pm,8 am–5 pm,Closed,Closed,"https://www.google.com/maps/search/Psychiatry+clinics+in+Burlington+Vermont+VT/@44.4758825,-73.212072,14z",2025-12-16T03:20:38.733Z,
"https://www.google.com/maps/place/James+E.+Edwards,+MD,+Psychiatrist/data=!4m7!3m6!1s0x4cca7b9bf143c431:0x43e58a08e2a7f17a!8m2!3d44.4802317!4d-73.201291!16s%2Fg%2F11sr6tdt74!19sChIJMcRD8Zt7ykwRevGn4giK5UM","James E. Edwards, MD, Psychiatrist",,,Doctor,"1 South Prospect Street Arnold, Level 3, Burlington, VT 05401, United States","FQJX+3F Burlington, Vermont, USA",https://www.uvmhealth.org/providers/james-e-edwards-md,+1 802-847-4563,"Closed · Opens 8 am Tue

Confirmed by this business 11 weeks ago",https://lh3.googleusercontent.com/p/AF1QipN6WWYcRCnGhqZFW4sUP60vDNCzh_r7j2viNsZD=w408-h408-k-no,true,8 am–5 pm,8 am–5 pm,8 am–5 pm,8 am–5 pm,8 am–5 pm,Closed,Closed,"https://www.google.com/maps/search/Psychiatry+clinics+in+Burlington+Vermont+VT/@44.4758825,-73.212072,14z",2025-12-16T03:20:43.081Z,
"https://www.google.com/maps/place/William+T.+Horn,+MD,+Psychiatrist/data=!4m7!3m6!1s0x4cca7a433a19d675:0x16b42d491612a70c!8m2!3d44.479028!4d-73.194182!16s%2Fg%2F11c3l81wzm!19sChIJddYZOkN6ykwRDKcSFkkttBY","William T. Horn, MD, Psychiatrist",,,Psychiatrist,"111 Colchester Avenue Main Campus, Patrick, Level 4, Burlington, VT 05401, United States","FRH4+J8 Burlington, Vermont, USA",https://www.uvmhealth.org/medcenter/find-medical-providers,+1 802-847-0552,Closed · Opens 8 am Tue,https://streetviewpixels-pa.googleapis.com/v1/thumbnail?panoid=hOd_mmKmB_yvzS4CpD6Z1w&cb_client=search.gws-prod.gps&w=408&h=240&yaw=278.58035&pitch=0&thumbfov=100,true,8 am–5 pm,8 am–5 pm,8 am–5 pm,8 am–5 pm,8 am–5 pm,Closed,Closed,"https://www.google.com/maps/search/Psychiatry+clinics+in+Burlington+Vermont+VT/@44.4758825,-73.212072,14z",2025-12-16T03:20:47.395Z,
"https://www.google.com/maps/place/Brady+J.+Heward,+MD,+Psychiatrist/data=!4m7!3m6!1s0x4cca7b4d71bd46fb:0xa3fd3ce7cf664587!8m2!3d44.4790648!4d-73.1945849!16s%2Fg%2F11p_7mb2_q!19sChIJ-0a9cU17ykwRh0Vmz-c8_aM","Brady J. Heward, MD, Psychiatrist",,,Psychiatrist,"Main Campus, Patrick, 111 Colchester Ave Level 4, Burlington, VT 05401, United States","FRH4+J5 Burlington, Vermont, USA",https://www.uvmhealth.org/providers/brady-j-heward-md,+1 802-847-4727,Closed · Opens 8 am Tue,https://streetviewpixels-pa.googleapis.com/v1/thumbnail?panoid=hOd_mmKmB_yvzS4CpD6Z1w&cb_client=search.gws-prod.gps&w=408&h=240&yaw=278.0296&pitch=0&thumbfov=100,true,8 am–5 pm,8 am–5 pm,8 am–5 pm,8 am–5 pm,8 am–5 pm,Closed,Closed,"https://www.google.com/maps/search/Psychiatry+clinics+in+Burlington+Vermont+VT/@44.4758825,-73.212072,14z",2025-12-16T03:20:51.596Z,
"https://www.google.com/maps/place/Abigail+B.+Ryan,+PhD,+Psychiatrist/data=!4m7!3m6!1s0x4cca7b2f7d703be1:0x9b5f59acad95c91f!8m2!3d44.4790648!4d-73.1945849!16s%2Fg%2F11n_yqkbqj!19sChIJ4TtwfS97ykwRH8mVraxZX5s","Abigail B. Ryan, PhD, Psychiatrist",,,Psychologist,"Main Campus, Patrick, 111 Colchester Ave Level 4, Burlington, VT 05401, United States","FRH4+J5 Burlington, Vermont, USA",https://www.uvmhealth.org/providers/abigail-b-ryan-phd,+1 802-847-3634,"Closed · Opens 8 am Tue

Confirmed by this business 11 weeks ago",https://streetviewpixels-pa.googleapis.com/v1/thumbnail?panoid=hOd_mmKmB_yvzS4CpD6Z1w&cb_client=search.gws-prod.gps&w=408&h=240&yaw=278.0296&pitch=0&thumbfov=100,true,8 am–5 pm,8 am–5 pm,8 am–5 pm,8 am–5 pm,8 am–5 pm,Closed,Closed,"https://www.google.com/maps/search/Psychiatry+clinics+in+Burlington+Vermont+VT/@44.4758825,-73.212072,14z",2025-12-16T03:20:56.027Z,
"https://www.google.com/maps/place/Addiction+Treatment+Center,+University+of+Vermont+Medical+Center/data=!4m7!3m6!1s0x4cca7a5ea078ed31:0x5c013bd9064c76e2!8m2!3d44.480249!4d-73.201357!16s%2Fg%2F1hm4cym8g!19sChIJMe14oF56ykwR4nZMBtk7AVw","Addiction Treatment Center, University of Vermont Medical Center",,,Addiction treatment center,"1 South Prospect Street St. Joseph, Level 3, Burlington, VT 05401, United States","FQJX+3F Burlington, Vermont, USA",https://www.uvmhealth.org/locations/addiction-treatment-center-university-of-vermont-medical-center,+1 802-847-3333,Closed · Opens 8 am Tue,https://lh3.googleusercontent.com/p/AF1QipML2358ChIJffRbjTfQ4mKoQhsOhQyId46tSRq0=w408-h408-k-no,true,8 am–5 pm,8 am–5 pm,8 am–5 pm,8 am–5 pm,8 am–5 pm,Closed,Closed,"https://www.google.com/maps/search/Psychiatry+clinics+in+Burlington+Vermont+VT/@44.4758825,-73.212072,14z",2025-12-16T03:21:00.530Z,
"https://www.google.com/maps/place/Dr.+Gary+A.+Keller,+MD/data=!4m7!3m6!1s0x4cca7af06bf2fec9:0x50c4eeb430f11c6f!8m2!3d44.4782016!4d-73.2201623!16s%2Fg%2F1tdgzxw8!19sChIJyf7ya_B6ykwRbxzxMLTuxFA","Dr. Gary A. Keller, MD",,,Psychiatrist,"86 Lake St, Burlington, VT 05401, United States","FQHH+7W Burlington, Vermont, USA",http://www.ottercreekassociates.com/,+1 802-865-3450,,https://streetviewpixels-pa.googleapis.com/v1/thumbnail?panoid=W9k5LWa9Rbdgh18wsDjstg&cb_client=search.gws-prod.gps&w=408&h=240&yaw=64.35956&pitch=0&thumbfov=100,false,,,,,,,,"https://www.google.com/maps/search/Psychiatry+clinics+in+Burlington+Vermont+VT/@44.4758825,-73.212072,14z",2025-12-16T03:21:02.765Z,
"https://www.google.com/maps/place/Colleen+Victor,+MD,+Child+Psychiatrist/data=!4m7!3m6!1s0x4cca7a5ea103af49:0xe2dbd9c86b9896d6!8m2!3d44.4802991!4d-73.2013497!16s%2Fg%2F11ss_43b74!19sChIJSa8DoV56ykwR1paYa8jZ2-I","Colleen Victor, MD, Child Psychiatrist",,,Psychiatrist,"1 South Prospect Street Arnold, Level 3, Burlington, VT 05401, United States","FQJX+4F Burlington, Vermont, USA",https://www.uvmhealth.org/providers/colleen-victor-md,+1 802-847-4563,Closed · Opens 8 am Tue,https://lh3.googleusercontent.com/p/AF1QipOS1PbK6Jfcaycu99uFH9gLmGe1KWRrzeyH0ODX=w408-h408-k-no,true,8 am–5 pm,8 am–5 pm,8 am–5 pm,8 am–5 pm,8 am–5 pm,Closed,Closed,"https://www.google.com/maps/search/Psychiatry+clinics+in+Burlington+Vermont+VT/@44.4758825,-73.212072,14z",2025-12-16T03:21:07.082Z,
"https://www.google.com/maps/place/Sara+E.+Pawlowski,+MD,+Psychiatrist/data=!4m7!3m6!1s0x4cca79a9fc706b4d:0x673c2e3147fe96f0!8m2!3d44.453338!4d-73.1682429!16s%2Fg%2F11r_x_v9tq!19sChIJTWtw_Kl5ykwR8Jb-RzEuPGc","Sara E. Pawlowski, MD, Psychiatrist",,,Psychiatrist,"3 Timber Ln, South Burlington, VT 05403, United States","FR3J+8P South Burlington, Vermont, USA",https://www.uvmhealth.org/providers/sara-e-pawlowski-md,+1 802-847-8500,Closed · Opens 8 am Tue,https://lh3.googleusercontent.com/p/AF1QipM2Kmu6pJzEQkfi3H1cvooyzctp5-lUnpb1YIw2=w408-h408-k-no,true,8 am–5 pm,8 am–5 pm,8 am–5 pm,8 am–5 pm,8 am–5 pm,Closed,Closed,"https://www.google.com/maps/search/Psychiatry+clinics+in+Burlington+Vermont+VT/@44.4758825,-73.212072,14z",2025-12-16T03:21:11.328Z,
https://www.google.com/maps/place/Networks+Inc:+Psychotherapy+%26+Consultation/data=!4m7!3m6!1s0x4cca7af6f6bdfe0f:0x5eaa3581847d4851!8m2!3d44.4769015!4d-73.2149952!16s%2Fg%2F1td5fr7y!19sChIJD_699vZ6ykwRUUh9hIE1ql4,Networks Inc: Psychotherapy & Consultation,3.7,3,Counselor,"125 College St 3rd floor, Burlington, VT 05401, United States","FQGP+Q2 Burlington, Vermont, USA",http://www.networksvt.org/,+1 802-863-2495,Closed · Opens 8 am Tue,https://streetviewpixels-pa.googleapis.com/v1/thumbnail?panoid=fh3l-3L8VtZYEDfOv4wL9g&cb_client=search.gws-prod.gps&w=408&h=240&yaw=222.84354&pitch=0&thumbfov=100,true,8 am–8 pm,8 am–8 pm,8 am–8 pm,8 am–8 pm,8 am–8 pm,Closed,Closed,"https://www.google.com/maps/search/Psychiatry+clinics+in+Burlington+Vermont+VT/@44.4758825,-73.212072,14z",2025-12-16T03:21:15.669Z,
https://www.google.com/maps/place/Associates+In+Psychology/data=!4m7!3m6!1s0x4cca7a565c8a199b:0x4819b816881e5f81!8m2!3d44.4724029!4d-73.2098255!16s%2Fg%2F1tfpjfqq!19sChIJmxmKXFZ6ykwRgV8eiBa4GUg,Associates In Psychology,,,Psychologist,"92 Adams St, Burlington, VT 05401, United States","FQCR+X3 Burlington, Vermont, USA",https://www.associatesinpsychologyvt.com/,+1 802-863-6114,,https://streetviewpixels-pa.googleapis.com/v1/thumbnail?panoid=-aXMKHK6h3YEjq5LQgHg_w&cb_client=search.gws-prod.gps&w=408&h=240&yaw=9.001429&pitch=0&thumbfov=100,false,,,,,,,,"https://www.google.com/maps/search/Psychiatry+clinics+in+Burlington+Vermont+VT/@44.4758825,-73.212072,14z",2025-12-16T03:21:18.060Z,
"https://www.google.com/maps/place/Dr.+Paul+G.+Cotton,+MD/data=!4m7!3m6!1s0x4cca7a5ea2b7d7c7:0x83a1edbb09283a01!8m2!3d44.475099!4d-73.2049798!16s%2Fg%2F1tdlgxt4!19sChIJx9e3ol56ykwRATooCbvtoYM","Dr. Paul G. Cotton, MD",,,Psychiatrist,"186 S Willard St, Burlington, VT 05401, United States","FQGW+22 Burlington, Vermont, USA",http://www.uvm.edu/,+1 802-656-3350,,https://streetviewpixels-pa.googleapis.com/v1/thumbnail?panoid=LVJgqDNlBJArYHyFhoQs0Q&cb_client=search.gws-prod.gps&w=408&h=240&yaw=94.490944&pitch=0&thumbfov=100,false,,,,,,,,"https://www.google.com/maps/search/Psychiatry+clinics+in+Burlington+Vermont+VT/@44.4758825,-73.212072,14z",2025-12-16T03:21:20.432Z,
"https://www.google.com/maps/place/Robert+A.+Pierattini,+MD,+Psychiatrist/data=!4m7!3m6!1s0x4cca7a5ea078edb5:0xe6fa3fe64cd0a36e!8m2!3d44.4801647!4d-73.201319!16s%2Fg%2F1tzgj7rs!19sChIJte14oF56ykwRbqPQTOY_-uY","Robert A. Pierattini, MD, Psychiatrist",,,Psychiatrist,"1 South Prospect Street Arnold, Level 6, Burlington, VT 05401, United States","FQJX+3F Burlington, Vermont, USA",https://www.uvmhealth.org/providers/robert-a-pierattini-md,+1 802-847-4560,"Closed · Opens 8 am Tue

Confirmed by this business 11 weeks ago",https://lh3.googleusercontent.com/p/AF1QipN0R_rGOB4OsdDAtqNbgO6v7VF3DiMAuYMCAhcN=w408-h408-k-no,true,8 am–5 pm,8 am–5 pm,8 am–5 pm,8 am–5 pm,8 am–5 pm,Closed,Closed,"https://www.google.com/maps/search/Psychiatry+clinics+in+Burlington+Vermont+VT/@44.4758825,-73.212072,14z",2025-12-16T03:21:24.785Z,
"https://www.google.com/maps/place/Elizabeth+B.+May,+MD,+MPH,+Psychiatrist/data=!4m7!3m6!1s0x4cca7bf9f39d9f91:0x5e5581571ecd202e!8m2!3d44.4797518!4d-73.193931!16s%2Fg%2F11kt1ww0c3!19sChIJkZ-d8_l7ykwRLiDNHleBVV4","Elizabeth B. May, MD, MPH, Psychiatrist",,,Psychiatrist,"Main Campus, Patrick, 111 Colchester Ave Level 4, Burlington, VT 05401, United States","FRH4+WC Burlington, Vermont, USA",https://www.uvmhealth.org/medcenter/provider/elizabeth-b-may-md-mph,+1 802-847-4727,Closed · Opens 8 am Tue,https://streetviewpixels-pa.googleapis.com/v1/thumbnail?panoid=hOd_mmKmB_yvzS4CpD6Z1w&cb_client=search.gws-prod.gps&w=408&h=240&yaw=345.4239&pitch=0&thumbfov=100,true,8 am–5 pm,8 am–5 pm,8 am–5 pm,8 am–5 pm,8 am–5 pm,Closed,Closed,"https://www.google.com/maps/search/Psychiatry+clinics+in+Burlington+Vermont+VT/@44.4758825,-73.212072,14z",2025-12-16T03:21:29.120Z,
"https://www.google.com/maps/place/Yasmeen+Abdul-Karim,+MD,+Child+Psychiatrist/data=!4m7!3m6!1s0x4cca7a5ea103af49:0xf8e6feb886dc9f37!8m2!3d44.4801784!4d-73.2014269!16s%2Fg%2F11p07bg6l5!19sChIJSa8DoV56ykwRN5_chrj-5vg","Yasmeen Abdul-Karim, MD, Child Psychiatrist",,,Psychiatrist,"1 South Prospect Street Arnold, Level 3, Burlington, VT 05401, United States",,https://www.uvmhealth.org/providers/yasmeen-abdul-karim-md,+1 802-847-4563,Closed · Opens 8 am Tue,https://lh3.googleusercontent.com/p/AF1QipNEEarnePDC28O21NZ5BRutcJ7QHO3bEoCzgx5F=w408-h408-k-no,true,8 am–5 pm,8 am–5 pm,8 am–5 pm,8 am–5 pm,8 am–5 pm,Closed,Closed,"https://www.google.com/maps/search/Psychiatry+clinics+in+Burlington+Vermont+VT/@44.4758825,-73.212072,14z",2025-12-16T03:21:33.430Z,
"https://www.google.com/maps/place/Heather+Lynch,+MA+Psychologist-Master/data=!4m7!3m6!1s0x4cca7a2f1a26855d:0x4560d51b1ba4d082!8m2!3d44.4602217!4d-73.1536511!16s%2Fg%2F1tk8n6ml!19sChIJXYUmGi96ykwRgtCkGxvVYEU","Heather Lynch, MA Psychologist-Master",4.2,5,Psychologist,"20 Kimball Ave Unit 304, South Burlington, VT 05403, United States","FR6W+3G South Burlington, Vermont, USA",http://heatherlynchpsychologist.blogspot.com/,+1 802-497-3473,,https://streetviewpixels-pa.googleapis.com/v1/thumbnail?panoid=uqnD_Ufa9mu0PmKP0TRsZQ&cb_client=search.gws-prod.gps&w=408&h=240&yaw=55.748383&pitch=0&thumbfov=100,true,,,,,,,,"https://www.google.com/maps/search/Psychiatry+clinics+in+Burlington+Vermont+VT/@44.4758825,-73.212072,14z",2025-12-16T03:21:35.851Z,
"https://www.google.com/maps/place/Eve+G.+Spratt,+MD,+Psychiatrist/data=!4m7!3m6!1s0x4cca7b9e8034ae67:0xc9b785075ccf9934!8m2!3d44.4803111!4d-73.2013064!16s%2Fg%2F11s1t_dn13!19sChIJZ640gJ57ykwRNJnPXAeFt8k","Eve G. Spratt, MD, Psychiatrist",,,Psychiatrist,"1 South Prospect Street Arnold, Level 3, Burlington, VT 05401, United States","FQJX+4F Burlington, Vermont, USA",https://www.uvmhealth.org/providers/eve-g-spratt-md,+1 802-847-4563,Closed · Opens 8 am Tue,https://lh3.googleusercontent.com/p/AF1QipPHQKzbHLP7QzrdbSymITu2a6i7pX9hkS2RW7bD=w408-h408-k-no,true,8 am–5 pm,8 am–5 pm,8 am–5 pm,8 am–5 pm,8 am–5 pm,Closed,Closed,"https://www.google.com/maps/search/Psychiatry+clinics+in+Burlington+Vermont+VT/@44.4758825,-73.212072,14z",2025-12-16T03:21:40.086Z,
https://www.google.com/maps/place/The+Vermont+Flannel+Co./data=!4m7!3m6!1s0x4cca7af6948a4311:0x99f2a3b60503176e!8m2!3d44.478435!4d-73.212406!16s%2Fg%2F1ptwh8_v1!19sChIJEUOKlPZ6ykwRbhcDBbaj8pk,The Vermont Flannel Co.,4.5,97,Clothing store,"72 Church St, Burlington, VT 05401, United States","FQHQ+92 Burlington, Vermont, USA",http://vermontflannel.com/,+1 802-497-2433,"Closed · Opens 10 am Tue

Updated by this business 3 weeks ago",https://lh3.googleusercontent.com/gps-cs-s/AG0ilSw9fr5lTfiGvpj9Hmtsq8ZwebmdlKufZK3UfgUwZgwFaGNuv056wvmb6t4jDUKAYGXCWI7K_E6yRl3eRWAp1QWZDEx7OePPgoevQeDU6JCp61HX8YsMPDf74Y9XQ7Ydm5yyLt7a=w408-h340-k-no,true,10 am–6 pm,10 am–6 pm,10 am–6 pm,10 am–6 pm,10 am–7 pm,10 am–7 pm,10 am–6 pm,"https://www.google.com/maps/search/Psychiatry+clinics+in+Burlington+Vermont+VT/@44.4758825,-73.212072,14z",2025-12-16T03:21:44.671Z,LGBTQ+ friendly
"https://www.google.com/maps/place/Alexander+R.+Dawson,+MD,+Psychiatrist/data=!4m7!3m6!1s0x4cca7b137bae8163:0x28a1ce746aacefba!8m2!3d44.4790994!4d-73.1946209!16s%2Fg%2F11vcjybjb0!19sChIJY4GuexN7ykwRuu-sanTOoSg","Alexander R. Dawson, MD, Psychiatrist",,,Psychiatrist,"Main Campus, Patrick, 111 Colchester Ave Level 4, Burlington, VT 05401, United States","FRH4+J5 Burlington, Vermont, USA",https://www.uvmhealth.org/providers/alexander-r-dawson-md,+1 802-847-4727,Closed · Opens 8 am Tue,https://streetviewpixels-pa.googleapis.com/v1/thumbnail?panoid=hOd_mmKmB_yvzS4CpD6Z1w&cb_client=search.gws-prod.gps&w=408&h=240&yaw=280.51495&pitch=0&thumbfov=100,true,8 am–5 pm,8 am–5 pm,8 am–5 pm,8 am–5 pm,8 am–5 pm,Closed,Closed,"https://www.google.com/maps/search/Psychiatry+clinics+in+Burlington+Vermont+VT/@44.4758825,-73.212072,14z",2025-12-16T03:21:48.872Z,
https://www.google.com/maps/place/Emmons+Robert+S+MD/data=!4m7!3m6!1s0x4cca7a565c8a199b:0x5dadd313664eabc4!8m2!3d44.4724075!4d-73.2098431!16s%2Fg%2F1tfrlz6t!19sChIJmxmKXFZ6ykwRxKtOZhPTrV0,Emmons Robert S MD,,,Psychiatrist,"92 Adams St, Burlington, VT 05401, United States","FQCR+X3 Burlington, Vermont, USA",https://www.robertemmonsmd.us/,+1 802-865-2863,Closed · Opens 9 am Tue,https://streetviewpixels-pa.googleapis.com/v1/thumbnail?panoid=-aXMKHK6h3YEjq5LQgHg_w&cb_client=search.gws-prod.gps&w=408&h=240&yaw=4.3801694&pitch=0&thumbfov=100,true,9 am–5 pm,9 am–5 pm,9 am–5 pm,9 am–5 pm,Closed,Closed,Closed,"https://www.google.com/maps/search/Psychiatry+clinics+in+Burlington+Vermont+VT/@44.4758825,-73.212072,14z",2025-12-16T03:21:53.104Z,
https://www.google.com/maps/place/Noel+Warwick/data=!4m7!3m6!1s0x4cca7af06b93ffff:0x51b2cdcb7e2370e0!8m2!3d44.4782016!4d-73.2201623!16s%2Fg%2F11sd2y6y6d!19sChIJ__-Ta_B6ykwR4HAjfsvNslE,Noel Warwick,,,Psychiatrist,"86 Lake St, Burlington, VT 05401, United States","FQHH+7W Burlington, Vermont, USA",,+1 802-865-3450,,https://streetviewpixels-pa.googleapis.com/v1/thumbnail?panoid=W9k5LWa9Rbdgh18wsDjstg&cb_client=search.gws-prod.gps&w=408&h=240&yaw=64.35956&pitch=0&thumbfov=100,false,,,,,,,,"https://www.google.com/maps/search/Psychiatry+clinics+in+Burlington+Vermont+VT/@44.4758825,-73.212072,14z",2025-12-16T03:21:55.393Z,
"https://www.google.com/maps/place/Patricia+A.+Fintak,+MD,+Psychiatrist/data=!4m7!3m6!1s0x4cca7b9d2536785f:0xbb705e8b4683b660!8m2!3d44.4791178!4d-73.1940947!16s%2Fg%2F11sx0mvlr0!19sChIJX3g2JZ17ykwRYLaDRotecLs","Patricia A. Fintak, MD, Psychiatrist",,,Psychiatrist,"Main Campus, Patrick, 111 Colchester Ave Level 4, Burlington, VT 05401, United States","FRH4+J9 Burlington, Vermont, USA",https://www.uvmhealth.org/providers/patricia-a-fintak-md,+1 802-847-4727,"Closed · Opens 8 am Tue

Confirmed by this business 11 weeks ago",https://streetviewpixels-pa.googleapis.com/v1/thumbnail?panoid=hOd_mmKmB_yvzS4CpD6Z1w&cb_client=search.gws-prod.gps&w=408&h=240&yaw=294.74332&pitch=0&thumbfov=100,true,8 am–5 pm,8 am–5 pm,8 am–5 pm,8 am–5 pm,8 am–5 pm,Closed,Closed,"https://www.google.com/maps/search/Psychiatry+clinics+in+Burlington+Vermont+VT/@44.4758825,-73.212072,14z",2025-12-16T03:21:59.664Z,
"https://www.google.com/maps/place/Michael+Hernandez,+MD,+Pediatric+Psychiatrist/data=!4m7!3m6!1s0x4cca7b7025eff803:0x87dcd2712ca32538!8m2!3d44.4795484!4d-73.1940535!16s%2Fg%2F11vcnffv4w!19sChIJA_jvJXB7ykwROCWjLHHS3Ic","Michael Hernandez, MD, Pediatric Psychiatrist",,,Psychiatrist,"1 S Prospect St Level 3, Burlington, VT 05401, United States","FRH4+R9 Burlington, Vermont, USA",https://www.uvmhealth.org/providers/michael-j-hernandez-md,+1 802-847-4696,Closed · Opens 8 am Tue,https://streetviewpixels-pa.googleapis.com/v1/thumbnail?panoid=hOd_mmKmB_yvzS4CpD6Z1w&cb_client=search.gws-prod.gps&w=408&h=240&yaw=333.31012&pitch=0&thumbfov=100,true,8 am–5 pm,8 am–5 pm,8 am–5 pm,8 am–5 pm,8 am–5 pm,Closed,Closed,"https://www.google.com/maps/search/Psychiatry+clinics+in+Burlington+Vermont+VT/@44.4758825,-73.212072,14z",2025-12-16T03:22:03.925Z,
"https://www.google.com/maps/place/Elizabeth+B.+May,+MD,+MPH,+Psychiatrist/data=!4m7!3m6!1s0x4cca7bec590f35e3:0xff0489917cc708d!8m2!3d44.4797747!4d-73.2007833!16s%2Fg%2F11sj729glb!19sChIJ4zUPWex7ykwRjXDMF5lI8A8","Elizabeth B. May, MD, MPH, Psychiatrist",,,Psychiatrist,"1 South Prospect Street St. Joseph, Level 6, Burlington, VT 05401, United States","FQHX+WM Burlington, Vermont, USA",https://www.uvmhealth.org/medcenter/provider/elizabeth-b-may-md-mph,+1 802-847-3333,Closed · Opens 8 am Tue,https://streetviewpixels-pa.googleapis.com/v1/thumbnail?panoid=h9xZ-uef87TGMeU0mT80Hg&cb_client=search.gws-prod.gps&w=408&h=240&yaw=267.73846&pitch=0&thumbfov=100,true,8 am–4:30 pm,8 am–4:30 pm,8 am–4:30 pm,8 am–4:30 pm,8 am–4:30 pm,Closed,Closed,"https://www.google.com/maps/search/Psychiatry+clinics+in+Burlington+Vermont+VT/@44.4758825,-73.212072,14z",2025-12-16T03:22:08.399Z,
"https://www.google.com/maps/place/Samuel+A.+Evenson,+MD,+Psychiatrist/data=!4m7!3m6!1s0x4cca7b51d4157c55:0xcb0fbc48440f966f!8m2!3d44.4790648!4d-73.1945849!16s%2Fg%2F11js4d9m22!19sChIJVXwV1FF7ykwRb5YPREi8D8s","Samuel A. Evenson, MD, Psychiatrist",,,Psychiatrist,"Main Campus, Patrick, 111 Colchester Ave Level 4, Burlington, VT 05401, United States","FRH4+J5 Burlington, Vermont, USA",https://www.uvmhealth.org/providers/samuel-a-evenson-md,+1 802-847-4727,"Closed · Opens 8 am Tue

Confirmed by this business 11 weeks ago",https://streetviewpixels-pa.googleapis.com/v1/thumbnail?panoid=hOd_mmKmB_yvzS4CpD6Z1w&cb_client=search.gws-prod.gps&w=408&h=240&yaw=278.0296&pitch=0&thumbfov=100,true,8 am–5 pm,8 am–5 pm,8 am–5 pm,8 am–5 pm,8 am–5 pm,Closed,Closed,"https://www.google.com/maps/search/Psychiatry+clinics+in+Burlington+Vermont+VT/@44.4758825,-73.212072,14z",2025-12-16T03:22:12.836Z,
https://www.google.com/maps/place/Allison+Brandt/data=!4m7!3m6!1s0x4cca7ba5d00ab621:0x77f9c01379ff48c9!8m2!3d44.4557963!4d-73.2152166!16s%2Fg%2F11qgb78rtb!19sChIJIbYK0KV7ykwRyUj_eRPA-Xc,Allison Brandt,,,Psychiatrist,"300 Flynn Ave, Burlington, VT 05401, United States","FQ4M+8W Burlington, Vermont, USA",,+1 802-488-6000,,https://streetviewpixels-pa.googleapis.com/v1/thumbnail?panoid=LyEM0rqasb0W5XjtSyMtDw&cb_client=search.gws-prod.gps&w=408&h=240&yaw=31.13487&pitch=0&thumbfov=100,false,,,,,,,,"https://www.google.com/maps/search/Psychiatry+clinics+in+Burlington+Vermont+VT/@44.4758825,-73.212072,14z",2025-12-16T03:22:14.963Z,
"https://www.google.com/maps/place/Sanchit+Maruti,+MD,+Psychiatrist/data=!4m7!3m6!1s0x4cca7a433910c051:0x5660c9f6a1c7dfe3!8m2!3d44.4790648!4d-73.1945849!16s%2Fg%2F11gbf842sd!19sChIJUcAQOUN6ykwR49_HofbJYFY","Sanchit Maruti, MD, Psychiatrist",,,Psychiatrist,"Main Campus, Patrick, 111 Colchester Ave Level 4, Burlington, VT 05401, United States","FRH4+J5 Burlington, Vermont, USA",https://www.uvmhealth.org/providers/sanchit-maruti-md,+1 802-847-4727,"Closed · Opens 8 am Tue

Confirmed by this business 11 weeks ago",https://streetviewpixels-pa.googleapis.com/v1/thumbnail?panoid=hOd_mmKmB_yvzS4CpD6Z1w&cb_client=search.gws-prod.gps&w=408&h=240&yaw=278.0296&pitch=0&thumbfov=100,true,8 am–5 pm,8 am–5 pm,8 am–5 pm,8 am–5 pm,8 am–5 pm,Closed,Closed,"https://www.google.com/maps/search/Psychiatry+clinics+in+Burlington+Vermont+VT/@44.4758825,-73.212072,14z",2025-12-16T03:22:19.391Z,
https://www.google.com/maps/place/Psychiatry:+Vines+Derek+G+MD/data=!4m7!3m6!1s0x4cca7ba5d00ab621:0xcfaba30d683028d6!8m2!3d44.4557963!4d-73.2152166!16s%2Fg%2F1tkn_dsz!19sChIJIbYK0KV7ykwR1igwaA2jq88,Psychiatry: Vines Derek G MD,,,Psychiatrist,"300 Flynn Ave, Burlington, VT 05401, United States","FQ4M+8W Burlington, Vermont, USA",,+1 802-488-6200,,https://streetviewpixels-pa.googleapis.com/v1/thumbnail?panoid=LyEM0rqasb0W5XjtSyMtDw&cb_client=search.gws-prod.gps&w=408&h=240&yaw=31.13487&pitch=0&thumbfov=100,false,,,,,,,,"https://www.google.com/maps/search/Psychiatry+clinics+in+Burlington+Vermont+VT/@44.4758825,-73.212072,14z",2025-12-16T03:22:21.683Z,
"https://www.google.com/maps/place/Dr.+Maria+L.+Novas-Schmidt,+MD/data=!4m7!3m6!1s0x4cca7af06bf2fec9:0xa399feaa086f7eac!8m2!3d44.478172!4d-73.2201429!16s%2Fg%2F1vtzgv6m!19sChIJyf7ya_B6ykwRrH5vCKr-maM","Dr. Maria L. Novas-Schmidt, MD",,,Psychiatrist,"86 Lake St # 2, Burlington, VT 05401, United States","FQHH+7W Burlington, Vermont, USA",http://www.ottercreekassociates.com/,+1 802-865-3450,,https://streetviewpixels-pa.googleapis.com/v1/thumbnail?panoid=W9k5LWa9Rbdgh18wsDjstg&cb_client=search.gws-prod.gps&w=408&h=240&yaw=75.54759&pitch=0&thumbfov=100,false,,,,,,,,"https://www.google.com/maps/search/Psychiatry+clinics+in+Burlington+Vermont+VT/@44.4758825,-73.212072,14z",2025-12-16T03:22:23.858Z,
"https://www.google.com/maps/place/Elizabeth+Kingsley+Pierson,+MD/data=!4m7!3m6!1s0x4cca7a434108da9f:0xa3c73d94d2d86ca4!8m2!3d44.479028!4d-73.193924!16s%2Fg%2F11bydkvdxx!19sChIJn9oIQUN6ykwRpGzY0pQ9x6M","Elizabeth Kingsley Pierson, MD",,,Psychiatrist,"Patrick Main Campus, 111 Colchester Ave, Burlington, VT 05401, United States","FRH4+JC Burlington, Vermont, USA",,+1 802-847-0552,,https://streetviewpixels-pa.googleapis.com/v1/thumbnail?panoid=hOd_mmKmB_yvzS4CpD6Z1w&cb_client=search.gws-prod.gps&w=408&h=240&yaw=286.22552&pitch=0&thumbfov=100,true,,,,,,,,"https://www.google.com/maps/search/Psychiatry+clinics+in+Burlington+Vermont+VT/@44.4758825,-73.212072,14z",2025-12-16T03:22:26.172Z,
https://www.google.com/maps/place/Howard+Center/data=!4m7!3m6!1s0x4cca7ba5d00ab621:0x6f749ce13033c5d1!8m2!3d44.4557963!4d-73.2152166!16s%2Fg%2F1tcv5ykp!19sChIJIbYK0KV7ykwR0cUzMOGcdG8,Howard Center,2.0,2,Mental health service,"300 Flynn Ave, Burlington, VT 05401, United States","FQ4M+8W Burlington, Vermont, USA",https://howardcenter.org/,+1 802-488-6200,,https://streetviewpixels-pa.googleapis.com/v1/thumbnail?panoid=LyEM0rqasb0W5XjtSyMtDw&cb_client=search.gws-prod.gps&w=408&h=240&yaw=31.13487&pitch=0&thumbfov=100,true,,,,,,,,"https://www.google.com/maps/search/Psychiatry+clinics+in+Burlington+Vermont+VT/@44.4758825,-73.212072,14z",2025-12-16T03:22:28.819Z,
"https://www.google.com/maps/place/Dr.+Sara+Pawlowski/@44.4801784,-73.2014269,17z/data=!3m1!4b1!4m6!3m5!1s0x4cca7a5ea103af49:0xbfcd7093ccbc2a5d!8m2!3d44.4801784!4d-73.2014269!16s%2Fg%2F11p07bfr87",Dr. Sara Pawlowski,,,Psychiatrist,"1 S Prospect St, Burlington, VT 05401, United States",,,+1 802-847-4560,,,false,,,,,,,,"https://www.google.com/maps/search/Psychiatry+clinics+in+Burlington+Vermont+VT/@44.4758825,-73.212072,14z",2025-12-16T03:22:33.018Z,
https://www.google.com/maps/place/Dustin+Dippen/data=!4m7!3m6!1s0x4cca7aff44259673:0x760584b0d590e7b5!8m2!3d44.4708971!4d-73.2145667!16s%2Fg%2F11tn6kpbj6!19sChIJc5YlRP96ykwRteeQ1bCEBXY,Dustin Dippen,,,Psychiatrist,"7 Kilburn St, Burlington, VT 05401, United States","FQCP+95 Burlington, Vermont, USA",,+1 802-316-8116,,https://streetviewpixels-pa.googleapis.com/v1/thumbnail?panoid=SfebKgCljgomk6bKrLhCiw&cb_client=search.gws-prod.gps&w=408&h=240&yaw=187.01456&pitch=0&thumbfov=100,false,,,,,,,,"https://www.google.com/maps/search/Psychiatry+clinics+in+Burlington+Vermont+VT/@44.4758825,-73.212072,14z",2025-12-16T03:22:35.201Z,
"https://www.google.com/maps/place/Dr.+Michael+D.+Upton,+MD/data=!4m7!3m6!1s0x4cca7af06bf2fec9:0xddf16f88cb1fee9c!8m2!3d44.478172!4d-73.2201429!16s%2Fg%2F1td002xj!19sChIJyf7ya_B6ykwRnO4fy4hv8d0","Dr. Michael D. Upton, MD",,,Psychiatrist,"86 Lake St # 2, Burlington, VT 05401, United States","FQHH+7W Burlington, Vermont, USA",,+1 802-865-3450,,https://streetviewpixels-pa.googleapis.com/v1/thumbnail?panoid=W9k5LWa9Rbdgh18wsDjstg&cb_client=search.gws-prod.gps&w=408&h=240&yaw=75.54759&pitch=0&thumbfov=100,false,,,,,,,,"https://www.google.com/maps/search/Psychiatry+clinics+in+Burlington+Vermont+VT/@44.4758825,-73.212072,14z",2025-12-16T03:22:37.417Z,
"https://www.google.com/maps/place/Dr.+Holliday+K.+Rayfield,+MD/data=!4m7!3m6!1s0x4cca7af06bf2fec9:0x555fd1ef57aad9e5!8m2!3d44.4782016!4d-73.2201623!16s%2Fg%2F1tg7rn1n!19sChIJyf7ya_B6ykwR5dmqV-_RX1U","Dr. Holliday K. Rayfield, MD",,,Psychiatrist,"86 Lake St, Burlington, VT 05401, United States","FQHH+7W Burlington, Vermont, USA",http://www.ottercreekassociates.com/,+1 802-865-3450,,https://streetviewpixels-pa.googleapis.com/v1/thumbnail?panoid=W9k5LWa9Rbdgh18wsDjstg&cb_client=search.gws-prod.gps&w=408&h=240&yaw=64.35956&pitch=0&thumbfov=100,false,,,,,,,,"https://www.google.com/maps/search/Psychiatry+clinics+in+Burlington+Vermont+VT/@44.4758825,-73.212072,14z",2025-12-16T03:22:39.941Z,
"https://www.google.com/maps/place/Geraldine+Oppedisano,+PHD/data=!4m7!3m6!1s0x4cca7afa31a9e13d:0xd4e54f472164aae8!8m2!3d44.4750526!4d-73.2183747!16s%2Fg%2F1tt1gvfp!19sChIJPeGpMfp6ykwR6KpkIUdP5dQ","Geraldine Oppedisano, PHD",,,Psychologist,"166 Battery St, Burlington, VT 05401, United States","FQGJ+2M Burlington, Vermont, USA",https://weence.com/medical/doctors/burlington-1/geraldine-oppedisano-phd/,+1 802-660-2939,,https://streetviewpixels-pa.googleapis.com/v1/thumbnail?panoid=acF8tKC_R35UiiBxxWkRxw&cb_client=search.gws-prod.gps&w=408&h=240&yaw=73.477425&pitch=0&thumbfov=100,false,,,,,,,,"https://www.google.com/maps/search/Psychiatry+clinics+in+Burlington+Vermont+VT/@44.4758825,-73.212072,14z",2025-12-16T03:22:42.249Z,
"https://www.google.com/maps/place/Richard+W.+Davis,+PHD/data=!4m7!3m6!1s0x4cca7a565c8a199b:0xfb748f27721cd741!8m2!3d44.4724029!4d-73.2098255!16s%2Fg%2F1tjgp6fp!19sChIJmxmKXFZ6ykwRQdccciePdPs","Richard W. Davis, PHD",3.7,3,Psychologist,"92 Adams St, Burlington, VT 05401, United States","FQCR+X3 Burlington, Vermont, USA",https://richarddavisphd.com/,+1 802-863-6114,,https://streetviewpixels-pa.googleapis.com/v1/thumbnail?panoid=-aXMKHK6h3YEjq5LQgHg_w&cb_client=search.gws-prod.gps&w=408&h=240&yaw=9.001429&pitch=0&thumbfov=100,false,,,,,,,,"https://www.google.com/maps/search/Psychiatry+clinics+in+Burlington+Vermont+VT/@44.4758825,-73.212072,14z",2025-12-16T03:22:44.461Z,
https://www.google.com/maps/place/Vermont+Center+for+Resiliency/data=!4m7!3m6!1s0x4cca718b99dd81c7:0x6a879aa040cf5ac4!8m2!3d44.502521!4d-73.182718!16s%2Fg%2F11j74q2nbm!19sChIJx4HdmYtxykwRxFrPQKCah2o,Vermont Center for Resiliency,,,Mental health service,"486 Main St Apt A, Winooski, VT 05404, United States","GR38+2W Winooski, Vermont, USA",http://www.vtresiliency.com/,+1 802-865-3450,,https://streetviewpixels-pa.googleapis.com/v1/thumbnail?panoid=6rqMuKxubS6oweiHOEytPA&cb_client=search.gws-prod.gps&w=408&h=240&yaw=276.1059&pitch=0&thumbfov=100,false,,,,,,,,"https://www.google.com/maps/search/Psychiatry+clinics+in+Burlington+Vermont+VT/@44.4758825,-73.212072,14z",2025-12-16T03:22:46.722Z,
https://www.google.com/maps/place/Washington+County+Mental+Health/data=!4m7!3m6!1s0x4cb5a7fa363da3b7:0x633026e5224d052d!8m2!3d44.2593019!4d-72.5641734!16s%2Fg%2F1tfzgc9j!19sChIJt6M9NvqntUwRLQVNIuUmMGM,Washington County Mental Health,2.3,3,Mental health service,"9 Heaton St, Montpelier, VT 05602, United States","7C5P+P8 Montpelier, Vermont, USA",https://www.wcmhs.org/in-the-community,+1 802-223-6328,,https://streetviewpixels-pa.googleapis.com/v1/thumbnail?panoid=HcDBM7Ee45Y7jbAT-rlyxw&cb_client=search.gws-prod.gps&w=408&h=240&yaw=129.75996&pitch=0&thumbfov=100,false,,,,,,,,"https://www.google.com/maps/search/Psychiatry+clinics+in+Montpelier+Vermont+VT/@44.2600593,-72.5753869,14z",2025-12-16T03:23:02.486Z,
https://www.google.com/maps/place/North+Branch+Health/data=!4m7!3m6!1s0x4cb5a76017e873f1:0x9080d276910dd1f8!8m2!3d44.2611419!4d-72.5595532!16s%2Fg%2F11f7rntrnr!19sChIJ8XPoF2CntUwR-NENkXbSgJA,North Branch Health,5.0,5,Medical clinic,"250 Main St Ste. 201, Montpelier, VT 05602, United States","7C6R+F5 Montpelier, Vermont, USA",http://www.nbhvt.com/,+1 802-828-1234,Closed · Opens 9 am Tue,https://lh3.googleusercontent.com/p/AF1QipO-2zFfbATnWplLzvmMrqv1pKJJlbEEBSqnl6dc=w408-h272-k-no,true,9 am–4 pm,9 am–4 pm,9 am–4 pm,9 am–4 pm,9 am–3 pm,Closed,Closed,"https://www.google.com/maps/search/Psychiatry+clinics+in+Montpelier+Vermont+VT/@44.2600593,-72.5753869,14z",2025-12-16T03:23:06.907Z,LGBTQ+ friendly
https://www.google.com/maps/place/Stone+James+MD/data=!4m7!3m6!1s0x4cb5a7f4750a2e73:0x86886289df56cd05!8m2!3d44.259729!4d-72.575235!16s%2Fg%2F1wfcnrnr!19sChIJcy4KdfSntUwRBc1W34liiIY,Stone James MD,5.0,4,Psychiatrist,"73 Main St # 28-18, Montpelier, VT 05602, United States","7C5F+VW Montpelier, Vermont, USA",,+1 802-223-2633,,https://streetviewpixels-pa.googleapis.com/v1/thumbnail?panoid=kwqm5uBFoFxzInkZ_WEDsg&cb_client=search.gws-prod.gps&w=408&h=240&yaw=127.7888&pitch=0&thumbfov=100,false,,,,,,,,"https://www.google.com/maps/search/Psychiatry+clinics+in+Montpelier+Vermont+VT/@44.2600593,-72.5753869,14z",2025-12-16T03:23:09.450Z,
"https://www.google.com/maps/place/Vermont+Department+of+Mental+Health/@44.2641432,-72.5863722,17z/data=!3m1!4b1!4m6!3m5!1s0x4cb5a78e57698de3:0x8b137612f9eab2e!8m2!3d44.2641432!4d-72.5863722!16s%2Fg%2F11b5ytbyr2",Vermont Department of Mental Health,,,Mental health service,"26 Terrace St, Montpelier, VT 05602, United States","7C77+MF Montpelier, Vermont, USA",http://mentalhealth.vermont.gov/,,,,false,,,,,,,,"https://www.google.com/maps/search/Psychiatry+clinics+in+Montpelier+Vermont+VT/@44.2600593,-72.5753869,14z",2025-12-16T03:23:13.577Z,
"https://www.google.com/maps/place/Rachel+Mueller,+PsyD/data=!4m7!3m6!1s0x4cb5a7f38a8c0111:0x7309c87ba9cce7a7!8m2!3d44.25986!4d-72.575137!16s%2Fg%2F11b62mlr62!19sChIJEQGMivOntUwRp-fMqXvICXM","Rachel Mueller, PsyD",5.0,1,Counselor,"79 Main St #10, Montpelier, VT 05602, United States","7C5F+WW Montpelier, Vermont, USA",,+1 802-999-0033,,https://streetviewpixels-pa.googleapis.com/v1/thumbnail?panoid=nftzt3ihOMo6Om81TVfZFQ&cb_client=search.gws-prod.gps&w=408&h=240&yaw=292.79608&pitch=0&thumbfov=100,true,,,,,,,,"https://www.google.com/maps/search/Psychiatry+clinics+in+Montpelier+Vermont+VT/@44.2600593,-72.5753869,14z",2025-12-16T03:23:15.849Z,
https://www.google.com/maps/place/Vermont+Psychiatric+Care+Hospital/data=!4m7!3m6!1s0x4cb59f11aef9f843:0x2614524adc718340!8m2!3d44.2229033!4d-72.565023!16s%2Fg%2F1tmbvqnd!19sChIJQ_j5rhGftUwRQINx3EpSFCY,Vermont Psychiatric Care Hospital,3.3,6,Psychiatric hospital,"350 Fisher Rd, Berlin, VT 05602, United States","6CFM+5X Berlin, Vermont, USA",https://mentalhealth.vermont.gov/services/psychiatric-hospitalization/vermont-psychiatric-care-hospital,+1 802-828-3300,,https://streetviewpixels-pa.googleapis.com/v1/thumbnail?panoid=6ZCxVhYoRL6BwwmA4Y8hPw&cb_client=search.gws-prod.gps&w=408&h=240&yaw=314.48734&pitch=0&thumbfov=100,false,,,,,,,,"https://www.google.com/maps/search/Psychiatry+clinics+in+Montpelier+Vermont+VT/@44.2600593,-72.5753869,14z",2025-12-16T03:23:18.220Z,
https://www.google.com/maps/place/Partners+In+Integrative+Healing/data=!4m7!3m6!1s0x4cb5a780b06ce88b:0x63e76bd0c709fde4!8m2!3d44.2625062!4d-72.5847206!16s%2Fg%2F11v08qbydy!19sChIJi-hssICntUwR5P0Jx9Br52M,Partners In Integrative Healing,3.8,21,Medical group,"147 State St, Montpelier, VT 05602, United States","7C78+24 Montpelier, Vermont, USA",http://www.partnersinintegrativehealing.com/,+1 802-419-0500,Closed · Opens 9 am Tue,https://lh3.googleusercontent.com/p/AF1QipO4Z4f1jxBGDu62dcyrWfUoIYtJe75JZVw51Mub=w408-h544-k-no,true,9 am–5 pm,9 am–5 pm,9 am–5 pm,9 am–5 pm,9 am–5 pm,Closed,Closed,"https://www.google.com/maps/search/Psychiatry+clinics+in+Montpelier+Vermont+VT/@44.2600593,-72.5753869,14z",2025-12-16T03:23:22.556Z,Identifies as women-owned
https://www.google.com/maps/place/Zaur+Alan+L+MD/data=!4m7!3m6!1s0x4cb5a7f2715b040f:0x348e25e46390df07!8m2!3d44.263862!4d-72.5729436!16s%2Fg%2F1tdqt41b!19sChIJDwRbcfKntUwRB9-QY-QljjQ,Zaur Alan L MD,5.0,1,Psychiatrist,"162 Elm St #4, Montpelier, VT 05602, United States","7C7G+GR Montpelier, Vermont, USA",,+1 802-229-2017,,https://streetviewpixels-pa.googleapis.com/v1/thumbnail?panoid=HdoJnjwQKO-Z4zKkrt7kQQ&cb_client=search.gws-prod.gps&w=408&h=240&yaw=316.83926&pitch=0&thumbfov=100,false,,,,,,,,"https://www.google.com/maps/search/Psychiatry+clinics+in+Montpelier+Vermont+VT/@44.2600593,-72.5753869,14z",2025-12-16T03:23:24.761Z,
https://www.google.com/maps/place/Sunrise/data=!4m7!3m6!1s0x4cb5a7f7debd8de9:0x470a54e162af9862!8m2!3d44.2579007!4d-72.5750015!16s%2Fg%2F1tcwwb3g!19sChIJ6Y293ventUwRYpivYuFUCkc,Sunrise,,,Mental health service,"34 Barre St, Montpelier, VT 05602, United States","7C5F+5X Montpelier, Vermont, USA",,+1 802-223-7544,Closed · Opens 8:30 am Tue,https://streetviewpixels-pa.googleapis.com/v1/thumbnail?panoid=Lt4wR-XIdfxFswetKAHiBg&cb_client=search.gws-prod.gps&w=408&h=240&yaw=110.572464&pitch=0&thumbfov=100,false,8:30 am–12:30 pm,8:30 am–2:30 pm,8:30 am–12:30 pm,8:30 am–2:30 pm,8:30 am–12:30 pm,Closed,Closed,"https://www.google.com/maps/search/Psychiatry+clinics+in+Montpelier+Vermont+VT/@44.2600593,-72.5753869,14z",2025-12-16T03:23:29.122Z,