placeUrl,title,rating,reviewCount,category,address,plusCode,website,phoneNumber,currentStatus,imgUrl,isClaimed,tuesday,wednesday,thursday,friday,saturday,sunday,monday,query,timestamp,info,isBlackOwned,error,attributes
https://www.google.com/maps/place/Advanced+Venous+Solutions/data=!4m7!3m6!1s0x88e8bcac90368353:0x8c8a0ad241a9830b!8m2!3d29.6565476!4d-82.3905451!16s%2Fg%2F1thxlx6v!19sChIJU4M2kKy86IgRC4OpQdIKiow,Advanced Venous Solutions,4.6,9,Vascular surgeon,"500 NW 43rd St STE 2, Gainesville, FL 32607, United States","MJ45+JQ Gainesville, Florida, USA",http://www.advancedvenoussolutions.com/,+1 352-376-5112,Closed · Opens 8 am Wed,https://lh3.googleusercontent.com/p/AF1QipPzNMbtV7cGugKHGsA9DI4tEt83PnAkxq_311Oz=w408-h544-k-no,true,8 am–5 pm,8 am–5 pm,8 am–5 pm,8 am–3 pm,Closed,Closed,8 am–5 pm,"https://www.google.com/maps/search/vein+clinics+in+Newberry+Gainesville+FL/@29.6557754,-82.3904126,14z",2025-12-16T22:38:38.995Z,,,,
https://www.google.com/maps/place/Vascular+%26+Interventional+Physicians/data=!4m7!3m6!1s0x88e8bc9e412f87c7:0xbd9daa182363285!8m2!3d29.6627727!4d-82.4140414!16s%2Fg%2F1tg517qn!19sChIJx4cvQZ686IgRhTI2gqHa2Qs,Vascular & Interventional Physicians,4.6,70,Radiologist,"6685 NW 9th Blvd, Gainesville, FL 32605, United States","MH7P+49 Gainesville, Florida, USA",https://www.doctorsimaginggroup.com/vip,+1 352-333-7847,Closed · Opens 8 am Wed,https://lh3.googleusercontent.com/p/AF1QipOQkSSLytzWTiqoZI6Xq-EF2XY8r-v5KFdXQdK-=w408-h408-k-no,true,8 am–4:30 pm,8 am–4:30 pm,8 am–4:30 pm,8 am–4:30 pm,Closed,Closed,8 am–4:30 pm,"https://www.google.com/maps/search/vein+clinics+in+Newberry+Gainesville+FL/@29.6557754,-82.3904126,14z",2025-12-16T22:38:43.672Z,,,,
https://www.google.com/maps/place/Family+Podiatry+and+Vein+Care/data=!4m7!3m6!1s0x88e8bcac9692e9ed:0xaf2cc34fe3e540fd!8m2!3d29.6564369!4d-82.3904558!16s%2Fg%2F1tj5rknc!19sChIJ7emSlqy86IgR_UDl40_DLK8,Family Podiatry and Vein Care,4.5,33,Podiatrist,"500 NW 43rd St, Gainesville, FL 32607, United States","MJ45+HR Gainesville, Florida, USA",http://www.gainesvillefootdoc.com/,+1 352-376-5112,Closed · Opens 8 am Wed,https://streetviewpixels-pa.googleapis.com/v1/thumbnail?panoid=ym0kjEoK_dbSpccPr_Xbzg&cb_client=search.gws-prod.gps&w=408&h=240&yaw=228.581&pitch=0&thumbfov=100,true,9 am–5 pm,8 am–5 pm,8 am–5 pm,8 am–3 pm,Closed,Closed,8 am–5 pm,"https://www.google.com/maps/search/vein+clinics+in+Newberry+Gainesville+FL/@29.6557754,-82.3904126,14z",2025-12-16T22:38:47.957Z,LGBTQ+ friendly,,,
https://www.google.com/maps/place/The+Cardiac+%26+Vascular+Institute/data=!4m7!3m6!1s0x88e8bcabc1050ca5:0x3472bffc0c84578!8m2!3d29.6591583!4d-82.392858!16s%2Fg%2F1hc1hhxqd!19sChIJpQwFwau86IgReEXIwP8rRwM,The Cardiac & Vascular Institute,4.8,955,Medical clinic,"4645 NW 8th Ave, Gainesville, FL 32605, United States","MJ54+MV Gainesville, Florida, USA",http://www.tcavi.com/,+1 352-375-1212,Closed · Opens 7:30 am Wed,https://lh3.googleusercontent.com/p/AF1QipNvN7OYUr1npD0AXqo77gQU7X394wFXHXu67QFx=w408-h244-k-no,true,7:30 am–5 pm,7:30 am–5 pm,7:30 am–5 pm,7:30 am–5 pm,Closed,Closed,7:30 am–5 pm,"https://www.google.com/maps/search/vein+clinics+in+Newberry+Gainesville+FL/@29.6557754,-82.3904126,14z",2025-12-16T22:38:52.806Z,,,,
https://www.google.com/maps/place/Accent+Aesthetics/data=!4m7!3m6!1s0x88e8bcacc891c955:0x17f369c887cbf1c8!8m2!3d29.656337!4d-82.3893383!16s%2Fg%2F1tjjq5z_!19sChIJVcmRyKy86IgRyPHLh8hp8xc,Accent Aesthetics,5.0,255,Medical spa,"4340 Newberry Rd #102, Gainesville, FL 32607, United States","MJ46+G7 Gainesville, Florida, USA",https://gainesvilleaesthetics.com/?utm_source=google-map&utm_medium=website,+1 352-271-5388,Closed · Opens 8:30 am Wed,https://streetviewpixels-pa.googleapis.com/v1/thumbnail?panoid=m5W9_YzmkFRccAj6OnepmQ&cb_client=search.gws-prod.gps&w=408&h=240&yaw=91.033875&pitch=0&thumbfov=100,true,8:30 am–5 pm,8:30 am–5 pm,8:30 am–5 pm,8:30 am–1 pm,Closed,Closed,8:30 am–5 pm,"https://www.google.com/maps/search/vein+clinics+in+Newberry+Gainesville+FL/@29.6557754,-82.3904126,14z",2025-12-16T22:38:57.206Z,,,,
https://www.google.com/maps/place/The+Cardiac+%26+Vascular+Institute:+Croushore+Elmer+E+MD/data=!4m7!3m6!1s0x88e8bc9ff25bb231:0x404050536adb4010!8m2!3d29.6646108!4d-82.4108988!16s%2Fg%2F1vq75pk2!19sChIJMbJb8p-86IgREEDbalNQQEA,The Cardiac & Vascular Institute: Croushore Elmer E MD,4.9,139,Vascular surgeon,"1151 NW 64th Terrace, Gainesville, FL 32605, United States","MH7Q+RJ Gainesville, Florida, USA",http://www.tcavi.com/,+1 352-375-1212,Closed · Opens 8 am Wed,https://lh3.googleusercontent.com/p/AF1QipPcAs5i3M7r7oTWZNCZI5xxcfdlTDTE9wrvtXsV=w440-h240-k-no,true,8 am–5 pm,8 am–5 pm,8 am–5 pm,8 am–5 pm,Closed,Closed,8 am–5 pm,"https://www.google.com/maps/search/vein+clinics+in+Newberry+Gainesville+FL/@29.6557754,-82.3904126,14z",2025-12-16T22:39:01.526Z,,,,
https://www.google.com/maps/place/VIP+Health+and+Laser+Clinic/data=!4m7!3m6!1s0x88e8bc8f7fb00815:0x1063b8bf57e9709c!8m2!3d29.6628059!4d-82.3389072!16s%2Fg%2F11bwqbw87t!19sChIJFQiwf4-86IgRnHDpV7-4YxA,VIP Health and Laser Clinic,4.7,36,Medical spa,"1155 NW 13th St, Gainesville, FL 32601, United States","MM76+4C Gainesville, Florida, USA",https://viphealthandlaser.com/,+1 800-410-1678,Open · Closes 7 pm,https://lh3.googleusercontent.com/p/AF1QipM2FSjgZdn6s5WW2jeelUhwz479nL6s9SEF8Har=w408-h544-k-no,true,9 am–7 pm,9 am–7 pm,9 am–5 pm,9 am–5 pm,Closed,Closed,9 am–3 pm,"https://www.google.com/maps/search/vein+clinics+in+Newberry+Gainesville+FL/@29.6557754,-82.3904126,14z",2025-12-16T22:39:05.868Z,LGBTQ+ friendly,,,
https://www.google.com/maps/place/Dermacare+Laser+and+Skin+Care+Clinic/data=!4m7!3m6!1s0x88e8bc85575788ab:0xcf66731a4612514!8m2!3d29.6536445!4d-82.4217834!16s%2Fg%2F1tdvw3zn!19sChIJq4hXV4W86IgRFCVhpDFn9gw,Dermacare Laser and Skin Care Clinic,4.9,261,Skin care clinic,"19+ years in business, 101 NW 75th St Ste. 3, Gainesville, FL 32607, United States","MH3H+F7 Gainesville, Florida, USA",http://www.dermacaregainesville.com/,+1 352-331-5355,Open · Closes 7 pm,https://lh3.googleusercontent.com/p/AF1QipNrhIO427xaiGL9I8j-RtUwpbYobI8XFxVfZ1vC=w408-h465-k-no,true,9 am–7 pm,9 am–5 pm,9 am–7 pm,9 am–1 pm,Closed,Closed,9 am–5 pm,"https://www.google.com/maps/search/vein+clinics+in+Newberry+Gainesville+FL/@29.6557754,-82.3904126,14z",2025-12-16T22:39:10.331Z,Identifies as women-owned,,,
"https://www.google.com/maps/place/Benjamin+Jacobs,+MD/data=!4m7!3m6!1s0x88e8a397c620d625:0xb4f52f48606c6c88!8m2!3d29.6394103!4d-82.3412409!16s%2Fg%2F11ry0vvvkh!19sChIJJdYgxpej6IgRiGxsYEgv9bQ","Benjamin Jacobs, MD",5.0,2,Surgeon,"1505 SW Archer Rd, Gainesville, FL 32608, United States","JMQ5+QG Gainesville, Florida, USA",https://ufhealth.org/doctors/benjamin-n-jacobs?utm_source=pg-google&utm_medium=organic&utm_campaign=pg-listings,+1 352-265-5470,Closed · Opens 8 am Wed,https://lh3.googleusercontent.com/p/AF1QipOi7F9bxiHPbqI-S8O1DmfC4JrfnKmOOT7yUJ1k=w426-h240-k-no,true,8 am–5 pm,8 am–5 pm,8 am–5 pm,8 am–5 pm,Closed,Closed,8 am–5 pm,"https://www.google.com/maps/search/vein+clinics+in+Newberry+Gainesville+FL/@29.6557754,-82.3904126,14z",2025-12-16T22:39:14.827Z,LGBTQ+ friendly,,,
"https://www.google.com/maps/place/Division+of+Vascular+Surgery+%26+Endovascular+Therapy/@29.6401639,-82.3439055,17z/data=!3m1!4b1!4m6!3m5!1s0x88e8a39e42a9d089:0xa8241ff81ade0d1a!8m2!3d29.6401639!4d-82.3439055!16s%2Fg%2F1tj5rkms",Division of Vascular Surgery & Endovascular Therapy,5.0,1,Surgical center,"1600 SW Archer Rd # Ng45, Gainesville, FL 32610, United States","JMR4+3C Gainesville, Florida, USA",https://vascular.surgery.med.ufl.edu/,+1 352-265-9928,,,true,,,,,,,,"https://www.google.com/maps/search/vein+clinics+in+Newberry+Gainesville+FL/@29.6557754,-82.3904126,14z",2025-12-16T22:39:19.049Z,,,,
https://www.google.com/maps/place/The+Cardiac+%26+Vascular+Institute/data=!4m7!3m6!1s0x88e8bb6004fa31d1:0x192563554294c2a!8m2!3d29.6647207!4d-82.4109563!16s%2Fg%2F124yrjchr!19sChIJ0TH6BGC76IgRKkwpVDVWkgE,The Cardiac & Vascular Institute,4.9,1178,Medical clinic,"1151 NW 64th Terrace, Gainesville, FL 32605, United States","MH7Q+VJ Gainesville, Florida, USA",http://www.tcavi.com/,+1 352-375-1212,Closed · Opens 7:30 am Wed,https://lh3.googleusercontent.com/gps-cs-s/AG0ilSxrOOOFtO_ghzR5t-pufLEeydhxrOCKBoBaLHvsfeWTlf_4lpGm_Rp9riWr82jnsicJV3j-ocQbs5H-zC2-gfYRfUsvNASu944Hq9C-xOONf_tazSm2Q0dKIiJuxKnz3Doyy3UV=w408-h306-k-no,true,7:30 am–5 pm,7:30 am–5 pm,7:30 am–5 pm,7:30 am–5 pm,Closed,Closed,7:30 am–5 pm,"https://www.google.com/maps/search/vein+clinics+in+Newberry+Gainesville+FL/@29.6557754,-82.3904126,14z",2025-12-16T22:39:23.524Z,,,,
https://www.google.com/maps/place/Tracey+Botha+MD+-+Mooi+Medical+Spa+%26+Laser+Center/data=!4m7!3m6!1s0x88e8bca034896b3f:0x4baae5ed29aa7bc9!8m2!3d29.6785011!4d-82.388303!16s%2Fg%2F1tfkl_nv!19sChIJP2uJNKC86IgRyXuqKe3lqks,Tracey Botha MD - Mooi Medical Spa & Laser Center,4.9,231,Medical spa,"2727 NW 43rd St Building A Unit 1, Gainesville, FL 32606, United States","MJH6+CM Gainesville, Florida, USA",https://traceybotha.com/,+1 352-339-4845,Closed · Opens 8 am Wed,https://lh3.googleusercontent.com/p/AF1QipOmLkQxvfCfpe2owPCi68h7GgnjP_7sxPaumKZY=w408-h611-k-no,true,"8:30–10:30 am, 12–5 pm",8 am–5 pm,8 am–5 pm,9 am–5 pm,Closed,Closed,8 am–4:30 pm,"https://www.google.com/maps/search/vein+clinics+in+Newberry+Gainesville+FL/@29.6557754,-82.3904126,14z",2025-12-16T22:39:27.824Z,LGBTQ+ friendly,,,
https://www.google.com/maps/place/Avecina+Medical+Urgent+Care+of+Gainesville+-+Newberry+Rd/data=!4m7!3m6!1s0x88e8bd469eac697d:0x8925854d9b9a3f49!8m2!3d29.6591408!4d-82.4172635!16s%2Fg%2F11vwym644n!19sChIJfWmsnka96IgRST-am02FJYk,Avecina Medical Urgent Care of Gainesville - Newberry Rd,4.8,237,Urgent care center,"7011 W Newberry Rd Suite B, Gainesville, FL 32605, United States","MH5M+M3 Gainesville, Florida, USA",https://avecina.com/,+1 904-547-2574,Open · Closes 8 pm,https://lh3.googleusercontent.com/p/AF1QipPudybD_WSzCNVVFTBFOzuI3r0YB0Z2LVL1qFIj=w408-h306-k-no,true,8 am–8 pm,8 am–8 pm,8 am–8 pm,8 am–8 pm,8 am–5 pm,8 am–5 pm,8 am–8 pm,"https://www.google.com/maps/search/vein+clinics+in+Newberry+Gainesville+FL/@29.6557754,-82.3904126,14z",2025-12-16T22:39:32.251Z,,,,
"https://www.google.com/maps/place/Family+Podiatry+and+Vein+Care:+Dr.+Kaden+Woolf,+DPM/@29.6564486,-82.3905396,17z/data=!3m1!4b1!4m6!3m5!1s0x88e8bd4ceb7b3273:0xc8b75c9d999ea321!8m2!3d29.6564486!4d-82.3905396!16s%2Fg%2F11yp8csp4v","Family Podiatry and Vein Care: Dr. Kaden Woolf, DPM",,,Medical clinic,"500 NW 43rd St STE 2, Gainesville, FL 32607, United States","MJ45+HQ Gainesville, Florida, USA",,+1 352-376-5112,"Closed · Opens 8 am Wed

Updated by this business 3 weeks ago",,true,8 am–4 pm,8 am–4 pm,8 am–4 pm,8 am–4 pm,Closed,Closed,8 am–4 pm,"https://www.google.com/maps/search/vein+clinics+in+Newberry+Gainesville+FL/@29.6557754,-82.3904126,14z",2025-12-16T22:39:38.651Z,,,,
https://www.google.com/maps/place/Florida+Cancer+Specialists+%26+Research+Institute/data=!4m7!3m6!1s0x88e8bd45d02fc7eb:0xfe1ec42178d2e8f!8m2!3d29.6632215!4d-82.4101781!16s%2Fg%2F11b6t3bqhp!19sChIJ68cv0EW96IgRjy6NF0Ls4Q8,Florida Cancer Specialists & Research Institute,4.7,1013,Cancer treatment center,"6420 W Newberry Rd STE 100, Gainesville, FL 32605, United States","MH7Q+7W Gainesville, Florida, USA",https://flcancer.com/location/gainesville-cancer-center/,+1 352-332-3900,Closed · Opens 8 am Wed,https://lh3.googleusercontent.com/p/AF1QipOGJBu2DipSb1r0BMf8rIYpnsnrbLkRTi7BNbc1=w426-h240-k-no,true,8 am–5 pm,8 am–5 pm,8 am–5 pm,8 am–5 pm,Closed,Closed,8 am–5 pm,"https://www.google.com/maps/search/vein+clinics+in+Newberry+Gainesville+FL/@29.6557754,-82.3904126,14z",2025-12-16T22:39:43.073Z,,,,
https://www.google.com/maps/place/Bespoke+Aesthetics/data=!4m7!3m6!1s0x88e8bdfc63799e5b:0xb24e1230249fb77a!8m2!3d29.6596263!4d-82.4024011!16s%2Fg%2F11m63pvw8r!19sChIJW555Y_y96IgRerefJDASTrI,Bespoke Aesthetics,5.0,3,Medical spa,"5010 W Newberry Rd Suite C, Gainesville, FL 32607, United States","MH5X+V2 Gainesville, Florida, USA",https://www.joinbespokeaesthetics.com/,+1 352-450-1004,Open · Closes 7 pm,https://lh3.googleusercontent.com/gps-cs-s/AG0ilSxKt0q45pCpGWDchPZPhCEnIMboi8uYRKNVNVILNNlmGzCyiRvjtHqGjGmqtqAHMnjTMZ1MrQ_P0gMhFeKxEWdwg_AVYKfgLSqVdG_M_KYSoVCbwnuZ0M4Lgb257qXqrxTlHvje5LCmGG5N=w408-h544-k-no,true,10 am–7 pm,10 am–7 pm,10 am–7 pm,10 am–7 pm,10 am–6 pm,Closed,10 am–7 pm,"https://www.google.com/maps/search/vein+clinics+in+Newberry+Gainesville+FL/@29.6557754,-82.3904126,14z",2025-12-16T22:39:47.770Z,,,,
https://www.google.com/maps/place/North+Florida+Plastic+Surgery+Center/data=!4m7!3m6!1s0x88e8bc8f7d05e231:0xf36eb175569ed472!8m2!3d29.6537071!4d-82.4246263!16s%2Fg%2F1hc1v0v23!19sChIJMeIFfY-86IgRctSeVnWxbvM,North Florida Plastic Surgery Center,4.9,189,Plastic surgery clinic,"108 NW 76 Dr A, Gainesville, FL 32607, United States","MH3G+F4 Gainesville, Florida, USA",https://www.northfloridaplasticsurgery.com/?utm_source=GoogleMyBusiness&utm_medium=organic&utm_campaign=GMB,+1 352-332-7225,Open · Closes 7 pm,https://lh3.googleusercontent.com/p/AF1QipNLuonaujMa8mufIsEt22isupKJYDMGKx9dsE3j=w408-h381-k-no,true,8:30 am–7 pm,8:30 am–7 pm,8:30 am–7 pm,9 am–5 pm,Closed,Closed,8:30 am–7 pm,"https://www.google.com/maps/search/vein+clinics+in+Newberry+Gainesville+FL/@29.6557754,-82.3904126,14z",2025-12-16T22:39:52.689Z,,,,
https://www.google.com/maps/place/HCA+Florida+North+Florida+Hospital+Wound+Care+and+Hyperbaric+Medicine/data=!4m7!3m6!1s0x88e8bd7e6bcb4d09:0xb40054b9ae696cc6!8m2!3d29.6615219!4d-82.4095497!16s%2Fg%2F11h3yl4s6j!19sChIJCU3La3696IgRxmxprrlUALQ,HCA Florida North Florida Hospital Wound Care and Hyperbaric Medicine,4.8,4,Medical clinic,"6400 W Newberry Rd Suite 104, Gainesville, FL 32605, United States","MH6R+J5 Gainesville, Florida, USA",https://www.hcafloridahealthcare.com/locations/north-florida-hospital/specialties/wound-care/?utm_campaign=corp_listings_mgmt&utm_source=google&utm_medium=business_listing,+1 352-333-5918,Closed · Opens 8 am Wed,https://lh3.googleusercontent.com/p/AF1QipNRXCJuf5Qt1tG-3uxzdecHWafHjdbqazpvX2cv=w426-h240-k-no,true,8 am–4 pm,8 am–4 pm,8 am–4 pm,8 am–4 pm,Closed,Closed,8 am–4 pm,"https://www.google.com/maps/search/vein+clinics+in+Newberry+Gainesville+FL/@29.6557754,-82.3904126,14z",2025-12-16T22:39:57.218Z,,,,
https://www.google.com/maps/place/Avecina+Medical+Urgent+Care+of+Gainesville/data=!4m7!3m6!1s0x88e8a3aa711e6a99:0x7ce04a6640c77a16!8m2!3d29.6235468!4d-82.3767328!16s%2Fg%2F11sz5jzbr0!19sChIJmWoecaqj6IgRFnrHQGZK4Hw,Avecina Medical Urgent Care of Gainesville,4.8,660,Urgent care center,"3600 SW Archer Rd Suite A1, Gainesville, FL 32608, United States","JJFF+C8 Gainesville, Florida, USA",https://avecina.com/,+1 352-240-6048,Open · Closes 8 pm,https://lh3.googleusercontent.com/p/AF1QipOc44uwiZ-WvNgKjzqHE_T83T1AjFxCbT8a1Ejl=w408-h381-k-no,true,8 am–8 pm,8 am–8 pm,8 am–8 pm,8 am–8 pm,8 am–5 pm,8 am–5 pm,8 am–8 pm,"https://www.google.com/maps/search/vein+clinics+in+Newberry+Gainesville+FL/@29.6557754,-82.3904126,14z",2025-12-16T22:40:01.692Z,,,,
https://www.google.com/maps/place/University+Florida+Vascular+Sgy/data=!4m7!3m6!1s0x88e8a39e42a9d089:0x885d183403d11daf!8m2!3d29.6400842!4d-82.3443413!16s%2Fg%2F1ptyzlc8n!19sChIJidCpQp6j6IgRrx3RAzQYXYg,University Florida Vascular Sgy,,,Surgical center,"1600 SW Archer Rd, Gainesville, FL 32608, United States","JMR4+27 Gainesville, Florida, USA",http://surgery.med.ufl.edu/,+1 352-273-5484,,https://streetviewpixels-pa.googleapis.com/v1/thumbnail?panoid=WNWAu5iG8S2cMf0s0LiHkQ&cb_client=search.gws-prod.gps&w=408&h=240&yaw=309.21902&pitch=0&thumbfov=100,false,,,,,,,,"https://www.google.com/maps/search/vein+clinics+in+Newberry+Gainesville+FL/@29.6557754,-82.3904126,14z",2025-12-16T22:40:03.938Z,,,,
"https://www.google.com/maps/place/Family+Podiatry:+Koppel,+Scott+T+DPM/data=!4m7!3m6!1s0x88e8bcac9692e9ed:0xf34ce5cd9024d210!8m2!3d29.6566856!4d-82.390601!16s%2Fg%2F1wrtdpcs!19sChIJ7emSlqy86IgRENIkkM3lTPM","Family Podiatry: Koppel, Scott T DPM",4.9,876,Podiatrist,"500 NW 43rd St, Gainesville, FL 32607, United States","MJ45+MQ Gainesville, Florida, USA",http://www.gainesvillefootdoc.com/,+1 352-376-5112,Closed · Opens 8 am Wed,https://lh3.googleusercontent.com/p/AF1QipNIx_ApRcD4i9SEe558O-hGeGJHJF8azw6qR4vG=w408-h544-k-no,true,8 am–5 pm,8 am–5 pm,8 am–5 pm,8 am–5 pm,Closed,Closed,8 am–5 pm,"https://www.google.com/maps/search/vein+clinics+in+Newberry+Gainesville+FL/@29.6557754,-82.3904126,14z",2025-12-16T22:40:08.293Z,LGBTQ+ friendly,,,
https://www.google.com/maps/place/Sadove+Plastic+Surgery/data=!4m7!3m6!1s0x88e8bc85575788ab:0xdb39bcb48d2dfc11!8m2!3d29.653662!4d-82.422013!16s%2Fg%2F1tdd62kr!19sChIJq4hXV4W86IgREfwtjbS8Ods,Sadove Plastic Surgery,4.6,75,Plastic surgeon,"101 NW 75th St #2, Gainesville, FL 32607, United States","MH3H+F5 Gainesville, Florida, USA",http://sadoveplasticsurgery.com/,+1 352-234-3334,"Closed · Opens 10 am Wed

Updated by this business 11 weeks ago",https://lh3.googleusercontent.com/p/AF1QipNLdMiLYnl-u5qCZuTjNwKEDLe7n43c5CxxATbD=w408-h272-k-no,true,10 am–4 pm,10 am–4 pm,10 am–4 pm,Closed,Closed,Closed,10 am–4 pm,"https://www.google.com/maps/search/vein+clinics+in+Newberry+Gainesville+FL/@29.6557754,-82.3904126,14z",2025-12-16T22:40:12.776Z,LGBTQ+ friendly,,,
https://www.google.com/maps/place/Paradise+Medspa+and+Wellness+Center/data=!4m7!3m6!1s0x88e8bf0993a745a9:0x9eafdd6f7e7210f!8m2!3d29.652863!4d-82.4929062!16s%2Fg%2F11fnr8m750!19sChIJqUWnkwm_6IgRDyHn99b96gk,Paradise Medspa and Wellness Center,5.0,96,Medical spa,"105 SW 140th Ct Suite 4, Jonesville, FL 32669, United States","MG34+4R Jonesville, Newberry, FL, USA",http://paradiseskinandbody.com/,+1 352-888-1512,"Open · Closes 7 pm

Updated by phone call 3 weeks ago",https://lh3.googleusercontent.com/p/AF1QipNLmtGtnnvCvTGR8yxL3to5tqL35nI3jjuPdmCI=w408-h271-k-no,true,10 am–7 pm,10 am–5 pm,10 am–7 pm,10 am–5 pm,Closed,Closed,10 am–6 pm,"https://www.google.com/maps/search/vein+clinics+in+Newberry+Gainesville+FL/@29.6557754,-82.3904126,14z",2025-12-16T22:40:17.084Z,Identifies as women-owned,,,
https://www.google.com/maps/place/Doctors+Imaging+Group/data=!4m7!3m6!1s0x88e8bc9e3d81d2bd:0xbefd7ef5a6f2f647!8m2!3d29.6633259!4d-82.4133822!16s%2Fg%2F1tgdjtz9!19sChIJvdKBPZ686IgRR_bypvV-_b4,Doctors Imaging Group,4.7,2809,Medical diagnostic imaging center,"6716 NW 11th Pl #200, Gainesville, FL 32605, United States","MH7P+8J Gainesville, Florida, USA",https://www.doctorsimaginggroup.com/,+1 352-331-9729,Closed · Opens 8 am Wed,https://lh3.googleusercontent.com/p/AF1QipMuCUf33wVUT5cOzQsQQOC4jZlb9QGopLzPkLe-=w408-h306-k-no,true,8 am–4 pm,8 am–4 pm,8 am–4 pm,8 am–4 pm,Closed,Closed,8 am–4 pm,"https://www.google.com/maps/search/vein+clinics+in+Newberry+Gainesville+FL/@29.6557754,-82.3904126,14z",2025-12-16T22:40:21.598Z,,,,
https://www.google.com/maps/place/Florida+Orthopaedic+Institute/data=!4m7!3m6!1s0x88e8bd9ff2357cf3:0x39761da4cebaf008!8m2!3d29.6541613!4d-82.4238663!16s%2Fg%2F11vf8q_xgn!19sChIJ83w18p-96IgRCPC6zqQddjk,Florida Orthopaedic Institute,4.9,817,Orthopedic clinic,"7540 W University Ave, Gainesville, FL 32607, United States","MH3G+MF Gainesville, Florida, USA",https://www.floridaortho.com/locations/gainesville/,+1 352-647-9700,"Closed · Opens 8 am Wed

Confirmed by this business 9 weeks ago",https://lh3.googleusercontent.com/p/AF1QipMlcL0NK5lPtd6WJRCw3u0wzz2q_9wRw1Wmyqc-=w426-h240-k-no,true,8 am–5 pm,8 am–5 pm,8 am–5 pm,8 am–5 pm,Closed,Closed,8 am–5 pm,"https://www.google.com/maps/search/vein+clinics+in+Newberry+Gainesville+FL/@29.6557754,-82.3904126,14z",2025-12-16T22:40:26.092Z,,,,
"https://www.google.com/maps/place/Thomas+Huber,+MD,+PhD/data=!4m7!3m6!1s0x88e8a39e42a9d089:0x61fab063da6c27d6!8m2!3d29.6394103!4d-82.3412409!16s%2Fg%2F1thzvmg7!19sChIJidCpQp6j6IgR1ids2mOw-mE","Thomas Huber, MD, PhD",5.0,6,Surgeon,"1505 SW Archer Rd, Gainesville, FL 32608, United States","JMQ5+QG Gainesville, Florida, USA",https://ufhealth.org/doctors/thomas-s-huber?utm_source=pg-google&utm_medium=organic&utm_campaign=pg-listings,+1 352-265-5470,Closed · Opens 8 am Wed,https://lh3.googleusercontent.com/p/AF1QipOzx48L0d23HQHRhCx_8CzeOT8HmSA-h1vBrD-Q=w426-h240-k-no,true,8 am–5 pm,8 am–5 pm,8 am–5 pm,8 am–5 pm,Closed,Closed,8 am–5 pm,"https://www.google.com/maps/search/vein+clinics+in+Newberry+Gainesville+FL/@29.6557754,-82.3904126,14z",2025-12-16T22:40:30.465Z,,,,
https://www.google.com/maps/place/UF+Health+Heart+Transplant+-+Heart+%26+Vascular+Hospital/data=!4m7!3m6!1s0x88e8a3a8271668f9:0xebd29da5beb733b9!8m2!3d29.6394103!4d-82.3412409!16s%2Fg%2F11lm2rgqzy!19sChIJ-WgWJ6ij6IgRuTO3vqWd0us,UF Health Heart Transplant - Heart & Vascular Hospital,5.0,6,Medical clinic,"1505 SW Archer Rd, Gainesville, FL 32608, United States","JMQ5+QG Gainesville, Florida, USA",https://ufhealth.org/locations/uf-health-heart-transplant-heart-and-vascular-hospital?utm_source=pg-google&utm_medium=organic&utm_campaign=pg-listings,+1 352-265-0751,Closed · Opens 8 am Wed,https://lh3.googleusercontent.com/p/AF1QipO1wSlK1TQ5mjsjpqqU5TmCcXI_zl7ge7F9MIIf=w426-h240-k-no,true,8 am–4:30 pm,8 am–4:30 pm,8 am–4:30 pm,8 am–4:30 pm,Closed,Closed,8 am–4:30 pm,"https://www.google.com/maps/search/vein+clinics+in+Newberry+Gainesville+FL/@29.6557754,-82.3904126,14z",2025-12-16T22:40:34.801Z,LGBTQ+ friendly,,,
https://www.google.com/maps/place/Accent+Physician+Specialists/data=!4m7!3m6!1s0x88e8bcacc891c955:0x552de5b517335bf1!8m2!3d29.656373!4d-82.389561!16s%2Fg%2F1tf7nd14!19sChIJVcmRyKy86IgR8VszF7XlLVU,Accent Physician Specialists,3.1,96,Medical clinic,"4340 Newberry Rd #301, Gainesville, FL 32607, United States","MJ46+G5 Gainesville, Florida, USA",http://accentmd.com/,+1 352-372-9414,Closed · Opens 8 am Wed,https://lh3.googleusercontent.com/p/AF1QipOqdIqDX8VsS9N_hEi1BE1YE1ith2rT9rg1dNhh=w426-h240-k-no,true,8 am–5 pm,8 am–5 pm,8 am–5 pm,8 am–12 pm,Closed,Closed,8 am–5 pm,"https://www.google.com/maps/search/vein+clinics+in+Newberry+Gainesville+FL/@29.6557754,-82.3904126,14z",2025-12-16T22:40:39.307Z,LGBTQ+ friendly,,,
https://www.google.com/maps/place/PRP+Regeneration+Specialists/data=!4m7!3m6!1s0x88e8bda5f2d34cc7:0x20e73bad39a96aa0!8m2!3d29.6563529!4d-82.4877533!16s%2Fg%2F11fzf7cjz6!19sChIJx0zT8qW96IgRoGqpOa075yA,PRP Regeneration Specialists,5.0,196,Medical spa,"216 NW 135th Way Suite 10, Jonesville, FL 32669, United States","MG46+GV Jonesville, Newberry, FL, USA",http://prpregen.com/,+1 352-260-4061,Closed · Opens 9 am Wed,https://lh3.googleusercontent.com/p/AF1QipPcIpW3md6h_QN6IhlMTDRFOXrTbENXbstPRL-K=w408-h272-k-no,true,9 am–5 pm,9 am–5 pm,9 am–6 pm,9 am–3 pm,Closed,Closed,9 am–5 pm,"https://www.google.com/maps/search/vein+clinics+in+Newberry+Gainesville+FL/@29.6557754,-82.3904126,14z",2025-12-16T22:40:43.839Z,Identifies as women-owned,,,
https://www.google.com/maps/place/Vascular+Surgery+Specialists/data=!4m7!3m6!1s0x88e8bc9ff25bb231:0x77a12bd0af09ae46!8m2!3d29.663019!4d-82.410825!16s%2Fg%2F1tdz5ndz!19sChIJMbJb8p-86IgRRq4Jr9AroXc,Vascular Surgery Specialists,,,Surgical center,"1121 NW 64th Terrace A, Gainesville, FL 32605, United States","MH7Q+6M Gainesville, Florida, USA",,+1 352-331-6777,,https://streetviewpixels-pa.googleapis.com/v1/thumbnail?panoid=imSqBOC3EHvtEpNk0_TcIw&cb_client=search.gws-prod.gps&w=408&h=240&yaw=194.4806&pitch=0&thumbfov=100,false,,,,,,,,"https://www.google.com/maps/search/vein+clinics+in+Newberry+Gainesville+FL/@29.6557754,-82.3904126,14z",2025-12-16T22:40:46.033Z,,,,
https://www.google.com/maps/place/The+Acne+Scar+Center/data=!4m7!3m6!1s0x88e8bc8559695555:0xbc185986db70e8dd!8m2!3d29.6536726!4d-82.4219321!16s%2Fg%2F11h561b5k9!19sChIJVVVpWYW86IgR3ehw24ZZGLw,The Acne Scar Center,4.1,14,Plastic surgeon,"101 NW 75th St #2, Gainesville, FL 32607, United States","MH3H+F6 Gainesville, Florida, USA",https://acnescarflorida.com/,+1 888-235-7227,Closed · Opens 10 am Wed,https://lh3.googleusercontent.com/p/AF1QipNFeVEc8benjBvT--hOEDb3Fhid3yvbZuyqAS9P=w408-h274-k-no,true,10 am–5 pm,10 am–5 pm,10 am–5 pm,10 am–5 pm,Closed,Closed,10 am–5 pm,"https://www.google.com/maps/search/vein+clinics+in+Newberry+Gainesville+FL/@29.6557754,-82.3904126,14z",2025-12-16T22:40:50.689Z,,,,
https://www.google.com/maps/place/HCA+Florida+North+Florida+Hospital+Bariatric+Surgery/data=!4m7!3m6!1s0x88e8bd0bcdf46c25:0xe930af64b09fcc89!8m2!3d29.6615219!4d-82.4095497!16s%2Fg%2F11hyfywcch!19sChIJJWz0zQu96IgRicyfsGSvMOk,HCA Florida North Florida Hospital Bariatric Surgery,5.0,1,Bariatric surgeon,"6400 W Newberry Rd Suite 106, Gainesville, FL 32605, United States","MH6R+J5 Gainesville, Florida, USA",https://www.hcafloridahealthcare.com/locations/north-florida-hospital/specialties/weight-loss-surgery/?utm_campaign=corp_listings_mgmt&utm_source=google&utm_medium=business_listing,+1 352-331-5255,Closed · Opens 8 am Wed,https://streetviewpixels-pa.googleapis.com/v1/thumbnail?panoid=duEHc4w0es10Cc0Y5-eYXA&cb_client=search.gws-prod.gps&w=408&h=240&yaw=115.68959&pitch=0&thumbfov=100,true,8 am–4:30 pm,8 am–4:30 pm,8 am–4:30 pm,8 am–4:30 pm,Closed,Closed,8 am–4:30 pm,"https://www.google.com/maps/search/vein+clinics+in+Newberry+Gainesville+FL/@29.6557754,-82.3904126,14z",2025-12-16T22:40:55.063Z,,,,
https://www.google.com/maps/place/Trusted+Hands+Health+and+Wellness+IV+Hydration+Station/data=!4m7!3m6!1s0x88e8a3b32d904133:0xd127f79033056ebd!8m2!3d29.6950954!4d-82.3394667!16s%2Fg%2F11t7hdhc7_!19sChIJM0GQLbOj6IgRvW4FM5D3J9E,Trusted Hands Health and Wellness IV Hydration Station,5.0,36,IV therapy service,"4424 NW 13th St # C11, Gainesville, FL 32609, United States","MMW6+26 Gainesville, Florida, USA",http://trustedhandshw.com/,+1 833-352-8449,,https://lh3.googleusercontent.com/gps-cs-s/AG0ilSyaW5lcIwze9kT6swxlN0dkMXx-B-X7y1szhjQoinxWewWcYqF3AeAIBoTvSnqrfWst0lcQMRHQYZZ1EZxOKFShkFhkC6Xmu9L9z0Va0qpmJSNLRrSmj9ewFfhFxf2iYpEu7HPt=w408-h759-k-no,true,,,,,,,,"https://www.google.com/maps/search/vein+clinics+in+Newberry+Gainesville+FL/@29.6557754,-82.3904126,14z",2025-12-16T22:40:59.392Z,LGBTQ+ friendly,true,,
https://www.google.com/maps/place/Vascular+Surgery/data=!4m7!3m6!1s0x88e8a38cc274f3f3:0xeb4b6efc22132ae2!8m2!3d29.6516467!4d-82.3247426!16s%2Fg%2F1tg87gxz!19sChIJ8_N0woyj6IgR4ioTIvxuS-s,Vascular Surgery,,,Surgical center,"Gainesville, FL 32608, United States","MM2G+M4 Gainesville, Florida, USA",,+1 352-244-5040,,https://streetviewpixels-pa.googleapis.com/v1/thumbnail?panoid=QyIx6xdxbdoJpz8o3i_NXA&cb_client=search.gws-prod.gps&w=408&h=240&yaw=79.15084&pitch=0&thumbfov=100,false,,,,,,,,"https://www.google.com/maps/search/vein+clinics+in+Newberry+Gainesville+FL/@29.6557754,-82.3904126,14z",2025-12-16T22:41:01.703Z,,,,
https://www.google.com/maps/place/Mr.+Elmer+Croushore/data=!4m7!3m6!1s0x88e8bcabc17d46e9:0xdc95c32b8a3b5969!8m2!3d29.6591275!4d-82.3929923!16s%2Fg%2F11p07bdxvd!19sChIJ6UZ9wau86IgRaVk7iivDldw,Mr. Elmer Croushore,5.0,40,Vascular surgeon,"4645 NW 8th Ave, Gainesville, FL 32605, United States","MJ54+MR Gainesville, Florida, USA",https://www.tcavi.com/about/providers/elmer-croushore-m-d-facs-fsvs/,+1 352-264-2500,Closed · Opens 7 am Wed,https://streetviewpixels-pa.googleapis.com/v1/thumbnail?panoid=owpJQxLD3CKnZfy0mZMuxQ&cb_client=search.gws-prod.gps&w=408&h=240&yaw=297.717&pitch=0&thumbfov=100,true,7 am–5 pm,7 am–5 pm,7 am–5 pm,7 am–5 pm,Closed,Closed,7 am–5 pm,"https://www.google.com/maps/search/vein+clinics+in+Haile+Plantation+Gainesville+FL/@29.6111929,-82.4400679,14z",2025-12-16T22:41:17.378Z,,,,
https://www.google.com/maps/place/UF+Health+Family+Medicine+-+Haile+Plantation/data=!4m7!3m6!1s0x88e8bc56dd553e7f:0x58a4580d844c11f6!8m2!3d29.6273882!4d-82.435962!16s%2Fg%2F11cjy3lk1d!19sChIJfz5V3Va86IgR9hFMhA1YpFg,UF Health Family Medicine - Haile Plantation,3.9,31,Medical clinic,"2846 SW 87 Way # A, Gainesville, FL 32608, United States","JHG7+XJ Gainesville, Florida, USA",https://ufhealth.org/locations/uf-health-family-medicine-haile-plantation?utm_source=pg-google&utm_medium=organic&utm_campaign=pg-listings,+1 352-265-0944,Closed · Opens 8 am Wed,https://lh3.googleusercontent.com/p/AF1QipOdfQuSEnHjbOqX1aGooPkNkYQmkz-FbrIF8oEL=w426-h240-k-no,true,8 am–5 pm,8 am–5 pm,8 am–5 pm,8 am–5 pm,Closed,Closed,8 am–5 pm,"https://www.google.com/maps/search/vein+clinics+in+Haile+Plantation+Gainesville+FL/@29.6111929,-82.4400679,14z",2025-12-16T22:41:21.846Z,LGBTQ+ friendly,,,
https://www.google.com/maps/place/Gainesville+Dermatology+Aesthetic+Center/data=!4m7!3m6!1s0x88e8bc858b67709f:0xc775329ec6d34c8!8m2!3d29.6538705!4d-82.4250596!16s%2Fg%2F1tlz__xx!19sChIJn3Bni4W86IgRyDRt7ClTdww,Gainesville Dermatology Aesthetic Center,4.7,108,Medical spa,"120 NW 76 Dr, Gainesville, FL 32607, United States","MH3F+GX Gainesville, Florida, USA",https://www.gainesvilledermatologyaestheticcenter.com/?utm_source=GoogleMyBusiness&utm_medium=organic&utm_campaign=GMB,+1 352-333-3223,Closed · Opens 7:30 am Wed,https://lh3.googleusercontent.com/p/AF1QipNrSvYyGsWvPqMoOJ6AgNkTpsb-NdijA4ZI2vSb=w408-h612-k-no,true,7:30 am–4:30 pm,7:30 am–4:30 pm,7:30 am–4:30 pm,7:30 am–4:30 pm,Closed,Closed,7:30 am–4:30 pm,"https://www.google.com/maps/search/vein+clinics+in+Haile+Plantation+Gainesville+FL/@29.6111929,-82.4400679,14z",2025-12-16T22:41:30.616Z,,,,
https://www.google.com/maps/place/The+Vein+Center+of+North+Florida/data=!4m7!3m6!1s0x88e7d4c24f04cae1:0x2a20cb3958157886!8m2!3d29.1673459!4d-82.1569466!16s%2Fg%2F11b77g7nsf!19sChIJ4coET8LU54gRhngVWDnLICo,The Vein Center of North Florida,3.4,19,Medical clinic,"1920 SW 20th Pl Suite #201, Ocala, FL 34471, United States","5R8V+W6 Ocala, Florida, USA",https://veincenternorthflorida.com/,+1 352-237-1820,Closed · Opens 8 am Wed,https://streetviewpixels-pa.googleapis.com/v1/thumbnail?panoid=cIz6C-TwLqyk3a4-aL03Ng&cb_client=search.gws-prod.gps&w=408&h=240&yaw=252.87717&pitch=0&thumbfov=100,true,8 am–5 pm,8 am–5 pm,8 am–5 pm,8 am–1 pm,Closed,Closed,8 am–5 pm,"https://www.google.com/maps/search/vein+clinics+in+Haile+Plantation+Gainesville+FL/@29.6111929,-82.4400679,14z",2025-12-16T22:41:41.192Z,,,,
https://www.google.com/maps/place/Haile+Plantation+Animal+Clinic/data=!4m7!3m6!1s0x88e8bda5c8d39261:0x7f121d1d2649ea4d!8m2!3d29.6052917!4d-82.4384171!16s%2Fg%2F1thqbpdl!19sChIJYZLTyKW96IgRTepJJh0dEn8,Haile Plantation Animal Clinic,4.8,416,Veterinarian,"5231 SW 91st Dr, Gainesville, FL 32608, United States","JH46+7J Gainesville, Florida, USA",https://www.haileanimalclinic.com/,+1 352-377-6003,Open · Closes 7 pm,https://lh3.googleusercontent.com/p/AF1QipNB3L9pkiIhj3gGv-MDts6MdiXUhdCw2qJEctDs=w426-h240-k-no,true,7 am–7 pm,7 am–7 pm,7 am–7 pm,7 am–7 pm,7 am–1 pm,12–6 pm,7 am–7 pm,"https://www.google.com/maps/search/vein+clinics+in+Haile+Plantation+Gainesville+FL/@29.6111929,-82.4400679,14z",2025-12-16T22:41:45.534Z,LGBTQ+ friendly,,,
https://www.google.com/maps/place/Emergency+Physicians+Medical+Center/data=!4m7!3m6!1s0x88e8bcfa812562e3:0x39a1c96ea32bc9b3!8m2!3d29.630214!4d-82.423718!16s%2Fg%2F1th82sg3!19sChIJ42Ilgfq86IgRs8kro27JoTk,Emergency Physicians Medical Center,3.3,156,Urgent care center,"2445 SW 76th St #110, Gainesville, FL 32608, United States","JHJG+3G Gainesville, Florida, USA",http://www.emergencypmc.com/,+1 352-872-5111,Open · Closes 8 pm,https://lh3.googleusercontent.com/p/AF1QipNaK15KDMaO1M5sj4NlJh7kZXtpmKDbBqfEXjFb=w408-h488-k-no,true,8 am–8 pm,8 am–8 pm,8 am–8 pm,8 am–8 pm,10 am–4 pm,10 am–4 pm,8 am–8 pm,"https://www.google.com/maps/search/vein+clinics+in+Haile+Plantation+Gainesville+FL/@29.6111929,-82.4400679,14z",2025-12-16T22:41:54.525Z,,,,
https://www.google.com/maps/place/Vein+Specialists+of+Central+Florida/data=!4m7!3m6!1s0x88e7d3445496b1c5:0xff0c4566edd03fcd!8m2!3d29.16768!4d-82.114276!16s%2Fg%2F11g8wj7028!19sChIJxbGWVETT54gRzT_Q7WZFDP8,Vein Specialists of Central Florida,5.0,10,Doctor,"1830 SE 18th Ave Suite 3, Ocala, FL 34471, United States","5V9P+37 Ocala, Florida, USA",https://www.veinspecialistsocala.com/,+1 352-690-6000,Closed · Opens 8:30 am Wed,https://lh3.googleusercontent.com/gps-cs-s/AG0ilSziZ79c-O2UX9zCgVvB_luEaVOMbJ9Hue2Q4wVXxOfqG3Xhl99gqQRg26zCE3bcokCZb4cGpNLyKo6pK8pvFTy89sq-a6w8tYVzWyBI_JK07PIBCIzsgjP7rUPHGyD1pzLIG76a=w408-h272-k-no,true,8:30 am–5 pm,8:30 am–5 pm,8:30 am–5 pm,8:30 am–12:30 pm,Closed,Closed,8:30 am–5 pm,"https://www.google.com/maps/search/vein+clinics+in+Haile+Plantation+Gainesville+FL/@29.6111929,-82.4400679,14z",2025-12-16T22:41:58.927Z,,,,
https://www.google.com/maps/place/Gainesville+Dermatology+%26+Skin+Surgery+forefront+dermatology/data=!4m7!3m6!1s0x88e8bc858653cd2b:0x6edcc98dd466b95f!8m2!3d29.6535875!4d-82.42504!16s%2Fg%2F1tq6f9pw!19sChIJK81ThoW86IgRX7lm1I3J3G4,Gainesville Dermatology & Skin Surgery forefront dermatology,4.0,255,Skin care clinic,"114 NW 76 Dr, Gainesville, FL 32607, United States","MH3F+CX Gainesville, Florida, USA",https://www.gainesvilledermatologyskinsurgery.com/?utm_source=GoogleMyBusiness&utm_medium=organic&utm_campaign=GMB,+1 352-332-4442,"Closed · Opens 7:30 am Wed

Updated by others 9 weeks ago",https://lh3.googleusercontent.com/gps-cs-s/AG0ilSxQo3nLHiWTFP8fpbr5zNhxMQqOTsFo2VDvfL9PRvdn47X5qCA4JrJ6Zq_eYXeP6aFPufI1YLb_NIyalfAWJZyImRTlkTTTPOsKpA-Yc0bHEVFyvaRPNsFi-6w0BF9CI9QfIkXf=w408-h302-k-no,true,7:30 am–4:30 pm,7:30 am–4:30 pm,7:30 am–4:30 pm,7:30 am–4:15 pm,Closed,Closed,7:30 am–4:30 pm,"https://www.google.com/maps/search/vein+clinics+in+Haile+Plantation+Gainesville+FL/@29.6111929,-82.4400679,14z",2025-12-16T22:42:03.236Z,LGBTQ+ friendly,,,
https://www.google.com/maps/place/UF+Health+Heart+%26+Vascular+Hospital/data=!4m7!3m6!1s0x88e8bd14a043fb49:0xfa1d3895042f0c31!8m2!3d29.6394103!4d-82.3412409!16s%2Fg%2F11gcnjsx_7!19sChIJSftDoBS96IgRMQwvBJU4Hfo,UF Health Heart & Vascular Hospital,4.4,76,Heart hospital,"1505 SW Archer Rd, Gainesville, FL 32608, United States","JMQ5+QG Gainesville, Florida, USA",https://ufhealth.org/locations/uf-health-heart-vascular-hospital?utm_source=pg-google&utm_medium=organic&utm_campaign=pg-listings,+1 352-265-9928,Open · Closes 9 pm,https://lh3.googleusercontent.com/p/AF1QipOe2hDfy2WTjqCn2Qw7WU9X_eSs379oBma5SR6d=w426-h240-k-no,true,9 am–9 pm,9 am–9 pm,9 am–9 pm,9 am–9 pm,9 am–9 pm,9 am–9 pm,9 am–9 pm,"https://www.google.com/maps/search/vein+clinics+in+Haile+Plantation+Gainesville+FL/@29.6111929,-82.4400679,14z",2025-12-16T22:42:07.649Z,LGBTQ+ friendly,,,
https://www.google.com/maps/place/HCA+Florida+Heart+and+Lung+-+Gainesville/data=!4m7!3m6!1s0x88e8bc9f658bfae9:0xa9e312a53d155108!8m2!3d29.6606423!4d-82.4115218!16s%2Fg%2F11c2k707ht!19sChIJ6fqLZZ-86IgRCFEVPaUS46k,HCA Florida Heart and Lung - Gainesville,4.9,42,Cardiovascular and thoracic surgeon,"6440 W Newberry Rd Suite 102, Gainesville, FL 32605, United States","MH6Q+79 Gainesville, Florida, USA",https://www.hcafloridaphysicians.com/locations/heart-and-lung/gainesville/?utm_campaign=corp_listings_mgmt&utm_source=google&utm_medium=business_listing,+1 352-333-5610,Closed · Opens 8 am Wed,https://lh3.googleusercontent.com/p/AF1QipMY6Pms_qUzodskXveeNE9w1ejBfzyhmbF2LTP_=w426-h240-k-no,true,8 am–5 pm,8 am–5 pm,8 am–5 pm,8 am–5 pm,Closed,Closed,8 am–5 pm,"https://www.google.com/maps/search/vein+clinics+in+Haile+Plantation+Gainesville+FL/@29.6111929,-82.4400679,14z",2025-12-16T22:42:12.014Z,,,,
https://www.google.com/maps/place/Skin+Avenue+Aesthetics/data=!4m7!3m6!1s0xa0dae5f72275b20f:0x2b24ab86ef511a9f!8m2!3d29.6545071!4d-82.3858171!16s%2Fg%2F11j_2h7s64!19sChIJD7J1Ivfl2qARnxpR74arJCs,Skin Avenue Aesthetics,5.0,102,Medical spa,"4020 Newberry Rd STE 100, Gainesville, FL 32607, United States","MJ37+RM Gainesville, Florida, USA",https://www.skinavenueaesthetics.com/,+1 352-363-1213,Closed · Opens 9:30 am Wed,https://lh3.googleusercontent.com/p/AF1QipOjVTFj0WA00LTgKXg36RZFJDjzw0ayFisJbGfj=w408-h396-k-no,true,9:30 am–5:30 pm,9:30 am–5 pm,9:30 am–5 pm,9:30 am–5:30 pm,11 am–2 pm,Closed,9:30 am–5 pm,"https://www.google.com/maps/search/vein+clinics+in+Haile+Plantation+Gainesville+FL/@29.6111929,-82.4400679,14z",2025-12-16T22:42:16.597Z,Identifies as women-owned,,,
https://www.google.com/maps/place/HCA+Florida+Gainesville+Surgical+Group/data=!4m7!3m6!1s0x88e8bb5ffa7f91d1:0xf6e035675d07ef6c!8m2!3d29.6646311!4d-82.4095138!16s%2Fg%2F1vg_83n6!19sChIJ0ZF_-l-76IgRbO8HXWc14PY,HCA Florida Gainesville Surgical Group,4.6,152,Surgical center,"1143 NW 64th Terrace Suite A, Gainesville, FL 32605, United States","MH7R+V5 Gainesville, Florida, USA",https://www.hcafloridaphysicians.com/locations/gainesville-surgical-group/?utm_campaign=corp_listings_mgmt&utm_source=google&utm_medium=business_listing,+1 352-331-1201,Closed · Opens 8 am Wed,https://streetviewpixels-pa.googleapis.com/v1/thumbnail?panoid=A7w2ojsDt6bqJVOW2ECBKw&cb_client=search.gws-prod.gps&w=408&h=240&yaw=48.37034&pitch=0&thumbfov=100,true,8 am–5 pm,8 am–5 pm,8 am–5 pm,8 am–5 pm,Closed,Closed,8 am–5 pm,"https://www.google.com/maps/search/vein+clinics+in+Haile+Plantation+Gainesville+FL/@29.6111929,-82.4400679,14z",2025-12-16T22:42:21.056Z,,,,
https://www.google.com/maps/place/Thoracic+%26+Vascular+Surgeons+of+Gainesville:+Proia+Richard+MD/data=!4m7!3m6!1s0x88e8bb6004fa31d1:0xd927aa2893b34de0!8m2!3d29.6646882!4d-82.4108359!16s%2Fg%2F11cmch7y2w!19sChIJ0TH6BGC76IgR4E2zkyiqJ9k,Thoracic & Vascular Surgeons of Gainesville: Proia Richard MD,5.0,1,Cardiovascular and thoracic surgeon,"1151 NW 64th Terrace, Gainesville, FL 32605, United States","MH7Q+VM Gainesville, Florida, USA",,+1 352-416-2628,Closed · Opens 8 am Wed,https://streetviewpixels-pa.googleapis.com/v1/thumbnail?panoid=vAbTWn-RDZlYd_uoNp7bJA&cb_client=search.gws-prod.gps&w=408&h=240&yaw=20.613121&pitch=0&thumbfov=100,false,8 am–5 pm,8 am–5 pm,8 am–5 pm,8 am–5 pm,Closed,Closed,8 am–5 pm,"https://www.google.com/maps/search/vein+clinics+in+Haile+Plantation+Gainesville+FL/@29.6111929,-82.4400679,14z",2025-12-16T22:42:25.395Z,,,,
https://www.google.com/maps/place/Vascular+Vein+Centers/data=!4m7!3m6!1s0x88e7c40c72f76699:0xa59493607a3ce82c!8m2!3d28.9058134!4d-81.9720823!16s%2Fg%2F1tcvjy6h!19sChIJmWb3cgzE54gRLOg8emCTlKU,Vascular Vein Centers,4.9,440,Vascular surgeon,"910 Old Camp Rd Building 160, Suite 164, The Villages, FL 32162, United States","W24H+85 The Villages, Florida, USA",https://www.bestveintreatment.com/,+1 352-750-6191,Closed · Opens 8 am Wed,https://lh3.googleusercontent.com/p/AF1QipPdVWUgmlbqXGMWdMS1Wt-N7hTTkmjbhRoBe5DZ=w408-h242-k-no,true,8 am–5 pm,8 am–5 pm,8 am–5 pm,8 am–5 pm,Closed,Closed,8 am–5 pm,"https://www.google.com/maps/search/vein+clinics+in+Haile+Plantation+Gainesville+FL/@29.6111929,-82.4400679,14z",2025-12-16T22:42:29.712Z,,,,
https://www.google.com/maps/place/Gaines+Plastic+Surgery/data=!4m7!3m6!1s0x88e8bc8f7d05e231:0xc1c588ba16029bfd!8m2!3d29.6545414!4d-82.4236969!16s%2Fg%2F1tdwfrwn!19sChIJMeIFfY-86IgR_ZsCFrqIxcE,Gaines Plastic Surgery,4.9,196,Plastic surgeon,"217 NW 76 Dr, Gainesville, FL 32607, United States","MH3G+RG Gainesville, Florida, USA",https://www.gainesvilleplastic.com/,+1 352-333-9600,Closed · Opens 9 am Wed,https://lh3.googleusercontent.com/p/AF1QipOV-vlfJH91-uWanBKn1RzgRCEUDjg7GOy6CTHJ=w427-h240-k-no,true,9 am–4 pm,9 am–4 pm,9 am–4 pm,9 am–1 pm,Closed,Closed,9 am–4 pm,"https://www.google.com/maps/search/vein+clinics+in+Haile+Plantation+Gainesville+FL/@29.6111929,-82.4400679,14z",2025-12-16T22:42:34.315Z,LGBTQ+ friendly,,,
https://www.google.com/maps/place/IVX+Health+Infusion+Center/data=!4m7!3m6!1s0x88e8bd582293c4d5:0x740cc388b2a67836!8m2!3d29.6557718!4d-82.421404!16s%2Fg%2F11lcdvckw2!19sChIJ1cSTIli96IgRNnimsojDDHQ,IVX Health Infusion Center,4.8,23,Medical clinic,"7415 NW 4th Blvd UNIT 20, Gainesville, FL 32607, United States","MH4H+8C Gainesville, Florida, USA",https://ivxhealth.com/locations/florida/gainesville/,+1 352-756-4147,Open · Closes 7 pm,https://lh3.googleusercontent.com/p/AF1QipPxL3UJ0r79X7LUaAAZnbY4zDBPPKr2qJykCXmV=w426-h240-k-no,true,7 am–7 pm,7 am–7 pm,7 am–7 pm,7 am–7 pm,10 am–3 pm,Closed,7 am–7 pm,"https://www.google.com/maps/search/vein+clinics+in+Haile+Plantation+Gainesville+FL/@29.6111929,-82.4400679,14z",2025-12-16T22:42:38.836Z,,,,
https://www.google.com/maps/place/HCA+Florida+Gainesville+Surgical+Associates/data=!4m7!3m6!1s0x88e8bd089eea0a79:0x6ab834ad092badef!8m2!3d29.6629786!4d-82.4107768!16s%2Fg%2F11h2350h1g!19sChIJeQrqngi96IgR760rCa00uGo,HCA Florida Gainesville Surgical Associates,4.9,25,Surgical center,"1121 NW 64th Terrace B, Gainesville, FL 32605, United States","MH7Q+5M Gainesville, Florida, USA",https://www.hcafloridaphysicians.com/locations/gainesville-surgical-associates/?utm_campaign=corp_listings_mgmt&utm_source=google&utm_medium=business_listing,+1 352-331-2010,Closed · Opens 8 am Wed,https://streetviewpixels-pa.googleapis.com/v1/thumbnail?panoid=imSqBOC3EHvtEpNk0_TcIw&cb_client=search.gws-prod.gps&w=408&h=240&yaw=177.37753&pitch=0&thumbfov=100,true,8 am–5 pm,8 am–5 pm,8 am–5 pm,8 am–5 pm,Closed,Closed,8 am–5 pm,"https://www.google.com/maps/search/vein+clinics+in+Haile+Plantation+Gainesville+FL/@29.6111929,-82.4400679,14z",2025-12-16T22:42:43.194Z,,,,
https://www.google.com/maps/place/One+Vein+Clinic/data=!4m7!3m6!1s0x88e5d3f4d3ab0fd7:0x78e149a8930c6618!8m2!3d30.0583213!4d-81.527266!16s%2Fg%2F11s8x089km!19sChIJ1w-r0_TT5YgRGGYMk6hJ4Xg,One Vein Clinic,4.9,50,Surgeon,"206 Ashourian Ave Ste 213, St. Augustine, FL 32092, United States","3F5F+83 St. Augustine, Florida, USA",https://www.oneveinclinic.com/,+1 904-990-0777,Closed · Opens 9 am Wed,https://lh3.googleusercontent.com/p/AF1QipOMit7GQmoIpvPC7X_E3C_WP64_RP_G_FSi1yM=w426-h240-k-no,true,9 am–4:30 pm,9 am–4:30 pm,9 am–4:30 pm,9 am–4:30 pm,Closed,Closed,9 am–4:30 pm,"https://www.google.com/maps/search/vein+clinics+in+Haile+Plantation+Gainesville+FL/@29.6111929,-82.4400679,14z",2025-12-16T22:42:47.683Z,,,,
https://www.google.com/maps/place/Poser+Plastic+Surgery+Center/data=!4m7!3m6!1s0x88e8c0e2237c81c7:0xf21a629dd10e1382!8m2!3d29.6561182!4d-82.4796783!16s%2Fg%2F1264dl441!19sChIJx4F8I-LA6IgRghMO0Z1iGvI,Poser Plastic Surgery Center,4.4,21,Plastic surgeon,"12921 SW 1st Rd #219, Tioga, FL 32669, United States","MG4C+C4 Tioga, Florida, USA",https://www.posermd.com/?utm_source=GoogleMyBusiness&utm_medium=organic&utm_campaign=GMB,+1 352-372-3672,Closed · Opens 8 am Wed,https://lh3.googleusercontent.com/p/AF1QipNBAUppQaZFmiQQip_uxnN3_R-AKmRgbJsk7cp7=w426-h240-k-no,true,8 am–5 pm,8 am–5 pm,8 am–5 pm,8 am–5 pm,Closed,Closed,8 am–5 pm,"https://www.google.com/maps/search/vein+clinics+in+Haile+Plantation+Gainesville+FL/@29.6111929,-82.4400679,14z",2025-12-16T22:42:52.035Z,,,,
https://www.google.com/maps/place/Laser+%26+Outpatient+Surgery+Center/data=!4m7!3m6!1s0x88e8bc9dc1b71081:0xc427c00a7ba52d1b!8m2!3d29.663048!4d-82.416834!16s%2Fg%2F1tsbmyz0!19sChIJgRC3wZ286IgRGy2lewrAJ8Q,Laser & Outpatient Surgery Center,3.5,13,Surgical center,"6925 NW 11th Pl, Gainesville, FL 32605, United States","MH7M+67 Gainesville, Florida, USA",https://www.laserandoutpatientsurgerycenter.com/?y_source=1_MTI5MTQ4OTQtNzE1LWxvY2F0aW9uLndlYnNpdGU%3D,+1 352-331-1590,,https://lh3.googleusercontent.com/gps-cs-s/AG0ilSx-h6O8YaSeKOoOcBG8lFAilVA7cut6_RyHZ99UBZ4tc_JEeCSnwm0YsKHrmw7zC7_5kPzLyJfVP8vCRILCmU_FxihOgNctlumK_xKVPt7xDH-WOJExc1K1cuy6IoXhsLFd0TTi=w408-h544-k-no,true,,,,,,,,"https://www.google.com/maps/search/vein+clinics+in+Haile+Plantation+Gainesville+FL/@29.6111929,-82.4400679,14z",2025-12-16T22:42:54.305Z,,,,
https://www.google.com/maps/place/Quest+Diagnostics/data=!4m7!3m6!1s0x88e8bd1185a69621:0x20a286109a43626e!8m2!3d29.6019291!4d-82.4189432!16s%2Fg%2F1hm3fx9s2!19sChIJIZamhRG96IgRbmJDmhCGoiA,Quest Diagnostics,3.6,182,Medical laboratory,"7050 SW Archer Rd Ste 30, Gainesville, FL 32608, United States","JH2J+QC Gainesville, Florida, USA",https://locations.questdiagnostics.com/fl/gainesville/7050-sw-archer-rd,+1 352-373-5646,Closed · Opens 6:30 am Wed,https://lh3.googleusercontent.com/p/AF1QipONa_2CXlyAalMUKe5bBF24niVcpqswNGFPGFY4=w426-h240-k-no,true,6:30 am–3:30 pm,6:30 am–3:30 pm,6:30 am–3:30 pm,6:30 am–3:30 pm,Closed,Closed,6:30 am–3:30 pm,"https://www.google.com/maps/search/vein+clinics+in+Haile+Plantation+Gainesville+FL/@29.6111929,-82.4400679,14z",2025-12-16T22:42:58.729Z,,,,
https://www.google.com/maps/place/HCA+Florida+Ocala+Vascular+Surgery+-+Ocala/data=!4m7!3m6!1s0x88e7d5c5fa170eb5:0x69c5665c0bafcd65!8m2!3d29.1690867!4d-82.1132768!16s%2Fg%2F11bby3hj51!19sChIJtQ4X-sXV54gRZc2vC1xmxWk,HCA Florida Ocala Vascular Surgery - Ocala,4.9,41,Surgical center,"1901 SE 18th Ave STE 101, Ocala, FL 34471, United States","5V9P+JM Ocala, Florida, USA",https://www.hcafloridaphysicians.com/locations/ocala-vascular-surgery/ocala/?utm_campaign=corp_listings_mgmt&utm_source=google&utm_medium=business_listing,+1 352-351-1022,Closed · Opens 8 am Wed,https://streetviewpixels-pa.googleapis.com/v1/thumbnail?panoid=99j6G5oITAtUjNWdr6-cdA&cb_client=search.gws-prod.gps&w=408&h=240&yaw=2.1112702&pitch=0&thumbfov=100,true,8 am–5 pm,8 am–5 pm,8 am–5 pm,8 am–5 pm,Closed,Closed,8 am–5 pm,"https://www.google.com/maps/search/vein+clinics+in+Haile+Plantation+Gainesville+FL/@29.6111929,-82.4400679,14z",2025-12-16T22:43:03.249Z,,,,
https://www.google.com/maps/place/Advanced+Hair+Removal+%26+Skin+Institute/data=!4m7!3m6!1s0x88e8bdbf82798491:0x8ab254a4f0413baa!8m2!3d29.6535563!4d-82.4240383!16s%2Fg%2F11hzyyq70r!19sChIJkYR5gr-96IgRqjtB8KRUsoo,Advanced Hair Removal & Skin Institute,4.9,27,Beauty salon,"7550 W University Ave, Gainesville, FL 32607, United States","MH3G+C9 Gainesville, Florida, USA",http://www.hairskininstitute.com/,+1 352-331-6797,Closed · Opens 9 am Wed,https://lh3.googleusercontent.com/p/AF1QipPKtN-kusZHttP2OVRdfxiOdiR0fxbdsjARjJ0F=w630-h240-k-no,true,9 am–1 pm,9 am–7 pm,Closed,9 am–5 pm,Closed,Closed,9 am–7 pm,"https://www.google.com/maps/search/vein+clinics+in+Haile+Plantation+Gainesville+FL/@29.6111929,-82.4400679,14z",2025-12-16T22:43:07.592Z,,,,
https://www.google.com/maps/place/The+Cardiac+%26+Vascular+Institute:+Werbel+Brian+L+MD/data=!4m7!3m6!1s0x88e8bcabc1050ca5:0xfd9c173645de3719!8m2!3d29.6591142!4d-82.3928642!16s%2Fg%2F1td1f7bq!19sChIJpQwFwau86IgRGTfeRTYXnP0,The Cardiac & Vascular Institute: Werbel Brian L MD,5.0,1,Cardiologist,"4645 NW 8th Ave, Gainesville, FL 32605, United States","MJ54+JV Gainesville, Florida, USA",http://www.tcavi.com/,+1 352-375-1212,Closed · Opens 8 am Wed,https://lh3.googleusercontent.com/p/AF1QipNMmT4_6TO4gy2Q03P516EjjwQyII0CxokgceaL=w440-h240-k-no,true,8 am–5 pm,8 am–5 pm,8 am–5 pm,8 am–5 pm,Closed,Closed,8 am–5 pm,"https://www.google.com/maps/search/vein+clinics+in+Haile+Plantation+Gainesville+FL/@29.6111929,-82.4400679,14z",2025-12-16T22:43:11.986Z,,,,
https://www.google.com/maps/place/Premier+Vein+Center/data=!4m7!3m6!1s0x88e7c5c6a933cb33:0x56fa450c63609871!8m2!3d28.9629543!4d-81.9704538!16s%2Fg%2F11gb3zszns!19sChIJM8szqcbF54gRcZhgYwxF-lY,Premier Vein Center,3.0,2,Surgical center,"17820 SE 109th Ave #109, Summerfield, FL 34491, United States","X27H+5R Summerfield, Florida, USA",http://www.premierveincenters.com/,+1 352-693-2052,,https://streetviewpixels-pa.googleapis.com/v1/thumbnail?panoid=mvI8sAjtGSuilYoioCGfrg&cb_client=search.gws-prod.gps&w=408&h=240&yaw=229.17442&pitch=0&thumbfov=100,false,,,,,,,,"https://www.google.com/maps/search/vein+clinics+in+Haile+Plantation+Gainesville+FL/@29.6111929,-82.4400679,14z",2025-12-16T22:43:14.196Z,,,,
https://www.google.com/maps/place/Premier+Vein+Center/data=!4m7!3m6!1s0x88e815fc9097545b:0x2e91df0e4823a77!8m2!3d28.7491578!4d-82.5514272!16s%2Fg%2F1tcwgtpc!19sChIJW1SXkPwV6IgRdzqC5PAd6QI,Premier Vein Center,4.6,5,Surgical center,"7767 S Suncoast Blvd, Homosassa, FL 34446, United States","PCXX+MC Homosassa, Florida, USA",http://www.premierveincenters.com/,+1 352-621-0777,,https://streetviewpixels-pa.googleapis.com/v1/thumbnail?panoid=YfRXyrV-l5gwW4fY52DgYg&cb_client=search.gws-prod.gps&w=408&h=240&yaw=79.83798&pitch=0&thumbfov=100,false,,,,,,,,"https://www.google.com/maps/search/vein+clinics+in+Haile+Plantation+Gainesville+FL/@29.6111929,-82.4400679,14z",2025-12-16T22:43:16.520Z,,,,
https://www.google.com/maps/place/The+Vein+Institute+of+Jacksonville+-+Fleming+Island/data=!4m7!3m6!1s0x88e5c54316ae8373:0x59b5dafaa753a27f!8m2!3d30.1001571!4d-81.7042004!16s%2Fg%2F11bvsscn2v!19sChIJc4OuFkPF5YgRf6JTp_ratVk,The Vein Institute of Jacksonville - Fleming Island,5.0,239,Medical clinic,"1675 Eagle Harbor Pkwy SUITE B, Fleming Island, FL 32003, United States","472W+38 Fleming Island, Florida, USA",https://veininstitutejax.com/,+1 904-420-7576,Closed · Opens 8 am Wed,https://lh3.googleusercontent.com/p/AF1QipOmc2fZxvuKSLgWgEmIuTBhNDX75wcZa_GbKmLO=w426-h240-k-no,true,8 am–4:30 pm,8 am–4:30 pm,8 am–4:30 pm,8 am–4:30 pm,Closed,Closed,8 am–4:30 pm,"https://www.google.com/maps/search/vein+clinics+in+Haile+Plantation+Gainesville+FL/@29.6111929,-82.4400679,14z",2025-12-16T22:43:20.825Z,,,,
https://www.google.com/maps/place/Village+Heart+and+Vein+Center/data=!4m7!3m6!1s0x88e7c5da37768565:0x89418c632bc1fa09!8m2!3d28.9589527!4d-81.9600868!16s%2Fg%2F11c30x2ymq!19sChIJZYV2N9rF54gRCfrBK2OMQYk,Village Heart and Vein Center,4.9,1046,Cardiologist,"8575 NE 138th Ln #203, Lady Lake, FL 32159, United States","X25Q+HX Lady Lake, Florida, USA",http://www.villageheartandvein.com/,+1 352-674-2080,Closed · Opens 8 am Wed,https://lh3.googleusercontent.com/p/AF1QipN6DPQPSzI9vLN5XJhoYEW-HuGFx2T62N9hzndm=w408-h544-k-no,true,8 am–5 pm,8 am–5 pm,8 am–5 pm,8 am–5 pm,Closed,Closed,8 am–5 pm,"https://www.google.com/maps/search/vein+clinics+in+Haile+Plantation+Gainesville+FL/@29.6111929,-82.4400679,14z",2025-12-16T22:43:25.435Z,,,,
https://www.google.com/maps/place/Jacksonville+Vein+Specialists/data=!4m7!3m6!1s0x88e5cce8fe8dff99:0x8e99b51e16683d81!8m2!3d30.1311075!4d-81.540586!16s%2Fg%2F11csrxv3qh!19sChIJmf-N_ujM5YgRgT1oFh61mY4,Jacksonville Vein Specialists,5.0,56,Medical clinic,"13241 Bartram Park Blvd Ste 1809, Jacksonville, FL 32258, United States","4FJ5+CQ Southside, Jacksonville, FL, USA",https://www.904veins.com/?utm_source=gmb_auth,+1 904-423-1925,Closed · Opens 8:30 am Wed,https://lh3.googleusercontent.com/p/AF1QipNpRkQGkevMEgzxL5w7UJ_gLMIPGv49RsyxnAB_=w486-h240-k-no,true,8:30 am–5 pm,8:30 am–5 pm,8:30 am–5 pm,9 am–4 pm,Closed,Closed,Closed,"https://www.google.com/maps/search/vein+clinics+in+Haile+Plantation+Gainesville+FL/@29.6111929,-82.4400679,14z",2025-12-16T22:43:29.778Z,,,,
https://www.google.com/maps/place/Central+Florida+Vein+and+Vascular+Center/data=!4m7!3m6!1s0x88e7c5d1e9d393e9:0xe3ef9d345a29a6f8!8m2!3d28.9598548!4d-81.96036!16s%2Fg%2F11bc8dnv5w!19sChIJ6ZPT6dHF54gR-KYpWjSd7-M,Central Florida Vein and Vascular Center,5.0,6,Vascular surgeon,"13953 NE 86th Terrace #101, Lady Lake, FL 32159, United States","X25Q+WV Lady Lake, Florida, USA",https://cfvein.com/our-locations/the-villages/?utm_source=google&utm_medium=organic&utm_campaign=gmb,+1 352-580-2839,Closed · Opens 8 am Wed,https://lh3.googleusercontent.com/p/AF1QipPUZcKq5P4BHedKbpLLq4i0LCZLU2TcZsb5RAvd=w408-h306-k-no,true,8 am–4:30 pm,8 am–4:30 pm,8 am–4:30 pm,8 am–4 pm,Closed,Closed,8 am–4:30 pm,"https://www.google.com/maps/search/vein+clinics+in+Haile+Plantation+Gainesville+FL/@29.6111929,-82.4400679,14z",2025-12-16T22:43:34.082Z,,,,
"https://www.google.com/maps/place/Arthur+C.+Lee,+MD/data=!4m7!3m6!1s0x88e8bb600494774b:0x460b48ff80e9e5fd!8m2!3d29.6646882!4d-82.4108359!16s%2Fg%2F11rwxfv1ly!19sChIJS3eUBGC76IgR_eXpgP9IC0Y","Arthur C. Lee, MD",5.0,112,Cardiologist,"1151 NW 64th Terrace, Gainesville, FL 32605, United States","MH7Q+VM Gainesville, Florida, USA",https://www.hcafloridahealthcare.com/locations/north-florida-hospital/physicians/profile/Dr-Arthur-C-Lee-MD,+1 352-375-1212,Closed · Opens 7 am Wed,https://lh3.googleusercontent.com/p/AF1QipOWuM8peZZ8yWU0NtdcgHCv7U6noJqultHe6LkM=w408-h272-k-no,true,7 am–5 pm,7 am–5 pm,7 am–5 pm,7 am–5 pm,Closed,Closed,7 am–5 pm,"https://www.google.com/maps/search/vein+clinics+in+Haile+Plantation+Gainesville+FL/@29.6111929,-82.4400679,14z",2025-12-16T22:43:38.733Z,,,,
https://www.google.com/maps/place/North+Florida+Vein+Clinic/data=!4m7!3m6!1s0x88e5c42e1a4c5f5f:0x68b470adc6261636!8m2!3d30.1645739!4d-81.7417048!16s%2Fg%2F1tlbvjlw!19sChIJX19MGi7E5YgRNhYmxq1wtGg,North Florida Vein Clinic,5.0,1,Surgical center,"2140 Kingsley Ave, Orange Park, FL 32073, United States","5775+R8 Orange Park, Florida, USA",,+1 904-276-9222,,https://streetviewpixels-pa.googleapis.com/v1/thumbnail?panoid=h3IgFKZlds09v6GUE_6KjA&cb_client=search.gws-prod.gps&w=408&h=240&yaw=276.30362&pitch=0&thumbfov=100,false,,,,,,,,"https://www.google.com/maps/search/vein+clinics+in+Haile+Plantation+Gainesville+FL/@29.6111929,-82.4400679,14z",2025-12-16T22:43:40.928Z,,,,
"https://www.google.com/maps/place/William+C.+Storoe+IV,+DDS,+PA/data=!4m7!3m6!1s0x88e8a35ad15a10c1:0x8b5b9c5b9676cce5!8m2!3d29.6511631!4d-82.3755505!16s%2Fg%2F1ts1ngj8!19sChIJwRBa0Vqj6IgR5cx2llucW4s","William C. Storoe IV, DDS, PA",4.9,140,Oral surgeon,"3500 SW 2nd Ave STE 2, Gainesville, FL 32607, United States","MJ2F+FQ Gainesville, Florida, USA",http://www.storoe.com/,+1 352-371-4111,Closed · Opens 7:30 am Wed,https://lh3.googleusercontent.com/p/AF1QipNywTIFdWdDhlsawcOeYtWXWlCH2eiAQIOiokQ0=w426-h240-k-no,true,7:30 am–3 pm,7:30 am–3 pm,7:30 am–3 pm,7:30–10 am,Closed,Closed,7:30 am–3 pm,"https://www.google.com/maps/search/vein+clinics+in+Haile+Plantation+Gainesville+FL/@29.6111929,-82.4400679,14z",2025-12-16T22:43:45.319Z,,,,
"https://www.google.com/maps/place/Dr.+Alexander+J.+Rim,+MD/data=!4m7!3m6!1s0x88e8bc9ff25bb231:0x98d1887967bef2c2!8m2!3d29.663019!4d-82.410825!16s%2Fg%2F1tdc618h!19sChIJMbJb8p-86IgRwvK-Z3mI0Zg","Dr. Alexander J. Rim, MD",,,Vascular surgeon,"1121 NW 64th Terrace A, Gainesville, FL 32605, United States","MH7Q+6M Gainesville, Florida, USA",,+1 352-331-6777,,https://streetviewpixels-pa.googleapis.com/v1/thumbnail?panoid=imSqBOC3EHvtEpNk0_TcIw&cb_client=search.gws-prod.gps&w=408&h=240&yaw=194.4806&pitch=0&thumbfov=100,false,,,,,,,,"https://www.google.com/maps/search/vein+clinics+in+Haile+Plantation+Gainesville+FL/@29.6111929,-82.4400679,14z",2025-12-16T22:43:47.810Z,,,,
https://www.google.com/maps/place/Laser+Vein+Care/data=!4m7!3m6!1s0x88e8a3878ef13271:0xf8847ca092f53950!8m2!3d29.659684!4d-82.3360524!16s%2Fg%2F1tc_xfcd!19sChIJcTLxjoej6IgRUDn1kqB8hPg,Laser Vein Care,,,,"1100 NW 8th Ave, Gainesville, FL 32601, United States","MM57+VH Gainesville, Florida, USA",,+1 352-374-8346,Permanently closed,https://streetviewpixels-pa.googleapis.com/v1/thumbnail?panoid=CopW8-wfBlHDCLfSrxCCKQ&cb_client=search.gws-prod.gps&w=408&h=240&yaw=355.87393&pitch=0&thumbfov=100,false,,,,,,,,"https://www.google.com/maps/search/vein+clinics+in+Alachua+Gainesville+FL/@29.6519563,-82.324998,14z",2025-12-16T22:43:59.433Z,,,,
https://www.google.com/maps/place/SIMEDHealth+Primary+Care/data=!4m7!3m6!1s0x88e8c9bd78a239f9:0xa74629af0efdd33d!8m2!3d29.8273799!4d-82.5984471!16s%2Fg%2F11jt6cqkz1!19sChIJ-TmieL3J6IgRPdP9Dq8pRqc,SIMEDHealth Primary Care,4.5,14,Family practice physician,"23741 US-27, High Springs, FL 32643, United States","RCG2+XJ High Springs, Florida, USA",https://www.simedhealth.com/simedhealth-high-springs,+1 352-224-2424,Closed · Opens 8 am Wed,https://lh3.googleusercontent.com/p/AF1QipOXvCe-oaStOWk9h58731fqZKaQgOfWT6sxemK4=w426-h240-k-no,true,8 am–5 pm,8 am–5 pm,8 am–5 pm,8 am–5 pm,Closed,Closed,8 am–5 pm,"https://www.google.com/maps/search/vein+clinics+in+High+Springs+Gainesville+FL/@29.8269064,-82.5967832,14z",2025-12-16T22:44:13.402Z,,,,
https://www.google.com/maps/place/Palms+Medical+Group+-+High+Springs/data=!4m7!3m6!1s0x88e8c9a523310ef5:0x551825be9b08ecc0!8m2!3d29.8090595!4d-82.555315!16s%2Fg%2F11bbrn51qp!19sChIJ9Q4xI6XJ6IgRwOwIm74lGFU,Palms Medical Group - High Springs,4.4,273,Doctor,"16916 NW US Hwy 441, High Springs, FL 32643, United States","RC5V+JV High Springs, Florida, USA",https://palmsmg.org/high-springs/,+1 386-454-0568,Closed · Opens 8 am Wed,https://lh3.googleusercontent.com/p/AF1QipMGYn47VFk-CE7QzejrnhjKW877U7ZDXmDlszhU=w426-h240-k-no,true,8 am–5 pm,8 am–5 pm,8 am–5 pm,8 am–5 pm,8 am–6 pm,12–4 pm,8 am–5 pm,"https://www.google.com/maps/search/vein+clinics+in+High+Springs+Gainesville+FL/@29.8269064,-82.5967832,14z",2025-12-16T22:44:17.916Z,,,,
https://www.google.com/maps/place/The+Vein+and+Vascular+Institute/data=!4m7!3m6!1s0x88e81e283f8fd42d:0xe1bbf32a8f7c773b!8m2!3d28.4681042!4d-82.5099286!16s%2Fg%2F1q5bt5xwr!19sChIJLdSPPyge6IgRO3d8jyrzu-E,The Vein and Vascular Institute,4.8,312,Medical Center,"13113 Spring Hill Dr, Spring Hill, FL 34609, United States","FF9R+62 Spring Hill, Florida, USA",https://tampavascularsurgeon.com/contact-us/,+1 813-377-2773,Closed · Opens 8 am Wed,https://lh3.googleusercontent.com/p/AF1QipMmHZA3ihef1pt6r_zXSRUdCBq9wQ72PWihQS7X=w408-h272-k-no,true,8 am–5 pm,8 am–5 pm,8 am–5 pm,8 am–5 pm,Closed,Closed,8 am–5 pm,"https://www.google.com/maps/search/vein+clinics+in+High+Springs+Gainesville+FL/@29.8269064,-82.5967832,14z",2025-12-16T22:44:26.523Z,,,,
"https://www.google.com/maps/place/Dynamic+Vascular+Inc/@29.714535,-82.54931,17z/data=!3m1!4b1!4m6!3m5!1s0x88e8b888ee103993:0x8b38115823ac88e!8m2!3d29.714535!4d-82.54931!16s%2Fg%2F1tcxklgg",Dynamic Vascular Inc,,,Surgical center,"19406 NW 62nd Ave, Alachua, FL 32615, United States","PF72+R7 Alachua, Florida, USA",,+1 386-462-9957,Open 24 hours,,true,Open 24 hours,Open 24 hours,Open 24 hours,Open 24 hours,Open 24 hours,Open 24 hours,Open 24 hours,"https://www.google.com/maps/search/vein+clinics+in+High+Springs+Gainesville+FL/@29.8269064,-82.5967832,14z",2025-12-16T22:44:32.845Z,,,,
,,,,,,,,,,,,,,,,,,,"https://www.google.com/maps/search/vein+clinics+in+Cross+Creek+Gainesville+FL/@29.6519563,-82.324998,14z",2025-12-16T22:44:57.706Z,,,No new results found,
https://www.google.com/maps/place/UF+Health+%7C+Surgical+Specialists+-+Heart+%26+Vascular+Hospital/data=!4m7!3m6!1s0x88e8a3b0f0c53161:0x8f22f48b3a9391be!8m2!3d29.6394103!4d-82.3412409!16s%2Fg%2F11rtz3dxbh!19sChIJYTHF8LCj6IgRvpGTOov0Io8,UF Health | Surgical Specialists - Heart & Vascular Hospital,,,Surgical center,"1505 SW Archer Rd, Gainesville, FL 32608, United States","JMQ5+QG Gainesville, Florida, USA",https://ufhealth.org/locations/uf-health-surgical-specialists-heart-vascular-hospital?utm_source=pg-google&utm_medium=organic&utm_campaign=pg-listings,+1 352-265-5470,Closed · Opens 8 am Wed,https://lh3.googleusercontent.com/p/AF1QipNIlTz7KlRoRySdiyjytOxluUYlqphgaq3KSZsV=w426-h240-k-no,true,8 am–5 pm,8 am–5 pm,8 am–5 pm,8 am–5 pm,Closed,Closed,8 am–5 pm,"https://www.google.com/maps/search/vein+clinics+in+Archer+Gainesville+FL/@29.6519563,-82.324998,14z",2025-12-16T22:45:10.492Z,,,,
https://www.google.com/maps/place/UF+Health+Neuromedicine+Hospital/data=!4m7!3m6!1s0x88e8a370e482ffb3:0xc609660adef6faa7!8m2!3d29.6394103!4d-82.3412409!16s%2Fg%2F11f8cw3km7!19sChIJs_-C5HCj6IgRp_r23gpmCcY,UF Health Neuromedicine Hospital,3.7,12,Medical clinic,"1505 SW Archer Rd, Gainesville, FL 32608, United States","JMQ5+QG Gainesville, Florida, USA",https://ufhealth.org/locations/uf-health-neuromedicine-hospital?utm_source=pg-google&utm_medium=organic&utm_campaign=pg-listings,+1 352-265-0111,Open · Closes 9 pm,https://lh3.googleusercontent.com/p/AF1QipMjRIqe1goI8FOxJruZAsQYIJKS2F73n5z6boXF=w426-h240-k-no,true,9 am–9 pm,9 am–9 pm,9 am–9 pm,9 am–9 pm,9 am–9 pm,9 am–9 pm,9 am–9 pm,"https://www.google.com/maps/search/vein+clinics+in+Archer+Gainesville+FL/@29.6519563,-82.324998,14z",2025-12-16T22:45:19.125Z,,,,
"https://www.google.com/maps/place/Adam+Beck/@29.6392523,-82.3453361,17z/data=!3m1!4b1!4m6!3m5!1s0x88e8a375617dd4b5:0xb775d22a56d12a61!8m2!3d29.6392523!4d-82.3453361!16s%2Fg%2F11k3_k8w7p",Adam Beck,5.0,1,Surgeon,"1660 SW Archer Rd, Gainesville, FL 32610, United States","JMQ3+PV Gainesville, Florida, USA",,,,,false,,,,,,,,"https://www.google.com/maps/search/vein+clinics+in+Archer+Gainesville+FL/@29.6519563,-82.324998,14z",2025-12-16T22:45:23.438Z,,,,
"https://www.google.com/maps/place/Dr.+Kenneth+M.+Desart,+MD/data=!4m7!3m6!1s0x88e8a39e42a9d089:0x24651a1ba784ea06!8m2!3d29.6400842!4d-82.3443413!16s%2Fg%2F1tj7fws_!19sChIJidCpQp6j6IgRBuqEpxsaZSQ","Dr. Kenneth M. Desart, MD",5.0,2,Vascular surgeon,"1600 SW Archer Rd, Gainesville, FL 32608, United States","JMR4+27 Gainesville, Florida, USA",http://ufhealth.org/,+1 352-265-0680,,https://streetviewpixels-pa.googleapis.com/v1/thumbnail?panoid=WNWAu5iG8S2cMf0s0LiHkQ&cb_client=search.gws-prod.gps&w=408&h=240&yaw=309.21902&pitch=0&thumbfov=100,false,,,,,,,,"https://www.google.com/maps/search/vein+clinics+in+Archer+Gainesville+FL/@29.6519563,-82.324998,14z",2025-12-16T22:45:25.817Z,,,,
"https://www.google.com/maps/place/UF+Health+bariactrics/@29.6399529,-82.3426742,17z/data=!3m1!4b1!4m6!3m5!1s0x88e8a34e60fb704d:0x9f43c5ef2bce410b!8m2!3d29.6399529!4d-82.3426742!16s%2Fg%2F11h10zvpzw",UF Health bariactrics,5.0,1,Medical clinic,"1600 SW Archer Rd, Gainesville, FL 32607, United States","JMQ4+XW Gainesville, Florida, USA",,,,,false,,,,,,,,"https://www.google.com/maps/search/vein+clinics+in+Archer+Gainesville+FL/@29.6519563,-82.324998,14z",2025-12-16T22:45:30.064Z,,,,
https://www.google.com/maps/place/CareSpot+Urgent+Care+of+Gainesville+Archer/data=!4m7!3m6!1s0x88e8a325e4d83707:0x7424e22a6ebcbd48!8m2!3d29.6227826!4d-82.376321!16s%2Fg%2F11b8_pyzdw!19sChIJBzfY5CWj6IgRSL28biriJHQ,CareSpot Urgent Care of Gainesville Archer,4.2,1174,Urgent care center,"3581 SW Archer Rd Suite 40, Gainesville, FL 32608, United States","JJFF+4F Gainesville, Florida, USA",https://www.carespot.com/carespot-urgent-care/archer-Rd-gainesville-fl/?utm_source=google&utm_medium=organic&utm_content=archer-Rd-gainesville&utm_campaign=gbp-listing,+1 352-888-4449,"Open · Closes 8 pm

Confirmed by this business 12 weeks ago",https://lh3.googleusercontent.com/gps-cs-s/AG0ilSwiMKZb4ocpy8VLUfOwILfCJH8AOGJAql-0_4N4sKvdpKGs4mhqHIiELUKk33KarohSY5bSkzTWDH5ZR2XS00z8xepxmy12LAhlPNBYJgPLhX2CFqDAWLS7K8-r_bTLFuRBbag=w408-h272-k-no,true,8 am–8 pm,8 am–8 pm,8 am–8 pm,8 am–8 pm,8 am–8 pm,8 am–8 pm,8 am–8 pm,"https://www.google.com/maps/search/vein+clinics+in+Archer+Gainesville+FL/@29.6519563,-82.324998,14z",2025-12-16T22:45:34.380Z,,,,
https://www.google.com/maps/place/Outpatient+Vascular+Lab/data=!4m7!3m6!1s0x88e8a30aa9ea0479:0x4787721d66cadc55!8m2!3d29.6369889!4d-82.345254!16s%2Fg%2F11dxbklhg5!19sChIJeQTqqQqj6IgRVdzKZh1yh0c,Outpatient Vascular Lab,,,Hospital,"1601 SW Archer Rd, Gainesville, FL 32608, United States","JMP3+QV Gainesville, Florida, USA",,,,https://streetviewpixels-pa.googleapis.com/v1/thumbnail?panoid=EVQGcRKxdi3YPc0F8FNXEA&cb_client=search.gws-prod.gps&w=408&h=240&yaw=205.98163&pitch=0&thumbfov=100,false,,,,,,,,"https://www.google.com/maps/search/vein+clinics+in+Archer+Gainesville+FL/@29.6519563,-82.324998,14z",2025-12-16T22:45:36.620Z,,,,
https://www.google.com/maps/place/UF+Health+Shands+Emergency+Room+%2F+Trauma+Center/data=!4m7!3m6!1s0x88e8a39f0aed8663:0xf4d327d43b54e7e2!8m2!3d29.6385655!4d-82.3423666!16s%2Fm%2F04g3h0t!19sChIJY4btCp-j6IgR4udUO9Qn0_Q,UF Health Shands Emergency Room / Trauma Center,1.7,469,Emergency room,"1515 SW Archer Rd, Gainesville, FL 32608, United States","JMQ5+C3 Gainesville, Florida, USA",https://ufhealth.org/locations/uf-health-shands-emergency-room-trauma-center?utm_source=pg-google&utm_medium=organic&utm_campaign=pg-listings,+1 352-733-0111,Open 24 hours,https://lh3.googleusercontent.com/p/AF1QipMeReyRWhnjaKdTchEJgDBVYGWuTa0LIzB8aWmY=w426-h240-k-no,true,Open 24 hours,Open 24 hours,Open 24 hours,Open 24 hours,Open 24 hours,Open 24 hours,Open 24 hours,"https://www.google.com/maps/search/vein+clinics+in+Archer+Gainesville+FL/@29.6519563,-82.324998,14z",2025-12-16T22:45:41.022Z,,,,
https://www.google.com/maps/place/UF+Health+Medical+Lab+-+Heart+%26+Vascular+and+Neuromedicine+Hospitals/data=!4m7!3m6!1s0x88e8a3ff9509ccf1:0xfd344f6ade0ce608!8m2!3d29.6394103!4d-82.3412409!16s%2Fg%2F11lm2rl726!19sChIJ8cwJlf-j6IgRCOYM3mpPNP0,UF Health Medical Lab - Heart & Vascular and Neuromedicine Hospitals,,,Medical laboratory,"1505 SW Archer Rd Room 1598, Gainesville, FL 32608, United States","JMQ5+QG Gainesville, Florida, USA",https://ufhealth.org/locations/uf-health-medical-lab-heart-vascular-and-neuromedicine-hospitals?utm_source=pg-google&utm_medium=organic&utm_campaign=pg-listings,+1 352-733-8159,Closed · Opens 7 am Wed,https://lh3.googleusercontent.com/p/AF1QipNSgRx4VU9N1K8_LApphJnvDGIIhVw0s-uoBk2q=w426-h240-k-no,true,7 am–5 pm,7 am–5 pm,7 am–5 pm,7 am–5 pm,Closed,Closed,7 am–5 pm,"https://www.google.com/maps/search/vein+clinics+in+Archer+Gainesville+FL/@29.6519563,-82.324998,14z",2025-12-16T22:45:45.440Z,,,,
https://www.google.com/maps/place/UF+Health+Shands+Hospital/data=!4m7!3m6!1s0x88e8a32a3cc277dd:0x4a2e7a87f659ed5d!8m2!3d29.6398924!4d-82.3427865!16s%2Fg%2F1thy0mrv!19sChIJ3XfCPCqj6IgRXe1Z9od6Lko,UF Health Shands Hospital,2.9,839,Hospital,"1600 SW Archer Rd, Gainesville, FL 32608, United States","JMQ4+XV Gainesville, Florida, USA",https://ufhealth.org/locations/uf-health-shands-hospital?utm_source=pg-google&utm_medium=organic&utm_campaign=pg-listings,+1 352-265-0111,,https://lh3.googleusercontent.com/p/AF1QipMzh_1PAEpTvIRrUaTdwpZIvu939pyIDPU-wC-z=w426-h240-k-no,true,Open 24 hours,Open 24 hours,Open 24 hours,Open 24 hours,Open 24 hours,Open 24 hours,Open 24 hours,"https://www.google.com/maps/search/vein+clinics+in+Archer+Gainesville+FL/@29.6519563,-82.324998,14z",2025-12-16T22:45:49.963Z,LGBTQ+ friendly,,,
https://www.google.com/maps/place/UF+Health+Shands+Cancer+Hospital/data=!4m7!3m6!1s0x88e8a38f0f289161:0xc339d248df46ae7d!8m2!3d29.6388936!4d-82.3422443!16s%2Fm%2F02w0gny!19sChIJYZEoD4-j6IgRfa5G30jSOcM,UF Health Shands Cancer Hospital,3.3,550,Hospital,"1515 SW Archer Rd, Gainesville, FL 32608, United States","JMQ5+H4 Gainesville, Florida, USA",https://ufhealth.org/locations/uf-health-shands-cancer-hospital?utm_source=pg-google&utm_medium=organic&utm_campaign=pg-listings,+1 352-265-0111,,https://lh3.googleusercontent.com/p/AF1QipOmlSaHmem9jRV-PKR5IkoZcQ5Xztj5YPmuEkG2=w426-h240-k-no,true,Open 24 hours,Open 24 hours,Open 24 hours,Open 24 hours,Open 24 hours,Open 24 hours,Open 24 hours,"https://www.google.com/maps/search/vein+clinics+in+Archer+Gainesville+FL/@29.6519563,-82.324998,14z",2025-12-16T22:46:00.531Z,LGBTQ+ friendly,,,
https://www.google.com/maps/place/CareSpot+Urgent+Care+of+Gainesville+Midtown/data=!4m7!3m6!1s0x88e8a38f0f289161:0xc01b3846719cbadb!8m2!3d29.6508972!4d-82.3327559!16s%2Fg%2F1w8wbvtx!19sChIJYZEoD4-j6IgR27qccUY4G8A,CareSpot Urgent Care of Gainesville Midtown,4.3,795,Urgent care center,"720 SW 2nd Ave #160a, Gainesville, FL 32601, United States","MM28+9V Gainesville, Florida, USA",https://www.carespot.com/carespot-urgent-care/midtown-gainesville-fl/?utm_source=google&utm_medium=organic&utm_content=midtown-gainesville&utm_campaign=gbp-listing,+1 352-240-8000,Open · Closes 8 pm,https://lh3.googleusercontent.com/gps-cs-s/AG0ilSxq1Qk5PYuCAAXhLOrG3S8i3iy8Lj3Tft3Fs6n9WiwhF03z-GHAPuTteoswRODDxeeEaVhiqQ7cxWFmnKcm7EEUIhYCHdG8AJLv6ypHYe-7EltGiGADI1Fx_iVqxthkBIYR_rjT=w408-h306-k-no,true,8 am–8 pm,8 am–8 pm,8 am–8 pm,8 am–8 pm,8 am–8 pm,8 am–8 pm,8 am–8 pm,"https://www.google.com/maps/search/vein+clinics+in+Archer+Gainesville+FL/@29.6519563,-82.324998,14z",2025-12-16T22:46:05.093Z,,,,
"https://www.google.com/maps/place/Sanda+A+Tan/@29.6399529,-82.3426742,17z/data=!3m1!4b1!4m6!3m5!1s0x88e8a32a3cc277dd:0x46306fb06edf952b!8m2!3d29.6399529!4d-82.3426742!16s%2Fg%2F11cjy3hs4j",Sanda A Tan,5.0,2,Surgical center,"1600 SW Archer Rd, Gainesville, FL 32608, United States","JMQ4+XW Gainesville, Florida, USA",,+1 352-265-0535,Closed · Opens 8 am Wed,,true,8 am–5 pm,8 am–5 pm,8 am–5 pm,8 am–5 pm,Closed,Closed,8 am–5 pm,"https://www.google.com/maps/search/vein+clinics+in+Archer+Gainesville+FL/@29.6519563,-82.324998,14z",2025-12-16T22:46:11.495Z,LGBTQ+ friendly,,,
"https://www.google.com/maps/place/Nohra+Chalouhi,+MD/data=!4m7!3m6!1s0x88e8a33b22668cef:0x53b96fa609fca473!8m2!3d29.6394103!4d-82.3412409!16s%2Fg%2F11mvh3ys6z!19sChIJ74xmIjuj6IgRc6T8CaZvuVM","Nohra Chalouhi, MD",4.9,37,Neurosurgeon,"1505 SW Archer Rd, Gainesville, FL 32608, United States","JMQ5+QG Gainesville, Florida, USA",https://ufhealth.org/doctors/nohra-chalouhi?utm_source=pg-google&utm_medium=organic&utm_campaign=pg-listings,+1 352-273-6990,Closed · Opens 8 am Wed,https://lh3.googleusercontent.com/p/AF1QipNB_KNFXaVDqZr47t1qycDhAEaBewqn_BxWaCxo=w426-h240-k-no,true,8 am–5 pm,8 am–5 pm,8 am–5 pm,8 am–5 pm,Closed,Closed,8 am–5 pm,"https://www.google.com/maps/search/vein+clinics+in+Archer+Gainesville+FL/@29.6519563,-82.324998,14z",2025-12-16T22:46:15.972Z,LGBTQ+ friendly,,,
https://www.google.com/maps/place/Advanced+TRT+Clinic/data=!4m7!3m6!1s0x88e8a3e8dc412511:0x45262c0c885f30cc!8m2!3d29.6501572!4d-82.323389!16s%2Fg%2F11ldx53bzz!19sChIJESVB3Oij6IgRzDBfiAwsJkU,Advanced TRT Clinic,5.0,3,Men's health physician,"201 SE 2nd Ave 2nd floor ste 211, Gainesville, FL 32601, United States","MM2G+3J Gainesville, Florida, USA",https://advancedtrtclinic.com/locations/gainesville-fl/?utm_source=google&utm_medium=organic&utm_campaign=gmb&utm_content=gainesville-fl,+1 352-781-2469,Open · Closes 8 pm,https://streetviewpixels-pa.googleapis.com/v1/thumbnail?panoid=6-tNVth5ck0axWmPuKpiXg&cb_client=search.gws-prod.gps&w=408&h=240&yaw=168.32068&pitch=0&thumbfov=100,true,9 am–8 pm,9 am–8 pm,9 am–8 pm,9 am–8 pm,Closed,Closed,9 am–8 pm,"https://www.google.com/maps/search/vein+clinics+in+Hawthorne+Gainesville+FL/@29.6519563,-82.324998,14z",2025-12-16T22:46:34.545Z,,,,
https://www.google.com/maps/place/Vein+Health+Clinics/data=!4m7!3m6!1s0x88e783e1f436d851:0xca9f32028234f8d8!8m2!3d28.5504599!4d-81.534851!16s%2Fg%2F11r3xlyjkl!19sChIJUdg29OGD54gR2Pg0ggIyn8o,Vein Health Clinics,4.8,182,Specialized clinic,"572 Ocoee Commerce Pkwy, Ocoee, FL 34761, United States","HF28+53 Ocoee, Florida, USA",https://www.veinhealthclinics.com/,+1 877-817-8346,Closes soon · 6 pm · Opens 8 am Wed,https://lh3.googleusercontent.com/p/AF1QipNkheumoHP3y6-GemSGWQPx_BiiC5rtq2mZWB7k=w408-h272-k-no,true,8 am–6 pm,8 am–6 pm,8 am–6 pm,8 am–6 pm,Closed,Closed,8 am–6 pm,"https://www.google.com/maps/search/vein+clinics+in+Hawthorne+Gainesville+FL/@29.6519563,-82.324998,14z",2025-12-16T22:46:39.123Z,LGBTQ+ friendly,,,
https://www.google.com/maps/place/UF+Health+%7C+Infusion+Center+-+Medical+Plaza/data=!4m7!3m6!1s0x88e8a374b568f6ef:0xfcb74bd144f3bbd3!8m2!3d29.63752!4d-82.3497294!16s%2Fg%2F11ckbnpb6v!19sChIJ7_ZotXSj6IgR07vzRNFLt_w,UF Health | Infusion Center - Medical Plaza,3.0,6,Cancer treatment center,"1549 Gale Lemerand Dr 2nd Floor, Gainesville, FL 32608, United States","JMQ2+24 Gainesville, Florida, USA",https://ufhealth.org/locations/uf-health-infusion-center-medical-plaza?utm_source=pg-google&utm_medium=organic&utm_campaign=pg-listings,+1 352-265-0725,Closed · Opens 7:30 am Wed,https://lh3.googleusercontent.com/p/AF1QipMYSabBeXsDmlui3lK_vtwUX4inI4xH679CnsI=w426-h240-k-no,true,7:30 am–5 pm,7:30 am–5 pm,7:30 am–5 pm,7:30 am–5 pm,Closed,Closed,7:30 am–5 pm,"https://www.google.com/maps/search/vein+clinics+in+Hawthorne+Gainesville+FL/@29.6519563,-82.324998,14z",2025-12-16T22:46:43.701Z,LGBTQ+ friendly,,,
https://www.google.com/maps/place/Vein+Health+Clinics+%7C+Florida+Vein+Care+Specialists+-+Winter+Haven/data=!4m7!3m6!1s0x88dd0db52ffbc31b:0xcb70774ad479797d!8m2!3d28.0101774!4d-81.7272754!16s%2Fg%2F11f1pkk0bx!19sChIJG8P7L7UN3YgRfXl51Ep3cMs,Vein Health Clinics | Florida Vein Care Specialists - Winter Haven,4.8,347,Vascular surgeon,"1121 1st St S, Winter Haven, FL 33880, United States","276F+33 Winter Haven, Florida, USA",https://www.veinhealthclinics.com/,+1 863-223-3797,Closed · Opens 8 am Wed,https://lh3.googleusercontent.com/p/AF1QipP74YiuWcBuP-AyEy2wXIpAwTjwWDveD8HIv9IT=w408-h272-k-no,true,8 am–5 pm,8 am–5 pm,8 am–5 pm,8 am–5 pm,Closed,Closed,8 am–5 pm,"https://www.google.com/maps/search/vein+clinics+in+Hawthorne+Gainesville+FL/@29.6519563,-82.324998,14z",2025-12-16T22:46:48.206Z,LGBTQ+ friendly,,,
https://www.google.com/maps/place/Boca+Fiesta/data=!4m7!3m6!1s0x88e8a38d3834de45:0xb5f13872447645a1!8m2!3d29.6493314!4d-82.3243217!16s%2Fg%2F1tgh3thf!19sChIJRd40OI2j6IgRoUV2RHI48bU,Boca Fiesta,4.4,1328,Mexican restaurant,"232 SE 1st St, Gainesville, FL 32601, United States","JMXG+P7 Gainesville, Florida, USA",http://www.bocafiesta.com/,+1 352-336-8226,,https://lh3.googleusercontent.com/p/AF1QipPj9Dikh8Rexj2W22EdOzvpIZP-MzEEj_4eKQpE=w408-h272-k-no,true,Closed,Closed,Closed,11 am–11 pm,11 am–11 pm,Closed,Closed,"https://www.google.com/maps/search/vein+clinics+in+Hawthorne+Gainesville+FL/@29.6519563,-82.324998,14z",2025-12-16T22:46:52.975Z,,,,"Mexican fare, veggie options & margaritas served amid exposed beams, brick walls & an outdoor patio. · Dine-in · Takeaway · Delivery"
https://www.google.com/maps/place/Florida+Vein+Care+Specialists/data=!4m7!3m6!1s0x88e76fef5c98c785:0x50763c00aa6b46a5!8m2!3d28.6003491!4d-81.3216611!16s%2Fg%2F11b6hy8szl!19sChIJhceYXO9v54gRpUZrqgA8dlA,Florida Vein Care Specialists,4.8,101,Medical clinic,"2295 Glenwood Dr, Winter Park, FL 32792, United States","JM2H+48 Winter Park, Florida, USA",https://vein321.com/winter-park-varicose-vein-spider-vein-treatment/,+1 321-483-8305,Closed · Opens 9 am Wed,https://lh3.googleusercontent.com/p/AF1QipPQaE3-4DJq1xEsvyPPh_F8dLD37AMS3DXvPYUQ=w408-h272-k-no,true,9 am–5 pm,9 am–5 pm,9 am–5 pm,9 am–5 pm,Closed,Closed,9 am–5 pm,"https://www.google.com/maps/search/vein+clinics+in+Hawthorne+Gainesville+FL/@29.6519563,-82.324998,14z",2025-12-16T22:46:57.330Z,,,,
https://www.google.com/maps/place/Vein+and+Vascular+Institute/data=!4m7!3m6!1s0x88c2bec93c46882d:0xbc25723382e646f7!8m2!3d28.1553913!4d-82.4852986!16s%2Fg%2F113gr2rzm!19sChIJLYhGPMm-wogR90bmgjNyJbw,Vein and Vascular Institute,4.8,355,Medical Center,"19185 N Dale Mabry Hwy, Lutz, FL 33548, United States","5G47+5V Lutz, Florida, USA",https://tampavascularsurgeon.com/contact-us/,+1 813-377-2773,Closed · Opens 8 am Wed,https://lh3.googleusercontent.com/p/AF1QipN8O0OkEtfBJ02hNRtbD_qXa1gc6-qwDr89Wxo=w408-h272-k-no,true,8 am–5 pm,8 am–5 pm,8 am–5 pm,8 am–5 pm,8 am–12 pm,Closed,8 am–5 pm,"https://www.google.com/maps/search/vein+clinics+in+Hawthorne+Gainesville+FL/@29.6519563,-82.324998,14z",2025-12-16T22:47:01.648Z,,,,
"https://www.google.com/maps/place/Vein+Health+Clinics:+Obinna+Nwobi,+MD/data=!4m7!3m6!1s0x88e769622ebd1bc5:0xf3fe327535932a5!8m2!3d28.6654787!4d-81.2239185!16s%2Fg%2F11dxdgb_tb!19sChIJxRu9LmJp54gRpTJZUyfjPw8","Vein Health Clinics: Obinna Nwobi, MD",4.8,321,Medical Center,"1000 Executive Dr #8, Oviedo, FL 32765, United States","MQ8G+5C Oviedo, Florida, USA",https://www.veinhealthclinics.com/,+1 877-817-8346,Closes soon · 6 pm · Opens 8 am Wed,https://lh3.googleusercontent.com/p/AF1QipO7RkMFkKo2WDF6k0zSMO4F4xXj724Vmtg1dqHb=w408-h272-k-no,true,8 am–6 pm,8 am–6 pm,8 am–6 pm,8 am–6 pm,Closed,Closed,8 am–6 pm,"https://www.google.com/maps/search/vein+clinics+in+Hawthorne+Gainesville+FL/@29.6519563,-82.324998,14z",2025-12-16T22:47:06.228Z,LGBTQ+ friendly,,,
https://www.google.com/maps/place/Florida+Vein+Center:+Dr.+Federico+Richter+%28Sun+City%29/data=!4m7!3m6!1s0x88c338ffc56f9f8d:0xb8a7eba4acef7593!8m2!3d27.7138711!4d-82.3715555!16s%2Fg%2F1tnhz38r!19sChIJjZ9vxf84w4gRk3XvrKTrp7g,Florida Vein Center: Dr. Federico Richter (Sun City),5.0,19,Doctor,"720 Cortaro Dr, Sun City Center, FL 33573, United States","PJ7H+G9 Sun City Center, Florida, USA",https://www.floridaveincenter.com/?utm_source=GMB&utm_medium=Sun-City,+1 813-634-9260,Closed · Opens 9 am Wed,https://lh3.googleusercontent.com/p/AF1QipMGHP7Huvj5iLUKltUu9KMk00zqJOBWmgj_tvaD=w426-h240-k-no,true,9 am–5 pm,9 am–5 pm,9 am–5 pm,Closed,Closed,Closed,9 am–5 pm,"https://www.google.com/maps/search/vein+clinics+in+Hawthorne+Gainesville+FL/@29.6519563,-82.324998,14z",2025-12-16T22:47:10.677Z,,,,
https://www.google.com/maps/place/Florida+Surgery+Consultants+%7C+Gainseville/data=!4m7!3m6!1s0x88e8bbbb76e054f9:0x2c2227b8d153a548!8m2!3d29.687659!4d-82.431523!16s%2Fg%2F11fnymb5fj!19sChIJ-VTgdru76IgRSKVT0bgnIiw,Florida Surgery Consultants | Gainseville,4.7,52,Neurosurgeon,"3760 NW 83 St Suite 3, Gainesville, FL 32606, United States","MHQ9+39 Gainesville, Florida, USA",https://www.floridasurgeryconsultants.com/,+1 888-411-6824,,https://lh3.googleusercontent.com/p/AF1QipPtT9cHSlsHRD4DaT0geZMdcHEIi0olFY8BTPhp=w408-h306-k-no,true,,,,,,,,"https://www.google.com/maps/search/vein+clinics+in+Gainesville+Gainesville+FL/@29.6519563,-82.324998,14z",2025-12-16T22:47:22.498Z,LGBTQ+ friendly,,,
https://www.google.com/maps/place/Emergency+Physicians+Medical+Center/data=!4m7!3m6!1s0x88e8bb97d34dc3a7:0x24be3e9d65589737!8m2!3d29.688397!4d-82.440272!16s%2Fg%2F11b7qyc_29!19sChIJp8NN05e76IgRN5dYZZ0-viQ,Emergency Physicians Medical Center,3.7,146,Urgent care center,"9181 NW 39th Ave, Gainesville, FL 32606, United States","MHQ5+9V Gainesville, Florida, USA",http://www.emergencypmc.com/,+1 352-727-7755,Open · Closes 8 pm,https://lh3.googleusercontent.com/p/AF1QipOphc-cyEKqOVaq0wtnhDgg9UE38jJodbhcpkbr=w408-h306-k-no,true,8 am–8 pm,8 am–8 pm,8 am–8 pm,8 am–8 pm,10 am–4 pm,10 am–4 pm,8 am–8 pm,"https://www.google.com/maps/search/vein+clinics+in+La+Crosse+Gainesville+FL/@43.8137751,-91.2519017,14z",2025-12-16T22:47:34.115Z,,,,
,,,,,,,,,,,,,,,,,,,"https://www.google.com/maps/search/vein+clinics+in+Melrose+Gainesville+FL/@42.4547874,-71.06547,14z",2025-12-16T22:47:41.732Z,,,No new results found,
,,,,,,,,,,,,,,,,,,,"https://www.google.com/maps/search/vein+clinics+in+Waldo+Gainesville+FL/@29.6519563,-82.324998,14z",2025-12-16T22:47:53.220Z,,,No new results found,
,,,,,,,,,,,,,,,,,,,"https://www.google.com/maps/search/vein+clinics+in+Micanopy+Gainesville+FL/@29.504692,-82.2798227,14z",2025-12-16T22:48:12.546Z,,,No new results found,