placeUrl,title,rating,reviewCount,category,address,plusCode,website,phoneNumber,currentStatus,imgUrl,isClaimed,query,timestamp,tuesday,wednesday,thursday,friday,saturday,sunday,monday,info,attributes,error
https://www.google.com/maps/place/Advanced+Vascular+%26+Vein+Center+Farnam+St.+Location/data=!4m7!3m6!1s0x87938e70b7b5803d:0xe1ca01eaba73d826!8m2!3d41.2581491!4d-95.9779586!16s%2Fg%2F1tftxg6s!19sChIJPYC1t3COk4cRJthzuuoByuE,Advanced Vascular & Vein Center Farnam St. Location,5.0,1,Surgical center,"4242 Farnam St # 490, Omaha, NE 68131, United States","725C+7R Omaha, Nebraska, USA",,+1 402-552-3015,,https://streetviewpixels-pa.googleapis.com/v1/thumbnail?panoid=47hOg0eHfg_pithg3pzI0Q&cb_client=search.gws-prod.gps&w=408&h=240&yaw=323.55093&pitch=0&thumbfov=100,true,"https://www.google.com/maps/search/vein+clinics+in+Downtown+Omaha+Omaha+NE/@41.2637205,-95.9371289,14z",2025-12-16T22:52:38.752Z,,,,,,,,,,
https://www.google.com/maps/place/Nebraska+Medicine+Heart+and+Vascular+Center+at+Durham+Outpatient+Center/data=!4m7!3m6!1s0x87938e7a20a49eed:0x18620ae208dcc523!8m2!3d41.255137!4d-95.9780557!16s%2Fg%2F1x5qt8j8!19sChIJ7Z6kIHqOk4cRI8XcCOIKYhg,Nebraska Medicine Heart and Vascular Center at Durham Outpatient Center,3.3,12,Medical Center,"4400 Emile St, Omaha, NE 68105, United States","724C+3Q Omaha, Nebraska, USA",https://www.nebraskamed.com/nebraska-medical-center/durham-outpatient-center/heart-vascular-center,+1 402-559-8888,Closes soon · 5 pm · Opens 8 am Wed,https://streetviewpixels-pa.googleapis.com/v1/thumbnail?panoid=OwRwLlsB6iSmkU8bOorv9Q&cb_client=search.gws-prod.gps&w=408&h=240&yaw=55.277576&pitch=0&thumbfov=100,true,"https://www.google.com/maps/search/vein+clinics+in+Downtown+Omaha+Omaha+NE/@41.2637205,-95.9371289,14z",2025-12-16T22:52:44.617Z,8 am–5 pm,8 am–5 pm,8 am–5 pm,8 am–5 pm,Closed,Closed,8 am–5 pm,,,
"https://www.google.com/maps/place/Tammy+K.+Ramos,+M.D./data=!4m7!3m6!1s0x87938d47c7d95b79:0x59fef0b8d3c94523!8m2!3d41.2465638!4d-96.0280248!16s%2Fg%2F1tfdzb_f!19sChIJeVvZx0eNk4cRI0XJ07jw_lk","Tammy K. Ramos, M.D.",4.0,4,Vascular surgeon,"1301 S 75th St #230, Omaha, NE 68124, United States","6XWC+JQ Omaha, Nebraska, USA",,+1 402-390-6060,Closed · Opens 8:30 am Wed,https://streetviewpixels-pa.googleapis.com/v1/thumbnail?panoid=elYaICINEyaNXopCxijbuw&cb_client=search.gws-prod.gps&w=408&h=240&yaw=95.80209&pitch=0&thumbfov=100,true,"https://www.google.com/maps/search/vein+clinics+in+Downtown+Omaha+Omaha+NE/@41.2637205,-95.9371289,14z",2025-12-16T22:52:50.032Z,8:30 am–4:30 pm,8:30 am–4:30 pm,8:30 am–4:30 pm,8:30 am–3 pm,Closed,Closed,8:30 am–4:30 pm,,,
https://www.google.com/maps/place/Complete+Labs/data=!4m7!3m6!1s0x87938e264cef67af:0xc2a00c7317641e7d!8m2!3d41.2849694!4d-95.9533133!16s%2Fg%2F11y2cl544m!19sChIJr2fvTCaOk4cRfR5kF3MMoMI,Complete Labs,5.0,4,Laboratory,"2910 N 28th Cir, Omaha, NE 68111, United States","72MW+XM Omaha, Nebraska, USA",https://www.completelabsne.com/contact/,+1 402-718-3145,Closes soon · 5 pm · Opens 9 am Wed,https://streetviewpixels-pa.googleapis.com/v1/thumbnail?panoid=EHIJJmIHcitsUrTdWVQkkw&cb_client=search.gws-prod.gps&w=408&h=240&yaw=267.57117&pitch=0&thumbfov=100,false,"https://www.google.com/maps/search/vein+clinics+in+Downtown+Omaha+Omaha+NE/@41.2637205,-95.9371289,14z",2025-12-16T22:52:56.053Z,9 am–5 pm,9 am–5 pm,9 am–5 pm,9 am–5 pm,Closed,Closed,9 am–5 pm,,,
https://www.google.com/maps/place/Nebraska+Medicine+Fontenelle+Health+Center/data=!4m7!3m6!1s0x87939219edfa77e9:0xc3687dcc171e99a6!8m2!3d41.2990068!4d-95.9906541!16s%2Fg%2F11c6pqm_nt!19sChIJ6Xf67RmSk4cRppkeF8x9aMM,Nebraska Medicine Fontenelle Health Center,4.7,604,Medical clinic,"5005 Ames Ave, Omaha, NE 68104, United States","72X5+JP Omaha, Nebraska, USA",https://www.nebraskamed.com/fontenelle,+1 402-559-0282,Closes soon · 5 pm · Opens 8 am Wed,https://lh3.googleusercontent.com/gps-cs-s/AG0ilSyFzw7wnO7qmN__hqvMKeSJb8j5YDUivJuRmHM1CdjCbF2ZNkI3Bru45ehQ7YYh4nAh-SynuK-eIf1J3r2U6zz8CGDHjhSU6epLuUKKVWUPQ9cfGp9cWqTPqbmoOfJnpF7YRQIo=w408-h724-k-no,true,"https://www.google.com/maps/search/vein+clinics+in+Downtown+Omaha+Omaha+NE/@41.2637205,-95.9371289,14z",2025-12-16T22:53:01.095Z,8 am–5 pm,8 am–5 pm,8 am–5 pm,8 am–5 pm,Closed,Closed,8 am–5 pm,,,
"https://www.google.com/maps/place/Mid+City+Med+Aesthetics/@41.233479,-96.025843,17z/data=!3m1!4b1!4m6!3m5!1s0x87938cf7fea48079:0x5e20b21a1a4d2ec7!8m2!3d41.233479!4d-96.025843!16s%2Fg%2F1tf43g7s",Mid City Med Aesthetics,3.9,7,Medical spa,"7205 W Center Rd, Omaha, NE 68124, United States","6XMF+9M Omaha, Nebraska, USA",http://www.midcitymedspa.com/,+1 402-934-5580,Closes soon · 5 pm · Opens 9 am Wed,,false,"https://www.google.com/maps/search/vein+clinics+in+Downtown+Omaha+Omaha+NE/@41.2637205,-95.9371289,14z",2025-12-16T22:53:08.180Z,9 am–5 pm,9 am–6 pm,9 am–5 pm,9 am–5 pm,Closed,Closed,9 am–5 pm,,,
https://www.google.com/maps/place/Dr.+Jonathan+Thompson/data=!4m7!3m6!1s0x87938e79c4000001:0xcbf2a6dbd8a1533!8m2!3d41.2548634!4d-95.9788169!16s%2Fg%2F11tn9l0lgv!19sChIJAQAAxHmOk4cRMxWKvW0qvww,Dr. Jonathan Thompson,,,Vascular surgeon,"4400 Emile St, Omaha, NE 68105, United States","723C+WF Omaha, Nebraska, USA",https://www.nebraskamed.com/doctors/jonathan-r-thompson,+1 402-559-7300,,https://streetviewpixels-pa.googleapis.com/v1/thumbnail?panoid=OwRwLlsB6iSmkU8bOorv9Q&cb_client=search.gws-prod.gps&w=408&h=240&yaw=343.72855&pitch=0&thumbfov=100,false,"https://www.google.com/maps/search/vein+clinics+in+Downtown+Omaha+Omaha+NE/@41.2637205,-95.9371289,14z",2025-12-16T22:53:10.684Z,,,,,,,,,,
https://www.google.com/maps/place/University+of+Nebraska+Medical+Center/data=!4m7!3m6!1s0x87938db887adfc33:0xd27316f175a20c78!8m2!3d41.2548266!4d-95.975937!16zL20vMGQxcnpo!19sChIJM_yth7iNk4cReAyidfEWc9I,University of Nebraska Medical Center,4.4,905,University hospital,"S 42nd &, Emile St, Omaha, NE 68198, United States","723F+WJ Omaha, Nebraska, USA",https://www.unmc.edu/,+1 402-559-4000,,https://lh3.googleusercontent.com/p/AF1QipM04QOG8vhNOrtI7vX8e-swjTCnWoH6p37VWzsa=w408-h305-k-no,true,"https://www.google.com/maps/search/vein+clinics+in+Downtown+Omaha+Omaha+NE/@41.2637205,-95.9371289,14z",2025-12-16T22:53:15.855Z,Open 24 hours,Open 24 hours,Open 24 hours,Open 24 hours,Open 24 hours,Open 24 hours,Open 24 hours,,,
https://www.google.com/maps/place/Imagen+Body+Sculpting+%26+Cosmetic+Center/data=!4m7!3m6!1s0x8793f2c93d302691:0xe11b44ed7bf05b40!8m2!3d41.257093!4d-96.0751451!16s%2Fg%2F1jky60wtf!19sChIJkSYwPcnyk4cRQFvwe-1EG-E,Imagen Body Sculpting & Cosmetic Center,4.8,253,Cosmetic surgeon,"10404 Essex Ct Suite 100-300, Omaha, NE 68114, United States","7W4F+RW Omaha, Nebraska, USA",https://www.imagenomaha.com/,+1 402-509-8473,Open · Closes 6 pm,https://lh3.googleusercontent.com/p/AF1QipP0T-2TqcO1SksO1sKhzBggIeWLp5n-Jf0hC_1a=w408-h612-k-no,true,"https://www.google.com/maps/search/vein+clinics+in+Downtown+Omaha+Omaha+NE/@41.2637205,-95.9371289,14z",2025-12-16T22:53:21.268Z,9 am–6 pm,9 am–6 pm,9 am–6 pm,9 am–6 pm,Closed,Closed,10 am–6 pm,LGBTQ+ friendly,,
"https://www.google.com/maps/place/Scott+Wattenhofer,+MD/data=!4m7!3m6!1s0x8793f1eedde550b3:0x44e0acac6d3252e9!8m2!3d41.2643422!4d-96.1674008!16s%2Fg%2F1tj1slfx!19sChIJs1Dl3e7xk4cR6VIybays4EQ","Scott Wattenhofer, MD",4.2,5,Surgeon,"515 N 162nd Ave, Omaha, NE 68118, United States","7R7M+P2 Omaha, Nebraska, USA",https://providers.bestcare.org/provider/Scott+P.+Wattenhofer/1493392,+1 402-354-1200,"Closes soon · 5 pm · Opens 8 am Wed

Updated by this business 8 weeks ago",https://lh3.googleusercontent.com/p/AF1QipNda7lgIihvwciqE3hbyQ9EFmbD2A3PLipdRuGG=w426-h240-k-no,true,"https://www.google.com/maps/search/vein+clinics+in+Downtown+Omaha+Omaha+NE/@41.2637205,-95.9371289,14z",2025-12-16T22:53:26.271Z,8 am–5 pm,8 am–5 pm,8 am–5 pm,8 am–5 pm,Closed,Closed,8 am–5 pm,,,
https://www.google.com/maps/place/Venus+Vein+Clinic/data=!4m7!3m6!1s0x87938d4fed2affef:0x73f36c36cdbb8343!8m2!3d41.2641258!4d-96.0561404!16s%2Fg%2F11h37sfds5!19sChIJ7_8q7U-Nk4cRQ4O7zTZs83M,Venus Vein Clinic,5.0,47,Medical office,"9202 W Dodge Rd # 303, Omaha, NE 68114, United States","7W7V+MG Omaha, Nebraska, USA",https://venusveinclinic.com/?utm_source=gbp&utm_medium=organic,+1 402-979-8346,Closes soon · 5 pm · Opens 8 am Wed,https://streetviewpixels-pa.googleapis.com/v1/thumbnail?panoid=ZOfcdnC7hH8E5w00VsOjRw&cb_client=search.gws-prod.gps&w=408&h=240&yaw=180.07219&pitch=0&thumbfov=100,true,"https://www.google.com/maps/search/vein+clinics+in+Downtown+Omaha+Omaha+NE/@41.2637205,-95.9371289,14z",2025-12-16T22:53:31.399Z,8 am–5 pm,8 am–5 pm,8 am–5 pm,8 am–5 pm,Closed,Closed,8 am–5 pm,Identifies as women-owned,,
https://www.google.com/maps/place/Pura+Vida+Vein+Center/data=!4m7!3m6!1s0x8793f1c13abcccef:0xfcc7669d81552c41!8m2!3d41.2039182!4d-96.0802056!16s%2Fg%2F1hm6309qh!19sChIJ78y8OsHxk4cRQSxVgZ1mx_w,Pura Vida Vein Center,5.0,23,Medical Center,"10780 V St, Omaha, NE 68127, United States","6W39+HW Omaha, Nebraska, USA",http://puravidaomaha.com/,+1 402-493-7873,Closed · Opens 8 am Wed,https://lh3.googleusercontent.com/gps-cs-s/AG0ilSwRByo6tF_LE4GMbzayoIJGf9mEePaHW1OVKAJanoMi8mqDLBOG6gOf37R2OFCnia--27-_dIZMkQwtPo9_A2J-NRPiwZIeq4bTCpXSgflFMwleB2GoEjN8ER3xREskUyGxOuO0ZQevrm0z=w408-h306-k-no,true,"https://www.google.com/maps/search/vein+clinics+in+Downtown+Omaha+Omaha+NE/@41.2637205,-95.9371289,14z",2025-12-16T22:53:36.665Z,8 am–4 pm,8 am–4 pm,8 am–4 pm,8 am–12 pm,Closed,Closed,8 am–4 pm,,,
"https://www.google.com/maps/place/Dr.+Kelly+Schroeder,+MD/data=!4m7!3m6!1s0x87938d9cb8821d5b:0x78597c518c93e684!8m2!3d41.2641581!4d-96.0560894!16s%2Fg%2F11fkqqr9yx!19sChIJWx2CuJyNk4cRhOaTjFF8WXg","Dr. Kelly Schroeder, MD",4.0,4,Doctor,"9202 W Dodge Rd # 303, Omaha, NE 68114, United States","7W7V+MH Omaha, Nebraska, USA",http://venusveinclinic.com/,+1 402-979-8346,Closes soon · 5 pm · Opens 8 am Wed,https://streetviewpixels-pa.googleapis.com/v1/thumbnail?panoid=ZOfcdnC7hH8E5w00VsOjRw&cb_client=search.gws-prod.gps&w=408&h=240&yaw=170.55016&pitch=0&thumbfov=100,false,"https://www.google.com/maps/search/vein+clinics+in+Downtown+Omaha+Omaha+NE/@41.2637205,-95.9371289,14z",2025-12-16T22:53:42.415Z,8 am–5 pm,8 am–5 pm,8 am–5 pm,8 am–5 pm,Closed,Closed,8 am–5 pm,,,
https://www.google.com/maps/place/Totally+Vein/data=!4m7!3m6!1s0x8793f109c3cbbdbb:0x67e5f43cd2c5ef3f!8m2!3d41.2343976!4d-96.1800359!16s%2Fg%2F11fll68fh1!19sChIJu73Lwwnxk4cRP-_F0jz05Wc,Totally Vein,5.0,4,Doctor,"17001 Lakeside Hills Plaza #102, Omaha, NE 68130, United States","6RM9+QX Omaha, Nebraska, USA",https://www.totallyveinomaha.com/,+1 402-934-6996,Closed · Opens 8 am Wed,https://lh3.googleusercontent.com/gps-cs-s/AG0ilSylmnX1pzBYInlkyIgdrGjEGQ4kPLAvlO7Te9PUTFJu9LjRisKKAdpCB20BmVevqr_wD-MNBTeY9WlLpRbuPTr9vlNepzxnFApCoOChQcmku-ESBbWfTP5_40KOjA1PBbWa4rXO=w408-h306-k-no,true,"https://www.google.com/maps/search/vein+clinics+in+Downtown+Omaha+Omaha+NE/@41.2637205,-95.9371289,14z",2025-12-16T22:53:48.163Z,8 am–4 pm,8 am–4 pm,8 am–4 pm,8 am–12 pm,Closed,Closed,8 am–4 pm,,,
"https://www.google.com/maps/place/United+Vascular+of+Omaha,+LLC/data=!4m7!3m6!1s0x8793f1af204ddf01:0xb263160546c7b510!8m2!3d41.2602571!4d-96.1880007!16s%2Fg%2F11j8rdqhy_!19sChIJAd9NIK_xk4cRELXHRgUWY7I","United Vascular of Omaha, LLC",5.0,1,Medical Center,"17410 Burke St #105, Omaha, NE 68118, United States","7R66+4Q Omaha, Nebraska, USA",http://www.unitedvascular.com/contact/,+1 531-444-4757,Closed · Opens 7 am Wed,https://lh3.googleusercontent.com/gps-cs-s/AG0ilSwWce0p8wv1IBQppK1Z3RB3KbjRqjuh_9OrVrTaZaLKVOxsE8GYf7CkJh2ywhywBpXi5v0iXehgAKCQvR6o7KwMJLnoBUeKeKPJKYRhZH8leAoMWXGLtBeYI-wv9EhopP9QN7-T=w408-h544-k-no,true,"https://www.google.com/maps/search/vein+clinics+in+Downtown+Omaha+Omaha+NE/@41.2637205,-95.9371289,14z",2025-12-16T22:53:53.494Z,7 am–4 pm,7 am–4 pm,7 am–4 pm,7 am–4 pm,Closed,Closed,7 am–4 pm,,,
https://www.google.com/maps/place/Vascular+%26+Interventional+Specialists+of+Omaha/data=!4m7!3m6!1s0x8793f1cecd20996d:0xdab6fb95870356c3!8m2!3d41.2602294!4d-96.1880439!16s%2Fg%2F11h5q8gdmc!19sChIJbZkgzc7xk4cRw1YDh5X7tto,Vascular & Interventional Specialists of Omaha,3.0,5,Surgical center,"17404 Burke St Suite 102, Omaha, NE 68118, United States","7R66+3Q Omaha, Nebraska, USA",https://vascularcare.com/?utm_campaign=gmb,+1 531-224-5556,Closed · Opens 8:30 am Wed,https://lh3.googleusercontent.com/p/AF1QipOJyiBfpgtkScwT0KI4sBDV6DvBZf5YzdoSyAXT=w408-h271-k-no,true,"https://www.google.com/maps/search/vein+clinics+in+Downtown+Omaha+Omaha+NE/@41.2637205,-95.9371289,14z",2025-12-16T22:53:58.786Z,8:30 am–4:30 pm,8:30 am–4:30 pm,8:30 am–4:30 pm,8:30 am–4:30 pm,Closed,Closed,8:30 am–4:30 pm,,,
https://www.google.com/maps/place/Omaha+Vein+Clinic/data=!4m7!3m6!1s0x8793f1a714d345a1:0x81b43c8a59b60315!8m2!3d41.2369077!4d-96.1805041!16s%2Fg%2F1tj7wwsv!19sChIJoUXTFKfxk4cRFQO2WYo8tIE,Omaha Vein Clinic,,,Doctor,"16909 Lakeside Hills Ct, Omaha, NE 68130, United States","6RP9+QQ Omaha, Nebraska, USA",,+1 402-758-5544,,https://streetviewpixels-pa.googleapis.com/v1/thumbnail?panoid=BkCMy7Axp9pBDUS5AKXrIw&cb_client=search.gws-prod.gps&w=408&h=240&yaw=5.9909387&pitch=0&thumbfov=100,false,"https://www.google.com/maps/search/vein+clinics+in+Downtown+Omaha+Omaha+NE/@41.2637205,-95.9371289,14z",2025-12-16T22:54:02.196Z,,,,,,,,,,
"https://www.google.com/maps/place/Jillian+B.+Negri,+APRN/data=!4m7!3m6!1s0x87938cfc0fa111a5:0x181bb3390307a097!8m2!3d41.2393534!4d-96.0307467!16s%2Fg%2F1tl4djk1!19sChIJpRGhD_yMk4cRl6AHAzmzGxg","Jillian B. Negri, APRN",5.0,1,Vascular surgeon,"7500 Mercy Rd, Omaha, NE 68124, United States","6XQ9+PP Omaha, Nebraska, USA",,+1 402-343-4328,,https://streetviewpixels-pa.googleapis.com/v1/thumbnail?panoid=_V3NEmPinL7zbyN5ETddtw&cb_client=search.gws-prod.gps&w=408&h=240&yaw=316.3493&pitch=0&thumbfov=100,false,"https://www.google.com/maps/search/vein+clinics+in+Dundee+Omaha+NE/@41.256911,-95.9898676,14z",2025-12-16T22:54:21.917Z,,,,,,,,,,
https://www.google.com/maps/place/Midwest+Surgical+Hospital/data=!4m7!3m6!1s0x87938d118db59bc9:0xfe80ddd8acb51a63!8m2!3d41.2575515!4d-96.0372903!16s%2Fg%2F1w6r8sk9!19sChIJyZu1jRGNk4cRYxq1rNjdgP4,Midwest Surgical Hospital,4.8,53,Surgical center,"7915 Farnam Dr, Omaha, NE 68114, United States","7X57+23 Omaha, Nebraska, USA",http://mwsurgicalhospital.com/,+1 402-399-1900,,https://lh3.googleusercontent.com/gps-cs-s/AG0ilSwt-ycEzaI-anyojhnx0ojbaY6CF3lNDzbtUg86g3CIr3jjuM-S1bwT7gTSX62vPrR3SKhW8OPZZT5PWmcaO1zdSQdzMg9EEmFjza2pqRuxDrwsc2hNCfTl4LMeR_pbHVgUn4at=w426-h240-k-no,true,"https://www.google.com/maps/search/vein+clinics+in+Dundee+Omaha+NE/@41.256911,-95.9898676,14z",2025-12-16T22:54:24.775Z,,,,,,,,,,
https://www.google.com/maps/place/Dr.+Stephen+Torpy+and+Dr.+Robert+J.+Zadalis/data=!4m7!3m6!1s0x8793f109c29aa395:0x1569304abb5d760c!8m2!3d41.23469!4d-96.1807218!16s%2Fg%2F1tfb2hgn!19sChIJlaOawgnxk4cRDHZdu0owaRU,Dr. Stephen Torpy and Dr. Robert J. Zadalis,5.0,1,Surgeon,"17001 Lakeside Hills Plaza #102, Omaha, NE 68130, United States","6RM9+VP Omaha, Nebraska, USA",http://totallyveinomaha.com/,+1 402-934-6996,Closes soon · 5 pm · Opens 8 am Wed,https://streetviewpixels-pa.googleapis.com/v1/thumbnail?panoid=KCCypO5uPYqAcjmKxtDKng&cb_client=search.gws-prod.gps&w=408&h=240&yaw=164.10371&pitch=0&thumbfov=100,false,"https://www.google.com/maps/search/vein+clinics+in+Blackstone+District+Omaha+NE/@41.2576491,-95.9729542,14z",2025-12-16T22:54:38.291Z,8 am–5 pm,8 am–5 pm,8 am–5 pm,8 am–1 pm,Closed,Closed,8 am–5 pm,,,
https://www.google.com/maps/place/Think+Whole+Person+Healthcare/data=!4m7!3m6!1s0x87938c5737b289d3:0x4614340ca73846a4!8m2!3d41.2361214!4d-96.0210625!16s%2Fg%2F11btvgc2c3!19sChIJ04myN1eMk4cRpEY4pww0FEY,Think Whole Person Healthcare,4.0,731,Medical clinic,"7100 W Center Rd, Omaha, NE 68106, United States","6XPH+CH Omaha, Nebraska, USA",https://www.thinkhealthcare.org/,+1 402-506-9000,Closes soon · 5 pm · Opens 8 am Wed,https://lh3.googleusercontent.com/p/AF1QipN2ZWxMZVMWOcfGG9Ke1Oqo3vgX62X6QBEwJeDw=w408-h272-k-no,true,"https://www.google.com/maps/search/vein+clinics+in+Aksarben+Village+Omaha+NE/@41.2472577,-96.0070569,14z",2025-12-16T22:54:58.889Z,8 am–5 pm,8 am–5 pm,8 am–5 pm,8 am–5 pm,9 am–5 pm,9 am–5 pm,8 am–5 pm,,,
https://www.google.com/maps/place/Elevate+Recovery+%2B+Medspa/data=!4m7!3m6!1s0x87938cdcc8bfffff:0xe1c704cca6c76981!8m2!3d41.2336418!4d-96.0482597!16s%2Fg%2F11hy9nl_tf!19sChIJ__-_yNyMk4cRgWnHpswEx-E,Elevate Recovery + Medspa,4.9,247,Medical spa,"2723 S 87th St, Omaha, NE 68124, United States","6XM2+FM Omaha, Nebraska, USA",https://www.elevaterecoveryandmedspa.com/,+1 402-885-8125,"Open · Closes 6 pm

Updated by this business 12 weeks ago",https://lh3.googleusercontent.com/p/AF1QipP-bsp03fZTzHaPGkb5dWAHniLhSAn5hEeo_3At=w927-h240-k-no,true,"https://www.google.com/maps/search/vein+clinics+in+Aksarben+Village+Omaha+NE/@41.2472577,-96.0070569,14z",2025-12-16T22:55:03.693Z,8:30 am–6 pm,8:30 am–6 pm,8:30 am–6 pm,8:30 am–5 pm,8 am–12 pm,Closed,8:30 am–6 pm,,,
https://www.google.com/maps/place/4Ever+Young+Med+Spa+%26+Wellness+Center+-+Omaha/data=!4m7!3m6!1s0x87938d232c2c1b2f:0x32a222e9c31e3a13!8m2!3d41.2357966!4d-96.0519894!16s%2Fg%2F11kb7n53kw!19sChIJLxssLCONk4cREzoew-kiojI,4Ever Young Med Spa & Wellness Center - Omaha,5.0,223,Medical spa,"2501 S 90th St STE 117, Omaha, NE 68124, United States","6WPX+86 Omaha, Nebraska, USA",https://4everyoungantiaging.com/omaha/?utm_source=google&utm_medium=organic&utm_campaign=gbp-omaha,+1 402-433-6447,Open · Closes 6 pm,https://lh3.googleusercontent.com/p/AF1QipMMQTJIoHJLGHRCTg6rKLUygQV4d510HLnScqNn=w408-h558-k-no,true,"https://www.google.com/maps/search/vein+clinics+in+Aksarben+Village+Omaha+NE/@41.2472577,-96.0070569,14z",2025-12-16T22:55:08.547Z,10 am–6 pm,12–6 pm,10 am–6 pm,10 am–4 pm,Closed,Closed,10 am–6 pm,LGBTQ+ friendly,,
https://www.google.com/maps/place/Aesthetic+Surgical+Images/data=!4m7!3m6!1s0x87938d40be33ad9d:0xb219743f6b7dc5e6!8m2!3d41.2638604!4d-96.0506016!16s%2Fg%2F1tfkr88_!19sChIJna0zvkCNk4cR5sV9az90GbI,Aesthetic Surgical Images,4.0,131,Plastic surgery clinic,"8900 W Dodge Rd, Omaha, NE 68114, United States","7W7X+GQ Omaha, Nebraska, USA",https://www.surgicalimages.com/?utm_source=GMB&utm_medium=organic&utm_campaign=GMB,+1 402-390-0100,Closes soon · 5 pm · Opens 8:30 am Wed,https://lh3.googleusercontent.com/p/AF1QipMkAir7JImPmL028k989CitIUvciwflYJhx1EX0=w426-h240-k-no,true,"https://www.google.com/maps/search/vein+clinics+in+Aksarben+Village+Omaha+NE/@41.2472577,-96.0070569,14z",2025-12-16T22:55:13.650Z,8:30 am–5 pm,8:30 am–5 pm,8:30 am–5 pm,8:30 am–5 pm,Closed,Closed,8:30 am–5 pm,,,
"https://www.google.com/maps/place/Amanda+Kistler,+M.D./@41.260315,-96.0413444,17z/data=!3m1!4b1!4m6!3m5!1s0x87938d4c34c1c3f9:0x84a2d9d9cdf00e14!8m2!3d41.260315!4d-96.0413444!16s%2Fg%2F11y2b6f216","Amanda Kistler, M.D.",5.0,1,Surgeon,"8200 Dodge St, Omaha, NE 68114, United States","7X65+4F Omaha, Nebraska, USA",https://www.childrensnebraska.org/provider/3199460/amanda-m-kistler-md,+1 402-955-4360,,,true,"https://www.google.com/maps/search/vein+clinics+in+Aksarben+Village+Omaha+NE/@41.2472577,-96.0070569,14z",2025-12-16T22:55:18.223Z,,,,,,,,,,
https://www.google.com/maps/place/Physician%27s+Clinic+Vascular/data=!4m7!3m6!1s0x8793f1eefb13402f:0x2c91ccbe62f2cb03!8m2!3d41.2643422!4d-96.1674008!16s%2Fg%2F126299pyg!19sChIJL0AT--7xk4cRA8vyYr7MkSw,Physician's Clinic Vascular,,,Surgical center,"515 N 162nd Ave #300, Omaha, NE 68118, United States","7R7M+P2 Omaha, Nebraska, USA",,+1 402-393-6624,,https://streetviewpixels-pa.googleapis.com/v1/thumbnail?panoid=o4mFv0LqSv5DKbDF5vEMKA&cb_client=search.gws-prod.gps&w=408&h=240&yaw=88.660866&pitch=0&thumbfov=100,false,"https://www.google.com/maps/search/vein+clinics+in+West+Omaha+Omaha+NE/@41.2486006,-96.1386212,14z",2025-12-16T22:55:29.371Z,,,,,,,,,,
https://www.google.com/maps/place/Omaha+Med+Spa/data=!4m7!3m6!1s0x8793edefda2ae8d5:0xea0cc168baaf9c6e!8m2!3d41.2368145!4d-96.1807976!16s%2Fg%2F1tgkhsqs!19sChIJ1egq2u_tk4cRbpyvumjBDOo,Omaha Med Spa,4.9,406,Medical spa,"16909 Lakeside Hills Ct Suite 407, Omaha, NE 68130, United States","6RP9+PM Omaha, Nebraska, USA",http://www.omahamedspa.com/,+1 402-614-5556,Open · Closes 6 pm,https://lh3.googleusercontent.com/p/AF1QipNDEa3nQ8MY8dLLlP1e_EdLR4Jp0xuz6DIJmRdJ=w408-h519-k-no,true,"https://www.google.com/maps/search/vein+clinics+in+West+Omaha+Omaha+NE/@41.2486006,-96.1386212,14z",2025-12-16T22:55:34.298Z,8 am–6 pm,8 am–6 pm,8 am–6 pm,8 am–6 pm,Closed,Closed,8 am–6 pm,LGBTQ+ friendly,,
"https://www.google.com/maps/place/David+L.+Vogel,+M.D./data=!4m7!3m6!1s0x8793f1c608417637:0xa019e450918c57e3!8m2!3d41.260118!4d-96.1880191!16s%2Fg%2F11jgh1cws5!19sChIJN3ZBCMbxk4cR41eMkVDkGaA","David L. Vogel, M.D.",5.0,4,Vascular surgeon,"17404 Burke St Suite 102, Omaha, NE 68118, United States","7R66+2Q Omaha, Nebraska, USA",https://www.advancedvvc.com/,+1 531-466-4260,Closed · Opens 8:30 am Wed,https://lh3.googleusercontent.com/p/AF1QipMjSBkk2WtA0SuKxcO-A3ADK1cMejOlGCMyIR7l=w408-h244-k-no,true,"https://www.google.com/maps/search/vein+clinics+in+West+Omaha+Omaha+NE/@41.2486006,-96.1386212,14z",2025-12-16T22:55:39.234Z,8:30 am–4:30 pm,8:30 am–4:30 pm,8:30 am–4:30 pm,8:30 am–4:30 pm,Closed,Closed,8:30 am–4:30 pm,,,
"https://www.google.com/maps/place/Anjan+J.+Talukdar,+MD/data=!4m7!3m6!1s0x879384eb55515931:0x7dc3db36522aa63f!8m2!3d41.2686175!4d-95.8354052!16s%2Fg%2F11p07b11tp!19sChIJMVlRVeuEk4cRP6YqUjbbw30","Anjan J. Talukdar, MD",,,Vascular surgeon,"1 Edmundson Pl, Council Bluffs, IA 51503, United States","7597+CR Council Bluffs, Iowa, USA",,+1 402-354-1200,Closes soon · 5 pm · Opens 8 am Wed,https://lh3.googleusercontent.com/p/AF1QipO932ngJFVHqtoyB5IuaelI9LPYvf0FPbnl5Zy2=w426-h240-k-no,true,"https://www.google.com/maps/search/vein+clinics+in+Council+Bluffs,+Iowa+Omaha+NE/@41.2619444,-95.8608333,14z",2025-12-16T22:55:55.165Z,8 am–5 pm,8 am–5 pm,8 am–5 pm,8 am–5 pm,Closed,Closed,8 am–5 pm,,,
https://www.google.com/maps/place/Methodist+Physicians+Clinic+%281+Edmundson+Place%29/data=!4m7!3m6!1s0x87938494b241b195:0xff88a94d15195366!8m2!3d41.2686175!4d-95.8354052!16s%2Fg%2F1tdc1406!19sChIJlbFBspSEk4cRZlMZFU2piP8,Methodist Physicians Clinic (1 Edmundson Place),3.1,18,Medical clinic,"1 Edmundson Pl, Council Bluffs, IA 51503, United States","7597+CR Council Bluffs, Iowa, USA",https://bestcare.org/locations/methodist-physicians-clinic-methodist-jennie-edmundson-hospital-1-edmundson-place,+1 712-396-4300,Closes soon · 5 pm · Opens 8 am Wed,https://lh3.googleusercontent.com/p/AF1QipNccNf9LqIgNmXUK2R1Q4x2ahxfeVwNwP39aGWs=w426-h240-k-no,true,"https://www.google.com/maps/search/vein+clinics+in+Council+Bluffs,+Iowa+Omaha+NE/@41.2619444,-95.8608333,14z",2025-12-16T22:56:00.194Z,8 am–5 pm,8 am–5 pm,8 am–5 pm,8 am–5 pm,Closed,Closed,8 am–5 pm,,,
"https://www.google.com/maps/place/Yue+Gao,+MD/data=!4m7!3m6!1s0x879385be947a10ff:0x402b9e462de4f254!8m2!3d41.2686175!4d-95.8354052!16s%2Fg%2F11tmk6nsn6!19sChIJ_xB6lL6Fk4cRVPLkLUaeK0A","Yue Gao, MD",,,Surgeon,"1 Edmundson Pl, Council Bluffs, IA 51503, United States","7597+CR Council Bluffs, Iowa, USA",https://providers.bestcare.org/provider/Yue+%28Ryan%29+Gao/2304031,+1 402-354-1200,Closes soon · 5 pm · Opens 8 am Wed,https://lh3.googleusercontent.com/p/AF1QipOJd_ASnb5Z1V-XOIneidNU81NFyfZFjSRiaKND=w426-h240-k-no,true,"https://www.google.com/maps/search/vein+clinics+in+Council+Bluffs,+Iowa+Omaha+NE/@41.2619444,-95.8608333,14z",2025-12-16T22:56:05.092Z,8 am–5 pm,8 am–5 pm,8 am–5 pm,8 am–5 pm,Closed,Closed,8 am–5 pm,,,
https://www.google.com/maps/place/CHI+Health+Clinic+Thoracic+%26+Cardiovascular+Surgery+%28Mercy+Council+Bluffs%29/data=!4m7!3m6!1s0x879385cf913d27b1:0x490fb43020f757d9!8m2!3d41.2695505!4d-95.8377533!16s%2Fg%2F11ld841j25!19sChIJsSc9kc-Fk4cR2Vf3IDC0D0k,CHI Health Clinic Thoracic & Cardiovascular Surgery (Mercy Council Bluffs),,,Medical clinic,"800 Mercy Dr, Council Bluffs, IA 51503, United States","7596+RV Council Bluffs, Iowa, USA",https://www.chihealth.com/en/location-search/location-details.location.6141b0e1-c88d-4f98-b17d-469a53a366ae.html,+1 402-399-9990,,https://streetviewpixels-pa.googleapis.com/v1/thumbnail?panoid=R0VKTR6osAGAkOuEX4fjmQ&cb_client=search.gws-prod.gps&w=408&h=240&yaw=194.40723&pitch=0&thumbfov=100,true,"https://www.google.com/maps/search/vein+clinics+in+Council+Bluffs,+Iowa+Omaha+NE/@41.2619444,-95.8608333,14z",2025-12-16T22:56:07.895Z,,,,,,,,,,
https://www.google.com/maps/place/CB+Skin+Secrets/data=!4m7!3m6!1s0x879384934e530ea3:0xbadf923ba2638876!8m2!3d41.2519519!4d-95.8518322!16s%2Fg%2F11gzfddlm!19sChIJow5TTpOEk4cRdohjojuS37o,CB Skin Secrets,4.5,8,Skin care clinic,"1010 S Main St #500, Council Bluffs, IA 51503, United States","742X+Q7 Council Bluffs, Iowa, USA",http://cbskinsecrets.com/,+1 402-915-2756,Closes soon · 5 pm · Opens 9 am Thu,https://lh3.googleusercontent.com/p/AF1QipOvCLnwuZ3C5cl0LlGNI05c7ADYLBR4ZOT_j8Mg=w408-h315-k-no,true,"https://www.google.com/maps/search/vein+clinics+in+Council+Bluffs,+Iowa+Omaha+NE/@41.2619444,-95.8608333,14z",2025-12-16T22:56:13.006Z,9 am–5 pm,Closed,9 am–12 pm,9 am–12 pm,Closed,Closed,Closed,LGBTQ+ friendly,,
"https://www.google.com/maps/place/Rao+Gutta,+MD/data=!4m7!3m6!1s0x879385bfde5585ab:0x4d4bf7a4b754da02!8m2!3d41.2686175!4d-95.8354052!16s%2Fg%2F11md1vkk7n!19sChIJq4VV3r-Fk4cRAtpUt6T3S00","Rao Gutta, MD",,,Vascular surgeon,"1 Edmundson Pl, Council Bluffs, IA 51503, United States","7597+CR Council Bluffs, Iowa, USA",https://providers.bestcare.org/provider/rao-gutta/1494410,+1 402-354-1200,Closes soon · 5 pm · Opens 8 am Wed,https://lh3.googleusercontent.com/p/AF1QipNrZv3xcbH-M1Pk8AUWWgrneLlMi_nsNHsfRK7O=w426-h240-k-no,true,"https://www.google.com/maps/search/vein+clinics+in+Council+Bluffs,+Iowa+Omaha+NE/@41.2619444,-95.8608333,14z",2025-12-16T22:56:17.938Z,8 am–5 pm,8 am–5 pm,8 am–5 pm,8 am–5 pm,Closed,Closed,8 am–5 pm,,,
"https://www.google.com/maps/place/Katherine+Brown,+DO/data=!4m7!3m6!1s0x8793857ac475a411:0x5e4780b730700997!8m2!3d41.2686175!4d-95.8354052!16s%2Fg%2F11mdb25x7m!19sChIJEaR1xHqFk4cRlwlwMLeAR14","Katherine Brown, DO",,,Vascular surgeon,"1 Edmundson Pl, Council Bluffs, IA 51503, United States","7597+CR Council Bluffs, Iowa, USA",https://providers.bestcare.org/provider/katherine-e-brown/1494436,+1 402-354-1200,Closes soon · 5 pm · Opens 8 am Wed,https://lh3.googleusercontent.com/p/AF1QipN7gzmGxQ4yLQ-XDft7V-V_zyFQ8GTsX7BJyVKO=w426-h240-k-no,true,"https://www.google.com/maps/search/vein+clinics+in+Council+Bluffs,+Iowa+Omaha+NE/@41.2619444,-95.8608333,14z",2025-12-16T22:56:22.648Z,8 am–5 pm,8 am–5 pm,8 am–5 pm,8 am–5 pm,Closed,Closed,8 am–5 pm,,,
https://www.google.com/maps/place/CHI+Health+Mercy+Council+Bluffs/data=!4m7!3m6!1s0x879384eb8ce3c155:0xad5daa7942667a32!8m2!3d41.2688379!4d-95.8391409!16s%2Fg%2F1tdd5rxd!19sChIJVcHjjOuEk4cRMnpmQnmqXa0,CHI Health Mercy Council Bluffs,4.2,891,Medical clinic,"800 Mercy Dr, Council Bluffs, IA 51503, United States","7596+G8 Council Bluffs, Iowa, USA",https://www.chihealth.com/locations/mercy-council-bluffs,+1 712-328-5000,Open 24 hours,https://lh3.googleusercontent.com/p/AF1QipOLqKrYHrixSVHT6Sa2q8ZAjqRPhcsUb2bQORdc=w426-h240-k-no,true,"https://www.google.com/maps/search/vein+clinics+in+Council+Bluffs,+Iowa+Omaha+NE/@41.2619444,-95.8608333,14z",2025-12-16T22:56:27.839Z,Open 24 hours,Open 24 hours,Open 24 hours,Open 24 hours,Open 24 hours,Open 24 hours,Open 24 hours,,,
https://www.google.com/maps/place/Tap+Hydration/data=!4m7!3m6!1s0x8793855f89bc8f03:0x430fc80993a007ad!8m2!3d41.2808049!4d-95.8188028!16s%2Fg%2F11qp0kpn30!19sChIJA4-8iV-Fk4cRrQegkwnID0M,Tap Hydration,5.0,30,Medical spa,"320 McKenzie Ave Ste 201, Council Bluffs, IA 51503, United States","75JJ+8F Council Bluffs, Iowa, USA",http://taphydration.com/,+1 712-796-4573,Open · Closes 8 pm,https://streetviewpixels-pa.googleapis.com/v1/thumbnail?panoid=yimFs36TyXByhSjAkh_7kw&cb_client=search.gws-prod.gps&w=408&h=240&yaw=14.80081&pitch=0&thumbfov=100,true,"https://www.google.com/maps/search/vein+clinics+in+Council+Bluffs,+Iowa+Omaha+NE/@41.2619444,-95.8608333,14z",2025-12-16T22:56:32.602Z,8 am–8 pm,8 am–8 pm,8 am–8 pm,8 am–8 pm,8 am–4 pm,8 am–4 pm,8 am–8 pm,,,
https://www.google.com/maps/place/Methodist+Jennie+Edmundson+Hospital/data=!4m7!3m6!1s0x879385c5ab57db87:0xbd2eebe2789f639a!8m2!3d41.2682482!4d-95.8351487!16s%2Fg%2F1tdnfrth!19sChIJh9tXq8WFk4cRmmOfeOLrLr0,Methodist Jennie Edmundson Hospital,3.1,177,Hospital,"933 E Pierce St, Council Bluffs, IA 51503, United States","7597+7W Council Bluffs, Iowa, USA",https://bestcare.org/locations/methodist-jennie-edmundson-hospital?utm_source=search&utm_medium=organic&utm_campaign=listings,+1 712-396-6000,,https://lh3.googleusercontent.com/p/AF1QipNpM3O7IQZpjFHn0BoOo0rXilZX--bqeMaOPjU_=w426-h240-k-no,true,"https://www.google.com/maps/search/vein+clinics+in+Council+Bluffs,+Iowa+Omaha+NE/@41.2619444,-95.8608333,14z",2025-12-16T22:56:37.752Z,Open 24 hours,Open 24 hours,Open 24 hours,Open 24 hours,Open 24 hours,Open 24 hours,Open 24 hours,,,
"https://www.google.com/maps/place/Heart+Lung+And+Vascular+Surgery,+Pc/data=!4m7!3m6!1s0x879384eb5de8fb01:0xb738499d61825932!8m2!3d41.2681448!4d-95.8357835!16s%2Fg%2F1tgp19c9!19sChIJAfvoXeuEk4cRMlmCYZ1JOLc","Heart Lung And Vascular Surgery, Pc",,,Surgical center,"933 E Pierce St, Council Bluffs, IA 51503, United States","7597+7M Council Bluffs, Iowa, USA",,,,https://streetviewpixels-pa.googleapis.com/v1/thumbnail?panoid=MeZiMzONhGKm40n88yYyTw&cb_client=search.gws-prod.gps&w=408&h=240&yaw=263.35556&pitch=0&thumbfov=100,false,"https://www.google.com/maps/search/vein+clinics+in+Council+Bluffs,+Iowa+Omaha+NE/@41.2619444,-95.8608333,14z",2025-12-16T22:56:40.765Z,,,,,,,,,,
https://www.google.com/maps/place/VEN+Healthcare+Council+Bluffs/data=!4m7!3m6!1s0x87938527fab76ab7:0x458956db0c2fae9d!8m2!3d41.259907!4d-95.849824!16s%2Fg%2F11vdkkwggl!19sChIJt2q3-ieFk4cRna4vDNtWiUU,VEN Healthcare Council Bluffs,4.7,11,Mental health clinic,"29 S Main St, Council Bluffs, IA 51503, United States","7552+X3 Council Bluffs, Iowa, USA",https://www.venhealthcb.com/,+1 712-524-1888,Closes soon · 5 pm · Opens 10 am Wed,https://streetviewpixels-pa.googleapis.com/v1/thumbnail?panoid=GiLS-No5ih1nigY8rFkadw&cb_client=search.gws-prod.gps&w=408&h=240&yaw=93.82294&pitch=0&thumbfov=100,true,"https://www.google.com/maps/search/vein+clinics+in+Council+Bluffs,+Iowa+Omaha+NE/@41.2619444,-95.8608333,14z",2025-12-16T22:56:46.057Z,10 am–5 pm,10 am–5 pm,8 am–5 pm,Closed,Closed,Closed,8 am–5 pm,,,
https://www.google.com/maps/place/Grifols+Biomat+USA+-+Plasma+Donation+Center/data=!4m7!3m6!1s0x879384fcb26f07df:0x235671f2588c1c1a!8m2!3d41.2624014!4d-95.8524697!16s%2Fg%2F1ttpbt74!19sChIJ3wdvsvyEk4cRGhyMWPJxViM,Grifols Biomat USA - Plasma Donation Center,4.3,523,Blood donation center,"617 Mynster St, Council Bluffs, IA 51503, United States","746X+X2 Council Bluffs, Iowa, USA",https://www.grifolsplasma.com/en/-/councilbluffs-ia?utm_source=gmb&utm_medium=yext&y_source=1_MjY4NDQ4ODAtNzE1LWxvY2F0aW9uLndlYnNpdGU%3D,+1 712-352-1218,"Open · Closes 7 pm

Updated by this business 2 weeks ago",https://lh3.googleusercontent.com/p/AF1QipP4k6x9mxscBW-l3pe6ADnSUn-47OjVzQLO_0Df=w408-h544-k-no,true,"https://www.google.com/maps/search/vein+clinics+in+Council+Bluffs,+Iowa+Omaha+NE/@41.2619444,-95.8608333,14z",2025-12-16T22:56:51.059Z,7 am–7 pm,7 am–7 pm,7 am–7 pm,7 am–7 pm,7 am–2 pm,Closed,9 am–5 pm,,,
https://www.google.com/maps/place/Octapharma+Plasma/data=!4m7!3m6!1s0x87938f886b715561:0x5a8f77a02f69880e!8m2!3d41.2616873!4d-95.9002755!16s%2Fg%2F1tfj3nwp!19sChIJYVVxa4iPk4cRDohpL6B3j1o,Octapharma Plasma,4.5,997,Blood bank,"3415 W Broadway A, Council Bluffs, IA 51501, United States","736X+MV Council Bluffs, Iowa, USA",https://www.octapharmaplasma.com/plasma-donation/council-bluffs-ia-428/?utm_source=google&utm_medium=organic&utm_campaign=gbp,+1 712-352-1717,Open · Closes 7 pm,https://lh3.googleusercontent.com/p/AF1QipPodeKyWpriIkjCo8x4BnobYcMwzTVEIamrxEdO=w408-h544-k-no,true,"https://www.google.com/maps/search/vein+clinics+in+Council+Bluffs,+Iowa+Omaha+NE/@41.2619444,-95.8608333,14z",2025-12-16T22:56:56.183Z,6:30 am–7 pm,6:30 am–7 pm,6:30 am–7 pm,6:30 am–7 pm,9 am–6 pm,9 am–6 pm,6:30 am–7 pm,,,
https://www.google.com/maps/place/Methodist+Physicians+Clinic+%28Colon+and+Rectal+Surgery+Council+Bluffs%29/data=!4m7!3m6!1s0x879385466bb71899:0x7f02ec366caff3b6!8m2!3d41.2686175!4d-95.8354052!16s%2Fg%2F11t6hq0j14!19sChIJmRi3a0aFk4cRtvOvbDbsAn8,Methodist Physicians Clinic (Colon and Rectal Surgery Council Bluffs),,,Surgical center,"1 Edmundson Pl Second Floor, Council Bluffs, IA 51503, United States","7597+CR Council Bluffs, Iowa, USA",https://bestcare.org/locations/methodist-physicians-clinic-1-edmundson-place,+1 402-354-1810,Closes soon · 5 pm · Opens 8 am Wed,https://lh3.googleusercontent.com/p/AF1QipP-k6CmT8mban95XZmBTxcLx4mbkdiF7ADdVuiQ=w408-h272-k-no,true,"https://www.google.com/maps/search/vein+clinics+in+Council+Bluffs,+Iowa+Omaha+NE/@41.2619444,-95.8608333,14z",2025-12-16T22:57:00.955Z,8 am–5 pm,8 am–5 pm,8 am–5 am,8 am–5 am,Closed,Closed,8 am–5 pm,,,
https://www.google.com/maps/place/Colon+And+Rectal+Surgery+Center/data=!4m7!3m6!1s0x879384eb5de8e531:0x776f9e8cb2f9d67a!8m2!3d41.2684586!4d-95.8349374!16s%2Fg%2F113k3nw6r!19sChIJMeXoXeuEk4cRetb5soyeb3c,Colon And Rectal Surgery Center,1.0,1,Surgical center,"933 E Pierce St, Council Bluffs, IA 51503, United States","7598+92 Council Bluffs, Iowa, USA",http://www.colonrectal.org/,+1 952-892-2000,,https://streetviewpixels-pa.googleapis.com/v1/thumbnail?panoid=MeZiMzONhGKm40n88yYyTw&cb_client=search.gws-prod.gps&w=408&h=240&yaw=51.72612&pitch=0&thumbfov=100,false,"https://www.google.com/maps/search/vein+clinics+in+Council+Bluffs,+Iowa+Omaha+NE/@41.2619444,-95.8608333,14z",2025-12-16T22:57:03.830Z,,,,,,,,,,
https://www.google.com/maps/place/Carstens+Jeffrey+MD/data=!4m7!3m6!1s0x879384eb8ce3c155:0x673a87aa98360335!8m2!3d41.2619444!4d-95.8608333!16s%2Fg%2F1tx15w52!19sChIJVcHjjOuEk4cRNQM2mKqHOmc,Carstens Jeffrey MD,,,Doctor,"800 Mercy Drive, Alegent Creighton Clinic Heart & Vascular Specialists (mercy Council Bluffs), Council Bluffs, IA 51503, United States",,http://www.chihealth.com/,+1 712-328-5000,,https://streetviewpixels-pa.googleapis.com/v1/thumbnail?panoid=y7siYf6zPAr9-vleVHKnRw&cb_client=search.gws-prod.gps&w=408&h=240&yaw=29.411211&pitch=0&thumbfov=100,false,"https://www.google.com/maps/search/vein+clinics+in+Council+Bluffs,+Iowa+Omaha+NE/@41.2619444,-95.8608333,14z",2025-12-16T22:57:06.414Z,,,,,,,,,,
https://www.google.com/maps/place/Andrew+Coughlin/data=!4m7!3m6!1s0x879384eb55515931:0x192ea14b1f509954!8m2!3d41.2686175!4d-95.8354052!16s%2Fg%2F11rwxg1byk!19sChIJMVlRVeuEk4cRVJlQH0uhLhk,Andrew Coughlin,,,Plastic surgeon,"1 Edmundson Pl, Council Bluffs, IA 51503, United States","7597+CR Council Bluffs, Iowa, USA",,+1 402-354-5048,,https://streetviewpixels-pa.googleapis.com/v1/thumbnail?panoid=ami30qetQWp53poz781Fdw&cb_client=search.gws-prod.gps&w=408&h=240&yaw=130.35252&pitch=0&thumbfov=100,false,"https://www.google.com/maps/search/vein+clinics+in+Council+Bluffs,+Iowa+Omaha+NE/@41.2619444,-95.8608333,14z",2025-12-16T22:57:08.993Z,,,,,,,,,,
https://www.google.com/maps/place/LIVE+Hydration+Spa+Old+Market/data=!4m7!3m6!1s0x87938f3c2644f803:0x3e38b420eba40576!8m2!3d41.2574243!4d-95.9294767!16s%2Fg%2F11rc73v74r!19sChIJA_hEJjyPk4cRdgWk6yC0OD4,LIVE Hydration Spa Old Market,5.0,134,Health spa,"1001 Farnam St Suite 1E, Omaha, NE 68102, United States","734C+X6 Omaha, Nebraska, USA",https://livehydrationspa.com/locations/old-market-omaha-ne/,+1 531-999-3030,Open · Closes 7 pm,https://lh3.googleusercontent.com/p/AF1QipOWoiYjN6Fq-I3vA6eHaDxnkdBe8JjcUmh60IaY=w426-h240-k-no,true,"https://www.google.com/maps/search/vein+clinics+in+Council+Bluffs,+Iowa+Omaha+NE/@41.2619444,-95.8608333,14z",2025-12-16T22:57:14.055Z,10 am–7 pm,10 am–7 pm,10 am–7 pm,10 am–7 pm,11 am–5 pm,11 am–5 pm,10 am–7 pm,LGBTQ+ friendly,,
"https://www.google.com/maps/place/Rao+Gutta,+MD/data=!4m7!3m6!1s0x87938d4ce0376741:0xfd5ba8907470184d!8m2!3d41.2643569!4d-96.1674312!16s%2Fg%2F1tx_6w4h!19sChIJQWc34EyNk4cRTRhwdJCoW_0","Rao Gutta, MD",4.0,20,Vascular surgeon,"515 N 162nd Ave, Omaha, NE 68118, United States","7R7M+P2 Omaha, Nebraska, USA",https://providers.bestcare.org/provider/rao-gutta/1494410,+1 402-354-1200,"Closes soon · 5 pm · Opens 8 am Wed

Updated by this business 8 weeks ago",https://lh3.googleusercontent.com/p/AF1QipNw4rkBRP0zzWng7Z9QpoOuVJhT5bfcGAsy2XLy=w426-h240-k-no,true,"https://www.google.com/maps/search/vein+clinics+in+Council+Bluffs,+Iowa+Omaha+NE/@41.2619444,-95.8608333,14z",2025-12-16T22:57:18.943Z,8 am–5 pm,8 am–5 pm,8 am–5 pm,8 am–5 pm,Closed,Closed,8 am–5 pm,,,
https://www.google.com/maps/place/Physicians+Vein+Clinics/data=!4m7!3m6!1s0x878dfd77440252bb:0xb93b6e528a6fdb43!8m2!3d42.5217976!4d-96.4192383!16s%2Fg%2F12637hk_8!19sChIJu1ICRHf9jYcRQ9tvilJuO7k,Physicians Vein Clinics,5.0,10,Vascular surgeon,"3015 Hamilton Blvd, Sioux City, IA 51104, United States","GHCJ+P8 Sioux City, Iowa, USA",https://physiciansveinclinics.com/,+1 712-224-3662,Closes soon · 5 pm · Opens 9 am Wed,https://lh3.googleusercontent.com/p/AF1QipP9IaiwUhJ84yUA6JKObXZLJTWk7Q5-ElZybMIN=w417-h240-k-no,true,"https://www.google.com/maps/search/vein+clinics+in+Council+Bluffs,+Iowa+Omaha+NE/@41.2619444,-95.8608333,14z",2025-12-16T22:57:23.810Z,9 am–5 pm,9 am–5 pm,9 am–5 pm,9 am–5 pm,Closed,Closed,9 am–5 pm,LGBTQ+ friendly,,
"https://www.google.com/maps/place/Katherine+Brown,+DO/data=!4m7!3m6!1s0x8793f1b1e5973327:0x9940e76c6472b9f!8m2!3d41.2643569!4d-96.1674312!16s%2Fg%2F11md12cnd3!19sChIJJzOX5bHxk4cRnytHxnYOlAk","Katherine Brown, DO",5.0,1,Vascular surgeon,"515 N 162nd Ave, Omaha, NE 68118, United States","7R7M+P2 Omaha, Nebraska, USA",https://providers.bestcare.org/provider/katherine-e-brown/1494436,+1 402-354-1200,"Closes soon · 5 pm · Opens 8 am Wed

Updated by this business 8 weeks ago",https://lh3.googleusercontent.com/p/AF1QipOPOB99bPWaW0gUICahmXaA8UPvA27fbhE6s39a=w426-h240-k-no,true,"https://www.google.com/maps/search/vein+clinics+in+Council+Bluffs,+Iowa+Omaha+NE/@41.2619444,-95.8608333,14z",2025-12-16T22:57:28.705Z,8 am–5 pm,8 am–5 pm,8 am–5 pm,8 am–5 pm,Closed,Closed,8 am–5 pm,,,
https://www.google.com/maps/place/tr%C3%A8s+j+Medspa/data=!4m7!3m6!1s0x8793f3baaac8ded7:0x1aa7c06ad0cd59df!8m2!3d41.2481902!4d-96.1028907!16s%2Fg%2F11h7151vdw!19sChIJ197Iqrrzk4cR31nN0GrApxo,très j Medspa,5.0,113,Medical spa,"12103 Pacific St, Omaha, NE 68154, United States","6VXW+7R Omaha, Nebraska, USA",https://tresjmedspa.com/,+1 402-933-5725,"Closes soon · 5 pm · Opens 9 am Wed

Updated by this business 10 weeks ago",https://lh3.googleusercontent.com/p/AF1QipO7JlrqITK-OGUW2fjMZ5KwxDqVpFk7gzr4SAQ5=w408-h272-k-no,true,"https://www.google.com/maps/search/vein+clinics+in+Council+Bluffs,+Iowa+Omaha+NE/@41.2619444,-95.8608333,14z",2025-12-16T22:57:33.680Z,9 am–5 pm,9 am–5 pm,9 am–5 pm,9 am–5 pm,9 am–2 pm,Closed,9 am–5 pm,Identifies as women-owned,,
https://www.google.com/maps/place/Antidote+IV+Lounge/data=!4m7!3m6!1s0x87938fcfa405a719:0x2af7415960c83220!8m2!3d41.2541675!4d-95.936389!16s%2Fg%2F11h3q00_4t!19sChIJGacFpM-Pk4cRIDLIYFlB9yo,Antidote IV Lounge,5.0,2,Health and beauty shop,"1501 Jackson St, Omaha, NE 68102, United States","7337+MC Omaha, Nebraska, USA",,+1 402-999-2329,Closes soon · 5 pm · Opens 9 am Wed,https://lh3.googleusercontent.com/p/AF1QipNtag6tlbqOouiBh3TIQMl0ggUFWoRH49RZh1jp=w408-h306-k-no,true,"https://www.google.com/maps/search/vein+clinics+in+Council+Bluffs,+Iowa+Omaha+NE/@41.2619444,-95.8608333,14z",2025-12-16T22:57:38.563Z,9 am–5 pm,9 am–3:30 pm,9 am–5 pm,9 am–12 pm,Closed,Closed,12–5 pm,LGBTQ+ friendly,,
https://www.google.com/maps/place/Kiewit+Luminarium/data=!4m7!3m6!1s0x87938f469c9ee78d:0x7e20f0dfc8effecf!8m2!3d41.2622535!4d-95.9243783!16s%2Fg%2F11k9ktvsph!19sChIJjeeenEaPk4cRz_7vyN_wIH4,Kiewit Luminarium,4.7,1272,Science museum,"345 Riverfront Dr, Omaha, NE 68102, United States","736G+W6 Omaha, Nebraska, USA",http://www.kiewitluminarium.org/,+1 402-502-3366,Closes soon · 5 pm · Opens 10 am Wed,https://lh3.googleusercontent.com/gps-cs-s/AG0ilSw_fn-deacE4QE06jK2JTPIv2v-uxtxV4G1YLhrNNDOalTJVdFMxwGMpDcmiRS1VUfeDiq2x2lJ9ajTC7uKl3a7nesq3vBKl98okWz43Uo22eJXKvif9XNNibPqUJr4fs-Zv3jP=w408-h317-k-no,true,"https://www.google.com/maps/search/vein+clinics+in+Council+Bluffs,+Iowa+Omaha+NE/@41.2619444,-95.8608333,14z",2025-12-16T22:57:44.017Z,10 am–5 pm,10 am–5 pm,10 am–5 pm,10 am–5 pm,10 am–5 pm,10 am–5 pm,10 am–5 pm,,· Gift shop,
https://www.google.com/maps/place/Preventative+Medical+Clinic/data=!4m7!3m6!1s0x8793f383d2fe63bf:0x1375c8e844fcb6e7!8m2!3d41.20461!4d-96.113012!16s%2Fg%2F11csh_lhff!19sChIJv2P-0oPzk4cR57b8ROjIdRM,Preventative Medical Clinic,4.7,57,Medical clinic,"12743 Q St, Omaha, NE 68137, United States","6V3P+RQ Omaha, Nebraska, USA",http://omahapmc.com/?utm_source=google&utm_medium=local&utm_campaign=millard-practice-website,+1 402-895-8001,Open · Closes 7 pm,https://lh3.googleusercontent.com/p/AF1QipNIb8OX_U5sbn4fJCJ7u46YiEg6GzCeYeAnRJEe=w408-h544-k-no,true,"https://www.google.com/maps/search/vein+clinics+in+Council+Bluffs,+Iowa+Omaha+NE/@41.2619444,-95.8608333,14z",2025-12-16T22:57:56.036Z,8 am–7 pm,8 am–5 pm,8 am–5 pm,8 am–3 pm,Closed,Closed,8 am–7 pm,,,
https://www.google.com/maps/place/%28Formerly+NuFemme+Rejuvenation+Clinic%29/data=!4m7!3m6!1s0x8793f2cee4032215:0xbc954b11efb9a5c7!8m2!3d41.2546882!4d-96.0754632!16s%2Fg%2F11g8fylmc_!19sChIJFSID5M7yk4cRx6W57xFLlbw,(Formerly NuFemme Rejuvenation Clinic),4.6,61,Women's health clinic,"444 Regency Pkwy Dr #204, Omaha, NE 68114, United States","7W3F+VR Omaha, Nebraska, USA",https://nufemme.com/locations/omaha/,+1 402-267-9519,Open · Closes 6 pm,https://lh3.googleusercontent.com/p/AF1QipOuxSzB4TSKxVG1RBvhISu1rwo1gzl7zzhNR_3H=w426-h240-k-no,true,"https://www.google.com/maps/search/vein+clinics+in+Council+Bluffs,+Iowa+Omaha+NE/@41.2619444,-95.8608333,14z",2025-12-16T22:58:00.830Z,8 am–6 pm,8 am–5 pm,8 am–5 pm,8 am–5 pm,Closed,Closed,8 am–5 pm,LGBTQ+ friendly,,
https://www.google.com/maps/place/Madonna+Rehabilitation+Physicians+Clinic/data=!4m7!3m6!1s0x8793f12757d8f3a7:0x11aa6e02eeb65846!8m2!3d41.260672!4d-96.189557!16s%2Fg%2F11pr47ghm1!19sChIJp_PYVyfxk4cRRli27gJuqhE,Madonna Rehabilitation Physicians Clinic,1.0,1,Medical clinic,"202 N 175th Plaza, Omaha, NE 68118, United States","7R66+75 Omaha, Nebraska, USA",https://www.madonna.org/physicians-clinic/,+1 402-401-3540,Closed · Opens 8 am Wed,https://lh3.googleusercontent.com/gps-cs-s/AG0ilSyKJCqAbH1uYucvx_c2Lwp2xK_2qUz9aVFUfovCrK4DJH81Nr6hxU6gFkR6gfL76qJ5BAbqMWQghCwJiWjVUU_0ipIQPbc3y1nSRryZ6fYIIggwdzXs7n965GkwNSjPsj0y_Mo=w408-h725-k-no,true,"https://www.google.com/maps/search/vein+clinics+in+Papillion,+NE+Omaha+NE/@41.1544398,-96.0430314,14z",2025-12-16T22:58:15.444Z,8 am–4 pm,8 am–4 pm,8 am–4 pm,8 am–4 pm,Closed,Closed,8 am–4 pm,,,
https://www.google.com/maps/place/Revive+Med+Spa/data=!4m7!3m6!1s0x87938a557d563d77:0x15d4ff69ce7f7cec!8m2!3d41.1629428!4d-96.0240423!16s%2Fg%2F1260cbnw1!19sChIJdz1WfVWKk4cR7Hx_zmn_1BU,Revive Med Spa,4.6,82,Medical spa,"701 Pinnacle Dr Suite 107, Papillion, NE 68046, United States","5X7G+59 Papillion, Nebraska, USA",https://www.wereviveyou.com/,+1 402-952-4801,"Open · Closes 6 pm

Updated by this business 12 weeks ago",https://lh3.googleusercontent.com/p/AF1QipN1WTEE7vcREtWK25YxsV9l4Go9oZ6myYyucU7H=w486-h240-k-no,true,"https://www.google.com/maps/search/vein+clinics+in+Papillion,+NE+Omaha+NE/@41.1544398,-96.0430314,14z",2025-12-16T22:58:20.462Z,8 am–6 pm,8 am–6 pm,8 am–6 pm,8 am–1 pm,Closed,Closed,8 am–6 pm,,,
https://www.google.com/maps/place/Center+of+Dermatology+PC/data=!4m7!3m6!1s0x87938a91068b7f89:0x1279b509f8336c4d!8m2!3d41.1358593!4d-96.039062!16s%2Fg%2F1wtbvcy9!19sChIJiX-LBpGKk4cRTWwz-Am1eRI,Center of Dermatology PC,1.0,7,Skin care clinic,"401 E Gold Coast Rd, Papillion, NE 68046, United States","4XP6+89 Papillion, Nebraska, USA",http://www.centerofdermatology.com/,+1 402-592-5140,,https://streetviewpixels-pa.googleapis.com/v1/thumbnail?panoid=R01mAajR6V-ipW80WMrDrg&cb_client=search.gws-prod.gps&w=408&h=240&yaw=67.3194&pitch=0&thumbfov=100,false,"https://www.google.com/maps/search/vein+clinics+in+Papillion,+NE+Omaha+NE/@41.1544398,-96.0430314,14z",2025-12-16T22:58:23.375Z,,,,,,,,,,
https://www.google.com/maps/place/Sarpy+County+VA+Clinic/data=!4m7!3m6!1s0x87938b000cb2dc25:0xefed91da596f4e96!8m2!3d41.174738!4d-96.0280654!16s%2Fg%2F11vybt_009!19sChIJJdyyDACLk4cRlk5vWdqR7e8,Sarpy County VA Clinic,4.8,10,Medical clinic,"1330 Jersey St, Papillion, NE 68046, United States","5XFC+VQ Papillion, Nebraska, USA",https://www.va.gov/nebraska-western-iowa-health-care/locations/sarpy-county-va-clinic/,+1 402-591-4500,Closes soon · 5 pm · Opens 7 am Wed,https://lh3.googleusercontent.com/gps-cs-s/AG0ilSwq5VvZn8qZzBOEaZiAYo15MtrrfiFELSLQkhTnVl9GtIhbHxb0FLkG2W-VhqE7FEeGelbYFvqhFY6urxKE6eeLVWqtyaJjIkaULd2Dv5blmHhac-XOq0h7d7EeidHArsyiyQKRfDr7_i9L=w408-h306-k-no,true,"https://www.google.com/maps/search/vein+clinics+in+Papillion,+NE+Omaha+NE/@41.1544398,-96.0430314,14z",2025-12-16T22:58:28.233Z,7 am–5 pm,7 am–5 pm,7 am–5 pm,7 am–5 pm,Closed,Closed,7 am–5 pm,,,
https://www.google.com/maps/place/Nebraska+Medicine+Brentwood+Health+Center/data=!4m7!3m6!1s0x87938b16a4902f49:0xc4031cdbda819fa!8m2!3d41.1768636!4d-96.0469973!16s%2Fg%2F1tfkwtkv!19sChIJSS-QpBaLk4cR-hmovc0xQAw,Nebraska Medicine Brentwood Health Center,4.9,520,Medical clinic,"8604 Giles Rd, La Vista, NE 68128, United States","5XG3+P6 La Vista, Nebraska, USA",https://www.nebraskamed.com/brentwood-village,+1 402-559-0000,Closes soon · 5 pm · Opens 8 am Wed,https://lh3.googleusercontent.com/p/AF1QipMBuOaFoMWn8AvdjYmAs21VEHzFhul30xAlTAjq=w408-h252-k-no,true,"https://www.google.com/maps/search/vein+clinics+in+Papillion,+NE+Omaha+NE/@41.1544398,-96.0430314,14z",2025-12-16T22:58:33.251Z,8 am–5 pm,8 am–5 pm,8 am–5 pm,8 am–5 pm,Closed,Closed,8 am–5 pm,,,
"https://www.google.com/maps/place/Department+of+Veterans+Affairs,+Sarpy+County/data=!4m7!3m6!1s0x87938b005f59e8bf:0x3c7e5fc63e9e9fee!8m2!3d41.174738!4d-96.0280654!16s%2Fg%2F11wh_hlvvr!19sChIJv-hZXwCLk4cR7p-ePsZffjw","Department of Veterans Affairs, Sarpy County",5.0,2,Medical clinic,"1330 Jersey St, Papillion, NE 68046, United States","5XFC+VQ Papillion, Nebraska, USA",https://www.va.gov/nebraska-western-iowa-health-care/locations/sarpy-county-va-clinic/,+1 402-591-4500,Closed · Opens 8 am Wed,https://streetviewpixels-pa.googleapis.com/v1/thumbnail?panoid=RHXqWakThdk16uQt5Yz94g&cb_client=search.gws-prod.gps&w=408&h=240&yaw=203.72163&pitch=0&thumbfov=100,false,"https://www.google.com/maps/search/vein+clinics+in+Papillion,+NE+Omaha+NE/@41.1544398,-96.0430314,14z",2025-12-16T22:58:38.158Z,8 am–4:30 pm,8 am–4:30 pm,8 am–4:30 pm,8 am–4:30 pm,Closed,Closed,8 am–4:30 pm,,,
https://www.google.com/maps/place/The+Lymphedema+Clinic/data=!4m7!3m6!1s0x87938be925fc5261:0x1bf45c31ef2bdf6a!8m2!3d41.1721377!4d-96.0438212!16s%2Fg%2F11vcv2l5ss!19sChIJYVL8JemLk4cRat8r7zFc9Bs,The Lymphedema Clinic,3.3,3,Occupational therapist,"955 N Adams St # 1, Papillion, NE 68046, United States","5XC4+VF Papillion, Nebraska, USA",https://llotnebraska.com/,+1 531-600-7774,Open · Closes 6 pm,https://lh3.googleusercontent.com/p/AF1QipOs9MuPMjRvAYi9FsOb_dk0Pn3DywVRtyrvU2Gy=w408-h290-k-no,true,"https://www.google.com/maps/search/vein+clinics+in+Papillion,+NE+Omaha+NE/@41.1544398,-96.0430314,14z",2025-12-16T22:58:43.054Z,8 am–6 pm,8 am–6 pm,8 am–6 pm,8 am–6 pm,Closed,Closed,8 am–6 pm,,,
https://www.google.com/maps/place/Czech+and+Slovak+Educational+Center+and+Cultural+Museum/data=!4m7!3m6!1s0x87938d0a660acc69:0xda033a1616b9fdbe!8m2!3d41.1771733!4d-96.0444814!16s%2Fg%2F11c18v4ft9!19sChIJacwKZgqNk4cRvv25FhY6A9o,Czech and Slovak Educational Center and Cultural Museum,4.8,65,Heritage museum,"8106 S 84th St, La Vista, NE 68128, United States","5XG4+V6 La Vista, Nebraska, USA",http://www.facebook.com/CzechAndSlovakMuseum,+1 402-686-9837,Closed · Opens 12 pm Fri,https://lh3.googleusercontent.com/gps-cs-s/AG0ilSyWmEuMq8TgT4fsE3AgIBVU_rF9Xm0t7MmgVNoD5qbYHXFdv39IU3tEpAwmt99NngiG0OKhGmFGwZDGEQ_1fDs-IfBDzrGH2kIb8okgmVlqOFjzlCGKy5zz3YtoUxvoGPg7S-2o=w426-h240-k-no,true,"https://www.google.com/maps/search/vein+clinics+in+Papillion,+NE+Omaha+NE/@41.1544398,-96.0430314,14z",2025-12-16T22:58:47.963Z,Closed,Closed,Closed,12–5 pm,10 am–5 pm,1–5 pm,Closed,,"Museum featuring exhibits on the history of Czech & Slovak immigrants, with a gift shop. · Gift shop",
https://www.google.com/maps/place/Advanced+Vein+%26+Interventional/data=!4m7!3m6!1s0x8793f460539c6039:0x217988199bceb2e7!8m2!3d41.1814811!4d-96.1125236!16s%2Fg%2F11gf8fqdy9!19sChIJOWCcU2D0k4cR57LOmxmIeSE,Advanced Vein & Interventional,5.0,8,,"12702 Westport Pkwy #101, La Vista, NE 68138, United States","5VJP+HX La Vista, Nebraska, USA",http://www.advancedveinomaha.com/,+1 402-614-0026,Permanently closed,https://streetviewpixels-pa.googleapis.com/v1/thumbnail?panoid=IGlQjiy5JskD16RxghZXHw&cb_client=search.gws-prod.gps&w=408&h=240&yaw=156.43987&pitch=0&thumbfov=100,false,"https://www.google.com/maps/search/vein+clinics+in+Papillion,+NE+Omaha+NE/@41.1544398,-96.0430314,14z",2025-12-16T22:58:52.698Z,,,,,,,,,,
https://www.google.com/maps/place/Heartland+Vein+%26+Vascular+Institute/data=!4m7!3m6!1s0x8793f108794e67bb:0xf6ccfc5da717c5c!8m2!3d41.1814226!4d-96.112577!16s%2Fg%2F1thmlhb1!19sChIJu2dOeQjxk4cRXHxx2sXPbA8,Heartland Vein & Vascular Institute,3.4,5,,"12702 Westport Pkwy #101, La Vista, NE 68138, United States","5VJP+HX La Vista, Nebraska, USA",http://www.advancedveinomaha.com/,+1 402-614-0026,Permanently closed,https://streetviewpixels-pa.googleapis.com/v1/thumbnail?panoid=qt2lpkxm8ncnRd75r8L0Lw&cb_client=search.gws-prod.gps&w=408&h=240&yaw=322.31284&pitch=0&thumbfov=100,false,"https://www.google.com/maps/search/vein+clinics+in+La+Vista,+NE+Omaha+NE/@41.1800329,-96.0620018,14z",2025-12-16T22:59:05.714Z,,,,,,,,,,
"https://www.google.com/maps/place/Andrew+Schroeder,+DO/data=!4m7!3m6!1s0x856c376da09ecb1f:0x298aad7d4ae8cfc4!8m2!3d41.2602294!4d-96.1880439!16s%2Fg%2F11vqvs1vf2!19sChIJH8ueoG03bIURxM_oSn2tiik","Andrew Schroeder, DO",3.0,1,Vascular surgeon,"17404 Burke St Suite 102, Omaha, NE 68118, United States","7R66+3Q Omaha, Nebraska, USA",https://vascularcare.com/andrew-schroeder-do/,+1 531-466-4260,Closed · Opens 8:30 am Wed,https://streetviewpixels-pa.googleapis.com/v1/thumbnail?panoid=8SWzsHpnlyg_B6QRrojgbg&cb_client=search.gws-prod.gps&w=408&h=240&yaw=341.71646&pitch=0&thumbfov=100,false,"https://www.google.com/maps/search/vein+clinics+in+Elkhorn,+NE+Omaha+NE/@41.2831958,-96.2368465,14z",2025-12-16T22:59:20.075Z,8:30 am–4:30 pm,8:30 am–4:30 pm,8:30 am–4:30 pm,8:30 am–4:30 pm,Closed,Closed,8:30 am–4:30 pm,,,
https://www.google.com/maps/place/Euphoria+Health/data=!4m7!3m6!1s0x8793efc19a4e5751:0x38e224021b0b218!8m2!3d41.2894093!4d-96.2139874!16s%2Fg%2F11qg2yff1h!19sChIJUVdOmsHvk4cRGLKwIUAijgM,Euphoria Health,5.0,31,Medical spa,"3423 N 191st Ave, Elkhorn, NE 68022, United States","7QQP+QC Elkhorn, Omaha, NE, USA",https://euphoria.health/,+1 402-885-7682,Closes soon · 5 pm · Opens 9 am Wed,https://lh3.googleusercontent.com/p/AF1QipPzuB_VijmDjvWi0rHCdH4ZOzA5CIVQUWzPu98x=w408-h612-k-no,true,"https://www.google.com/maps/search/vein+clinics+in+Elkhorn,+NE+Omaha+NE/@41.2831958,-96.2368465,14z",2025-12-16T22:59:25.147Z,9 am–5 pm,9 am–5 pm,9 am–5 pm,9 am–5 pm,Closed,Closed,9 am–5 pm,,,
https://www.google.com/maps/place/Skyline+Medical+Center+PC/data=!4m7!3m6!1s0x8793effec030e543:0xd979a054964f641f!8m2!3d41.2765347!4d-96.2337448!16s%2Fg%2F1wk6_851!19sChIJQ-UwwP7vk4cRH2RPllSgedk,Skyline Medical Center PC,4.3,20,Medical clinic,"1908 N 203rd St #2, Elkhorn, NE 68022, United States","7QG8+JG Elkhorn, Omaha, NE, USA",https://www.facebook.com/skylinemedicalcenter,+1 402-289-4031,Closes soon · 5 pm · Opens 8 am Wed,https://streetviewpixels-pa.googleapis.com/v1/thumbnail?panoid=tp0JF-WY9chGmvMwaqdnpQ&cb_client=search.gws-prod.gps&w=408&h=240&yaw=61.91008&pitch=0&thumbfov=100,true,"https://www.google.com/maps/search/vein+clinics+in+Elkhorn,+NE+Omaha+NE/@41.2831958,-96.2368465,14z",2025-12-16T22:59:30.230Z,8 am–5 pm,8 am–5 pm,8 am–5 pm,8 am–4 pm,Closed,Closed,8 am–5 pm,,,
https://www.google.com/maps/place/NAVA+Med+Spa/data=!4m7!3m6!1s0x8793f1b763aca3d5:0xe4df0db86900c679!8m2!3d41.2594448!4d-96.1979844!16s%2Fg%2F11k51gbq93!19sChIJ1aOsY7fxk4cRecYAabgN3-Q,NAVA Med Spa,5.0,11,Medical spa,"18140 Burke St, Elkhorn, NE 68022, United States","7R52+QR Elkhorn, Omaha, NE, USA",https://navamedspane.hibuwebsites.com/,+1 402-256-1142,"Closes soon · 5 pm · Opens 7:30 am Wed

Confirmed by this business 4 weeks ago",https://lh3.googleusercontent.com/p/AF1QipOYdgs1KsihnDui_Aty2dh-SUJNJ4hRbPbA5-7E=w426-h240-k-no,true,"https://www.google.com/maps/search/vein+clinics+in+Elkhorn,+NE+Omaha+NE/@41.2831958,-96.2368465,14z",2025-12-16T22:59:35.275Z,7:30 am–5 pm,7:30 am–5 pm,9 am–6 pm,8 am–4 pm,Closed,Closed,7:30 am–5 pm,,,
https://www.google.com/maps/place/Methodist+Physicians+Clinic+%28Elkhorn%29/data=!4m7!3m6!1s0x8793ef1aeb6b5e57:0x4fc6296e419b248!8m2!3d41.2925949!4d-96.2278137!16s%2Fg%2F11kgjw6603!19sChIJV15r6xrvk4cRSLIZ5JZi_AQ,Methodist Physicians Clinic (Elkhorn),2.8,15,Medical clinic,"20021 Manderson St, Elkhorn, NE 68022, United States","7QVC+2V Elkhorn, Omaha, NE, USA",https://bestcare.org/locations/methodist-physicians-clinic-elkhorn,+1 402-815-6600,Closes soon · 5 pm · Opens 8 am Wed,https://lh3.googleusercontent.com/p/AF1QipMnSfjJCoh0A1XSQGEwiutN36SAMuJVTQHZBIws=w426-h240-k-no,true,"https://www.google.com/maps/search/vein+clinics+in+Elkhorn,+NE+Omaha+NE/@41.2831958,-96.2368465,14z",2025-12-16T22:59:40.340Z,8 am–5 pm,8 am–5 pm,8 am–5 pm,8 am–5 pm,Closed,Closed,8 am–5 pm,,,
https://www.google.com/maps/place/Methodist+Women%27s+Hospital/data=!4m7!3m6!1s0x8793f0231817c083:0x6cc851c19a293054!8m2!3d41.2649833!4d-96.2132527!16s%2Fg%2F1ts1n3yk!19sChIJg8AXGCPwk4cRVDApmsFRyGw,Methodist Women's Hospital,3.6,207,General hospital,"707 N 190th Plaza, Elkhorn, NE 68022, United States","7Q7P+XM Elkhorn, Omaha, NE, USA",https://bestcare.org/locations/methodist-womens-hospital,+1 402-815-4000,,https://lh3.googleusercontent.com/p/AF1QipOn7kjzgVfeGk8nvRJBn_CJxmM8DLqYgydErLIg=w426-h240-k-no,true,"https://www.google.com/maps/search/vein+clinics+in+Elkhorn,+NE+Omaha+NE/@41.2831958,-96.2368465,14z",2025-12-16T22:59:45.390Z,Open 24 hours,Open 24 hours,Open 24 hours,Open 24 hours,Open 24 hours,Open 24 hours,Open 24 hours,,,
https://www.google.com/maps/place/Valeriya+Life+Medical+Spa/data=!4m7!3m6!1s0x8793efb146c98eb7:0x969dd6001b50ff6a!8m2!3d41.244681!4d-96.2335291!16s%2Fg%2F11gy2jc2_y!19sChIJt47JRrHvk4cRav9QGwDWnZY,Valeriya Life Medical Spa,4.9,98,Medical spa,"1515 S 204th St Suite 105, Elkhorn, NE 68022, United States","6QV8+VH Elkhorn, Omaha, NE, USA",https://www.valeriya.life/,+1 531-777-2752,"Open · Closes 6 pm

Updated by this business 4 weeks ago",https://lh3.googleusercontent.com/p/AF1QipPqdpYSoOB30zWwzfxQvSYgjiAMPzoMzAgpEVUU=w408-h543-k-no,true,"https://www.google.com/maps/search/vein+clinics+in+Elkhorn,+NE+Omaha+NE/@41.2831958,-96.2368465,14z",2025-12-16T22:59:50.603Z,10 am–6 pm,10 am–6 pm,10 am–6 pm,10 am–6 pm,Closed,Closed,10 am–6 pm,Identifies as women-owned,,
https://www.google.com/maps/place/The+Men%E2%80%99s+Health+Clinic/data=!4m7!3m6!1s0x8793f1005da1cbe7:0xcedd61a6989d4ee1!8m2!3d41.271857!4d-96.2366092!16s%2Fg%2F11zk3rdj0_!19sChIJ58uhXQDxk4cR4U6dmKZh3c4,The Men’s Health Clinic,5.0,10,Medical clinic,"1314 N 205th St STE B, Elkhorn, NE 68022, United States","7QC7+P9 Elkhorn, Omaha, NE, USA",https://themenshealthclinic.com/,+1 402-225-6552,,https://lh3.googleusercontent.com/p/AF1QipN8XY03w1WS80FYS6qn8Zdei2pB6hU0ygklVqqU=w630-h240-k-no,true,"https://www.google.com/maps/search/vein+clinics+in+Elkhorn,+NE+Omaha+NE/@41.2831958,-96.2368465,14z",2025-12-16T22:59:53.404Z,,,,,,,,,,
https://www.google.com/maps/place/Omaha+Face/data=!4m7!3m6!1s0x8793f1c92e2006b5:0x2fe31d060b4d1c55!8m2!3d41.2693607!4d-96.2359258!16s%2Fg%2F11f01bghk_!19sChIJtQYgLsnxk4cRVRxNCwYd4y8,Omaha Face,4.9,159,Plastic surgeon,"1130 N 204th Ave, Elkhorn, NE 68022, United States","7Q97+PJ Elkhorn, Omaha, NE, USA",https://www.omahaface.com/?utm_source=GMBlisting&utm_medium=organic&utm_campaign=gmb,+1 402-685-3722,Closes soon · 5 pm · Opens 8:30 am Wed,https://lh3.googleusercontent.com/p/AF1QipM-omf18PU-ey0_EU0XM7i7WgLP1Aqw4tI1ognp=w408-h272-k-no,true,"https://www.google.com/maps/search/vein+clinics+in+Elkhorn,+NE+Omaha+NE/@41.2831958,-96.2368465,14z",2025-12-16T22:59:58.485Z,9 am–5 pm,8:30 am–4 pm,9 am–5 pm,9 am–5 pm,Closed,Closed,9 am–4 pm,,,
"https://www.google.com/maps/place/John+M+Park,+MD/data=!4m7!3m6!1s0x8793f1eefb13402f:0xcd049b1329624a28!8m2!3d41.2602294!4d-96.1880439!16s%2Fg%2F12621nn30!19sChIJL0AT--7xk4cRKEpiKRObBM0","John M Park, MD",3.9,11,Surgeon,"17404 Burke St Suite 102, Omaha, NE 68118, United States","7R66+3Q Omaha, Nebraska, USA",,,Closed · Opens 8 am Wed,https://streetviewpixels-pa.googleapis.com/v1/thumbnail?panoid=8SWzsHpnlyg_B6QRrojgbg&cb_client=search.gws-prod.gps&w=408&h=240&yaw=341.71646&pitch=0&thumbfov=100,true,"https://www.google.com/maps/search/vein+clinics+in+Elkhorn,+NE+Omaha+NE/@41.2831958,-96.2368465,14z",2025-12-16T23:00:03.424Z,8 am–4:30 pm,8 am–4:30 pm,8 am–4:30 pm,8 am–4:30 pm,Closed,Closed,8 am–4:30 pm,,,
"https://www.google.com/maps/place/Jason+M.+Johanning,+MD/data=!4m7!3m6!1s0x879389829baa1533:0x94278eadda1f94c7!8m2!3d41.1372254!4d-95.9478288!16s%2Fg%2F11sq2tgbwy!19sChIJMxWqm4KJk4cRx5Qf2q2OJ5Q","Jason M. Johanning, MD",,,Vascular surgeon,"2510 Bellevue Medical Center Dr, Bellevue, NE 68123, United States","43P2+VV Bellevue, Nebraska, USA",https://www.nebraskamed.com/doctors/jason-m-johanning,+1 402-559-7300,,https://streetviewpixels-pa.googleapis.com/v1/thumbnail?panoid=Elw3LTSKXsbAkj7tk9swsQ&cb_client=search.gws-prod.gps&w=408&h=240&yaw=47.728573&pitch=0&thumbfov=100,false,"https://www.google.com/maps/search/vein+clinics+in+Bellevue,+NE+Omaha+NE/@41.1567003,-95.9262498,14z",2025-12-16T23:00:16.012Z,,,,,,,,,,
https://www.google.com/maps/place/Heart+and+Vascular+Center+at+Bellevue+Health+Center/data=!4m7!3m6!1s0x8793899e93e01ef7:0xb0ac91d329d5ca87!8m2!3d41.1372515!4d-95.947961!16s%2Fg%2F11ry2xfv45!19sChIJ9x7gk56Jk4cRh8rVKdORrLA,Heart and Vascular Center at Bellevue Health Center,,,Cardiovascular and thoracic surgeon,"2510 Bellevue Medical Center Dr #150, Bellevue, NE 68123, United States","43P2+WR Bellevue, Nebraska, USA",https://www.nebraskamed.com/bellevue/heart,+1 402-559-8888,,https://streetviewpixels-pa.googleapis.com/v1/thumbnail?panoid=dVsazfKHzphgZQY_CLZlsA&cb_client=search.gws-prod.gps&w=408&h=240&yaw=359.32352&pitch=0&thumbfov=100,true,"https://www.google.com/maps/search/vein+clinics+in+Bellevue,+NE+Omaha+NE/@41.1567003,-95.9262498,14z",2025-12-16T23:00:18.742Z,,,,,,,,,,
,,,,,,,,,,,,Specialty Vet Downtown Omoha,2025-12-16T23:00:20.493Z,,,,,,,,,,Can't search Specialty Vet Downtown Omoha on Google Maps