placeUrl,title,rating,reviewCount,category,address,plusCode,website,phoneNumber,currentStatus,imgUrl,isClaimed,tuesday,wednesday,thursday,friday,saturday,sunday,monday,query,timestamp,info,error,attributes
"https://www.google.com/maps/place/Marshfield+Medical+Center-Eau+Claire+Medical+Offices-Pediatrics/@44.7964315,-91.5210137,17z/data=!3m1!4b1!4m6!3m5!1s0x87f8973511464789:0x59f928e107dbbe02!8m2!3d44.7964315!4d-91.5210137!16s%2Fg%2F11vw_jhr14",Marshfield Medical Center-Eau Claire Medical Offices-Pediatrics,4.4,15,Medical clinic,"2116 Craig Rd, Eau Claire, WI 54701, United States","QFWH+HH Eau Claire, Wisconsin, USA",https://www.marshfieldclinic.org/locations/eau-claire-marshfield-medical-center/eau-claire-outpatient-services,+1 715-858-4900,Open · Closes 8 pm,,true,7:30 am–8 pm,7:30 am–7 pm,7:30 am–7 pm,8 am–5 pm,Closed,Closed,9 am–5 pm,"https://www.google.com/maps/search/pediatrician+in+Eau+Claire+Eau+Clair+WI/@44.811349,-91.4984941,14z",2026-02-10T21:55:03.176Z,,,
https://www.google.com/maps/place/OakLeaf+Clinics+-+Oakleaf+Pediatrics/data=!4m7!3m6!1s0x87f8bd86ed303bc1:0x727748e5a99e081a!8m2!3d44.7868669!4d-91.5083823!16s%2Fg%2F1tgcsf_l!19sChIJwTsw7Ya9-IcRGgieqeVId3I,OakLeaf Clinics - Oakleaf Pediatrics,4.0,25,Medical clinic,"3131 Stein Blvd, Eau Claire, WI 54701, United States","QFPR+PJ Eau Claire, Wisconsin, USA",https://www.oakleafclinics.com/location.phtml/oakleaf_pediatrics/,+1 715-830-0732,Open · Closes 5 pm,https://lh3.googleusercontent.com/p/AF1QipPaoB8s67KqWBpOtqVq_Of31uPPLQvvbR5BSl2W=w408-h306-k-no,true,8 am–5 pm,8 am–5 pm,8 am–5 pm,8 am–5 pm,Closed,Closed,8 am–5 pm,"https://www.google.com/maps/search/pediatrician+in+Eau+Claire+Eau+Clair+WI/@44.811349,-91.4984941,14z",2026-02-10T21:55:07.766Z,,,
https://www.google.com/maps/place/Julia+Kyle+MD/data=!4m7!3m6!1s0x87f8bd877cdd48d5:0x6a64626e28d64759!8m2!3d44.7923414!4d-91.4926551!16s%2Fg%2F1v75sgmt!19sChIJ1UjdfIe9-IcRWUfWKG5iZGo,Julia Kyle MD,4.3,4,Pediatrician,"431 E Clairemont Ave Ste D, Eau Claire, WI 54701, United States","QGR4+WW Eau Claire, Wisconsin, USA",https://www.confluence-healthcare.com/,+1 715-828-9060,Open · Closes 5 pm,https://lh3.googleusercontent.com/p/AF1QipOb-aAw8WwA6AWDjidbr3J1QOq2LWQjcyRYNtz8=w506-h240-k-no,true,8 am–5 pm,8 am–5 pm,8 am–5 pm,8 am–5 pm,Closed,Closed,8 am–5 pm,"https://www.google.com/maps/search/pediatrician+in+Eau+Claire+Eau+Clair+WI/@44.811349,-91.4984941,14z",2026-02-10T21:55:12.519Z,Identifies as women-owned,,
https://www.google.com/maps/place/Smiles+In+Motion/data=!4m7!3m6!1s0x87f8bc0a35a95f69:0x817d00ac22e9e958!8m2!3d44.7815929!4d-91.445741!16s%2Fg%2F11c1vmsxsq!19sChIJaV-pNQq8-IcRWOnpIqwAfYE,Smiles In Motion,4.9,301,Pediatric dentist,"3402 Oakwood Mall Dr Ste 201, Eau Claire, WI 54701, United States","QHJ3+JP Eau Claire, Wisconsin, USA",https://www.sim4kids.com/things-to-know/locations/eau-claire-pediatric-dentistry-office/,+1 715-723-2000,Closes soon · 4 pm · Opens 8 am Wed,https://lh3.googleusercontent.com/p/AF1QipNnLER2rHLSo6nLuht0f7vCKmM1_-2gehRQT9VN=w408-h272-k-no,true,8 am–4 pm,8 am–4 pm,8 am–4 pm,8 am–4 pm,Closed,Closed,8 am–4 pm,"https://www.google.com/maps/search/pediatrician+in+Eau+Claire+Eau+Clair+WI/@44.811349,-91.4984941,14z",2026-02-10T21:55:16.907Z,,,
https://www.google.com/maps/place/Plewa+John+J+MD/data=!4m7!3m6!1s0x87f8bd9055555555:0xd28e05308a54e588!8m2!3d44.7925022!4d-91.5083067!16s%2Fg%2F11h6rx_hg_!19sChIJVVVVVZC9-IcRiOVUijAFjtI,Plewa John J MD,5.0,1,Pediatrician,"733 W Clairemont Ave, Eau Claire, WI 54701, United States","QFVR+2M Eau Claire, Wisconsin, USA",https://mayoclinichealthsystem.org/providers/john-plewa-md,+1 715-838-5437,Closes soon · 4:30 pm · Opens 8 am Wed,https://streetviewpixels-pa.googleapis.com/v1/thumbnail?panoid=i6GbFvUBsFQejbB_vWq8ew&cb_client=search.gws-prod.gps&w=408&h=240&yaw=307.68317&pitch=0&thumbfov=100,false,8 am–4:30 pm,8 am–4:30 pm,8 am–4:30 pm,8 am–4:30 pm,Closed,Closed,8 am–4:30 pm,"https://www.google.com/maps/search/pediatrician+in+Eau+Claire+Eau+Clair+WI/@44.811349,-91.4984941,14z",2026-02-10T21:55:21.189Z,,,
https://www.google.com/maps/place/Mayo+Clinic+Health+System+-+Eau+Claire/data=!4m7!3m6!1s0x87f8bd7ad78e347f:0x450b03c833235191!8m2!3d44.8121511!4d-91.5129161!16s%2Fg%2F1tf6ms5k!19sChIJfzSO13q9-IcRkVEjM8gDC0U,Mayo Clinic Health System - Eau Claire,3.2,209,Hospital,"1221 Whipple St, Eau Claire, WI 54703, United States","RF6P+VR Eau Claire, Wisconsin, USA",http://mayoclinichealthsystem.org/locations/eau-claire?mc_id=&utm_source=yext&utm_medium=l&utm_content=eauclaireluthergeneral&utm_campaign=mchsmarketing&geo=eauclaire&placementsite=nwwi&invsrc=mchsnwwi&cauid=110704&y_source=1_MzkxODExMC03MTUtbG9jYXRpb24ud2Vic2l0ZQ%3D%3D,+1 715-838-3311,,https://lh3.googleusercontent.com/gps-cs-s/AHVAwer1RFfrPyhEluR3oZtkJRSxw4Ag80mzjqo5I-vl6DPIBsmn9OAGrsFMyO4q_ruZFfcA76qfBaLSpU413XlZPkPly_XJB8yaahvUrtpzr9YEIkVlMnxQooDOFSGj32C4aQMEEG8=w408-h306-k-no,true,,,,,,,,"https://www.google.com/maps/search/pediatrician+in+Eau+Claire+Eau+Clair+WI/@44.811349,-91.4984941,14z",2026-02-10T21:55:25.588Z,LGBTQ+ friendly,,
https://www.google.com/maps/place/Mayo+Clinic+Health+System+-+Eau+Claire+Clairemont+Campus/data=!4m7!3m6!1s0x87f8bd90c190c4c9:0xba5355cd67d4e407!8m2!3d44.7925035!4d-91.5076681!16s%2Fg%2F1tld0r9r!19sChIJycSQwZC9-IcRB-TUZ81VU7o,Mayo Clinic Health System - Eau Claire Clairemont Campus,3.3,75,Medical clinic,"Clairemont Campus, 733 W Clairemont Ave, Eau Claire, WI 54701, United States","QFVR+2W Eau Claire, Wisconsin, USA",http://mayoclinichealthsystem.org/locations/eau-claire?mc_id=&utm_source=yext&utm_medium=l&utm_content=eauclaireclairemontgeneral&utm_campaign=mchsmarketing&geo=eauclaire&placementsite=nwwi&invsrc=mchsnwwi&cauid=110703&y_source=1_MzkxODEwOS03MTUtbG9jYXRpb24ud2Vic2l0ZQ%3D%3D,+1 715-838-5222,Open · Closes 5:15 pm,https://lh3.googleusercontent.com/gps-cs-s/AHVAwerc3ObmyGXOGvJg64EcauLqGy3i9jJcB4VMcdNdKVbAaBEQunFT9rrpSJ6a0tep2pubT1UzzVdRTs-JrI5jTUfgxwMPE4vBG1FfoD2oxrHael4lCVi67UT-tsgOkfHbqoSSgt3FUw=w408-h306-k-no,true,8 am–5:15 pm,8 am–5:15 pm,8 am–5:15 pm,8 am–5:15 pm,Closed,Closed,8 am–5:15 pm,"https://www.google.com/maps/search/pediatrician+in+Eau+Claire+Eau+Clair+WI/@44.811349,-91.4984941,14z",2026-02-10T21:55:29.900Z,LGBTQ+ friendly,,
"https://www.google.com/maps/place/Dr.+Naghma+Husain,+MD/@44.7965734,-91.5207873,17z/data=!3m1!4b1!4m6!3m5!1s0x87f8bd877cdd48d5:0x75064648141c00b6!8m2!3d44.7965734!4d-91.5207873!16s%2Fg%2F1tdx97zs","Dr. Naghma Husain, MD",5.0,2,Pediatrician,"2116 Craig Rd, Eau Claire, WI 54701, United States","QFWH+JM Eau Claire, Wisconsin, USA",,+1 715-858-4900,,,false,,,,,,,,"https://www.google.com/maps/search/pediatrician+in+Eau+Claire+Eau+Clair+WI/@44.811349,-91.4984941,14z",2026-02-10T21:55:34.168Z,,,
https://www.google.com/maps/place/Confluence+Healthcare/data=!4m7!3m6!1s0x87f8bdb1834d153d:0x4f9df2c2b67fbba9!8m2!3d44.7923414!4d-91.4926551!16s%2Fg%2F11jcmq9zm5!19sChIJPRVNg7G9-IcRqbt_tsLynU8,Confluence Healthcare,4.5,8,Medical clinic,"431 E Clairemont Ave Ste D, Eau Claire, WI 54701, United States","QGR4+WW Eau Claire, Wisconsin, USA",https://www.confluence-healthcare.com/,+1 715-828-9060,Open · Closes 5 pm,https://lh3.googleusercontent.com/p/AF1QipOvPKwKLj1VTabUstWLvubOuezFY1Jx_kZaqPMs=w506-h240-k-no,true,8 am–5 pm,8 am–5 pm,8 am–5 pm,8 am–5 pm,Closed,Closed,8 am–5 pm,"https://www.google.com/maps/search/pediatrician+in+Eau+Claire+Eau+Clair+WI/@44.811349,-91.4984941,14z",2026-02-10T21:55:38.570Z,,,
"https://www.google.com/maps/place/Dr.+John+P.+Layde,+MD/data=!4m7!3m6!1s0x87f8bd90c190c4c9:0x8c2884b217c35f9f!8m2!3d44.7924497!4d-91.5081935!16s%2Fg%2F1vlk23qx!19sChIJycSQwZC9-IcRn1_DF7KEKIw","Dr. John P. Layde, MD",5.0,1,Pediatrician,"733 W Clairemont Ave, Eau Claire, WI 54701, United States","QFRR+XP Eau Claire, Wisconsin, USA",http://mayoclinichealthsystem.org/,+1 715-838-5222,,https://streetviewpixels-pa.googleapis.com/v1/thumbnail?panoid=i6GbFvUBsFQejbB_vWq8ew&cb_client=search.gws-prod.gps&w=408&h=240&yaw=308.46497&pitch=0&thumbfov=100,false,,,,,,,,"https://www.google.com/maps/search/pediatrician+in+Eau+Claire+Eau+Clair+WI/@44.811349,-91.4984941,14z",2026-02-10T21:55:40.801Z,,,
"https://www.google.com/maps/place/Dr.+Karen+K.+Myhre,+MD/data=!4m7!3m6!1s0x87f8bd6562232db1:0xbb75463267a7d6c4!8m2!3d44.8128133!4d-91.5119611!16s%2Fg%2F1v2jdgv2!19sChIJsS0jYmW9-IcRxNanZzJGdbs","Dr. Karen K. Myhre, MD",3.7,3,Pediatrician,"1400 Bellinger St, Eau Claire, WI 54703, United States","RF7Q+46 Eau Claire, Wisconsin, USA",,+1 715-838-5437,,https://streetviewpixels-pa.googleapis.com/v1/thumbnail?panoid=AZjRtsyKhDhD7r-UjA90CA&cb_client=search.gws-prod.gps&w=408&h=240&yaw=314.7695&pitch=0&thumbfov=100,false,,,,,,,,"https://www.google.com/maps/search/pediatrician+in+Eau+Claire+Eau+Clair+WI/@44.811349,-91.4984941,14z",2026-02-10T21:55:43.028Z,,,
https://www.google.com/maps/place/Oakleaf+Clinics+-+Southside+Medical+Clinic/data=!4m7!3m6!1s0x87f8bd9369c0fbdd:0x6d17ee34087b2c22!8m2!3d44.7860793!4d-91.5066146!16s%2Fg%2F1tmxx4gg!19sChIJ3fvAaZO9-IcRIix7CDTuF20,Oakleaf Clinics - Southside Medical Clinic,4.9,9,Medical clinic,"714 W Hamilton Ave, Eau Claire, WI 54701, United States","QFPV+C9 Eau Claire, Wisconsin, USA",http://www.oakleafclinics.com/,+1 715-830-9990,Open · Closes 5 pm,https://lh3.googleusercontent.com/p/AF1QipNxdHCUfhJLrDtI_G_7xY4q9LoVQiHBt-yKVe2y=w426-h240-k-no,true,9 am–5 pm,9 am–5 pm,9 am–5 pm,9 am–5 pm,Closed,Closed,9 am–5 pm,"https://www.google.com/maps/search/pediatrician+in+Eau+Claire+Eau+Clair+WI/@44.811349,-91.4984941,14z",2026-02-10T21:55:47.251Z,,,
"https://www.google.com/maps/place/Dr.+Brent+Jensen,+MD/data=!4m7!3m6!1s0x87f8bd86ed303bc1:0x5912ad5eb4d8117!8m2!3d44.7868669!4d-91.5083823!16s%2Fg%2F1tmbwpcm!19sChIJwTsw7Ya9-IcRF4FN69UqkQU","Dr. Brent Jensen, MD",3.5,8,Pediatrician,"3131 Stein Blvd, Eau Claire, WI 54701, United States","QFPR+PJ Eau Claire, Wisconsin, USA",http://www.oakleafclinics.com/,+1 715-830-0732,Open · Closes 5 pm,https://streetviewpixels-pa.googleapis.com/v1/thumbnail?panoid=O8h4jjLlfz1mx7cNi7FUBA&cb_client=search.gws-prod.gps&w=408&h=240&yaw=58.56978&pitch=0&thumbfov=100,true,8 am–5 pm,8 am–5 pm,8 am–5 pm,8 am–5 pm,Closed,Closed,8 am–5 pm,"https://www.google.com/maps/search/pediatrician+in+Eau+Claire+Eau+Clair+WI/@44.811349,-91.4984941,14z",2026-02-10T21:55:51.593Z,,,
"https://www.google.com/maps/place/Anne+Rosette+Bouele+Mboule,+MD/data=!4m7!3m6!1s0x87f8bd87e59bb2cb:0xdb7f098164678618!8m2!3d44.7964315!4d-91.5210137!16s%2Fg%2F11txh_bwzd!19sChIJy7Kb5Ye9-IcRGIZnZIEJf9s","Anne Rosette Bouele Mboule, MD",3.7,3,Pediatrician,"2116 Craig Rd, Eau Claire, WI 54701, United States","QFWH+HH Eau Claire, Wisconsin, USA",https://www.marshfieldclinic.org/Doctors/Anne-R-Bouele-Mboule-MD?utm_source=google&utm_medium=organic&utm_campaign=gbp-listing,+1 715-858-4900,Open · Closes 8 pm,https://lh3.googleusercontent.com/p/AF1QipMILoO7KUZZEngLx8j5xynTgKP4XSlATLgHds3W=w426-h240-k-no,true,7 am–8 pm,7 am–7 pm,7:30 am–7 pm,7:30 am–5 pm,Closed,Closed,7 am–5 pm,"https://www.google.com/maps/search/pediatrician+in+Eau+Claire+Eau+Clair+WI/@44.811349,-91.4984941,14z",2026-02-10T21:55:56.027Z,,,
https://www.google.com/maps/place/Mayo+Clinic+Health+System+-+Luther+Campus+Parking+Ramp/data=!4m7!3m6!1s0x87f8bdd97144ad1f:0xc688d414b4322c97!8m2!3d44.8110833!4d-91.5133456!16s%2Fg%2F11fphc4c0_!19sChIJH61Ecdm9-IcRlywytBTUiMY,Mayo Clinic Health System - Luther Campus Parking Ramp,4.7,47,Parking garage,"1221 Whipple St, Eau Claire, WI 54703, United States","RF6P+CM Eau Claire, Wisconsin, USA",https://www.mayoclinichealthsystem.org/locations/eau-claire/patients-and-visitors/amenity#Parking,+1 715-838-3311,Open 24 hours,https://lh3.googleusercontent.com/gps-cs-s/AHVAwer8plfdAoe59bibxzd3-ZXIKKKRxpwaOovfl9eq59oIBoOqvx1mTtJUJzawe8YkgiNy6nE5MKawxkKzHI8r_McQzD7fqLS7hhU4GHx1VI3WoT9wUl2Ie7ZK5EnU6mG_wBvskXUIBA=w408-h725-k-no,false,Open 24 hours,Open 24 hours,Open 24 hours,Open 24 hours,Open 24 hours,Open 24 hours,Open 24 hours,"https://www.google.com/maps/search/pediatrician+in+Eau+Claire+Eau+Clair+WI/@44.811349,-91.4984941,14z",2026-02-10T21:56:00.528Z,,,
https://www.google.com/maps/place/OakLeaf+Clinics+-+Eau+Claire+Medical+Clinic/data=!4m7!3m6!1s0x87f8bd93607d9fcf:0x422cb869b97dc87d!8m2!3d44.7778471!4d-91.4456692!16s%2Fg%2F1tjz8h_8!19sChIJz599YJO9-IcRfch9uWm4LEI,OakLeaf Clinics - Eau Claire Medical Clinic,3.2,68,Medical Center,"3802 Oakwood Mall Dr, Eau Claire, WI 54701, United States","QHH3+4P Eau Claire, Wisconsin, USA",http://www.oakleafclinics.com/,+1 715-839-9280,Open · Closes 5 pm,https://lh3.googleusercontent.com/p/AF1QipO7zpvg-At4ndBfzCmUtcBaAX_fxwYHZ1SE3oxa=w426-h240-k-no,true,7 am–5 pm,7 am–5 pm,7 am–5 pm,7 am–5 pm,Closed,Closed,7 am–5 pm,"https://www.google.com/maps/search/pediatrician+in+Eau+Claire+Eau+Clair+WI/@44.811349,-91.4984941,14z",2026-02-10T21:56:05.050Z,,,
https://www.google.com/maps/place/Mayo+Clinic+Health+System+-+Urgent+Care/data=!4m7!3m6!1s0x87f8bd90c190c4c9:0xc3eee4753bf76e90!8m2!3d44.7924032!4d-91.5082835!16s%2Fg%2F11d_70s__d!19sChIJycSQwZC9-IcRkG73O3Xk7sM,Mayo Clinic Health System - Urgent Care,2.7,59,Medical clinic,"733 W Clairemont Ave, Eau Claire, WI 54701, United States","QFRR+XM Eau Claire, Wisconsin, USA",https://www.mayoclinichealthsystem.org/locations/eau-claire/services-and-treatments/urgent-care?mc_id=&utm_source=yext&utm_medium=l&utm_content=eauclaireurgentcare&utm_campaign=mchsmarketing&geo=eauclaire&placementsite=nwwi&invsrc=mchsnwwi&cauid=122225&y_source=1_MjM2NjQ1ODItNzE1LWxvY2F0aW9uLndlYnNpdGU%3D,+1 715-838-5340,Open · Closes 7 pm,https://lh3.googleusercontent.com/gps-cs-s/AHVAwer-hQeIr6zi_q-Se_T_v6gnzNMkAyckS0lZRLah6uQhbsvVCSvI8y0x0PN1msHCVWlo0-ksbd3cdOkMczeeX0jp-6NT5nJsUE_GngpbIJC5rThSwcmVyqXzqbQ1Who6I6XUcrg=w408-h544-k-no,true,8 am–7 pm,8 am–7 pm,8 am–7 pm,8 am–7 pm,8 am–4 pm,8 am–4 pm,8 am–7 pm,"https://www.google.com/maps/search/pediatrician+in+Eau+Claire+Eau+Clair+WI/@44.811349,-91.4984941,14z",2026-02-10T21:56:09.419Z,LGBTQ+ friendly,,
"https://www.google.com/maps/place/Katie+J+Udenberg,+DO/data=!4m7!3m6!1s0x87f897af44cdb4f5:0xb77c266dfcc71295!8m2!3d44.7964315!4d-91.5210137!16s%2Fg%2F11whmwnstn!19sChIJ9bTNRK-X-IcRlRLH_G0mfLc","Katie J Udenberg, DO",,,Pediatrician,"2116 Craig Rd, Eau Claire, WI 54701, United States","QFWH+HH Eau Claire, Wisconsin, USA",https://www.marshfieldclinic.org/Doctors/Katie-J-Udenberg-DO?utm_source=google&utm_medium=organic&utm_campaign=gbp-listing,+1 715-858-4900,Open · Closes 8 pm,https://lh3.googleusercontent.com/p/AF1QipPKXYTlAbe67l1IFrQF1r8ITP4xe4ZueDEh3YT_=w426-h240-k-no,true,7 am–8 pm,7 am–7 pm,7:30 am–7 pm,7:30 am–5 pm,Closed,Closed,7 am–5 pm,"https://www.google.com/maps/search/pediatrician+in+Eau+Claire+Eau+Clair+WI/@44.811349,-91.4984941,14z",2026-02-10T21:56:13.727Z,,,
"https://www.google.com/maps/place/Christopher+Ordonez,+MD/@44.7964315,-91.5210137,17z/data=!3m1!4b1!4m6!3m5!1s0x52acfb7f99c168dd:0x5996af0bab8082ef!8m2!3d44.7964315!4d-91.5210137!16s%2Fg%2F11stphmhbx","Christopher Ordonez, MD",5.0,9,Pediatrician,"2116 Craig Rd, Eau Claire, WI 54701, United States","QFWH+HH Eau Claire, Wisconsin, USA",https://www.marshfieldclinic.org/locations/rice-lake-marshfield-medical-center/rice-lake-outpatient-services,+1 715-236-8100,,,true,,,,,,,,"https://www.google.com/maps/search/pediatrician+in+Eau+Claire+Eau+Clair+WI/@44.811349,-91.4984941,14z",2026-02-10T21:56:18.218Z,,,
https://www.google.com/maps/place/Midwest+Dental+-+Eau+Claire+South/data=!4m7!3m6!1s0x87f8bd8595542899:0xac95fba771d3a95d!8m2!3d44.7941938!4d-91.5159276!16s%2Fg%2F1thtq4jb!19sChIJmShUlYW9-IcRXanTcaf7law,Midwest Dental - Eau Claire South,4.8,278,Dentist,"2302 Hendrickson Dr, Eau Claire, WI 54701, United States","QFVM+MJ Eau Claire, Wisconsin, USA",https://midwest-dental.com/dental-office/eau-claire-south/?utm_source=generic&utm_medium=profiles&utm_campaign=local_profiles,+1 715-836-0136,Closes soon · 4:30 pm · Opens 7 am Wed,https://streetviewpixels-pa.googleapis.com/v1/thumbnail?panoid=1dsgCzBAUlfRIqD63vjvyQ&cb_client=search.gws-prod.gps&w=408&h=240&yaw=282.85117&pitch=0&thumbfov=100,true,7 am–4:30 pm,7 am–4:30 pm,7 am–4:30 pm,7 am–1 pm,Closed,Closed,7 am–4:30 pm,"https://www.google.com/maps/search/pediatrician+in+Eau+Claire+Eau+Clair+WI/@44.811349,-91.4984941,14z",2026-02-10T21:56:22.662Z,LGBTQ+ friendly,,
"https://www.google.com/maps/place/Dr.+William+J.+Barkley,+MD/@44.7965126,-91.5206751,17z/data=!3m1!4b1!4m6!3m5!1s0x87f8bd877cdd48d5:0xb2dff9b5d5d8d43c!8m2!3d44.7965126!4d-91.5206751!16s%2Fg%2F1hc25t2jl","Dr. William J. Barkley, MD",1.0,1,Pediatrician,"2116 Craig Rd, Eau Claire, WI 54701, United States","QFWH+JP Eau Claire, Wisconsin, USA",http://www.marshfieldclinic.org/,+1 715-858-4500,,,false,,,,,,,,"https://www.google.com/maps/search/pediatrician+in+Eau+Claire+Eau+Clair+WI/@44.811349,-91.4984941,14z",2026-02-10T21:56:26.835Z,,,
https://www.google.com/maps/place/Turner+Walter+J+DDS/data=!4m7!3m6!1s0x87f8bdb035cd57b9:0xf417296d3cc0eeab!8m2!3d44.792497!4d-91.4911961!16s%2Fg%2F1xb2f3_l!19sChIJuVfNNbC9-IcRq-7APG0pF_Q,Turner Walter J DDS,4.9,9,Pediatric dentist,"605 E Clairemont Ave, Eau Claire, WI 54701, United States","QGR5+XG Eau Claire, Wisconsin, USA",http://www.kidsteethrock.com/,+1 715-839-9896,Closes soon · 4:30 pm · Opens 8 am Wed,https://streetviewpixels-pa.googleapis.com/v1/thumbnail?panoid=zwtwucONhOOUTuhIhWHk-g&cb_client=search.gws-prod.gps&w=408&h=240&yaw=165.69208&pitch=0&thumbfov=100,false,8 am–4:30 pm,8 am–4:30 pm,8 am–4:30 pm,Closed,Closed,Closed,8 am–4:30 pm,"https://www.google.com/maps/search/pediatrician+in+Eau+Claire+Eau+Clair+WI/@44.811349,-91.4984941,14z",2026-02-10T21:56:31.351Z,,,
"https://www.google.com/maps/place/Dr.+Jenifer+Bassett,+MD/data=!4m7!3m6!1s0x87f8bd9369c0fbdd:0xf92a7301a1314950!8m2!3d44.7777541!4d-91.4455776!16s%2Fg%2F1tflb6ns!19sChIJ3fvAaZO9-IcRUEkxoQFzKvk","Dr. Jenifer Bassett, MD",3.0,3,Internist,"Oakwood Mall Dr, Eau Claire, WI 54701, United States","QHH3+4Q Eau Claire, Wisconsin, USA",http://www.oakleafclinics.com/,+1 715-839-9280,Open · Closes 5 pm,https://lh3.googleusercontent.com/p/AF1QipPgqGfXuy0474Ve5Ml438d9f3TGj3ITNswVxyjO=w426-h240-k-no,true,8:30 am–5 pm,8:30 am–5 pm,8:30 am–5 pm,8:30 am–5 pm,Closed,Closed,8:30 am–5 pm,"https://www.google.com/maps/search/pediatrician+in+Eau+Claire+Eau+Clair+WI/@44.811349,-91.4984941,14z",2026-02-10T21:56:35.721Z,,,
"https://www.google.com/maps/place/Karen+Lane/@44.7964315,-91.5210137,18z/data=!3m1!4b1!4m6!3m5!1s0x87f89629d7aaaaab:0x1a2baad2bc69c2cf!8m2!3d44.7964315!4d-91.5210137!16s%2Fg%2F11rwxg2flm",Karen Lane,,,Pediatrician,"2116 Craig Rd, Eau Claire, WI 54701, United States",,,+1 715-858-4500,,,false,,,,,,,,"https://www.google.com/maps/search/pediatrician+in+Eau+Claire+Eau+Clair+WI/@44.811349,-91.4984941,14z",2026-02-10T21:56:39.959Z,,,
"https://www.google.com/maps/place/Lori+L+Shepherd,+MD/@44.7964315,-91.5210137,17z/data=!3m1!4b1!4m6!3m5!1s0x88002053607f1be1:0xcafcf1cba8018d18!8m2!3d44.7964315!4d-91.5210137!16s%2Fg%2F1tfmjcr0","Lori L Shepherd, MD",,,Pediatrician,"2116 Craig Rd, Eau Claire, WI 54701, United States","QFWH+HH Eau Claire, Wisconsin, USA",https://www.marshfieldclinic.org/Doctors/Lori-L-Shepherd-MD?utm_source=google&utm_medium=organic&utm_campaign=gbp-listing,+1 715-858-4900,Open · Closes 8 pm,,true,7 am–8 pm,7 am–7 pm,7:30 am–7 pm,7:30 am–5 pm,Closed,Closed,7 am–5 pm,"https://www.google.com/maps/search/pediatrician+in+Eau+Claire+Eau+Clair+WI/@44.811349,-91.4984941,14z",2026-02-10T21:56:46.206Z,,,
https://www.google.com/maps/place/Idso+Carol+A/data=!4m7!3m6!1s0x87f8bd935fe8a0b3:0x41d8d08dda0b1c51!8m2!3d44.7853461!4d-91.5061986!16s%2Fg%2F126262kd6!19sChIJs6DoX5O9-IcRURwL2o3Q2EE,Idso Carol A,,,Pediatric surgeon,"703 W Hamilton Ave, Eau Claire, WI 54701, United States","QFPV+4G Eau Claire, Wisconsin, USA",http://www.oakleafclinics.com/,+1 715-839-9280,,https://streetviewpixels-pa.googleapis.com/v1/thumbnail?panoid=8cdEevv1StUboPTLGENXfA&cb_client=search.gws-prod.gps&w=408&h=240&yaw=148.57208&pitch=0&thumbfov=100,false,,,,,,,,"https://www.google.com/maps/search/pediatrician+in+Eau+Claire+Eau+Clair+WI/@44.811349,-91.4984941,14z",2026-02-10T21:56:48.487Z,,,
https://www.google.com/maps/place/Dr.+Tanushree+Singhal/data=!4m7!3m6!1s0x87f8bd90f49ae497:0xef1ead5fc683ae71!8m2!3d44.792407!4d-91.5081685!16s%2Fg%2F11b6x835nx!19sChIJl-Sa9JC9-IcRca6Dxl-tHu8,Dr. Tanushree Singhal,,,Pediatrician,"733 W Clairemont Ave, Eau Claire, WI 54701, United States","QFRR+XP Eau Claire, Wisconsin, USA",,+1 715-838-5222,,https://streetviewpixels-pa.googleapis.com/v1/thumbnail?panoid=i6GbFvUBsFQejbB_vWq8ew&cb_client=search.gws-prod.gps&w=408&h=240&yaw=305.96765&pitch=0&thumbfov=100,false,,,,,,,,"https://www.google.com/maps/search/pediatrician+in+Eau+Claire+Eau+Clair+WI/@44.811349,-91.4984941,14z",2026-02-10T21:56:50.681Z,,,
https://www.google.com/maps/place/Marshfield+Medical+Center+-+Eau+Claire+%28medical+offices%29/data=!4m7!3m6!1s0x87f8bd87651c8bb7:0xf3657bb600a25382!8m2!3d44.7942527!4d-91.5199138!16s%2Fg%2F1263sx6vv!19sChIJt4scZYe9-IcRglOiALZ7ZfM,Marshfield Medical Center - Eau Claire (medical offices),4.0,490,Medical clinic,"2310 Craig Rd, Eau Claire, WI 54701, United States","QFVJ+P2 Eau Claire, Wisconsin, USA",https://www.marshfieldclinic.org/locations/eau-claire-marshfield-medical-center/eau-claire-outpatient-services,+1 715-858-4500,Open · Closes 8 pm,https://lh3.googleusercontent.com/gps-cs-s/AHVAweoWwkXuWWRVHXwhO7Iz8LNkb4cU1kT-KH-NfV12tOLS-1uMzB_LLz5F2x4tccAMx05GZe1_McrulILHhfQDKpjSC73y6FDv7emzPgqoZZrIQYbiJaXk60sK2-znp0ffarG_qfRP=w408-h544-k-no,true,8 am–8 pm,8 am–5 pm,8 am–5 pm,8 am–5 pm,Closed,Closed,8 am–5 pm,"https://www.google.com/maps/search/pediatrician+in+Eau+Claire+Eau+Clair+WI/@44.811349,-91.4984941,14z",2026-02-10T21:56:55.276Z,,,
"https://www.google.com/maps/place/Dr.+Merle+T.+Edwards+Jr,+MD/data=!4m7!3m6!1s0x87f8bd8fee9fa807:0xc1898e05a287f0f0!8m2!3d44.7945989!4d-91.5110505!16s%2Fg%2F1td6bfq3!19sChIJB6if7o-9-IcR8PCHogWOicE","Dr. Merle T. Edwards Jr, MD",,,Pediatrician,"900 W Clairemont Ave, Eau Claire, WI 54701, United States","QFVQ+RH Eau Claire, Wisconsin, USA",,+1 715-834-5511,,https://streetviewpixels-pa.googleapis.com/v1/thumbnail?panoid=I5bTyeOy1fVKz3QB7Fu5CA&cb_client=search.gws-prod.gps&w=408&h=240&yaw=5.851982&pitch=0&thumbfov=100,false,,,,,,,,"https://www.google.com/maps/search/pediatrician+in+Eau+Claire+Eau+Clair+WI/@44.811349,-91.4984941,14z",2026-02-10T21:56:57.429Z,,,
https://www.google.com/maps/place/Dr.+Chetna+Mangat/data=!4m7!3m6!1s0x87f8bd654e84402b:0x559ad30baf38b809!8m2!3d44.8128133!4d-91.5119611!16s%2Fg%2F11qgb7hrfx!19sChIJK0CETmW9-IcRCbg4rwvTmlU,Dr. Chetna Mangat,,,Pediatrician,"1400 Bellinger St, Eau Claire, WI 54703, United States","RF7Q+46 Eau Claire, Wisconsin, USA",https://www.mayoclinic.org/biographies/mangat-chetna-m-d/bio-20547289,+1 715-838-5222,,https://streetviewpixels-pa.googleapis.com/v1/thumbnail?panoid=AZjRtsyKhDhD7r-UjA90CA&cb_client=search.gws-prod.gps&w=408&h=240&yaw=314.7695&pitch=0&thumbfov=100,false,,,,,,,,"https://www.google.com/maps/search/pediatrician+in+Eau+Claire+Eau+Clair+WI/@44.811349,-91.4984941,14z",2026-02-10T21:56:59.726Z,,,
"https://www.google.com/maps/place/Dusan+P+Markovic,+MD/data=!4m7!3m6!1s0x87f897ec35f75145:0xfacc8f6b5231a0c9!8m2!3d44.7964315!4d-91.5210137!16s%2Fg%2F11vhgvfwwb!19sChIJRVH3NeyX-IcRyaAxUmuPzPo","Dusan P Markovic, MD",,,Pediatrician,"2116 Craig Rd, Eau Claire, WI 54701, United States","QFWH+HH Eau Claire, Wisconsin, USA",https://www.marshfieldclinic.org/Doctors/Dusan-P-Markovic-MD?utm_source=google&utm_medium=organic&utm_campaign=gbp-listing,+1 715-858-4900,Open · Closes 8 pm,https://lh3.googleusercontent.com/p/AF1QipOdBplYP_QZJqBRlZ_mlplc47OGEVcBE8bQP1rR=w426-h240-k-no,true,7 am–8 pm,7 am–7 pm,7:30 am–7 pm,7:30 am–5 pm,Closed,Closed,7 am–5 pm,"https://www.google.com/maps/search/pediatrician+in+Eau+Claire+Eau+Clair+WI/@44.811349,-91.4984941,14z",2026-02-10T21:57:04.058Z,,,
https://www.google.com/maps/place/Haigh+James+D+MD/data=!4m7!3m6!1s0x87f8bd90c190c4c9:0xf10a3399e8fc6b90!8m2!3d44.7925022!4d-91.5083067!16s%2Fg%2F1tdnxghm!19sChIJycSQwZC9-IcRkGv86JkzCvE,Haigh James D MD,,,Pediatrician,"733 W Clairemont Ave, Eau Claire, WI 54701, United States","QFVR+2M Eau Claire, Wisconsin, USA",,+1 715-838-5243,,https://streetviewpixels-pa.googleapis.com/v1/thumbnail?panoid=i6GbFvUBsFQejbB_vWq8ew&cb_client=search.gws-prod.gps&w=408&h=240&yaw=307.68317&pitch=0&thumbfov=100,false,,,,,,,,"https://www.google.com/maps/search/pediatrician+in+Eau+Claire+Eau+Clair+WI/@44.811349,-91.4984941,14z",2026-02-10T21:57:06.265Z,,,
https://www.google.com/maps/place/Linton+Randall+L+MD/data=!4m7!3m6!1s0x87f8bd90c190c4c9:0x8fe58e51cb0ce18!8m2!3d44.7925022!4d-91.5083067!16s%2Fg%2F1xg5t74x!19sChIJycSQwZC9-IcRGM6wHOVY_gg,Linton Randall L MD,,,Pediatrician,"733 W Clairemont Ave, Eau Claire, WI 54701, United States","QFVR+2M Eau Claire, Wisconsin, USA",,+1 715-838-5243,,https://streetviewpixels-pa.googleapis.com/v1/thumbnail?panoid=i6GbFvUBsFQejbB_vWq8ew&cb_client=search.gws-prod.gps&w=408&h=240&yaw=307.68317&pitch=0&thumbfov=100,false,,,,,,,,"https://www.google.com/maps/search/pediatrician+in+Eau+Claire+Eau+Clair+WI/@44.811349,-91.4984941,14z",2026-02-10T21:57:08.438Z,,,
https://www.google.com/maps/place/Nichole+Marty/data=!4m7!3m6!1s0x87f8bd9374300001:0xbed554c6f2e2f22!8m2!3d44.7868669!4d-91.5083823!16s%2Fg%2F11rwxf6kjv!19sChIJAQAwdJO9-IcRIi8ub0xV7Qs,Nichole Marty,,,Nurse practitioner,"3131 Stein Blvd, Eau Claire, WI 54701, United States","QFPR+PJ Eau Claire, Wisconsin, USA",https://www.oakleafclinics.com/provider.phtml/nicole_marty,+1 715-830-0732,,https://streetviewpixels-pa.googleapis.com/v1/thumbnail?panoid=O8h4jjLlfz1mx7cNi7FUBA&cb_client=search.gws-prod.gps&w=408&h=240&yaw=58.56978&pitch=0&thumbfov=100,false,,,,,,,,"https://www.google.com/maps/search/pediatrician+in+Eau+Claire+Eau+Clair+WI/@44.811349,-91.4984941,14z",2026-02-10T21:57:10.539Z,,,
"https://www.google.com/maps/place/Robert+J+Bullwinkel+II,+MD,+MPH/data=!4m7!3m6!1s0x87f897a967ab28b5:0x281a793890290024!8m2!3d44.7964315!4d-91.5210137!16s%2Fg%2F11t_zpmq2r!19sChIJtSirZ6mX-IcRJAApkDh5Gig","Robert J Bullwinkel II, MD, MPH",,,Pediatrician,"2116 Craig Rd, Eau Claire, WI 54701, United States","QFWH+HH Eau Claire, Wisconsin, USA",https://www.marshfieldclinic.org/Doctors/Robert-J-Bullwinkel-MD-MPH?utm_source=google&utm_medium=organic&utm_campaign=gbp-listing,+1 715-858-4900,Open · Closes 8 pm,https://lh3.googleusercontent.com/p/AF1QipNs4PfG4pV0Uhh6qG2Bic7nMP5WqM2XA99Szh7Y=w426-h240-k-no,true,7 am–8 pm,7 am–7 pm,7:30 am–7 pm,7:30 am–5 pm,Closed,Closed,7 am–5 pm,"https://www.google.com/maps/search/pediatrician+in+Eau+Claire+Eau+Clair+WI/@44.811349,-91.4984941,14z",2026-02-10T21:57:14.859Z,,,
https://www.google.com/maps/place/Plastic+Surgery+Clinic+of+Eau+Claire/data=!4m7!3m6!1s0x87f8bd9302721255:0xc7a2c512b19c0379!8m2!3d44.7859518!4d-91.5084684!16s%2Fg%2F1tdcs2q9!19sChIJVRJyApO9-IcReQOcsRLFosc,Plastic Surgery Clinic of Eau Claire,4.3,53,Plastic surgeon,"3221 Stein Blvd Ste 2, Eau Claire, WI 54701, United States","QFPR+9J Eau Claire, Wisconsin, USA",https://www.plasticsurgeryclinicec.com/?utm_source=GMB&utm_medium=organic&utm_campaign=GMB,+1 715-833-2116,Open · Closes 5 pm,https://lh3.googleusercontent.com/gps-cs-s/AHVAwepWYMW5MIW3FlbajVjb_z5U5T_usvdyxuR8cy8rec-qS3bFMizYI57IzX-3OZnwIywBt3FeJxruhPJ9Gwqp9dYwDE1FYTB82xzBvywgFMOtG_3AXqlqFppBVGAIb0vr58N_7y0L=w502-h240-k-no,true,8 am–5 pm,8 am–5 pm,8 am–5 pm,8 am–12 pm,Closed,Closed,8 am–5 pm,"https://www.google.com/maps/search/pediatrician+in+Eau+Claire+Eau+Clair+WI/@44.811349,-91.4984941,14z",2026-02-10T21:57:19.266Z,,,
https://www.google.com/maps/place/Mayo+Clinic+Health+System+-+Mayo+Clinic+Store+Midelfort/data=!4m7!3m6!1s0x87f8bd6562232db1:0x84db81cb3d4a66ce!8m2!3d44.8129769!4d-91.5119478!16s%2Fg%2F1tgd72lm!19sChIJsS0jYmW9-IcRzmZKPcuB24Q,Mayo Clinic Health System - Mayo Clinic Store Midelfort,2.9,33,Medical clinic,"Midelfort Building, 1400 Bellinger St Suite 3, Eau Claire, WI 54703, United States","RF7Q+56 Eau Claire, Wisconsin, USA",http://mayoclinichealthsystem.org/locations/eau-claire?mc_id=&utm_source=yext&utm_medium=l&utm_content=eauclairemiddlefortgeneral&utm_campaign=mchsmarketing&geo=eauclaire&placementsite=nwwi&invsrc=mchsnwwi&cauid=110702&y_source=1_MzkxODEwOC03MTUtbG9jYXRpb24ud2Vic2l0ZQ%3D%3D,+1 715-838-1815,Open · Closes 5 pm,https://lh3.googleusercontent.com/gps-cs-s/AHVAweomHNCEC3Hugki2QzKM_YvOEZlKcp50lhT_MpMHBYFM6FiBAwtAh_Br4_l7MQUOl0OhPLc-K1_WIB4YrmoxakBEctJHOTW0tRJAChIfb3LNlaqbE3pszUn0bUAAmT3GHg8NPww9zQ=w408-h306-k-no,true,8 am–5 pm,8 am–5 pm,8 am–5 pm,8 am–5 pm,Closed,Closed,8 am–5 pm,"https://www.google.com/maps/search/pediatrician+in+Eau+Claire+Eau+Clair+WI/@44.811349,-91.4984941,14z",2026-02-10T21:57:23.907Z,LGBTQ+ friendly,,
"https://www.google.com/maps/place/Dr.+Jordan+Crow,+MD/data=!4m7!3m6!1s0x87f8bda3592de32f:0x4f70fb4ca8580453!8m2!3d44.7866188!4d-91.5072736!16s%2Fg%2F11f8j0hhjp!19sChIJL-MtWaO9-IcRUwRYqEz7cE8","Dr. Jordan Crow, MD",4.9,85,Obstetrician-gynecologist,"3213 Stein Blvd, Eau Claire, WI 54701, United States","QFPV+J3 Eau Claire, Wisconsin, USA",http://www.oakleafclinics.com/,+1 715-836-9242,Open · Closes 5 pm,https://lh3.googleusercontent.com/gps-cs-s/AHVAwepPOu8cdV1AtCP9IqeBCWtcWKwGH7Sc9ngFb8zx-A9KAj2VaLaEa9P3BjlpkAt1Bz_CkP7ezsbhG3-2x4ovP0BiU670uitc285N8dEajIS7imRfImvABnA5xWip6evMcV0nxyx_=w408-h251-k-no,true,8 am–5 pm,8 am–5 pm,8 am–5 pm,8 am–5 pm,Closed,Closed,8 am–5 pm,"https://www.google.com/maps/search/pediatrician+in+Eau+Claire+Eau+Clair+WI/@44.811349,-91.4984941,14z",2026-02-10T21:57:28.152Z,,,
"https://www.google.com/maps/place/All+Kids+Dentistry,+Inc./data=!4m7!3m6!1s0x87f8bd93a9c00007:0x5f3540cfde47a47b!8m2!3d44.7830666!4d-91.5286245!16s%2Fg%2F11h3k12dg2!19sChIJBwDAqZO9-IcRe6RH3s9ANV8","All Kids Dentistry, Inc.",3.6,162,Pediatric dentist,"1535 W Hamilton Ave, Eau Claire, WI 54701, United States","QFMC+6H Eau Claire, Wisconsin, USA",https://www.kidzrusdental.com/,+1 715-835-7172,Closed · Opens 7:30 am Wed,https://lh3.googleusercontent.com/p/AF1QipMXXNnOGzDYNiPPYaARYW1Rsu2EYp8wK5WhW7Wi=w426-h240-k-no,true,7:30 am–3:30 pm,7:30 am–3:30 pm,7:30 am–3:30 pm,Closed,Closed,Closed,7:30 am–3:30 pm,"https://www.google.com/maps/search/pediatrician+in+Eau+Claire+Eau+Clair+WI/@44.811349,-91.4984941,14z",2026-02-10T21:57:32.533Z,Identifies as women-owned,,
"https://www.google.com/maps/place/Dr.+Jane+D.+Byrd,+MD/data=!4m7!3m6!1s0x87f8bd6562232c7b:0xa73118c94fdea334!8m2!3d44.8128133!4d-91.5119611!16s%2Fg%2F1hc4fcfdx!19sChIJeywjYmW9-IcRNKPeT8kYMac","Dr. Jane D. Byrd, MD",,,Pediatrician,"1400 Bellinger St, Eau Claire, WI 54703, United States","RF7Q+46 Eau Claire, Wisconsin, USA",,+1 715-720-4400,,https://streetviewpixels-pa.googleapis.com/v1/thumbnail?panoid=AZjRtsyKhDhD7r-UjA90CA&cb_client=search.gws-prod.gps&w=408&h=240&yaw=314.7695&pitch=0&thumbfov=100,false,,,,,,,,"https://www.google.com/maps/search/pediatrician+in+Eau+Claire+Eau+Clair+WI/@44.811349,-91.4984941,14z",2026-02-10T21:57:34.709Z,,,
"https://www.google.com/maps/place/Dr.+Mary+C.+Tornehl,+MD/@44.7965734,-91.5207873,17z/data=!3m1!4b1!4m6!3m5!1s0x87f8bd877cdd48d5:0x58999cbbebc6de49!8m2!3d44.7965734!4d-91.5207873!16s%2Fg%2F1tgn590l","Dr. Mary C. Tornehl, MD",,,Pediatrician,"2116 Craig Rd, Eau Claire, WI 54701, United States","QFWH+JM Eau Claire, Wisconsin, USA",http://www.marshfieldclinic.org/,+1 715-858-4500,,,false,,,,,,,,"https://www.google.com/maps/search/pediatrician+in+Eau+Claire+Eau+Clair+WI/@44.811349,-91.4984941,14z",2026-02-10T21:57:38.930Z,,,
"https://www.google.com/maps/place/Dr.+Natasa+Milosavljevic,+MD/data=!4m7!3m6!1s0x87f8bd6562232c7b:0x4423fcf074329ce0!8m2!3d44.8128133!4d-91.5119611!16s%2Fg%2F1hc177x_8!19sChIJeywjYmW9-IcR4JwydPD8I0Q","Dr. Natasa Milosavljevic, MD",,,Pediatrician,"1400 Bellinger St, Eau Claire, WI 54703, United States","RF7Q+46 Eau Claire, Wisconsin, USA",https://www.mayoclinichealthsystem.org/providers/natasa-milosavljevic-md,+1 715-838-5025,,https://streetviewpixels-pa.googleapis.com/v1/thumbnail?panoid=AZjRtsyKhDhD7r-UjA90CA&cb_client=search.gws-prod.gps&w=408&h=240&yaw=314.7695&pitch=0&thumbfov=100,false,,,,,,,,"https://www.google.com/maps/search/pediatrician+in+Eau+Claire+Eau+Clair+WI/@44.811349,-91.4984941,14z",2026-02-10T21:57:41.106Z,,,
"https://www.google.com/maps/place/Teri+Stevenson,+M.D./data=!4m7!3m6!1s0x87f8bd90c190c4c9:0x154971a61d7d9a1f!8m2!3d44.7924497!4d-91.5081935!16s%2Fg%2F1tscpkxs!19sChIJycSQwZC9-IcRH5p9HaZxSRU","Teri Stevenson, M.D.",,,Pediatrician,"733 W Clairemont Ave, Eau Claire, WI 54701, United States","QFRR+XP Eau Claire, Wisconsin, USA",http://mayoclinichealthsystem.org/,+1 715-838-5222,,https://streetviewpixels-pa.googleapis.com/v1/thumbnail?panoid=i6GbFvUBsFQejbB_vWq8ew&cb_client=search.gws-prod.gps&w=408&h=240&yaw=308.46497&pitch=0&thumbfov=100,false,,,,,,,,"https://www.google.com/maps/search/pediatrician+in+Eau+Claire+Eau+Clair+WI/@44.811349,-91.4984941,14z",2026-02-10T21:57:43.636Z,,,
https://www.google.com/maps/place/O%27Halloran+Michael+J+MD/data=!4m7!3m6!1s0x87f8bd6562232db1:0x127396af580cd966!8m2!3d44.8128133!4d-91.5119611!16s%2Fg%2F1td6h108!19sChIJsS0jYmW9-IcRZtkMWK-WcxI,O'Halloran Michael J MD,,,Pediatrician,"1400 Bellinger St, Eau Claire, WI 54703, United States","RF7Q+46 Eau Claire, Wisconsin, USA",,+1 715-838-6320,,https://streetviewpixels-pa.googleapis.com/v1/thumbnail?panoid=AZjRtsyKhDhD7r-UjA90CA&cb_client=search.gws-prod.gps&w=408&h=240&yaw=314.7695&pitch=0&thumbfov=100,false,,,,,,,,"https://www.google.com/maps/search/pediatrician+in+Eau+Claire+Eau+Clair+WI/@44.811349,-91.4984941,14z",2026-02-10T21:57:46.268Z,,,
"https://www.google.com/maps/place/Uzoma+C+Okorie,+MD,+FAAP/data=!4m7!3m6!1s0x87f897a8f7cb85dd:0x88868b58414cd957!8m2!3d44.7964315!4d-91.5210137!16s%2Fg%2F11ydj46ybx!19sChIJ3YXL96iX-IcRV9lMQViLhog","Uzoma C Okorie, MD, FAAP",,,Pediatric cardiologist,"2116 Craig Rd, Eau Claire, WI 54701, United States","QFWH+HH Eau Claire, Wisconsin, USA",https://marshfieldclinic.org/Doctors/Uzoma-C-Okorie-MD-FAAP?ek=Uzoma%20C%20Okorie%20MD%20FAAP?utm_source=google&utm_medium=organic&utm_campaign=gbp-listing,+1 715-387-5087,Open · Closes 5 pm,https://lh3.googleusercontent.com/p/AF1QipPAerwmmrK0Xm4H4iuQa2eT4GrKlb2D49_lN29s=w426-h240-k-no,true,8 am–5 pm,8 am–5 pm,8 am–5 pm,8 am–5 pm,Closed,Closed,8 am–5 pm,"https://www.google.com/maps/search/pediatrician+in+Eau+Claire+Eau+Clair+WI/@44.811349,-91.4984941,14z",2026-02-10T21:57:50.748Z,,,
https://www.google.com/maps/place/Mayo+Clinic+-+Luther+Campus+%28Midelfort+Bldg%29/data=!4m7!3m6!1s0x87f8bdbc6ee5bbb5:0x77e705ae228cb185!8m2!3d44.8139273!4d-91.5127843!16s%2Fg%2F11j2lsqsms!19sChIJtbvlbry9-IcRhbGMIq4F53c,Mayo Clinic - Luther Campus (Midelfort Bldg),4.0,35,Medical clinic,"1400 Bellinger St, Eau Claire, WI 54703, United States","RF7P+HV Eau Claire, Wisconsin, USA",https://www.mayoclinichealthsystem.org/locations/eau-claire,+1 715-838-5222,,https://lh3.googleusercontent.com/gps-cs-s/AHVAwercSt7Ud1Ggglck6s45yENbs_NnwmcajzM2ej7errQXMo0gC6bgesOeCYXvEe35pev6xP8lAZ-Yyeih47UMIXpRNHM7ZOv_SBLeyuctOG-uU616bjJl6xJTScwi8yF3D6rBSe0SEg=w426-h240-k-no,false,,,,,,,,"https://www.google.com/maps/search/pediatrician+in+Eau+Claire+Eau+Clair+WI/@44.811349,-91.4984941,14z",2026-02-10T21:57:53.585Z,,,
https://www.google.com/maps/place/Dr.+Sheila+Galbraith/data=!4m7!3m6!1s0x87f8bd90f26e01c3:0xa3ffa3612f459534!8m2!3d44.7924497!4d-91.5081935!16s%2Fg%2F11qgb7l9mv!19sChIJwwFu8pC9-IcRNJVFL2Gj_6M,Dr. Sheila Galbraith,,,Pediatric dermatologist,"733 W Clairemont Ave, Eau Claire, WI 54701, United States",,https://www.mayoclinichealthsystem.org/providers/sheila-galbraith-md,+1 715-838-5222,,https://streetviewpixels-pa.googleapis.com/v1/thumbnail?panoid=i6GbFvUBsFQejbB_vWq8ew&cb_client=search.gws-prod.gps&w=408&h=240&yaw=308.46497&pitch=0&thumbfov=100,false,,,,,,,,"https://www.google.com/maps/search/pediatrician+in+Eau+Claire+Eau+Clair+WI/@44.811349,-91.4984941,14z",2026-02-10T21:57:55.863Z,,,
https://www.google.com/maps/place/Gilmartin+Kevin+M+MD/data=!4m7!3m6!1s0x87f8bd6562232db1:0x8b1f08b2d153465e!8m2!3d44.8128133!4d-91.5119611!16s%2Fg%2F1tglhwlq!19sChIJsS0jYmW9-IcRXkZT0bIIH4s,Gilmartin Kevin M MD,,,Pediatrician,"1400 Bellinger St, Eau Claire, WI 54703, United States","RF7Q+46 Eau Claire, Wisconsin, USA",,+1 715-838-6320,,https://streetviewpixels-pa.googleapis.com/v1/thumbnail?panoid=AZjRtsyKhDhD7r-UjA90CA&cb_client=search.gws-prod.gps&w=408&h=240&yaw=314.7695&pitch=0&thumbfov=100,false,,,,,,,,"https://www.google.com/maps/search/pediatrician+in+Eau+Claire+Eau+Clair+WI/@44.811349,-91.4984941,14z",2026-02-10T21:57:58.162Z,,,
https://www.google.com/maps/place/Midwest+Dental+-+Altoona/data=!4m7!3m6!1s0x87f8bcea9c6139df:0x909e07fe9731229d!8m2!3d44.8195202!4d-91.4597342!16s%2Fg%2F1tvr_8m6!19sChIJ3zlhnOq8-IcRnSIxl_4HnpA,Midwest Dental - Altoona,4.7,187,Dentist,"3063 Meadowlark Ln STE 60, Altoona, WI 54720, United States","RG9R+R4 Altoona, Wisconsin, USA",https://midwest-dental.com/dental-office/altoona/?utm_source=generic&utm_medium=profiles&utm_campaign=local_profiles,+1 715-835-1233,"Closes soon · 4 pm · Opens 7 am Wed

Updated by this business 9 weeks ago",https://lh3.googleusercontent.com/gps-cs-s/AHVAwer7mSwqCA2GCqnq0p7VmX6JUwFrfowZt8PqBvNUnMaz25BV1x_UGsqfWHFbgag62cE40Po0pkoxz9p29wNn3jccF5F6CC1LZCEvrygt0IkcQ5472rHMh1LDB9IcbRWOX-7haVJ2Wg=w408-h306-k-no,true,7 am–4 pm,7 am–4 pm,8 am–4 pm,7 am–1 pm,Closed,Closed,8 am–5 pm,"https://www.google.com/maps/search/pediatrician+in+Eau+Claire+Eau+Clair+WI/@44.811349,-91.4984941,14z",2026-02-10T21:58:02.687Z,LGBTQ+ friendly,,
"https://www.google.com/maps/place/Dr.+Michael+Smith,+MD/data=!4m7!3m6!1s0x87f8bd9369c0fbdd:0x8176cfc16be02c0d!8m2!3d44.7860582!4d-91.5066038!16s%2Fg%2F1tfcnxkk!19sChIJ3fvAaZO9-IcRDSzga8HPdoE","Dr. Michael Smith, MD",,,Internist,"714 W Hamilton Ave, Eau Claire, WI 54701, United States","QFPV+C9 Eau Claire, Wisconsin, USA",http://www.oakleafclinics.com/,+1 715-830-9990,Open · Closes 5 pm,https://lh3.googleusercontent.com/p/AF1QipMHmArbMmjxnKvjiuJHyEraLlgkXizGIgZl0tPl=w426-h240-k-no,true,8 am–5 pm,8 am–5 pm,8 am–5 pm,8 am–5 pm,Closed,Closed,8 am–5 pm,"https://www.google.com/maps/search/pediatrician+in+Eau+Claire+Eau+Clair+WI/@44.811349,-91.4984941,14z",2026-02-10T21:58:07.450Z,,,
https://www.google.com/maps/place/Dr.+Sameer+Batoo/data=!4m7!3m6!1s0x87f8bd7ace0a3913:0xe68b41e4f73087ce!8m2!3d44.8121863!4d-91.5129352!16s%2Fg%2F11qgb7j2q0!19sChIJEzkKznq9-IcRzocw9-RBi-Y,Dr. Sameer Batoo,,,Internist,"1221 Whipple St, Eau Claire, WI 54703, United States","RF6P+VR Eau Claire, Wisconsin, USA",,+1 715-838-3311,,https://streetviewpixels-pa.googleapis.com/v1/thumbnail?panoid=JNZktlzAzxmM6X54WqdkZw&cb_client=search.gws-prod.gps&w=408&h=240&yaw=69.758064&pitch=0&thumbfov=100,false,,,,,,,,"https://www.google.com/maps/search/pediatrician+in+Eau+Claire+Eau+Clair+WI/@44.811349,-91.4984941,14z",2026-02-10T21:58:09.823Z,,,
"https://www.google.com/maps/place/Dr.+Lauren+Sauter,+MD/@44.7777946,-91.4457344,17z/data=!3m1!4b1!4m6!3m5!1s0x87f8bd6086bca98d:0xa9a4b39d9c90eb24!8m2!3d44.7777946!4d-91.4457344!16s%2Fg%2F11gl0svprm","Dr. Lauren Sauter, MD",5.0,1,Family practice physician,"Oakwood Mall Dr, Eau Claire, WI 54701, United States","QHH3+4P Eau Claire, Wisconsin, USA",http://www.oakleafclinics.com/,+1 715-839-9280,Open · Closes 5 pm,,true,8:30 am–5 pm,8:30 am–5 pm,8:30 am–5 pm,8:30 am–5 pm,Closed,Closed,8:30 am–5 pm,"https://www.google.com/maps/search/pediatrician+in+Eau+Claire+Eau+Clair+WI/@44.811349,-91.4984941,14z",2026-02-10T21:58:16.387Z,,,
https://www.google.com/maps/place/Marshfield+Medical+Center+-+Eau+Claire/data=!4m7!3m6!1s0x87f8bd0c6d9e8b1d:0x58c342850b84ec36!8m2!3d44.794566!4d-91.5206891!16s%2Fg%2F11g4d5zc2z!19sChIJHYuebQy9-IcRNuyEC4VCw1g,Marshfield Medical Center - Eau Claire,2.3,109,Medical clinic,"2310 Craig Rd, Eau Claire, WI 54701, United States","QFVH+RP Eau Claire, Wisconsin, USA",https://www.marshfieldclinic.org/locations/centers/Eau%20Claire%20-%20Marshfield%20Medical%20Center,+1 715-858-8100,Open 24 hours,https://lh3.googleusercontent.com/gps-cs-s/AHVAweq-1aikU53YD65k7VZuCuWoothD-o791QMUxAlXh9akv-eTsRuuubuDPZ6Gu32O1MiYrk0K_zUl9GPOQRHZGDMOy1trM-a-6soB52H4il8P6yVTf1MDmY3JTrem5x8OSblLsk84=w408-h306-k-no,true,Open 24 hours,Open 24 hours,Open 24 hours,Open 24 hours,Open 24 hours,Open 24 hours,Open 24 hours,"https://www.google.com/maps/search/pediatrician+in+Eau+Claire+Eau+Clair+WI/@44.811349,-91.4984941,14z",2026-02-10T21:58:21.633Z,,,
https://www.google.com/maps/place/Evergreen+Surgical/data=!4m7!3m6!1s0x87f8bd93678d96ab:0x331f3f2e3d6a145b!8m2!3d44.7851925!4d-91.5068076!16s%2Fg%2F1tls3dct!19sChIJq5aNZ5O9-IcRWxRqPS4_HzM,Evergreen Surgical,4.3,19,Surgeon,"719 W Hamilton Ave Suite C, Eau Claire, WI 54701, United States","QFPV+37 Eau Claire, Wisconsin, USA",http://www.evergreensurgical.com/,+1 715-832-1044,Open · Closes 5 pm,https://lh3.googleusercontent.com/gps-cs-s/AHVAweqwXLqUgkqEePKrDkkcNXSivcyUvPCn3_sYioL-TmgLDwdyit_YhtahLvAw1J3-HA1ypV-3V4J-U3ZWacoxkB2qZakMkWrVKi3L4924ltZD1lFaXYldUWz5pFFMXMqlKkRcip6W=w408-h544-k-no,true,9 am–5 pm,9 am–5 pm,9 am–5 pm,9 am–12 pm,Closed,Closed,9 am–5 pm,"https://www.google.com/maps/search/pediatrician+in+Eau+Claire+Eau+Clair+WI/@44.811349,-91.4984941,14z",2026-02-10T21:58:25.931Z,,,
https://www.google.com/maps/place/Oakleaf+Clinics+-+OB%2FGYN/data=!4m7!3m6!1s0x87f8bd9302035ce7:0x1dc3468140311391!8m2!3d44.7866053!4d-91.5073177!16s%2Fg%2F1tks6wky!19sChIJ51wDApO9-IcRkRMxQIFGwx0,Oakleaf Clinics - OB/GYN,4.1,32,Women's health clinic,"3213 Stein Blvd, Eau Claire, WI 54701, United States","QFPV+J3 Eau Claire, Wisconsin, USA",http://www.oakleafclinics.com/,+1 715-836-9242,Open · Closes 5 pm,https://lh3.googleusercontent.com/p/AF1QipPjrGxKt2adbh1M2POJ1AHkCNoV-6lZt9RuCrsn=w426-h240-k-no,true,8 am–5 pm,8 am–5 pm,8 am–5 pm,8 am–5 pm,Closed,Closed,8 am–5 pm,"https://www.google.com/maps/search/pediatrician+in+Eau+Claire+Eau+Clair+WI/@44.811349,-91.4984941,14z",2026-02-10T21:58:31.061Z,,,
https://www.google.com/maps/place/Western+Wisconsin+Urology/data=!4m7!3m6!1s0x87f8bd93020e117b:0xe8353093d9dbbd30!8m2!3d44.7867455!4d-91.5065575!16s%2Fg%2F1ts1n5xy!19sChIJexEOApO9-IcRML3b2ZMwNeg,Western Wisconsin Urology,3.3,30,Urology clinic,"3217 Stein Blvd, Eau Claire, WI 54701, United States","QFPV+M9 Eau Claire, Wisconsin, USA",http://www.eauclaireurology.com/,+1 715-835-6548,Open · Closes 5 pm,https://lh3.googleusercontent.com/p/AF1QipMbyNL4uZCROqg9GDSsxUYccRdL7ZkJXyeP-H2C=w426-h240-k-no,true,8 am–5 pm,8 am–5 pm,8 am–5 pm,8 am–5 pm,Closed,Closed,8 am–5 pm,"https://www.google.com/maps/search/pediatrician+in+Eau+Claire+Eau+Clair+WI/@44.811349,-91.4984941,14z",2026-02-10T21:58:36.293Z,LGBTQ+ friendly,,
https://www.google.com/maps/place/OakLeaf+Surgical+Hospital/data=!4m7!3m6!1s0x87f8bc9a82040e37:0x9aceab96f23c831b!8m2!3d44.8153088!4d-91.452941!16s%2Fg%2F11b674h3xn!19sChIJNw4Egpq8-IcRG4M88parzpo,OakLeaf Surgical Hospital,4.5,89,Hospital,"1000 OakLeaf Way, Altoona, WI 54720, United States","RG8W+4R Altoona, Wisconsin, USA",http://www.oakleafsurgical.com/?y_source=1_MTI5MTQ4NTEtNzE1LWxvY2F0aW9uLndlYnNpdGU%3D,+1 715-831-8130,Open · Closes 5 pm,https://lh3.googleusercontent.com/p/AF1QipMmhqFjEb3zlK2ROzfA4Txv8obrlyReydnbxhQo=w408-h277-k-no,true,8 am–5 pm,8 am–5 pm,8 am–5 pm,8 am–5 pm,Closed,Closed,8 am–5 pm,"https://www.google.com/maps/search/pediatrician+in+Eau+Claire+Eau+Clair+WI/@44.811349,-91.4984941,14z",2026-02-10T21:58:41.450Z,,,
https://www.google.com/maps/place/Chippewa+Valley+Neurosciences/data=!4m7!3m6!1s0x87f8bd8f82d2dc69:0x4083a72ea3f85efd!8m2!3d44.7804842!4d-91.4427516!16s%2Fg%2F1tmpl1t_!19sChIJadzSgo-9-IcR_V74oy6ng0A,Chippewa Valley Neurosciences,3.3,4,Medical group,"3506 Oakwood Mall Dr A, Eau Claire, WI 54701, United States","QHJ4+5V Eau Claire, Wisconsin, USA",https://oakleafmedicalnetwork.com/location/chippewa-valley-neurosciences/,+1 715-831-0811,Open · Closes 5 pm,https://streetviewpixels-pa.googleapis.com/v1/thumbnail?panoid=tTtIE235B-Q1n5ZOb_ccEA&cb_client=search.gws-prod.gps&w=408&h=240&yaw=206.21344&pitch=0&thumbfov=100,true,8 am–5 pm,8 am–5 pm,8 am–5 pm,8 am–5 pm,Closed,Closed,8 am–5 pm,"https://www.google.com/maps/search/pediatrician+in+Eau+Claire+Eau+Clair+WI/@44.811349,-91.4984941,14z",2026-02-10T21:58:46.246Z,,,
"https://www.google.com/maps/place/Foot+%26+Ankle+Clinic/@44.7777946,-91.4457344,17z/data=!3m1!4b1!4m6!3m5!1s0x87f8bddebe7fef31:0xb3da1a13dcab610c!8m2!3d44.7777946!4d-91.4457344!16s%2Fg%2F11h8frhzq4",Foot & Ankle Clinic,3.7,6,Podiatrist,"3802 Oakwood Mall Dr, Eau Claire, WI 54701, United States","QHH3+4P Eau Claire, Wisconsin, USA",https://www.footankle-clinic.com/,+1 715-235-4274,Closes soon · 4:30 pm · Opens 8 am Wed,,true,8 am–4:30 pm,8 am–4:30 pm,8 am–4:30 pm,7:30 am–4 pm,Closed,Closed,8 am–4:30 pm,"https://www.google.com/maps/search/pediatrician+in+Eau+Claire+Eau+Clair+WI/@44.811349,-91.4984941,14z",2026-02-10T21:58:53.151Z,,,
"https://www.google.com/maps/place/Rayna+M.+Grothe,+M.D./data=!4m7!3m6!1s0x87f8bd90c190c4c9:0x6f58dc1ed8a091!8m2!3d44.7924356!4d-91.5081374!16s%2Fg%2F1vm_yfxm!19sChIJycSQwZC9-IcRkaDYHtxYbwA","Rayna M. Grothe, M.D.",,,Pediatric gastroenterologist,"733 W Clairemont Ave, Eau Claire, WI 54701, United States","QFRR+XP Eau Claire, Wisconsin, USA",http://mayoclinichealthsystem.org/,+1 715-838-6968,,https://streetviewpixels-pa.googleapis.com/v1/thumbnail?panoid=i6GbFvUBsFQejbB_vWq8ew&cb_client=search.gws-prod.gps&w=408&h=240&yaw=309.99432&pitch=0&thumbfov=100,false,,,,,,,,"https://www.google.com/maps/search/pediatrician+in+Eau+Claire+Eau+Clair+WI/@44.811349,-91.4984941,14z",2026-02-10T21:58:55.466Z,,,
"https://www.google.com/maps/place/Dr.+Tamara+Slinkard,+MD/data=!4m7!3m6!1s0x87f8bd9302721255:0x7c972487045ca3b0!8m2!3d44.792236!4d-91.5045599!16s%2Fg%2F1thp8k1y!19sChIJVRJyApO9-IcRsKNcBIckl3w","Dr. Tamara Slinkard, MD",,,Family practice physician,"617 W Clairemont Ave, Eau Claire, WI 54701, United States","QFRW+V5 Eau Claire, Wisconsin, USA",http://oakleafclinics.com/,+1 715-834-2788,Open · Closes 7 pm,https://lh3.googleusercontent.com/p/AF1QipNlCRVXk6lASNIFxiwWRzUg_ilssWei03ITxMD3=w426-h240-k-no,true,7 am–7 pm,7 am–7 pm,7 am–7 pm,7 am–5 pm,Closed,Closed,7 am–7 pm,"https://www.google.com/maps/search/pediatrician+in+Eau+Claire+Eau+Clair+WI/@44.811349,-91.4984941,14z",2026-02-10T21:58:59.771Z,,,
https://www.google.com/maps/place/Dean+Delmastro/data=!4m7!3m6!1s0x87f8bd9ab0555555:0xe2678837818575cb!8m2!3d44.794519!4d-91.5107268!16s%2Fg%2F11rwxdwg33!19sChIJVVVVsJq9-IcRy3WFgTeIZ-I,Dean Delmastro,,,Medical clinic,"900 W Clairemont Ave, Eau Claire, WI 54701, United States",,,+1 715-839-3956,,https://streetviewpixels-pa.googleapis.com/v1/thumbnail?panoid=I5bTyeOy1fVKz3QB7Fu5CA&cb_client=search.gws-prod.gps&w=408&h=240&yaw=33.68746&pitch=0&thumbfov=100,false,,,,,,,,"https://www.google.com/maps/search/pediatrician+in+Eau+Claire+Eau+Clair+WI/@44.811349,-91.4984941,14z",2026-02-10T21:59:01.999Z,,,
"https://www.google.com/maps/place/Dr.+Kyle+Dettbarn,+MD/data=!4m7!3m6!1s0x87f8bd93607d9fcf:0x4ae4a2bec6646124!8m2!3d44.7777846!4d-91.4455776!16s%2Fg%2F1tgvf5s0!19sChIJz599YJO9-IcRJGFkxr6i5Eo","Dr. Kyle Dettbarn, MD",3.4,5,Pulmonologist,"Oakwood Mall Dr, Eau Claire, WI 54701, United States","QHH3+4Q Eau Claire, Wisconsin, USA",http://www.oakleafclinics.com/,+1 715-839-9280,Open · Closes 5 pm,https://lh3.googleusercontent.com/p/AF1QipPj-uXLSOTEr77dnFLXEdpgZJK-YiIrsMRhaqQk=w426-h240-k-no,true,8:30 am–5 pm,8:30 am–5 pm,8:30 am–5 pm,8:30 am–5 pm,Closed,Closed,8:30 am–5 pm,"https://www.google.com/maps/search/pediatrician+in+Eau+Claire+Eau+Clair+WI/@44.811349,-91.4984941,14z",2026-02-10T21:59:06.451Z,,,
https://www.google.com/maps/place/Ishitani+Michael+B+MD/data=!4m7!3m6!1s0x87f8bd65636557ed:0x7eb4af2e23db857d!8m2!3d44.8128133!4d-91.5119611!16s%2Fg%2F1261vtvcn!19sChIJ7VdlY2W9-IcRfYXbIy6vtH4,Ishitani Michael B MD,,,Pediatric surgeon,"1400 Bellinger St, Eau Claire, WI 54703, United States","RF7Q+46 Eau Claire, Wisconsin, USA",,+1 715-838-6320,,https://streetviewpixels-pa.googleapis.com/v1/thumbnail?panoid=AZjRtsyKhDhD7r-UjA90CA&cb_client=search.gws-prod.gps&w=408&h=240&yaw=314.7695&pitch=0&thumbfov=100,false,,,,,,,,"https://www.google.com/maps/search/pediatrician+in+Eau+Claire+Eau+Clair+WI/@44.811349,-91.4984941,14z",2026-02-10T21:59:08.781Z,,,
https://www.google.com/maps/place/Marshfield+Clinic+Eau+Claire+Riverview+Center/data=!4m7!3m6!1s0x87f8bcdec1c084ab:0x47b29c539f6b7f08!8m2!3d44.8259215!4d-91.47893!16s%2Fg%2F1w665ztd!19sChIJq4TAwd68-IcRCH9rn1Ocskc,Marshfield Clinic Eau Claire Riverview Center,2.7,12,Mental health clinic,"1000 Starr Ave, Eau Claire, WI 54703, United States","RGGC+9C Eau Claire, Wisconsin, USA",https://www.marshfieldclinic.org/Locations/Centers/Eau%20Claire%20Riverview%20Center,+1 715-858-4850,Open · Closes 7 pm,https://lh3.googleusercontent.com/p/AF1QipNsHkJ-tXPJOzmD2PWICO_c4ygcUQwGHB2U8atv=w421-h240-k-no,true,7 am–7 pm,7 am–5 pm,7 am–5 pm,7 am–5 pm,Closed,Closed,7 am–5 pm,"https://www.google.com/maps/search/pediatrician+in+Eau+Claire+Eau+Clair+WI/@44.811349,-91.4984941,14z",2026-02-10T21:59:13.231Z,,,
https://www.google.com/maps/place/Naghma+Husain/data=!4m7!3m6!1s0x87f8bc9455eeaaab:0x945a5a2ddfbf2f0e!8m2!3d44.8199505!4d-91.4603302!16s%2Fg%2F11qgb7kskj!19sChIJq6ruVZS8-IcRDi-_3y1aWpQ,Naghma Husain,,,Pediatrician,"3085 Meadowlark Ln #20, Altoona, WI 54720, United States","RG9Q+XV Altoona, Wisconsin, USA",,,,https://streetviewpixels-pa.googleapis.com/v1/thumbnail?panoid=cIdxIKkJqGwyS5eq_o8qfg&cb_client=search.gws-prod.gps&w=408&h=240&yaw=51.34001&pitch=0&thumbfov=100,false,,,,,,,,"https://www.google.com/maps/search/pediatrician+in+Eau+Claire+Eau+Clair+WI/@44.811349,-91.4984941,14z",2026-02-10T21:59:15.518Z,,,
https://www.google.com/maps/place/Eau+Claire+Gi+Associates/data=!4m7!3m6!1s0x87f8bd85ce7ca1dd:0xb8b49c49315149e3!8m2!3d44.775121!4d-91.4464799!16s%2Fg%2F1tfb73l4!19sChIJ3aF8zoW9-IcR40lRMUmctLg,Eau Claire Gi Associates,2.6,24,Doctor,"4109 Oakwood Hills Pkwy, Eau Claire, WI 54701, United States","QHG3+2C Eau Claire, Wisconsin, USA",http://www.eauclairegi.com/,+1 715-552-7303,Open · Closes 5 pm,https://lh3.googleusercontent.com/p/AF1QipPT6ciWQ7Dkf-s_ztJFuK3Rz5MDaxwBpCf30FCZ=w408-h544-k-no,true,8 am–5 pm,8 am–5 pm,8 am–5 pm,8 am–3 pm,Closed,Closed,8 am–5 pm,"https://www.google.com/maps/search/pediatrician+in+Eau+Claire+Eau+Clair+WI/@44.811349,-91.4984941,14z",2026-02-10T21:59:19.988Z,,,
https://www.google.com/maps/place/Naghma+Husain/data=!4m7!3m6!1s0x87f8bc949c4adac1:0x99317bad1244c377!8m2!3d44.8179857!4d-91.4612105!16s%2Fg%2F11qgb7hh35!19sChIJwdpKnJS8-IcRd8NEEq17MZk,Naghma Husain,,,Pediatrician,"3119 Woodman Dr, Altoona, WI 54720, United States","RG9Q+5G Altoona, Wisconsin, USA",,+1 715-717-6700,,https://streetviewpixels-pa.googleapis.com/v1/thumbnail?panoid=SygCIqTkK9Z2vopXSj3Ddw&cb_client=search.gws-prod.gps&w=408&h=240&yaw=209.63841&pitch=0&thumbfov=100,false,,,,,,,,"https://www.google.com/maps/search/pediatrician+in+Eau+Claire+Eau+Clair+WI/@44.811349,-91.4984941,14z",2026-02-10T21:59:22.272Z,,,
https://www.google.com/maps/place/Clearwater+Dental+EC/data=!4m7!3m6!1s0x87f8bd0da32bd35b:0x7bf3f76f60491b1b!8m2!3d44.7720645!4d-91.4610493!16s%2Fg%2F12lk9qfvk!19sChIJW9Mrow29-IcRGxtJYG_383s,Clearwater Dental EC,4.9,563,Dentist,"4237 Southtowne Dr, Eau Claire, WI 54701, United States","QGCQ+RH Eau Claire, Wisconsin, USA",https://www.clearwaterdentalec.com/,+1 715-514-5300,"Open · Closes 5 pm

Updated by this business 9 weeks ago",https://lh3.googleusercontent.com/p/AF1QipNBfJLt223sjnGDV023JTbYgbJcReff6dAe38Dr=w426-h240-k-no,true,8 am–5 pm,8 am–6 pm,8 am–6 pm,7:20 am–2:30 pm,Closed,Closed,7:20 am–5 pm,"https://www.google.com/maps/search/pediatrician+in+Eau+Claire+Eau+Clair+WI/@44.811349,-91.4984941,14z",2026-02-10T21:59:26.716Z,,,
https://www.google.com/maps/place/Hebert+Dental+Eau+Claire/data=!4m7!3m6!1s0x87f8bc1c2d46eae7:0x863abac1c293f8d!8m2!3d44.7688895!4d-91.4574485!16s%2Fg%2F1td18dnl!19sChIJ5-pGLRy8-IcRjT8pHKyrYwg,Hebert Dental Eau Claire,4.9,1795,Dentist,"4710 Commerce Valley Rd, Eau Claire, WI 54701, United States","QG9V+H2 Eau Claire, Wisconsin, USA",https://www.hebertdental.com/,+1 715-447-7098,Open · Closes 5 pm,https://lh3.googleusercontent.com/p/AF1QipPhi3daZRr8sfxqFsmpBiqevcsIGj5dNQlTTvo_=w408-h244-k-no,true,8 am–5 pm,8 am–5 pm,8 am–5 pm,Closed,Closed,Closed,8 am–5 pm,"https://www.google.com/maps/search/pediatrician+in+Eau+Claire+Eau+Clair+WI/@44.811349,-91.4984941,14z",2026-02-10T21:59:31.123Z,,,
https://www.google.com/maps/place/Dr.+Michael+Smith/data=!4m7!3m6!1s0x87f8bd931a391bc7:0x3f4916360adf28b5!8m2!3d44.7860996!4d-91.5066405!16s%2Fg%2F11p07b8fyx!19sChIJxxs5GpO9-IcRtSjfCjYWST8,Dr. Michael Smith,,,Family practice physician,"714 W Hamilton Ave, Eau Claire, WI 54701, United States","QFPV+C8 Eau Claire, Wisconsin, USA",https://www.oakleafclinics.com/provider.phtml/michael_smith,+1 715-834-2788,,https://streetviewpixels-pa.googleapis.com/v1/thumbnail?panoid=jr85zbqHadPLRSsf7XKh4w&cb_client=search.gws-prod.gps&w=408&h=240&yaw=8.452916&pitch=0&thumbfov=100,false,,,,,,,,"https://www.google.com/maps/search/pediatrician+in+Eau+Claire+Eau+Clair+WI/@44.811349,-91.4984941,14z",2026-02-10T21:59:33.698Z,,,
https://www.google.com/maps/place/OakLeaf+Clinics+-+The+Counseling+Room/data=!4m7!3m6!1s0x87f8bdff821b77db:0xa400472b25f7c377!8m2!3d44.811667!4d-91.5004763!16s%2Fg%2F11q4m3tn40!19sChIJ23cbgv-9-IcRd8P3JStHAKQ,OakLeaf Clinics - The Counseling Room,3.0,2,Mental health clinic,"130 S Barstow St, Eau Claire, WI 54701, United States","RF6X+MR Eau Claire, Wisconsin, USA",https://www.oakleafclinics.com/,+1 715-579-4424,Closes soon · 4 pm · Opens 8 am Wed,https://streetviewpixels-pa.googleapis.com/v1/thumbnail?panoid=Mwj_OfPKTRbTKSc8cFrOBg&cb_client=search.gws-prod.gps&w=408&h=240&yaw=268.7493&pitch=0&thumbfov=100,true,8 am–4 pm,8 am–4 pm,8 am–4 pm,8 am–4 pm,Closed,Closed,8 am–4 pm,"https://www.google.com/maps/search/pediatrician+in+Eau+Claire+Eau+Clair+WI/@44.811349,-91.4984941,14z",2026-02-10T21:59:38.242Z,,,
https://www.google.com/maps/place/Jackelyn+Padjen/data=!4m7!3m6!1s0x87f8bd9374300001:0x3c894257eb9096de!8m2!3d44.7868669!4d-91.5083823!16s%2Fg%2F11sh2cl98x!19sChIJAQAwdJO9-IcR3paQ61dCiTw,Jackelyn Padjen,4.0,4,Nurse practitioner,"3131 Stein Blvd, Eau Claire, WI 54701, United States","QFPR+PJ Eau Claire, Wisconsin, USA",https://www.oakleafclinics.com/provider.phtml/jackelyn_padjen,+1 715-830-0732,,https://streetviewpixels-pa.googleapis.com/v1/thumbnail?panoid=O8h4jjLlfz1mx7cNi7FUBA&cb_client=search.gws-prod.gps&w=408&h=240&yaw=58.56978&pitch=0&thumbfov=100,false,,,,,,,,"https://www.google.com/maps/search/pediatrician+in+Eau+Claire+Eau+Clair+WI/@44.811349,-91.4984941,14z",2026-02-10T21:59:40.732Z,,,
https://www.google.com/maps/place/Peller+Thomas+P+MD/data=!4m7!3m6!1s0x87f8bd9369c0fbdd:0x5e3a71090f158df0!8m2!3d44.7860793!4d-91.5066145!16s%2Fg%2F1tfmct5z!19sChIJ3fvAaZO9-IcR8I0VDwlxOl4,Peller Thomas P MD,4.0,8,Doctor,"714 W Hamilton Ave, Eau Claire, WI 54701, United States","QFPV+C9 Eau Claire, Wisconsin, USA",http://www.oakleafclinics.com/,+1 715-830-9990,Open · Closes 5 pm,https://streetviewpixels-pa.googleapis.com/v1/thumbnail?panoid=jr85zbqHadPLRSsf7XKh4w&cb_client=search.gws-prod.gps&w=408&h=240&yaw=11.388413&pitch=0&thumbfov=100,false,8 am–5 pm,8 am–5 pm,8 am–5 pm,8 am–5 pm,Closed,Closed,8 am–5 pm,"https://www.google.com/maps/search/pediatrician+in+Eau+Claire+Eau+Clair+WI/@44.811349,-91.4984941,14z",2026-02-10T21:59:45.651Z,,,
https://www.google.com/maps/place/Johnson+Jonathan+N+MD/data=!4m7!3m6!1s0x87f8bd7ad7f2cc09:0x6b119c6da471b97c!8m2!3d44.8121863!4d-91.5129352!16s%2Fg%2F1262wxh9l!19sChIJCczy13q9-IcRfLlxpG2cEWs,Johnson Jonathan N MD,,,Pediatric cardiologist,"1221 Whipple St, Eau Claire, WI 54703, United States","RF6P+VR Eau Claire, Wisconsin, USA",https://www.mayoclinic.org/biographies/johnson-jonathan-n-m-d/bio-20055043,+1 715-838-3311,,https://streetviewpixels-pa.googleapis.com/v1/thumbnail?panoid=JNZktlzAzxmM6X54WqdkZw&cb_client=search.gws-prod.gps&w=408&h=240&yaw=69.758064&pitch=0&thumbfov=100,false,,,,,,,,"https://www.google.com/maps/search/pediatrician+in+Eau+Claire+Eau+Clair+WI/@44.811349,-91.4984941,14z",2026-02-10T21:59:48.259Z,,,
https://www.google.com/maps/place/Plewa+John+J+MD/data=!4m7!3m6!1s0x87f8bd9055555555:0x1cf16b2f68a36b5e!8m2!3d44.8128139!4d-91.5119835!16s%2Fg%2F11fktchx0h!19sChIJVVVVVZC9-IcRXmujaC9r8Rw,Plewa John J MD,5.0,1,Pediatrician,"1400 Bellinger St, Eau Claire, WI 54703, United States","RF7Q+46 Eau Claire, Wisconsin, USA",https://mayoclinichealthsystem.org/providers/john-plewa-md,+1 715-838-5437,,https://streetviewpixels-pa.googleapis.com/v1/thumbnail?panoid=AZjRtsyKhDhD7r-UjA90CA&cb_client=search.gws-prod.gps&w=408&h=240&yaw=313.87338&pitch=0&thumbfov=100,false,,,,,,,,"https://www.google.com/maps/search/pediatrician+in+Altoona+Eau+Clair+WI/@44.811349,-91.4984941,14z",2026-02-10T22:00:17.163Z,,,
"https://www.google.com/maps/place/Dr.+Bushra+K.+Javaid,+MD/data=!4m7!3m6!1s0x87f8bcdec1c084ab:0xbdbf3ecbdc849e73!8m2!3d44.8261638!4d-91.4790589!16s%2Fg%2F1tdftq44!19sChIJq4TAwd68-IcRc56E3Ms-v70","Dr. Bushra K. Javaid, MD",3.7,3,Pediatrician,"1000 Starr Ave, Eau Claire, WI 54703, United States","RGGC+F9 Eau Claire, Wisconsin, USA",,+1 715-858-4300,,https://lh3.googleusercontent.com/gps-cs-s/AHVAweoIrCXhEUipf0xRefCaD5d2Ua5OPNwI4YkRIm7H_2irc2ZoQZ9VcR0xWKRaJfbCK5MQ9XY4FmUXj_c7H__mi0pyCR754uzZZCzbLnfwxsR6iKnz_9TsQzw0akNw3r6GXAoLO-5I=w408-h306-k-no,false,,,,,,,,"https://www.google.com/maps/search/pediatrician+in+Altoona+Eau+Clair+WI/@44.811349,-91.4984941,14z",2026-02-10T22:00:19.506Z,,,
https://www.google.com/maps/place/Marshfield+Clinic+Eau+Claire+Oakwood+Center-Pediatrics/data=!4m7!3m6!1s0x87f8bd1b8a346511:0x2ed1359c48b41656!8m2!3d44.7682566!4d-91.4526093!16s%2Fg%2F11t_zrx81p!19sChIJEWU0ihu9-IcRVha0SJw10S4,Marshfield Clinic Eau Claire Oakwood Center-Pediatrics,5.0,2,Medical Center,"3501 Golf Rd, Eau Claire, WI 54701, United States","QG9W+8X Eau Claire, Wisconsin, USA",https://www.marshfieldclinic.org/locations/centers/eau%20claire%20oakwood%20center?utm_source=google&utm_medium=organic&utm_campaign=gbp-listing,+1 715-858-4283,Closes soon · 5 pm · Opens 7:30 am Wed,https://lh3.googleusercontent.com/p/AF1QipMbMFn57E3f4Yv2ENrZkyUIXn7E7nD_TmZmmAcq=w426-h240-k-no,true,7:30 am–5 pm,7:30 am–5 pm,7:30 am–5 pm,7:30 am–5 pm,Closed,Closed,7:30 am–5 pm,"https://www.google.com/maps/search/pediatrician+in+Altoona+Eau+Clair+WI/@44.811349,-91.4984941,14z",2026-02-10T22:00:23.778Z,,,
https://www.google.com/maps/place/Gilmartin+Kevin+M+MD/data=!4m7!3m6!1s0x87f8bd90c190c4c9:0x21959194264e9070!8m2!3d44.7925022!4d-91.5083067!16s%2Fg%2F1tdfz8v6!19sChIJycSQwZC9-IcRcJBOJpSRlSE,Gilmartin Kevin M MD,5.0,1,Pediatrician,"733 W Clairemont Ave, Eau Claire, WI 54701, United States","QFVR+2M Eau Claire, Wisconsin, USA",http://www.luthermidelfort.org/,+1 715-838-5243,,https://streetviewpixels-pa.googleapis.com/v1/thumbnail?panoid=i6GbFvUBsFQejbB_vWq8ew&cb_client=search.gws-prod.gps&w=408&h=240&yaw=307.68317&pitch=0&thumbfov=100,false,,,,,,,,"https://www.google.com/maps/search/pediatrician+in+Altoona+Eau+Clair+WI/@44.811349,-91.4984941,14z",2026-02-10T22:00:32.896Z,,,
https://www.google.com/maps/place/Dr.+Sameer+Batoo/data=!4m7!3m6!1s0x87f8bd654e84402b:0x3bdab4e934cc6794!8m2!3d44.8128133!4d-91.5119611!16s%2Fg%2F11rwxfzjhh!19sChIJK0CETmW9-IcRlGfMNOm02js,Dr. Sameer Batoo,,,Oncologist,"1400 Bellinger St, Eau Claire, WI 54703, United States","RF7Q+46 Eau Claire, Wisconsin, USA",,+1 715-838-5222,,https://streetviewpixels-pa.googleapis.com/v1/thumbnail?panoid=AZjRtsyKhDhD7r-UjA90CA&cb_client=search.gws-prod.gps&w=408&h=240&yaw=314.7695&pitch=0&thumbfov=100,false,,,,,,,,"https://www.google.com/maps/search/pediatrician+in+Altoona+Eau+Clair+WI/@44.811349,-91.4984941,14z",2026-02-10T22:00:49.776Z,,,
"https://www.google.com/maps/place/Oludayo+Sarumi,+MD,+FAAP/data=!4m7!3m6!1s0x87f9239a8d408167:0x50a0d22377ec8ba0!8m2!3d44.8179857!4d-91.4612105!16s%2Fg%2F11fjw0_gbz!19sChIJZ4FAjZoj-YcRoIvsdyPSoFA","Oludayo Sarumi, MD, FAAP",5.0,3,,"3119 Woodman Dr, Altoona, WI 54720, United States","RG9Q+5G Altoona, Wisconsin, USA",,+1 715-717-6850,Permanently closed,https://streetviewpixels-pa.googleapis.com/v1/thumbnail?panoid=SygCIqTkK9Z2vopXSj3Ddw&cb_client=search.gws-prod.gps&w=408&h=240&yaw=209.63841&pitch=0&thumbfov=100,false,,,,,,,,"https://www.google.com/maps/search/pediatrician+in+Altoona+Eau+Clair+WI/@44.811349,-91.4984941,14z",2026-02-10T22:00:54.418Z,,,
"https://www.google.com/maps/place/Allison+Schneider,+MD,+FAAP/data=!4m7!3m6!1s0x87f8bd6903234ae5:0xa7b995175580ac54!8m2!3d44.8179857!4d-91.4612105!16s%2Fg%2F11fn4k0jm1!19sChIJ5UojA2m9-IcRVKyAVReVuac","Allison Schneider, MD, FAAP",,,,"3119 Woodman Dr, Altoona, WI 54720, United States","RG9Q+5G Altoona, Wisconsin, USA",https://www.prevea.com/Providers/Allison-Schneider,+1 715-717-6850,Permanently closed,https://streetviewpixels-pa.googleapis.com/v1/thumbnail?panoid=SygCIqTkK9Z2vopXSj3Ddw&cb_client=search.gws-prod.gps&w=408&h=240&yaw=209.63841&pitch=0&thumbfov=100,false,,,,,,,,"https://www.google.com/maps/search/pediatrician+in+Altoona+Eau+Clair+WI/@44.811349,-91.4984941,14z",2026-02-10T22:00:59.016Z,,,
https://www.google.com/maps/place/Dr.+Anton+Kidess/data=!4m7!3m6!1s0x87f8bd931a391bc7:0xededf7f9becaecb6!8m2!3d44.7859716!4d-91.508244!16s%2Fg%2F11qgb7qmhq!19sChIJxxs5GpO9-IcRtuzKvvn37e0,Dr. Anton Kidess,,,Internist,"3221 Stein Blvd #4, Eau Claire, WI 54701, United States","QFPR+9P Eau Claire, Wisconsin, USA",https://www.oakleafclinics.com/provider.phtml/anton_kidess,+1 715-834-2788,,https://streetviewpixels-pa.googleapis.com/v1/thumbnail?panoid=n6FEs03_dbRYrKhdwfLt4A&cb_client=search.gws-prod.gps&w=408&h=240&yaw=309.05426&pitch=0&thumbfov=100,false,,,,,,,,"https://www.google.com/maps/search/pediatrician+in+Augusta+Eau+Clair+WI/@44.7902348,-91.5098882,14z",2026-02-10T22:01:46.497Z,,,
"https://www.google.com/maps/place/Dr.+Thomas+K.+Hunt,+MD/@44.7965734,-91.5207873,17z/data=!3m1!4b1!4m6!3m5!1s0x87f8bd877cdd48d5:0x51bab21f2dc212b1!8m2!3d44.7965734!4d-91.5207873!16s%2Fg%2F1tr8m422","Dr. Thomas K. Hunt, MD",,,Doctor,"2116 Craig Rd, Eau Claire, WI 54701, United States","QFWH+JM Eau Claire, Wisconsin, USA",,+1 715-858-4500,,,false,,,,,,,,"https://www.google.com/maps/search/pediatrician+in+Augusta+Eau+Clair+WI/@44.7902348,-91.5098882,14z",2026-02-10T22:01:50.851Z,,,
https://www.google.com/maps/place/Ola+Kanj+Ahmed/data=!4m7!3m6!1s0x87f8bd654e84402b:0xabd578edf9e53e01!8m2!3d44.8128133!4d-91.5119611!16s%2Fg%2F11p07b07np!19sChIJK0CETmW9-IcRAT7l-e141as,Ola Kanj Ahmed,,,Oncologist,"1400 Bellinger St, Eau Claire, WI 54703, United States","RF7Q+46 Eau Claire, Wisconsin, USA",https://www.mayoclinichealthsystem.org/providers/ola-kanj-ahmed-md,+1 715-838-3240,Temporarily closed,https://streetviewpixels-pa.googleapis.com/v1/thumbnail?panoid=AZjRtsyKhDhD7r-UjA90CA&cb_client=search.gws-prod.gps&w=408&h=240&yaw=314.7695&pitch=0&thumbfov=100,false,,,,,,,,"https://www.google.com/maps/search/pediatrician+in+Augusta+Eau+Clair+WI/@44.7902348,-91.5098882,14z",2026-02-10T22:01:55.356Z,,,
https://www.google.com/maps/place/Marshfield+Clinic+Chippewa+Falls+Center-Pediatrics/data=!4m7!3m6!1s0x87f8a9fe71f0c19f:0xce26010c6f64557f!8m2!3d44.950897!4d-91.359659!16s%2Fg%2F11t_zsvkxz!19sChIJn8Hwcf6p-IcRf1VkbwwBJs4,Marshfield Clinic Chippewa Falls Center-Pediatrics,4.5,4,Medical clinic,"2655 Co Hwy I, Chippewa Falls, WI 54729, United States","XJ2R+94 Chippewa Falls, Wisconsin, USA",https://www.marshfieldclinic.org/locations/centers/chippewa%20falls%20center?utm_source=google&utm_medium=organic&utm_campaign=gbp-listing,+1 715-726-2131,Closes soon · 5 pm · Opens 7 am Wed,https://lh3.googleusercontent.com/p/AF1QipOciAbEU1J2Sro2YMR1UqSnuPzijHhugTdA85Jo=w426-h240-k-no,true,7 am–5 pm,7 am–5 pm,7 am–5 pm,7 am–5 pm,Closed,Closed,7 am–5 pm,"https://www.google.com/maps/search/pediatrician+in+Chippewa+Falls+Eau+Clair+WI/@44.9369054,-91.3929348,14z",2026-02-10T22:02:07.120Z,,,
"https://www.google.com/maps/place/Jenalin+D+Uy,+MD/data=!4m7!3m6!1s0x87f8a88692400001:0x39480e9c397553de!8m2!3d44.950897!4d-91.359659!16s%2Fg%2F11p07bd6kb!19sChIJAQBAkoao-IcR3lN1OZwOSDk","Jenalin D Uy, MD",5.0,1,,"2655 Co Hwy I, Chippewa Falls, WI 54729, United States",,https://www.marshfieldclinic.org/Locations/Centers/Chippewa%20Falls%20Center,+1 715-726-2131,Permanently closed,https://streetviewpixels-pa.googleapis.com/v1/thumbnail?panoid=Zzeyqx6_APp-CiuwOxL1qQ&cb_client=search.gws-prod.gps&w=408&h=240&yaw=57.447426&pitch=0&thumbfov=100,true,,,,,,,,"https://www.google.com/maps/search/pediatrician+in+Chippewa+Falls+Eau+Clair+WI/@44.9369054,-91.3929348,14z",2026-02-10T22:02:11.392Z,,,
https://www.google.com/maps/place/Eau+Claire+Clinic-Children%27s+Wisconsin/data=!4m7!3m6!1s0x87f8bd7f8d0a5447:0x91f8d68cb4455668!8m2!3d44.8079586!4d-91.4730041!16s%2Fg%2F11sj5d7md6!19sChIJR1QKjX-9-IcRaFZFtIzW-JE,Eau Claire Clinic-Children's Wisconsin,,,Medical clinic,"2004 Highland Ave STE M, Eau Claire, WI 54701, United States","RG5G+5Q Eau Claire, Wisconsin, USA",https://childrenswi.org/locations/eau-claire-clinic?utm_source=GMB&utm_medium=business-listing&utm_campaign=listing-click,+1 715-835-5915,Closes soon · 5 pm · Opens 8:30 am Wed,https://lh3.googleusercontent.com/p/AF1QipOi77oxkr7z9PTL7Bv1jbZkA63apcHygKdf0Fre=w426-h240-k-no,true,8:30 am–5 pm,8:30 am–5 pm,8:30 am–5 pm,8:30 am–5 pm,Closed,Closed,8:30 am–5 pm,"https://www.google.com/maps/search/pediatrician+in+Stanley+Eau+Clair+WI/@44.811349,-91.4984941,14z",2026-02-10T22:02:58.879Z,,,
https://www.google.com/maps/place/Eau+Claire+Office-Children%27s+Wisconsin/data=!4m7!3m6!1s0x87f8bcf9f093b5fb:0x21c7fcab859f0c4a!8m2!3d44.8078498!4d-91.4730758!16s%2Fg%2F11c3svhq06!19sChIJ-7WT8Pm8-IcRSgyfhav8xyE,Eau Claire Office-Children's Wisconsin,4.7,14,Community center,"2004 Highland Ave STE M, Eau Claire, WI 54701, United States","RG5G+4Q Eau Claire, Wisconsin, USA",https://childrenswi.org/Location-Directory/Locations/Community-Services/Eau-Claire-Community-Services,+1 715-835-5915,Closes soon · 5 pm · Opens 8:30 am Wed,https://streetviewpixels-pa.googleapis.com/v1/thumbnail?panoid=7fMyyqMk9y2Aas7nv461OA&cb_client=search.gws-prod.gps&w=408&h=240&yaw=354.90015&pitch=0&thumbfov=100,true,8:30 am–5 pm,8:30 am–5 pm,8:30 am–5 pm,8:30 am–5 pm,Closed,Closed,8:30 am–5 pm,"https://www.google.com/maps/search/pediatrician+in+Stanley+Eau+Clair+WI/@44.811349,-91.4984941,14z",2026-02-10T22:03:07.848Z,,,
"https://www.google.com/maps/place/Dusan+P+Markovic,+MD/data=!4m7!3m6!1s0x87f8a99c6f71fe09:0xcb2e689793a36e7f!8m2!3d44.950897!4d-91.359659!16s%2Fg%2F11vhgvtwvc!19sChIJCf5xb5yp-IcRf26jk5doLss","Dusan P Markovic, MD",4.3,6,Pediatrician,"2655 Co Hwy I, Chippewa Falls, WI 54729, United States","XJ2R+94 Chippewa Falls, Wisconsin, USA",https://www.marshfieldclinic.org/Doctors/Dusan-P-Markovic-MD?utm_source=google&utm_medium=organic&utm_campaign=gbp-listing,+1 715-726-2131,Closes soon · 5 pm · Opens 7 am Wed,https://lh3.googleusercontent.com/p/AF1QipPwzvAQI0lXnSmbj-mYBlwSQYaeL5FVfP0V1qQ2=w426-h240-k-no,true,7 am–5 pm,7 am–5 pm,7 am–5 pm,7 am–5 pm,Closed,Closed,7 am–5 pm,"https://www.google.com/maps/search/pediatrician+in+Fall+Creek+Eau+Clair+WI/@44.811349,-91.4984941,14z",2026-02-10T22:04:09.203Z,,,
https://www.google.com/maps/place/Jeremy+S+Forster+MD+FAAP/data=!4m7!3m6!1s0x87f8a886933d13fb:0xe6968a856ea97900!8m2!3d44.951047!4d-91.359778!16s%2Fg%2F1tfs1mxm!19sChIJ-xM9k4ao-IcRAHmpboWKluY,Jeremy S Forster MD FAAP,5.0,6,Pediatrician,"2655 Co Hwy I, Chippewa Falls, WI 54729, United States","XJ2R+C3 Chippewa Falls, Wisconsin, USA",https://www.marshfieldclinic.org/Doctors/Jeremy-S-Forster-MD-FAAP,+1 715-726-2131,,https://streetviewpixels-pa.googleapis.com/v1/thumbnail?panoid=Zzeyqx6_APp-CiuwOxL1qQ&cb_client=search.gws-prod.gps&w=408&h=240&yaw=40.789738&pitch=0&thumbfov=100,false,,,,,,,,"https://www.google.com/maps/search/pediatrician+in+Fall+Creek+Eau+Clair+WI/@44.811349,-91.4984941,14z",2026-02-10T22:04:11.585Z,,,
"https://www.google.com/maps/place/Katie+J+Udenberg,+DO/data=!4m7!3m6!1s0x87f8a93075a27385:0x38cc6ba3ac517de8!8m2!3d44.9509158!4d-91.359725!16s%2Fg%2F11wmw9x5fl!19sChIJhXOidTCp-IcR6H1RrKNrzDg","Katie J Udenberg, DO",3.7,3,Pediatrician,"2655 Co Hwy I, Chippewa Falls, WI 54729, United States","XJ2R+94 Chippewa Falls, Wisconsin, USA",https://www.marshfieldclinic.org/Doctors/Katie-J-Udenberg-DO?utm_source=google&utm_medium=organic&utm_campaign=gbp-listing,+1 715-726-2131,Closes soon · 5 pm · Opens 7 am Wed,https://lh3.googleusercontent.com/p/AF1QipOMNk1vfF9szH3u2RmFFSOlbo9Zs0QAKKN_qruC=w426-h240-k-no,true,7 am–5 pm,7 am–5 pm,7 am–5 pm,7 am–5 pm,Closed,Closed,7 am–5 pm,"https://www.google.com/maps/search/pediatrician+in+Fall+Creek+Eau+Clair+WI/@44.811349,-91.4984941,14z",2026-02-10T22:04:15.931Z,,,
https://www.google.com/maps/place/Marshfield+Clinic+Eau+Claire+Oakwood+Center-Family+Medicine/data=!4m7!3m6!1s0x87f8bc02dbf5720d:0xee3341043419bb8!8m2!3d44.7682151!4d-91.4524841!16s%2Fg%2F1wk4dm6s!19sChIJDXL12wK8-IcRuJtBQxA04w4,Marshfield Clinic Eau Claire Oakwood Center-Family Medicine,4.6,167,Medical clinic,"3501 Golf Rd, Eau Claire, WI 54701, United States","QG9X+72 Eau Claire, Wisconsin, USA",https://www.marshfieldclinic.org/locations/centers/eau%20claire%20oakwood%20center?utm_source=google&utm_medium=organic&utm_campaign=gbp-listing,+1 715-858-4277,Closes soon · 5 pm · Opens 7:30 am Wed,https://lh3.googleusercontent.com/p/AF1QipPx0VnPVbhi7Xml4jq1kZfvmp9zpSZLCgjg1Whl=w426-h240-k-no,true,7:30 am–5 pm,7:30 am–5 pm,7:30 am–5 pm,7:30 am–5 pm,Closed,Closed,7:30 am–5 pm,"https://www.google.com/maps/search/pediatrician+in+Fall+Creek+Eau+Clair+WI/@44.811349,-91.4984941,14z",2026-02-10T22:04:20.775Z,,,
"https://www.google.com/maps/place/Dr.+Daryl+L.+Fish,+DO/@44.950897,-91.359659,17z/data=!3m1!4b1!4m6!3m5!1s0x87f8a886933d13fb:0x8a02ccfd90b85e74!8m2!3d44.950897!4d-91.359659!16s%2Fg%2F1tfjg2tx","Dr. Daryl L. Fish, DO",5.0,1,Pediatrician,"Chippewa Falls, WI 54729, United States","XJ2R+94 Chippewa Falls, Wisconsin, USA",http://www.marshfieldclinic.org/,+1 715-726-4200,,,false,,,,,,,,"https://www.google.com/maps/search/pediatrician+in+Fall+Creek+Eau+Clair+WI/@44.811349,-91.4984941,14z",2026-02-10T22:04:31.689Z,,,
https://www.google.com/maps/place/Mayo+Clinic+Health+System+-+Chippewa+Valley+in+Chippewa+Falls/data=!4m7!3m6!1s0x87f8a64b810d10ad:0xf6a608a062557c46!8m2!3d44.951462!4d-91.389514!16s%2Fg%2F1tffpxkv!19sChIJrRANgUum-IcRRnxVYqAIpvY,Mayo Clinic Health System - Chippewa Valley in Chippewa Falls,3.6,17,Medical clinic,"611 1st Ave, Chippewa Falls, WI 54729, United States","XJ26+H5 Chippewa Falls, Wisconsin, USA",https://mayoclinichealthsystem.org/locations/chippewa-falls?mc_id=&utm_source=yext&utm_medium=l&utm_content=chippewafallsfamilymed&utm_campaign=mchsmarketing&geo=chippewafalls&placementsite=nwwi&invsrc=mchsnwwi&cauid=121669&y_source=1_MzkxODEwNy03MTUtbG9jYXRpb24ud2Vic2l0ZQ%3D%3D,+1 715-720-4400,Closes soon · 5 pm · Opens 8 am Wed,https://streetviewpixels-pa.googleapis.com/v1/thumbnail?panoid=YsDwTPl7UHmwXeuVhb52gw&cb_client=search.gws-prod.gps&w=408&h=240&yaw=268.04434&pitch=0&thumbfov=100,true,8 am–5 pm,8 am–5 pm,8 am–5 pm,8 am–5 pm,Closed,Closed,8 am–5 pm,"https://www.google.com/maps/search/pediatrician+in+Fall+Creek+Eau+Clair+WI/@44.811349,-91.4984941,14z",2026-02-10T22:04:36.051Z,LGBTQ+ friendly,,
"https://www.google.com/maps/place/Robert+J+Bullwinkel+II,+MD,+MPH/data=!4m7!3m6!1s0x87f8a88692400001:0x19825e5907c91f92!8m2!3d44.950897!4d-91.359659!16s%2Fg%2F11p07b8q70!19sChIJAQBAkoao-IcRkh_JB1leghk","Robert J Bullwinkel II, MD, MPH",4.6,9,Pediatrician,"2655 Co Hwy I, Chippewa Falls, WI 54729, United States",,https://www.marshfieldclinic.org/Doctors/Robert-J-Bullwinkel-MD-MPH?utm_source=google&utm_medium=organic&utm_campaign=gbp-listing,+1 715-726-2131,Closes soon · 5 pm · Opens 7 am Wed,https://lh3.googleusercontent.com/p/AF1QipMIPJ3uHCZYYpkYwweeZWY01FMXWypASHBAjXdM=w426-h240-k-no,true,7 am–5 pm,7 am–5 pm,7 am–5 pm,7 am–5 pm,Closed,Closed,7 am–5 pm,"https://www.google.com/maps/search/pediatrician+in+Fall+Creek+Eau+Clair+WI/@44.811349,-91.4984941,14z",2026-02-10T22:04:40.617Z,,,
https://www.google.com/maps/place/Margaret+A+Zander+MD/data=!4m7!3m6!1s0x87f8a886933d13fb:0x4a06e3122eaa7c7d!8m2!3d44.9510474!4d-91.3596589!16s%2Fg%2F1th7ngc9!19sChIJ-xM9k4ao-IcRfXyqLhLjBko,Margaret A Zander MD,,,Pediatrician,"2655 Co Hwy I, Chippewa Falls, WI 54729, United States","XJ2R+C4 Chippewa Falls, Wisconsin, USA",http://www.marshfieldclinic.org/,+1 715-726-2131,,https://streetviewpixels-pa.googleapis.com/v1/thumbnail?panoid=Zzeyqx6_APp-CiuwOxL1qQ&cb_client=search.gws-prod.gps&w=408&h=240&yaw=46.335793&pitch=0&thumbfov=100,false,,,,,,,,"https://www.google.com/maps/search/pediatrician+in+Fall+Creek+Eau+Clair+WI/@44.811349,-91.4984941,14z",2026-02-10T22:04:43.018Z,,,
https://www.google.com/maps/place/Valley+Edge+Dental/data=!4m7!3m6!1s0x87f8bf6b3aced5c9:0x72f755bf725aaec8!8m2!3d44.7420692!4d-91.4477386!16s%2Fg%2F11q2y0lkcf!19sChIJydXOOmu_-IcRyK5acr9V93I,Valley Edge Dental,4.9,405,Dentist,"3838 Talmadge Rd, Eau Claire, WI 54701, United States","PHR2+RW Eau Claire, Wisconsin, USA",https://www.valleyedgedental.com/,+1 715-955-4401,Closed · Opens 8 am Wed,https://lh3.googleusercontent.com/p/AF1QipP1s_Y3VgRhr5aOUvOY66Ahij1affmkbdRwedqu=w408-h272-k-no,true,8 am–4 pm,8 am–4 pm,7 am–3 pm,Closed,Closed,Closed,10 am–6 pm,"https://www.google.com/maps/search/pediatrician+in+Fall+Creek+Eau+Clair+WI/@44.811349,-91.4984941,14z",2026-02-10T22:04:47.372Z,LGBTQ+ friendly,,
"https://www.google.com/maps/place/Marshfield+Clinic+Oakwood+Direct+Access+Center/@44.7682566,-91.4526093,17z/data=!3m1!4b1!4m6!3m5!1s0x87f8bd55625bee4b:0x7d0322e5af7d3546!8m2!3d44.7682566!4d-91.4526093!16s%2Fg%2F11m42vmzpb",Marshfield Clinic Oakwood Direct Access Center,3.0,4,Medical clinic,"3501 Golf Rd, Eau Claire, WI 54701, United States","QG9W+8X Eau Claire, Wisconsin, USA",https://www.marshfieldclinic.org/locations/oakwood-direct-access-center,+1 715-858-4099,Open · Closes 7 pm,,true,7 am–7 pm,7 am–7 pm,7 am–7 pm,7 am–7 pm,Closed,Closed,7 am–7 pm,"https://www.google.com/maps/search/pediatrician+in+Fall+Creek+Eau+Clair+WI/@44.811349,-91.4984941,14z",2026-02-10T22:04:53.844Z,,,
"https://www.google.com/maps/place/Dr.+Sharon+M.+Barkley,+MD/data=!4m7!3m6!1s0x87f8a886933d13fb:0xfe391f6cb56db649!8m2!3d44.950898!4d-91.3597431!16s%2Fg%2F1tghdpxj!19sChIJ-xM9k4ao-IcRSbZttWwfOf4","Dr. Sharon M. Barkley, MD",,,Pediatrician,"2655 Co Hwy I, Chippewa Falls, WI 54729, United States","XJ2R+94 Chippewa Falls, Wisconsin, USA",https://www.marshfieldclinic.org/Doctors/Sharon-M-Barkley-MD,+1 715-726-2131,,https://streetviewpixels-pa.googleapis.com/v1/thumbnail?panoid=Zzeyqx6_APp-CiuwOxL1qQ&cb_client=search.gws-prod.gps&w=408&h=240&yaw=53.79324&pitch=0&thumbfov=100,false,,,,,,,,"https://www.google.com/maps/search/pediatrician+in+Fall+Creek+Eau+Clair+WI/@44.811349,-91.4984941,14z",2026-02-10T22:04:56.131Z,,,
https://www.google.com/maps/place/Smiles+In+Motion/data=!4m7!3m6!1s0x87f8a88efe66b97d:0xd691301a96b657f8!8m2!3d44.9479199!4d-91.3539629!16s%2Fg%2F1tgz14j9!19sChIJfblm_o6o-IcR-Fe2lhowkdY,Smiles In Motion,4.9,682,Pediatric dentist,"583 Lakeland Dr, Chippewa Falls, WI 54729, United States","WJXW+5C Chippewa Falls, Wisconsin, USA",https://www.sim4kids.com/things-to-know/locations/chippewa-falls-pediatric-dentistry-office/,+1 715-723-2000,Closed · Opens 8 am Wed,https://lh3.googleusercontent.com/p/AF1QipNuCvN3TTAyw8FP25hAz1Zuz49BcSASEcP7Uuo3=w408-h272-k-no,true,8 am–4 pm,8 am–4 pm,8 am–4 pm,8 am–4 pm,Closed,Closed,8 am–4 pm,"https://www.google.com/maps/search/pediatrician+in+Fall+Creek+Eau+Clair+WI/@44.811349,-91.4984941,14z",2026-02-10T22:05:00.402Z,,,
"https://www.google.com/maps/place/Dr.+Kathryn+K.+Schaus,+MD/data=!4m7!3m6!1s0x87f8a886933d13fb:0xc8854dd4fccc6b5!8m2!3d44.951047!4d-91.359778!16s%2Fg%2F1tn01syb!19sChIJ-xM9k4ao-IcRtcbMT91UiAw","Dr. Kathryn K. Schaus, MD",,,Pediatrician,"2655 Co Hwy I, Chippewa Falls, WI 54729, United States","XJ2R+C3 Chippewa Falls, Wisconsin, USA",http://www.marshfieldclinic.org/,+1 715-726-4136,,https://streetviewpixels-pa.googleapis.com/v1/thumbnail?panoid=Zzeyqx6_APp-CiuwOxL1qQ&cb_client=search.gws-prod.gps&w=408&h=240&yaw=40.789738&pitch=0&thumbfov=100,false,,,,,,,,"https://www.google.com/maps/search/pediatrician+in+Fall+Creek+Eau+Clair+WI/@44.811349,-91.4984941,14z",2026-02-10T22:05:02.601Z,,,
https://www.google.com/maps/place/William+J+Barkley+MD/data=!4m7!3m6!1s0x87f8a886933d13fb:0x11628d353450ddd0!8m2!3d44.9509158!4d-91.359725!16s%2Fg%2F1tr7jyw5!19sChIJ-xM9k4ao-IcR0N1QNDWNYhE,William J Barkley MD,,,Pediatrician,"2655 Co Hwy I, Chippewa Falls, WI 54729, United States","XJ2R+94 Chippewa Falls, Wisconsin, USA",https://www.marshfieldclinic.org/Doctors/William-J-Barkley-MD,+1 715-726-2131,,https://streetviewpixels-pa.googleapis.com/v1/thumbnail?panoid=Zzeyqx6_APp-CiuwOxL1qQ&cb_client=search.gws-prod.gps&w=408&h=240&yaw=53.067574&pitch=0&thumbfov=100,false,,,,,,,,"https://www.google.com/maps/search/pediatrician+in+Fall+Creek+Eau+Clair+WI/@44.811349,-91.4984941,14z",2026-02-10T22:05:05.076Z,,,
"https://www.google.com/maps/place/Dr.+Dulce+Vida+A.+Balmadrid,+MD/data=!4m7!3m6!1s0x87f8a886933d13fb:0x3552852a106eb45c!8m2!3d44.951047!4d-91.359778!16s%2Fg%2F1w0p65pk!19sChIJ-xM9k4ao-IcRXLRuECqFUjU","Dr. Dulce Vida A. Balmadrid, MD",,,Pediatrician,"2655 Co Hwy I, Chippewa Falls, WI 54729, United States","XJ2R+C3 Chippewa Falls, Wisconsin, USA",http://www.marshfieldclinic.org/,+1 715-726-4136,,https://streetviewpixels-pa.googleapis.com/v1/thumbnail?panoid=Zzeyqx6_APp-CiuwOxL1qQ&cb_client=search.gws-prod.gps&w=408&h=240&yaw=40.789738&pitch=0&thumbfov=100,false,,,,,,,,"https://www.google.com/maps/search/pediatrician+in+Fall+Creek+Eau+Clair+WI/@44.811349,-91.4984941,14z",2026-02-10T22:05:07.743Z,,,
"https://www.google.com/maps/place/Dr.+Marcia+L.+Wirt,+MD/data=!4m7!3m6!1s0x87f8a886933d13fb:0xa83dc59bffe5d0a1!8m2!3d44.951047!4d-91.359778!16s%2Fg%2F1thmlk9k!19sChIJ-xM9k4ao-IcRodDl_5vFPag","Dr. Marcia L. Wirt, MD",,,Pediatrician,"2655 Co Hwy I, Chippewa Falls, WI 54729, United States","XJ2R+C3 Chippewa Falls, Wisconsin, USA",http://www.marshfieldclinic.org/,+1 715-726-4136,,https://streetviewpixels-pa.googleapis.com/v1/thumbnail?panoid=Zzeyqx6_APp-CiuwOxL1qQ&cb_client=search.gws-prod.gps&w=408&h=240&yaw=40.789738&pitch=0&thumbfov=100,false,,,,,,,,"https://www.google.com/maps/search/pediatrician+in+Fall+Creek+Eau+Clair+WI/@44.811349,-91.4984941,14z",2026-02-10T22:05:09.994Z,,,
https://www.google.com/maps/place/Marshfield+Clinic+Lake+Hallie+Center/data=!4m7!3m6!1s0x87f8a47f1a23b881:0x5817cc8a3d2b6b3d!8m2!3d44.8814148!4d-91.4089565!16s%2Fg%2F1jky3fgqd!19sChIJgbgjGn-k-IcRPWsrPYrMF1g,Marshfield Clinic Lake Hallie Center,3.4,57,Medical clinic,"12961 27th Ave, Chippewa Falls, WI 54729, United States","VHJR+HC Chippewa Falls, Wisconsin, USA",https://www.marshfieldclinic.org/Locations/Centers/Lake%20Hallie%20Center,+1 715-738-3700,Closes soon · 5 pm · Opens 8 am Wed,https://lh3.googleusercontent.com/p/AF1QipMdgzQ60Zahi-pI-O4LJuzDbX072o_dpHee0lEK=w421-h240-k-no,true,8 am–5 pm,8 am–5 pm,8 am–5 pm,8 am–5 pm,Closed,Closed,8 am–5 pm,"https://www.google.com/maps/search/pediatrician+in+Fall+Creek+Eau+Clair+WI/@44.811349,-91.4984941,14z",2026-02-10T22:05:14.270Z,,,
"https://www.google.com/maps/place/Jane+Byrd,+M.D./data=!4m7!3m6!1s0x87f8a64b810d10ad:0xb42c6e5a377c77e9!8m2!3d44.9514561!4d-91.3895221!16s%2Fg%2F1hbpws4kn!19sChIJrRANgUum-IcR6Xd8N1puLLQ","Jane Byrd, M.D.",,,Pediatrician,"611 1st Ave, Chippewa Falls, WI 54729, United States","XJ26+H5 Chippewa Falls, Wisconsin, USA",,+1 715-720-4400,,https://streetviewpixels-pa.googleapis.com/v1/thumbnail?panoid=pgm-o3hKxBXaVt8QShqDUw&cb_client=search.gws-prod.gps&w=408&h=240&yaw=358.89316&pitch=0&thumbfov=100,false,,,,,,,,"https://www.google.com/maps/search/pediatrician+in+Fall+Creek+Eau+Clair+WI/@44.811349,-91.4984941,14z",2026-02-10T22:05:16.379Z,,,
,,,,,,,,,,,,,,,,,,,"https://www.google.com/maps/search/pediatrician+in+Thorp+Eau+Clair+WI/@44.8021006,-91.4973626,14z",2026-02-10T22:05:59.822Z,,No new results found,
,,,,,,,,,,,,,,,,,,,"https://www.google.com/maps/search/pediatrician+in+Colfax+Eau+Clair+WI/@44.811349,-91.4984941,14z",2026-02-10T22:06:22.270Z,,No new results found,
https://www.google.com/maps/place/Boyd+Park/data=!4m7!3m6!1s0x87f8bd1cb543b383:0xc792af0612f585fb!8m2!3d44.8129248!4d-91.4857721!16s%2Fg%2F1tdwl1rr!19sChIJg7NDtRy9-IcR-4X1Egavksc,Boyd Park,4.4,379,Park,"1202 Fairway St, Eau Claire, WI 54701, United States","RG77+5M Eau Claire, Wisconsin, USA",http://www.visiteauclaire.com/listings/boyd-park/1845/,+1 715-839-5039,Open · Closes 11 pm,https://lh3.googleusercontent.com/gps-cs-s/AHVAwepPqAV_ofDl1FTpYzTgmcw9wvRqYuYCQfW1piOEpodvzge4Poyle6rqSH4gQnERHQp1nlcZQslPHIk-7UHoFohn_1rN3ASIDUaZkGmOuhniHszseaoKBg3psNhzjAMGePNqK2bK=w507-h240-k-no,false,6 am–11 pm,6 am–11 pm,6 am–11 pm,6 am–11 pm,6 am–11 pm,6 am–11 pm,6 am–11 pm,"https://www.google.com/maps/search/pediatrician+in+Boyd+Eau+Clair+WI/@44.811349,-91.4984941,14z",2026-02-10T22:06:52.470Z,,,"Riverfront acreage offering seasonal sporting activities, fishing, trails & picnicking with grills. · Dogs allowed"
https://www.google.com/maps/place/OakLeaf+Clinics+-+Pine+Grove+Family+Medicine/data=!4m7!3m6!1s0x87f897943505fc3b:0xa4f65fa6dfab07b4!8m2!3d44.791952!4d-91.5044559!16s%2Fg%2F1tf0r5b5!19sChIJO_wFNZSX-IcRtAer36Zf9qQ,OakLeaf Clinics - Pine Grove Family Medicine,3.8,17,Medical clinic,"617 W Clairemont Ave, Eau Claire, WI 54703, United States","QFRW+Q6 Eau Claire, Wisconsin, USA",http://www.oakleafclinics.com/,+1 715-834-2788,Closes soon · 5 pm · Opens 8 am Wed,https://lh3.googleusercontent.com/p/AF1QipMMUj1lH6hwSgGNZgan_RbZn6UW_oC04wSTpZ8=w426-h240-k-no,true,8 am–5 pm,8 am–5 pm,8 am–5 pm,8 am–5 pm,Closed,Closed,8 am–5 pm,"https://www.google.com/maps/search/pediatrician+in+Boyd+Eau+Clair+WI/@44.811349,-91.4984941,14z",2026-02-10T22:07:17.807Z,,,
,,,,,,,,,,,,,,,,,,,"https://www.google.com/maps/search/pediatrician+in+Wheeler+Eau+Clair+WI/@44.811349,-91.4984941,14z",2026-02-10T22:08:03.110Z,,No new results found,
,,,,,,,,,,,,,,,,,,,"https://www.google.com/maps/search/pediatrician+in+Jim+Falls+Eau+Clair+WI/@44.811349,-91.4984941,14z",2026-02-10T22:08:47.692Z,,No new results found,
https://www.google.com/maps/place/Mayo+Clinic+Health+System+-+Chippewa+Valley+in+Bloomer/data=!4m7!3m6!1s0x52acb64cb3165301:0x5325e2f396aba2ae!8m2!3d45.101687!4d-91.5018279!16s%2Fg%2F1ptxcbvbx!19sChIJAVMWs0y2rFIRrqKrlvPiJVM,Mayo Clinic Health System - Chippewa Valley in Bloomer,3.6,25,Hospital,"1501 Thompson St, Bloomer, WI 54724, United States","4F2X+M7 Bloomer, Wisconsin, USA",http://mayoclinichealthsystem.org/locations/bloomer?mc_id=&utm_source=yext&utm_medium=l&utm_content=bloomermedicalcentergeneral&utm_campaign=mchsmarketing&geo=bloomer&placementsite=nwwi&invsrc=mchsnwwi&cauid=110701&y_source=1_MzkxODEwNi03MTUtbG9jYXRpb24ud2Vic2l0ZQ%3D%3D,+1 715-568-2000,,https://streetviewpixels-pa.googleapis.com/v1/thumbnail?panoid=NU7e35k9nPkvCh5Pe_pRZA&cb_client=search.gws-prod.gps&w=408&h=240&yaw=271.9988&pitch=0&thumbfov=100,true,,,,,,,,"https://www.google.com/maps/search/pediatrician+in+Bloomer+Eau+Clair+WI/@44.811349,-91.4984941,14z",2026-02-10T22:09:36.156Z,LGBTQ+ friendly,,
https://www.google.com/maps/place/Willow+Creek+Womens+Clinic/data=!4m7!3m6!1s0x87f8bd0d41e9b325:0x86b4e37f1a38a274!8m2!3d44.819992!4d-91.4592132!16s%2Fg%2F1vbnpzpd!19sChIJJbPpQQ29-IcRdKI4Gn_jtIY,Willow Creek Womens Clinic,4.3,22,Women's health clinic,"3040 Meadowlark Ln Suite 2, Altoona, WI 54720, United States","RG9R+X8 Altoona, Wisconsin, USA",https://willowcreekclinic.com/,+1 715-832-9292,Closes soon · 5 pm · Opens 7 am Wed,https://lh3.googleusercontent.com/p/AF1QipO8PY1Nm2erfkODKvdixgNHifPlF-DK2AP2Eu0D=w680-h240-k-no,true,7 am–5 pm,7 am–8 pm,7 am–5 pm,7 am–5 pm,Closed,Closed,7 am–5 pm,"https://www.google.com/maps/search/pediatrician+in+Bloomer+Eau+Clair+WI/@44.811349,-91.4984941,14z",2026-02-10T22:09:40.709Z,,,
"https://www.google.com/maps/place/Jean+M+Cornell,+MD/data=!4m7!3m6!1s0x88050f97425cf11b:0x12ce5d4bf22be939!8m2!3d42.985193!4d-88.0414554!16s%2Fg%2F1v4ptkzy!19sChIJG_FcQpcPBYgROekr8ktdzhI","Jean M Cornell, MD",5.0,14,Pediatrician,"3365 S 103rd St STE 100, Milwaukee, WI 53227, United States","XXP5+3C Milwaukee, Wisconsin, USA",https://cm.childrenswi.org/Physician-Directory/C/Cornell-Jean-M,+1 414-321-3951,Closes soon · 5 pm · Opens 8:30 am Wed,https://lh3.googleusercontent.com/p/AF1QipMa069ojo18dgAuEYritG67cvo-8D2PFCALHXYu=w426-h240-k-no,true,8:30 am–5 pm,8:30 am–5 pm,8:30 am–5 pm,8:30 am–5 pm,Closed,Closed,8:30 am–5 pm,"https://www.google.com/maps/search/pediatrician+in+Cornell+Eau+Clair+WI/@44.8378574,-91.4891277,14z",2026-02-10T22:10:36.218Z,,,
https://www.google.com/maps/place/Marshfield+Clinic+Lake+Hallie+Center-Family+Medicine/data=!4m7!3m6!1s0x87f8a5de655a9c95:0x4bff33ef511d8ae4!8m2!3d44.8815567!4d-91.4086873!16s%2Fg%2F11t_zrm7x6!19sChIJlZxaZd6l-IcR5IodUe8z_0s,Marshfield Clinic Lake Hallie Center-Family Medicine,4.7,87,Medical Center,"12961 27th Ave, Chippewa Falls, WI 54729, United States","VHJR+JG Chippewa Falls, Wisconsin, USA",https://www.marshfieldclinic.org/locations/centers/lake%20hallie%20center?utm_source=google&utm_medium=organic&utm_campaign=gbp-listing,+1 715-738-3700,Closes soon · 5 pm · Opens 8 am Wed,https://lh3.googleusercontent.com/p/AF1QipNmXiZiMqD7vfcb5CjXOSPXaTzuMYJdTZfeK3Rf=w426-h240-k-no,true,8 am–5 pm,8 am–5 pm,8 am–5 pm,8 am–5 pm,Closed,Closed,8 am–5 pm,"https://www.google.com/maps/search/pediatrician+in+Lake+Hallie+Eau+Clair+WI/@44.8757937,-91.4407146,14z",2026-02-10T22:11:02.486Z,,,
https://www.google.com/maps/place/Althea+Medical+Group/data=!4m7!3m6!1s0x87f8a5e5a2f46a7f:0xe8a93cf72c6eb475!8m2!3d44.8593455!4d-91.4265154!16s%2Fg%2F11w1k8wt71!19sChIJf2r0ouWl-IcRdbRuLPc8qeg,Althea Medical Group,5.0,8,Medical clinic,"1120 122nd St, Lake Hallie, WI 54729, United States","VH5F+P9 Lake Hallie, Wisconsin, USA",https://www.altheamedicalgroup.org/,+1 715-646-0026,Closes soon · 5 pm · Opens 9 am Wed,https://lh3.googleusercontent.com/p/AF1QipMMToQok-W04_N2g_JGAfCld7EodMpkyU6PTUB6=w408-h544-k-no,true,9 am–5 pm,9 am–5 pm,9 am–5 pm,9 am–5 pm,Closed,Closed,9 am–5 pm,"https://www.google.com/maps/search/pediatrician+in+Lake+Hallie+Eau+Clair+WI/@44.8757937,-91.4407146,14z",2026-02-10T22:11:06.805Z,,,
"https://www.google.com/maps/place/Joy+A+Hessel,+NP/data=!4m7!3m6!1s0x87f8a455cb6a3f19:0xa99995fa507ba531!8m2!3d44.8815567!4d-91.4086873!16s%2Fg%2F11tn6ksf_1!19sChIJGT9qy1Wk-IcRMaV7UPqVmak","Joy A Hessel, NP",5.0,12,Nurse practitioner,"12961 27th Ave, Chippewa Falls, WI 54729, United States","VHJR+JG Chippewa Falls, Wisconsin, USA",https://www.marshfieldclinic.org/Doctors/Joy-A-Hessel-APNP-FNP?ek=Joy%20A%20Hessel%20NP?utm_source=google&utm_medium=organic&utm_campaign=gbp-listing,+1 715-738-3700,Closes soon · 5 pm · Opens 8 am Wed,https://lh3.googleusercontent.com/p/AF1QipNOboN7BuTIXqD1LKB2rkMC6tZx5crBPnHyFJNC=w426-h240-k-no,true,8 am–5 pm,8 am–5 pm,8 am–5 pm,8 am–5 pm,Closed,Closed,8 am–5 pm,"https://www.google.com/maps/search/pediatrician+in+Lake+Hallie+Eau+Clair+WI/@44.8757937,-91.4407146,14z",2026-02-10T22:11:11.184Z,,,
https://www.google.com/maps/place/Urgent+Care+Marshfield+Clinic+Lake+Hallie+Center/data=!4m7!3m6!1s0x87f8a545036b935f:0x9555a9595f545a4!8m2!3d44.8815567!4d-91.4086873!16s%2Fg%2F11stpps5fl!19sChIJX5NrA0Wl-IcRpEX1lZVaVQk,Urgent Care Marshfield Clinic Lake Hallie Center,,,Medical clinic,"12961 27th Ave, Chippewa Falls, WI 54729, United States","VHJR+JG Chippewa Falls, Wisconsin, USA",https://www.marshfieldclinic.org/locations/centers/urgent%20care%20lake%20hallie?utm_source=google&utm_medium=organic&utm_campaign=gbp-listing,+1 715-738-3700,Open · Closes 7 pm,https://lh3.googleusercontent.com/p/AF1QipOXQ8qNIrwhaQz6BS5ZSLQwzsT-oiYLRMW8-APa=w426-h240-k-no,true,7 am–7 pm,7 am–7 pm,7 am–7 pm,7 am–7 pm,7 am–1 pm,7 am–1 pm,7 am–7 pm,"https://www.google.com/maps/search/pediatrician+in+Lake+Hallie+Eau+Clair+WI/@44.8757937,-91.4407146,14z",2026-02-10T22:11:20.290Z,,,
https://www.google.com/maps/place/OakLeaf+Clinics+-+Chippewa+Falls/data=!4m7!3m6!1s0x87f8a885f385e715:0xffa96964bd8ade15!8m2!3d44.9509086!4d-91.3535995!16s%2Fg%2F11clss_pz9!19sChIJFeeF84Wo-IcRFd6KvWRpqf8,OakLeaf Clinics - Chippewa Falls,3.5,29,Medical clinic,"855 Lakeland Dr, Chippewa Falls, WI 54729, United States","XJ2W+9H Chippewa Falls, Wisconsin, USA",http://www.oakleafclinics.com/,+1 715-839-9280,Open · Closes 8 pm,https://lh3.googleusercontent.com/p/AF1QipOqXHsP1mq3wvZC7O8QhWBV-NsbtM_gUXfk5r9H=w426-h240-k-no,true,7 am–8 pm,7 am–8 pm,7 am–8 pm,7 am–8 pm,8 am–2 pm,8 am–2 pm,7 am–8 pm,"https://www.google.com/maps/search/pediatrician+in+Lake+Hallie+Eau+Clair+WI/@44.8757937,-91.4407146,14z",2026-02-10T22:11:33.669Z,,,
https://www.google.com/maps/place/Marshfield+Clinic+Chippewa+Falls+Center-Family+Medicine/data=!4m7!3m6!1s0x87f8a881373caa43:0x3aa80cee618d6cdd!8m2!3d44.9509277!4d-91.3599014!16s%2Fg%2F11c6cyzr2n!19sChIJQ6o8N4Go-IcR3WyNYe4MqDo,Marshfield Clinic Chippewa Falls Center-Family Medicine,4.3,177,Medical clinic,"2655 Co Hwy I, Chippewa Falls, WI 54729, United States","XJ2R+92 Chippewa Falls, Wisconsin, USA",https://www.marshfieldclinic.org/locations/centers/chippewa%20falls%20center?utm_source=google&utm_medium=organic&utm_campaign=gbp-listing,+1 715-726-4133,Closes soon · 5 pm · Opens 8 am Wed,https://lh3.googleusercontent.com/p/AF1QipPDFUGfATlOsaOctcHKi24prHdv5m02iPOqE3Eo=w426-h240-k-no,true,8 am–5 pm,8 am–5 pm,8 am–5 pm,8 am–5 pm,Closed,Closed,8 am–5 pm,"https://www.google.com/maps/search/pediatrician+in+Lake+Hallie+Eau+Clair+WI/@44.8757937,-91.4407146,14z",2026-02-10T22:11:38.002Z,,,
https://www.google.com/maps/place/Sunrise+Family+Care+Clinic+sc/data=!4m7!3m6!1s0x87f8a885f44435cd:0xa122a8ec2a43e2ca!8m2!3d44.949016!4d-91.357135!16s%2Fg%2F1tf030vh!19sChIJzTVE9IWo-IcRyuJDKuyoIqE,Sunrise Family Care Clinic sc,4.5,8,Medical clinic,"2829 Co Hwy I #2, Chippewa Falls, WI 54729, United States","WJXV+J4 Chippewa Falls, Wisconsin, USA",http://www.sunrisefamilycareclinic.com/,+1 715-726-3096,Closes soon · 4:30 pm · Opens 7 am Wed,https://lh3.googleusercontent.com/p/AF1QipNoCDn2nWjRgn4Rnu6OiLkO700Nl8_r-ZyvdZFX=w408-h371-k-no,true,7 am–4:30 pm,7 am–6:30 pm,Closed,7 am–2:30 pm,Closed,Closed,7 am–4:30 pm,"https://www.google.com/maps/search/pediatrician+in+Lake+Hallie+Eau+Clair+WI/@44.8757937,-91.4407146,14z",2026-02-10T22:11:42.676Z,Identifies as women-owned,,
,,,,,,,,,,,,,,,,,,,"https://www.google.com/maps/search/pediatrician+in+Half+Moon+Lake+Eau+Clair+WI/@44.8097028,-91.5241911,14z",2026-02-10T22:12:21.048Z,,No new results found,
https://www.google.com/maps/place/Mayo+Clinic+Health+System+-+Eau+Claire+Luther+Campus/data=!4m7!3m6!1s0x87f8bd4f3e48d81d:0x440fc2e86adc3b03!8m2!3d44.8128133!4d-91.5119611!16s%2Fg%2F11m6yvb43x!19sChIJHdhIPk-9-IcRAzvcaujCD0Q,Mayo Clinic Health System - Eau Claire Luther Campus,5.0,1,Hospital,"1400 Bellinger St, Eau Claire, WI 54703, United States","RF7Q+46 Eau Claire, Wisconsin, USA",http://mayoclinichealthsystem.org/locations/eau-claire?mc_id=&utm_source=yext&utm_medium=l&utm_content=eauclaireluthergeneral&utm_campaign=mchsmarketing&geo=eauclaire&placementsite=nwwi&invsrc=mchsnwwi&cauid=110704&y_source=1_MTAyNjc2MTUyOS03MTUtbG9jYXRpb24ud2Vic2l0ZQ%3D%3D,+1 715-838-5025,Open · Closes 5:15 pm,https://streetviewpixels-pa.googleapis.com/v1/thumbnail?panoid=AZjRtsyKhDhD7r-UjA90CA&cb_client=search.gws-prod.gps&w=408&h=240&yaw=314.7695&pitch=0&thumbfov=100,true,8 am–5:15 pm,8 am–5:15 pm,8 am–5:15 pm,8 am–5:15 pm,Closed,Closed,8 am–5:15 pm,"https://www.google.com/maps/search/pediatrician+in+Eau+Claire+Township+Eau+Clair+WI/@44.811349,-91.4984941,14z",2026-02-10T22:12:44.850Z,LGBTQ+ friendly,,
https://www.google.com/maps/place/Mayo+Clinic+Health+System+-+Obstetrics+%26+Gynecology/data=!4m7!3m6!1s0x87f8bd3e91315779:0x873185cf81b06504!8m2!3d44.8128133!4d-91.5119611!16s%2Fg%2F11n___bpzk!19sChIJeVcxkT69-IcRBGWwgc-FMYc,Mayo Clinic Health System - Obstetrics & Gynecology,5.0,1,Medical clinic,"1400 Bellinger St, Eau Claire, WI 54703, United States","RF7Q+46 Eau Claire, Wisconsin, USA",https://mayoclinichealthsystem.org/locations/eau-claire/services-and-treatments/obstetrics-and-gynecology?y_source=1_MjMwMDc2ODctNzE1LWxvY2F0aW9uLndlYnNpdGU%3D,+1 715-838-6100,Open · Closes 5:15 pm,https://streetviewpixels-pa.googleapis.com/v1/thumbnail?panoid=AZjRtsyKhDhD7r-UjA90CA&cb_client=search.gws-prod.gps&w=408&h=240&yaw=314.7695&pitch=0&thumbfov=100,true,8 am–5:15 pm,8 am–5:15 pm,8 am–5:15 pm,8 am–5:15 pm,Closed,Closed,8 am–5:15 pm,"https://www.google.com/maps/search/pediatrician+in+Eau+Claire+Township+Eau+Clair+WI/@44.811349,-91.4984941,14z",2026-02-10T22:12:49.101Z,,,
,,,,,,,,,,,,,,,,,,,"https://www.google.com/maps/search/pediatrician+in+Union+Township+Eau+Clair+WI/@44.811349,-91.4984941,14z",2026-02-10T22:13:23.461Z,,No new results found,
https://www.google.com/maps/place/Eau+Claire+Medical+Clinic:+Kidess+Anton+MD/data=!4m7!3m6!1s0x87f8bd8f82d2dc69:0x67b4414cb99fe5e!8m2!3d44.7928759!4d-91.5129654!16s%2Fg%2F1t_wpxvg!19sChIJadzSgo-9-IcRXv6ZyxREewY,Eau Claire Medical Clinic: Kidess Anton MD,,,Medical clinic,"950 W Clairemont Ave # A, Eau Claire, WI 54701, United States","QFVP+5R Eau Claire, Wisconsin, USA",https://www.oakleafclinics.com/location.phtml/eau_claire_medical_clinic,+1 715-839-9280,,https://streetviewpixels-pa.googleapis.com/v1/thumbnail?panoid=tFpPH6Y7s3N2eeUJ50Igsw&cb_client=search.gws-prod.gps&w=408&h=240&yaw=161.16956&pitch=0&thumbfov=100,false,,,,,,,,"https://www.google.com/maps/search/pediatrician+in+Washington+Township+Eau+Clair+WI/@44.811349,-91.4984941,14z",2026-02-10T22:14:03.690Z,,,
https://www.google.com/maps/place/Marshfield+Clinic+Radiology/data=!4m7!3m6!1s0x87f8bd87651c8bb7:0x33b45bfd06432ea3!8m2!3d44.7965734!4d-91.5207873!16s%2Fg%2F11rcs9fxc!19sChIJt4scZYe9-IcRoy5DBv1btDM,Marshfield Clinic Radiology,2.3,3,Diagnostic center,"2116 Craig Rd, Eau Claire, WI 54701, United States","QFWH+JM Eau Claire, Wisconsin, USA",https://www.marshfieldclinic.org/locations/eau-claire-marshfield-medical-center/eau-claire-outpatient-services,+1 715-858-4644,,https://lh3.googleusercontent.com/p/AF1QipNDOZKP8WyCKz1HBci8bDlX5qdGNAyE9uYksn9s=w421-h240-k-no,true,,,,,,,,"https://www.google.com/maps/search/pediatrician+in+Washington+Township+Eau+Clair+WI/@44.811349,-91.4984941,14z",2026-02-10T22:14:06.207Z,,,
https://www.google.com/maps/place/Oakleaf+Advanced+Wound+Care/data=!4m7!3m6!1s0x87f8bc0bbf39e563:0xc7af7aaf60069397!8m2!3d44.7816586!4d-91.4474369!16s%2Fg%2F1tdy0g08!19sChIJY-U5vwu8-IcRl5MGYK96r8c,Oakleaf Advanced Wound Care,,,Medical clinic,"3440 Oakwood Hills Pkwy, Eau Claire, WI 54701, United States","QHJ3+M2 Eau Claire, Wisconsin, USA",http://www.oakleafmedical.com/,+1 715-839-6869,,https://streetviewpixels-pa.googleapis.com/v1/thumbnail?panoid=ZAjmc4pjN2ts-8B5qvaLuA&cb_client=search.gws-prod.gps&w=408&h=240&yaw=298.94846&pitch=0&thumbfov=100,false,,,,,,,,"https://www.google.com/maps/search/pediatrician+in+Washington+Township+Eau+Clair+WI/@44.811349,-91.4984941,14z",2026-02-10T22:14:08.383Z,,,
"https://www.google.com/maps/place/Prabha+Nanjundamurthy+Dakshayini,+MD/@44.7964315,-91.5210137,17z/data=!3m1!4b1!4m6!3m5!1s0x87f897ccf5584dbd:0xe922e34710458eb2!8m2!3d44.7964315!4d-91.5210137!16s%2Fg%2F11stppz71t","Prabha Nanjundamurthy Dakshayini, MD",,,,"2116 Craig Rd, Eau Claire, WI 54701, United States","QFWH+HH Eau Claire, Wisconsin, USA",https://www.marshfieldclinic.org/locations/eau-claire-marshfield-medical-center/eau-claire-outpatient-services,+1 715-858-4900,Permanently closed,,true,,,,,,,,"https://www.google.com/maps/search/pediatrician+in+Washington+Township+Eau+Clair+WI/@44.811349,-91.4984941,14z",2026-02-10T22:14:14.649Z,,,
"https://www.google.com/maps/place/Seymour+Town+Hall/@44.8297446,-91.3977571,17z/data=!3m1!4b1!4m6!3m5!1s0x87f8badb296f85d5:0xad38c5d1b99c96c3!8m2!3d44.8297446!4d-91.3977571!16s%2Fg%2F1tf31z34",Seymour Town Hall,5.0,1,City or town hall,"6500 Tower Dr, Eau Claire, WI 54703, United States","RJH2+VV Eau Claire, Wisconsin, USA",http://www.townofseymour.org/,+1 715-834-4999,Closed · Opens 9 am Wed,,false,9 am–1 pm,9 am–1 pm,9 am–1 pm,9 am–1 pm,Closed,Closed,9 am–1 pm,"https://www.google.com/maps/search/pediatrician+in+Seymour+Township+Eau+Clair+WI/@44.8297446,-91.3977571,14z",2026-02-10T22:14:47.637Z,,,
"https://www.google.com/maps/place/Dr.+Jacqueline+S.+D%27souza,+MD/data=!4m7!3m6!1s0x87f8bd6562232c7b:0x1db03966645726aa!8m2!3d44.8128133!4d-91.5119611!16s%2Fg%2F1hc0vrv79!19sChIJeywjYmW9-IcRqiZXZGY5sB0","Dr. Jacqueline S. D'souza, MD",,,Doctor,"1400 Bellinger St, Eau Claire, WI 54703, United States","RF7Q+46 Eau Claire, Wisconsin, USA",http://mayoclinichealthsystem.org/,+1 715-838-6590,,https://streetviewpixels-pa.googleapis.com/v1/thumbnail?panoid=AZjRtsyKhDhD7r-UjA90CA&cb_client=search.gws-prod.gps&w=408&h=240&yaw=314.7695&pitch=0&thumbfov=100,false,,,,,,,,"https://www.google.com/maps/search/pediatrician+in+Seymour+Township+Eau+Clair+WI/@44.8297446,-91.3977571,14z",2026-02-10T22:15:32.935Z,,,
https://www.google.com/maps/place/Gillette+Lisa+M+MD/data=!4m7!3m6!1s0x87f8bd90c190c4c9:0x2cdbfb7c47ea8b19!8m2!3d44.7925022!4d-91.5083067!16s%2Fg%2F1tmk91d8!19sChIJycSQwZC9-IcRGYvqR3z72yw,Gillette Lisa M MD,,,Family practice physician,"733 W Clairemont Ave, Eau Claire, WI 54701, United States","QFVR+2M Eau Claire, Wisconsin, USA",https://www.mayoclinichealthsystem.org/providers/lisa-gillette-md,+1 715-838-5025,,https://streetviewpixels-pa.googleapis.com/v1/thumbnail?panoid=i6GbFvUBsFQejbB_vWq8ew&cb_client=search.gws-prod.gps&w=408&h=240&yaw=307.68317&pitch=0&thumbfov=100,false,,,,,,,,"https://www.google.com/maps/search/pediatrician+in+Lafayette+Township+Eau+Clair+WI/@44.811349,-91.4984941,14z",2026-02-10T22:16:19.114Z,,,