placeUrl,title,rating,reviewCount,category,address,plusCode,website,phoneNumber,currentStatus,imgUrl,isClaimed,wednesday,thursday,friday,saturday,sunday,monday,tuesday,query,timestamp,info
https://www.google.com/maps/place/Innovative+Pain+%26+Spine+Specialists/data=!4m7!3m6!1s0x879696692bac4ff5:0xc9ff9155fda50818!8m2!3d40.7397361!4d-96.6475244!16s%2Fg%2F11c1nqqbrx!19sChIJ9U-sK2mWlocRGAil_VWR_8k,Innovative Pain & Spine Specialists,4.6,809,Pain management physician,"7121 Stephanie Ln #102, Lincoln, NE 68516, United States","P9Q2+VX Lincoln, Nebraska, USA",http://www.innovativepainnebraska.com/,+1 402-413-5010,Open · Closes 4 pm,https://lh3.googleusercontent.com/p/AF1QipOot4-hZcQ5g2TsgJH6zkep54Jo_1PX5esdgu1X=w408-h272-k-no,true,7:30 am–4 pm,7:30 am–4 pm,7:30 am–1 pm,Closed,Closed,7:30 am–4 pm,7:30 am–4 pm,"https://www.google.com/maps/search/pain+management+physician+in+Lincoln+City+Lincoln+NE/@44.9620902,-124.0159354,14z",2026-01-28T19:04:39.741Z,
https://www.google.com/maps/place/MD+Pain/data=!4m7!3m6!1s0x8796bd8028f00001:0x10b3aa510f14ac7!8m2!3d40.771129!4d-96.6214176!16s%2Fg%2F11f5dmkxlg!19sChIJAQDwKIC9locRx0rxEKU6CwE,MD Pain,4.8,524,Pain control clinic,"4130 Pioneer Woods Dr #4, Lincoln, NE 68506, United States","Q9CH+FC Lincoln, Nebraska, USA",http://mdpain.clinic/,+1 402-858-0117,Open · Closes 4:30 pm,https://lh3.googleusercontent.com/p/AF1QipOYhTr1y8sXGyFqMULviqbAmD2UiJ3-HiC8EzH6=w408-h306-k-no,true,8 am–4:30 pm,8 am–4:30 pm,8 am–12 pm,Closed,Closed,8 am–4:30 pm,8 am–4:30 pm,"https://www.google.com/maps/search/pain+management+physician+in+Lincoln+City+Lincoln+NE/@44.9620902,-124.0159354,14z",2026-01-28T19:04:45.311Z,
"https://www.google.com/maps/place/Nebraska+Pain+Institute:+C.+Weston+Whitten,+MD;+Douglas+Spurgeon,+MD/data=!4m7!3m6!1s0x879697f768437619:0x597ca1fa95cc717f!8m2!3d40.742085!4d-96.619408!16s%2Fg%2F11ghnxmg38!19sChIJGXZDaPeXlocRf3HMlfqhfFk","Nebraska Pain Institute: C. Weston Whitten, MD; Douglas Spurgeon, MD",4.8,2317,Pain management physician,"7350 Willowbrook Ln. Suite 200, Lincoln, NE 68526, United States","P9RJ+R6 Lincoln, Nebraska, USA",https://www.nebraskapaininstitute.com/?utm_source=gmb_auth,+1 402-488-7246,Open · Closes 4:30 pm,https://lh3.googleusercontent.com/p/AF1QipNo663ZxfekxgQLlin0CsmVoo1esNEUnXlC_W0=w408-h532-k-no,true,8 am–4:30 pm,8 am–4:30 pm,8 am–4:30 pm,Closed,Closed,8 am–4:30 pm,8 am–4:30 pm,"https://www.google.com/maps/search/pain+management+physician+in+Lincoln+City+Lincoln+NE/@44.9620902,-124.0159354,14z",2026-01-28T19:04:50.696Z,
"https://www.google.com/maps/place/Liane+E.+Donovan,+M.D./data=!4m7!3m6!1s0x8796bd8028f00001:0xd077363541d77291!8m2!3d40.7709719!4d-96.6212697!16s%2Fg%2F11hd9fq_zy!19sChIJAQDwKIC9locRkXLXQTU2d9A","Liane E. Donovan, M.D.",4.9,153,Pain management physician,"4130 Pioneer Woods Dr #4, Lincoln, NE 68506, United States","Q9CH+9F Lincoln, Nebraska, USA",https://mdpain.clinic/,+1 402-858-0117,Open · Closes 4:30 pm,https://streetviewpixels-pa.googleapis.com/v1/thumbnail?panoid=zsRuOm4c2aEoHsl3MY5Rnw&cb_client=search.gws-prod.gps&w=408&h=240&yaw=108.897&pitch=0&thumbfov=100,true,7:30 am–4:30 pm,7:30 am–4:30 pm,7:30 am–12 pm,Closed,Closed,7:30 am–4:30 pm,7:30 am–4:30 pm,"https://www.google.com/maps/search/pain+management+physician+in+Lincoln+City+Lincoln+NE/@44.9620902,-124.0159354,14z",2026-01-28T19:04:55.431Z,
"https://www.google.com/maps/place/John+R.+Massey,+M.D./data=!4m7!3m6!1s0x8796bd8028f00001:0x9e4b05b52a3926e7!8m2!3d40.7709719!4d-96.6212697!16s%2Fg%2F11hd9fwp16!19sChIJAQDwKIC9locR5yY5KrUFS54","John R. Massey, M.D.",4.6,139,Pain management physician,"4130 Pioneer Woods Dr #4, Lincoln, NE 68506, United States","Q9CH+9F Lincoln, Nebraska, USA",https://mdpain.clinic/dr-john-massey/,+1 402-858-0117,Open · Closes 4:30 pm,https://streetviewpixels-pa.googleapis.com/v1/thumbnail?panoid=zsRuOm4c2aEoHsl3MY5Rnw&cb_client=search.gws-prod.gps&w=408&h=240&yaw=108.897&pitch=0&thumbfov=100,true,7:30 am–4:30 pm,7:30 am–4:30 pm,7:30 am–12 pm,Closed,Closed,7:30 am–4:30 pm,7:30 am–4:30 pm,"https://www.google.com/maps/search/pain+management+physician+in+Lincoln+City+Lincoln+NE/@44.9620902,-124.0159354,14z",2026-01-28T19:05:00.242Z,
https://www.google.com/maps/place/Anesthesia+%26+Pain+Services+LLC./data=!4m7!3m6!1s0xa6cf7919e17ee763:0x5acf1008aa5ad5e6!8m2!3d40.7301473!4d-96.7003731!16s%2Fg%2F11t6ykf5jx!19sChIJY-d-4Rl5z6YR5tVaqggQz1o,Anesthesia & Pain Services LLC.,5.0,17,Medical office,"8141 S 15th St suite a, Lincoln, NE 68512, United States","P7JX+3V Lincoln, Nebraska, USA",http://www.apslincoln.com/,+1 402-431-3333,Open · Closes 4:30 pm,https://streetviewpixels-pa.googleapis.com/v1/thumbnail?panoid=uP7dnl_llkfRmJdIONrcLw&cb_client=search.gws-prod.gps&w=408&h=240&yaw=113.986374&pitch=0&thumbfov=100,true,8:30 am–4:30 pm,8:30 am–4:30 pm,8:30 am–4:30 pm,Closed,Closed,8:30 am–4:30 pm,8:30 am–5 pm,"https://www.google.com/maps/search/pain+management+physician+in+Lincoln+City+Lincoln+NE/@44.9620902,-124.0159354,14z",2026-01-28T19:05:05.114Z,
"https://www.google.com/maps/place/Joseph+P.+Mulka,+M.D.,+PhD./data=!4m7!3m6!1s0x8796bdab9f228a9b:0x29630ee31ab31d78!8m2!3d40.8075583!4d-96.6272396!16s%2Fg%2F11b6hl5lq_!19sChIJm4oin6u9locReB2zGuMOYyk","Joseph P. Mulka, M.D., PhD.",4.9,452,Pain management physician,"575 S 70th St #200, Lincoln, NE 68510, United States","R95F+24 Lincoln, Nebraska, USA",https://bit.ly/JosephPMulkaMD,+1 402-436-2000,Open · Closes 5 pm,https://lh3.googleusercontent.com/p/AF1QipNVYMwen3bGQ61N-2Qs5XB2IrjMCh-YzDuUgwqu=w408-h612-k-no,true,7 am–5 pm,7 am–5 pm,7 am–5 pm,Closed,Closed,7 am–5 pm,7 am–5 pm,"https://www.google.com/maps/search/pain+management+physician+in+Lincoln+City+Lincoln+NE/@44.9620902,-124.0159354,14z",2026-01-28T19:05:09.833Z,LGBTQ+ friendly
"https://www.google.com/maps/place/Dr.+Clayton+Damme,+MD/data=!4m7!3m6!1s0x879697a9dfa57e7b:0x1e8bacc623f6024!8m2!3d40.7397361!4d-96.6475244!16s%2Fg%2F11vdkkxj39!19sChIJe36l36mXlocRJGA_Ysy66AE","Dr. Clayton Damme, MD",5.0,1,Pain management physician,"7121 Stephanie Ln #102, Lincoln, NE 68516, United States","P9Q2+VX Lincoln, Nebraska, USA",https://www.innovativepainnebraska.com/,+1 402-413-5010,Open · Closes 4 pm,https://streetviewpixels-pa.googleapis.com/v1/thumbnail?panoid=zNgbozcKv-DfiFaclT3aPA&cb_client=search.gws-prod.gps&w=408&h=240&yaw=192.28134&pitch=0&thumbfov=100,true,7:30 am–4 pm,7:30 am–4 pm,7:30 am–12 pm,Closed,Closed,7:30 am–4 pm,7:30 am–4 pm,"https://www.google.com/maps/search/pain+management+physician+in+Lincoln+City+Lincoln+NE/@44.9620902,-124.0159354,14z",2026-01-28T19:05:14.683Z,
https://www.google.com/maps/place/Asuta+Health+-+Lincoln/data=!4m7!3m6!1s0x87969525fab6733f:0xf47bf37d10b0ff3d!8m2!3d40.7549214!4d-96.6692294!16s%2Fg%2F11h4tplqjl!19sChIJP3O2-iWVlocRPf-wEH3ze_Q,Asuta Health - Lincoln,4.9,198,Neurologist,"3540 Village Dr Ste 200, Lincoln, NE 68516, United States","Q83J+X8 Lincoln, Nebraska, USA",https://asutahealth.org/,+1 402-432-7702,"Closed · Opens 8 am Thu

Updated by this business 2 weeks ago",https://lh3.googleusercontent.com/p/AF1QipMSSjXckIv6_i2njQFe58lzdfU9iBpjTy6KOPbk=w408-h272-k-no,true,8 am–12 pm,"8–11:30 am, 2–5:30 pm",Closed,Closed,Closed,"8–11:30 am, 2–5:30 pm","8–11:30 am, 2–5:30 pm","https://www.google.com/maps/search/pain+management+physician+in+Lincoln+City+Lincoln+NE/@44.9620902,-124.0159354,14z",2026-01-28T19:05:19.586Z,LGBTQ+ friendly
"https://www.google.com/maps/place/Phillip+E.+Essay,+M.D./data=!4m7!3m6!1s0x8796bd9eb0b0adfb:0x547ca210eab0af25!8m2!3d40.7398117!4d-96.6478394!16s%2Fg%2F1tdrxtnh!19sChIJ-62wsJ69locRJa-w6hCifFQ","Phillip E. Essay, M.D.",3.9,10,Pain management physician,"7121 Stephanie Ln #102, Lincoln, NE 68516, United States","P9Q2+WV Lincoln, Nebraska, USA",,+1 402-323-8484,,https://streetviewpixels-pa.googleapis.com/v1/thumbnail?panoid=CnNZfJ0YmqbLAGjmz4RILQ&cb_client=search.gws-prod.gps&w=408&h=240&yaw=266.07977&pitch=0&thumbfov=100,true,,,,,,,,"https://www.google.com/maps/search/pain+management+physician+in+Lincoln+City+Lincoln+NE/@44.9620902,-124.0159354,14z",2026-01-28T19:05:22.278Z,
"https://www.google.com/maps/place/Dr.+Vonn+E.+Roberts,+MD+-+Pain+Management+Control/data=!4m7!3m6!1s0x8796bdc5726c4f33:0x1af824499f57e940!8m2!3d40.796463!4d-96.651063!16s%2Fg%2F1x6q27t5!19sChIJM09scsW9locRQOlXn0kk-Bo","Dr. Vonn E. Roberts, MD - Pain Management Control",,,Pain management physician,"1600 S 48th St, Lincoln, NE 68506, United States","Q8WX+HH Lincoln, Nebraska, USA",http://aa-pc.com/,+1 402-489-4186,,https://streetviewpixels-pa.googleapis.com/v1/thumbnail?panoid=wHqZZs7EIWJuZh32eGRY2Q&cb_client=search.gws-prod.gps&w=408&h=240&yaw=88.77186&pitch=0&thumbfov=100,false,,,,,,,,"https://www.google.com/maps/search/pain+management+physician+in+Lincoln+City+Lincoln+NE/@44.9620902,-124.0159354,14z",2026-01-28T19:05:24.805Z,
https://www.google.com/maps/place/Samaritan+Lincoln+City+Medical+Center/data=!4m7!3m6!1s0x54ea9298fed4675d:0x1f670db8d764ff6f!8m2!3d44.9862612!4d-123.9961277!16s%2Fg%2F1tgqj4g8!19sChIJXWfU_piS6lQRb_9k17gNZx8,Samaritan Lincoln City Medical Center,3.1,26,Medical Center,"2870 NE West Devils Lake Rd, Lincoln City, OR 97367, United States","X2P3+GG Lincoln City, Oregon, USA",https://samhealth.org/find-a-location/samaritan-lincoln-city-medical-center/,+1 541-994-9191,Open · Closes 5 pm,https://lh3.googleusercontent.com/gps-cs-s/AHVAwepi3ZhH8sg5VqWoVO7s34pSWwZ4O9_pG_zO4XXrv9qTP8V8sIew3B2sxbLu5Db_aAtQY3tV8yqx9AyozbNq2vWQBl3_frxh3jxg_ogLR-jJ-WdepLp-oaYKbkytWQoRddwD0_ht=w426-h240-k-no,true,8 am–5 pm,8 am–5 pm,8 am–5 pm,Closed,Closed,8 am–5 pm,8 am–5 pm,"https://www.google.com/maps/search/pain+management+physician+in+Lincoln+City+Lincoln+NE/@44.9620902,-124.0159354,14z",2026-01-28T19:05:29.610Z,
https://www.google.com/maps/place/Samaritan+Coastal+Clinic/data=!4m7!3m6!1s0x54ea8d71d4f5d92b:0x520869adb32c17d2!8m2!3d44.971905!4d-124.014567!16s%2Fg%2F1tf1bh2g!19sChIJK9n11HGN6lQR0hcss61pCFI,Samaritan Coastal Clinic,3.1,91,Medical clinic,"825 NW U.S. 101 Suite A, Lincoln City, OR 97367, United States","XXCP+Q5 Lincoln City, Oregon, USA",https://samhealth.org/find-a-location/samaritan-coastal-clinic/,+1 541-996-7480,Open · Closes 1 pm · Reopens 2 pm,https://lh3.googleusercontent.com/gps-cs-s/AHVAwep1Suggh6EgJMZ73B6hKb7c7RUHKv-2jPYNTopc0FDuTPFQPEhiaSsdSrQw6jKlbsn5wSconQ3kpptU7cmgp9cWTvmtVhg2arbQDp-G7KpkdVlZDYVnlfvDOPM_H-kQlY6fozDV=w454-h240-k-no,true,"8 am–1 pm, 2–6 pm","8 am–1 pm, 2–6 pm","8 am–1 pm, 2–6 pm","9 am–1 pm, 2–6 pm","9 am–1 pm, 2–6 pm","8 am–1 pm, 2–6 pm","8 am–1 pm, 2–6 pm","https://www.google.com/maps/search/pain+management+physician+in+Lincoln+City+Lincoln+NE/@44.9620902,-124.0159354,14z",2026-01-28T19:05:34.326Z,
https://www.google.com/maps/place/Samaritan+North+Lincoln+Hospital/data=!4m7!3m6!1s0x54ea9299a19735c5:0x46f4afe8ee0a92ba!8m2!3d44.9858311!4d-123.9943862!16s%2Fm%2F04lh5pr!19sChIJxTWXoZmS6lQRupIK7uiv9EY,Samaritan North Lincoln Hospital,3.3,142,General hospital,"3043 NE 28th St, Lincoln City, OR 97367, United States","X2P4+86 Lincoln City, Oregon, USA",https://samhealth.org/find-a-location/samaritan-north-lincoln-hospital/,+1 541-994-3661,,https://lh3.googleusercontent.com/p/AF1QipN9VqljaCELZoJA9KtedOEm-f2-z3aHzALJjUt4=w426-h240-k-no,true,Open 24 hours,Open 24 hours,Open 24 hours,Open 24 hours,Open 24 hours,Open 24 hours,Open 24 hours,"https://www.google.com/maps/search/pain+management+physician+in+Lincoln+City+Lincoln+NE/@44.9620902,-124.0159354,14z",2026-01-28T19:05:39.418Z,
https://www.google.com/maps/place/Craniofacial+Pain+Center+Of+Nebraska/data=!4m7!3m6!1s0x8796bd80491ce707:0xbe76f3d858bba9a6!8m2!3d40.8582025!4d-96.6840624!16s%2Fg%2F1hc1_k5yt!19sChIJB-ccSYC9locRpqm7WNjzdr4,Craniofacial Pain Center Of Nebraska,4.3,6,Pain control clinic,"4645 N 26th St suite B, Lincoln, NE 68521, United States","V858+79 Lincoln, Nebraska, USA",http://www.cfpcne.com/,+1 402-488-1113,Open · Closes 3:30 pm,https://lh3.googleusercontent.com/p/AF1QipPQvWLmw_o1fvw0bNnrgtjxfWT0dRBsMBQagptv=w713-h240-k-no,true,"8:30 am–12 pm, 1–3:30 pm","8:30 am–12 pm, 1–3:30 pm",Closed,Closed,Closed,"8:30 am–12 pm, 1–3:30 pm","8:30 am–12 pm, 1–3:30 pm","https://www.google.com/maps/search/pain+management+physician+in+Lincoln+City+Lincoln+NE/@44.9620902,-124.0159354,14z",2026-01-28T19:05:44.372Z,
"https://www.google.com/maps/place/David+Diamant,+MD/data=!4m7!3m6!1s0x8796bdab9fd49053:0xe06b154d0d385faa!8m2!3d40.807285!4d-96.627358!16s%2Fg%2F1td77231!19sChIJU5DUn6u9locRql84DU0Va-A","David Diamant, MD",5.0,1,Sports medicine physician,"575 S 70th St, Lincoln, NE 68510, United States","R94F+W3 Lincoln, Nebraska, USA",http://www.neuroandspinalsurg.com/,+1 402-488-3002,,https://streetviewpixels-pa.googleapis.com/v1/thumbnail?panoid=v9DwVMFnwzm7VxX7MRAj6Q&cb_client=search.gws-prod.gps&w=408&h=240&yaw=279.93448&pitch=0&thumbfov=100,false,,,,,,,,"https://www.google.com/maps/search/pain+management+physician+in+Lincoln+City+Lincoln+NE/@44.9620902,-124.0159354,14z",2026-01-28T19:05:47.066Z,
https://www.google.com/maps/place/Ocean+Healing+Acupuncture/data=!4m7!3m6!1s0x7c0050a60235bb6f:0x3c399de77354b906!8m2!3d44.9840357!4d-124.0066265!16s%2Fg%2F11btx6ns_s!19sChIJb7s1AqZQAHwRBrlUc-edOTw,Ocean Healing Acupuncture,5.0,15,Acupuncturist,"2600 NE Hwy 101 unit 105, Lincoln City, OR 97367, United States","XXMV+J8 Lincoln City, Oregon, USA",http://www.oceanhealingacupuncture.com/,+1 541-204-1370,Open · Closes 5 pm,https://lh3.googleusercontent.com/p/AF1QipPwJfq_XcEIRJkYusPQNRrIxoslNq5Q5IskqsKs=w408-h306-k-no,true,10 am–5 pm,10 am–5 pm,10 am–5 pm,Closed,Closed,10 am–5:30 pm,10 am–5:30 pm,"https://www.google.com/maps/search/pain+management+physician+in+Lincoln+City+Lincoln+NE/@44.9620902,-124.0159354,14z",2026-01-28T19:05:52.025Z,Identifies as women-owned
https://www.google.com/maps/place/Lincoln+City+Animal+Clinic/data=!4m7!3m6!1s0x54ea92ba98318de3:0xfddf87afd5a2e735!8m2!3d44.996062!4d-124.0032821!16s%2Fg%2F1tg5zc8z!19sChIJ440xmLqS6lQRNeei1a-H3_0,Lincoln City Animal Clinic,4.6,581,Animal hospital,"4090 NE Hwy 101, Lincoln City, OR 97367, United States","XXWW+CM Lincoln City, Oregon, USA",http://lincolncityanimalclinic.com/,+1 541-994-8181,Open · Closes 5:30 pm,https://lh3.googleusercontent.com/gps-cs-s/AHVAweoeWpENiNn5ylXgkr1zadH4RNUjlr1UdHIyYmq1wss3a8jXG18YINY4YPjXwatBhxiWXX-xeaxrEmbmMvcBqnPF9j_ovw7vT_YmI67efLfcH5LLWkAQPLg15cemmy8JAo-Cy_a2zQ=w408-h544-k-no,true,8 am–5:30 pm,8 am–5:30 pm,8 am–5:30 pm,8 am–5 pm,Closed,8 am–5:30 pm,8 am–5:30 pm,"https://www.google.com/maps/search/pain+management+physician+in+Lincoln+City+Lincoln+NE/@44.9620902,-124.0159354,14z",2026-01-28T19:05:56.806Z,
"https://www.google.com/maps/place/Dr.+Ginger+R.+Massey,+MD/data=!4m7!3m6!1s0x8796bdaca456fe4f:0xfca16588ecfd5fc!8m2!3d40.8081559!4d-96.626893!16s%2Fg%2F1vy7h21n!19sChIJT_5WpKy9locR_NXPjlgWyg8","Dr. Ginger R. Massey, MD",,,Pain management physician,"555 S 70th St, Lincoln, NE 68510, United States","R95F+76 Lincoln, Nebraska, USA",,+1 402-434-5600,,https://streetviewpixels-pa.googleapis.com/v1/thumbnail?panoid=BbOHnWXqmB55tEnk1VOI4Q&cb_client=search.gws-prod.gps&w=408&h=240&yaw=349.00928&pitch=0&thumbfov=100,false,,,,,,,,"https://www.google.com/maps/search/pain+management+physician+in+Lincoln+City+Lincoln+NE/@44.9620902,-124.0159354,14z",2026-01-28T19:05:59.615Z,
https://www.google.com/maps/place/My+Pain+Doc+PC/data=!4m7!3m6!1s0x8796bb5c35bf589d:0x92f2f29d76ed6501!8m2!3d40.8497168!4d-96.6578529!16s%2Fg%2F11qwyxkf1z!19sChIJnVi_NVy7locRAWXtdp3y8pI,My Pain Doc PC,5.0,1,,"4500 Cornhusker Hwy, Lincoln, NE 68504, United States","R8XR+VV Lincoln, Nebraska, USA",,+1 402-316-3250,Permanently closed,https://streetviewpixels-pa.googleapis.com/v1/thumbnail?panoid=uLi_h8yc8wMzd1zXsnY_aw&cb_client=search.gws-prod.gps&w=408&h=240&yaw=338.44778&pitch=0&thumbfov=100,false,,,,,,,,"https://www.google.com/maps/search/pain+management+physician+in+Lincoln+City+Lincoln+NE/@44.9620902,-124.0159354,14z",2026-01-28T19:06:04.236Z,
https://www.google.com/maps/place/Pacific+Chiropractic+Clinic/data=!4m7!3m6!1s0x54ea8d6fec9c76d5:0x120c0c026fa6f38b!8m2!3d44.9737018!4d-124.013114!16s%2Fg%2F1tgmv_nr!19sChIJ1Xac7G-N6lQRi_OmbwIMDBI,Pacific Chiropractic Clinic,5.0,3,Chiropractor,"1140 NE Hwy 101, Lincoln City, OR 97367, United States","XXFP+FQ Lincoln City, Oregon, USA",,+1 541-994-4093,Temporarily closed,https://streetviewpixels-pa.googleapis.com/v1/thumbnail?panoid=AXQJZBZV9_6-dYjUQ9fCMA&cb_client=search.gws-prod.gps&w=408&h=240&yaw=72.658165&pitch=0&thumbfov=100,true,,,,,,,,"https://www.google.com/maps/search/pain+management+physician+in+Lincoln+City+Lincoln+NE/@44.9620902,-124.0159354,14z",2026-01-28T19:06:09.149Z,
https://www.google.com/maps/place/Innovative+Pain+%26+Spine+Specialists/data=!4m7!3m6!1s0x8793f19a1236ddcb:0x3187e53ca25ff580!8m2!3d41.2354559!4d-96.1812882!16s%2Fg%2F11fsfl6j55!19sChIJy902Eprxk4cRgPVfojzlhzE,Innovative Pain & Spine Specialists,4.8,265,Pain control clinic,"17021 Lakeside Hills Plaza Ste 100, Omaha, NE 68130, United States","6RP9+5F Omaha, Nebraska, USA",http://innovativepainnebraska.com/,+1 402-413-5010,Open · Closes 4 pm,https://lh3.googleusercontent.com/p/AF1QipPm6fzQ5TCIALrQWYuaXEV1rDAH5OAoay4n2VwZ=w408-h272-k-no,true,7:30 am–4 pm,7:30 am–4 pm,7:30 am–1 pm,Closed,Closed,7:30 am–4 pm,7:30 am–4 pm,"https://www.google.com/maps/search/pain+management+physician+in+Newport+Lincoln+NE/@42.6013894,-99.3273303,14z",2026-01-28T19:06:24.817Z,
https://www.google.com/maps/place/Total+Body+Pain+Institute/data=!4m7!3m6!1s0x8799874550e49f3d:0xfeae57026efa5e13!8m2!3d40.9261965!4d-98.3859322!16s%2Fg%2F11mxzdy3k7!19sChIJPZ_kUEWHmYcRE176bgJXrv4,Total Body Pain Institute,4.8,110,Pain management physician,"826 Diers Ave, Grand Island, NE 68803, United States","WJG7+FJ Grand Island, Nebraska, USA",http://totalbodypaininstitute.com/,+1 308-708-2826,"Open · Closes 5 pm

Updated by this business 10 weeks ago",https://lh3.googleusercontent.com/gps-cs-s/AHVAwep1ue25AwPNvrsbN7zFWH_RxrgzQVFushjaurkGffp2aERqlEQozgkMNRzmuI2T9Db8uvYpQwRBK7FeTIOcmgXr1__7ntvYdy0baK9j-WmJLfFte9ZuBGd33pHf2Xga25xnKhkH=w408-h544-k-no,true,8 am–5 pm,8 am–5 pm,8 am–4 pm,Closed,Closed,8 am–5 pm,8 am–5 pm,"https://www.google.com/maps/search/pain+management+physician+in+Newport+Lincoln+NE/@42.6013894,-99.3273303,14z",2026-01-28T19:06:29.866Z,
"https://www.google.com/maps/place/Grand+Island+Pain+Relief+Center,+P.C./data=!4m7!3m6!1s0x8799874ce8870929:0x6cf88c8fe0d7de6e!8m2!3d40.9209296!4d-98.3852357!16s%2Fg%2F11hy9vdm93!19sChIJKQmH6EyHmYcRbt7X4I-M-Gw","Grand Island Pain Relief Center, P.C.",4.7,98,Pain management physician,"403 Lexington Cir, Grand Island, NE 68803, United States","WJC7+9W Grand Island, Nebraska, USA",http://www.giprc.org/,+1 308-675-3222,,https://lh3.googleusercontent.com/p/AF1QipNBcBvHojXcAP1AoyDS3995Hm1GcZL9pX0cD-g=w426-h240-k-no,true,12–1 pm,12–1 pm,12–1 pm,Closed,Closed,12–1 pm,12–1 pm,"https://www.google.com/maps/search/pain+management+physician+in+Newport+Lincoln+NE/@42.6013894,-99.3273303,14z",2026-01-28T19:06:34.757Z,Identifies as Asian-owned
https://www.google.com/maps/place/Total+Pain+Solutions+by+Healing+Hands+of+Nebraska/data=!4m7!3m6!1s0x87903f03d9c0e7b1:0x122544bf24fb8127!8m2!3d41.2794102!4d-96.0986431!16s%2Fg%2F11f778b6zg!19sChIJsefA2QM_kIcRJ4H7JL9EJRI,Total Pain Solutions by Healing Hands of Nebraska,4.7,38,Pain management physician,"2122 N 117th Ave, Omaha, NE 68164, United States","7WH2+QG Omaha, Nebraska, USA",https://www.totalpainsolutions.net/,+1 402-370-9515,Open · Closes 5 pm,https://lh3.googleusercontent.com/p/AF1QipMNDF_1AGfAYkaAuVIEBt7ek_s06IXCZobXzCx3=w426-h240-k-no,true,8 am–5 pm,8 am–5 pm,Closed,Closed,Closed,8 am–5 pm,8 am–5 pm,"https://www.google.com/maps/search/pain+management+physician+in+Newport+Lincoln+NE/@42.6013894,-99.3273303,14z",2026-01-28T19:06:39.455Z,Identifies as veteran-owned
"https://www.google.com/maps/place/Midwest+Pain+Clinics/@41.1567381,-95.922508,17z/data=!3m1!4b1!4m6!3m5!1s0x87938969c4f069c7:0xd8d0ea397f7d8898!8m2!3d41.1567381!4d-95.922508!16s%2Fg%2F11q968mhsp",Midwest Pain Clinics,4.8,18,Pain control clinic,"2206 Longo Dr # 201, Bellevue, NE 68005, United States","534G+MX Bellevue, Nebraska, USA",https://midwestpainclinics.com/,+1 402-391-7246,Closed · Opens 8 am Fri,,true,Closed,Closed,8 am–4:30 pm,Closed,Closed,Closed,Closed,"https://www.google.com/maps/search/pain+management+physician+in+Newport+Lincoln+NE/@42.6013894,-99.3273303,14z",2026-01-28T19:06:46.271Z,
https://www.google.com/maps/place/Great+Plains+Health+Pain+Management/data=!4m7!3m6!1s0x877622eeea1c3e49:0x3a41ca293887bf00!8m2!3d41.1204975!4d-100.7684449!16s%2Fg%2F1tj220vy!19sChIJST4c6u4idocRAL-HOCnKQTo,Great Plains Health Pain Management,4.6,405,Pain control clinic,"500 W Leota St # 100, North Platte, NE 69101, United States","46CJ+5J North Platte, Nebraska, USA",https://www.gphealth.org/services/pain-management/,+1 308-568-3660,,https://streetviewpixels-pa.googleapis.com/v1/thumbnail?panoid=kD7wfPTXK28PG6rDDpRkQg&cb_client=search.gws-prod.gps&w=408&h=240&yaw=188.54524&pitch=0&thumbfov=100,true,,,,,,,,"https://www.google.com/maps/search/pain+management+physician+in+Newport+Lincoln+NE/@42.6013894,-99.3273303,14z",2026-01-28T19:06:49.361Z,
https://www.google.com/maps/place/Midwest+Pain+Clinics/data=!4m7!3m6!1s0x87938d46ab6d76f7:0xb278b5f6b8786463!8m2!3d41.267521!4d-96.0517248!16s%2Fg%2F1tlkcwhp!19sChIJ93Ztq0aNk4cRY2R4uPa1eLI,Midwest Pain Clinics,4.3,916,Pain control clinic,"825 N 90th St, Omaha, NE 68114, United States","7W9X+28 Omaha, Nebraska, USA",https://midwestpainclinics.com/,+1 402-391-7246,Open · Closes 5 pm,https://lh3.googleusercontent.com/p/AF1QipNl5Ldk5eLJSMTMi2e0JuIYeWlvKRglLLIXO8d0=w408-h305-k-no,true,8 am–5 pm,8 am–5 pm,Closed,Closed,Closed,8 am–5 pm,8 am–5 pm,"https://www.google.com/maps/search/pain+management+physician+in+Newport+Lincoln+NE/@42.6013894,-99.3273303,14z",2026-01-28T19:06:54.099Z,
https://www.google.com/maps/place/MD+Pain/data=!4m7!3m6!1s0x87974fed06aaaaeb:0xef5deb54664034b4!8m2!3d40.8824228!4d-97.5921243!16s%2Fg%2F11gf2_7r_2!19sChIJ66qqBu1Pl4cRtDRAZlTrXe8,MD Pain,4.8,12,Pain control clinic,"2222 N Lincoln Ave, York, NE 68467, United States","VCJ5+X5 York, Nebraska, USA",https://mdpain.clinic/,+1 402-858-0117,Closed · Opens 9 am Wed,https://lh3.googleusercontent.com/p/AF1QipN7__U1sTAjMqdCh9hDpm0Z5-3odNl9OPXO2q2u=w408-h306-k-no,true,9 am–12 pm,Closed,Closed,Closed,Closed,Closed,Closed,"https://www.google.com/maps/search/pain+management+physician+in+Newport+Lincoln+NE/@42.6013894,-99.3273303,14z",2026-01-28T19:06:58.830Z,
https://www.google.com/maps/place/Comprehensive+Pain+%26+Infusion+Center/data=!4m7!3m6!1s0x8776230de29555b3:0x4e34bf238a57b909!8m2!3d41.1220471!4d-100.7573945!16s%2Fg%2F11y2mv463l!19sChIJs1WV4g0jdocRCblXiiO_NE4,Comprehensive Pain & Infusion Center,4.8,16,Pain management physician,"600 E Francis St Suite 2-3, North Platte, NE 69101, United States","46CV+R2 North Platte, Nebraska, USA",,+1 308-252-1447,Open · Closes 5 pm,https://lh3.googleusercontent.com/p/AF1QipPwNylGy_QJjN4YbcKqFphFmVlmVl4Ocya5hRTW=w408-h306-k-no,true,8 am–5 pm,8 am–5 pm,8 am–3:30 pm,Closed,Closed,8 am–5 pm,8 am–5 pm,"https://www.google.com/maps/search/pain+management+physician+in+Newport+Lincoln+NE/@42.6013894,-99.3273303,14z",2026-01-28T19:07:03.583Z,
https://www.google.com/maps/place/Nebraska+Medicine+Chronic+Pain+Management+at+Specialty+Services+Pavilion/data=!4m7!3m6!1s0x87938ffd9bbfe631:0x122b2b83b1b7e41c!8m2!3d41.2552145!4d-95.978879!16s%2Fg%2F11h2cdt1g5!19sChIJMea_m_2Pk4cRHOS3sYMrKxI,Nebraska Medicine Chronic Pain Management at Specialty Services Pavilion,5.0,4,Pain control clinic,"4350 Emile St level 5, Omaha, NE 68198, United States","724C+3C Omaha, Nebraska, USA",https://www.nebraskamed.com/nebraska-medical-center/specialty-services-pavilion/pain-management,+1 402-559-4364,Open · Closes 4:30 pm,https://streetviewpixels-pa.googleapis.com/v1/thumbnail?panoid=Y90pzbNZASgqGHYPGXLgcw&cb_client=search.gws-prod.gps&w=408&h=240&yaw=3.20992&pitch=0&thumbfov=100,true,8 am–4:30 pm,8 am–4:30 pm,8 am–4:30 pm,Closed,Closed,8 am–4:30 pm,8 am–4:30 pm,"https://www.google.com/maps/search/pain+management+physician+in+Newport+Lincoln+NE/@42.6013894,-99.3273303,14z",2026-01-28T19:07:08.261Z,
https://www.google.com/maps/place/Omaha+Pain+Physicians/data=!4m7!3m6!1s0x87938ce587cbfce9:0x401cf917dbed0885!8m2!3d41.2665148!4d-96.1228382!16s%2Fg%2F1thghjnl!19sChIJ6fzLh-WMk4cRhQjt2xf5HEA,Omaha Pain Physicians,4.6,277,Pain control clinic,"13340 California St #101, Omaha, NE 68154, United States","7V8G+JV Omaha, Nebraska, USA",,+1 402-614-1999,Open · Closes 4 pm,https://lh3.googleusercontent.com/p/AF1QipM4t2M0YQdyrBa2PvLxEwYLhfW7V_c2VG40vDbl=w408-h544-k-no,true,8 am–4 pm,8 am–4 pm,8 am–12 pm,Closed,Closed,8 am–4 pm,8 am–4 pm,"https://www.google.com/maps/search/pain+management+physician+in+Newport+Lincoln+NE/@42.6013894,-99.3273303,14z",2026-01-28T19:07:13.435Z,
https://www.google.com/maps/place/Nebraska+Spine+%2B+Pain+Center/data=!4m7!3m6!1s0x879015fe872ae79d:0x25237fba6d53050a!8m2!3d42.03171!4d-97.469035!16s%2Fg%2F11sj5kv9b2!19sChIJnecqh_4VkIcRCgVTbbp_IyU,Nebraska Spine + Pain Center,5.0,20,Orthopedic surgeon,"3901 W Norfolk Ave, Norfolk, NE 68701, United States","2GJJ+M9 Norfolk, Nebraska, USA",https://www.nebraskaspineandpain.com/,+1 402-496-0404,Open · Closes 6 pm,https://lh3.googleusercontent.com/p/AF1QipPKZ1iFv5z8E-exlq2s0Ro_pynY6qGvSaf4FTcR=w409-h240-k-no,true,9 am–6 pm,9 am–6 pm,9 am–6 pm,Closed,Closed,9 am–6 pm,9 am–6 pm,"https://www.google.com/maps/search/pain+management+physician+in+Newport+Lincoln+NE/@42.6013894,-99.3273303,14z",2026-01-28T19:07:18.313Z,
"https://www.google.com/maps/place/Thomas+Brooks,+M.D.+-+MD+West+ONE/data=!4m7!3m6!1s0x8793f1c97fc305ed:0x5e4c4458838a68dc!8m2!3d41.2603321!4d-96.2171287!16s%2Fg%2F12hnmmsn9!19sChIJ7QXDf8nxk4cR3GiKg1hETF4","Thomas Brooks, M.D. - MD West ONE",4.4,35,Pain management physician,"222 N 192nd St, Elkhorn, NE 68022, United States","7Q6M+44 Elkhorn, Omaha, NE, USA",https://mdwestone.com/dr-brooks,+1 402-390-4111,Open · Closes 5 pm,https://lh3.googleusercontent.com/p/AF1QipMYFUoz5-45SazbSAgoZlmT0ODHQz73eW8dS7ig=w408-h611-k-no,true,8 am–5 pm,8 am–5 pm,8 am–5 pm,Closed,Closed,8 am–5 pm,8 am–5 pm,"https://www.google.com/maps/search/pain+management+physician+in+Newport+Lincoln+NE/@42.6013894,-99.3273303,14z",2026-01-28T19:07:23.086Z,
https://www.google.com/maps/place/Midwest+Anesthesia/data=!4m7!3m6!1s0x879160da55ed1367:0xcbe3f3fa2a678e63!8m2!3d41.4506283!4d-96.4599955!16s%2Fg%2F1tqg0vb7!19sChIJZxPtVdpgkYcRY45nKvrz48s,Midwest Anesthesia,3.8,51,Pain management physician,"2900 Elk Ln, Fremont, NE 68025, United States","FG2R+72 Fremont, Nebraska, USA",http://www.mwa-doc.com/,+1 402-721-8895,,https://streetviewpixels-pa.googleapis.com/v1/thumbnail?panoid=YTdblTjHor6vBCRt2RkvVw&cb_client=search.gws-prod.gps&w=408&h=240&yaw=42.991196&pitch=0&thumbfov=100,false,,,,,,,,"https://www.google.com/maps/search/pain+management+physician+in+Newport+Lincoln+NE/@42.6013894,-99.3273303,14z",2026-01-28T19:07:25.879Z,
"https://www.google.com/maps/place/Nebraska+Orthopaedic+Center,+PC+%5B70th+%26+A%5D/data=!4m7!3m6!1s0x8796bdaf5b4d2947:0x47ae5b8ffabdebac!8m2!3d40.7994742!4d-96.6271338!16s%2Fg%2F1tczkzys!19sChIJRylNW6-9locRrOu9-o9brkc","Nebraska Orthopaedic Center, PC [70th & A]",4.9,2181,Orthopedic clinic,"6900 A St, Lincoln, NE 68510, United States","Q9XF+Q4 Lincoln, Nebraska, USA",https://www.nebraskaortho.com/,+1 402-436-2000,Open · Closes 5 pm,https://lh3.googleusercontent.com/p/AF1QipMkPmBcsQN3GcrPw40kX8rrmxRNis8eGGBQVs76=w408-h272-k-no,true,8 am–5 pm,8 am–5 pm,8 am–5 pm,Closed,Closed,8 am–5 pm,8 am–5 pm,"https://www.google.com/maps/search/pain+management+physician+in+Newport+Lincoln+NE/@42.6013894,-99.3273303,14z",2026-01-28T19:07:30.681Z,LGBTQ+ friendly
https://www.google.com/maps/place/Midwest+Pain+Clinics+-+Columbus/data=!4m7!3m6!1s0x8790ec71b385239d:0x9729e4d7517b844c!8m2!3d41.45496!4d-97.3843301!16s%2Fg%2F12618nsg2!19sChIJnSOFs3HskIcRTIR7UdfkKZc,Midwest Pain Clinics - Columbus,4.7,15,Pain control clinic,"4508 38th St Suite 210, Columbus, NE 68601, United States","FJ38+X7 Columbus, Nebraska, USA",https://midwestpainclinics.com/,+1 877-229-6972,Closed · Opens 8 am Fri,https://lh3.googleusercontent.com/p/AF1QipMBuv0zxIohkZFy9ZdLEKFdD9pYsEnK9flvFb1E=w691-h240-k-no,true,Closed,Closed,8 am–4:30 pm,Closed,Closed,Closed,Closed,"https://www.google.com/maps/search/pain+management+physician+in+Newport+Lincoln+NE/@42.6013894,-99.3273303,14z",2026-01-28T19:07:35.768Z,
https://www.google.com/maps/place/My+Pain+Doc+PC/data=!4m7!3m6!1s0x87901509fb906fc9:0x9eb34d3eaff97acb!8m2!3d41.4383533!4d-97.3799777!16s%2Fg%2F1263b_wv7!19sChIJyW-Q-wkVkIcRy3r5rz5Ns54,My Pain Doc PC,3.7,13,Pain management physician,"4307 23rd St, Columbus, NE 68601, United States","CJQC+82 Columbus, Nebraska, USA",https://mypaindoc.org/,+1 402-563-2978,Open · Closes 5 pm,https://lh3.googleusercontent.com/p/AF1QipP9NSm5g8fU_KnSM5KgCQUJAaUxL9Bpj3H78BPZ=w480-h240-k-no,true,8 am–5 pm,8 am–5 pm,8 am–5 pm,8 am–12 pm,Closed,8 am–5 pm,8 am–5 pm,"https://www.google.com/maps/search/pain+management+physician+in+Newport+Lincoln+NE/@42.6013894,-99.3273303,14z",2026-01-28T19:07:40.780Z,
https://www.google.com/maps/place/Regenirex/data=!4m7!3m6!1s0x87994e5a14dd76ab:0xce485cb5b33a479!8m2!3d40.7251524!4d-99.0833308!16s%2Fg%2F11c5btpzt4!19sChIJq3bdFFpOmYcReaQzW8uF5Aw,Regenirex,4.6,10,Pain management physician,"5205 2nd Ave, Kearney, NE 68847, United States","PWG8+3M Kearney, Nebraska, USA",http://regenirex.org/,+1 308-237-9696,Open · Closes 5 pm,https://streetviewpixels-pa.googleapis.com/v1/thumbnail?panoid=sWkjqGmQWit09T4-mCo3vw&cb_client=search.gws-prod.gps&w=408&h=240&yaw=49.01692&pitch=0&thumbfov=100,true,"8 am–12 pm, 1–5 pm","8 am–12 pm, 1–5 pm","8 am–12 pm, 1–5 pm",Closed,Closed,"8 am–12 pm, 1–5 pm","8 am–12 pm, 1–5 pm","https://www.google.com/maps/search/pain+management+physician+in+Newport+Lincoln+NE/@42.6013894,-99.3273303,14z",2026-01-28T19:07:45.683Z,
"https://www.google.com/maps/place/Dr.+J+Paul+P.+Meyer,+MD/data=!4m7!3m6!1s0x879986c593fede95:0x8977f0e141963249!8m2!3d40.9227671!4d-98.3840285!16s%2Fg%2F1tk6qtxg!19sChIJld7-k8WGmYcRSTKWQeHwd4k","Dr. J Paul P. Meyer, MD",4.2,10,Pain management physician,"603 Diers Ave # 2, Grand Island, NE 68803, United States","WJF8+49 Grand Island, Nebraska, USA",https://rymap.org/business/dr-j-paul-p-meyer-md-pqn72g,+1 308-398-1147,Open · Closes 5 pm,https://streetviewpixels-pa.googleapis.com/v1/thumbnail?panoid=bKaJu7SjuNvL__Gp1pD6FA&cb_client=search.gws-prod.gps&w=408&h=240&yaw=97.504074&pitch=0&thumbfov=100,false,8 am–5 pm,8 am–5 pm,8 am–5 pm,Closed,Closed,8 am–5 pm,8 am–5 pm,"https://www.google.com/maps/search/pain+management+physician+in+Newport+Lincoln+NE/@42.6013894,-99.3273303,14z",2026-01-28T19:07:50.443Z,
"https://www.google.com/maps/place/Mary+Lanning+Healthcare+-+Interventional+Pain+%E2%80%94+Curtis+Albers,+MD/data=!4m7!3m6!1s0x8799a3d489839e3b:0xe82365000e1c347d!8m2!3d40.5910864!4d-98.3877032!16s%2Fg%2F11lktsy_bh!19sChIJO56DidSjmYcRfTQcDgBlI-g","Mary Lanning Healthcare - Interventional Pain — Curtis Albers, MD",5.0,2,Pain management physician,"715 N St Joseph Ave, Hastings, NE 68901, United States","HJR6+CW Hastings, Nebraska, USA",https://www.marylanning.org/our-services/interventional-pain-management,+1 402-461-5266,Open · Closes 5 pm,https://lh3.googleusercontent.com/p/AF1QipOp0VfW_n5Q1DqW3E-WzJPVNwssPzekrkmeDgrN=w408-h272-k-no,true,6:30 am–5 pm,6:30 am–5 pm,Closed,Closed,Closed,Closed,Closed,"https://www.google.com/maps/search/pain+management+physician+in+Newport+Lincoln+NE/@42.6013894,-99.3273303,14z",2026-01-28T19:07:55.277Z,
https://www.google.com/maps/place/My+Pain+Doc+PC/data=!4m7!3m6!1s0x8799870cce6e21a7:0xe111d71b4dc4cd6d!8m2!3d40.9456812!4d-98.3800096!16s%2Fg%2F11m48qln6w!19sChIJpyFuzgyHmYcRbc3ETRvXEeE,My Pain Doc PC,5.0,4,Pain control clinic,"3357 W Capital Ave, Grand Island, NE 68803, United States","WJW9+7X Grand Island, Nebraska, USA",,+1 402-316-3250,,https://streetviewpixels-pa.googleapis.com/v1/thumbnail?panoid=PqDos3Ypd8GmEuuH4qXDpw&cb_client=search.gws-prod.gps&w=408&h=240&yaw=187.40614&pitch=0&thumbfov=100,false,,,,,,,,"https://www.google.com/maps/search/pain+management+physician+in+Newport+Lincoln+NE/@42.6013894,-99.3273303,14z",2026-01-28T19:07:58.291Z,
https://www.google.com/maps/place/Kelly+Zach/data=!4m7!3m6!1s0x879696692a0c64c7:0x10bc6bc4aa5119ab!8m2!3d41.2354559!4d-96.1812882!16s%2Fg%2F11rkj8b_w4!19sChIJx2QMKmmWlocRqxlRqsRrvBA,Kelly Zach,5.0,1,Pain management physician,"Innovative Pain and Spine, 17021 Lakeside Hills Plaza Ste 100, Omaha, NE 68130, United States","6RP9+5F Omaha, Nebraska, USA",https://www.innovativepainnebraska.com/kelly-zach-md,+1 402-413-5010,,https://streetviewpixels-pa.googleapis.com/v1/thumbnail?panoid=hyk0zLf9D0wPA-o-nGHqdQ&cb_client=search.gws-prod.gps&w=408&h=240&yaw=252.0655&pitch=0&thumbfov=100,false,,,,,,,,"https://www.google.com/maps/search/pain+management+physician+in+Newport+Lincoln+NE/@42.6013894,-99.3273303,14z",2026-01-28T19:08:01.136Z,
https://www.google.com/maps/place/Saint+Francis+Pain+and+Physical+Medicine/data=!4m7!3m6!1s0x879986e61cb4bff3:0x92a12711d9f45630!8m2!3d40.9258317!4d-98.3716607!16s%2Fg%2F1v1kqcch!19sChIJ87-0HOaGmYcRMFb02REnoZI,Saint Francis Pain and Physical Medicine,3.0,8,Pain management physician,"2620 W Faidley Ave, Grand Island, NE 68803, United States","WJGH+88 Grand Island, Nebraska, USA",http://www.giprc.org/,+1 308-675-3222,,https://streetviewpixels-pa.googleapis.com/v1/thumbnail?panoid=5zaikFfU-cgr1glknZ9ufg&cb_client=search.gws-prod.gps&w=408&h=240&yaw=219.83781&pitch=0&thumbfov=100,false,,,,,,,,"https://www.google.com/maps/search/pain+management+physician+in+Newport+Lincoln+NE/@42.6013894,-99.3273303,14z",2026-01-28T19:08:03.827Z,
https://www.google.com/maps/place/Kelsey+Hohlen/data=!4m7!3m6!1s0x879696692a0c64c7:0x682063f3a7535ed7!8m2!3d40.7397361!4d-96.6475244!16s%2Fg%2F11qgb7pvpw!19sChIJx2QMKmmWlocR115Tp_NjIGg,Kelsey Hohlen,,,Physician assistant,"7121 Stephanie Ln #102, Lincoln, NE 68516, United States","P9Q2+VX Lincoln, Nebraska, USA",https://www.innovativepainnebraska.com/kelsey-hohlen-pac,+1 402-413-5010,,https://streetviewpixels-pa.googleapis.com/v1/thumbnail?panoid=kawGS0_5h7pyEb0vOYOmaQ&cb_client=search.gws-prod.gps&w=408&h=240&yaw=267.36945&pitch=0&thumbfov=100,false,,,,,,,,"https://www.google.com/maps/search/pain+management+physician+in+Newport+Lincoln+NE/@42.6013894,-99.3273303,14z",2026-01-28T19:08:06.435Z,
https://www.google.com/maps/place/Oregon+Pain+%26+Spine+Specialists/data=!4m7!3m6!1s0x54c0e18d622f2a49:0xa7b5aac4c4b0f2e9!8m2!3d44.0559609!4d-123.0543433!16s%2Fg%2F11lp17v8x8!19sChIJSSovYo3hwFQR6fKwxMSqtac,Oregon Pain & Spine Specialists,4.8,64,Pain management physician,"360 S Garden Way #230, Eugene, OR 97401, United States","3W4W+97 Eugene, Oregon, USA",https://oregonpainandspine.com/,+1 541-844-7246,Open · Closes 5 pm,https://lh3.googleusercontent.com/p/AF1QipMIB2PlVfSHddKfOYXmb1IVBYcTJaKY6E6D8Ltl=w408-h408-k-no,true,8 am–5 pm,8 am–5 pm,Closed,Closed,Closed,8 am–5 pm,8 am–5 pm,"https://www.google.com/maps/search/pain+management+physician+in+Waldport+Lincoln+NE/@44.426786,-124.0687302,14z",2026-01-28T19:08:19.431Z,
https://www.google.com/maps/place/Samaritan+Health+Clinic+-+Waldport/data=!4m7!3m6!1s0x54c1c16aaaaaaa9d:0xdbd5e5dfa564ff98!8m2!3d44.4163561!4d-124.0761458!16s%2Fg%2F1tcxpd93!19sChIJnaqqqmrBwVQRmP9kpd_l1ds,Samaritan Health Clinic - Waldport,3.3,28,Medical clinic,"920 SW Range Dr, Waldport, OR 97394, United States","CW8F+GG Waldport, Oregon, USA",https://samhealth.org/find-a-location/samaritan-waldport-clinic/,+1 541-563-3197,Open · Closes 5 pm,https://lh3.googleusercontent.com/p/AF1QipNlpS4dzhuwFkKcghz_0pVJ3k4gNDYJ3F3dvEfb=w408-h272-k-no,true,8 am–5 pm,8 am–5 pm,8 am–5 pm,Closed,Closed,8 am–5 pm,8 am–5 pm,"https://www.google.com/maps/search/pain+management+physician+in+Waldport+Lincoln+NE/@44.426786,-124.0687302,14z",2026-01-28T19:08:24.216Z,
https://www.google.com/maps/place/Ohio+Pain+Center/data=!4m7!3m6!1s0x883c7ef7d93e59a9:0xb5a40f9b4f3e3951!8m2!3d41.6893099!4d-83.6313064!16s%2Fg%2F1tcvvjj8!19sChIJqVk-2fd-PIgRUTk-T5sPpLU,Ohio Pain Center,3.4,35,Pain control clinic,"3900 Sunforest Ct Suite 132, Toledo, OH 43623, United States","M9Q9+PF Toledo, Ohio, USA",http://www.nopainohio.com/,+1 419-517-1351,Open · Closes 5 pm,https://lh3.googleusercontent.com/p/AF1QipPz6nt6ksPsHthkeKO0VWsYsdvkquv94lDpLWZ0=w408-h272-k-no,true,9 am–5 pm,9 am–5 pm,9 am–5 pm,Closed,Closed,9 am–5 pm,9 am–5 pm,"https://www.google.com/maps/search/pain+management+physician+in+Toledo+Lincoln+NE/@41.6528052,-83.5378674,14z",2026-01-28T19:08:39.942Z,
https://www.google.com/maps/place/Comprehensive+Centers+For+Pain+Management/data=!4m7!3m6!1s0x883c7c7c1d2d4913:0x48885078a923912e!8m2!3d41.6784007!4d-83.7150364!16s%2Fg%2F11bbwj0_qh!19sChIJE0ktHXx8PIgRLpEjqXhQiEg,Comprehensive Centers For Pain Management,3.3,92,Pain control clinic,"3400 Meijer Dr, Toledo, OH 43617, United States","M7HM+9X Toledo, Ohio, USA",http://www.cc4pm.com/,+1 419-843-1370,Open · Closes 5 pm,https://lh3.googleusercontent.com/p/AF1QipP6VJHU33r80QtcDkUq3b0jkT5vb-7sNqgIQ1ih=w428-h240-k-no,true,8 am–5 pm,8 am–5 pm,8 am–5 pm,Closed,Closed,8 am–5 pm,8 am–5 pm,"https://www.google.com/maps/search/pain+management+physician+in+Toledo+Lincoln+NE/@41.6528052,-83.5378674,14z",2026-01-28T19:08:45.074Z,
https://www.google.com/maps/place/Univrsity+Of+Toledo+Medical+Center+Nsg/data=!4m7!3m6!1s0x883c785fa9a883cb:0x3363b0e2dfb528d8!8m2!3d41.617878!4d-83.616325!16s%2Fg%2F1tkp5n9p!19sChIJy4OoqV94PIgR2Ci13-KwYzM,Univrsity Of Toledo Medical Center Nsg,3.0,5,Pain management physician,"3000 Arlington Ave, Toledo, OH 43614, United States","J99M+5F Toledo, Ohio, USA",http://utmc.utoledo.edu/,+1 419-383-4405,Temporarily closed,https://streetviewpixels-pa.googleapis.com/v1/thumbnail?panoid=qV_F6ji_yXWj1D3Hcgnbzg&cb_client=search.gws-prod.gps&w=408&h=240&yaw=301.7249&pitch=0&thumbfov=100,true,,,,,,,,"https://www.google.com/maps/search/pain+management+physician+in+Toledo+Lincoln+NE/@41.6528052,-83.5378674,14z",2026-01-28T19:08:50.154Z,
https://www.google.com/maps/place/Advanced+Pain+Management/data=!4m7!3m6!1s0x883c7f050dc5dbd3:0xa739f6f6e6476986!8m2!3d41.6956492!4d-83.6242501!16s%2Fg%2F1tggbn6s!19sChIJ09vFDQV_PIgRhmlH5vb2Oac,Advanced Pain Management,3.2,12,Pain management physician,"4235 Secor Rd Building # 1, 1st floor, Toledo, OH 43623, United States","M9WG+77 Toledo, Ohio, USA",https://www.toledoclinic.com/,+1 419-479-5418,Open · Closes 4 pm,https://streetviewpixels-pa.googleapis.com/v1/thumbnail?panoid=v4j4GNA0qgwTl_5OKc4AMQ&cb_client=search.gws-prod.gps&w=408&h=240&yaw=52.72711&pitch=0&thumbfov=100,true,8 am–4 pm,8 am–4 pm,8 am–2 pm,Closed,Closed,8 am–4 pm,8 am–4 pm,"https://www.google.com/maps/search/pain+management+physician+in+Toledo+Lincoln+NE/@41.6528052,-83.5378674,14z",2026-01-28T19:08:54.863Z,
https://www.google.com/maps/place/Fox+Gary+MD/data=!4m7!3m6!1s0x883b872ae5423e47:0xf7e74427b42abb91!8m2!3d41.6584793!4d-83.5506726!16s%2Fg%2F1262y4svn!19sChIJRz5C5SqHO4gRkbsqtCdE5_c,Fox Gary MD,,,Pain management physician,"2200 Jefferson Ave #4, Toledo, OH 43604, United States","MC5X+9P Toledo, Ohio, USA",,+1 419-251-1400,,https://streetviewpixels-pa.googleapis.com/v1/thumbnail?panoid=3xUUZeRnpSXm4fo0ksot1g&cb_client=search.gws-prod.gps&w=408&h=240&yaw=36.811016&pitch=0&thumbfov=100,false,,,,,,,,"https://www.google.com/maps/search/pain+management+physician+in+Toledo+Lincoln+NE/@41.6528052,-83.5378674,14z",2026-01-28T19:08:57.441Z,
https://www.google.com/maps/place/Mercy+Health+-+St.+Vincent+Pain+Medicine/data=!4m7!3m6!1s0x883b812f7ed7df1d:0x19615f756fca019d!8m2!3d41.6694688!4d-83.5415545!16s%2Fg%2F1tdmfk8g!19sChIJHd_Xfi-BO4gRnQHKb3VfYRk,Mercy Health - St. Vincent Pain Medicine,1.5,15,Pain control clinic,"2222 Cherry St, Toledo, OH 43608, United States","MF95+Q9 Toledo, Ohio, USA",https://www.mercy.com/?utm_source=google&utm_medium=organic&utm_content=local_website_link,+1 419-251-2500,,https://streetviewpixels-pa.googleapis.com/v1/thumbnail?panoid=m3NaP5zW4SSUqO3bJ1i_bg&cb_client=search.gws-prod.gps&w=408&h=240&yaw=143.70923&pitch=0&thumbfov=100,true,,,,,,,,"https://www.google.com/maps/search/pain+management+physician+in+Toledo+Lincoln+NE/@41.6528052,-83.5378674,14z",2026-01-28T19:09:00.351Z,
https://www.google.com/maps/place/The+Comprehensive+Centers+for+Pain+Management/data=!4m7!3m6!1s0x883b8460f529d795:0x835256197088793a!8m2!3d41.6358244!4d-83.4679478!16s%2Fg%2F11bw82p_23!19sChIJldcp9WCEO4gROnmIcBlWUoM,The Comprehensive Centers for Pain Management,3.4,47,Pain management physician,"846 S Coy Rd, Oregon, OH 43616, United States","JGPJ+8R Oregon, Ohio, USA",http://www.cc4pm.com/,+1 419-843-1370,Open · Closes 5 pm,https://lh3.googleusercontent.com/p/AF1QipMMT1jpBCRvhBIoEJRK4_LbWMcC5M2Ymg7-jhNw=w428-h240-k-no,true,8 am–5 pm,8 am–5 pm,8 am–5 pm,Closed,Closed,8 am–5 pm,8 am–5 pm,"https://www.google.com/maps/search/pain+management+physician+in+Toledo+Lincoln+NE/@41.6528052,-83.5378674,14z",2026-01-28T19:09:05.330Z,
https://www.google.com/maps/place/The+Toledo+Clinic:+Salvi+Ashok+MD/data=!4m7!3m6!1s0x883c7f050dc5dbd3:0x6818073da988fc3a!8m2!3d41.6957531!4d-83.624679!16s%2Fg%2F1vvr6wrl!19sChIJ09vFDQV_PIgROvyIqT0HGGg,The Toledo Clinic: Salvi Ashok MD,3.4,21,Pain management physician,"4235 Secor Rd Building # 1, 1st floor, Toledo, OH 43623, United States","M9WG+84 Toledo, Ohio, USA",,+1 419-479-5418,Open · Closes 4 pm,https://streetviewpixels-pa.googleapis.com/v1/thumbnail?panoid=v4j4GNA0qgwTl_5OKc4AMQ&cb_client=search.gws-prod.gps&w=408&h=240&yaw=8.211582&pitch=0&thumbfov=100,false,8 am–4 pm,8 am–4 pm,Closed,Closed,Closed,8 am–4 pm,8 am–4 pm,"https://www.google.com/maps/search/pain+management+physician+in+Toledo+Lincoln+NE/@41.6528052,-83.5378674,14z",2026-01-28T19:09:10.413Z,
https://www.google.com/maps/place/Comprehensive+Center+For+Pain:+James+Jr+William+MD/data=!4m7!3m6!1s0x883b844a326add2d:0xd7a95b4c711e689c!8m2!3d41.6202681!4d-83.4833091!16s%2Fg%2F1tj85hz4!19sChIJLd1qMkqEO4gRnGgecUxbqdc,Comprehensive Center For Pain: James Jr William MD,5.0,1,Pain management physician,"2751 Bay Park Dr Suite 209, Oregon, OH 43616, United States","JGC8+4M Oregon, Ohio, USA",http://www.cc4pm.com/,+1 419-693-9459,,https://streetviewpixels-pa.googleapis.com/v1/thumbnail?panoid=JRvm9c5fk2y0xnrqDTGYVw&cb_client=search.gws-prod.gps&w=408&h=240&yaw=116.17565&pitch=0&thumbfov=100,false,,,,,,,,"https://www.google.com/maps/search/pain+management+physician+in+Toledo+Lincoln+NE/@41.6528052,-83.5378674,14z",2026-01-28T19:09:13.254Z,
https://www.google.com/maps/place/Comprehensive+Centers+for+Pain+Management/data=!4m7!3m6!1s0x880e2d1455555555:0x76faf7d3b0b93d5e!8m2!3d41.5407945!4d-83.6405911!16s%2Fg%2F11f733fkng!19sChIJVVVVVRQtDogRXj25sNP3-nY,Comprehensive Centers for Pain Management,4.1,43,Pain management physician,"1090 W South Boundary St #600, Perrysburg, OH 43551, United States","G9R5+8Q Perrysburg, Ohio, USA",https://cc4pm.com/,+1 419-843-1370,Open · Closes 5 pm,https://lh3.googleusercontent.com/p/AF1QipMF2CV4MyBF6ephry47kygWANSehToSjwoLo8jK=w818-h240-k-no,true,8 am–5 pm,8 am–5 pm,8 am–5 pm,Closed,Closed,8 am–5 pm,8 am–5 pm,"https://www.google.com/maps/search/pain+management+physician+in+Toledo+Lincoln+NE/@41.6528052,-83.5378674,14z",2026-01-28T19:09:18.258Z,
https://www.google.com/maps/place/Comprehensive+Center+For+Pain:+Otting+James+MD/data=!4m7!3m6!1s0x883b844a326ac367:0x248fd62ae95f3cf7!8m2!3d41.6358185!4d-83.4679394!16s%2Fg%2F113f8j_f1!19sChIJZ8NqMkqEO4gR9zxf6SrWjyQ,Comprehensive Center For Pain: Otting James MD,4.7,10,Pain management physician,"846 S Coy Rd, Oregon, OH 43616, United States","JGPJ+8R Oregon, Ohio, USA",http://www.cc4pm.com/,+1 419-843-1370,Open · Closes 5 pm,https://streetviewpixels-pa.googleapis.com/v1/thumbnail?panoid=E8wiCKlhNqEpAA-jerIYfQ&cb_client=search.gws-prod.gps&w=408&h=240&yaw=196.1872&pitch=0&thumbfov=100,false,8 am–5 pm,8 am–5 pm,8 am–5 pm,Closed,Closed,8 am–5 pm,8 am–5 pm,"https://www.google.com/maps/search/pain+management+physician+in+Toledo+Lincoln+NE/@41.6528052,-83.5378674,14z",2026-01-28T19:09:23.108Z,
"https://www.google.com/maps/place/Dr.+Vivek+K.+Trivedi,+MD/data=!4m7!3m6!1s0x883c7f050dc5dbd3:0x95b10b59caa618bb!8m2!3d41.6955883!4d-83.6255582!16s%2Fg%2F1tdz0mm7!19sChIJ09vFDQV_PIgRuximylkLsZU","Dr. Vivek K. Trivedi, MD",3.6,14,Pain management physician,"4235 Secor Rd Building # 1, 1st floor, Toledo, OH 43623, United States","M9WF+6Q Toledo, Ohio, USA",http://www.toledoclinic.com/,+1 419-479-5418,,https://streetviewpixels-pa.googleapis.com/v1/thumbnail?panoid=6JemWJTkz1AA3vG60gPA9g&cb_client=search.gws-prod.gps&w=408&h=240&yaw=104.628044&pitch=0&thumbfov=100,false,,,,,,,,"https://www.google.com/maps/search/pain+management+physician+in+Toledo+Lincoln+NE/@41.6528052,-83.5378674,14z",2026-01-28T19:09:26.032Z,
https://www.google.com/maps/place/Associated+Pain+Practitioners/data=!4m7!3m6!1s0x883b812f6942aba3:0xa079444d0b0ae98!8m2!3d41.6680317!4d-83.5427929!16s%2Fg%2F1262nfw05!19sChIJo6tCaS-BO4gRmK6w0ESUBwo,Associated Pain Practitioners,,,Medical clinic,"2213 Cherry St, Toledo, OH 43608, United States","MF94+6V Toledo, Ohio, USA",,+1 419-251-2500,,https://streetviewpixels-pa.googleapis.com/v1/thumbnail?panoid=DBU-ScFL6T2pU1LLL3V3DQ&cb_client=search.gws-prod.gps&w=408&h=240&yaw=242.15637&pitch=0&thumbfov=100,false,,,,,,,,"https://www.google.com/maps/search/pain+management+physician+in+Toledo+Lincoln+NE/@41.6528052,-83.5378674,14z",2026-01-28T19:09:28.503Z,
https://www.google.com/maps/place/Comprehensive+Center+For+Pain:+Weiss+James+MD/data=!4m7!3m6!1s0x883b844a326add2d:0x19aaa6408fde877e!8m2!3d41.6202681!4d-83.4833091!16s%2Fg%2F1vbnq23r!19sChIJLd1qMkqEO4gRfofej0Cmqhk,Comprehensive Center For Pain: Weiss James MD,1.0,1,Pain management physician,"2751 Bay Park Dr Suite 209, Oregon, OH 43616, United States","JGC8+4M Oregon, Ohio, USA",http://www.cc4pm.com/,+1 419-693-9459,,https://streetviewpixels-pa.googleapis.com/v1/thumbnail?panoid=JRvm9c5fk2y0xnrqDTGYVw&cb_client=search.gws-prod.gps&w=408&h=240&yaw=116.17565&pitch=0&thumbfov=100,false,,,,,,,,"https://www.google.com/maps/search/pain+management+physician+in+Toledo+Lincoln+NE/@41.6528052,-83.5378674,14z",2026-01-28T19:09:31.141Z,
https://www.google.com/maps/place/Khalil+Rashid+MD/data=!4m7!3m6!1s0x883c7f1a99345cf3:0x8b576e3921e1e5a1!8m2!3d41.6935593!4d-83.6259732!16s%2Fg%2F1tjbsvh0!19sChIJ81w0mRp_PIgRoeXhITluV4s,Khalil Rashid MD,2.5,26,Pain management physician,"3404 W Sylvania Ave, Toledo, OH 43623, United States","M9VF+CJ Toledo, Ohio, USA",https://www.mercy.com/find-a-doctor/physicians/rashid-khalil/206481,+1 419-517-7624,,https://streetviewpixels-pa.googleapis.com/v1/thumbnail?panoid=2bfzbAnBxmZ0giesmQpMnQ&cb_client=search.gws-prod.gps&w=408&h=240&yaw=308.49146&pitch=0&thumbfov=100,false,,,,,,,,"https://www.google.com/maps/search/pain+management+physician+in+Toledo+Lincoln+NE/@41.6528052,-83.5378674,14z",2026-01-28T19:09:34.273Z,
"https://www.google.com/maps/place/Dr.+Amar+N.+Goyal,+MD/data=!4m7!3m6!1s0x883b844a321ebb89:0xbb317f78f1241476!8m2!3d41.6893099!4d-83.6313064!16s%2Fg%2F11b7q_rdpp!19sChIJibseMkqEO4gRdhQk8Xh_Mbs","Dr. Amar N. Goyal, MD",3.1,41,Pain management physician,"3900 Sunforest Ct Suite 132, Toledo, OH 43623, United States","M9Q9+PF Toledo, Ohio, USA",http://www.nopainohio.com/,+1 419-517-1351,,https://streetviewpixels-pa.googleapis.com/v1/thumbnail?panoid=yjMgv28FtOE5r9gsH1xAcw&cb_client=search.gws-prod.gps&w=408&h=240&yaw=188.8881&pitch=0&thumbfov=100,true,,,,,,,,"https://www.google.com/maps/search/pain+management+physician+in+Toledo+Lincoln+NE/@41.6528052,-83.5378674,14z",2026-01-28T19:09:37.504Z,
"https://www.google.com/maps/place/Ryan+Szepiela,+MD/data=!4m7!3m6!1s0x883c7eaed531e029:0x7973871e77dcc4ec!8m2!3d41.6735645!4d-83.6722576!16s%2Fg%2F113h9d8mp!19sChIJKeAx1a5-PIgR7MTcdx6Hc3k","Ryan Szepiela, MD",4.9,287,Physiatrist,"2865 N Reynolds Rd # 170, Toledo, OH 43615, United States","M8FH+C3 Toledo, Ohio, USA",https://www.promedica.org/our-doctors/RyanSzepielaMD/WP-24Lq-2BYy9Tk7KCWSzHQFBFoSw-3D-3D-24OUDMcui0-2F39Jl3IYKnoFB6vGEwRvVnebq80St6ESjJ4-3D,+1 419-578-4277,,https://lh3.googleusercontent.com/p/AF1QipNbx5uA0EDhFodZy-p7yDnG_IiNuWqbJV9LEKZ7=w426-h240-k-no,true,,,,,,,,"https://www.google.com/maps/search/pain+management+physician+in+Toledo+Lincoln+NE/@41.6528052,-83.5378674,14z",2026-01-28T19:09:40.546Z,
"https://www.google.com/maps/place/William+G.+James+Jr.,+MD/data=!4m7!3m6!1s0x883c7c797e3e4aa7:0xec0d82044d07fd07!8m2!3d41.6732603!4d-83.7123353!16s%2Fg%2F1tfkw_34!19sChIJp0o-fnl8PIgRB_0HTQSCDew","William G. James Jr., MD",4.3,4,Pain management physician,"7053 Central Ave, Toledo, OH 43617, United States","M7FQ+83 Toledo, Ohio, USA",http://www.cc4pm.com/,+1 419-843-1370,,https://streetviewpixels-pa.googleapis.com/v1/thumbnail?panoid=-CqmGxyD2okzRYnIdBzuNw&cb_client=search.gws-prod.gps&w=408&h=240&yaw=240.89865&pitch=0&thumbfov=100,false,,,,,,,,"https://www.google.com/maps/search/pain+management+physician+in+Toledo+Lincoln+NE/@41.6528052,-83.5378674,14z",2026-01-28T19:09:43.852Z,
"https://www.google.com/maps/place/Dr.+James+A.+Weiss,+MD/data=!4m7!3m6!1s0x883c7c797e3e4aa7:0x9a5836330f8cc555!8m2!3d41.6732442!4d-83.7123459!16s%2Fg%2F1v3knr5q!19sChIJp0o-fnl8PIgRVcWMDzM2WJo","Dr. James A. Weiss, MD",5.0,3,Pain management physician,"7053 Central Ave, Toledo, OH 43617, United States","M7FQ+73 Toledo, Ohio, USA",http://www.cc4pm.com/,+1 419-843-1370,,https://streetviewpixels-pa.googleapis.com/v1/thumbnail?panoid=-CqmGxyD2okzRYnIdBzuNw&cb_client=search.gws-prod.gps&w=408&h=240&yaw=238.81532&pitch=0&thumbfov=100,false,,,,,,,,"https://www.google.com/maps/search/pain+management+physician+in+Toledo+Lincoln+NE/@41.6528052,-83.5378674,14z",2026-01-28T19:09:46.890Z,
https://www.google.com/maps/place/The+Center+for+Pain+%26+Spine+Management+at+Wood+County+Hospital/data=!4m7!3m6!1s0x883c0b903fa8dc13:0xf9c9cd1b104b8b8!8m2!3d41.3753681!4d-83.6663452!16s%2Fg%2F1hc2xp6j9!19sChIJE9yoP5ALPIgRuLgEsdGcnA8,The Center for Pain & Spine Management at Wood County Hospital,4.9,185,Pain control clinic,"950 W Wooster St, Bowling Green, OH 43402, United States","98GM+4F Bowling Green, Ohio, USA",https://www.woodcountyhospital.org/medical-services/pain-spine-management/?utm_source=GMBSocialClimb&utm_medium=TheCenterforPainManagementatWoodCountyHospital,+1 419-373-7696,Open · Closes 4 pm,https://lh3.googleusercontent.com/p/AF1QipM51XbY-opkSQFuIDpW_bUL9--deOVOTzbq6rR4=w426-h240-k-no,true,7 am–4 pm,8 am–4 pm,7 am–2 pm,Closed,Closed,8 am–4 pm,8 am–4 pm,"https://www.google.com/maps/search/pain+management+physician+in+Toledo+Lincoln+NE/@41.6528052,-83.5378674,14z",2026-01-28T19:09:51.847Z,
"https://www.google.com/maps/place/Kevin+Dankert,+DO/data=!4m7!3m6!1s0x883c7f872d248f8b:0x2975ff8192dbf2c4!8m2!3d41.6735645!4d-83.6722576!16s%2Fg%2F11gtgbpr3x!19sChIJi48kLYd_PIgRxPLbkoH_dSk","Kevin Dankert, DO",4.9,304,Physiatrist,"2865 N Reynolds Rd # 170, Toledo, OH 43615, United States","M8FH+C3 Toledo, Ohio, USA",https://www.promedica.org/our-doctors/KevinDankertDO/WP-24foLERMmmCGnqmjEmobayNg-3D-3D-24FyQXkLgtJh8SucccSpazJ7QVJhP2Boeyb9qj2vpFJjI-3D,+1 419-578-4277,,https://lh3.googleusercontent.com/p/AF1QipMeUD4rqEClyRhNw1MxBShzya9k9XcfSP5zDuVB=w426-h240-k-no,true,,,,,,,,"https://www.google.com/maps/search/pain+management+physician+in+Toledo+Lincoln+NE/@41.6528052,-83.5378674,14z",2026-01-28T19:09:54.728Z,
https://www.google.com/maps/place/Paincare+of+Northwest+Ohio/data=!4m7!3m6!1s0x883c7f7b6dfc8081:0x159b9617e3bca25f!8m2!3d41.6892366!4d-83.6352152!16s%2Fg%2F11nrwgl2_s!19sChIJgYD8bXt_PIgRX6K84xeWmxU,Paincare of Northwest Ohio,,,Pain management physician,"3840 Woodley Rd Ste A, Toledo, OH 43606, United States","M9Q7+MW Toledo, Ohio, USA",,+1 419-531-3500,,https://streetviewpixels-pa.googleapis.com/v1/thumbnail?panoid=QyBhM5sKERcDnosujLN2HA&cb_client=search.gws-prod.gps&w=408&h=240&yaw=2.8164458&pitch=0&thumbfov=100,false,,,,,,,,"https://www.google.com/maps/search/pain+management+physician+in+Toledo+Lincoln+NE/@41.6528052,-83.5378674,14z",2026-01-28T19:09:57.267Z,
https://www.google.com/maps/place/WC+Pain+Management/data=!4m7!3m6!1s0x883c7a23650234e3:0x3becdab88f53bc99!8m2!3d41.6120185!4d-83.6860968!16s%2Fg%2F11bbwm0nqc!19sChIJ4zQCZSN6PIgRmbxTj7ja7Ds,WC Pain Management,5.0,1,Pain control clinic,"1574 Henthorne Dr C, Maumee, OH 43537, United States","J867+RH Maumee, Ohio, USA",,+1 419-794-1170,Open · Closes 4 pm,https://streetviewpixels-pa.googleapis.com/v1/thumbnail?panoid=IvygqFVGk2OISoUGKdxTAg&cb_client=search.gws-prod.gps&w=408&h=240&yaw=82.573364&pitch=0&thumbfov=100,false,9 am–4 pm,9 am–4 pm,9 am–4 pm,Closed,Closed,9 am–4 pm,9 am–4 pm,"https://www.google.com/maps/search/pain+management+physician+in+Toledo+Lincoln+NE/@41.6528052,-83.5378674,14z",2026-01-28T19:10:02.257Z,
https://www.google.com/maps/place/Dr.+Kevin+Tiwari/data=!4m7!3m6!1s0x883c7f057e3d1aa3:0x5488d1d3a1d634eb!8m2!3d41.6956492!4d-83.6242501!16s%2Fg%2F11rwxfmv2s!19sChIJoxo9fgV_PIgR6zTWodPRiFQ,Dr. Kevin Tiwari,4.4,5,Medical school,"4235 Secor Rd, Toledo, OH 43623, United States",,http://www.toledoclinic.com/,+1 419-479-5418,,https://streetviewpixels-pa.googleapis.com/v1/thumbnail?panoid=v4j4GNA0qgwTl_5OKc4AMQ&cb_client=search.gws-prod.gps&w=408&h=240&yaw=52.72711&pitch=0&thumbfov=100,false,,,,,,,,"https://www.google.com/maps/search/pain+management+physician+in+Toledo+Lincoln+NE/@41.6528052,-83.5378674,14z",2026-01-28T19:10:05.072Z,
https://www.google.com/maps/place/Mercy+Health+-+Sylvania+Pain+Medicine/data=!4m7!3m6!1s0x883c7d2d368eb1d5:0xf5398bd92093b3f!8m2!3d41.5354956!4d-83.704321!16s%2Fg%2F11j5p_yx6l!19sChIJ1bGONi19PIgRPzsJkr2YUw8,Mercy Health - Sylvania Pain Medicine,2.2,10,Pain control clinic,"1360 Arrowhead Dr Suite 100, Maumee, OH 43537, United States","G7PW+57 Maumee, Ohio, USA",https://www.mercy.com/locations/specialty-locations/pain-management/mercy-health-sylvania-pain-medicine,+1 419-517-7677,Open · Closes 4:30 pm,https://streetviewpixels-pa.googleapis.com/v1/thumbnail?panoid=As4FKs4wUqNbGZI9U0mgKg&cb_client=search.gws-prod.gps&w=408&h=240&yaw=21.811386&pitch=0&thumbfov=100,true,8 am–4:30 pm,8 am–4:30 pm,8 am–4:30 pm,Closed,Closed,8 am–4:30 pm,8 am–4:30 pm,"https://www.google.com/maps/search/pain+management+physician+in+Toledo+Lincoln+NE/@41.6528052,-83.5378674,14z",2026-01-28T19:10:10.596Z,
https://www.google.com/maps/place/Salvi+Ashok+R+MD/data=!4m7!3m6!1s0x883c785c2d660ebd:0x51422a042fbe7c94!8m2!3d41.6178782!4d-83.6163207!16s%2Fg%2F1260ynmm2!19sChIJvQ5mLVx4PIgRlHy-LwQqQlE,Salvi Ashok R MD,,,Pain management physician,"3000 Arlington Ave, Toledo, OH 43614, United States","J99M+5F Toledo, Ohio, USA",,+1 419-383-4442,,https://streetviewpixels-pa.googleapis.com/v1/thumbnail?panoid=qV_F6ji_yXWj1D3Hcgnbzg&cb_client=search.gws-prod.gps&w=408&h=240&yaw=303.4287&pitch=0&thumbfov=100,false,,,,,,,,"https://www.google.com/maps/search/pain+management+physician+in+Toledo+Lincoln+NE/@41.6528052,-83.5378674,14z",2026-01-28T19:10:13.445Z,
"https://www.google.com/maps/place/Dr.+Rashid+Khalil/@41.6932612,-83.684586,17z/data=!3m1!4b1!4m6!3m5!1s0x883c7c245f90efc3:0x858ff192f8f28193!8m2!3d41.6932612!4d-83.684586!16s%2Fg%2F11b6b08vch",Dr. Rashid Khalil,2.4,23,Anesthesiologist,"4126 N Holland Sylvania Rd, Toledo, OH 43623, United States","M8V8+85 Toledo, Ohio, USA",https://www.mercy.com/find-a-doctor/physicians/rashid-khalil/206481,+1 419-517-7624,,,false,,,,,,,,"https://www.google.com/maps/search/pain+management+physician+in+Toledo+Lincoln+NE/@41.6528052,-83.5378674,14z",2026-01-28T19:10:18.338Z,
"https://www.google.com/maps/place/Eric+Lindsley,+MD/data=!4m7!3m6!1s0x883c7f2f36875207:0x56ce6fabf346cc1d!8m2!3d41.6735645!4d-83.6722576!16s%2Fg%2F11s7g0gtyq!19sChIJB1KHNi9_PIgRHcxG86tvzlY","Eric Lindsley, MD",4.8,176,Physiatrist,"2865 N Reynolds Rd # 170, Toledo, OH 43615, United States","M8FH+C3 Toledo, Ohio, USA",https://www.promedica.org/our-doctors/EricLindsleyMD/WP-24jwUdtnGp8BDFPTm9DwFOtA-3D-3D-24pHHcfD5zRsfpo5C2bGNUdDDxIeowEs04RmX69iSKQVg-3D,+1 419-578-4277,,https://streetviewpixels-pa.googleapis.com/v1/thumbnail?panoid=CFYARxeCAPKsNzJ1-_x4FQ&cb_client=search.gws-prod.gps&w=408&h=240&yaw=176.67976&pitch=0&thumbfov=100,true,,,,,,,,"https://www.google.com/maps/search/pain+management+physician+in+Toledo+Lincoln+NE/@41.6528052,-83.5378674,14z",2026-01-28T19:10:20.983Z,
https://www.google.com/maps/place/ProMedica+Pain+Management+-+Fremont/data=!4m7!3m6!1s0x883bc77be67f4e33:0x947ba7ea4a2e6c88!8m2!3d41.3395073!4d-83.1349326!16s%2Fg%2F11p_2lzv9q!19sChIJM05_5nvHO4gRiGwuSuqne5Q,ProMedica Pain Management - Fremont,3.7,3,Pain management physician,"715 S Taft Ave, Fremont, OH 43420, United States","8VQ8+R2 Fremont, Ohio, USA",https://www.promedica.org/locations-and-doctors/location/ppg/promedica-pain-management-fremont,+1 419-334-6639,,https://streetviewpixels-pa.googleapis.com/v1/thumbnail?panoid=p-jwen147gHiFo9pYo8NbA&cb_client=search.gws-prod.gps&w=408&h=240&yaw=185.10033&pitch=0&thumbfov=100,true,,,,,,,,"https://www.google.com/maps/search/pain+management+physician+in+Toledo+Lincoln+NE/@41.6528052,-83.5378674,14z",2026-01-28T19:10:23.666Z,
https://www.google.com/maps/place/Advanced+Pain+Management/data=!4m7!3m6!1s0x883c70d2a153c885:0x1fa96e62694ae6c7!8m2!3d41.5581149!4d-83.6784727!16s%2Fg%2F1vnrlplw!19sChIJhchTodJwPIgRx-ZKaWJuqR8,Advanced Pain Management,,,Pain management physician,"5757 Monclova Rd #2, Maumee, OH 43537, United States","H85C+6J Maumee, Ohio, USA",http://www.toledoclinic.com/,+1 419-479-5418,,https://streetviewpixels-pa.googleapis.com/v1/thumbnail?panoid=Ax0ojk9_4qTHOyvbHTNgPw&cb_client=search.gws-prod.gps&w=408&h=240&yaw=184.87639&pitch=0&thumbfov=100,true,,,,,,,,"https://www.google.com/maps/search/pain+management+physician+in+Toledo+Lincoln+NE/@41.6528052,-83.5378674,14z",2026-01-28T19:10:26.319Z,
https://www.google.com/maps/place/Management+Wee+Care+Pain+Management/data=!4m7!3m6!1s0x883c79c0808f3637:0xfff23a7507aa67f6!8m2!3d41.6053151!4d-83.6534054!16s%2Fg%2F1tnjk795!19sChIJNzaPgMB5PIgR9meqB3U68v8,Management Wee Care Pain Management,,,Pain control clinic,"1850 Eastgate Rd # C, Toledo, OH 43614, United States","J84W+4J Toledo, Ohio, USA",,+1 419-724-4442,,https://streetviewpixels-pa.googleapis.com/v1/thumbnail?panoid=n89ThKtHQK9lD3_RJss9pw&cb_client=search.gws-prod.gps&w=408&h=240&yaw=210.15286&pitch=0&thumbfov=100,false,,,,,,,,"https://www.google.com/maps/search/pain+management+physician+in+Toledo+Lincoln+NE/@41.6528052,-83.5378674,14z",2026-01-28T19:10:29.404Z,
https://www.google.com/maps/place/Michigan+Pain+Specialists/data=!4m7!3m6!1s0x883cf1cf91120119:0x9cf2ac7aff66020a!8m2!3d41.9131559!4d-84.047782!16s%2Fg%2F11bxf3wk34!19sChIJGQESkc_xPIgRCgJm_3qs8pw,Michigan Pain Specialists,4.8,136,Pain management physician,"770 Riverside Ave suite 207, Adrian, MI 49221, United States","WX72+7V Adrian, Michigan, USA",https://www.michiganpainspecialists.com/,+1 517-920-4453,Open · Closes 4:30 pm,https://lh3.googleusercontent.com/p/AF1QipOWc2ToYf0WwrORlJUxwFoTab89_q7IOVlZbfWJ=w408-h544-k-no,true,8 am–4:30 pm,8 am–4:30 pm,Closed,Closed,Closed,8 am–4:30 pm,8 am–4:30 pm,"https://www.google.com/maps/search/pain+management+physician+in+Toledo+Lincoln+NE/@41.6528052,-83.5378674,14z",2026-01-28T19:10:34.333Z,
https://www.google.com/maps/place/Advanced+Pain+Management:+Salvi+Ashok+MD/data=!4m7!3m6!1s0x883c70d2a153c885:0x7ec118af49c6c8b8!8m2!3d41.5580973!4d-83.6785206!16s%2Fg%2F1tgnsb5y!19sChIJhchTodJwPIgRuMjGSa8YwX4,Advanced Pain Management: Salvi Ashok MD,,,Pain management physician,"5757 Monclova Rd #2, Maumee, OH 43537, United States","H85C+6H Maumee, Ohio, USA",http://www.toledoclinic.com/,+1 419-479-5418,,https://streetviewpixels-pa.googleapis.com/v1/thumbnail?panoid=XumTD-vzbMUnlp7c8JkUTw&cb_client=search.gws-prod.gps&w=408&h=240&yaw=177.9661&pitch=0&thumbfov=100,false,,,,,,,,"https://www.google.com/maps/search/pain+management+physician+in+Toledo+Lincoln+NE/@41.6528052,-83.5378674,14z",2026-01-28T19:10:37.021Z,
"https://www.google.com/maps/place/Crisenbery+Marc+M/@41.682221,-83.626876,17z/data=!3m1!4b1!4m6!3m5!1s0x883c7f225f81c12d:0x857835278b87d13e!8m2!3d41.682221!4d-83.626876!16s%2Fg%2F1wcxds45",Crisenbery Marc M,,,Pain management physician,"3500 Executive Pkwy, Toledo, OH 43606, United States","M9JF+V6 Toledo, Ohio, USA",http://www.promedica.org/,+1 419-531-8558,,,false,,,,,,,,"https://www.google.com/maps/search/pain+management+physician+in+Toledo+Lincoln+NE/@41.6528052,-83.5378674,14z",2026-01-28T19:10:41.551Z,
https://www.google.com/maps/place/Owens+Jamie+F+MD/data=!4m7!3m6!1s0x883c7ee5a9f80b81:0xef5d492c54afbd67!8m2!3d41.6921406!4d-83.6431878!16s%2Fg%2F125_yly8f!19sChIJgQv4qeV-PIgRZ72vVCxJXe8,Owens Jamie F MD,,,Pain management physician,"4210 W Sylvania Ave #102, Toledo, OH 43623, United States","M9R4+VP Toledo, Ohio, USA",,+1 419-442-7887,,https://streetviewpixels-pa.googleapis.com/v1/thumbnail?panoid=6aWpsxeo3gx_j1EMKonA2g&cb_client=search.gws-prod.gps&w=408&h=240&yaw=89.83651&pitch=0&thumbfov=100,false,,,,,,,,"https://www.google.com/maps/search/pain+management+physician+in+Toledo+Lincoln+NE/@41.6528052,-83.5378674,14z",2026-01-28T19:10:44.218Z,
"https://www.google.com/maps/place/Northwest+Ohio+Pain+Management/@41.6099432,-83.5752049,17z/data=!3m1!4b1!4m6!3m5!1s0x883b87973f7ca95b:0x97daee76e855c536!8m2!3d41.6099432!4d-83.5752049!16s%2Fg%2F1tc_x880",Northwest Ohio Pain Management,,,Pain control clinic,"516 Riverside Dr, Rossford, OH 43460, United States","JC5F+XW Rossford, Ohio, USA",,+1 419-666-4333,Temporarily closed,,false,,,,,,,,"https://www.google.com/maps/search/pain+management+physician+in+Toledo+Lincoln+NE/@41.6528052,-83.5378674,14z",2026-01-28T19:10:50.852Z,
https://www.google.com/maps/place/Siletz+Community+Health+Clinic/data=!4m7!3m6!1s0x54ea8014f51bd9ad:0x737b11c87dd8ed92!8m2!3d44.7212171!4d-123.9043936!16s%2Fg%2F11b66cwvrm!19sChIJrdkb9RSA6lQRku3YfcgRe3M,Siletz Community Health Clinic,4.2,17,Medical clinic,"200 Gwee-Shut Rd, Siletz, OR 97380, United States","P3CW+F6 Siletz, Oregon, USA",https://www.ctsi.nsn.us/tribal-services/healthcare/,+1 541-444-1030,Closed · Opens 12 pm,https://lh3.googleusercontent.com/gps-cs-s/AHVAweqPRK9lm_AOsiye5BgatrAXAbPCtr9J_DlVAOKPO8S-wbko5lIs6lH2ggD8v-ds45FhtqHe-7NNwizbuiQD7UZL3YFC2dghbN9TTpVevdTEuiAYPHtiHCxU4pVYLyk5UOl0UhA=w408-h272-k-no,true,12–5 pm,8 am–5 pm,8 am–5 pm,Closed,Closed,8 am–5 pm,8 am–5 pm,"https://www.google.com/maps/search/pain+management+physician+in+Siletz+Lincoln+NE/@44.7217836,-123.920113,14z",2026-01-28T19:11:04.292Z,
https://www.google.com/maps/place/CHI+Health+Nebraska+Heart+Chest+Pain+Center/data=!4m7!3m6!1s0x879697e68294c56d:0xbc65af9b5e42b093!8m2!3d40.7364813!4d-96.5936095!16s%2Fg%2F11j0j74bgj!19sChIJbcWUguaXlocRk7BCXpuvZbw,CHI Health Nebraska Heart Chest Pain Center,,,Cardiologist,"7500 S 91st St, Lincoln, NE 68526, United States","PCP4+HH Lincoln, Nebraska, USA",https://www.chihealth.com/en/location-search/location-details.location.3573be5b-6f1b-4fe8-9247-88fe4fec630d.html,+1 402-489-6555,,https://lh3.googleusercontent.com/p/AF1QipOlQczcwUXZSTPDis8zvi3TVgbsWRKk3xl6HNrj=w426-h240-k-no,true,,,,,,,,"https://www.google.com/maps/search/pain+management+physician+in+Siletz+Lincoln+NE/@44.7217836,-123.920113,14z",2026-01-28T19:11:07.246Z,
https://www.google.com/maps/place/Christensen+Stephen+A+MD/data=!4m7!3m6!1s0x54ea8014f51bd9ad:0xbe88d18c167a6bf2!8m2!3d44.7198826!4d-123.9176062!16s%2Fg%2F1v9lbhxz!19sChIJrdkb9RSA6lQR8mt6FozRiL4,Christensen Stephen A MD,,,Doctor,"107 SE Swan Ave, Siletz, OR 97380, United States","P39J+XX Siletz, Oregon, USA",,+1 541-444-1030,,https://streetviewpixels-pa.googleapis.com/v1/thumbnail?panoid=4PgpeZzZ0WWlerwBVozO3w&cb_client=search.gws-prod.gps&w=408&h=240&yaw=215.0118&pitch=0&thumbfov=100,false,,,,,,,,"https://www.google.com/maps/search/pain+management+physician+in+Siletz+Lincoln+NE/@44.7217836,-123.920113,14z",2026-01-28T19:11:10.308Z,