placeUrl,title,rating,reviewCount,category,address,plusCode,website,phoneNumber,currentStatus,imgUrl,isClaimed,query,timestamp,info,tuesday,wednesday,thursday,friday,saturday,sunday,monday,error,attributes
https://www.google.com/maps/place/The+Iowa+Clinic+Vein+Therapy+-+Methodist+Medical+Center+Plaza+II/data=!4m7!3m6!1s0x87ee99a226f5ae45:0xb8b5e1d2d4197fa5!8m2!3d41.5892396!4d-93.633549!16s%2Fg%2F11f8lllrhv!19sChIJRa71JqKZ7ocRpX8Z1NLhtbg,The Iowa Clinic Vein Therapy - Methodist Medical Center Plaza II,,,Medical Center,"1215 Pleasant St Suite 618, Des Moines, IA 50309, United States","H9Q8+MH Des Moines, Iowa, USA",https://www.iowaclinic.com/locations/methodist-medical-center-plaza-2/vein-therapy-downtown/?utm_source=extnet&utm_medium=yext,+1 515-875-9090,,https://streetviewpixels-pa.googleapis.com/v1/thumbnail?panoid=fG61GlGe5Cacq1acxxJkAA&cb_client=search.gws-prod.gps&w=408&h=240&yaw=173.73431&pitch=0&thumbfov=100,true,"https://www.google.com/maps/search/vein+clinics+in+Adel+Des+Moines+IA/@41.5896139,-93.6163963,14z",2025-12-16T21:58:34.427Z,,,,,,,,,,
https://www.google.com/maps/place/The+Vein+Center+at+Iowa+Heart/data=!4m7!3m6!1s0x87ec2121f6bf54df:0xd4791051306e287!8m2!3d41.599359!4d-93.7891561!16s%2Fg%2F1vm7b_xw!19sChIJ31S_9iEh7IcRh-IGEwWRRw0,The Vein Center at Iowa Heart,3.4,5,Medical clinic,"5880 University Ave, West Des Moines, IA 50266, United States","H6X6+P8 West Des Moines, Iowa, USA",http://www.veincenteratiowaheart.com/,+1 515-633-3666,,https://streetviewpixels-pa.googleapis.com/v1/thumbnail?panoid=dxDM6K6mUIt4kHsducZHJg&cb_client=search.gws-prod.gps&w=408&h=240&yaw=314.51645&pitch=0&thumbfov=100,true,"https://www.google.com/maps/search/vein+clinics+in+Adel+Des+Moines+IA/@41.5896139,-93.6163963,14z",2025-12-16T21:58:37.058Z,,,,,,,,,,
https://www.google.com/maps/place/The+Iowa+Clinic+Vein+Therapy+-+West+Des+Moines+Campus/data=!4m7!3m6!1s0x87ec219df03d8abd:0xd4660d19caab25cc!8m2!3d41.5987441!4d-93.792489!16s%2Fg%2F11gl3p2kht!19sChIJvYo98J0h7IcRzCWryhkNZtQ,The Iowa Clinic Vein Therapy - West Des Moines Campus,3.0,2,Medical clinic,"5950 University Ave, West Des Moines, IA 50266, United States","H6X5+F2 West Des Moines, Iowa, USA",https://www.iowaclinic.com/locations/the-iowa-clinic-west-des-moines-campus/vein-therapy-west-des-moines/?utm_source=extnet&utm_medium=yext,+1 515-875-9090,,https://lh3.googleusercontent.com/p/AF1QipMorvr4G1oZDm70WCDVxG031rTpRoxuRWWB6Frk=w408-h306-k-no,true,"https://www.google.com/maps/search/vein+clinics+in+Adel+Des+Moines+IA/@41.5896139,-93.6163963,14z",2025-12-16T21:58:39.680Z,,,,,,,,,,
https://www.google.com/maps/place/Iowa+Clinic-Vascular+Surgery/data=!4m7!3m6!1s0x87ee9919587235e9:0xcef68b91821d1207!8m2!3d41.5894477!4d-93.6370109!16s%2Fg%2F1tgxv2xj!19sChIJ6TVyWBmZ7ocRBxIdgpGL9s4,Iowa Clinic-Vascular Surgery,,,Surgical center,"1440 Pleasant St STE 100, Des Moines, IA 50314, United States","H9Q7+Q5 Des Moines, Iowa, USA",https://www.iowaclinic.com/specialties/heart-vascular/vascular-surgery/,+1 515-875-9090,,https://streetviewpixels-pa.googleapis.com/v1/thumbnail?panoid=qJ38rrR-k3aPGiq40Wy7KQ&cb_client=search.gws-prod.gps&w=408&h=240&yaw=212.56024&pitch=0&thumbfov=100,false,"https://www.google.com/maps/search/vein+clinics+in+Adel+Des+Moines+IA/@41.5896139,-93.6163963,14z",2025-12-16T21:58:41.975Z,,,,,,,,,,
"https://www.google.com/maps/place/Sculpted515/@41.5862318,-93.6576919,17z/data=!3m1!4b1!4m6!3m5!1s0x87ec21b6e029fd73:0xfd5b437739b65f1c!8m2!3d41.5862318!4d-93.6576919!16s%2Fg%2F11rkt6zw9j",Sculpted515,4.8,23,Medical spa,"to the left of Cheese Bar, 2925 Ingersoll Ave Suite 102, Des Moines, IA 50312, United States","H8PR+FW Des Moines, Iowa, USA",,+1 515-669-3637,Open · Closes 6 pm,,false,"https://www.google.com/maps/search/vein+clinics+in+Adel+Des+Moines+IA/@41.5896139,-93.6163963,14z",2025-12-16T21:58:48.526Z,LGBTQ+ friendly,8 am–6 pm,8 am–6 pm,8 am–6 pm,8 am–3 pm,8 am–5 pm,Closed,Closed,,
https://www.google.com/maps/place/Iowa+IV/data=!4m7!3m6!1s0x87ee9fcc97b5ac73:0x90f8579f05d84ac2!8m2!3d41.5936072!4d-93.6739902!16s%2Fg%2F11fcq1wpv2!19sChIJc6y1l8yf7ocRwkrYBZ9X-JA,Iowa IV,4.9,335,Wellness center,"855 42nd St, Des Moines, IA 50312, United States","H8VG+CC Des Moines, Iowa, USA",https://iowaiv.com/,+1 833-424-9378,Open · Closes 6:30 pm,https://lh3.googleusercontent.com/p/AF1QipPWwNbyr-IKNRfP7NG8gY6BztkXCd1YrOIp8tzi=w408-h544-k-no,true,"https://www.google.com/maps/search/vein+clinics+in+Adel+Des+Moines+IA/@41.5896139,-93.6163963,14z",2025-12-16T21:58:53.346Z,Identifies as veteran-owned,9 am–6:30 pm,9 am–6:30 pm,9 am–6:30 pm,9 am–6:30 pm,10 am–4 pm,10 am–4 pm,9 am–6:30 pm,,
https://www.google.com/maps/place/Iowa+Clinic+Vascular+Surgery/data=!4m7!3m6!1s0x87ee9909a04d1d15:0x53c46fe5f973b13b!8m2!3d41.5977872!4d-93.6240389!16s%2Fg%2F1vc82c7_!19sChIJFR1NoAmZ7ocRO7Fz-eVvxFM,Iowa Clinic Vascular Surgery,,,Surgical center,"411 Laurel St # 2380, Des Moines, IA 50314, United States","H9XG+49 Des Moines, Iowa, USA",https://www.iowaclinic.com/specialties/heart-vascular/vascular-surgery/,+1 515-288-8001,,https://streetviewpixels-pa.googleapis.com/v1/thumbnail?panoid=IRLGwIv5vZYZJKf2EsOT5A&cb_client=search.gws-prod.gps&w=408&h=240&yaw=345.14185&pitch=0&thumbfov=100,false,"https://www.google.com/maps/search/vein+clinics+in+Adel+Des+Moines+IA/@41.5896139,-93.6163963,14z",2025-12-16T21:58:55.555Z,,,,,,,,,,
https://www.google.com/maps/place/The+Iowa+Clinic+Vein+Therapy+-+Ankeny+Campus/data=!4m7!3m6!1s0x87ee9b9bfb272419:0xcf0aeec01d877c81!8m2!3d41.7022!4d-93.6204405!16s%2Fg%2F11f8lljlwg!19sChIJGSQn-5ub7ocRgXyHHcDuCs8,The Iowa Clinic Vein Therapy - Ankeny Campus,,,Medical Center,"1410 SW Tradition Dr, Ankeny, IA 50023, United States","P92H+VR Ankeny, Iowa, USA",https://www.iowaclinic.com/locations/the-iowa-clinic-ankeny-campus/vein-therapy-ankeny/?utm_source=extnet&utm_medium=yext,+1 515-875-9090,,https://streetviewpixels-pa.googleapis.com/v1/thumbnail?panoid=B5IqAqVhpbi-XP9DEn3ixw&cb_client=search.gws-prod.gps&w=408&h=240&yaw=242.60242&pitch=0&thumbfov=100,true,"https://www.google.com/maps/search/vein+clinics+in+Adel+Des+Moines+IA/@41.5896139,-93.6163963,14z",2025-12-16T21:58:58.017Z,,,,,,,,,,
https://www.google.com/maps/place/DR.+J.A.+OLIVENCIA/data=!4m7!3m6!1s0x87ee9e217c54ccd9:0xd20ee6c6ef3105de!8m2!3d41.5975572!4d-93.7384506!16s%2Fg%2F1thf935s!19sChIJ2cxUfCGe7ocR3gUx78bmDtI,DR. J.A. OLIVENCIA,5.0,1,Surgeon,"2425 Westown Pkwy, West Des Moines, IA 50266, United States","H7X6+2J West Des Moines, Iowa, USA",,+1 515-222-8346,,https://streetviewpixels-pa.googleapis.com/v1/thumbnail?panoid=qdjdESiney14eaUyRf71qg&cb_client=search.gws-prod.gps&w=408&h=240&yaw=180.56813&pitch=0&thumbfov=100,false,"https://www.google.com/maps/search/vein+clinics+in+Adel+Des+Moines+IA/@41.5896139,-93.6163963,14z",2025-12-16T21:59:00.211Z,,,,,,,,,,
https://www.google.com/maps/place/Des+Moines+Vein+Clinic/data=!4m7!3m6!1s0x87ee9e46ac71becf:0xd1de533cdd18a590!8m2!3d41.5956971!4d-93.7196053!16s%2Fg%2F11b5pm7gyn!19sChIJz75xrEae7ocRkKUY3TxT3tE,Des Moines Vein Clinic,5.0,1,Surgical center,"974 73rd St STE 23, West Des Moines, IA 50265, United States","H7WJ+75 West Des Moines, Iowa, USA",,+1 515-221-2297,Temporarily closed,https://streetviewpixels-pa.googleapis.com/v1/thumbnail?panoid=91zTgYgBQIk9XdW3GYX1Kw&cb_client=search.gws-prod.gps&w=408&h=240&yaw=303.08734&pitch=0&thumbfov=100,false,"https://www.google.com/maps/search/vein+clinics+in+Adel+Des+Moines+IA/@41.5896139,-93.6163963,14z",2025-12-16T21:59:04.615Z,,,,,,,,,,
"https://www.google.com/maps/place/Dr.+Dennis+M.+Fry,+MD/data=!4m7!3m6!1s0x87ee991b9bd21d51:0xf436e58e10f5ad37!8m2!3d41.5897083!4d-93.6347257!16s%2Fg%2F1tf16f9m!19sChIJUR3SmxuZ7ocRN631EI7lNvQ","Dr. Dennis M. Fry, MD",5.0,2,Vascular surgeon,"1215 Pleasant St Suite 618, Des Moines, IA 50309, United States","H9Q8+V4 Des Moines, Iowa, USA",https://www.iowaclinic.com/doctors/,+1 515-875-9072,Temporarily closed,https://streetviewpixels-pa.googleapis.com/v1/thumbnail?panoid=7zt_d3XOjp_Y5IpA6BoTYQ&cb_client=search.gws-prod.gps&w=408&h=240&yaw=241.033&pitch=0&thumbfov=100,false,"https://www.google.com/maps/search/vein+clinics+in+Adel+Des+Moines+IA/@41.5896139,-93.6163963,14z",2025-12-16T21:59:09.097Z,,,,,,,,,,
"https://www.google.com/maps/place/Dennis+Fry,+MD/data=!4m7!3m6!1s0x87ec2122830e2c89:0x95f125040c5d789!8m2!3d41.5986768!4d-93.7924385!16s%2Fg%2F1wf394sc!19sChIJiSwOgyIh7IcRidfFQFASXwk","Dennis Fry, MD",4.6,35,Vascular surgeon,"5950 University Ave, West Des Moines, IA 50266, United States","H6X5+F2 West Des Moines, Iowa, USA",https://www.iowaclinic.com/doctors/d42/dennis-fry/?utm_source=extnet&utm_medium=yext,+1 515-875-9090,,https://lh3.googleusercontent.com/p/AF1QipPf8pDFUngCOXv76oI5qUvhbHpGxSpQWl_rsOL6=w426-h240-k-no,true,"https://www.google.com/maps/search/vein+clinics+in+Clive+Des+Moines+IA/@41.6060873,-93.77236,14z",2025-12-16T21:59:20.356Z,,,,,,,,,,
"https://www.google.com/maps/place/Nicholas+Southard,+DO/data=!4m7!3m6!1s0x87ec212285512b61:0xed537963093ecf9!8m2!3d41.5986656!4d-93.7924067!16s%2Fg%2F11b5wmcdzp!19sChIJYStRhSIh7IcR-eyTMJY31Q4","Nicholas Southard, DO",4.5,34,Vascular surgeon,"5950 University Ave, West Des Moines, IA 50266, United States","H6X5+F2 West Des Moines, Iowa, USA",https://www.iowaclinic.com/doctors/d141/nicholas-southard/?utm_source=extnet&utm_medium=yext,+1 515-875-9090,,https://lh3.googleusercontent.com/p/AF1QipO7UYG8bTGOHFBbUVYkl4mP1beohMGjQLZTj3Ml=w426-h240-k-no,true,"https://www.google.com/maps/search/vein+clinics+in+Clive+Des+Moines+IA/@41.6060873,-93.77236,14z",2025-12-16T21:59:22.636Z,,,,,,,,,,
https://www.google.com/maps/place/MercyOne+West+Des+Moines+Vascular+Surgery/data=!4m7!3m6!1s0x87ec2121f6bf54df:0x9406fad45fbe218e!8m2!3d41.5993307!4d-93.7891734!16s%2Fg%2F1tgfx5d_!19sChIJ31S_9iEh7IcRjiG-X9T6BpQ,MercyOne West Des Moines Vascular Surgery,,,Medical clinic,"5880 University Ave, West Des Moines, IA 50266, United States","H6X6+P8 West Des Moines, Iowa, USA",https://www.mercyone.org/location/mercyone-west-des-moines-vascular-surgery,+1 515-633-3660,,https://streetviewpixels-pa.googleapis.com/v1/thumbnail?panoid=gkWnCZSn-sdlauGSxCY_Eg&cb_client=search.gws-prod.gps&w=408&h=240&yaw=211.25824&pitch=0&thumbfov=100,true,"https://www.google.com/maps/search/vein+clinics+in+Clive+Des+Moines+IA/@41.6060873,-93.77236,14z",2025-12-16T21:59:24.961Z,,,,,,,,,,
https://www.google.com/maps/place/vIVid+Wellness+%2B+Aesthetics/data=!4m7!3m6!1s0xa5fd54daa5476ff9:0x92c2e14f1f093eeb!8m2!3d41.6114055!4d-93.7481908!16s%2Fg%2F11jsl1p7z_!19sChIJ-W9HpdpU_aUR6z4JH0_hwpI,vIVid Wellness + Aesthetics,5.0,125,Wellness center,"1980 NW 94th St STE E/F, Clive, IA 50325, United States","J762+HP Clive, Iowa, USA",https://vividwellnesslounge.com/,+1 515-415-1550,"Open · Closes 5 pm

Updated by this business 1 week ago",https://lh3.googleusercontent.com/p/AF1QipP-b51YqL9XvWRtxdKzpSZtuZRZabEwKBy4ZlaN=w408-h543-k-no,true,"https://www.google.com/maps/search/vein+clinics+in+Clive+Des+Moines+IA/@41.6060873,-93.77236,14z",2025-12-16T21:59:29.343Z,Identifies as women-owned,9 am–5 pm,9 am–5 pm,9 am–5 pm,9 am–1 pm,9 am–12 pm,Closed,9 am–5 pm,,
"https://www.google.com/maps/place/Rori+Mankins,+MD/data=!4m7!3m6!1s0x87ec21794e2a4161:0xcf42424966564eb3!8m2!3d41.5987106!4d-93.7924037!16s%2Fg%2F11q79k3syn!19sChIJYUEqTnkh7IcRs05WZklCQs8","Rori Mankins, MD",4.8,17,Vascular surgeon,"5950 University Ave, West Des Moines, IA 50266, United States","H6X5+F2 West Des Moines, Iowa, USA",https://www.iowaclinic.com/doctors/d1113/rori-mankins/?utm_source=extnet&utm_medium=yext,+1 515-875-9090,,https://lh3.googleusercontent.com/p/AF1QipMF0FharlKdxB0EpZ52cR4vvKXJeAHw8m6U-uH9=w426-h240-k-no,true,"https://www.google.com/maps/search/vein+clinics+in+Clive+Des+Moines+IA/@41.6060873,-93.77236,14z",2025-12-16T21:59:31.715Z,,,,,,,,,,
"https://www.google.com/maps/place/Jacoby+Stieler,+ARNP/data=!4m7!3m6!1s0x87ec21628abaad7f:0x3322f4a918481f2!8m2!3d41.5993267!4d-93.7891897!16s%2Fg%2F11j6x0wysx!19sChIJf626imIh7IcR8oGEkUovMgM","Jacoby Stieler, ARNP",,,Vascular surgeon,"5880 University Ave, West Des Moines, IA 50266, United States","H6X6+P8 West Des Moines, Iowa, USA",https://www.mercyone.org/desmoines/provider/jacoby-stieler-arnp-vascular-surgery,+1 515-633-3600,Closes soon · 4:30 pm · Opens 8 am Wed,https://streetviewpixels-pa.googleapis.com/v1/thumbnail?panoid=pDzj5YRKLFyKIaxmmOptzA&cb_client=search.gws-prod.gps&w=408&h=240&yaw=106.504036&pitch=0&thumbfov=100,true,"https://www.google.com/maps/search/vein+clinics+in+Clive+Des+Moines+IA/@41.6060873,-93.77236,14z",2025-12-16T21:59:36.080Z,,8 am–4:30 pm,8 am–4:30 pm,8 am–4:30 pm,8 am–4:30 pm,Closed,Closed,8 am–4:30 pm,,
"https://www.google.com/maps/place/Eric+Scott,+MD/data=!4m7!3m6!1s0x87ec2122830e2c89:0xa717eb57e983ba3f!8m2!3d41.5986369!4d-93.7924094!16s%2Fg%2F1tgqjzp2!19sChIJiSwOgyIh7IcRP7qD6VfrF6c","Eric Scott, MD",4.8,28,Vascular surgeon,"5950 University Ave, West Des Moines, IA 50266, United States","H6X5+F2 West Des Moines, Iowa, USA",https://www.iowaclinic.com/doctors/d51/eric-scott/?utm_source=extnet&utm_medium=yext,+1 515-875-9090,,https://lh3.googleusercontent.com/p/AF1QipMnbWu5GNC5obkfXbmZbVMD9RziP3PZqxd2cIxK=w426-h240-k-no,true,"https://www.google.com/maps/search/vein+clinics+in+Clive+Des+Moines+IA/@41.6060873,-93.77236,14z",2025-12-16T21:59:38.821Z,,,,,,,,,,
https://www.google.com/maps/place/The+Iowa+Clinic+Vascular+Surgery+-+West+Des+Moines+Campus/data=!4m7!3m6!1s0x87ec2122830e2c89:0xb21a23f93c5133af!8m2!3d41.5986907!4d-93.7924139!16s%2Fg%2F1vg_ddrx!19sChIJiSwOgyIh7IcRrzNRPPkjGrI,The Iowa Clinic Vascular Surgery - West Des Moines Campus,3.0,2,Medical clinic,"5950 University Ave, West Des Moines, IA 50266, United States","H6X5+F2 West Des Moines, Iowa, USA",https://www.iowaclinic.com/locations/the-iowa-clinic-west-des-moines-campus/vascular-surgery-west-des-moines/?utm_source=extnet&utm_medium=yext,+1 515-875-9090,,https://lh3.googleusercontent.com/p/AF1QipMWzVlZuXjjYWYEjmLPncV1q3OdhB-qsSXZv2xJ=w408-h408-k-no,true,"https://www.google.com/maps/search/vein+clinics+in+Clive+Des+Moines+IA/@41.6060873,-93.77236,14z",2025-12-16T21:59:41.662Z,,,,,,,,,,
https://www.google.com/maps/place/Aesthetic+Collective/data=!4m7!3m6!1s0x87ec215b318c9f8d:0xd52a10c8dd23a6b2!8m2!3d41.5944906!4d-93.8029454!16s%2Fg%2F11l6v54nlq!19sChIJjZ-MMVsh7IcRsqYj3cgQKtU,Aesthetic Collective,5.0,221,Medical spa,"6750 Westown Pkwy #110, West Des Moines, IA 50266, United States","H5VW+QR West Des Moines, Iowa, USA",https://aestheticcollectives.com/west-des-moines/,+1 515-220-1838,Open · Closes 5 pm,https://lh3.googleusercontent.com/p/AF1QipMxhtbZ4IMz6pckWEhx_ubZGloWYewlaGiZXWFs=w408-h272-k-no,true,"https://www.google.com/maps/search/vein+clinics+in+Clive+Des+Moines+IA/@41.6060873,-93.77236,14z",2025-12-16T21:59:46.446Z,Identifies as women-owned,9 am–5 pm,9 am–5 pm,9 am–5 pm,9 am–5 pm,9 am–5 pm,9 am–5 pm,9 am–5 pm,,
"https://www.google.com/maps/place/Kelsey+Christensen,+DNP/data=!4m7!3m6!1s0x87ec2136577c05cd:0x10852fc4c93c393f!8m2!3d41.5986842!4d-93.7923997!16s%2Fg%2F11j4dp7wm4!19sChIJzQV8VzYh7IcRPzk8ycQvhRA","Kelsey Christensen, DNP",4.7,38,Nurse practitioner,"5950 University Ave, West Des Moines, IA 50266, United States","H6X5+F2 West Des Moines, Iowa, USA",https://www.iowaclinic.com/doctors/kelsey-christensen/?utm_source=extnet&utm_medium=yext,+1 515-875-9090,,https://lh3.googleusercontent.com/p/AF1QipPOn7fAcPof6_OJQ3A3c1rbpeYPxMZ4MdgoJWmS=w426-h240-k-no,true,"https://www.google.com/maps/search/vein+clinics+in+Clive+Des+Moines+IA/@41.6060873,-93.77236,14z",2025-12-16T21:59:48.870Z,,,,,,,,,,
"https://www.google.com/maps/place/Forefront+Dermatology+Clive,+IA+-+Aesthetics/data=!4m7!3m6!1s0x87ec21211f5092e9:0xfefb1e36ded65a69!8m2!3d41.6026192!4d-93.7871282!16s%2Fg%2F1tnpf_8p!19sChIJ6ZJQHyEh7IcRaVrW3jYe-_4","Forefront Dermatology Clive, IA - Aesthetics",4.1,53,Medical spa,"12327 Stratford Dr Suite A, Clive, IA 50325, United States","J637+24 Clive, Iowa, USA",https://forefrontdermatology.com/location/clive-ia-50325/cosmetic-dermatology/?utm_source=GMB&utm_medium=Yext&y_source=1_MTg0NjExNzAtNzE1LWxvY2F0aW9uLndlYnNpdGU%3D,+1 515-224-7088,Open · Closes 5 pm,https://lh3.googleusercontent.com/gps-cs-s/AG0ilSwsP6sf85sjgxTCWTbjde3UrQBFLQXMzxqTCm9oou36-U7ePW2Pi6xBETtJdVC3k_yke7Sjk74zLV3Y0C3TnNze-_XC_EMc-u-FcgbJW2yP4oIu6eNHOfBkz8gEqKJSgu6eRMTGKg=w408-h544-k-no,true,"https://www.google.com/maps/search/vein+clinics+in+Clive+Des+Moines+IA/@41.6060873,-93.77236,14z",2025-12-16T21:59:53.297Z,,8 am–5 pm,8 am–5 pm,8 am–5 pm,8 am–5 pm,Closed,Closed,8 am–5 pm,,
https://www.google.com/maps/place/Iowa+Digestive+Disease+Center/data=!4m7!3m6!1s0x87ec2121645d2de5:0x88d49afcc3410115!8m2!3d41.602107!4d-93.7889453!16s%2Fg%2F1td8zp5f!19sChIJ5S1dZCEh7IcRFQFBw_ya1Ig,Iowa Digestive Disease Center,4.8,1634,Medical clinic,"1378 NW 124th St #200, Clive, IA 50325, United States","J626+RC Clive, Iowa, USA",http://www.iddc.net/,+1 515-288-6097,Closes soon · 4:30 pm · Opens 8 am Wed,https://lh3.googleusercontent.com/gps-cs-s/AG0ilSwlPivGjfIFUW2rRINjayPQsNYq7x20FP9lhVGOsAB_HtpWeXxXHPlvSF7TQIxNxCbevuIZCy7L_rSaeRGknY5xfRFq4XCbWbdCBm1Fv1o-aa27zTAYGWRv6Bgpg2mtll5mKnoI=w408-h307-k-no,true,"https://www.google.com/maps/search/vein+clinics+in+Clive+Des+Moines+IA/@41.6060873,-93.77236,14z",2025-12-16T21:59:57.916Z,,8 am–4:30 pm,8 am–4:30 pm,8 am–4:30 pm,8 am–4:30 pm,Closed,Closed,8 am–4:30 pm,,
https://www.google.com/maps/place/Urology+Center+of+Iowa/data=!4m7!3m6!1s0x87ec212d4d0019dd:0x17192bbafe6659c2!8m2!3d41.6008377!4d-93.7849119!16s%2Fg%2F11j7w96kds!19sChIJ3RkATS0h7IcRwllm_rorGRc,Urology Center of Iowa,4.7,929,Urologist,"12129 University Ave, Clive, IA 50325, United States","J628+82 Clive, Iowa, USA",https://www.iowauro.com/?utm_source=gmb&utm_id=indig,+1 515-400-3550,Closes soon · 4:30 pm · Opens 8 am Wed,https://lh3.googleusercontent.com/p/AF1QipPR_CHVU-214DKwyc6W7cqolAU-bu3ev6THJSs6=w408-h306-k-no,true,"https://www.google.com/maps/search/vein+clinics+in+Clive+Des+Moines+IA/@41.6060873,-93.77236,14z",2025-12-16T22:00:02.590Z,LGBTQ+ friendly,8 am–4:30 pm,8 am–4:30 pm,8 am–4:30 pm,8 am–3 pm,Closed,Closed,8 am–4:30 pm,,
https://www.google.com/maps/place/KryoVitality/data=!4m7!3m6!1s0x87ec20df7b805eb1:0x5d3a14ae006737c0!8m2!3d41.6019077!4d-93.783873!16s%2Fg%2F11bxf2vshn!19sChIJsV6Ae98g7IcRwDdnAK4UOl0,KryoVitality,4.9,95,Doctor,"1349 NW 121st St, Clive, IA 50325, United States","J628+QF Clive, Iowa, USA",http://kryovitalityiowa.com/,+1 515-401-5151,Open · Closes 6 pm,https://lh3.googleusercontent.com/gps-cs-s/AG0ilSxACQdQ2lgO4ew5a3JBV5rOgZabITA7Kh3Su72xUvOXKpoz2qmgx0O18ks2NRH3so3fbKUVp1dklJwPU9Hwsxpv-sTecpwjHS-MrvR35075qhGSic3sqhoC74W2gXLKiY_7Qa-Ieg=w408-h544-k-no,true,"https://www.google.com/maps/search/vein+clinics+in+Clive+Des+Moines+IA/@41.6060873,-93.77236,14z",2025-12-16T22:00:07.202Z,,7:30 am–6 pm,7:30 am–6 pm,7:30 am–6 pm,7:30 am–5 pm,9 am–1:30 pm,11 am–4 pm,7:30 am–6 pm,,
https://www.google.com/maps/place/The+Iowa+Clinic+Vascular+Access/data=!4m7!3m6!1s0x87ec216548ad560d:0x215e1bf28577ac96!8m2!3d41.5988304!4d-93.7925121!16s%2Fg%2F11f8lljk2c!19sChIJDVatSGUh7IcRlqx3hfIbXiE,The Iowa Clinic Vascular Access,,,Medical Center,"5950 University Ave, West Des Moines, IA 50266, United States","H6X4+GX West Des Moines, Iowa, USA",https://www.iowaclinic.com/locations/the-iowa-clinic-west-des-moines-campus/vascular-access-west-des-moines/?utm_source=extnet&utm_medium=yext,+1 515-875-9750,,https://lh3.googleusercontent.com/p/AF1QipM52G0WtUoelEnQPQgk70Mjk0JvGg0rOcVj4WvZ=w408-h272-k-no,true,"https://www.google.com/maps/search/vein+clinics+in+Clive+Des+Moines+IA/@41.6060873,-93.77236,14z",2025-12-16T22:00:09.470Z,,,,,,,,,,
https://www.google.com/maps/place/The+Iowa+Clinic+West+Des+Moines+Campus/data=!4m7!3m6!1s0x87ec212285512b61:0x4c318eae17c57b17!8m2!3d41.5986873!4d-93.7924775!16s%2Fg%2F1tdfj724!19sChIJYStRhSIh7IcRF3vFF66OMUw,The Iowa Clinic West Des Moines Campus,3.1,236,Medical Center,"5950 University Ave, West Des Moines, IA 50266, United States","H6X5+F2 West Des Moines, Iowa, USA",https://www.iowaclinic.com/locations/the-iowa-clinic-west-des-moines-campus/?utm_medium=organic&utm_source=gmb&utm_campaign=clinic?utm_source=extnet&utm_medium=yext,+1 515-875-9000,Closes soon · 4:30 pm · Opens 8 am Wed,https://lh3.googleusercontent.com/gps-cs-s/AG0ilSxQp78IZqQdVZqVNV1KSU3P-NrvN_lHPyWM68oYGt3P7NAlE-D2HUTXE79MBR6YxX_hXNyJ-PALsxux5oC_OEATXGXXQV8QwWVkMJ_rXlFb-MlrZpYtej6cvLlagiHcEw-DQ6Ogvg=w408-h306-k-no,true,"https://www.google.com/maps/search/vein+clinics+in+Clive+Des+Moines+IA/@41.6060873,-93.77236,14z",2025-12-16T22:00:14.034Z,,8 am–4:30 pm,8 am–4:30 pm,8 am–4:30 pm,8 am–4:30 pm,Closed,Closed,8 am–4:30 pm,,
https://www.google.com/maps/place/Skin+Iowa+PC/data=!4m7!3m6!1s0x87ec2171252488d1:0x67ca21bed42ba1ac!8m2!3d41.5838957!4d-93.8119788!16s%2Fg%2F1tgpbv24!19sChIJ0YgkJXEh7IcRrKEr1L4hymc,Skin Iowa PC,4.7,114,Dermatologist,"1045 76th St # 1050, West Des Moines, IA 50266, United States","H5MQ+H6 West Des Moines, Iowa, USA",https://skiniowa.com/,+1 515-223-0119,Closes soon · 4:30 pm · Opens 8 am Wed,https://lh3.googleusercontent.com/gps-cs-s/AG0ilSw6Giw953GYB9TMRS5pjomM0osuYNGz6O-lOH57qA620njepv8qbNthD371lPKeDg8uc9q0s-hndHyed1ZkwtCXUXrrVJWhIWUbKJTMekni-_-QTzcTIEcY5qRouvMjDvR_kMA8=w408-h408-k-no,true,"https://www.google.com/maps/search/vein+clinics+in+Clive+Des+Moines+IA/@41.6060873,-93.77236,14z",2025-12-16T22:00:18.594Z,,8 am–4:30 pm,8 am–4:30 pm,8 am–4:30 pm,8 am–12 pm,Closed,Closed,8 am–4:30 pm,,
"https://www.google.com/maps/place/Capital+Orthopaedics+%26+Sports+Medicine,+PC/data=!4m7!3m6!1s0x87ec212225d1586b:0x6cc3bbec085ba066!8m2!3d41.6026677!4d-93.7911974!16s%2Fg%2F1tykvyql!19sChIJa1jRJSIh7IcRZqBbCOy7w2w","Capital Orthopaedics & Sports Medicine, PC",4.9,1155,Orthopedic surgeon,"12499 University Ave Suite 210, Clive, IA 50325, United States","J635+3G Clive, Iowa, USA",https://www.dsmcapitalortho.com/,+1 515-440-2676,Closes soon · 5 pm · Opens 7:30 am Wed,https://lh3.googleusercontent.com/gps-cs-s/AG0ilSz0mPmTGm3gbUoN67sKV4VSWfdkcUfEM4yPOM-HWkDAYQZtzL3zHgQXG6ewb2IcTR2hGzaUM-OJ0asJ4bmdAo7oOakaQwDuLNXl7fDoZS3GpLkNLpK_bbDxr8KoG69lTeTZpiLe2g=w408-h336-k-no,true,"https://www.google.com/maps/search/vein+clinics+in+Clive+Des+Moines+IA/@41.6060873,-93.77236,14z",2025-12-16T22:00:23.061Z,,7:30 am–5 pm,7:30 am–5 pm,7:30 am–5 pm,7:30 am–5 pm,Closed,Closed,7:30 am–5 pm,,
"https://www.google.com/maps/place/Caitlin+Arey,+ARNP/data=!4m7!3m6!1s0x87ec2121f8400001:0x6e36b7b7e0e40e5a!8m2!3d41.599321!4d-93.7891533!16s%2Fg%2F11pkfs1qth!19sChIJAQBA-CEh7IcRWg7k4Le3Nm4","Caitlin Arey, ARNP",,,Vascular surgeon,"5880 University Ave, West Des Moines, IA 50266, United States","H6X6+P8 West Des Moines, Iowa, USA",https://www.iowaheart.com/for-patients/find-a-provider/detail/?id=145,+1 515-633-3660,,https://streetviewpixels-pa.googleapis.com/v1/thumbnail?panoid=dxDM6K6mUIt4kHsducZHJg&cb_client=search.gws-prod.gps&w=408&h=240&yaw=310.682&pitch=0&thumbfov=100,true,"https://www.google.com/maps/search/vein+clinics+in+Clive+Des+Moines+IA/@41.6060873,-93.77236,14z",2025-12-16T22:00:25.446Z,,,,,,,,,,
https://www.google.com/maps/place/The+Iowa+Clinic+Vascular+Surgery+-+Methodist+Medical+Center+Plaza+II/data=!4m7!3m6!1s0x87ee990065658749:0x37fe400aed9173b2!8m2!3d41.5893684!4d-93.6335436!16s%2Fg%2F11y5g0dltm!19sChIJSYdlZQCZ7ocRsnOR7QpA_jc,The Iowa Clinic Vascular Surgery - Methodist Medical Center Plaza II,,,Vascular surgeon,"1215 Pleasant St Suite 618, Des Moines, IA 50309, United States","H9Q8+PH Des Moines, Iowa, USA",https://www.iowaclinic.com/locations/methodist-medical-center-plaza-2/vascular-surgery-downtown/?utm_source=extnet&utm_medium=yext,+1 515-875-9090,,https://streetviewpixels-pa.googleapis.com/v1/thumbnail?panoid=fG61GlGe5Cacq1acxxJkAA&cb_client=search.gws-prod.gps&w=408&h=240&yaw=171.60248&pitch=0&thumbfov=100,true,"https://www.google.com/maps/search/vein+clinics+in+Dallas+Center+Des+Moines+IA/@41.5896139,-93.6163963,14z",2025-12-16T22:00:41.044Z,,,,,,,,,,
https://www.google.com/maps/place/Des+Moines+University+Clinic/data=!4m7!3m6!1s0x87ee992ab598fca1:0x484e6684fc71ce63!8m2!3d41.5836628!4d-93.6608585!16s%2Fg%2F1v27w186!19sChIJofyYtSqZ7ocRY85x_IRmTkg,Des Moines University Clinic,4.2,46,Medical clinic,"3200 Grand Ave, Des Moines, IA 50312, United States","H8MQ+FM Des Moines, Iowa, USA",https://www.dmuclinic.org/,+1 515-271-1700,Closes soon · 5 pm · Opens 8 am Wed,https://lh3.googleusercontent.com/p/AF1QipNjDnmcJWkHtQ5nL7Hz-C2xTPSg9Dk_zq0lDHM4=w408-h272-k-no,true,"https://www.google.com/maps/search/vein+clinics+in+Dallas+Center+Des+Moines+IA/@41.5896139,-93.6163963,14z",2025-12-16T22:00:45.580Z,,8 am–5 pm,8 am–5 pm,8 am–5 pm,8 am–5 pm,Closed,Closed,8 am–5 pm,,
https://www.google.com/maps/place/The+Iowa+Clinic+Cardiothoracic+Surgery+-+Methodist+Medical+Center+Plaza+II/data=!4m7!3m6!1s0x87ee991b9bd21d51:0x8d528629154a1b64!8m2!3d41.5897259!4d-93.6333639!16s%2Fg%2F1tlqqjzv!19sChIJUR3SmxuZ7ocRZBtKFSmGUo0,The Iowa Clinic Cardiothoracic Surgery - Methodist Medical Center Plaza II,2.1,10,Medical clinic,"1215 Pleasant St Suite 618, Des Moines, IA 50309, United States","H9Q8+VM Des Moines, Iowa, USA",https://www.iowaclinic.com/cardiology/specialties/cardiothoracic-surgery/?utm_source=extnet&utm_medium=yext,+1 515-875-9090,,https://lh3.googleusercontent.com/gps-cs-s/AG0ilSwOrp9srXqXWc0gdseG2Axi1iAWUC86ZREUSqzgJqRnw3CZB4hRtOprt-hkhj0i-PV0J1ITVPUSlG19sUAw4F0U2yLRlW8y5ZaWd30dxHagWUnNiY-LZWdxBki3pmCDemoSrUoz=w408-h306-k-no,true,"https://www.google.com/maps/search/vein+clinics+in+Dallas+Center+Des+Moines+IA/@41.5896139,-93.6163963,14z",2025-12-16T22:00:48.106Z,,,,,,,,,,
https://www.google.com/maps/place/MercyOne+Iowa+Heart+Center+Des+Moines/data=!4m7!3m6!1s0x87ee99ba909d023b:0xc3b462cb6f9f4e6f!8m2!3d41.5978171!4d-93.6228093!16s%2Fg%2F11fn79ckpr!19sChIJOwKdkLqZ7ocRb06fb8titMM,MercyOne Iowa Heart Center Des Moines,3.1,18,Medical clinic,"411 Laurel St # A250, Des Moines, IA 50314, United States","H9XG+4V Des Moines, Iowa, USA",https://www.mercyone.org/location/mercyone-iowa-heart-center-des-moines,+1 515-235-5000,Closes soon · 4:30 pm · Opens 8 am Wed,https://lh3.googleusercontent.com/p/AF1QipNC2pI5nyvawNZ2sxIw_49yMaOX2qK5dTv8G7yJ=w408-h260-k-no,true,"https://www.google.com/maps/search/vein+clinics+in+Dallas+Center+Des+Moines+IA/@41.5896139,-93.6163963,14z",2025-12-16T22:00:52.437Z,,8 am–4:30 pm,8 am–4:30 pm,8 am–4:30 pm,8 am–4:30 pm,Closed,Closed,8 am–4:30 pm,,
"https://www.google.com/maps/place/Caleb+Anderson,+ARNP/data=!4m7!3m6!1s0x87ee99fb174b255f:0x370a5d5b0e9aa874!8m2!3d41.5978171!4d-93.6228093!16s%2Fg%2F11j6x0_v5y!19sChIJXyVLF_uZ7ocRdKiaDltdCjc","Caleb Anderson, ARNP",,,Vascular surgeon,"411 Laurel St # A250, Des Moines, IA 50314, United States","H9XG+4V Des Moines, Iowa, USA",https://www.mercyone.org/desmoines/provider/caleb-anderson-arnp-heart-surgery,+1 515-235-5000,,https://streetviewpixels-pa.googleapis.com/v1/thumbnail?panoid=wnnoebVABhF1Ysgf72NngA&cb_client=search.gws-prod.gps&w=408&h=240&yaw=54.549286&pitch=0&thumbfov=100,true,"https://www.google.com/maps/search/vein+clinics+in+Dallas+Center+Des+Moines+IA/@41.5896139,-93.6163963,14z",2025-12-16T22:00:54.673Z,,,,,,,,,,
"https://www.google.com/maps/place/Amanda+Cleppe,+PA-C/data=!4m7!3m6!1s0x87ee996e2cf110d3:0x495da360032f8610!8m2!3d41.5978171!4d-93.6228093!16s%2Fg%2F11j6x15zs3!19sChIJ0xDxLG6Z7ocREIYvA2CjXUk","Amanda Cleppe, PA-C",,,Vascular surgeon,"411 Laurel St # A250, Des Moines, IA 50314, United States","H9XG+4V Des Moines, Iowa, USA",,+1 515-235-5000,,https://streetviewpixels-pa.googleapis.com/v1/thumbnail?panoid=wnnoebVABhF1Ysgf72NngA&cb_client=search.gws-prod.gps&w=408&h=240&yaw=54.549286&pitch=0&thumbfov=100,false,"https://www.google.com/maps/search/vein+clinics+in+Dallas+Center+Des+Moines+IA/@41.5896139,-93.6163963,14z",2025-12-16T22:00:56.938Z,,,,,,,,,,
https://www.google.com/maps/place/MercyOne+Des+Moines+Medical+Center/data=!4m7!3m6!1s0x87ee9977d17fa955:0x3acfaf88f3b9948e!8m2!3d41.5989726!4d-93.6229247!16s%2Fg%2F11h_7b8dnl!19sChIJVal_0XeZ7ocRjpS584ivzzo,MercyOne Des Moines Medical Center,2.1,280,Medical Center,"1111 6th Ave, Des Moines, IA 50314, United States","H9XG+HR Des Moines, Iowa, USA",https://www.mercyone.org/location/mercyone-des-moines-medical-center-1,+1 515-247-3121,,https://lh3.googleusercontent.com/gps-cs-s/AG0ilSwtWleGjNTX7Vr7oQDKtaOwGx0cTtTqUnulkcfSEUOnoZ-w6CaWXrvnRjv1utlVuWR25g98TMxsjJwzbFjAYYbuEQ8kVsuvMy2AGFCnrcT49gMGSDtx2OiqXeIY73Zn2ITWPr_V=w408-h306-k-no,true,"https://www.google.com/maps/search/vein+clinics+in+Dallas+Center+Des+Moines+IA/@41.5896139,-93.6163963,14z",2025-12-16T22:01:01.493Z,,Open 24 hours,Open 24 hours,Open 24 hours,Open 24 hours,Open 24 hours,Open 24 hours,Open 24 hours,,
https://www.google.com/maps/place/Iowa+Clinic+Cardio+Vascular/data=!4m7!3m6!1s0x87ee99bc44aa98ef:0xae5554f00e4a21c3!8m2!3d41.6020258!4d-93.6079331!16s%2Fg%2F1tjgq42h!19sChIJ75iqRLyZ7ocRwyFKDvBUVa4,Iowa Clinic Cardio Vascular,,,Doctor,"1301 Pennsylvania Ave # 115, Des Moines, IA 50316, United States","J92R+RR Des Moines, Iowa, USA",https://www.iowaclinic.com/specialties/heart-vascular/,+1 515-875-9080,,https://streetviewpixels-pa.googleapis.com/v1/thumbnail?panoid=l6xrxBiDujh92sXU7JKX1Q&cb_client=search.gws-prod.gps&w=408&h=240&yaw=254.74326&pitch=0&thumbfov=100,false,"https://www.google.com/maps/search/vein+clinics+in+Dallas+Center+Des+Moines+IA/@41.5896139,-93.6163963,14z",2025-12-16T22:01:03.840Z,,,,,,,,,,
https://www.google.com/maps/place/Broadlawns+Medical+Center/data=!4m7!3m6!1s0x87ee996764b29879:0x62205231b2cf96f5!8m2!3d41.6161525!4d-93.6417635!16s%2Fg%2F1tc_4ncl!19sChIJeZiyZGeZ7ocR9ZbPsjFSIGI,Broadlawns Medical Center,3.0,448,Hospital,"1801 Hickman Rd, Des Moines, IA 50314, United States","J985+F7 Des Moines, Iowa, USA",http://www.broadlawns.org/,+1 515-282-2200,,https://lh3.googleusercontent.com/p/AF1QipOywnhjs-d1lWTn3uq3RKhLCPMXe5XRfHBf8ovj=w408-h272-k-no,true,"https://www.google.com/maps/search/vein+clinics+in+Dallas+Center+Des+Moines+IA/@41.5896139,-93.6163963,14z",2025-12-16T22:01:08.381Z,,Open 24 hours,Open 24 hours,Open 24 hours,Open 24 hours,Open 24 hours,Open 24 hours,Open 24 hours,,
https://www.google.com/maps/place/McFarland+Vein+Clinic/data=!4m7!3m6!1s0x87ee706f81059c3f:0x1c0bbcc6e265800f!8m2!3d42.0336602!4d-93.6120201!16s%2Fg%2F1hc7qn87j!19sChIJP5wFgW9w7ocRD4Bl4sa8Cxw,McFarland Vein Clinic,5.0,5,Medical clinic,"1215 Duff Ave, Ames, IA 50010, United States","29MQ+F5 Ames, Iowa, USA",https://www.mcfarlandclinic.com/specialties/vein-clinic?utm_medium=organic&utm_source=google+my+business&utm_campaign=mcf_ames_vein,+1 515-239-4400,Closes soon · 5 pm · Opens 8 am Wed,https://lh3.googleusercontent.com/p/AF1QipPRPxLdsLz8f6sJVpV4KORqvfgdqHBxsY9pKO3r=w408-h272-k-no,true,"https://www.google.com/maps/search/vein+clinics+in+Dallas+Center+Des+Moines+IA/@41.5896139,-93.6163963,14z",2025-12-16T22:01:19.415Z,,8 am–5 pm,8 am–5 pm,8 am–5 pm,8 am–5 pm,Closed,Closed,8 am–5 pm,,
,,,,,,,,,,,,"https://www.google.com/maps/search/vein+clinics+in+Bouton+Des+Moines+IA/@41.5896139,-93.6163963,14z",2025-12-16T22:01:27.121Z,,,,,,,,,No new results found,
"https://www.google.com/maps/place/MercyOne+Des+Moines+Wound+Care/@41.5986713,-93.6228884,17z/data=!3m1!4b1!4m6!3m5!1s0x87ee990a219cc381:0xb4e64cecb081cca6!8m2!3d41.5986713!4d-93.6228884!16s%2Fg%2F1vh_8ycg",MercyOne Des Moines Wound Care,4.0,5,Medical clinic,"1111 6th Ave Level 5, Des Moines, IA 50314, United States","H9XG+FR Des Moines, Iowa, USA",https://www.mercyone.org/location/mercyone-des-moines-wound-care,+1 515-247-3057,Closes soon · 5 pm · Opens 7:30 am Wed,,true,"https://www.google.com/maps/search/vein+clinics+in+Desoto+Des+Moines+IA/@41.5896139,-93.6163963,14z",2025-12-16T22:01:42.245Z,,7:30 am–5 pm,7:30 am–5 pm,7:30 am–5 pm,7:30 am–5 pm,Closed,Closed,7:30 am–5 pm,,
"https://www.google.com/maps/place/Michael+Valliere,+MD/data=!4m7!3m6!1s0x87ee99fef7b55cfb:0xf6bb199883f0f68!8m2!3d41.5892491!4d-93.6342333!16s%2Fg%2F11fmsg097d!19sChIJ-1y19_6Z7ocRaA8_iJmxaw8","Michael Valliere, MD",4.8,27,Surgeon,"1212 Pleasant St UNIT 211, Des Moines, IA 50309, United States","H9Q8+M8 Des Moines, Iowa, USA",https://www.iowaclinic.com/doctors/d757/michael-valliere/?utm_source=extnet&utm_medium=yext,+1 515-875-9770,,https://lh3.googleusercontent.com/p/AF1QipOLKZ26tD7MTJhXGsEq-tzlBosdIjKDOll9LITG=w426-h240-k-no,true,"https://www.google.com/maps/search/vein+clinics+in+Desoto+Des+Moines+IA/@41.5896139,-93.6163963,14z",2025-12-16T22:01:44.807Z,,,,,,,,,,
"https://www.google.com/maps/place/MercyOne+Des+Moines+Infusion+Care/@41.5986713,-93.6228884,17z/data=!3m1!4b1!4m6!3m5!1s0x87ec21f9ea3d3623:0x3dd3ef8f94a7c996!8m2!3d41.5986713!4d-93.6228884!16s%2Fg%2F11h_7b8dnj",MercyOne Des Moines Infusion Care,5.0,3,Medical clinic,"1111 6th Ave, Des Moines, IA 50314, United States","H9XG+FR Des Moines, Iowa, USA",https://www.mercyone.org/desmoines/location/mercyone-des-moines-infusion-care,+1 515-643-8768,Closes soon · 5 pm · Opens 7:30 am Wed,,false,"https://www.google.com/maps/search/vein+clinics+in+Desoto+Des+Moines+IA/@41.5896139,-93.6163963,14z",2025-12-16T22:01:51.435Z,,7:30 am–5 pm,7:30 am–5 pm,7:30 am–5 pm,7:30 am–5 pm,7:30 am–3 pm,7:30 am–11 pm,7:30 am–5 pm,,
https://www.google.com/maps/place/The+Iowa+Clinic+Cardiothoracic+Surgery+-+Des+Moines/data=!4m7!3m6!1s0x87ee99db822970b3:0xa74c302f71f8eb79!8m2!3d41.5893684!4d-93.6335436!16s%2Fg%2F11f67r36nz!19sChIJs3ApgtuZ7ocReev4cS8wTKc,The Iowa Clinic Cardiothoracic Surgery - Des Moines,,,Medical Center,"1215 Pleasant St Suite 618, Des Moines, IA 50309, United States","H9Q8+PH Des Moines, Iowa, USA",https://www.iowaclinic.com/cardiology/cardiothoracic-surgery/?utm_medium=organic&utm_source=gmb&utm_campaign=department?utm_source=extnet&utm_medium=yext,+1 515-875-9090,,https://streetviewpixels-pa.googleapis.com/v1/thumbnail?panoid=fG61GlGe5Cacq1acxxJkAA&cb_client=search.gws-prod.gps&w=408&h=240&yaw=171.60248&pitch=0&thumbfov=100,true,"https://www.google.com/maps/search/vein+clinics+in+Desoto+Des+Moines+IA/@41.5896139,-93.6163963,14z",2025-12-16T22:01:53.967Z,,,,,,,,,,
https://www.google.com/maps/place/The+Iowa+Clinic+Neurological+%26+Spinal+Surgery/data=!4m7!3m6!1s0x87ee991b9c04b103:0xc96d3828df174635!8m2!3d41.5895692!4d-93.6346936!16s%2Fg%2F1th87p85!19sChIJA7EEnBuZ7ocRNUYX3yg4bck,The Iowa Clinic Neurological & Spinal Surgery,3.0,10,Medical clinic,"1215 Pleasant St Suite 608, Des Moines, IA 50309, United States","H9Q8+R4 Des Moines, Iowa, USA",https://www.iowaclinic.com/locations/methodist-medical-center-plaza-2/neurological-spinal-surgery-downtown/?utm_source=extnet&utm_medium=yext,+1 515-875-9560,,https://streetviewpixels-pa.googleapis.com/v1/thumbnail?panoid=7zt_d3XOjp_Y5IpA6BoTYQ&cb_client=search.gws-prod.gps&w=408&h=240&yaw=220.83588&pitch=0&thumbfov=100,true,"https://www.google.com/maps/search/vein+clinics+in+Desoto+Des+Moines+IA/@41.5896139,-93.6163963,14z",2025-12-16T22:01:56.617Z,,,,,,,,,,
https://www.google.com/maps/place/LeGrand+Medical+Aesthetics/data=!4m7!3m6!1s0x87ec21bea3f5acad:0xa74268d06e4f3118!8m2!3d41.5907969!4d-93.6134183!16s%2Fg%2F11vlmb37t_!19sChIJraz1o74h7IcRGDFPbtBoQqc,LeGrand Medical Aesthetics,5.0,7,Medical spa,"300 E Grand Ave Suite116, Des Moines, IA 50309, United States","H9RP+8J Des Moines, Iowa, USA",http://www.legrandmedicalaesthetics.com/,+1 515-585-0778,Closed · Opens 11 am Wed,https://streetviewpixels-pa.googleapis.com/v1/thumbnail?panoid=o0ei9edPgaOm8gS6MxOCjA&cb_client=search.gws-prod.gps&w=408&h=240&yaw=261.40903&pitch=0&thumbfov=100,true,"https://www.google.com/maps/search/vein+clinics+in+Desoto+Des+Moines+IA/@41.5896139,-93.6163963,14z",2025-12-16T22:02:01.053Z,Identifies as women-owned,9 am–2 pm,11 am–4 pm,9 am–2 pm,11 am–3 pm,11 am–1 pm,Closed,11 am–3 pm,,
https://www.google.com/maps/place/The+Iowa+Clinic+Transplant+%26+Hepatobiliary+Surgery/data=!4m7!3m6!1s0x87ee99eb8760503b:0xbfa6f64db9c74f37!8m2!3d41.5892632!4d-93.6335927!16s%2Fg%2F11gl2ss07f!19sChIJO1Bgh-uZ7ocRN0_HuU32pr8,The Iowa Clinic Transplant & Hepatobiliary Surgery,,,Surgical center,"1212 Pleasant St UNIT 211, Des Moines, IA 50309, United States","H9Q8+PH Des Moines, Iowa, USA",https://www.iowaclinic.com/locations/methodist-medical-center-plaza-1/transplant-hepatobiliary-surgery-downtown/?utm_source=extnet&utm_medium=yext,+1 515-875-9770,,https://streetviewpixels-pa.googleapis.com/v1/thumbnail?panoid=fG61GlGe5Cacq1acxxJkAA&cb_client=search.gws-prod.gps&w=408&h=240&yaw=176.65633&pitch=0&thumbfov=100,true,"https://www.google.com/maps/search/vein+clinics+in+Desoto+Des+Moines+IA/@41.5896139,-93.6163963,14z",2025-12-16T22:02:03.231Z,,,,,,,,,,
https://www.google.com/maps/place/Koslow+Alan+R+MD/data=!4m7!3m6!1s0x87ee9e46acf22387:0xa9e934b27c14787b!8m2!3d41.5956971!4d-93.7196053!16s%2Fg%2F1tf_hzgk!19sChIJhyPyrEae7ocRe3gUfLI06ak,Koslow Alan R MD,,,Vascular surgeon,"974 73rd St STE 23, Des Moines, IA 50324, United States","H7WJ+75 Des Moines, Iowa, USA",,+1 515-284-1976,,https://streetviewpixels-pa.googleapis.com/v1/thumbnail?panoid=91zTgYgBQIk9XdW3GYX1Kw&cb_client=search.gws-prod.gps&w=408&h=240&yaw=303.08734&pitch=0&thumbfov=100,false,"https://www.google.com/maps/search/vein+clinics+in+Desoto+Des+Moines+IA/@41.5896139,-93.6163963,14z",2025-12-16T22:02:05.660Z,,,,,,,,,,
https://www.google.com/maps/place/Venice+Beach+HRT/data=!4m7!3m6!1s0x87ec212aac5705c1:0xf02cd8eabca1400b!8m2!3d41.5613347!4d-93.7811473!16s%2Fg%2F11kq65t08t!19sChIJwQVXrCoh7IcRC0ChvOrYLPA,Venice Beach HRT,5.0,18,Medical clinic,"5465 Mills Civic Pkwy #243, West Des Moines, IA 50266, United States","H669+GG West Des Moines, Iowa, USA",https://venicebeachhrt.com/,+1 515-884-7849,Closes soon · 4:30 pm · Opens 9 am Wed,https://lh3.googleusercontent.com/gps-cs-s/AG0ilSxUtdsM2tMe8GX73eETM-EFGyY_ANuxERtNqmYjcoMdFGi_FW4c8_BfiRt-jdGTDxP00Kd-pqAONZ49eh9VVV8CCOhhy8YYPKVVm26_QmbFyRLaKWRiGC5YWsZR2N3glucRGMsH=w408-h271-k-no,true,"https://www.google.com/maps/search/vein+clinics+in+Desoto+Des+Moines+IA/@41.5896139,-93.6163963,14z",2025-12-16T22:02:10.094Z,Identifies as women-owned,9 am–4:30 pm,9 am–4:30 pm,9 am–4:30 pm,Closed,Closed,Closed,9 am–4:30 pm,,
https://www.google.com/maps/place/Heartland+Vascular+Medicine/data=!4m7!3m6!1s0x87ee9e46acf22387:0x156d668fd596e0cf!8m2!3d41.5956971!4d-93.7196053!16s%2Fg%2F1vhq47xq!19sChIJhyPyrEae7ocRz-CW1Y9mbRU,Heartland Vascular Medicine,,,Surgical center,"974 73rd St STE 23, Des Moines, IA 50324, United States","H7WJ+75 Des Moines, Iowa, USA",,+1 515-284-1976,,https://streetviewpixels-pa.googleapis.com/v1/thumbnail?panoid=91zTgYgBQIk9XdW3GYX1Kw&cb_client=search.gws-prod.gps&w=408&h=240&yaw=303.08734&pitch=0&thumbfov=100,false,"https://www.google.com/maps/search/vein+clinics+in+Desoto+Des+Moines+IA/@41.5896139,-93.6163963,14z",2025-12-16T22:02:12.451Z,,,,,,,,,,
https://www.google.com/maps/place/The+Iowa+Clinic+Vascular+Surgery+-+Ankeny+Campus/data=!4m7!3m6!1s0x87ee9ad56b185c9b:0x4dbc8ff416a99d31!8m2!3d41.7022!4d-93.6204405!16s%2Fg%2F1tfzmx3l!19sChIJm1wYa9Wa7ocRMZ2pFvSPvE0,The Iowa Clinic Vascular Surgery - Ankeny Campus,1.0,1,Medical clinic,"1410 SW Tradition Dr, Ankeny, IA 50023, United States","P92H+VR Ankeny, Iowa, USA",https://www.iowaclinic.com/locations/the-iowa-clinic-ankeny-campus/vascular-surgery-ankeny/?utm_source=extnet&utm_medium=yext,+1 515-875-9090,,https://streetviewpixels-pa.googleapis.com/v1/thumbnail?panoid=m0hXrmQpE_CPLjJuS4Bd3A&cb_client=search.gws-prod.gps&w=408&h=240&yaw=174.41605&pitch=0&thumbfov=100,true,"https://www.google.com/maps/search/vein+clinics+in+Desoto+Des+Moines+IA/@41.5896139,-93.6163963,14z",2025-12-16T22:02:15.266Z,,,,,,,,,,
https://www.google.com/maps/place/Midwest+Health+%26+Wellness/data=!4m7!3m6!1s0x87ec216c267397d1:0xbf3a7b781ad3a1b4!8m2!3d41.6297237!4d-93.688413!16s%2Fg%2F11h0y8v5_l!19sChIJ0ZdzJmwh7IcRtKHTGnh7Or8,Midwest Health & Wellness,5.0,17,Nurse practitioner,"5005 Douglas Ave Suite 104, Des Moines, IA 50310, United States","J8H6+VJ Des Moines, Iowa, USA",http://midwesthealthdsm.com/,+1 515-207-0258,,https://lh3.googleusercontent.com/p/AF1QipMpAr-If7A6Tnm4GkDRGH7Tffi2szXNe0i11nV4=w408-h725-k-no,true,"https://www.google.com/maps/search/vein+clinics+in+Desoto+Des+Moines+IA/@41.5896139,-93.6163963,14z",2025-12-16T22:02:17.693Z,,,,,,,,,,
"https://www.google.com/maps/place/Jose+Borromeo,+MD/data=!4m7!3m6!1s0x87ec2121f6bf54df:0xfd9453f9710a01d!8m2!3d41.5993267!4d-93.7891897!16s%2Fg%2F1tlbv89b!19sChIJ31S_9iEh7IcRHaAQlz9F2Q8","Jose Borromeo, MD",5.0,2,Vascular surgeon,"5880 University Ave, West Des Moines, IA 50266, United States","H6X6+P8 West Des Moines, Iowa, USA",https://www.mercyone.org/provider/jose-borromeo-md-vascular-surgery,+1 515-633-3660,,https://streetviewpixels-pa.googleapis.com/v1/thumbnail?panoid=gkWnCZSn-sdlauGSxCY_Eg&cb_client=search.gws-prod.gps&w=408&h=240&yaw=211.79585&pitch=0&thumbfov=100,true,"https://www.google.com/maps/search/vein+clinics+in+Desoto+Des+Moines+IA/@41.5896139,-93.6163963,14z",2025-12-16T22:02:20.051Z,,,,,,,,,,
"https://www.google.com/maps/place/Jennifer+Mockus,+ARNP/data=!4m7!3m6!1s0x87ee992b96c743db:0xf01d1449394fe954!8m2!3d41.5978171!4d-93.6228093!16s%2Fg%2F11jvqcngkk!19sChIJ20PHliuZ7ocRVOlPOUkUHfA","Jennifer Mockus, ARNP",1.0,1,Vascular surgeon,"411 Laurel St # A250, Des Moines, IA 50314, United States","H9XG+4V Des Moines, Iowa, USA",,+1 515-235-5000,,https://streetviewpixels-pa.googleapis.com/v1/thumbnail?panoid=wnnoebVABhF1Ysgf72NngA&cb_client=search.gws-prod.gps&w=408&h=240&yaw=54.549286&pitch=0&thumbfov=100,false,"https://www.google.com/maps/search/vein+clinics+in+Dexter+Des+Moines+IA/@41.5896139,-93.6163963,14z",2025-12-16T22:02:45.590Z,,,,,,,,,,
https://www.google.com/maps/place/Scott+Eric+MD/data=!4m7!3m6!1s0x87ee991b9bd21d51:0x4f82078f3442ef52!8m2!3d41.5896661!4d-93.6349537!16s%2Fg%2F1tgfdy4c!19sChIJUR3SmxuZ7ocRUu9CNI8Hgk8,Scott Eric MD,,,Doctor,"1215 Pleasant St Suite 618, Des Moines, IA 50309, United States","H9Q8+V2 Des Moines, Iowa, USA",http://www.iowaclinic.com/doctor/eric-scott/,+1 515-875-9090,,https://streetviewpixels-pa.googleapis.com/v1/thumbnail?panoid=C8w8HA1Yq6MtWirssDewaw&cb_client=search.gws-prod.gps&w=408&h=240&yaw=118.65049&pitch=0&thumbfov=100,false,"https://www.google.com/maps/search/vein+clinics+in+Dexter+Des+Moines+IA/@41.5896139,-93.6163963,14z",2025-12-16T22:02:54.337Z,,,,,,,,,,
"https://www.google.com/maps/place/Bart+Jenson,+MD/data=!4m7!3m6!1s0x87ee991b9bd21d51:0x4129ea4220cc683e!8m2!3d41.5978171!4d-93.6228093!16s%2Fg%2F1vxzb58h!19sChIJUR3SmxuZ7ocRPmjMIELqKUE","Bart Jenson, MD",5.0,2,Vascular surgeon,"411 Laurel St # A250, Des Moines, IA 50314, United States","H9XG+4V Des Moines, Iowa, USA",https://www.mercyone.org/provider/bart-jenson-md-heart-surgery,+1 515-235-5000,,https://streetviewpixels-pa.googleapis.com/v1/thumbnail?panoid=wnnoebVABhF1Ysgf72NngA&cb_client=search.gws-prod.gps&w=408&h=240&yaw=54.549286&pitch=0&thumbfov=100,true,"https://www.google.com/maps/search/vein+clinics+in+Dexter+Des+Moines+IA/@41.5896139,-93.6163963,14z",2025-12-16T22:02:56.601Z,,,,,,,,,,
"https://www.google.com/maps/place/Marnix+Verhofste,+MD/data=!4m7!3m6!1s0x87ee9909a04d1d15:0x4e46c8c21d19121d!8m2!3d41.5977872!4d-93.6240389!16s%2Fg%2F1tg68nvs!19sChIJFR1NoAmZ7ocRHRIZHcLIRk4","Marnix Verhofste, MD",5.0,3,Cardiologist,"411 Laurel St # A250, Des Moines, IA 50314, United States","H9XG+49 Des Moines, Iowa, USA",https://www.mercyone.org/provider/marnix-verhofste-md-cardiothoracic-surgery,+1 515-235-5000,,https://streetviewpixels-pa.googleapis.com/v1/thumbnail?panoid=wnnoebVABhF1Ysgf72NngA&cb_client=search.gws-prod.gps&w=408&h=240&yaw=324.9907&pitch=0&thumbfov=100,true,"https://www.google.com/maps/search/vein+clinics+in+Dexter+Des+Moines+IA/@41.5896139,-93.6163963,14z",2025-12-16T22:02:59.241Z,,,,,,,,,,
"https://www.google.com/maps/place/Kaitlyn+Hennings,+PA-C/data=!4m7!3m6!1s0x87ee9988523e6aa9:0xc3b62899701177b6!8m2!3d41.5978171!4d-93.6228093!16s%2Fg%2F11jn1fpgmy!19sChIJqWo-UoiZ7ocRtncRcJkotsM","Kaitlyn Hennings, PA-C",,,Vascular surgeon,"411 Laurel St # A250, Des Moines, IA 50314, United States","H9XG+4V Des Moines, Iowa, USA",https://www.mercyone.org/desmoines/provider/kaitlyn-hennings-pa-c-heart-surgery,+1 515-235-5000,,https://streetviewpixels-pa.googleapis.com/v1/thumbnail?panoid=wnnoebVABhF1Ysgf72NngA&cb_client=search.gws-prod.gps&w=408&h=240&yaw=54.549286&pitch=0&thumbfov=100,true,"https://www.google.com/maps/search/vein+clinics+in+Dexter+Des+Moines+IA/@41.5896139,-93.6163963,14z",2025-12-16T22:03:01.739Z,,,,,,,,,,
https://www.google.com/maps/place/UnityPoint+Clinic+Urgent+Care+-+Ingersoll/data=!4m7!3m6!1s0x87ee99211d3fccab:0x2e3d6f3bea12ee9e!8m2!3d41.5860476!4d-93.6452948!16s%2Fg%2F11f35_4f2m!19sChIJq8w_HSGZ7ocRnu4S6jtvPS4,UnityPoint Clinic Urgent Care - Ingersoll,2.9,124,Medical clinic,"2103 Ingersoll Ave Suite 2, Des Moines, IA 50312, United States","H9P3+CV Des Moines, Iowa, USA",https://www.unitypoint.org/locations/unitypoint-clinic-urgent-care---ingersoll?utm_source=gmb&utm_medium=web&utm_campaign=brandify,+1 515-323-5680,Open · Closes 8 pm,https://lh3.googleusercontent.com/p/AF1QipO5FI3y_b53z1oEWxmgbQ764ByBqO0SgTlFDijn=w426-h240-k-no,true,"https://www.google.com/maps/search/vein+clinics+in+Dexter+Des+Moines+IA/@41.5896139,-93.6163963,14z",2025-12-16T22:03:06.078Z,,8 am–8 pm,8 am–8 pm,8 am–8 pm,8 am–8 pm,8 am–4 pm,8 am–4 pm,8 am–8 pm,,
"https://www.google.com/maps/place/Jennifer+Standifer,+PA-C/data=!4m7!3m6!1s0x87ee99084858b277:0xd81fc7aa56bb8009!8m2!3d41.5978171!4d-93.6228093!16s%2Fg%2F11fwf2mwyk!19sChIJd7JYSAiZ7ocRCYC7VqrHH9g","Jennifer Standifer, PA-C",,,Vascular surgeon,"411 Laurel St # A250, Des Moines, IA 50314, United States","H9XG+4V Des Moines, Iowa, USA",https://www.mercyone.org/desmoines/provider/jennifer-standifer-pa-c-heart-surgery,+1 515-235-5000,,https://streetviewpixels-pa.googleapis.com/v1/thumbnail?panoid=wnnoebVABhF1Ysgf72NngA&cb_client=search.gws-prod.gps&w=408&h=240&yaw=54.549286&pitch=0&thumbfov=100,true,"https://www.google.com/maps/search/vein+clinics+in+Dexter+Des+Moines+IA/@41.5896139,-93.6163963,14z",2025-12-16T22:03:08.472Z,,,,,,,,,,
https://www.google.com/maps/place/Primary+Health+Care+at+Mercy/data=!4m7!3m6!1s0x87ee99a76ae67d9b:0x68602b20afd60d3a!8m2!3d41.5972404!4d-93.6211929!16s%2Fg%2F1tdp5lqc!19sChIJm33maqeZ7ocROg3WryArYGg,Primary Health Care at Mercy,2.7,48,Medical Center,"250 Laurel St, Des Moines, IA 50314, United States","H9WH+VG Des Moines, Iowa, USA",https://phciowa.org/mercy/,+1 515-612-9595,Closes soon · 5 pm · Opens 8 am Wed,https://lh3.googleusercontent.com/p/AF1QipNQM0SGICZ9lf07GkNOXw5sZ3HC9cN1onog2FgA=w430-h240-k-no,true,"https://www.google.com/maps/search/vein+clinics+in+Dexter+Des+Moines+IA/@41.5896139,-93.6163963,14z",2025-12-16T22:03:13.079Z,LGBTQ+ friendly,8 am–5 pm,8 am–5 pm,8 am–5 pm,8 am–5 pm,Closed,Closed,8 am–5 pm,,
"https://www.google.com/maps/place/Kaylene+Rogers,+PA-C/data=!4m7!3m6!1s0x87ee9909a04d1d15:0x51395ae5067ffd65!8m2!3d41.5978171!4d-93.6228093!16s%2Fg%2F1tm0cc7c!19sChIJFR1NoAmZ7ocRZf1_BuVaOVE","Kaylene Rogers, PA-C",,,Vascular surgeon,"411 Laurel St # A250, Des Moines, IA 50314, United States","H9XG+4V Des Moines, Iowa, USA",https://www.mercyone.org/desmoines/provider/kaylene-rogers-pa-c-heart-surgery,+1 515-235-5000,,https://streetviewpixels-pa.googleapis.com/v1/thumbnail?panoid=wnnoebVABhF1Ysgf72NngA&cb_client=search.gws-prod.gps&w=408&h=240&yaw=54.549286&pitch=0&thumbfov=100,true,"https://www.google.com/maps/search/vein+clinics+in+Dexter+Des+Moines+IA/@41.5896139,-93.6163963,14z",2025-12-16T22:03:15.492Z,,,,,,,,,,
https://www.google.com/maps/place/Concentra+Urgent+Care/data=!4m7!3m6!1s0x87ee99e4fe6722a9:0x71097f3da6d223e5!8m2!3d41.6127131!4d-93.5887125!16s%2Fg%2F1tdv_fmy!19sChIJqSJn_uSZ7ocR5SPSpj1_CXE,Concentra Urgent Care,4.0,950,Occupational health service,"2100 Dixon St Ste. E, Des Moines, IA 50316, United States","JC76+3G Des Moines, Iowa, USA",http://www.concentra.com/?utm_source=Yext&utm_medium=Organic&utm_campaign=Homepage%20Link,+1 515-265-1020,Closes soon · 5 pm · Opens 8 am Wed,https://lh3.googleusercontent.com/gps-cs-s/AG0ilSys7Xtzxaw6NlZ2If3tU40RQknWI7p5X8e9UZiln7TtjFlDIx_gpE75ePtX2B6btV8HqcCVcZIBCLxilfZ7jycIYu_SKKcP2QCD0nGmWqaP_qiZ4IxeVot4LgJzwCe8mLBMDl_7dA=w408-h306-k-no,true,"https://www.google.com/maps/search/vein+clinics+in+Dexter+Des+Moines+IA/@41.5896139,-93.6163963,14z",2025-12-16T22:03:19.997Z,,8 am–5 pm,8 am–5 pm,8 am–5 pm,8 am–5 pm,Closed,Closed,8 am–5 pm,,
https://www.google.com/maps/place/Grifols+Biomat+USA+-+Plasma+Donation+Center/data=!4m7!3m6!1s0x87ee990b75363ed3:0xc67cb9d248bd130!8m2!3d41.6017585!4d-93.6253804!16s%2Fg%2F1tfx5fxs!19sChIJ0z42dQuZ7ocRMNGLJJ3LZww,Grifols Biomat USA - Plasma Donation Center,4.2,447,Blood donation center,"1223 6th Ave, Des Moines, IA 50314, United States","J92F+PR Des Moines, Iowa, USA",https://www.grifolsplasma.com/en/-/desmoines-ia?utm_source=gmb&utm_medium=yext&y_source=1_MjY4NDQ4NTctNzE1LWxvY2F0aW9uLndlYnNpdGU%3D,+1 515-244-0771,"Open · Closes 7 pm

Updated by this business 2 weeks ago",https://lh3.googleusercontent.com/p/AF1QipOYctKvgjg6MeTtrMbHkFXW0_M3dP8IzdjCW5Og=w693-h240-k-no,true,"https://www.google.com/maps/search/vein+clinics+in+Dexter+Des+Moines+IA/@41.5896139,-93.6163963,14z",2025-12-16T22:03:24.984Z,,7 am–7 pm,7 am–7 pm,7 am–7 pm,7 am–7 pm,8 am–2 pm,8 am–2 pm,7 am–7 pm,,
"https://www.google.com/maps/place/David+Hockmuth,+MD/data=!4m7!3m6!1s0x87ee9909a04d1d15:0xd1b97d59b0762343!8m2!3d41.5978171!4d-93.6228093!16s%2Fg%2F1tdkmsnk!19sChIJFR1NoAmZ7ocRQyN2sFl9udE","David Hockmuth, MD",5.0,6,Pediatrician,"411 Laurel St # A250, Des Moines, IA 50314, United States","H9XG+4V Des Moines, Iowa, USA",https://www.mercyone.org/desmoines/provider/david-hockmuth-md-pediatric-and-adult-cardiothoracic-surgeon,+1 515-235-5000,,https://streetviewpixels-pa.googleapis.com/v1/thumbnail?panoid=wnnoebVABhF1Ysgf72NngA&cb_client=search.gws-prod.gps&w=408&h=240&yaw=54.549286&pitch=0&thumbfov=100,false,"https://www.google.com/maps/search/vein+clinics+in+Dexter+Des+Moines+IA/@41.5896139,-93.6163963,14z",2025-12-16T22:03:28.074Z,,,,,,,,,,
https://www.google.com/maps/place/MercyOne+Iowa+Heart+Cardiac+Surgery/data=!4m7!3m6!1s0x87ee99f5f06ba50b:0xb22c94088fb5b757!8m2!3d41.5978171!4d-93.6228093!16s%2Fg%2F11h_7b9j2_!19sChIJC6Vr8PWZ7ocRV7e1jwiULLI,MercyOne Iowa Heart Cardiac Surgery,,,Medical clinic,"411 Laurel St #1225, Des Moines, IA 50314, United States","H9XG+4V Des Moines, Iowa, USA",https://www.mercyone.org/location/mercyone-iowa-heart-cardiac-surgery,+1 515-235-5000,,https://lh3.googleusercontent.com/p/AF1QipMEVaL1WtOxKs4LfHArBnZjvMmGcaHpZ2sYgsc=w426-h240-k-no,true,"https://www.google.com/maps/search/vein+clinics+in+Dexter+Des+Moines+IA/@41.5896139,-93.6163963,14z",2025-12-16T22:03:30.766Z,,,,,,,,,,
https://www.google.com/maps/place/BioLife+Plasma+Services/data=!4m7!3m6!1s0x87ee995334088d07:0xd9991fdddeecbc60!8m2!3d41.553541!4d-93.5948352!16s%2Fg%2F11sqyrt0tk!19sChIJB40INFOZ7ocRYLzs3t0fmdk,BioLife Plasma Services,3.9,260,Blood donation center,"3333 SE 14th St #125, Des Moines, IA 50320, United States","HC34+C3 Des Moines, Iowa, USA","https://www.biolifeplasma.com/locations/iowa/des-moines?utm_source=google&utm_medium=organic&utm_campaign=tom:reputationdotcom::des%20moines,%20ia:05142022",+1 515-348-3093,"Open · Closes 7 pm

Confirmed by this business 4 weeks ago",https://lh3.googleusercontent.com/p/AF1QipOL9GJp20Js7rwby420JSt1HNJUvRbbGUAvWiPC=w408-h544-k-no,true,"https://www.google.com/maps/search/vein+clinics+in+Granger+Des+Moines+IA/@41.5842182,-93.6217802,14z",2025-12-16T22:04:02.770Z,,6 am–7 pm,6 am–7 pm,6 am–7 pm,6 am–7 pm,9 am–5 pm,7 am–3 pm,Closed,,
"https://www.google.com/maps/place/Jessica+Wilson,+PA-C/data=!4m7!3m6!1s0x87ee99d7ae2817d7:0x6759ec5abc60044f!8m2!3d41.5978171!4d-93.6228093!16s%2Fg%2F11j6x131rr!19sChIJ1xcorteZ7ocRTwRgvFrsWWc","Jessica Wilson, PA-C",,,Surgeon,"411 Laurel St # A250, Des Moines, IA 50314, United States","H9XG+4V Des Moines, Iowa, USA",https://www.mercyone.org/desmoines/provider/jessica-wilson-pa-c-cardiothoracic-surgery,+1 515-235-5000,,https://streetviewpixels-pa.googleapis.com/v1/thumbnail?panoid=wnnoebVABhF1Ysgf72NngA&cb_client=search.gws-prod.gps&w=408&h=240&yaw=54.549286&pitch=0&thumbfov=100,true,"https://www.google.com/maps/search/vein+clinics+in+Granger+Des+Moines+IA/@41.5842182,-93.6217802,14z",2025-12-16T22:04:05.280Z,,,,,,,,,,
,,,,,,,,,,,,"https://www.google.com/maps/search/vein+clinics+in+Dawson+Des+Moines+IA/@41.5896139,-93.6163963,14z",2025-12-16T22:04:20.278Z,,,,,,,,,No new results found,
"https://www.google.com/maps/place/Maksim+Blidchenko,+ARNP/data=!4m7!3m6!1s0x87ee99e45ac8b347:0x22d995c798c0b008!8m2!3d41.5978171!4d-93.6228093!16s%2Fg%2F11fwf2qxgh!19sChIJR7PIWuSZ7ocRCLDAmMeV2SI","Maksim Blidchenko, ARNP",,,Cardiologist,"411 Laurel St # A250, Des Moines, IA 50314, United States","H9XG+4V Des Moines, Iowa, USA",https://www.mercyone.org/desmoines/provider/maksim-blidchenko-arnp-cardiology,+1 515-235-5000,,https://streetviewpixels-pa.googleapis.com/v1/thumbnail?panoid=wnnoebVABhF1Ysgf72NngA&cb_client=search.gws-prod.gps&w=408&h=240&yaw=54.549286&pitch=0&thumbfov=100,true,"https://www.google.com/maps/search/vein+clinics+in+Linden+Des+Moines+IA/@41.5896139,-93.6163963,14z",2025-12-16T22:04:56.158Z,,,,,,,,,,
"https://www.google.com/maps/place/Yuichi+Ishida,+MD/data=!4m7!3m6!1s0x87ee9965d8f4129d:0xa53a83013a54ddc1!8m2!3d41.5978171!4d-93.6228093!16s%2Fg%2F11jn1fccdy!19sChIJnRL02GWZ7ocRwd1UOgGDOqU","Yuichi Ishida, MD",,,Surgeon,"411 Laurel St # A250, Des Moines, IA 50314, United States","H9XG+4V Des Moines, Iowa, USA",https://www.mercyone.org/provider/yuichi-ishida-md-cardiothoracic-surgery,+1 515-235-5000,,https://streetviewpixels-pa.googleapis.com/v1/thumbnail?panoid=wnnoebVABhF1Ysgf72NngA&cb_client=search.gws-prod.gps&w=408&h=240&yaw=54.549286&pitch=0&thumbfov=100,true,"https://www.google.com/maps/search/vein+clinics+in+Linden+Des+Moines+IA/@41.5896139,-93.6163963,14z",2025-12-16T22:04:58.390Z,,,,,,,,,,
https://www.google.com/maps/place/Octapharma+Plasma/data=!4m7!3m6!1s0x87ee9744488f4fb1:0x9a15224b61d677fc!8m2!3d41.6116737!4d-93.5699179!16s%2Fg%2F113fj07mw!19sChIJsU-PSESX7ocR_HfWYUsiFZo,Octapharma Plasma,4.4,1065,Blood bank,"2574 Hubbell Ave Suite 101, Des Moines, IA 50317, United States","JC6J+M2 Des Moines, Iowa, USA",https://www.octapharmaplasma.com/plasma-donation/des-moines-ia-525/?utm_source=google&utm_medium=organic&utm_campaign=gbp,+1 515-263-2192,Open · Closes 7 pm,https://lh3.googleusercontent.com/gps-cs-s/AG0ilSxlIGlZ7ryAlQ2QNwrXBH2Ehn4RmEdYQkOunQOLVhbkOJK5OCZNUAjX_GmiHHZ831HeNtv_InpqtvVYbjjqeai85YOcxzeJxcyLd5lNrCFkYSQ1ksYzUoB7m7xwUOIyXqLYKfXV=w408-h306-k-no,true,"https://www.google.com/maps/search/vein+clinics+in+Linden+Des+Moines+IA/@41.5896139,-93.6163963,14z",2025-12-16T22:05:02.933Z,,6 am–7 pm,6 am–7 pm,6 am–7 pm,6 am–7 pm,7 am–7 pm,7 am–7 pm,6 am–7 pm,,
https://www.google.com/maps/place/UnityPoint+Health+-+Iowa+Methodist+Medical+Center+-+Emergency+Department/data=!4m7!3m6!1s0x87ee991b6448baed:0x2efb9374ccea2656!8m2!3d41.5901298!4d-93.6333524!16s%2Fg%2F11g6wvbd0_!19sChIJ7bpIZBuZ7ocRVibqzHST-y4,UnityPoint Health - Iowa Methodist Medical Center - Emergency Department,1.9,120,Emergency room,"1200 Pleasant St, Des Moines, IA 50309, United States","H9R8+3M Des Moines, Iowa, USA",https://www.unitypoint.org/locations/unitypoint-health---iowa-methodist-medical-center---emergency-department?utm_source=gmb&utm_medium=web&utm_campaign=brandify,+1 515-241-6213,Open 24 hours,https://lh3.googleusercontent.com/gps-cs-s/AG0ilSwNsVrVcceIq4MbgQin-vd8SivMuZazYcwRjIZTWpHlY6aBi3hRHc2ii0VCPjIGXer6jdNQGFB9ydBB9mn5IrGvfBM5aCmDdN47muzcyITBFKN3RygfJSdXwX8dETGzBxvUcrhA=w426-h240-k-no,true,"https://www.google.com/maps/search/vein+clinics+in+Linden+Des+Moines+IA/@41.5896139,-93.6163963,14z",2025-12-16T22:05:07.315Z,,Open 24 hours,Open 24 hours,Open 24 hours,Open 24 hours,Open 24 hours,Open 24 hours,Open 24 hours,,
,,,,,,,,,,,,"https://www.google.com/maps/search/vein+clinics+in+Perry+Des+Moines+IA/@41.5896139,-93.6163963,14z",2025-12-16T22:05:21.608Z,,,,,,,,,No new results found,
,,,,,,,,,,,,"https://www.google.com/maps/search/vein+clinics+in+Minburn+Des+Moines+IA/@41.5896139,-93.6163963,14z",2025-12-16T22:05:42.094Z,,,,,,,,,No new results found,
https://www.google.com/maps/place/Iowa+IV+Mills+Civic/data=!4m7!3m6!1s0x87ec23dd540f31cf:0xb7d84de69e2cb990!8m2!3d41.56021!4d-93.78117!16s%2Fg%2F11t280vs8x!19sChIJzzEPVN0j7IcRkLksnuZN2Lc,Iowa IV Mills Civic,5.0,286,Wellness center,"5435 Mills Civic Pkwy #105, West Des Moines, IA 50265, United States","H669+3G West Des Moines, Iowa, USA",https://iowaiv.com/,+1 833-424-9378,"Open · Closes 5:30 pm

Confirmed by this business 9 weeks ago",https://lh3.googleusercontent.com/p/AF1QipPHbr2EF98WqycklqDPSXs4Q8F6Wx3lEmjO5RHY=w408-h544-k-no,true,"https://www.google.com/maps/search/vein+clinics+in+Urbandale+Des+Moines+IA/@41.6293984,-93.7607411,14z",2025-12-16T22:05:54.446Z,Identifies as veteran-owned,9 am–5:30 pm,9 am–5:30 pm,9 am–5:30 pm,9 am–5:30 pm,10 am–4 pm,10 am–4 pm,9 am–5:30 pm,,
https://www.google.com/maps/place/Urban+Effects+MedSpa/data=!4m7!3m6!1s0x87ee9e07a3448b55:0x3b87085fc6301804!8m2!3d41.6187583!4d-93.7348141!16s%2Fg%2F1tfklqx_!19sChIJVYtEowee7ocRBBgwxl8Ihzs,Urban Effects MedSpa,4.9,18,Medical spa,"2733 86th St, Urbandale, IA 50322, United States","J798+G3 Urbandale, Iowa, USA",http://www.urbaneffectsmedspa.com/,+1 515-987-5188,"Closes soon · 5 pm · Opens 10 am Wed

Updated by this business 4 weeks ago",https://lh3.googleusercontent.com/p/AF1QipOviBBLkKMLbhGe4g2056gxMz9Z-lzRkFEeRz2Q=w408-h270-k-no,true,"https://www.google.com/maps/search/vein+clinics+in+Urbandale+Des+Moines+IA/@41.6293984,-93.7607411,14z",2025-12-16T22:05:58.802Z,,10 am–5 pm,10 am–5 pm,10 am–5 pm,10 am–5 pm,Closed,Closed,Closed,,
https://www.google.com/maps/place/Labcorp/data=!4m7!3m6!1s0x87ec273d12a2296d:0xf9b089fcec738a15!8m2!3d41.6367772!4d-93.771614!16s%2Fg%2F1tfbz02z!19sChIJbSmiEj0n7IcRFYpz7PyJsPk,Labcorp,2.8,51,Medical laboratory,"11208 NW Aurora Ave., Urbandale, IA 50322, United States","J6PH+P9 Urbandale, Iowa, USA",https://locations.labcorp.com/ia/urbandale/275/,+1 515-278-4411,"Closes soon · 4:30 pm · Opens 8 am Wed

Updated by this business 2 weeks ago",https://lh3.googleusercontent.com/p/AF1QipNyVltq8uIncHcQOqICKsAkhobtfz76s0aRbywb=w408-h272-k-no,true,"https://www.google.com/maps/search/vein+clinics+in+Urbandale+Des+Moines+IA/@41.6293984,-93.7607411,14z",2025-12-16T22:06:03.191Z,,"8 am–1 pm, 2–4:30 pm","8 am–1 pm, 2–4:30 pm","8 am–1 pm, 2–4:30 pm","8 am–1 pm, 2–4:30 pm",Closed,Closed,"8 am–1 pm, 2–4:30 pm",,
https://www.google.com/maps/place/The+Iowa+Clinic+Urbandale/data=!4m7!3m6!1s0x87ec276acb8fbe31:0xffa67efaaafefc0!8m2!3d41.6409918!4d-93.7636217!16s%2Fg%2F11c45vst00!19sChIJMb6Py2on7IcRwO-vqu9n-g8,The Iowa Clinic Urbandale,3.6,27,Family practice physician,"4323 NW Urbandale Dr, Urbandale, IA 50322, United States","J6RP+9H Urbandale, Iowa, USA",https://www.iowaclinic.com/locations/the-iowa-clinic-urbandale/?utm_source=extnet&utm_medium=yext,+1 515-875-9190,Closes soon · 4:30 pm · Opens 8 am Wed,https://lh3.googleusercontent.com/p/AF1QipPXkBSqbu9W0ZauhzKhkxSAHnLCIBMQwgD2lZQQ=w408-h272-k-no,true,"https://www.google.com/maps/search/vein+clinics+in+Urbandale+Des+Moines+IA/@41.6293984,-93.7607411,14z",2025-12-16T22:06:07.664Z,,8 am–4:30 pm,8 am–4:30 pm,8 am–4:30 pm,8 am–4:30 pm,Closed,Closed,8 am–4:30 pm,,
https://www.google.com/maps/place/The+Iowa+Clinic+Family+Medicine+-+Urbandale/data=!4m7!3m6!1s0x87ec273d9302e73f:0x5f28076cdd680e28!8m2!3d41.6421972!4d-93.7623275!16s%2Fg%2F11s_2p_xdt!19sChIJP-cCkz0n7IcRKA5o3WwHKF8,The Iowa Clinic Family Medicine - Urbandale,3.0,2,Medical clinic,"4323 NW Urbandale Dr, Urbandale, IA 50322, United States","J6RQ+V3 Urbandale, Iowa, USA",https://www.iowaclinic.com/locations/the-iowa-clinic-urbandale/family-medicine-urbandale/?utm_source=extnet&utm_medium=yext,+1 515-875-9000,Closes soon · 4:30 pm · Opens 8 am Wed,https://lh3.googleusercontent.com/p/AF1QipPNsuzDr4Mb6gsAWS7S_LRTx0_YAKVBqK3g4Z5b=w408-h272-k-no,true,"https://www.google.com/maps/search/vein+clinics+in+Urbandale+Des+Moines+IA/@41.6293984,-93.7607411,14z",2025-12-16T22:06:12.033Z,,8 am–4:30 pm,8 am–4:30 pm,8 am–4:30 pm,8 am–4:30 pm,Closed,Closed,8 am–4:30 pm,,
https://www.google.com/maps/place/UnityPoint+Clinic+Urgent+Care+-+Urbandale/data=!4m7!3m6!1s0x87ee9dfd84512ae7:0x188d8aac9f6fca0a!8m2!3d41.6551484!4d-93.7567316!16s%2Fg%2F12hpkb_y_!19sChIJ5ypRhP2d7ocRCspvn6yKjRg,UnityPoint Clinic Urgent Care - Urbandale,2.7,184,Medical clinic,"5200 NW 100th St, Urbandale, IA 50322, United States","M64V+38 Urbandale, Iowa, USA",https://www.unitypoint.org/locations/unitypoint-clinic-urgent-care---urbandale?utm_source=gmb&utm_medium=web&utm_campaign=brandify,+1 515-695-7500,Open · Closes 8 pm,https://lh3.googleusercontent.com/p/AF1QipPDfquLs9NsYBQ7afhxFh5wKNpA7nq2io1tVf6h=w408-h272-k-no,true,"https://www.google.com/maps/search/vein+clinics+in+Urbandale+Des+Moines+IA/@41.6293984,-93.7607411,14z",2025-12-16T22:06:16.500Z,,8 am–8 pm,8 am–8 pm,8 am–8 pm,8 am–8 pm,8 am–4 pm,8 am–4 pm,8 am–8 pm,,
https://www.google.com/maps/place/The+Iowa+Clinic+Urology/data=!4m7!3m6!1s0x87ec2122830e2c89:0xa07266b942ca030b!8m2!3d41.640993!4d-93.7636559!16s%2Fg%2F1tjrqjk3!19sChIJiSwOgyIh7IcRCwPKQrlmcqA,The Iowa Clinic Urology,2.1,60,Medical clinic,"4323 NW Urbandale Dr, Urbandale, IA 50322, United States","J6RP+9G Urbandale, Iowa, USA",https://www.iowaclinic.com/locations/the-iowa-clinic-urbandale/urology-urbandale/?utm_source=extnet&utm_medium=yext,+1 515-875-9800,,https://lh3.googleusercontent.com/p/AF1QipORrdLBI9Q1sqJXcpra9WRwTbLby8GFeRF9fIZs=w408-h272-k-no,true,"https://www.google.com/maps/search/vein+clinics+in+Urbandale+Des+Moines+IA/@41.6293984,-93.7607411,14z",2025-12-16T22:06:18.830Z,,,,,,,,,,
https://www.google.com/maps/place/Van+Meter+Inc./data=!4m7!3m6!1s0x87ee99e51fdfa493:0xccabf420c97144e3!8m2!3d41.6136726!4d-93.5889417!16s%2Fg%2F1tgtg14q!19sChIJk6TfH-WZ7ocR40RxySD0q8w,Van Meter Inc.,4.7,10,Electrical supply store,"1751 Guthrie Ave, Des Moines, IA 50316, United States","JC76+FC Des Moines, Iowa, USA",https://www.vanmeterinc.com/locations/iowa/des-moines-electrical-supply/,+1 515-262-9609,"Closes soon · 4:30 pm · Opens 6:30 am Wed

Confirmed by this business 1 week ago",https://lh3.googleusercontent.com/p/AF1QipPXOkzqDVjaNaqcHrmqVavHdXdMGnyeNFOiE-U=w408-h271-k-no,true,"https://www.google.com/maps/search/vein+clinics+in+Van+Meter+Des+Moines+IA/@41.6136726,-93.5889417,14z",2025-12-16T22:06:38.930Z,,6:30 am–4:30 pm,6:30 am–4:30 pm,6:30 am–4:30 pm,6:30 am–4:30 pm,Closed,Closed,6:30 am–4:30 pm,,· In-store pick-up · Delivery
https://www.google.com/maps/place/Renew+Vitality+Testosterone+Clinic+of+Des+Moines/data=!4m7!3m6!1s0x87ee9930f15b4f5d:0x95252ac88edd4a7f!8m2!3d41.5853461!4d-93.6209511!16s%2Fg%2F11wbxz0lql!19sChIJXU9b8TCZ7ocRf0rdjsgqJZU,Renew Vitality Testosterone Clinic of Des Moines,,,Men's health physician,"309 Court Ave, Des Moines, IA 50309, United States","H9PH+4J Des Moines, Iowa, USA",https://www.vitalityhrt.com/location/testosterone-clinic-of-des-moines-ia/,+1 515-709-4730,Open · Closes 7 pm,https://streetviewpixels-pa.googleapis.com/v1/thumbnail?panoid=3KI68ZpqHvVwwBYHbBlsuA&cb_client=search.gws-prod.gps&w=408&h=240&yaw=346.24313&pitch=0&thumbfov=100,true,"https://www.google.com/maps/search/vein+clinics+in+Van+Meter+Des+Moines+IA/@41.6136726,-93.5889417,14z",2025-12-16T22:06:43.226Z,,8 am–7 pm,8 am–7 pm,8 am–7 pm,8 am–7 pm,Closed,Closed,8 am–7 pm,,
"https://www.google.com/maps/place/David+McAllister,+DO/data=!4m7!3m6!1s0x87ee995d3d5d380f:0xb5ba5250451f25da!8m2!3d41.5978171!4d-93.6228093!16s%2Fg%2F11l879wlxg!19sChIJDzhdPV2Z7ocR2iUfRVBSurU","David McAllister, DO",,,Cardiologist,"411 Laurel St # A250, Des Moines, IA 50314, United States","H9XG+4V Des Moines, Iowa, USA",https://www.mercyone.org/provider/david-mcallister-do-cardiology,+1 515-235-5000,,https://streetviewpixels-pa.googleapis.com/v1/thumbnail?panoid=wnnoebVABhF1Ysgf72NngA&cb_client=search.gws-prod.gps&w=408&h=240&yaw=54.549286&pitch=0&thumbfov=100,true,"https://www.google.com/maps/search/vein+clinics+in+Van+Meter+Des+Moines+IA/@41.6136726,-93.5889417,14z",2025-12-16T22:06:52.139Z,,,,,,,,,,
"https://www.google.com/maps/place/Atul+Chawla,+MD/data=!4m7!3m6!1s0x87ee996e84bd881b:0x9f024103be755c21!8m2!3d41.5978171!4d-93.6228093!16s%2Fg%2F11l87b467h!19sChIJG4i9hG6Z7ocRIVx1vgNBAp8","Atul Chawla, MD",1.0,1,Cardiologist,"411 Laurel St # A250, Des Moines, IA 50314, United States","H9XG+4V Des Moines, Iowa, USA",https://www.mercyone.org/provider/atul-chawla-md-interventional-cardiology,+1 515-235-5000,,https://streetviewpixels-pa.googleapis.com/v1/thumbnail?panoid=wnnoebVABhF1Ysgf72NngA&cb_client=search.gws-prod.gps&w=408&h=240&yaw=54.549286&pitch=0&thumbfov=100,true,"https://www.google.com/maps/search/vein+clinics+in+Van+Meter+Des+Moines+IA/@41.6136726,-93.5889417,14z",2025-12-16T22:06:54.343Z,,,,,,,,,,
"https://www.google.com/maps/place/Emily+Meyer,+ARNP/data=!4m7!3m6!1s0x87ee991248e92229:0xf6863346c37903a4!8m2!3d41.5978171!4d-93.6228093!16s%2Fg%2F11jn1ffpw4!19sChIJKSLpSBKZ7ocRpAN5w0YzhvY","Emily Meyer, ARNP",,,Cardiologist,"411 Laurel St # A250, Des Moines, IA 50314, United States","H9XG+4V Des Moines, Iowa, USA",https://www.mercyone.org/desmoines/provider/emily-meyer-arnp-cardiology,+1 515-235-5000,,https://streetviewpixels-pa.googleapis.com/v1/thumbnail?panoid=wnnoebVABhF1Ysgf72NngA&cb_client=search.gws-prod.gps&w=408&h=240&yaw=54.549286&pitch=0&thumbfov=100,true,"https://www.google.com/maps/search/vein+clinics+in+Van+Meter+Des+Moines+IA/@41.6136726,-93.5889417,14z",2025-12-16T22:06:56.518Z,,,,,,,,,,
,,,,,,,,,,,,"https://www.google.com/maps/search/vein+clinics+in+Redfield+Des+Moines+IA/@41.5896139,-93.6163963,14z",2025-12-16T22:07:24.622Z,,,,,,,,,No new results found,
https://www.google.com/maps/place/Iowa+Methodist+Medical+Center/data=!4m7!3m6!1s0x87ee991b6365779b:0x8851cdaec7d5f316!8m2!3d41.5882188!4d-93.6359558!16s%2Fg%2F11g6_9x3zc!19sChIJm3dlYxuZ7ocRFvPVx67NUYg,Iowa Methodist Medical Center,2.4,110,Hospital,"1200 Pleasant St, Des Moines, IA 50309, United States","H9Q7+7J Des Moines, Iowa, USA",https://www.unitypoint.org/locations/unitypoint-health---iowa-methodist-medical-center?utm_source=gmb&utm_medium=web&utm_campaign=brandify,+1 515-241-6212,Open 24 hours,https://lh3.googleusercontent.com/gps-cs-s/AG0ilSwfA7_R7TqL11fy58ZV32RwzEeoGGq9hStmx_M5RUuUAph2ZXqaAdEmb1D7XfFRtMYEadqDiCmYsU6ZVZnOcgS07dU3Xw31ltWUlL30qxkPzomFI4Abl8sepi5_D59Wu1aCNXGJ8g=w420-h240-k-no,true,"https://www.google.com/maps/search/vein+clinics+in+Woodward+Des+Moines+IA/@41.5896139,-93.6163963,14z",2025-12-16T22:07:45.051Z,,Open 24 hours,Open 24 hours,Open 24 hours,Open 24 hours,Open 24 hours,Open 24 hours,Open 24 hours,,
https://www.google.com/maps/place/UnityPoint+Health+-+Iowa+Methodist+Medical+Center/data=!4m7!3m6!1s0x87ee991b4fe943c3:0x6f78fa205c48de1b!8m2!3d41.5893174!4d-93.6337657!16s%2Fg%2F1thr7qsc!19sChIJw0PpTxuZ7ocRG95IXCD6eG8,UnityPoint Health - Iowa Methodist Medical Center,3.2,301,Medical Center,"1200 Pleasant St, Des Moines, IA 50309, United States","H9Q8+PF Des Moines, Iowa, USA",https://www.unitypoint.org/locations/unitypoint-health---iowa-methodist-medical-center?utm_source=gmb&utm_medium=web&utm_campaign=brandify,+1 515-241-6212,,https://lh3.googleusercontent.com/p/AF1QipNYy5OVGHQuiq0MMWIwYh_uc03kyNyeaMBNobkQ=w408-h278-k-no,true,"https://www.google.com/maps/search/vein+clinics+in+Woodward+Des+Moines+IA/@41.5896139,-93.6163963,14z",2025-12-16T22:07:49.355Z,,Open 24 hours,Open 24 hours,Open 24 hours,Open 24 hours,Open 24 hours,Open 24 hours,Open 24 hours,,
,,,,,,,,,,,,"https://www.google.com/maps/search/vein+clinics+in+West+Des+Moines+Iowa+Des+Moines+IA/@41.5676962,-93.7565884,14z",2025-12-16T22:07:57.056Z,,,,,,,,,No new results found,
https://www.google.com/maps/place/4Ever+Young+Med+Spa+%26+Wellness+Center+-+Waukee/data=!4m7!3m6!1s0x87ec237ba6c8c7c3:0x74f292bad4e0490a!8m2!3d41.5999744!4d-93.8494086!16s%2Fg%2F11ldh28kbh!19sChIJw8fIpnsj7IcRCkng1LqS8nQ,4Ever Young Med Spa & Wellness Center - Waukee,5.0,125,Medical spa,"1180 SE University Ave, Waukee, IA 50263, United States","H5X2+X6 Waukee, Iowa, USA",https://4everyoungantiaging.com/des-moines/?utm_source=google&utm_medium=organic&utm_campaign=gbp-des-moines,+1 515-304-2324,Open · Closes 6 pm,https://lh3.googleusercontent.com/p/AF1QipO9yQt_-QyRSlzjxL5S1WNfm52I9ZZvvHjstZZZ=w408-h306-k-no,true,"https://www.google.com/maps/search/vein+clinics+in+Waukee+Des+Moines+IA/@41.6149579,-93.8722165,14z",2025-12-16T22:08:08.995Z,,10 am–6 pm,10 am–6 pm,10 am–6 pm,10 am–6 pm,10 am–2 pm,Closed,Closed,,