placeUrl,title,rating,reviewCount,category,address,plusCode,website,phoneNumber,currentStatus,imgUrl,isClaimed,tuesday,wednesday,thursday,friday,saturday,sunday,monday,query,timestamp,info,error,isBlackOwned
https://www.google.com/maps/place/Acadiana+Vascular+Clinic:+Vein+Center+of+Louisiana/data=!4m7!3m6!1s0x86249cf0f989316f:0xa109b3faacce738d!8m2!3d30.1710305!4d-92.0269215!16s%2Fg%2F1tlgy9d8!19sChIJbzGJ-fCcJIYRjXPOrPqzCaE,Acadiana Vascular Clinic: Vein Center of Louisiana,4.9,388,Vascular surgeon,"129 Rue Louis XIV, Lafayette, LA 70508, United States","5XCF+C6 Lafayette, Louisiana, USA",https://acadianavascular.com/,+1 337-289-9700,Closes soon · 4:30 pm · Opens 7:30 am Wed,https://lh3.googleusercontent.com/p/AF1QipOigCvl9w-LHCc4jhF2_rdW-rXGj7PNtW8oBPN0=w427-h240-k-no,true,7:30 am–4:30 pm,7:30 am–4 pm,7:30 am–4:30 pm,7:30 am–2 pm,Closed,Closed,7:30 am–5 pm,"https://www.google.com/maps/search/vein+clinics+in+Scott+Lafeyette+LA/@30.2357569,-92.0945672,14z",2025-12-16T22:09:20.926Z,,,
"https://www.google.com/maps/place/Christopher+LaGraize,+MD,+RVT,+FACS/data=!4m7!3m6!1s0x86249cf0f989316f:0xcd61796b0239d8d3!8m2!3d30.1710625!4d-92.0269223!16s%2Fg%2F1263qm839!19sChIJbzGJ-fCcJIYR09g5Amt5Yc0","Christopher LaGraize, MD, RVT, FACS",4.9,72,Vascular surgeon,"129 Rue Louis XIV, Lafayette, LA 70508, United States","5XCF+C6 Lafayette, Louisiana, USA",https://www.acadianavascularla.com/,+1 337-289-9700,Closes soon · 4:30 pm · Opens 7:30 am Wed,https://lh3.googleusercontent.com/p/AF1QipMMkm4mJ60O-vnLClGqVANnQskQIuIrZ-RDl7KZ=w408-h305-k-no,true,7:30 am–4:30 pm,7:30 am–4 pm,7:30 am–4:30 pm,7:30 am–2 pm,Closed,Closed,7:30 am–5 pm,"https://www.google.com/maps/search/vein+clinics+in+Scott+Lafeyette+LA/@30.2357569,-92.0945672,14z",2025-12-16T22:09:26.334Z,,,
https://www.google.com/maps/place/Louisiana+Cardiovascular+and+Limb+Salvage+Center/data=!4m7!3m6!1s0x86249e855b06d9f3:0xb4fbca9fa1b4c04c!8m2!3d30.2068764!4d-92.0179068!16s%2Fg%2F1tdfnmpj!19sChIJ89kGW4WeJIYRTMC0oZ_K-7Q,Louisiana Cardiovascular and Limb Salvage Center,4.8,545,Medical clinic,"901 Wilson St STE A, Lafayette, LA 70503, United States","6X4J+QR Lafayette, Louisiana, USA",http://www.cardiolimbsalvage.com/,+1 337-456-6523,Closes soon · 5 pm · Opens 8 am Wed,https://lh3.googleusercontent.com/p/AF1QipOg0xEOke9WYTZLm_m3V-QJGJwpbhrd4qXZvVnJ=w408-h565-k-no,true,8 am–5 pm,8 am–5 pm,8 am–5 pm,8 am–12 pm,Closed,Closed,8 am–5 pm,"https://www.google.com/maps/search/vein+clinics+in+Scott+Lafeyette+LA/@30.2357569,-92.0945672,14z",2025-12-16T22:09:31.804Z,,,
"https://www.google.com/maps/place/Jay+Luke,+III,+MD,+RPVI,+FACS/data=!4m7!3m6!1s0x86249cf0f989316f:0xa83c3ce2e20645cb!8m2!3d30.1710306!4d-92.0270497!16s%2Fg%2F11b771hcf0!19sChIJbzGJ-fCcJIYRy0UG4uI8PKg","Jay Luke, III, MD, RPVI, FACS",4.9,64,Vascular surgeon,"129 Rue Louis XIV, Lafayette, LA 70508, United States","5XCF+C5 Lafayette, Louisiana, USA",,+1 337-289-9700,Closes soon · 4:30 pm · Opens 7:30 am Wed,https://lh3.googleusercontent.com/p/AF1QipPcc46TQPcaSDZst_Dh-U5qUqytBicxkPQ9uhj4=w408-h305-k-no,true,7:30 am–4:30 pm,7:30 am–4 pm,7:30 am–4:30 pm,7:30 am–2 pm,Closed,Closed,7:30 am–5 pm,"https://www.google.com/maps/search/vein+clinics+in+Scott+Lafeyette+LA/@30.2357569,-92.0945672,14z",2025-12-16T22:09:36.690Z,,,
https://www.google.com/maps/place/Cardiovascular+Institute+of+the+South/data=!4m7!3m6!1s0x86249e855ba3b19b:0x84173ac170411b7!8m2!3d30.1993082!4d-92.0759434!16s%2Fg%2F11cn0t2cm5!19sChIJm7GjW4WeJIYRtxEEF6xzQQg,Cardiovascular Institute of the South,4.9,246,Cardiologist,"2730 Ambassador Caffery Pkwy, Lafayette, LA 70506, United States","5WXF+PJ Lafayette, Louisiana, USA",https://www.cardio.com/,+1 337-988-1585,Closes soon · 5 pm · Opens 7:30 am Wed,https://lh3.googleusercontent.com/p/AF1QipNhTET1p6-KXce916s6JeXGw5fP2fybK9DsRMih=w408-h326-k-no,true,7:30 am–5 pm,7:30 am–5 pm,7:30 am–5 pm,7:30 am–5 pm,Closed,Closed,7:30 am–5 pm,"https://www.google.com/maps/search/vein+clinics+in+Scott+Lafeyette+LA/@30.2357569,-92.0945672,14z",2025-12-16T22:09:41.795Z,,,
https://www.google.com/maps/place/Lafayette+Cardiovascular+Center+of+Excellence/data=!4m7!3m6!1s0x86249c29c5125a61:0xe466ff7cd828cf7b!8m2!3d30.2068764!4d-92.0179068!16s%2Fg%2F1q6jz59dz!19sChIJYVoSxSmcJIYRe88o2Hz_ZuQ,Lafayette Cardiovascular Center of Excellence,5.0,6,Medical clinic,"901 Wilson St Suite B, Lafayette, LA 70503, United States","6X4J+QR Lafayette, Louisiana, USA",,+1 337-534-4614,Closed · Opens 5 am Wed,https://lh3.googleusercontent.com/gps-cs-s/AG0ilSxaFEoWB8q7Ue-vM1aXRo-Wb3knKoyaxyFm4hc44bckncISQy4IbKuZYRqJPWDe5HYkCCHi9Cw5XMQQR9mNcEJ8BOgGXPvf448bHha73IfuOzMXTzLOrZxcHAsZ6wM54INBscdQJA=w408-h470-k-no,true,5 am–3 pm,5 am–3 pm,5 am–3 pm,Closed,Closed,Closed,5 am–3 pm,"https://www.google.com/maps/search/vein+clinics+in+Scott+Lafeyette+LA/@30.2357569,-92.0945672,14z",2025-12-16T22:09:46.675Z,,,
https://www.google.com/maps/place/Renouvele+Vein+Center:+Salem+Aram+MD/data=!4m7!3m6!1s0x86249d87ce08aa3d:0xb18a4f7b9c55c601!8m2!3d30.147022!4d-92.035928!16s%2Fg%2F1tdnlh0m!19sChIJPaoIzoedJIYRAcZVnHtPirE,Renouvele Vein Center: Salem Aram MD,,,Doctor,"5000 Ambassador Caffery Pkwy #1, Lafayette, LA 70508, United States","4XW7+RJ Lafayette, Louisiana, USA",,+1 337-456-5338,,https://streetviewpixels-pa.googleapis.com/v1/thumbnail?panoid=dL_PeS83YdfPzvfDICYzBg&cb_client=search.gws-prod.gps&w=408&h=240&yaw=323.66003&pitch=0&thumbfov=100,false,,,,,,,,"https://www.google.com/maps/search/vein+clinics+in+Scott+Lafeyette+LA/@30.2357569,-92.0945672,14z",2025-12-16T22:09:49.388Z,,,
"https://www.google.com/maps/place/Steven+Pike,+MD,+RPVI/data=!4m7!3m6!1s0x86249d9e30ab494b:0xb6cfb06a7b1c3fb8!8m2!3d30.1710306!4d-92.0270497!16s%2Fg%2F11h31xc7qw!19sChIJS0mrMJ6dJIYRuD8ce2qwz7Y","Steven Pike, MD, RPVI",4.9,27,Vascular surgeon,"129 Rue Louis XIV, Lafayette, LA 70508, United States","5XCF+C5 Lafayette, Louisiana, USA",https://www.acadianavascularla.com/,+1 337-289-9700,Closes soon · 4:30 pm · Opens 7:30 am Wed,https://lh3.googleusercontent.com/p/AF1QipPfVoWPtUfjyxK7vJYOqRMGd1KuSqeB5skKVqD6=w408-h295-k-no,true,7:30 am–4:30 pm,7:30 am–4 pm,7:30 am–4:30 pm,7:30 am–2 pm,Closed,Closed,7:30 am–5 pm,"https://www.google.com/maps/search/vein+clinics+in+Scott+Lafeyette+LA/@30.2357569,-92.0945672,14z",2025-12-16T22:09:54.416Z,,,
https://www.google.com/maps/place/Cardiovascular+Institute+of+the+South/data=!4m7!3m6!1s0x86249cef9528e2cd:0x4f2ea88fd32a269b!8m2!3d30.2021652!4d-92.0151855!16s%2Fg%2F113flsfs9!19sChIJzeIole-cJIYRmyYq04-oLk8,Cardiovascular Institute of the South,4.9,821,Cardiologist,"441 Heymann Blvd, Lafayette, LA 70503, United States","6X2M+VW Lafayette, Louisiana, USA",https://www.cardio.com/,+1 337-289-8429,Closes soon · 5 pm · Opens 7:30 am Wed,https://lh3.googleusercontent.com/p/AF1QipPsoESu_4Cg5Mt5VMtBaikQg1xY5NwoEhKtNEe1=w408-h272-k-no,true,7:30 am–5 pm,7:30 am–5 pm,7:30 am–5 pm,7:30 am–5 pm,Closed,Closed,7:30 am–5 pm,"https://www.google.com/maps/search/vein+clinics+in+Scott+Lafeyette+LA/@30.2357569,-92.0945672,14z",2025-12-16T22:09:59.394Z,,,
https://www.google.com/maps/place/Ochsner+Southern+Vascular/data=!4m7!3m6!1s0x86249d863883ff25:0x8693e87292c15c2f!8m2!3d30.1470282!4d-92.0359099!16s%2Fg%2F11ckschf11!19sChIJJf-DOIadJIYRL1zBknLok4Y,Ochsner Southern Vascular,4.5,8,Vascular surgeon,"5000 Ambassador Caffery Pkwy #100, Lafayette, LA 70508, United States","4XW7+RJ Lafayette, Louisiana, USA",http://www.southernvascular.org/,+1 337-534-4444,Closed · Opens 8 am Wed,https://lh3.googleusercontent.com/gps-cs-s/AG0ilSxNzk_nJiK5Dd8-WWiy8GRnH98RpVF9TmxRaOLwnJeOy5h86bbH849r1t6wtZB8cYpeKIhTPI_zV70eOU1l0efq9cL8jGlnVVrV8yQBRbLqov2M7I8EN0A-tqAaNlOegKrf0R9y=w408-h725-k-no,true,8 am–4 pm,8 am–4 pm,8 am–4 pm,8 am–2 pm,Closed,Closed,8 am–4 pm,"https://www.google.com/maps/search/vein+clinics+in+Scott+Lafeyette+LA/@30.2357569,-92.0945672,14z",2025-12-16T22:10:04.208Z,,,
"https://www.google.com/maps/place/Allen+Bui,+MD,+RPVI/data=!4m7!3m6!1s0x86249d9c832e5b51:0xfdbdd921075ac8aa!8m2!3d30.1710837!4d-92.0268981!16s%2Fg%2F11r1r_vphk!19sChIJUVsug5ydJIYRqshaByHZvf0","Allen Bui, MD, RPVI",5.0,2,Vascular surgeon,"129 Rue Louis XIV, Lafayette, LA 70508, United States","5XCF+C6 Lafayette, Louisiana, USA",https://acadianavascular.com/providers/allen-bui/,+1 337-289-9700,Closes soon · 4:30 pm · Opens 7:30 am Wed,https://lh3.googleusercontent.com/p/AF1QipPOrddXp8GmBTM6TmH2DEeApdUaMMZH9KabQl2N=w408-h305-k-no,true,7:30 am–4:30 pm,7:30 am–4 pm,7:30 am–4:30 pm,7:30 am–2 pm,Closed,Closed,7:30 am–5 pm,"https://www.google.com/maps/search/vein+clinics+in+Scott+Lafeyette+LA/@30.2357569,-92.0945672,14z",2025-12-16T22:10:09.008Z,,,
https://www.google.com/maps/place/Nouveau+Visage%2FFelton+Family+Care/data=!4m7!3m6!1s0x8624c0708ceabbdf:0x95137f61d4b64967!8m2!3d30.1363894!4d-91.9832518!16s%2Fg%2F11b6s0rt_k!19sChIJ37vqjHDAJIYRZ0m21GF_E5U,Nouveau Visage/Felton Family Care,4.7,131,Medical office,"6703 Ambassador Caffery Pkwy b, Broussard, LA 70518, United States","42P8+HM Broussard, Louisiana, USA",,+1 337-948-1766,Closes soon · 5 pm · Opens 8:30 am Wed,https://streetviewpixels-pa.googleapis.com/v1/thumbnail?panoid=J8VWz5rQa5fnFD1-pC7P6g&cb_client=search.gws-prod.gps&w=408&h=240&yaw=40.827995&pitch=0&thumbfov=100,true,8:30 am–5 pm,8:30 am–5 pm,Closed,8:30 am–5 pm,Closed,Closed,8:30 am–5 pm,"https://www.google.com/maps/search/vein+clinics+in+Scott+Lafeyette+LA/@30.2357569,-92.0945672,14z",2025-12-16T22:10:14.040Z,,,
https://www.google.com/maps/place/BeLuxxe+Health+%26+Wellness/data=!4m7!3m6!1s0x86249d9dd99d4f5b:0xf8e746d2d1b2ec73!8m2!3d30.2060091!4d-92.0129044!16s%2Fg%2F11j_5r6407!19sChIJW0-d2Z2dJIYRc-yy0dJG5_g,BeLuxxe Health & Wellness,4.9,44,Medical spa,"106 Oil Center Dr #104b, Lafayette, LA 70503, United States","6X4P+CR Lafayette, Louisiana, USA",https://beluxxehw.com/,+1 337-549-5800,Closes soon · 5 pm · Opens 9 am Wed,https://lh3.googleusercontent.com/p/AF1QipNQlq2CKTdG0-EsNGgD7K0aB5EhsufYoQTG_jEe=w408-h544-k-no,true,9 am–5 pm,9 am–5 pm,9 am–5 pm,9 am–5 pm,Closed,Closed,9 am–5 pm,"https://www.google.com/maps/search/vein+clinics+in+Scott+Lafeyette+LA/@30.2357569,-92.0945672,14z",2025-12-16T22:10:19.144Z,,,
"https://www.google.com/maps/place/Angelle+Hogan,+MD/data=!4m7!3m6!1s0x86249d671858f303:0x4de4fa249e1a2000!8m2!3d30.1710706!4d-92.0270388!16s%2Fg%2F11zjy3q7x2!19sChIJA_NYGGedJIYRACAaniT65E0","Angelle Hogan, MD",,,Vascular surgeon,"129 Rue Louis XIV, Lafayette, LA 70508, United States","5XCF+C5 Lafayette, Louisiana, USA",https://acadianavascular.com/,+1 337-289-9700,"Closes soon · 4:30 pm · Opens 7:30 am Wed

Updated by this business 9 weeks ago",https://lh3.googleusercontent.com/p/AF1QipMtzkDTLbtvcKdmyGVKtuIRXHMCxpguZXQgqRwr=w408-h496-k-no,true,7:30 am–4:30 pm,7:30 am–4 pm,7:30 am–4:30 pm,7:30 am–2 am,Closed,Closed,7:30 am–5 pm,"https://www.google.com/maps/search/vein+clinics+in+Scott+Lafeyette+LA/@30.2357569,-92.0945672,14z",2025-12-16T22:10:24.025Z,,,
https://www.google.com/maps/place/Bond+Medical+Center/data=!4m7!3m6!1s0x86249c582bf84047:0x996dca3fbfd021d4!8m2!3d30.200255!4d-92.02754!16s%2Fg%2F1tgf8440!19sChIJR0D4K1icJIYR1CHQvz_KbZk,Bond Medical Center,4.3,32,Sports medicine clinic,"Fair Oaks Plaza, 1101 S College Rd #201, Lafayette, LA 70503, United States","6X2C+4X Lafayette, Louisiana, USA",http://www.bondmedicalcenter.com/,+1 337-264-7209,Closes soon · 5 pm · Opens 8 am Wed,https://streetviewpixels-pa.googleapis.com/v1/thumbnail?panoid=kFsfPmiaAvZSaUsrxude3w&cb_client=search.gws-prod.gps&w=408&h=240&yaw=148.23695&pitch=0&thumbfov=100,true,8 am–5 pm,8 am–5 pm,8 am–5 pm,8 am–12 pm,Closed,Closed,8 am–5 pm,"https://www.google.com/maps/search/vein+clinics+in+Scott+Lafeyette+LA/@30.2357569,-92.0945672,14z",2025-12-16T22:10:28.988Z,,,
https://www.google.com/maps/place/New+Cardiovascular+Horizon/data=!4m7!3m6!1s0x86249cee1b83e149:0x5b7346a864606303!8m2!3d30.206025!4d-92.0172884!16s%2Fg%2F12611sqv9!19sChIJSeGDG-6cJIYRA2NgZKhGc1s,New Cardiovascular Horizon,,,Surgical center,"1018 Harding St, Lafayette, LA 70503, United States","6X4M+C3 Lafayette, Louisiana, USA",,+1 337-261-0944,,https://streetviewpixels-pa.googleapis.com/v1/thumbnail?panoid=B4f4yZUkDI7W4AuB847pFA&cb_client=search.gws-prod.gps&w=408&h=240&yaw=311.78534&pitch=0&thumbfov=100,false,,,,,,,,"https://www.google.com/maps/search/vein+clinics+in+Scott+Lafeyette+LA/@30.2357569,-92.0945672,14z",2025-12-16T22:10:31.658Z,,,
https://www.google.com/maps/place/Reliant+Specialty+Infusion/data=!4m7!3m6!1s0x86249d5b3b8e7307:0xcacf0c24cf1e6fdf!8m2!3d30.2002555!4d-92.0275395!16s%2Fg%2F11s8qv9r8d!19sChIJB3OOO1udJIYR328ezyQMz8o,Reliant Specialty Infusion,5.0,59,Medical clinic,"Fair Oaks Plaza, 1101 S College Rd #401, Lafayette, LA 70503, United States","6X2C+4X Lafayette, Louisiana, USA",https://www.rsinfusion.com/,+1 888-339-0906,Closes soon · 4:30 pm · Opens 7:30 am Wed,https://lh3.googleusercontent.com/p/AF1QipOYvcN2dAnxo9RwYYz5uOQwrTRPrhv3fCoqwsN_=w408-h271-k-no,true,7:30 am–4:30 pm,7:30 am–4:30 pm,7:30 am–4:30 pm,7:30 am–4:30 pm,Closed,Closed,7:30 am–4:30 pm,"https://www.google.com/maps/search/vein+clinics+in+Scott+Lafeyette+LA/@30.2357569,-92.0945672,14z",2025-12-16T22:10:36.642Z,,,
https://www.google.com/maps/place/Ghanami+Racheed+J+MD/data=!4m7!3m6!1s0x86249d863883ff25:0xff250de927662e54!8m2!3d30.1470282!4d-92.0359099!16s%2Fg%2F11clyt_8tk!19sChIJJf-DOIadJIYRVC5mJ-kNJf8,Ghanami Racheed J MD,5.0,3,Vascular surgeon,"5000 Ambassador Caffery Pkwy #100, Lafayette, LA 70508, United States","4XW7+RJ Lafayette, Louisiana, USA",http://www.southernvascular.org/,+1 337-534-4444,Closed · Opens 8 am Wed,https://lh3.googleusercontent.com/p/AF1QipMZE54qHGJ7R968J2BCDL9RjZXvC6rHWkLpb_iJ=w408-h291-k-no,true,8 am–4 pm,8 am–4 pm,8 am–4 pm,8 am–12 pm,Closed,Closed,8 am–4 pm,"https://www.google.com/maps/search/vein+clinics+in+Scott+Lafeyette+LA/@30.2357569,-92.0945672,14z",2025-12-16T22:10:41.656Z,,,
https://www.google.com/maps/place/Preventiv+IV+Therapy+Clinic/data=!4m7!3m6!1s0x86249c57e33f1f2f:0x47d70ab8941fac0f!8m2!3d30.2002546!4d-92.0275401!16s%2Fg%2F11g72g9zrq!19sChIJLx8_41ecJIYRD6wflLgK10c,Preventiv IV Therapy Clinic,3.5,2,Medical clinic,"Fair Oaks Plaza, 1101 S College Rd #201, Lafayette, LA 70503, United States","6X2C+4X Lafayette, Louisiana, USA",http://www.preventivtherapy.com/,+1 337-264-7209,Closes soon · 5 pm · Opens 8 am Wed,https://streetviewpixels-pa.googleapis.com/v1/thumbnail?panoid=kFsfPmiaAvZSaUsrxude3w&cb_client=search.gws-prod.gps&w=408&h=240&yaw=148.27173&pitch=0&thumbfov=100,true,8 am–5 pm,8 am–5 pm,8 am–5 pm,8 am–12 pm,Closed,Closed,8 am–5 pm,"https://www.google.com/maps/search/vein+clinics+in+Scott+Lafeyette+LA/@30.2357569,-92.0945672,14z",2025-12-16T22:10:46.452Z,,,
"https://www.google.com/maps/place/La+Cardiovascular+Institute/@30.1978257,-92.0770185,17z/data=!3m1!4b1!4m6!3m5!1s0x86249e855b06d9f3:0xa087ac5cb8109b01!8m2!3d30.1978257!4d-92.0770185!16s%2Fg%2F1v_w2qkm",La Cardiovascular Institute,,,Medical clinic,"4212 W Congress St, Lafayette, LA 70506, United States","5WXF+45 Lafayette, Louisiana, USA",,+1 337-456-6523,,,false,,,,,,,,"https://www.google.com/maps/search/vein+clinics+in+Scott+Lafeyette+LA/@30.2357569,-92.0945672,14z",2025-12-16T22:10:51.073Z,,,
https://www.google.com/maps/place/Lousiana+Heart+Lung+%26+Vascular/data=!4m7!3m6!1s0x86249e8f9b648027:0xbb672f4e4d2d8b5d!8m2!3d30.197777!4d-92.077044!16s%2Fg%2F1tcvjg49!19sChIJJ4Bkm4-eJIYRXYstTU4vZ7s,Lousiana Heart Lung & Vascular,,,Surgical center,"4212 W Congress St # 3200, Lafayette, LA 70506, United States","5WXF+45 Lafayette, Louisiana, USA",,+1 337-273-2863,Closes soon · 5 pm · Opens 8:30 am Wed,https://streetviewpixels-pa.googleapis.com/v1/thumbnail?panoid=MVE1rfSGW-MXvHXG5S4sdg&cb_client=search.gws-prod.gps&w=408&h=240&yaw=305.08218&pitch=0&thumbfov=100,false,8:30 am–5 pm,8:30 am–5 pm,8:30 am–5 pm,8:30 am–5 pm,Closed,Closed,8:30 am–5 pm,"https://www.google.com/maps/search/vein+clinics+in+Scott+Lafeyette+LA/@30.2357569,-92.0945672,14z",2025-12-16T22:10:55.843Z,,,
"https://www.google.com/maps/place/Scott+M.+Neusetzer,+M.D./data=!4m7!3m6!1s0x86249cee15526f63:0x892869b96e1b1686!8m2!3d30.1704689!4d-92.0277033!16s%2Fg%2F1tdgvrrw!19sChIJY29SFe6cJIYRhhYbbrlpKIk","Scott M. Neusetzer, M.D.",5.0,50,Urologist,"120 Rue Louis XIV Building 2, Lafayette, LA 70508, United States","5XCC+5W Lafayette, Louisiana, USA",https://southernurologyla.com/urologists/scott-m-neusetzer-m-d-f-a-c-s/?utm_source=GMBSocialClimb&utm_medium=ScottM.Neusetzer%2CM.D.,+1 337-233-6665,Closes soon · 5 pm · Opens 9 am Wed,https://lh3.googleusercontent.com/p/AF1QipOKiSGSSHeZ5clPmby7969NTVxP08SL8mZ0ExCO=w408-h571-k-no,true,9 am–5 pm,9 am–5 pm,9 am–5 pm,9 am–5 pm,Closed,Closed,9 am–5 pm,"https://www.google.com/maps/search/vein+clinics+in+Scott+Lafeyette+LA/@30.2357569,-92.0945672,14z",2025-12-16T22:11:00.869Z,,,
"https://www.google.com/maps/place/Lourdes+Anti-Coagulation+Clinic/@30.215868,-92.027227,17z/data=!3m1!4b1!4m6!3m5!1s0x86249c8a78c92353:0xf6f84b3dcf410dab!8m2!3d30.215868!4d-92.027227!16s%2Fg%2F1tctxxw1",Lourdes Anti-Coagulation Clinic,,,Medical clinic,"611 St Landry St, Lafayette, LA 70506, United States","6X8F+84 Lafayette, Louisiana, USA",,+1 337-289-2756,,,false,,,,,,,,"https://www.google.com/maps/search/vein+clinics+in+Scott+Lafeyette+LA/@30.2357569,-92.0945672,14z",2025-12-16T22:11:05.725Z,,,
https://www.google.com/maps/place/The+Aesthetic+Medicine+and+Anti-Aging+Clinics+of+Louisiana/data=!4m7!3m6!1s0x86249d871cae0169:0x22c95317acaa64e6!8m2!3d30.1785811!4d-92.0457597!16s%2Fg%2F11bc6z5y9r!19sChIJaQGuHIedJIYR5mSqrBdTySI,The Aesthetic Medicine and Anti-Aging Clinics of Louisiana,4.8,25,Skin care clinic,"935 Camellia Blvd, Lafayette, LA 70508, United States","5XH3+CM Lafayette, Louisiana, USA",https://theantiagingclinics.com/,+1 337-484-1234,Closes soon · 4:30 pm · Opens 7:30 am Wed,https://lh3.googleusercontent.com/p/AF1QipP61gZU6lu05V42SKMP3nXpMNWaxxdu3w-Q6b40=w408-h306-k-no,true,7:30 am–4:30 pm,7:30 am–4:30 pm,7:30 am–4:30 pm,7:30 am–1 pm,Closed,Closed,7:30 am–4:30 pm,"https://www.google.com/maps/search/vein+clinics+in+Scott+Lafeyette+LA/@30.2357569,-92.0945672,14z",2025-12-16T22:11:10.447Z,,,
https://www.google.com/maps/place/Vascular+Center+of+Lafayette/data=!4m7!3m6!1s0x86249cb057a4100f:0x889a56407c893c02!8m2!3d30.2217599!4d-91.9964032!16s%2Fg%2F11b6yhmhqb!19sChIJDxCkV7CcJIYRAjyJfEBWmog,Vascular Center of Lafayette,,,Medical clinic,"1340 LA 728-8, Lafayette, LA 70501, United States","62C3+PC Lafayette, Louisiana, USA",,+1 337-236-6704,,https://lh3.googleusercontent.com/p/AF1QipPFbHx1CDKSHV02o84h6Fi5-twuHg5lVTDXPqqY=w408-h271-k-no,true,,,,,,,,"https://www.google.com/maps/search/vein+clinics+in+Scott+Lafeyette+LA/@30.2357569,-92.0945672,14z",2025-12-16T22:11:13.100Z,,,
https://www.google.com/maps/place/Healthy+Heart+Clinics+of+Lafayette/data=!4m7!3m6!1s0x86249d2c5e86e1e1:0xf61a86b26cebcc5e!8m2!3d30.1806716!4d-92.0226093!16s%2Fg%2F11jb2ly5cl!19sChIJ4eGGXiydJIYRXszrbLKGGvY,Healthy Heart Clinics of Lafayette,5.0,16,Medical clinic,"854 Kaliste Saloom Rd Ste. C, Lafayette, LA 70508, United States","5XJG+7X Lafayette, Louisiana, USA",,+1 337-348-5059,Closes soon · 5 pm · Opens 8 am Wed,https://streetviewpixels-pa.googleapis.com/v1/thumbnail?panoid=JxpL1YG33I3qLfMdpAMkAw&cb_client=search.gws-prod.gps&w=408&h=240&yaw=41.215477&pitch=0&thumbfov=100,true,8 am–5 pm,8 am–5 pm,8 am–5 pm,8 am–5 pm,Closed,Closed,8 am–5 pm,"https://www.google.com/maps/search/vein+clinics+in+Scott+Lafeyette+LA/@30.2357569,-92.0945672,14z",2025-12-16T22:11:18.009Z,,,
https://www.google.com/maps/place/Lafayette+Surgical+Specialty+Hospital/data=!4m7!3m6!1s0x86249da78a64a9b3:0x633c21966ff53c17!8m2!3d30.174983!4d-92.0269638!16s%2Fg%2F1tvr_261!19sChIJs6lkiqedJIYRFzz1b5YhPGM,Lafayette Surgical Specialty Hospital,4.3,73,Hospital,"1101 Kaliste Saloom Rd, Lafayette, LA 70508, United States","5XFF+X6 Lafayette, Louisiana, USA",https://lafayettesurgical.com/?y_source=1_MTI5MTQ4MjUtNzE1LWxvY2F0aW9uLndlYnNpdGU%3D,+1 337-769-4100,,https://lh3.googleusercontent.com/p/AF1QipM4e7WF8S0Hzu_GNnMEgORfi-NXUIIfr_n20Jw=w408-h271-k-no,true,,,,,,,,"https://www.google.com/maps/search/vein+clinics+in+Scott+Lafeyette+LA/@30.2357569,-92.0945672,14z",2025-12-16T22:11:20.813Z,,,
https://www.google.com/maps/place/Orthopedic+Urgent+Care/data=!4m7!3m6!1s0x86249de921e2b995:0x659a397691692a06!8m2!3d30.1616882!4d-92.0540005!16s%2Fg%2F11f54sz2r0!19sChIJlbniIemdJIYRBippkXY5mmU,Orthopedic Urgent Care,4.9,2485,Urgent care center,"4231 Ambassador Caffery Pkwy STE 102, Lafayette, LA 70508, United States","5W6W+M9 Lafayette, Louisiana, USA",https://urgentcareortho.com/,+1 337-889-3100,Open · Closes 8 pm,https://lh3.googleusercontent.com/p/AF1QipPc55kSGcrvhatWbcKnlra2XADezw3qyx0ELlD4=w408-h306-k-no,true,8 am–8 pm,8 am–8 pm,8 am–8 pm,8 am–8 pm,9 am–6 pm,Closed,8 am–8 pm,"https://www.google.com/maps/search/vein+clinics+in+Scott+Lafeyette+LA/@30.2357569,-92.0945672,14z",2025-12-16T22:11:25.723Z,,,
https://www.google.com/maps/place/Weiler+Plastic+Surgery/data=!4m7!3m6!1s0x86249d970c32eb15:0x578b7f6c443f20a8!8m2!3d30.1468376!4d-92.0361239!16s%2Fg%2F11vjnx4z5p!19sChIJFesyDJedJIYRqCA_RGx_i1c,Weiler Plastic Surgery,4.9,144,Medical spa,"5000 Ambassador Caffery Pkwy Building 1, Suite 101, Lafayette, LA 70508, United States","4XW7+PH Lafayette, Louisiana, USA",https://www.weilerplasticsurgery.com/locations/lafayette/?utm_source=google&utm_medium=local&utm_campaign=lafayette-practice-website,+1 337-504-7374,Closed · Opens 8 am Wed,https://lh3.googleusercontent.com/p/AF1QipPiJMoSsh1r_gwe64F6jWXKuM4-3Rl6LNl0SRaE=w408-h271-k-no,true,8 am–4 pm,8 am–4 pm,8 am–4 pm,8 am–4 pm,Closed,Closed,8 am–4 pm,"https://www.google.com/maps/search/vein+clinics+in+Scott+Lafeyette+LA/@30.2357569,-92.0945672,14z",2025-12-16T22:11:30.962Z,,,
https://www.google.com/maps/place/Andries+Aesthetics/data=!4m7!3m6!1s0xa6ba3e7a5952dfa7:0x15b0ab761123d8ba!8m2!3d30.1987539!4d-92.0424297!16s%2Fg%2F11vyw9qwcm!19sChIJp99SWXo-uqYRutgjEXarsBU,Andries Aesthetics,5.0,6,Medical spa,"335 Doucet Rd suite a, Lafayette, LA 70503, United States","5XX5+G2 Lafayette, Louisiana, USA",https://andriesaesthetics.com/,+1 337-366-0840,Closed · Opens 8 am Thu,https://streetviewpixels-pa.googleapis.com/v1/thumbnail?panoid=GJ2aEzjmBThVCYfF9zaAWA&cb_client=search.gws-prod.gps&w=408&h=240&yaw=42.06393&pitch=0&thumbfov=100,true,Closed,Closed,8 am–4 pm,Closed,Closed,Closed,Closed,"https://www.google.com/maps/search/vein+clinics+in+Scott+Lafeyette+LA/@30.2357569,-92.0945672,14z",2025-12-16T22:11:35.786Z,,,
https://www.google.com/maps/place/Visage+Medical+Spa/data=!4m7!3m6!1s0x86249dd923927ccb:0xbff389a0f7a5b6ad!8m2!3d30.1703226!4d-92.0332718!16s%2Fg%2F11nx27bm7g!19sChIJy3ySI9mdJIYRrbal96CJ878,Visage Medical Spa,5.0,42,Medical spa,"1720 Kaliste Saloom Rd bldg c suite c9, Lafayette, LA 70508, United States","5XC8+4M Lafayette, Louisiana, USA",http://visagemedicalspa.com/?utm_source=google&utm_medium=gmb&utm_campaign=website,+1 337-703-3028,Open · Closes 7 pm,https://lh3.googleusercontent.com/p/AF1QipNXH2QhKnP619eVBpUe3ESNPIO17XXsmUkS41NS=w408-h257-k-no,true,9 am–7 pm,9 am–4 pm,9 am–7 pm,9 am–4 pm,9 am–2 pm,Closed,9 am–4 pm,"https://www.google.com/maps/search/vein+clinics+in+Scott+Lafeyette+LA/@30.2357569,-92.0945672,14z",2025-12-16T22:11:40.559Z,LGBTQ+ friendly,,
https://www.google.com/maps/place/John+Luke/data=!4m7!3m6!1s0x86249d0a0c255555:0xe9e30afbc3b5cbe4!8m2!3d30.1710837!4d-92.0268981!16s%2Fg%2F11p07b5zrf!19sChIJVVUlDAqdJIYR5Mu1w_sK4-k,John Luke,,,Vascular surgeon,"129 Rue Louis XIV, Lafayette, LA 70508, United States","5XCF+C6 Lafayette, Louisiana, USA",https://acadianavascular.com/providers/john-jay-luke-iii/,+1 337-289-9700,,https://streetviewpixels-pa.googleapis.com/v1/thumbnail?panoid=nycNC-BDlw8j6cboGB_80g&cb_client=search.gws-prod.gps&w=408&h=240&yaw=45.870823&pitch=0&thumbfov=100,false,,,,,,,,"https://www.google.com/maps/search/vein+clinics+in+Scott+Lafeyette+LA/@30.2357569,-92.0945672,14z",2025-12-16T22:11:43.336Z,,,
https://www.google.com/maps/place/MinuteMed+Walk+In+Clinic+%26+Urgent+Care+Facility/data=!4m7!3m6!1s0x86249c31d8052347:0x924cceb11e27d1b8!8m2!3d30.1751404!4d-92.0703804!16s%2Fg%2F12hk40m5k!19sChIJRyMF2DGcJIYRuNEnHrHOTJI,MinuteMed Walk In Clinic & Urgent Care Facility,3.8,169,Walk-in clinic,"3621 Ambassador Caffery Pkwy Suite 100, Lafayette, LA 70503, United States","5WGH+3R Lafayette, Louisiana, USA",https://myminutemed.com/,+1 337-534-4410,"Closes soon · 5 pm · Opens 8 am Wed

Updated by this business 3 weeks ago",https://lh3.googleusercontent.com/gps-cs-s/AG0ilSyQ2ulT2PpvwykuWyJvB0KsYktImHtkCisMQP9aqgtLxn4YEMbZQxXG7WSQfSBWegirZQZtTaRqljw0DJiEDrtoC97QN1lRS5x-I5REV2B6Bld7HdV4LdvKCQsLBHp9tfei_PJh=w408-h306-k-no,true,8 am–5 pm,8 am–5 pm,8 am–5 pm,8 am–5 pm,8 am–12 pm,Closed,8 am–5 pm,"https://www.google.com/maps/search/vein+clinics+in+Scott+Lafeyette+LA/@30.2357569,-92.0945672,14z",2025-12-16T22:11:48.076Z,,,
https://www.google.com/maps/place/Aesthetic+Institute-The+South/data=!4m7!3m6!1s0x86249d8da92fd803:0x4d9f8cba295c5afe!8m2!3d30.1988043!4d-92.0426833!16s%2Fg%2F1tscpcj5!19sChIJA9gvqY2dJIYR_lpcKbqMn00,Aesthetic Institute-The South,,,Doctor,"331 Doucet Rd, Lafayette, LA 70503, United States","5XX4+GW Lafayette, Louisiana, USA",,+1 337-289-5277,,https://streetviewpixels-pa.googleapis.com/v1/thumbnail?panoid=t1v2j8xJMRZCUheAJp6EBQ&cb_client=search.gws-prod.gps&w=408&h=240&yaw=71.73099&pitch=0&thumbfov=100,false,,,,,,,,"https://www.google.com/maps/search/vein+clinics+in+Scott+Lafeyette+LA/@30.2357569,-92.0945672,14z",2025-12-16T22:11:50.916Z,,,
https://www.google.com/maps/place/Drip+IV+Therapies/data=!4m7!3m6!1s0x86249d6eebc5d023:0x69858ea28e78da81!8m2!3d30.1474409!4d-92.036606!16s%2Fg%2F11fn74csz_!19sChIJI9DF626dJIYRgdp4jqKOhWk,Drip IV Therapies,5.0,215,Medical clinic,"4906 Ambassador Caffery Pkwy Bldg B, Lafayette, LA 70508, United States","4XW7+X9 Lafayette, Louisiana, USA",https://www.dripivco.com/,+1 337-347-6655,"Closed · Opens 8 am Wed

Updated by this business 9 weeks ago",https://lh3.googleusercontent.com/p/AF1QipNtsxCqeKUXrN3vF72x68tcan0k9veKPvloG8cx=w493-h240-k-no,true,8 am–4 pm,8 am–4 pm,8 am–4 pm,8 am–4 pm,9 am–12:30 pm,9 am–12:30 pm,8 am–4 pm,"https://www.google.com/maps/search/vein+clinics+in+Scott+Lafeyette+LA/@30.2357569,-92.0945672,14z",2025-12-16T22:11:55.818Z,,,
https://www.google.com/maps/place/Our+Lady+of+Lourdes+Center+for+Wound+Care+and+Hyperbarics/data=!4m7!3m6!1s0x86249d8f603bd2ed:0xbae2e4c6276991a4!8m2!3d30.1506048!4d-92.0363505!16s%2Fg%2F11d_2hl540!19sChIJ7dI7YI-dJIYRpJFpJ8bk4ro,Our Lady of Lourdes Center for Wound Care and Hyperbarics,5.0,6,Specialized clinic,"4809 Ambassador Caffery Pkwy Suite 390, Lafayette, LA 70508, United States","5X27+6F Lafayette, Louisiana, USA",https://www.fmolhs.org/locations/acadiana/our-lady-of-lourdes-wound-care-hyperbarics?utm_source=Google&utm_medium=Listing&utm_campaign=GMB,+1 337-470-2888,Closes soon · 4:30 pm · Opens 8 am Wed,https://lh3.googleusercontent.com/p/AF1QipNXzfOIL28WsvRUJYV69xN-GSK4MpIFnGIXxA1a=w426-h240-k-no,true,8 am–4:30 pm,8 am–4:30 pm,8 am–4:30 pm,8 am–4:30 pm,Closed,Closed,8 am–4:30 pm,"https://www.google.com/maps/search/vein+clinics+in+Scott+Lafeyette+LA/@30.2357569,-92.0945672,14z",2025-12-16T22:12:00.522Z,,,
https://www.google.com/maps/place/St+Tammany+Heart+%26+Vascular/data=!4m7!3m6!1s0x86249cb107f4a629:0x4d82ca3291b8783c!8m2!3d30.2217516!4d-91.9949963!16s%2Fg%2F1xfsp2x8!19sChIJKab0B7GcJIYRPHi4kTLKgk0,St Tammany Heart & Vascular,,,Surgical center,"1353 LA 728-8, Lafayette, LA 70501, United States","62C4+P2 Lafayette, Louisiana, USA",,+1 985-809-5294,,https://streetviewpixels-pa.googleapis.com/v1/thumbnail?panoid=n_6BBg6yTRu2U7mSWfE5iA&cb_client=search.gws-prod.gps&w=408&h=240&yaw=66.61553&pitch=0&thumbfov=100,false,,,,,,,,"https://www.google.com/maps/search/vein+clinics+in+Scott+Lafeyette+LA/@30.2357569,-92.0945672,14z",2025-12-16T22:12:03.300Z,,,
https://www.google.com/maps/place/Vascular+Access+Centers/data=!4m7!3m6!1s0x86249cb057a6b5f7:0x72b540ef6de82842!8m2!3d30.2216357!4d-91.9964937!16s%2Fg%2F1tfzs8jn!19sChIJ97WmV7CcJIYRQijobe9AtXI,Vascular Access Centers,,,Radiologist,"1340 LA 728-8 #101, Lafayette, LA 70501, United States","62C3+MC Lafayette, Louisiana, USA",,+1 337-205-4330,,https://streetviewpixels-pa.googleapis.com/v1/thumbnail?panoid=6MaNzMRdHZr8QtN4WRsCqw&cb_client=search.gws-prod.gps&w=408&h=240&yaw=206.68658&pitch=0&thumbfov=100,false,,,,,,,,"https://www.google.com/maps/search/vein+clinics+in+Scott+Lafeyette+LA/@30.2357569,-92.0945672,14z",2025-12-16T22:12:06.009Z,,,
https://www.google.com/maps/place/Heart+and+Vascular+Center+of+Acadiana/data=!4m7!3m6!1s0x86249cf0fa17365f:0x7f79767178d2cd6e!8m2!3d30.2034135!4d-92.0203553!16s%2Fg%2F11ckxw5js_!19sChIJXzYX-vCcJIYRbs3SeHF2eX8,Heart and Vascular Center of Acadiana,5.0,4,,"155 Hospital Dr Ste 201 Suite 201, Lafayette, LA 70503, United States","6X3H+9V Lafayette, Louisiana, USA",https://www.ochsner.org/locations/heart-and-vascular-center-of-acadiana?y_source=1_OTc0MTE5NTUtNzE1LWxvY2F0aW9uLndlYnNpdGU%3D,+1 337-289-7999,Permanently closed,https://streetviewpixels-pa.googleapis.com/v1/thumbnail?panoid=90UBZj-7ch9K6cCtBPHfsg&cb_client=search.gws-prod.gps&w=408&h=240&yaw=104.70897&pitch=0&thumbfov=100,false,,,,,,,,"https://www.google.com/maps/search/vein+clinics+in+Scott+Lafeyette+LA/@30.2357569,-92.0945672,14z",2025-12-16T22:12:10.827Z,,,
,,,,,,,,,,,,,,,,,,,"https://www.google.com/maps/search/vein+clinics+in+Broussard+Lafeyette+LA/@30.147146,-91.9612305,14z",2025-12-16T22:12:19.748Z,,No new results found,
https://www.google.com/maps/place/Skin+Lab/data=!4m7!3m6!1s0x8623631eea56356b:0xb3dda320f372b986!8m2!3d30.1409959!4d-92.0625725!16s%2Fg%2F11lds8b331!19sChIJazVW6h5jI4YRhrly8yCj3bM,Skin Lab,5.0,54,Medical spa,"3524 Kaliste Saloom Rd Ste 401, Lafayette, LA 70508, United States","4WRP+9X Lafayette, Louisiana, USA",http://skinlablafayette.com/,+1 337-806-9316,Closes soon · 5 pm · Opens 9 am Wed,https://lh3.googleusercontent.com/p/AF1QipO_QnYCrioHqz96IPI3A0nHgeqvE_-xpbGG7mLQ=w408-h612-k-no,true,9 am–5 pm,9 am–5 pm,9 am–5 pm,9 am–12 pm,Closed,Closed,9 am–5 pm,"https://www.google.com/maps/search/vein+clinics+in+Carencro+Lafeyette+LA/@30.317144,-92.0490096,14z",2025-12-16T22:12:32.887Z,Identifies as women-owned,,
https://www.google.com/maps/place/Hubbell+Dermatology+%26+Aesthetics/data=!4m7!3m6!1s0x86249c582bf84047:0x6173852060ca8f4d!8m2!3d30.1688308!4d-92.0396499!16s%2Fg%2F1tcvjg3x!19sChIJR0D4K1icJIYRTY_KYCCFc2E,Hubbell Dermatology & Aesthetics,4.9,755,Skin care clinic,"309 Settlers Trace Blvd Suite 100, Lafayette, LA 70508, United States","5X96+G4 Lafayette, Louisiana, USA",https://skinexpert.com/,+1 337-989-7272,Closes soon · 5 pm · Opens 8 am Wed,https://lh3.googleusercontent.com/p/AF1QipPxfXFOXYjPfg4b7MwdVDsjVyiNhctnhUR4JkLl=w408-h612-k-no,true,8 am–5 pm,8 am–5 pm,8 am–5 pm,8 am–12 pm,Closed,Closed,8 am–5 pm,"https://www.google.com/maps/search/vein+clinics+in+Carencro+Lafeyette+LA/@30.317144,-92.0490096,14z",2025-12-16T22:12:37.833Z,,,
https://www.google.com/maps/place/Carencro+Eye+Clinic/data=!4m7!3m6!1s0x86249a70b6df532b:0xa5947bb8bb3bc71c!8m2!3d30.3214471!4d-92.0381477!16s%2Fg%2F11c6051n1_!19sChIJK1PftnCaJIYRHMc7u7h7lKU,Carencro Eye Clinic,5.0,278,Eye care center,"814 Veterans Dr, Carencro, LA 70520, United States","8XC6+HP Carencro, Louisiana, USA",http://carencroeyeclinic.com/,+1 337-896-7575,Closes soon · 5 pm · Opens 8 am Wed,https://streetviewpixels-pa.googleapis.com/v1/thumbnail?panoid=xtJzuVMv4oZDVB6R4wGAig&cb_client=search.gws-prod.gps&w=408&h=240&yaw=199.65942&pitch=0&thumbfov=100,true,"8 am–12:30 pm, 1:30–5 pm",8 am–5 pm,8 am–5 pm,8 am–12 pm,Closed,Closed,"8 am–12:30 pm, 1:30–5 pm","https://www.google.com/maps/search/vein+clinics+in+Carencro+Lafeyette+LA/@30.317144,-92.0490096,14z",2025-12-16T22:12:42.812Z,,,
"https://www.google.com/maps/place/Acadiana+Vascular+Clinic:+Vein+Center+of+Louisiana/@30.231094,-92.044365,14z/data=!4m6!3m5!1s0x86249cf0f989316f:0xa109b3faacce738d!8m2!3d30.1710305!4d-92.0269215!16s%2Fg%2F1tlgy9d8",Acadiana Vascular Clinic: Vein Center of Louisiana,4.9,,Vascular surgeon,"129 Rue Louis XIV, Lafayette, LA 70508, United States","5XCF+C6 Lafayette, Louisiana, USA",https://acadianavascular.com/,+1 337-289-9700,Closes soon · 4:30 pm · Opens 7:30 am Wed,https://lh3.googleusercontent.com/p/AF1QipOigCvl9w-LHCc4jhF2_rdW-rXGj7PNtW8oBPN0=w427-h240-k-no,true,7:30 am–4:30 pm,7:30 am–4 pm,7:30 am–4:30 pm,7:30 am–2 pm,Closed,Closed,7:30 am–5 pm,"https://www.google.com/maps/search/vein+clinics+in+Duson+Lafeyette+LA/@30.231094,-92.044365,14z",2025-12-16T22:12:51.192Z,,Already found,
https://www.google.com/maps/place/Youngsville+Medical+Clinic/data=!4m7!3m6!1s0x86249d4df3db5dcb:0x6fadc4ede3d59123!8m2!3d30.1388712!4d-91.9634369!16s%2Fg%2F1v_0k359!19sChIJy13b802dJIYRI5HV4-3ErW8,Youngsville Medical Clinic,4.8,128,Medical clinic,"811 Albertson Pkwy suite f, Broussard, LA 70518, United States","42QP+GJ Broussard, Louisiana, USA",http://www.youngsvillemedicalclinic.com/,+1 337-837-3615,Closes soon · 5 pm · Opens 9 am Wed,https://lh3.googleusercontent.com/gps-cs-s/AG0ilSxFa17NAMiwkgNpALoFXc5TJZIE5V6iHENn3Ao7ej3lN8TGQg4BnmP_v8-SW77p7HZ_Q6dhk49wnTrnRG2dslpGlYjL3mxx9Nln_stvr6T6F1Cv3hFdoE4DiXINcFnk-braYHBPWQ=w408-h544-k-no,true,9 am–5 pm,9 am–5 pm,9 am–5 pm,9 am–2 pm,Closed,Closed,9 am–5 pm,"https://www.google.com/maps/search/vein+clinics+in+Youngsville+Lafeyette+LA/@30.0996471,-91.9901206,14z",2025-12-16T22:13:04.502Z,,,
https://www.google.com/maps/place/Vernon+Valentino/data=!4m7!3m6!1s0x862367cc8f000001:0x8a7cfec56a68244b!8m2!3d29.973708!4d-92.1077483!16s%2Fg%2F11qgb7fhkk!19sChIJAQAAj8xnI4YRSyRoasX-fIo,Vernon Valentino,,,Internist,"118 N Hospital Dr, Abbeville, LA 70510, United States",,https://drvalentino.com/,+1 337-534-4143,,https://streetviewpixels-pa.googleapis.com/v1/thumbnail?panoid=NQz5VOyRqtsCFVwpKG5cmw&cb_client=search.gws-prod.gps&w=408&h=240&yaw=263.55795&pitch=0&thumbfov=100,false,,,,,,,,"https://www.google.com/maps/search/vein+clinics+in+Abbeville+Lafeyette+LA/@29.9746502,-92.1342921,14z",2025-12-16T22:13:15.421Z,,,
https://www.google.com/maps/place/Palms+Surgery+Center/data=!4m7!3m6!1s0x862367f225cf9f25:0x43acb16de2c8d6ff!8m2!3d29.974573!4d-92.136886!16s%2Fg%2F1tfvzhs_!19sChIJJZ_PJfJnI4YR_9bI4m2xrEM,Palms Surgery Center,,,Surgical center,"204 N Magdalen Square, Abbeville, LA 70510, United States","XVF7+R6 Abbeville, Louisiana, USA",,+1 337-893-4531,,https://streetviewpixels-pa.googleapis.com/v1/thumbnail?panoid=1N2PRU3e6gVi7HY9B8SrMg&cb_client=search.gws-prod.gps&w=408&h=240&yaw=32.57066&pitch=0&thumbfov=100,false,,,,,,,,"https://www.google.com/maps/search/vein+clinics+in+Abbeville+Lafeyette+LA/@29.9746502,-92.1342921,14z",2025-12-16T22:13:18.145Z,,,
,,,,,,,,,,,,,,,,,,,"https://www.google.com/maps/search/vein+clinics+in+Milton+Lafeyette+LA/@30.1038143,-92.0765119,14z",2025-12-16T22:13:27.140Z,,No new results found,
https://www.google.com/maps/place/Erath%2FDelcambre+Community+Care+Clinic/data=!4m7!3m6!1s0x862365f4e0ec33ed:0x2b63caf176cd6b9a!8m2!3d29.9624996!4d-92.0488662!16s%2Fg%2F11b6ntbvnw!19sChIJ7TPs4PRlI4YRmmvNdvHKYys,Erath/Delcambre Community Care Clinic,3.1,27,Medical clinic,"220 N Rd, Erath, LA 70533, United States","XX62+XF Erath, Louisiana, USA",https://www.abbevillegeneral.com/erath-delcambre-community-care-clinic/,+1 337-937-5944,Closes soon · 5 pm · Opens 7 am Wed,https://lh3.googleusercontent.com/p/AF1QipM-XCzI6yRSbeoEs0Y5ZpUDle7c_JO3kd6g2yoY=w408-h271-k-no,true,7 am–5 pm,7 am–5 pm,7 am–5 pm,7 am–5 pm,Closed,Closed,7 am–5 pm,"https://www.google.com/maps/search/vein+clinics+in+Erath+Lafeyette+LA/@29.9582611,-92.0359562,14z",2025-12-16T22:13:40.255Z,,,
https://www.google.com/maps/place/ICCHC+-+Saint+Martin+Parish+Community+Health+Center/data=!4m7!3m6!1s0x86237fc3c75d2067:0xe9021ab59bbe9769!8m2!3d30.1154352!4d-91.8362909!16s%2Fg%2F11kr92cysd!19sChIJZyBdx8N_I4YRaZe-m7UaAuk,ICCHC - Saint Martin Parish Community Health Center,4.9,202,Medical Center,"317 Dernier St, St Martinville, LA 70582, United States","4587+5F St Martinville, Louisiana, USA",https://www.icchc.org/st-martinville-la?utm_source=GMBSocialClimb&utm_medium=ICCHC-SaintMartinParishCommunityHealthCenter,+1 337-342-2566,Closes soon · 5 pm · Opens 8 am Wed,https://streetviewpixels-pa.googleapis.com/v1/thumbnail?panoid=KjzOUhEy3x9ARQ407rbWiw&cb_client=search.gws-prod.gps&w=408&h=240&yaw=207.73123&pitch=0&thumbfov=100,true,8 am–5 pm,8 am–5 pm,8 am–5 pm,8 am–2 pm,Closed,Closed,8 am–7 pm,"https://www.google.com/maps/search/vein+clinics+in+St.+Martinville+Lafeyette+LA/@30.1231441,-91.8294817,14z",2025-12-16T22:13:53.542Z,,,
https://www.google.com/maps/place/Saint+Martin+Parish+Community+Health+Center/data=!4m7!3m6!1s0x86237f893ed73dd7:0x3863586580df86e6!8m2!3d30.1155918!4d-91.8362822!16s%2Fg%2F11qyhc9m6r!19sChIJ1z3XPol_I4YR5obfgGVYYzg,Saint Martin Parish Community Health Center,3.7,28,Pharmacy,"317 Dernier St, St Martinville, LA 70582, United States","4587+6F St Martinville, Louisiana, USA",https://ldh.la.gov/index.cfm/directory/detail/8747/catid/348,+1 337-342-2566,Closes soon · 5 pm · Opens 8 am Wed,https://streetviewpixels-pa.googleapis.com/v1/thumbnail?panoid=KjzOUhEy3x9ARQ407rbWiw&cb_client=search.gws-prod.gps&w=408&h=240&yaw=222.44554&pitch=0&thumbfov=100,false,8 am–5 pm,8 am–2 pm,8 am–5 pm,8 am–2 pm,Closed,Closed,8 am–7 pm,"https://www.google.com/maps/search/vein+clinics+in+St.+Martinville+Lafeyette+LA/@30.1231441,-91.8294817,14z",2025-12-16T22:13:58.617Z,,,
https://www.google.com/maps/place/Dr.+Jason+Valls/data=!4m7!3m6!1s0x86237f893bfd394f:0x28d21488a9508698!8m2!3d30.1154343!4d-91.8360192!16s%2Fg%2F11qgb7h0j5!19sChIJTzn9O4l_I4YRmIZQqYgU0ig,Dr. Jason Valls,4.2,5,Family practice physician,"317 Dernier St, St Martinville, LA 70582, United States","4587+5H St Martinville, Louisiana, USA",https://www.icchc.org/?utm_source=GMBSocialClimb&utm_medium=JasonValls%2CMD,+1 337-342-2566,,https://streetviewpixels-pa.googleapis.com/v1/thumbnail?panoid=RoE4NgyxXxmiQ7VWxTo4lA&cb_client=search.gws-prod.gps&w=408&h=240&yaw=224.82115&pitch=0&thumbfov=100,true,,,,,,,,"https://www.google.com/maps/search/vein+clinics+in+St.+Martinville+Lafeyette+LA/@30.1231441,-91.8294817,14z",2025-12-16T22:14:01.394Z,,,
https://www.google.com/maps/place/St+Martin+Parish+Comm+Health:+Hatch+Sherri+L/data=!4m7!3m6!1s0x86237f893ed73c6f:0x8eae0c1251b4e129!8m2!3d30.1154485!4d-91.8361919!16s%2Fg%2F1td5m1h4!19sChIJbzzXPol_I4YRKeG0URIMro4,St Martin Parish Comm Health: Hatch Sherri L,4.5,6,Nurse practitioner,"317 Dernier St, St Martinville, LA 70582, United States","4587+5G St Martinville, Louisiana, USA",https://www.icchc.org/st-martinville-la,+1 337-342-2566,Closes soon · 5 pm · Opens 8 am Wed,https://streetviewpixels-pa.googleapis.com/v1/thumbnail?panoid=hAtO8v4A_PU6z0ZQAPfYaA&cb_client=search.gws-prod.gps&w=408&h=240&yaw=182.36143&pitch=0&thumbfov=100,false,8 am–5 pm,8 am–2 pm,8 am–5 pm,8 am–5 pm,Closed,Closed,8 am–7 pm,"https://www.google.com/maps/search/vein+clinics+in+St.+Martinville+Lafeyette+LA/@30.1231441,-91.8294817,14z",2025-12-16T22:14:06.180Z,,,
"https://www.google.com/maps/place/Dr.+David+E.+Allie,+M.D./data=!4m7!3m6!1s0x86249e855b06d9f3:0xeedcf4d9040adb93!8m2!3d30.2068764!4d-92.0179068!16s%2Fg%2F1tgp14w9!19sChIJ89kGW4WeJIYRk9sKBNn03O4","Dr. David E. Allie, M.D.",4.8,24,Cardiovascular and thoracic surgeon,"901 Wilson St, Lafayette, LA 70503, United States","6X4J+QR Lafayette, Louisiana, USA",http://www.cardiolimbsalvage.com/,+1 337-456-6523,Closes soon · 5 pm · Opens 8 am Wed,https://lh3.googleusercontent.com/p/AF1QipOQXXKZEHdImdPhIM87i8NDT7iE9DHNGJdec6NA=w408-h611-k-no,true,8 am–5 pm,8 am–5 pm,8 am–5 pm,8 am–12 pm,Closed,Closed,8 am–5 pm,"https://www.google.com/maps/search/vein+clinics+in+Bendel+Lafeyette+LA/@30.2002296,-92.0177923,14z",2025-12-16T22:14:20.282Z,,,
"https://www.google.com/maps/place/Delatte+Plastic+Surgery,+Skin+Care+%26+Wellness/data=!4m7!3m6!1s0x86249cee883dbb9f:0x376d989d6a97daa8!8m2!3d30.1718933!4d-92.026172!16s%2Fg%2F1vvdvkxq!19sChIJn7s9iO6cJIYRqNqXap2YbTc","Delatte Plastic Surgery, Skin Care & Wellness",4.9,189,Plastic surgeon,"100 Drury Ln, Lafayette, LA 70508, United States","5XCF+QG Lafayette, Louisiana, USA",https://drdelatte.com/?utm_source=google&utm_medium=organic&utm_campaign=gbp,+1 337-269-4949,Closes soon · 5 pm · Opens 8 am Wed,https://lh3.googleusercontent.com/p/AF1QipPFBoHmkQtAkLdv7S0RHlfcKX4Gf1sydU8oyOLc=w408-h272-k-no,true,8 am–5 pm,8 am–5 pm,8 am–5 pm,8 am–12 pm,Closed,Closed,8 am–5 pm,"https://www.google.com/maps/search/vein+clinics+in+Bendel+Lafeyette+LA/@30.2002296,-92.0177923,14z",2025-12-16T22:14:25.193Z,,,
https://www.google.com/maps/place/Allure+Enhancement+Center/data=!4m7!3m6!1s0x86249d38136972b7:0xfec93c32ee35bbc2!8m2!3d30.2112446!4d-92.0441071!16s%2Fg%2F1tfmj56q!19sChIJt3JpEzidJIYRwrs17jI8yf4,Allure Enhancement Center,4.7,273,Medical spa,"401 N College Rd # 3, Lafayette, LA 70506, United States","6X64+F9 Lafayette, Louisiana, USA",http://www.allureenhancement.com/,+1 337-412-6334,Closed · Opens 12:30 pm Wed,https://lh3.googleusercontent.com/p/AF1QipNCSs7u9xh25htnftP0BUAexURZNZb_o41xWeOL=w408-h272-k-no,true,9 am–3 pm,12:30–7 pm,9 am–6 pm,9 am–3 pm,Closed,Closed,9 am–4 pm,"https://www.google.com/maps/search/vein+clinics+in+Bendel+Lafeyette+LA/@30.2002296,-92.0177923,14z",2025-12-16T22:14:30.000Z,,,
https://www.google.com/maps/place/Elle+Medical+%26+Aesthetics/data=!4m7!3m6!1s0x86249d72fa1609c3:0xeb722d8abe4ff164!8m2!3d30.1741628!4d-92.0145824!16s%2Fg%2F11whpjzzqz!19sChIJwwkW-nKdJIYRZPFPvootcus,Elle Medical & Aesthetics,5.0,33,Medical spa,"626 Verot School Rd Ste B, Lafayette, LA 70508, United States","5XFP+M5 Lafayette, Louisiana, USA",http://ellemedicalandaesthetics.com/,+1 337-651-9120,"Closed · Opens 10 am Wed

Updated by this business 6 weeks ago",https://lh3.googleusercontent.com/p/AF1QipP_A_D4lYpR191SVS5dg0RhTOhjnZN9_kdar1dl=w408-h407-k-no,true,10 am–4 pm,10 am–5 pm,10 am–4 pm,10 am–2 pm,Closed,Closed,10 am–5 pm,"https://www.google.com/maps/search/vein+clinics+in+Bendel+Lafeyette+LA/@30.2002296,-92.0177923,14z",2025-12-16T22:14:34.884Z,Identifies as women-owned,,
https://www.google.com/maps/place/Ochsner+Lafayette+General+Surgical+Hospital+-+An+Ochsner+Lafayette+General+Medical+Center+Campus/data=!4m7!3m6!1s0x86249ceefd6d77fb:0x1b7bba5f38ece58c!8m2!3d30.2040411!4d-92.0146933!16s%2Fg%2F11b6j70v73!19sChIJ-3dt_e6cJIYRjOXsOF-6exs,Ochsner Lafayette General Surgical Hospital - An Ochsner Lafayette General Medical Center Campus,4.6,23,Hospital,"1000 W Pinhook Rd, Lafayette, LA 70503, United States","6X3P+J4 Lafayette, Louisiana, USA",https://www.ochsner.org/locations/ochsner-lafayette-general-surgical-hospital?y_source=1_OTc0MTE5NjgtNzE1LWxvY2F0aW9uLndlYnNpdGU%3D,+1 337-571-0614,Open 24 hours,https://lh3.googleusercontent.com/p/AF1QipMBP0a1vgeX3_q2u_ncjtStOTTm06gDeS4qi_ck=w408-h272-k-no,true,Open 24 hours,Open 24 hours,Open 24 hours,Open 24 hours,Open 24 hours,Open 24 hours,Open 24 hours,"https://www.google.com/maps/search/vein+clinics+in+Bendel+Lafeyette+LA/@30.2002296,-92.0177923,14z",2025-12-16T22:14:39.862Z,,,
,,,,,,,,,,,,,,,,,,,"https://www.google.com/maps/search/vein+clinics+in+Delcambre+Lafeyette+LA/@30.1529493,-92.0188,14z",2025-12-16T22:14:48.507Z,,No new results found,
https://www.google.com/maps/place/Cardiovascular+Institute+of+the+South/data=!4m7!3m6!1s0x862486f567b2186b:0xe05097f372bdc73b!8m2!3d30.2810002!4d-91.8901975!16s%2Fg%2F1q6c8xh5w!19sChIJaxiyZ_WGJIYRO8e9cvOXUOA,Cardiovascular Institute of the South,4.9,231,Cardiologist,"1451 E Bridge St, Breaux Bridge, LA 70517, United States","74J5+CW Breaux Bridge, Louisiana, USA",https://www.cardio.com/,+1 337-332-2210,Closes soon · 5 pm · Opens 7:30 am Wed,https://lh3.googleusercontent.com/p/AF1QipP-vwoV5-BRiJ-_PFxp2SSzxAL6utdWzBP-M2kS=w408-h272-k-no,true,7:30 am–5 pm,7:30 am–5 pm,7:30 am–5 pm,7:30 am–5 pm,Closed,Closed,7:30 am–5 pm,"https://www.google.com/maps/search/vein+clinics+in+Breaux+Bridge+Lafeyette+LA/@30.2334126,-91.992725,14z",2025-12-16T22:15:02.756Z,,,
https://www.google.com/maps/place/Officially+Bougie+Paramedical/data=!4m7!3m6!1s0x86249d5495be84fb:0xfd6cade36d4c4640!8m2!3d30.2233965!4d-92.0191693!16s%2Fg%2F11r_fp5b47!19sChIJ-4S-lVSdJIYRQEZMbeOtbP0,Officially Bougie Paramedical,5.0,14,Medical spa,"600 Jefferson St Ste B, Lafayette, LA 70501, United States","6XFJ+98 Lafayette, Louisiana, USA",http://www.officiallybougie.com/,+1 337-573-1973,Closes soon · 5 pm · Opens 9 am Wed,https://lh3.googleusercontent.com/p/AF1QipOfrn2bOpdfwiFarnzO9ZSlxfHsNV8MyxYwEBcz=w408-h326-k-no,true,9 am–5 pm,9 am–5 pm,9 am–5 pm,9 am–6 pm,9 am–3 pm,Closed,Closed,"https://www.google.com/maps/search/vein+clinics+in+Breaux+Bridge+Lafeyette+LA/@30.2334126,-91.992725,14z",2025-12-16T22:15:07.835Z,Identifies as women-owned,,true
"https://www.google.com/maps/place/Agostino+Ingraldi,+MD+-+Cardiovascular+Institute+of+the+South/data=!4m7!3m6!1s0x86249cef9528e2cd:0xa73ccf2a7fa0622c!8m2!3d30.202207!4d-92.01519!16s%2Fg%2F1thz2098!19sChIJzeIole-cJIYRLGKgfyrPPKc","Agostino Ingraldi, MD - Cardiovascular Institute of the South",4.9,193,Cardiologist,"441 Heymann Blvd, Lafayette, LA 70503, United States","6X2M+VW Lafayette, Louisiana, USA",http://www.cardio.com/agostino-ingraldi-md,+1 337-289-8429,Closes soon · 5 pm · Opens 7:30 am Wed,https://lh3.googleusercontent.com/p/AF1QipP1GDYf7sWJoWevSERD2pJxvf5JuBrh8uPXs1f-=w408-h271-k-no,true,7:30 am–5 pm,7:30 am–5 pm,7:30 am–5 pm,7:30 am–5 pm,Closed,Closed,7:30 am–5 pm,"https://www.google.com/maps/search/vein+clinics+in+Breaux+Bridge+Lafeyette+LA/@30.2334126,-91.992725,14z",2025-12-16T22:15:12.734Z,,,
https://www.google.com/maps/place/Ghanami+Racheed+J+MD/data=!4m7!3m6!1s0x86249cf0f989316f:0x76965fce3aa9dd49!8m2!3d30.2035616!4d-92.0202511!16s%2Fg%2F12618nrxb!19sChIJbzGJ-fCcJIYRSd2pOs5flnY,Ghanami Racheed J MD,,,Vascular surgeon,"155 Hospital Dr # 301, Lafayette, LA 70503, United States","6X3H+CV Lafayette, Louisiana, USA",,+1 337-232-1010,,https://streetviewpixels-pa.googleapis.com/v1/thumbnail?panoid=Qt9jbmwRyVm2akAgXz10Uw&cb_client=search.gws-prod.gps&w=408&h=240&yaw=115.88387&pitch=0&thumbfov=100,false,,,,,,,,"https://www.google.com/maps/search/vein+clinics+in+Breaux+Bridge+Lafeyette+LA/@30.2334126,-91.992725,14z",2025-12-16T22:15:15.412Z,,,
https://www.google.com/maps/place/Ari+D+Therapy/data=!4m7!3m6!1s0x86249d230b621ad7:0xaa45c000f98f3a61!8m2!3d30.2191493!4d-92.0272233!16s%2Fg%2F11ty4lwvts!19sChIJ1xpiCyOdJIYRYTqP-QDARao,Ari D Therapy,5.0,31,Massage therapist,"736 Parkside Dr, Lafayette, LA 70506, United States","6X9F+M4 Lafayette, Louisiana, USA",https://bookwitharid.as.me/schedule.php,+1 646-220-3964,Open · Closes 7 pm,https://lh3.googleusercontent.com/p/AF1QipN4aJjKaPKIBwWerI47YzFqgYXBNGCVj6gU50QF=w408-h306-k-no,true,8 am–7 pm,8 am–7 pm,8 am–5 pm,8 am–3:30 pm,Closed,Closed,8 am–5 pm,"https://www.google.com/maps/search/vein+clinics+in+Breaux+Bridge+Lafeyette+LA/@30.2334126,-91.992725,14z",2025-12-16T22:15:24.971Z,,,
,,,,,,,,,,,,,,,,,,,"https://www.google.com/maps/search/vein+clinics+in+Cecilia+Lafeyette+LA/@30.3371419,-91.8531715,14z",2025-12-16T22:15:33.512Z,,No new results found,
https://www.google.com/maps/place/Insulinic/data=!4m7!3m6!1s0x86249debb835dd61:0xbbfa882d6644de6f!8m2!3d30.2247484!4d-92.014605!16s%2Fg%2F11rcv6rygp!19sChIJYd01uOudJIYRb95EZi2I-rs,Insulinic,5.0,31,Diabetes center,"220 Johnston St, Lafayette, LA 70501, United States","6XFP+V5 Lafayette, Louisiana, USA",http://www.insulinic.com/,+1 337-254-9999,Closes soon · 5 pm · Opens 9 am Wed,https://lh3.googleusercontent.com/p/AF1QipNApO_vull07ILKlFv3UXZLFZaLCun0-75PJ2mE=w408-h300-k-no,true,9 am–5 pm,9 am–5 pm,9 am–5 pm,8 am–12 pm,Closed,Closed,8 am–5 pm,"https://www.google.com/maps/search/vein+clinics+in+Church+Point+Lafeyette+LA/@30.2240897,-92.0198427,14z",2025-12-16T22:15:47.452Z,LGBTQ+ friendly,,
https://www.google.com/maps/place/Nouriche+Wellness+and+Aesthetics/data=!4m7!3m6!1s0x86249dbbe45c1ca3:0x71d65a1d646a43d5!8m2!3d30.17272!4d-92.0420431!16s%2Fg%2F12hn4nbpx!19sChIJoxxc5LudJIYR1UNqZB1a1nE,Nouriche Wellness and Aesthetics,4.8,85,Medical spa,"605 Silverstone Rd #100, Lafayette, LA 70508, United States","5XF5+35 Lafayette, Louisiana, USA",https://www.nourichemedspa.com/,+1 337-456-7300,Open · Closes 6 pm,https://lh3.googleusercontent.com/p/AF1QipNGMdERYiiDTL-0cvYXoxc0DsA4nSqFa8URb1iT=w408-h289-k-no,true,8 am–6 pm,8 am–5 pm,8 am–6 pm,8 am–2 pm,Closed,Closed,9 am–5 pm,"https://www.google.com/maps/search/vein+clinics+in+Church+Point+Lafeyette+LA/@30.2240897,-92.0198427,14z",2025-12-16T22:15:57.039Z,LGBTQ+ friendly,,
https://www.google.com/maps/place/Cardiovascular+Institute+of+the+South/data=!4m7!3m6!1s0x86249c6b5247ce3b:0x62353905e4c048b1!8m2!3d30.2171619!4d-92.0464557!16s%2Fg%2F11cp1p2s6j!19sChIJO85HUmucJIYRsUjA5AU5NWI,Cardiovascular Institute of the South,,,Cardiologist,"2390 W Congress St 7th Floor, Lafayette, LA 70506, United States","6X83+VC Lafayette, Louisiana, USA",https://www.cardio.com/lafayette-cardiologist,+1 337-261-6747,Closes soon · 5 pm · Opens 7:30 am Wed,https://lh3.googleusercontent.com/p/AF1QipNGln6vghDANOcH8yZAq1ThGGXymTWzjkBy_LQl=w408-h306-k-no,true,7:30 am–5 pm,7:30 am–5 pm,7:30 am–5 pm,7:30 am–5 pm,Closed,Closed,7:30 am–5 pm,"https://www.google.com/maps/search/vein+clinics+in+Kaplan+Lafeyette+LA/@30.2240897,-92.0198427,14z",2025-12-16T22:16:10.987Z,,,
https://www.google.com/maps/place/Labcorp/data=!4m7!3m6!1s0x86249ce1383ca179:0xf8c701b8329308c6!8m2!3d30.1947632!4d-92.0112888!16s%2Fg%2F1q66nr87j!19sChIJeaE8OOGcJIYRxgiTMrgBx_g,Labcorp,2.7,60,Medical laboratory,"217 La Rue France #100, Lafayette, LA 70508, United States","5XVQ+WF Lafayette, Louisiana, USA",https://locations.labcorp.com/la/lafayette/24278/,+1 337-233-5711,"Closed · Opens 7 am Wed

Confirmed by this business 2 weeks ago",https://lh3.googleusercontent.com/p/AF1QipOJ68rjnbqwEgaVqXNlBvOQMlEURg6ac4d-fUVE=w408-h272-k-no,true,7 am–4 pm,7 am–4 pm,7 am–4 pm,7 am–4 pm,9 am–12 pm,Closed,7 am–4 pm,"https://www.google.com/maps/search/vein+clinics+in+Kaplan+Lafeyette+LA/@30.2240897,-92.0198427,14z",2025-12-16T22:16:15.946Z,,,
https://www.google.com/maps/place/Maurice+Community+Care+Clinic/data=!4m7!3m6!1s0x862361abaeff4ed3:0xd94ac57fe493abff!8m2!3d30.1030241!4d-92.1223755!16s%2Fg%2F1tfrs8mv!19sChIJ007_rqthI4YR_6uT5H_FStk,Maurice Community Care Clinic,3.7,36,Medical clinic,"207 Milton Rd, Maurice, LA 70555, United States","4V3H+62 Maurice, Louisiana, USA",https://www.abbevillegeneral.com/maurice-community-care-clinic/,+1 337-898-9449,Closes soon · 5 pm · Opens 7 am Wed,https://lh3.googleusercontent.com/p/AF1QipM3EVrw1yzT2q1q5nEX-tbGYx2UclKT_pWnVRPb=w408-h271-k-no,true,7 am–5 pm,7 am–5 pm,7 am–5 pm,7 am–5 pm,Closed,Closed,7 am–5 pm,"https://www.google.com/maps/search/vein+clinics+in+Maurice+Lafeyette+LA/@30.1085368,-92.1245688,14z",2025-12-16T22:16:29.615Z,,,
,,,,,,,,,,,,,,,,,,,"https://www.google.com/maps/search/vein+clinics+in+Henderson+Lafeyette+LA/@30.2240897,-92.0198427,14z",2025-12-16T22:16:39.028Z,,No new results found,
https://www.google.com/maps/place/Cardiovascular+Institute+of+the+South/data=!4m7!3m6!1s0x862382ff19c1a0cf:0x3a034674b77cb08a!8m2!3d30.0057574!4d-91.7962571!16s%2Fg%2F1tdgvrqy!19sChIJz6DBGf-CI4YRirB8t3RGAzo,Cardiovascular Institute of the South,4.9,380,Cardiologist,"500 N Lewis St STE 100, New Iberia, LA 70563, United States","2643+8F New Iberia, Louisiana, USA",https://www.cardio.com/,+1 337-367-5200,Closes soon · 5 pm · Opens 7:30 am Wed,https://lh3.googleusercontent.com/p/AF1QipPLQwchphVnXaJmVyIKr0GCMic7EiHjC068oP3g=w408-h612-k-no,true,7:30 am–5 pm,7:30 am–5 pm,7:30 am–5 pm,7:30 am–5 pm,Closed,Closed,7:30 am–5 pm,"https://www.google.com/maps/search/vein+clinics+in+New+Iberia+Lafeyette+LA/@30.0035365,-91.8187285,14z",2025-12-16T22:16:53.296Z,,,
"https://www.google.com/maps/place/Edward+Dauterive,+MD/data=!4m7!3m6!1s0x862382ff8742c40d:0xd8fe0136a371e28a!8m2!3d29.989756!4d-91.7861112!16s%2Fg%2F1thd24vg!19sChIJDcRCh_-CI4YRiuJxozYB_tg","Edward Dauterive, MD",,,Vascular surgeon,"2309 E Main St # 500, New Iberia, LA 70560, United States","X6Q7+WH New Iberia, Louisiana, USA",,+1 337-364-7226,,https://streetviewpixels-pa.googleapis.com/v1/thumbnail?panoid=rmfBB0JRIlaZ0qJ14qw9Qw&cb_client=search.gws-prod.gps&w=408&h=240&yaw=26.095484&pitch=0&thumbfov=100,false,,,,,,,,"https://www.google.com/maps/search/vein+clinics+in+New+Iberia+Lafeyette+LA/@30.0035365,-91.8187285,14z",2025-12-16T22:16:56.134Z,,,
https://www.google.com/maps/place/New+Iberia+Surgery+Center/data=!4m7!3m6!1s0x862383194ead4a51:0x8d5ed18970e85ac8!8m2!3d29.9900372!4d-91.7868913!16s%2Fg%2F1vg_d6nh!19sChIJUUqtThmDI4YRyFrocInRXo0,New Iberia Surgery Center,4.4,16,Surgical center,"2309 E Main St #300, New Iberia, LA 70560, United States","X6R7+26 New Iberia, Louisiana, USA",https://www.newiberiasurgery.com/,+1 337-560-9622,Closes soon · 5 pm · Opens 7 am Wed,https://lh3.googleusercontent.com/p/AF1QipNxAaSSnEPGPDvzxv-JtgXDOmXGv5iHmHpgag0B=w408-h612-k-no,true,7 am–5 pm,7 am–5 pm,7 am–5 pm,7 am–3:30 pm,Closed,Closed,7 am–5 pm,"https://www.google.com/maps/search/vein+clinics+in+New+Iberia+Lafeyette+LA/@30.0035365,-91.8187285,14z",2025-12-16T22:17:01.107Z,,,
https://www.google.com/maps/place/Iberia+Medical+Center+-+Main+Campus/data=!4m7!3m6!1s0x86238319494b84b3:0x79f48a57fcd20026!8m2!3d29.9897203!4d-91.7854027!16s%2Fg%2F1w346znf!19sChIJs4RLSRmDI4YRJgDS_FeK9Hk,Iberia Medical Center - Main Campus,3.4,141,Hospital,"2315 E Main St, New Iberia, LA 70560, United States","X6Q7+VR New Iberia, Louisiana, USA",https://www.iberiamedicalcenter.com/?utm_source=google&utm_medium=organic&utm_campaign=gmb,+1 337-364-0441,,https://lh3.googleusercontent.com/p/AF1QipMaYAoJ-mTNS2EfWRhVqAapPLwo5rcHJKdFoytC=w426-h240-k-no,true,11 am–2 pm,11 am–2 pm,11 am–2 pm,11 am–2 pm,Closed,Closed,11 am–2 pm,"https://www.google.com/maps/search/vein+clinics+in+New+Iberia+Lafeyette+LA/@30.0035365,-91.8187285,14z",2025-12-16T22:17:06.244Z,,,
https://www.google.com/maps/place/Dr.+Edward+%22Ned%22+Dauterive+Jr.+-+Legacy+Medical+Group+-+Surgery+Division/data=!4m7!3m6!1s0x862382ffebd9b5b3:0x85d4a1afa672fa39!8m2!3d30.0070171!4d-91.7936096!16s%2Fg%2F1tf9t5mw!19sChIJs7XZ6_-CI4YROfpypq-h1IU,"Dr. Edward ""Ned"" Dauterive Jr. - Legacy Medical Group - Surgery Division",,,Vascular surgeon,"1100 Andre St # 301, New Iberia, LA 70563, United States","2644+RH New Iberia, Louisiana, USA",,+1 337-359-8554,,https://streetviewpixels-pa.googleapis.com/v1/thumbnail?panoid=UTMoVgD5rJasKITmltsIfQ&cb_client=search.gws-prod.gps&w=408&h=240&yaw=302.52243&pitch=0&thumbfov=100,false,,,,,,,,"https://www.google.com/maps/search/vein+clinics+in+New+Iberia+Lafeyette+LA/@30.0035365,-91.8187285,14z",2025-12-16T22:17:09.007Z,,,
https://www.google.com/maps/place/Advanced+Wound+Center+of+IMC/data=!4m7!3m6!1s0x862383310ff4cdeb:0xff53698c360b38b!8m2!3d30.0071597!4d-91.7950813!16s%2Fg%2F11f6134dhf!19sChIJ6830DzGDI4YRi7Ngw5g29Q8,Advanced Wound Center of IMC,5.0,1,Hospital department,"600 N Lewis St, New Iberia, LA 70563, United States","2643+VX New Iberia, Louisiana, USA",,+1 337-374-7587,,https://streetviewpixels-pa.googleapis.com/v1/thumbnail?panoid=-TQL02VpKgHexgtln3yaqg&cb_client=search.gws-prod.gps&w=408&h=240&yaw=99.146095&pitch=0&thumbfov=100,false,,,,,,,,"https://www.google.com/maps/search/vein+clinics+in+New+Iberia+Lafeyette+LA/@30.0035365,-91.8187285,14z",2025-12-16T22:17:11.720Z,,,
https://www.google.com/maps/place/Iberia+Dermatology:+Venetia+Patout+MD/data=!4m7!3m6!1s0x862382557fa3a14b:0x9d17c5f974761222!8m2!3d30.007028!4d-91.795069!16s%2Fg%2F1tqnl_bs!19sChIJS6Gjf1WCI4YRIhJ2dPnFF50,Iberia Dermatology: Venetia Patout MD,4.7,6,Dermatologist,"602 N Lewis St #600, New Iberia, LA 70563, United States","2643+RX New Iberia, Louisiana, USA",http://www.iberiadermatology.com/,+1 337-560-1200,Closed · Opens 9 am Wed,https://streetviewpixels-pa.googleapis.com/v1/thumbnail?panoid=Vma2aT5P_FS5U6nM3GcicQ&cb_client=search.gws-prod.gps&w=408&h=240&yaw=106.03388&pitch=0&thumbfov=100,true,9 am–3 pm,9 am–3 pm,9 am–3 pm,Closed,Closed,Closed,9 am–3 pm,"https://www.google.com/maps/search/vein+clinics+in+New+Iberia+Lafeyette+LA/@30.0035365,-91.8187285,14z",2025-12-16T22:17:16.576Z,,,
https://www.google.com/maps/place/Acadiana+Chest+Clinic/data=!4m7!3m6!1s0x862383194ead4aa3:0x71ec28161fdd89bd!8m2!3d29.9898719!4d-91.7854912!16s%2Fg%2F1hc2kdgs3!19sChIJo0qtThmDI4YRvYndHxYo7HE,Acadiana Chest Clinic,5.0,1,Medical clinic,"2309 E Main St, New Iberia, LA 70560, United States","X6Q7+WR New Iberia, Louisiana, USA",,+1 337-364-8500,,https://streetviewpixels-pa.googleapis.com/v1/thumbnail?panoid=FO01jJZt6Pw2V1utQd9ZzQ&cb_client=search.gws-prod.gps&w=408&h=240&yaw=23.598835&pitch=0&thumbfov=100,false,,,,,,,,"https://www.google.com/maps/search/vein+clinics+in+New+Iberia+Lafeyette+LA/@30.0035365,-91.8187285,14z",2025-12-16T22:17:19.392Z,,,
https://www.google.com/maps/place/Acadiana+Surgery+Center+Inc/data=!4m7!3m6!1s0x862383194ead4a51:0xd518ec2e2f836f14!8m2!3d29.9897973!4d-91.7876306!16s%2Fg%2F1tj4z1w1!19sChIJUUqtThmDI4YRFG-DLy7sGNU,Acadiana Surgery Center Inc,,,Medical clinic,"2309 E Main St #102, New Iberia, LA 70560, United States","X6Q6+WW New Iberia, Louisiana, USA",https://ldh.la.gov/index.cfm/directory/detail/1115/catid/162,+1 337-364-9680,,https://streetviewpixels-pa.googleapis.com/v1/thumbnail?panoid=HPl4VTEa7U4y8RlHb6jcyA&cb_client=search.gws-prod.gps&w=408&h=240&yaw=172.3031&pitch=0&thumbfov=100,false,,,,,,,,"https://www.google.com/maps/search/vein+clinics+in+New+Iberia+Lafeyette+LA/@30.0035365,-91.8187285,14z",2025-12-16T22:17:22.061Z,,,
https://www.google.com/maps/place/Fresenius+Kidney+Care+New+Iberia/data=!4m7!3m6!1s0x862383aaa5cdb0ad:0xa5a4ca6a08d38e10!8m2!3d30.0087054!4d-91.792105!16s%2Fg%2F1tnss8l_!19sChIJrbDNpaqDI4YREI7TCGrKpKU,Fresenius Kidney Care New Iberia,5.0,2,Dialysis center,"609 Rue De Brille, New Iberia, LA 70563, United States","2655+F5 New Iberia, Louisiana, USA",https://www.freseniuskidneycare.com/dialysis-centers/louisiana/1107?utm_campaign=Website&utm_medium=&utm_source=YextGMB&utm_content=1107&y_source=1_MjYyMjc2MC03MTUtbG9jYXRpb24ud2Vic2l0ZQ%3D%3D,+1 800-881-5101,"Open · Closes 5:30 pm

Confirmed by this business 6 weeks ago",https://streetviewpixels-pa.googleapis.com/v1/thumbnail?panoid=3pxz2bDuh3vOYTB3cg7ZOg&cb_client=search.gws-prod.gps&w=408&h=240&yaw=276.63934&pitch=0&thumbfov=100,true,6 am–5:30 pm,6 am–6 pm,6 am–5:30 pm,6 am–6 pm,6 am–5:30 pm,Closed,6 am–6 pm,"https://www.google.com/maps/search/vein+clinics+in+New+Iberia+Lafeyette+LA/@30.0035365,-91.8187285,14z",2025-12-16T22:17:27.142Z,,,
"https://www.google.com/maps/place/Charpentier+Family+Dentistry+%26+MedSpa+%E2%80%93+Dentist+%26+Oral+Surgery+New+Iberia,+LA/data=!4m7!3m6!1s0x8623830041e95f6f:0x5fd700ffe2062b3a!8m2!3d30.0066885!4d-91.791009!16s%2Fg%2F1261pgxv6!19sChIJb1_pQQCDI4YROisG4v8A118","Charpentier Family Dentistry & MedSpa – Dentist & Oral Surgery New Iberia, LA",5.0,1098,Dentist,"600 Rue De Onetta, New Iberia, LA 70563, United States","2645+MH New Iberia, Louisiana, USA",https://www.newiberiasmiles.com/,+1 337-369-6587,Open · Closes 5:30 pm,https://lh3.googleusercontent.com/p/AF1QipMN8emihW43leE4pHnY02mkoyUhlPXi88t78CM9=w408-h348-k-no,true,8 am–5:30 pm,8 am–5 pm,8 am–3 pm,8 am–3 pm,Closed,Closed,8 am–4:30 pm,"https://www.google.com/maps/search/vein+clinics+in+New+Iberia+Lafeyette+LA/@30.0035365,-91.8187285,14z",2025-12-16T22:17:32.195Z,LGBTQ+ friendly,,
https://www.google.com/maps/place/Vitality+Testosterone+Replacement+Therapy+Clinic/data=!4m7!3m6!1s0x8623839c930c50af:0xa28f4da9a095e631!8m2!3d29.9898612!4d-91.8160644!16s%2Fg%2F11w8fcjn3g!19sChIJr1AMk5yDI4YRMeaVoKlNj6I,Vitality Testosterone Replacement Therapy Clinic,,,Men's health physician,"800 S Lewis St 3rd floor floor 321, New Iberia, LA 70560, United States","X5QM+WH New Iberia, Louisiana, USA",,+1 561-786-8202,Open · Closes 8 pm,https://lh3.googleusercontent.com/p/AF1QipP69nlZ7BfgISBJ7pUpvUt-9z7oxB9fkuR03AqL=w495-h240-k-no,true,9 am–8 pm,9 am–8 pm,9 am–8 pm,9 am–5 pm,Closed,Closed,9 am–8 pm,"https://www.google.com/maps/search/vein+clinics+in+New+Iberia+Lafeyette+LA/@30.0035365,-91.8187285,14z",2025-12-16T22:17:36.880Z,,,
https://www.google.com/maps/place/La+Reine+Esthetics+Spa/data=!4m7!3m6!1s0x8623833494a2b99b:0x5e85482fb9b68461!8m2!3d29.9895465!4d-91.8065941!16s%2Fg%2F11x0fcl3m3!19sChIJm7milDSDI4YRYYS2uS9IhV4,La Reine Esthetics Spa,5.0,5,Spa,"603 Jefferson Terrace Ste D, New Iberia, LA 70560, United States","X5QV+R9 New Iberia, Louisiana, USA",https://www.lareinesthetics.com/,+1 337-380-1620,Closes soon · 5 pm · Opens 9 am Wed,https://lh3.googleusercontent.com/p/AF1QipOAbM9pt_cUdquu7IdHtvLr_BeF0V5_s7idb_tI=w408-h484-k-no,true,9 am–5 pm,9 am–5 pm,9 am–5 pm,9 am–5 pm,Closed,Closed,Closed,"https://www.google.com/maps/search/vein+clinics+in+New+Iberia+Lafeyette+LA/@30.0035365,-91.8187285,14z",2025-12-16T22:17:41.717Z,,,
https://www.google.com/maps/place/Iberia+Cancer+Care+Center/data=!4m7!3m6!1s0x862382ff68e2c68b:0x7399832919e48f4d!8m2!3d30.0073296!4d-91.7963801!16s%2Fg%2F1vbnps56!19sChIJi8biaP-CI4YRTY_kGSmDmXM,Iberia Cancer Care Center,,,Doctor,"525 N Lewis St, New Iberia, LA 70563, United States","2643+WC New Iberia, Louisiana, USA",,,,https://streetviewpixels-pa.googleapis.com/v1/thumbnail?panoid=qEy1rDZt8Ukq9rLf-lwyJQ&cb_client=search.gws-prod.gps&w=408&h=240&yaw=300.66306&pitch=0&thumbfov=100,false,,,,,,,,"https://www.google.com/maps/search/vein+clinics+in+New+Iberia+Lafeyette+LA/@30.0035365,-91.8187285,14z",2025-12-16T22:17:44.328Z,,,
https://www.google.com/maps/place/Revive+Skin+Aesthetics+LLC/data=!4m7!3m6!1s0x86238381b8064e67:0xb92fc2f11f2c9f21!8m2!3d30.0064055!4d-91.8189272!16s%2Fg%2F11j7jnj984!19sChIJZ04GuIGDI4YRIZ8sH_HCL7k,Revive Skin Aesthetics LLC,,,Skin care clinic,"121 W Main St, New Iberia, LA 70560, United States","254J+HC New Iberia, Louisiana, USA",,+1 337-321-2176,,https://streetviewpixels-pa.googleapis.com/v1/thumbnail?panoid=R8laNwdQN9Q59EUgqeFS8Q&cb_client=search.gws-prod.gps&w=408&h=240&yaw=225.27267&pitch=0&thumbfov=100,true,,,,,,,,"https://www.google.com/maps/search/vein+clinics+in+New+Iberia+Lafeyette+LA/@30.0035365,-91.8187285,14z",2025-12-16T22:17:47.039Z,,,
https://www.google.com/maps/place/DCI+Kidney+Care+of+Acadiana/data=!4m7!3m6!1s0x862383f6c51964cb:0xc0ab7d5cf5d3473d!8m2!3d29.988625!4d-91.8173211!16s%2Fg%2F1tfb6y3c!19sChIJy2QZxfaDI4YRPUfT9Vx9q8A,DCI Kidney Care of Acadiana,3.0,2,Dialysis center,"902 S Lewis St A, New Iberia, LA 70560, United States","X5QM+C3 New Iberia, Louisiana, USA",https://www.dciinc.org/location/kidney-care-of-acadiana-new-iberia,+1 337-367-3995,Closed · Opens 5 am Wed,https://streetviewpixels-pa.googleapis.com/v1/thumbnail?panoid=MXBws4As7Zz1nUparCEHng&cb_client=search.gws-prod.gps&w=408&h=240&yaw=316.2271&pitch=0&thumbfov=100,true,6 am–2 pm,5 am–5 pm,6 am–2 pm,5 am–5 pm,6 am–2 pm,Closed,5 am–5 pm,"https://www.google.com/maps/search/vein+clinics+in+New+Iberia+Lafeyette+LA/@30.0035365,-91.8187285,14z",2025-12-16T22:17:52.075Z,,,
"https://www.google.com/maps/place/Dialysis+Clinic,+Inc./data=!4m7!3m6!1s0x86238318a0471de3:0x685ac6ea0e7fd2a9!8m2!3d29.9869251!4d-91.7815551!16s%2Fg%2F11g20g4nl5!19sChIJ4x1HoBiDI4YRqdJ_DurGWmg","Dialysis Clinic, Inc.",,,Dialysis center,"2708 E Main St, New Iberia, LA 70560, United States","X6P9+Q9 New Iberia, Louisiana, USA",https://www.dciinc.org/location/bayou-teche/,+1 337-369-9552,Closes soon · 5 pm · Opens 5 am Wed,https://lh3.googleusercontent.com/p/AF1QipN3XsbCbqI5-wJLl2H1ZmRYcXF_l32iUECJXL8y=w408-h306-k-no,true,5 am–5 pm,5 am–5 pm,5 am–5 pm,5 am–5 pm,5 am–5 pm,Closed,5 am–5 pm,"https://www.google.com/maps/search/vein+clinics+in+New+Iberia+Lafeyette+LA/@30.0035365,-91.8187285,14z",2025-12-16T22:17:56.852Z,,,
"https://www.google.com/maps/place/Surgical+Group/@29.989872,-91.7854913,17z/data=!3m1!4b1!4m6!3m5!1s0x862383194ead4a51:0x9e66b5835216a63c!8m2!3d29.989872!4d-91.7854913!16s%2Fg%2F1vzv4080",Surgical Group,,,Doctor,"2309 E Main St #200, New Iberia, LA 70560, United States","X6Q7+WR New Iberia, Louisiana, USA",,+1 337-364-7226,,,false,,,,,,,,"https://www.google.com/maps/search/vein+clinics+in+New+Iberia+Lafeyette+LA/@30.0035365,-91.8187285,14z",2025-12-16T22:18:01.431Z,,,
https://www.google.com/maps/place/Vu+Thu+B+MD/data=!4m7!3m6!1s0x862382eb3d44a83b:0x11f9bb5dc230f04e!8m2!3d29.9885809!4d-91.810657!16s%2Fg%2F126262jmz!19sChIJO6hEPeuCI4YRTvAwwl27-RE,Vu Thu B MD,,,Doctor,"806 Jefferson Terrace, New Iberia, LA 70560, United States","X5QQ+CP New Iberia, Louisiana, USA",,+1 337-365-4945,,https://streetviewpixels-pa.googleapis.com/v1/thumbnail?panoid=2gzRXJUyD5VcmFUEpGdMKg&cb_client=search.gws-prod.gps&w=408&h=240&yaw=336.81668&pitch=0&thumbfov=100,false,,,,,,,,"https://www.google.com/maps/search/vein+clinics+in+New+Iberia+Lafeyette+LA/@30.0035365,-91.8187285,14z",2025-12-16T22:18:03.885Z,,,
https://www.google.com/maps/place/Gitter+Vein+Institute/data=!4m7!3m6!1s0x8626a5b5a49fe7fb:0x839d00d485501458!8m2!3d30.3555526!4d-91.0797561!16s%2Fg%2F11s063pm7d!19sChIJ--efpLWlJoYRWBRQhdQAnYM,Gitter Vein Institute,5.0,74,Surgical center,"10101 Siegen Ln, Baton Rouge, LA 70810, United States","9W4C+63 Baton Rouge, Louisiana, USA",https://gittervein.com/,+1 225-256-0102,Open · Closes 6 pm,https://streetviewpixels-pa.googleapis.com/v1/thumbnail?panoid=EZbkUn_EDdBAqgioOVGUBg&cb_client=search.gws-prod.gps&w=408&h=240&yaw=115.53481&pitch=0&thumbfov=100,true,7:30 am–6 pm,7:30 am–6 pm,7:30 am–6 pm,Closed,Closed,Closed,7:30 am–6 pm,"https://www.google.com/maps/search/vein+clinics+in+New+Iberia+Lafeyette+LA/@30.0035365,-91.8187285,14z",2025-12-16T22:18:08.731Z,,,
,,,,,,,,,,,,,,,,,,,"https://www.google.com/maps/search/vein+clinics+in+Waterford+Lafeyette+LA/@30.2240897,-92.0198427,14z",2025-12-16T22:18:18.191Z,,No new results found,
,,,,,,,,,,,,,,,,,,,"https://www.google.com/maps/search/vein+clinics+in+Ossun+Lafeyette+LA/@30.274912,-92.111565,14z",2025-12-16T22:18:26.594Z,,No new results found,