placeUrl,title,rating,reviewCount,category,address,plusCode,website,phoneNumber,currentStatus,info,imgUrl,isClaimed,tuesday,wednesday,thursday,friday,saturday,sunday,monday,query,timestamp,error,attributes
https://www.google.com/maps/place/VasCare/data=!4m7!3m6!1s0x86685e530c1be9d7:0xdddc7001f0935892!8m2!3d27.775694!4d-97.401903!16s%2Fg%2F1q5cdpqr4!19sChIJ1-kbDFNeaIYRkliT8AFw3N0,VasCare,4.9,89,Vascular surgeon,"1521 S Staples St #510, Corpus Christi, TX 78404, United States","QHGX+76 Central City, Corpus Christi, TX, USA",https://www.vascareclinics.com/locations/corpus-christi-clinic/?utm_campaign=gmb,+1 361-882-4000,Open · Closes 5 pm,LGBTQ+ friendly,https://lh3.googleusercontent.com/p/AF1QipMzlpnxirOy-ivIyOCybywbIfphqegWe9RqNx1R=w408-h272-k-no,true,8 am–5 pm,8 am–5 pm,8 am–5 pm,8 am–5 pm,Closed,Closed,8 am–5 pm,"https://www.google.com/maps/search/vein+clinics+in+Corpus+Christi+Corpus+Christi+TX/@27.7964047,-97.4029944,14z",2025-12-16T21:58:22.657Z,,
https://www.google.com/maps/place/Texas+Vein+%26+Vascular/data=!4m7!3m6!1s0x86685e5584bbe7cb:0x1a38a70e71263db1!8m2!3d27.7013943!4d-97.3812641!16s%2Fg%2F1tm130mk!19sChIJy-e7hFVeaIYRsT0mcQ6nOBo,Texas Vein & Vascular,4.6,65,Medical clinic,"5242 Holly Rd, Corpus Christi, TX 78411, United States","PJ29+HF South Side, Corpus Christi, TX, USA",http://www.texasveinandvascular.com/,+1 361-991-6611,Open · Closes 5 pm,,https://streetviewpixels-pa.googleapis.com/v1/thumbnail?panoid=_WX4DDzGEDopI8yyGZqP_w&cb_client=search.gws-prod.gps&w=408&h=240&yaw=23.879944&pitch=0&thumbfov=100,false,8:15 am–5 pm,8:15 am–5 pm,8:15 am–5 pm,8:15 am–5 pm,Closed,Closed,8:30 am–5 pm,"https://www.google.com/maps/search/vein+clinics+in+Corpus+Christi+Corpus+Christi+TX/@27.7964047,-97.4029944,14z",2025-12-16T21:58:33.897Z,,
https://www.google.com/maps/place/Bay+Vascular+Surgery/data=!4m7!3m6!1s0x8668f5415645145f:0x6c6753e05381f1ca!8m2!3d27.7746061!4d-97.3981!16s%2Fg%2F11c608np8f!19sChIJXxRFVkH1aIYRyvGBU-BTZ2w,Bay Vascular Surgery,4.6,13,Vascular surgeon,"819 Ayers St, Corpus Christi, TX 78404, United States","QJF2+RQ Bay Area, Corpus Christi, TX, USA",http://www.bayvascular.com/,+1 361-761-8610,Open · Closes 5 pm,,https://lh3.googleusercontent.com/p/AF1QipN7HdQms23xZnGdiIbcXMvOVr2Xy6-iwTpRb_RD=w426-h240-k-no,true,8 am–5 pm,8 am–5 pm,8 am–5 pm,8 am–1 pm,Closed,Closed,8 am–5 pm,"https://www.google.com/maps/search/vein+clinics+in+Corpus+Christi+Corpus+Christi+TX/@27.7964047,-97.4029944,14z",2025-12-16T21:58:39.011Z,,
"https://www.google.com/maps/place/Charles+J.+Rodman,+MD/data=!4m7!3m6!1s0x86685e5312730f0b:0x1c788b9a83809e90!8m2!3d27.7539658!4d-97.3888064!16s%2Fg%2F11b6g7qzl9!19sChIJCw9zElNeaIYRkJ6Ag5qLeBw","Charles J. Rodman, MD",3.6,14,Vascular surgeon,"3301 S Alameda St STE 402, Corpus Christi, TX 78411, United States","QJ36+HF Bay Area, Corpus Christi, TX, USA",http://www.veincarecoastalbend.com/,+1 361-371-8100,"Closes soon · 4:30 pm · Opens 9 am Wed

Updated by others 1 week ago",,https://lh3.googleusercontent.com/p/AF1QipNHx_MqkV3Hd8mGzLDaNU0mL6BZ4WYBCorbY49n=w514-h240-k-no,true,9 am–4:30 pm,9 am–4:30 pm,9 am–4:30 pm,9 am–4:30 pm,Closed,Closed,9 am–4:30 pm,"https://www.google.com/maps/search/vein+clinics+in+Corpus+Christi+Corpus+Christi+TX/@27.7964047,-97.4029944,14z",2025-12-16T21:58:43.856Z,,
https://www.google.com/maps/place/Coastal+Infusions/data=!4m7!3m6!1s0x86685f7d92159a55:0x439aa8ae53b147c5!8m2!3d27.7825789!4d-97.3969604!16s%2Fg%2F11l6bzk8dr!19sChIJVZoVkn1faIYRxUexU66omkM,Coastal Infusions,5.0,14,Wellness center,"1001 2nd St, Corpus Christi, TX 78404, United States","QJM3+26 Central City, Corpus Christi, TX, USA",http://www.coastalinfusionstx.com/,+1 855-463-8738,"Open · Closes 10 pm

Updated by this business 12 weeks ago",,https://lh3.googleusercontent.com/p/AF1QipPCp-X521Eg7KEmH2Zzaa-7sYH2jrtwdA5tBAvQ=w408-h263-k-no,true,6 am–10 pm,6 am–10 pm,6 am–10 pm,6 am–10 pm,Closed,Closed,8 am–5 pm,"https://www.google.com/maps/search/vein+clinics+in+Corpus+Christi+Corpus+Christi+TX/@27.7964047,-97.4029944,14z",2025-12-16T21:58:48.725Z,,
https://www.google.com/maps/place/Texas+Cardiac+%26+Vascular+Institute+Corpus+Christi/data=!4m7!3m6!1s0x86685f072731c6ab:0xbf7b78c641d611e6!8m2!3d27.7758452!4d-97.3985583!16s%2Fg%2F11px959bwt!19sChIJq8YxJwdfaIYR5hHWQcZ4e78,Texas Cardiac & Vascular Institute Corpus Christi,3.0,6,Medical Center,"1533 5th St A, Corpus Christi, TX 78404, United States","QJG2+8H Central City, Corpus Christi, TX, USA",http://www.texascardiacandvascular.com/,+1 361-266-2233,,,https://streetviewpixels-pa.googleapis.com/v1/thumbnail?panoid=fk5Iu8bVhO3p2GSdE44ZBA&cb_client=search.gws-prod.gps&w=408&h=240&yaw=310.29373&pitch=0&thumbfov=100,true,,,,,,,,"https://www.google.com/maps/search/vein+clinics+in+Corpus+Christi+Corpus+Christi+TX/@27.7964047,-97.4029944,14z",2025-12-16T21:58:51.668Z,,
https://www.google.com/maps/place/SurvIVe+Infusion+%26+Wellness/data=!4m7!3m6!1s0x86685ff888447e03:0x612336a647909a27!8m2!3d27.8006362!4d-97.392264!16s%2Fg%2F11j977qm75!19sChIJA35EiPhfaIYRJ5qQR6Y2I2E,SurvIVe Infusion & Wellness,5.0,25,Wellness center,"900 N Shoreline Blvd, Corpus Christi, TX 78401, United States","RJ25+73 Central City, Corpus Christi, TX, USA",https://www.surviveiv.com/,+1 833-248-3747,Open · Closes 6 pm,LGBTQ+ friendly,https://streetviewpixels-pa.googleapis.com/v1/thumbnail?panoid=DRQjBEUGKTwOE2eW2qrabQ&cb_client=search.gws-prod.gps&w=408&h=240&yaw=353.6455&pitch=0&thumbfov=100,true,11 am–6 pm,11 am–6 pm,11 am–6 pm,11 am–6 pm,10 am–2 pm,10 am–2 pm,11 am–6 pm,"https://www.google.com/maps/search/vein+clinics+in+Corpus+Christi+Corpus+Christi+TX/@27.7964047,-97.4029944,14z",2025-12-16T21:58:56.765Z,,
https://www.google.com/maps/place/Regional+WoundCare+%26+Hyperbarics/data=!4m7!3m6!1s0x86685e54ee780fcb:0x122be46596c2151!8m2!3d27.7759098!4d-97.3986062!16s%2Fg%2F11b_2y4wy0!19sChIJyw947lReaIYRUSFsWUa-IgE,Regional WoundCare & Hyperbarics,3.5,17,Medical clinic,"1533 5th St, Corpus Christi, TX 78404, United States","QJG2+9H Central City, Corpus Christi, TX, USA",,+1 361-371-5544,Open · Closes 5 pm,,https://lh3.googleusercontent.com/p/AF1QipMZRc6JbB6wj7Xmzp-zVfY4ScAC8U21-9HTEi4I=w720-h240-k-no,true,8 am–5 pm,8 am–5 pm,8 am–5 pm,8 am–5 pm,Closed,Closed,8 am–5 pm,"https://www.google.com/maps/search/vein+clinics+in+Corpus+Christi+Corpus+Christi+TX/@27.7964047,-97.4029944,14z",2025-12-16T21:59:01.632Z,,
"https://www.google.com/maps/place/USA+VEIN+CLINIC/@27.719509,-97.3925482,17z/data=!3m1!4b1!4m6!3m5!1s0x8668f554b8b20dcd:0x5794fc9f54ea5120!8m2!3d27.719509!4d-97.3925482!16s%2Fg%2F11v71jx2ml",USA VEIN CLINIC,5.0,3,Medical clinic,"4300 S Padre Island Dr ste 4 1, Corpus Christi, TX 78411, United States","PJ94+RX Central City, Corpus Christi, TX, USA",https://www.usaveinclinics.com/company/locations/texas/office/corpus-christi/?utm_source=gmb&utm_medium=organic&utm_campaign=location,+1 361-602-0033,Temporarily closed,,,true,,,,,,,,"https://www.google.com/maps/search/vein+clinics+in+Corpus+Christi+Corpus+Christi+TX/@27.7964047,-97.4029944,14z",2025-12-16T21:59:08.540Z,,
https://www.google.com/maps/place/Dr.+Jennifer+Mike-Mayer/data=!4m7!3m6!1s0x86685fece1a9d8f5:0x8cbc1cad4adda208!8m2!3d27.7756996!4d-97.4018577!16s%2Fg%2F11wbgqt1nd!19sChIJ9dip4exfaIYRCKLdSq0cvIw,Dr. Jennifer Mike-Mayer,5.0,1,Doctor,"1521 S Staples St #510, Corpus Christi, TX 78404, United States","QHGX+77 Central City, Corpus Christi, TX, USA",https://www.vascareclinics.com/jennifer-mike-mayer-md-facs/,+1 361-400-6594,Open · Closes 5 pm,Identifies as women-owned,https://lh3.googleusercontent.com/p/AF1QipPppVO1H7JUjYgEp4T7wIVJU620OzQp1F1FtiGL=w408-h433-k-no,true,8 am–5 pm,8 am–5 pm,8 am–5 pm,8 am–5 pm,Closed,Closed,8 am–5 pm,"https://www.google.com/maps/search/vein+clinics+in+Corpus+Christi+Corpus+Christi+TX/@27.7964047,-97.4029944,14z",2025-12-16T21:59:13.317Z,,
https://www.google.com/maps/place/Coastal+Cardiovascular+Center/data=!4m7!3m6!1s0x86685f2999fc9d0f:0x37dc4f5da069575a!8m2!3d27.7783638!4d-97.4012231!16s%2Fg%2F11nmh5f061!19sChIJD538mSlfaIYRWldpoF1P3Dc,Coastal Cardiovascular Center,4.5,6,Surgical center,"1025 Morgan Ave, Corpus Christi, TX 78404, United States","QHHX+8G Central City, Corpus Christi, TX, USA",https://www.cardioasc.com/,+1 361-884-3278,Closes soon · 4 pm · Opens 6 am Wed,,https://lh3.googleusercontent.com/gps-cs-s/AG0ilSwh39b85erO7kzSzYaYvCktZ4j1sKB0chPS11D_T9vcCJ-0MQs9Cmo9I1uS7XkmX0LwBcBAXTixAfXK2hmCk8ysvfn9C56LeMy9Xug-Jl0lwouNUi6Nm2sa8SoSEq9ArbQGntmd=w426-h240-k-no,false,6 am–4 pm,6 am–4 pm,6 am–4 pm,6 am–4 pm,Closed,Closed,6 am–4 pm,"https://www.google.com/maps/search/vein+clinics+in+Corpus+Christi+Corpus+Christi+TX/@27.7964047,-97.4029944,14z",2025-12-16T21:59:18.375Z,,
"https://www.google.com/maps/place/Lofton+Misick,+MD/@27.7918932,-97.3953432,17z/data=!3m1!4b1!4m6!3m5!1s0x8668f50df8bcad9f:0x50c70a78bdcf5486!8m2!3d27.7918932!4d-97.3953432!16s%2Fg%2F11swds9gr2","Lofton Misick, MD",3.8,4,Vascular surgeon,"819 Ayers Street, Corpus Christi, TX 78401, United States","QJR3+QV Central City, Corpus Christi, TX, USA",https://www.azuravascularcare.com/physicians/lofton-misick/?utm_source=local&utm_medium=organic&utm_campaign=gmb-physician-listing&utm_content=website&y_source=1_MzUwOTk0MjctNzE1LWxvY2F0aW9uLndlYnNpdGU%3D,+1 361-880-8322,,,,true,,,,,,,,"https://www.google.com/maps/search/vein+clinics+in+Corpus+Christi+Corpus+Christi+TX/@27.7964047,-97.4029944,14z",2025-12-16T21:59:23.205Z,,
"https://www.google.com/maps/place/Herve+Gentile,+MD,+FACS,/data=!4m7!3m6!1s0x86685e562150c467:0x69b8c975fb52c8e3!8m2!3d27.7816385!4d-97.3951252!16s%2Fg%2F1tmxrg0t!19sChIJZ8RQIVZeaIYR48hS-3XJuGk","Herve Gentile, MD, FACS,",4.6,40,Plastic surgeon,"1102 Ocean Dr, Corpus Christi, TX 78404, United States","QJJ3+MW Central City, Corpus Christi, TX, USA",https://www.tolookgood.com/,+1 361-881-9999,Open · Closes 5 pm,LGBTQ+ friendly,https://lh3.googleusercontent.com/gps-cs-s/AG0ilSzztF51IRT3gjWmAFK40Ip1Yp3L-4nBBRd90IVMq15b7EEqKPShWMy4ykKE2zeJsWJTs4UNSv6QJGcsh6EyNolAIO7BZWXp2utJ237siPyABehRCK7sVln3tTvQvjEs0voK_IC_=w408-h259-k-no,true,8 am–5 pm,8 am–5 pm,8 am–5 pm,8 am–5 pm,Closed,Closed,8 am–5 pm,"https://www.google.com/maps/search/vein+clinics+in+Corpus+Christi+Corpus+Christi+TX/@27.7964047,-97.4029944,14z",2025-12-16T21:59:28.050Z,,
https://www.google.com/maps/place/University+Health+Corpus+Christi+Specialties/data=!4m7!3m6!1s0x8668f51064e1b1a5:0x17ced6aee14cf7bc!8m2!3d27.775773!4d-97.4018833!16s%2Fg%2F11f6kr1c6z!19sChIJpbHhZBD1aIYRvPdM4a7Wzhc,University Health Corpus Christi Specialties,5.0,1,Medical clinic,"1521 S Staples St # 402, Corpus Christi, TX 78404, United States","QHGX+86 Central City, Corpus Christi, TX, USA",https://universityhealth.com/locations/corpus-christi-specialties?utm_source=online_listing&utm_medium=yext&utm_campaign=corpus_christi_specialties&utm_content=website_button_online_listing_corpus_christi_specialties_072925,+1 361-299-0428,Closes soon · 4 pm · Opens 8 am Wed,,https://lh3.googleusercontent.com/p/AF1QipPwYDroLTYGKXZZCR_y3H151H2UGVW6LczqSlZ4=w408-h306-k-no,true,8 am–4 pm,8 am–4 pm,8 am–4 pm,8 am–4 pm,Closed,Closed,8 am–4 pm,"https://www.google.com/maps/search/vein+clinics+in+Corpus+Christi+Corpus+Christi+TX/@27.7964047,-97.4029944,14z",2025-12-16T21:59:32.983Z,,
"https://www.google.com/maps/place/Matthew+Ficenec,+MD/data=!4m7!3m6!1s0x86685e55df3514d1:0xed29c0e3384515a9!8m2!3d27.779563!4d-97.3964621!16s%2Fg%2F1tgx70qd!19sChIJ0RQ131VeaIYRqRVFOOPAKe0","Matthew Ficenec, MD",4.8,54,Surgeon,"1224 3rd St Ste. 8, Corpus Christi, TX 78404, United States","QJH3+RC Central City, Corpus Christi, TX, USA",https://www.christushealth.org/find-a-doctor/matthew-ficenec-55593?utm_source=GBP&utm_medium=organic&utm_campaign=GBP-listing,+1 361-985-9403,Open · Closes 5 pm,,https://streetviewpixels-pa.googleapis.com/v1/thumbnail?panoid=uoyvgohgpyTj71bb5LiZWQ&cb_client=search.gws-prod.gps&w=408&h=240&yaw=73.54832&pitch=0&thumbfov=100,true,8 am–5 pm,8 am–5 pm,8 am–5 pm,8 am–2 pm,Closed,Closed,8 am–5 pm,"https://www.google.com/maps/search/vein+clinics+in+Corpus+Christi+Corpus+Christi+TX/@27.7964047,-97.4029944,14z",2025-12-16T21:59:37.788Z,,
"https://www.google.com/maps/place/Hyperhidrosis+treatment+in+Corpus+Christi,+Texas/data=!4m7!3m6!1s0x8668f5bc542acca5:0x72fb5d6e6e419b9!8m2!3d27.7014849!4d-97.3812018!16s%2Fg%2F11c58p_y4_!19sChIJpcwqVLz1aIYRuRnk5ta1Lwc","Hyperhidrosis treatment in Corpus Christi, Texas",,,Doctor,"5242 Holly Rd, Corpus Christi, TX 78411, United States","PJ29+HG South Side, Corpus Christi, TX, USA",,+1 361-991-6611,,,https://streetviewpixels-pa.googleapis.com/v1/thumbnail?panoid=_WX4DDzGEDopI8yyGZqP_w&cb_client=search.gws-prod.gps&w=408&h=240&yaw=25.408598&pitch=0&thumbfov=100,false,,,,,,,,"https://www.google.com/maps/search/vein+clinics+in+Corpus+Christi+Corpus+Christi+TX/@27.7964047,-97.4029944,14z",2025-12-16T21:59:40.598Z,,
,,,,,,,,,,,,,,,,,,,,"https://www.google.com/maps/search/vein+clinics+in+Port+Aransas+Corpus+Christi+TX/@27.8339158,-97.0610994,14z",2025-12-16T22:00:01.219Z,No new results found,
,,,,,,,,,,,,,,,,,,,,"https://www.google.com/maps/search/vein+clinics+in+Rockport+Corpus+Christi+TX/@27.7964047,-97.4029944,14z",2025-12-16T22:00:26.445Z,No new results found,
"https://www.google.com/maps/place/Luis+Flores,+MD/data=!4m7!3m6!1s0x86662792a944f8e3:0x8520a563741b4a2b!8m2!3d27.4901277!4d-97.850674!16s%2Fg%2F11w9ytgbl4!19sChIJ4_hEqZInZoYRK0obdGOlIIU","Luis Flores, MD",3.5,8,Doctor,"1311 E General Cavazos Blvd # I, Kingsville, TX 78363, United States","F4RX+3P Kingsville, Texas, USA",https://www.christushealth.org/find-a-doctor/luis-flores-22794?utm_source=GBP&utm_medium=organic&utm_campaign=GBP-listing,+1 361-592-5101,Closes soon · 5 pm · Opens 8 am Wed,,https://lh3.googleusercontent.com/gps-cs-s/AG0ilSxzrIFRBX3l7ZPdM2yiyTkkwQjKoCpeu988V1Lki7t05JZtqAwWFUa1eVQPRWyn9oXi8b_KgPZqPjYhUcVCgjNZspPhUwyIjX0qSs4_ycgnHlsie7Z2X5yTnt10xCzcY5OhbnuQBA=w408-h544-k-no,true,8 am–5 pm,8 am–5 pm,8 am–5 pm,8 am–5 pm,Closed,Closed,8 am–5 pm,"https://www.google.com/maps/search/vein+clinics+in+Kingsville+Corpus+Christi+TX/@27.5158689,-97.856109,14z",2025-12-16T22:00:44.792Z,,
https://www.google.com/maps/place/CHRISTUS+Spohn+Hospital+-+Kleberg/data=!4m7!3m6!1s0x86662640898c924f:0x3b7b1d6a5de7f6df!8m2!3d27.4900425!4d-97.8505903!16s%2Fm%2F04g3mmc!19sChIJT5KMiUAmZoYR3_bnXWodezs,CHRISTUS Spohn Hospital - Kleberg,2.3,105,Hospital,"1311 E General Cavazos Blvd, Kingsville, TX 78363, United States","F4RX+2Q Kingsville, Texas, USA",https://www.christushealth.org/locations/spohn-hospital-kleberg?utm_source=GBP&utm_medium=organic&utm_campaign=GBP-listing,+1 361-595-1661,,,https://lh3.googleusercontent.com/p/AF1QipOB9iPbQPHBVmcxQs_o2fOJ08eItH3C9ofsNJ6J=w408-h271-k-no,true,Open 24 hours,Open 24 hours,Open 24 hours,Open 24 hours,Open 24 hours,Open 24 hours,Open 24 hours,"https://www.google.com/maps/search/vein+clinics+in+Kingsville+Corpus+Christi+TX/@27.5158689,-97.856109,14z",2025-12-16T22:00:49.939Z,,
https://www.google.com/maps/place/Castaneda+Quick+Care/data=!4m7!3m6!1s0x8666261c39b97535:0x463617b4c351456d!8m2!3d27.5120867!4d-97.8568984!16s%2Fg%2F11gfh7bxmf!19sChIJNXW5ORwmZoYRbUVRw7QXNkY,Castaneda Quick Care,4.6,31,Walk-in clinic,"914 E Fordyce Ave Suite A, Kingsville, TX 78363, United States","G46V+R6 Kingsville, Texas, USA",http://www.castanedaquickcare.com/,+1 361-221-2461,Open · Closes 6 pm,Identifies as Latino-owned,https://lh3.googleusercontent.com/p/AF1QipNhG79SWzbeKXmwETjgDQ9iWNeWs5H8zfxVzgNq=w408-h408-k-no,true,8 am–6 pm,8 am–6 pm,8 am–6 pm,8 am–12 pm,Closed,Closed,8 am–6 pm,"https://www.google.com/maps/search/vein+clinics+in+Kingsville+Corpus+Christi+TX/@27.5158689,-97.856109,14z",2025-12-16T22:00:54.828Z,,
"https://www.google.com/maps/place/Kingsville+Cardiovascular-Dr.+Milton+A.+Beato/@27.4900634,-97.8506501,17z/data=!3m1!4b1!4m6!3m5!1s0x866627e68d28fb47:0xc731e5c16270a574!8m2!3d27.4900634!4d-97.8506501!16s%2Fg%2F11nms3sqh6",Kingsville Cardiovascular-Dr. Milton A. Beato,2.9,9,Cardiologist,"1311 E General Cavazos Blvd, Kingsville, TX 78363, United States","F4RX+2P Kingsville, Texas, USA",,+1 361-595-1522,Closes soon · 5 pm · Opens 8 am Wed,,,true,8 am–5 pm,8 am–5 pm,8 am–5 pm,8 am–5 pm,Closed,Closed,8 am–5 pm,"https://www.google.com/maps/search/vein+clinics+in+Kingsville+Corpus+Christi+TX/@27.5158689,-97.856109,14z",2025-12-16T22:01:01.633Z,,
https://www.google.com/maps/place/WellMed+at+Kingsville/data=!4m7!3m6!1s0x86662640898c924f:0xe0e2e18c3a1ffeb7!8m2!3d27.5008045!4d-97.8435356!16s%2Fg%2F1vm7bwzs!19sChIJT5KMiUAmZoYRt_4fOozh4uA,WellMed at Kingsville,3.4,11,Medical clinic,"1601 US-77 Unit 7, Kingsville, TX 78363, United States","G524+8H Kingsville, Texas, USA",https://doctors.wellmedhealthcare.com/locations/details/14466?utm_source=google&utm_medium=organic&utm_campaign=local-listings,+1 361-592-8531,Closes soon · 5 pm · Opens 8 am Wed,,https://lh3.googleusercontent.com/p/AF1QipOmQWraw2ta689WfXXokfsrZDxfl5tlDeKKAyRi=w426-h240-k-no,true,8 am–5 pm,8 am–5 pm,8 am–5 pm,8 am–5 pm,Closed,Closed,8 am–5 pm,"https://www.google.com/maps/search/vein+clinics+in+Kingsville+Corpus+Christi+TX/@27.5158689,-97.856109,14z",2025-12-16T22:01:06.596Z,,
https://www.google.com/maps/place/CHRISTUS+Trinity+Clinic/data=!4m7!3m6!1s0x8666278f892513f1:0xba0f87f0011ed3af!8m2!3d27.4901277!4d-97.850674!16s%2Fg%2F11rcs8dycr!19sChIJ8RMliY8nZoYRr9MeAfCHD7o,CHRISTUS Trinity Clinic,1.0,2,Medical clinic,"1311 E General Cavazos Blvd # I, Kingsville, TX 78363, United States","F4RX+3P Kingsville, Texas, USA",https://www.christushealth.org/locations/trinity-clinic-kingsville?utm_source=GBP&utm_medium=organic&utm_campaign=GBP-listing,+1 361-592-5101,Closes soon · 5 pm · Opens 8 am Wed,,https://lh3.googleusercontent.com/p/AF1QipNqkIlApdQaxvbW_x7p91OSfiiKPKyLFj2Ikxa4=w480-h240-k-no,true,8 am–5 pm,8 am–5 pm,8 am–5 pm,8 am–5 pm,Closed,Closed,8 am–5 pm,"https://www.google.com/maps/search/vein+clinics+in+Kingsville+Corpus+Christi+TX/@27.5158689,-97.856109,14z",2025-12-16T22:01:11.625Z,,
https://www.google.com/maps/place/Surgical+Procedures+at+CHRISTUS+Spohn+Hospital+Kleberg/data=!4m7!3m6!1s0x8666266a9975f1af:0x323df553bac3e18e!8m2!3d27.4905166!4d-97.850902!16s%2Fg%2F11clsdc3_3!19sChIJr_F1mWomZoYRjuHDulP1PTI,Surgical Procedures at CHRISTUS Spohn Hospital Kleberg,,,Surgical center,"1311 E General Cavazos Blvd, Kingsville, TX 78363, United States","F4RX+6J Kingsville, Texas, USA",,+1 361-595-1661,,,https://streetviewpixels-pa.googleapis.com/v1/thumbnail?panoid=vvgCF40yJK0qjlxxSKk5ew&cb_client=search.gws-prod.gps&w=408&h=240&yaw=167.7611&pitch=0&thumbfov=100,true,,,,,,,,"https://www.google.com/maps/search/vein+clinics+in+Kingsville+Corpus+Christi+TX/@27.5158689,-97.856109,14z",2025-12-16T22:01:14.371Z,,
https://www.google.com/maps/place/Aura+of+Eden+Med+Spa/data=!4m7!3m6!1s0x866627013b4da2f7:0x977d56e70aa56a9!8m2!3d27.4909934!4d-97.8475659!16s%2Fg%2F11yc6x_vs1!19sChIJ96JNOwEnZoYRqVaqcG7Vdwk,Aura of Eden Med Spa,5.0,1,Medical spa,"5343 S Hwy 77, Kingsville, TX 78363, United States","F5R2+9X Kingsville, Texas, USA",https://auraofeden.net/,+1 361-720-5800,Open · Closes 6 pm,,https://lh3.googleusercontent.com/p/AF1QipPgkBd5Rw_Daq7173xiE13TRfFtich5J506de7Z=w408-h544-k-no,true,10 am–6 pm,10 am–6 pm,10 am–6 pm,10 am–6 pm,12–6 pm,Closed,10 am–6 pm,"https://www.google.com/maps/search/vein+clinics+in+Kingsville+Corpus+Christi+TX/@27.5158689,-97.856109,14z",2025-12-16T22:01:19.164Z,,
https://www.google.com/maps/place/Cardiology+Associates/data=!4m7!3m6!1s0x86662640898c924f:0x7cb7ffe83c8b20b8!8m2!3d27.4913945!4d-97.8475796!16s%2Fg%2F1tcvc9wf!19sChIJT5KMiUAmZoYRuCCLPOj_t3w,Cardiology Associates,,,Medical clinic,"1311 E General Cavazos Blvd, Kingsville, TX 78363, United States","F5R2+HX Kingsville, Texas, USA",,+1 361-595-5303,,,https://streetviewpixels-pa.googleapis.com/v1/thumbnail?panoid=beYt7lJ3gijv8pjCSru0qA&cb_client=search.gws-prod.gps&w=408&h=240&yaw=192.63713&pitch=0&thumbfov=100,false,,,,,,,,"https://www.google.com/maps/search/vein+clinics+in+Kingsville+Corpus+Christi+TX/@27.5158689,-97.856109,14z",2025-12-16T22:01:21.808Z,,
https://www.google.com/maps/place/Dr.+Javier+Alonso/data=!4m7!3m6!1s0x8668f5bc569aee05:0x36e1a0e722e5eb09!8m2!3d27.701395!4d-97.3812561!16s%2Fg%2F11b5yx7_wl!19sChIJBe6aVrz1aIYRCevlIueg4TY,Dr. Javier Alonso,4.0,37,Cardiovascular and thoracic surgeon,"5242 Holly Rd, Corpus Christi, TX 78411, United States","PJ29+HF South Side, Corpus Christi, TX, USA",https://texasveinandvascular.com/our-staff/,+1 361-991-6611,,,https://streetviewpixels-pa.googleapis.com/v1/thumbnail?panoid=R8klHYudfHPNYx1kC5d9lw&cb_client=search.gws-prod.gps&w=408&h=240&yaw=77.383705&pitch=0&thumbfov=100,false,,,,,,,,"https://www.google.com/maps/search/vein+clinics+in+Aransas+Pass+Corpus+Christi+TX/@27.909532,-97.1505561,14z",2025-12-16T22:01:44.845Z,,
"https://www.google.com/maps/place/Dr.+Jorge+S.+Rodriguez,+MD/data=!4m7!3m6!1s0x86685212c68b1915:0xa313c32a410327ff!8m2!3d27.9129301!4d-97.1587257!16s%2Fg%2F1tjdxb71!19sChIJFRmLxhJSaIYR_ycDQSrDE6M","Dr. Jorge S. Rodriguez, MD",5.0,1,Pediatrician,"160 S 13th St, Aransas Pass, TX 78336, United States","WR7R+5G Aransas Pass, Texas, USA",https://weence.com/medical/doctors/aransas-pass/dr-jorge-s-rodriguez-md/,+1 361-758-1984,Closes soon · 5 pm · Opens 8:30 am Wed,,https://streetviewpixels-pa.googleapis.com/v1/thumbnail?panoid=LZOQsi9jckcd4nag8QxpBA&cb_client=search.gws-prod.gps&w=408&h=240&yaw=294.00186&pitch=0&thumbfov=100,false,8:30 am–5 pm,8:30 am–5 pm,8:30 am–5 pm,8:30 am–5 pm,Closed,Closed,8:30 am–5 pm,"https://www.google.com/maps/search/vein+clinics+in+Aransas+Pass+Corpus+Christi+TX/@27.909532,-97.1505561,14z",2025-12-16T22:01:56.544Z,,
https://www.google.com/maps/place/Corpus+Christi+Medical+Center+Bay+Area/data=!4m7!3m6!1s0x8668f67a47d3d679:0xd694cd71cfa148af!8m2!3d27.6930432!4d-97.3450275!16s%2Fg%2F1tdfnpvk!19sChIJedbTR3r2aIYRr0ihz3HNlNY,Corpus Christi Medical Center Bay Area,4.1,1976,Hospital,"7101 S Padre Island Dr, Corpus Christi, TX 78412, United States","MMV3+6X South Side, Corpus Christi, TX, USA",https://www.ccmedicalcenter.com/locations/corpus-christi-medical-center-bay-area?utm_campaign=corp_listings_mgmt&utm_source=google&utm_medium=business_listing,+1 361-761-1000,Open 24 hours,,https://lh3.googleusercontent.com/p/AF1QipNGG-DB4MVWkhfs9sLPIooQHd34PvWd7C0y78Kp=w426-h240-k-no,true,Open 24 hours,Open 24 hours,Open 24 hours,Open 24 hours,Open 24 hours,Open 24 hours,Open 24 hours,"https://www.google.com/maps/search/vein+clinics+in+Aransas+Pass+Corpus+Christi+TX/@27.909532,-97.1505561,14z",2025-12-16T22:02:01.569Z,,
https://www.google.com/maps/place/Fresenius+Kidney+Care+Bay+Area+Dialysis+-Aransas+Pass/data=!4m7!3m6!1s0x866852436fde8913:0x2ca623e363813c9!8m2!3d27.898269!4d-97.1479449!16s%2Fg%2F1tg_m1jp!19sChIJE4neb0NSaIYRyRM4Nj5iygI,Fresenius Kidney Care Bay Area Dialysis -Aransas Pass,5.0,2,Dialysis center,"709 S Commercial St Ste C C 1, Aransas Pass, TX 78336, United States","VVX2+8R Aransas Pass, Texas, USA",https://www.freseniuskidneycare.com/dialysis-centers/texas/4472?utm_campaign=Website&utm_medium=&utm_source=YextGMB&utm_content=4472&y_source=1_MjYyMjYyNS03MTUtbG9jYXRpb24ud2Vic2l0ZQ%3D%3D,+1 800-881-5101,"Open · Closes 9 pm

Updated by this business 4 weeks ago",,https://streetviewpixels-pa.googleapis.com/v1/thumbnail?panoid=7n7Ag3HK1agb6-K1jpMKYQ&cb_client=search.gws-prod.gps&w=408&h=240&yaw=123.60466&pitch=0&thumbfov=100,true,5:45 am–9 pm,5:45 am–9 pm,5:45 am–9 pm,5:45 am–9 pm,5:45 am–9 pm,Closed,5:45 am–9 pm,"https://www.google.com/maps/search/vein+clinics+in+Aransas+Pass+Corpus+Christi+TX/@27.909532,-97.1505561,14z",2025-12-16T22:02:06.521Z,,
,,,,,,,,,,,,,,,,,,,,"https://www.google.com/maps/search/vein+clinics+in+Portland+Corpus+Christi+TX/@27.7964047,-97.4029944,14z",2025-12-16T22:02:26.751Z,No new results found,
"https://www.google.com/maps/place/USA+VEIN+CLINIC/@27.8778026,-97.211657,14z/data=!4m6!3m5!1s0x8668f554b8b20dcd:0x5794fc9f54ea5120!8m2!3d27.719509!4d-97.3925482!16s%2Fg%2F11v71jx2ml",USA VEIN CLINIC,5.0,3,Medical clinic,"4300 S Padre Island Dr ste 4 1, Corpus Christi, TX 78411, United States","PJ94+RX Central City, Corpus Christi, TX, USA",https://www.usaveinclinics.com/company/locations/texas/office/corpus-christi/?utm_source=gmb&utm_medium=organic&utm_campaign=location,+1 361-602-0033,Temporarily closed,,,true,,,,,,,,"https://www.google.com/maps/search/vein+clinics+in+Ingleside+Corpus+Christi+TX/@27.8778026,-97.211657,14z",2025-12-16T22:02:35.083Z,Already found,
https://www.google.com/maps/place/CHRISTUS+Trinity+Clinic/data=!4m7!3m6!1s0x86685f6fdeaf511b:0x53bf00a3c7fdefef!8m2!3d27.7795938!4d-97.3964889!16s%2Fg%2F11lnhrq27s!19sChIJG1Gv3m9faIYR7-_9x6MAv1M,CHRISTUS Trinity Clinic,5.0,1,Medical clinic,"1224 3rd St Ste. 8, Corpus Christi, TX 78404, United States","QJH3+RC Central City, Corpus Christi, TX, USA",https://www.christushealth.org/locations/trinity-clinic-surgery-corpus?utm_source=GBP&utm_medium=organic&utm_campaign=GBP-listing,+1 361-985-9403,Closes soon · 5 pm · Opens 8 am Wed,,https://streetviewpixels-pa.googleapis.com/v1/thumbnail?panoid=m3u7CqYfZmeXtKaZJybPnQ&cb_client=search.gws-prod.gps&w=408&h=240&yaw=50.16324&pitch=0&thumbfov=100,true,8 am–5 pm,8 am–5 pm,8 am–5 pm,8 am–2 pm,Closed,Closed,8 am–5 pm,"https://www.google.com/maps/search/vein+clinics+in+Gregory+Corpus+Christi+TX/@27.7964047,-97.4029944,14z",2025-12-16T22:03:04.643Z,,
https://www.google.com/maps/place/TLC+MEDICAL+CENTER/data=!4m7!3m6!1s0x86685f628ba61219:0xd611f301e4ea1c16!8m2!3d27.8563678!4d-97.6472543!16s%2Fg%2F11b6z32nxg!19sChIJGRKmi2JfaIYRFhzq5AHzEdY,TLC MEDICAL CENTER,4.1,145,Urgent care center,"14317 Northwest Blvd, Corpus Christi, TX 78410, United States","V943+G3 Calallen, Corpus Christi, TX, USA",https://www.tlcmedicalcenter.com/,+1 361-933-5150,Open · Closes 6 pm,,https://lh3.googleusercontent.com/gps-cs-s/AG0ilSyx6SjYS6K4mdPldgNsCKiUgA8YcZsGa1k7_s6b9MJGyTrdzDBB_-VSDQirmQXSwne-gYJ0yL3Lw-SH8A7yLdEYUpeyOyoNN5rHMP3Q5D68-jHo9n2u7r4GqruPzbIyF2UDmgO2=w408-h340-k-no,true,8 am–6 pm,8 am–6 pm,8 am–6 pm,8 am–6 pm,8 am–12 pm,Closed,8 am–6 pm,"https://www.google.com/maps/search/vein+clinics+in+Robstown+Corpus+Christi+TX/@27.7903032,-97.6688843,14z",2025-12-16T22:03:22.885Z,,
"https://www.google.com/maps/place/ER+24%2F7+Northwest,+a+department+of+Corpus+Christi+Medical+Center/data=!4m7!3m6!1s0x86687b1fd5eb0c31:0xf8d762013105f4d1!8m2!3d27.8551928!4d-97.6358551!16s%2Fg%2F1thk958y!19sChIJMQzr1R97aIYR0fQFMQFi1_g","ER 24/7 Northwest, a department of Corpus Christi Medical Center",3.8,339,Emergency room,"13725 Northwest Blvd, Corpus Christi, TX 78410, United States","V947+3M Calallen, Corpus Christi, TX, USA",https://www.ccmedicalcenter.com/locations/er-24-7-northwest?utm_campaign=corp_listings_mgmt&utm_source=google&utm_medium=business_listing,+1 361-761-1000,,,https://lh3.googleusercontent.com/p/AF1QipMlxmHT2Ob6QiAUss1Hl6HbTij_hQtrYjiqCjni=w426-h240-k-no,true,Open 24 hours,Open 24 hours,Open 24 hours,Open 24 hours,Open 24 hours,Open 24 hours,Open 24 hours,"https://www.google.com/maps/search/vein+clinics+in+Robstown+Corpus+Christi+TX/@27.7903032,-97.6688843,14z",2025-12-16T22:03:27.901Z,,
https://www.google.com/maps/place/Calallen+Medical+Clinic/data=!4m7!3m6!1s0x86687ae012c4b437:0x97219268a6ce7329!8m2!3d27.8587798!4d-97.6495666!16s%2Fg%2F1tfyd_r6!19sChIJN7TEEuB6aIYRKXPOpmiSIZc,Calallen Medical Clinic,4.8,494,Medical clinic,"4030 River Hill Dr, Corpus Christi, TX 78410, United States","V952+G5 Calallen, Corpus Christi, TX, USA",http://www.calallenmedicalclinic.com/,+1 361-767-0303,Closes soon · 5 pm · Opens 8 am Wed,,https://lh3.googleusercontent.com/p/AF1QipNlE5YgENTa1NziDny6r_jv81r0wabYWDyghPY8=w426-h240-k-no,true,"8 am–12 pm, 1:30–5 pm","8 am–12 pm, 1:30–5 pm","8 am–12 pm, 1:30–5 pm","8 am–12 pm, 1:30–5 pm",Closed,Closed,"8 am–12 pm, 1:30–5 pm","https://www.google.com/maps/search/vein+clinics+in+Calallen+Corpus+Christi+TX/@27.8559476,-97.6301311,14z",2025-12-16T22:04:05.915Z,,
https://www.google.com/maps/place/Aesthetic+Preserve+Contour+%26+Wellness+Center/data=!4m7!3m6!1s0x8668f5687911cf31:0x72450d49af28c0b1!8m2!3d27.8577914!4d-97.627336!16s%2Fg%2F11pyqs2v7d!19sChIJMc8ReWj1aIYRscAor0kNRXI,Aesthetic Preserve Contour & Wellness Center,5.0,12,Health and beauty shop,"Inside Salons by JC, 4938 S Staples St C09 Suite 29, Corpus Christi, TX 78411, United States","V95F+43 Calallen, Corpus Christi, TX, USA",,+1 361-208-2854,Open · Closes 7 pm,Identifies as Latino-owned,https://streetviewpixels-pa.googleapis.com/v1/thumbnail?panoid=tfy6gTeW1K2f-UYht-O8Aw&cb_client=search.gws-prod.gps&w=408&h=240&yaw=280.37854&pitch=0&thumbfov=100,false,7 am–7 pm,7 am–7 pm,7 am–7 pm,7 am–7 pm,10 am–5 pm,Closed,7 am–7 pm,"https://www.google.com/maps/search/vein+clinics+in+Calallen+Corpus+Christi+TX/@27.8559476,-97.6301311,14z",2025-12-16T22:04:10.954Z,,· Delivery
https://www.google.com/maps/place/Quest+Diagnostics/data=!4m7!3m6!1s0x86687ae2d96e07b3:0x9428366ad5d4368c!8m2!3d27.8561067!4d-97.6427563!16s%2Fg%2F1xg5t31c!19sChIJswdu2eJ6aIYRjDbU1Wo2KJQ,Quest Diagnostics,3.7,85,Medical laboratory,"14101 Northwest Blvd Ste 113, Corpus Christi, TX 78410, United States","V944+CV Calallen, Corpus Christi, TX, USA",https://locations.questdiagnostics.com/tx/corpus-christi/14101-northwest-blvd,+1 361-387-5030,Closed · Opens 6:30 am Wed,,https://lh3.googleusercontent.com/p/AF1QipP4tzL6Mzy3JdSYnS5_6ff3zyJTiq92GemIuAvd=w426-h240-k-no,true,6:30 am–3:30 pm,6:30 am–3:30 pm,6:30 am–3:30 pm,6:30 am–3:30 pm,Closed,Closed,6:30 am–3:30 pm,"https://www.google.com/maps/search/vein+clinics+in+Calallen+Corpus+Christi+TX/@27.8559476,-97.6301311,14z",2025-12-16T22:04:16.000Z,,
"https://www.google.com/maps/place/Dr.+J+J+Carr,+MD/data=!4m7!3m6!1s0x86687ae012c4b437:0xab2a2bc1a30b74ff!8m2!3d27.8587832!4d-97.6495487!16s%2Fg%2F1tgcyh8n!19sChIJN7TEEuB6aIYR_3QLo8ErKqs","Dr. J J Carr, MD",3.3,21,Family practice physician,"4030 River Hill Dr, Corpus Christi, TX 78410, United States","V952+G5 Calallen, Corpus Christi, TX, USA",https://calallenmedicalclinic.com/j-j-carr-md/,+1 361-767-0303,Closes soon · 5 pm · Opens 8 am Wed,,https://lh3.googleusercontent.com/gps-cs-s/AG0ilSwZtI4q8KfiznjHE0GdPQtoOzl-lZLuYhJwdwWetH5Qbma_Gpp5Z19PI84YRgHcJpoBQz0XmU25YOUa_vIfom64NbJ6H6uJJxh4bQhBNlKreq6c2vizLINTF1XgDsnbX5i1_NAjgw=w408-h272-k-no,true,8 am–5 pm,8 am–5 pm,8 am–5 pm,8 am–5 pm,Closed,Closed,8 am–5 pm,"https://www.google.com/maps/search/vein+clinics+in+Calallen+Corpus+Christi+TX/@27.8559476,-97.6301311,14z",2025-12-16T22:04:20.891Z,,
https://www.google.com/maps/place/Aesthetic+world+%26+Med+Spa/data=!4m7!3m6!1s0x86687b5f5eab184f:0x3a4a00f1100da86!8m2!3d27.8582079!4d-97.626913!16s%2Fg%2F11lzd7vfvv!19sChIJTxirXl97aIYRhtoAEQ-gpAM,Aesthetic world & Med Spa,,,Medical spa,"13330 Leopard St #34, Corpus Christi, TX 78410, United States","V95F+76 Calallen, Corpus Christi, TX, USA",http://jennjects.com/,+1 361-356-7366,Closed · Opens 11 am Wed,,https://streetviewpixels-pa.googleapis.com/v1/thumbnail?panoid=VPZDJF6rh2n5w00EO_aMhA&cb_client=search.gws-prod.gps&w=408&h=240&yaw=55.31368&pitch=0&thumbfov=100,true,11 am–3 pm,11 am–3 pm,11 am–3 pm,11 am–3 pm,Closed,Closed,Closed,"https://www.google.com/maps/search/vein+clinics+in+Calallen+Corpus+Christi+TX/@27.8559476,-97.6301311,14z",2025-12-16T22:04:25.752Z,,
"https://www.google.com/maps/place/Dr.+Lana+B+Carr,+MD/data=!4m7!3m6!1s0x86687ae012c4b437:0xf669b8950d0a9305!8m2!3d27.8587871!4d-97.6495861!16s%2Fg%2F1tn01npc!19sChIJN7TEEuB6aIYRBZMKDZW4afY","Dr. Lana B Carr, MD",4.0,4,Internist,"4030 River Hill Dr, Corpus Christi, TX 78410, United States","V952+G5 Calallen, Corpus Christi, TX, USA",http://calallenmedicalclinic.com/,+1 361-767-0303,,,https://lh3.googleusercontent.com/gps-cs-s/AG0ilSzHcD2hnIR3CbI-wGjaMogV_fl4a2EBzSl0adreQk7CquYkmc6pgmuOA2MYeI239Z53f2ol30HwYF3l2hdZyfCRmdFIllocXk5EdYj_NvDJicG-TDAmnVTYWZwuhcD7Vh2AVGI=w408-h272-k-no,false,,,,,,,,"https://www.google.com/maps/search/vein+clinics+in+Calallen+Corpus+Christi+TX/@27.8559476,-97.6301311,14z",2025-12-16T22:04:28.493Z,,
https://www.google.com/maps/place/Center+for+Medical+Weight+Loss/data=!4m7!3m6!1s0x86687b1fd5eb0c33:0x339daca2a1056f6c!8m2!3d27.8547656!4d-97.6355623!16s%2Fg%2F1hfr34p4j!19sChIJMwzr1R97aIYRbG8FoaKsnTM,Center for Medical Weight Loss,,,Weight loss service,"13725 Northwest Blvd #110, Corpus Christi, TX 78410, United States","V937+WQ Calallen, Corpus Christi, TX, USA",,+1 361-400-5414,,,https://streetviewpixels-pa.googleapis.com/v1/thumbnail?panoid=ucprvPk18QsKIC-zYuq0cA&cb_client=search.gws-prod.gps&w=408&h=240&yaw=7.318389&pitch=0&thumbfov=100,true,,,,,,,,"https://www.google.com/maps/search/vein+clinics+in+Calallen+Corpus+Christi+TX/@27.8559476,-97.6301311,14z",2025-12-16T22:04:31.222Z,,
https://www.google.com/maps/place/Corpus+Christi+Medical+Center:+Emergency+Room/data=!4m7!3m6!1s0x86687b1fd5eb0c31:0xfcdb67c885d6230e!8m2!3d27.8546749!4d-97.6356001!16s%2Fg%2F11c3yr7fnz!19sChIJMQzr1R97aIYRDiPWhchn2_w,Corpus Christi Medical Center: Emergency Room,2.1,54,Emergency room,"13725 Northwest Blvd, Corpus Christi, TX 78410, United States","V937+VQ Calallen, Corpus Christi, TX, USA",http://www.ccmedicalcenter.com/service/emergency-room-er,+1 361-761-1000,Open 24 hours,,https://lh3.googleusercontent.com/gps-cs-s/AG0ilSza9qT0vsEkbXFV76djBmU08vfu6Sk5n_71yOLsBd3_bgWTMTvLRUfC73GztCBnDN-5nO9NLuGcBgGDLLpLdbK9I7FEbF7Y9P3NcAib1sUUxZbGnQ4j9M26YBqf6XJYX4JCOKc=w408-h306-k-no,false,Open 24 hours,Open 24 hours,Open 24 hours,Open 24 hours,Open 24 hours,Open 24 hours,Open 24 hours,"https://www.google.com/maps/search/vein+clinics+in+Calallen+Corpus+Christi+TX/@27.8559476,-97.6301311,14z",2025-12-16T22:04:36.372Z,,
https://www.google.com/maps/place/Oceana+Luxe/data=!4m7!3m6!1s0x8668f5dfcb9a97ef:0xb03c8206bd095885!8m2!3d27.7015544!4d-97.3812365!16s%2Fg%2F11lnqyykhc!19sChIJ75eay9_1aIYRhVgJvQaCPLA,Oceana Luxe,4.9,577,Medical spa,"5242 Holly Rd, Corpus Christi, TX 78411, United States","PJ29+JG South Side, Corpus Christi, TX, USA",https://oceanaluxemedspa.com/,+1 361-994-7500,"Open · Closes 7 pm

Updated by this business 7 weeks ago",,https://lh3.googleusercontent.com/gps-cs-s/AG0ilSydHttUXDA-yOq72u8GPeVccD6T9Fm_eRDhL_P2oghsn5rnhDY7WKqQXLPKd4PJsQQmoiEyO5Rrb25WJuBNMZoU4iUM_GoRBBUylCsRHwowxiBFaPt1XT6Kuf4r51Zl3lVuwa1TWQ=w408-h272-k-no,true,9 am–7 pm,"9–11:30 am, 1:30–7 pm",9 am–7 pm,10 am–7 pm,9 am–3 pm,Closed,9 am–5 pm,"https://www.google.com/maps/search/vein+clinics+in+Calallen+Corpus+Christi+TX/@27.8559476,-97.6301311,14z",2025-12-16T22:04:41.306Z,,
https://www.google.com/maps/place/Dialysis+Access+Center+%E2%80%93+Corpus+Christi/data=!4m7!3m6!1s0x8668f5b4a1a49eef:0xc3bcb06af51879a7!8m2!3d27.678148!4d-97.3872499!16s%2Fg%2F1tgtfy6f!19sChIJ756kobT1aIYRp3kY9WqwvMM,Dialysis Access Center – Corpus Christi,4.8,20,Medical Center,"5617 Timbergate Dr Suite 100, Corpus Christi, TX 78414, United States","MJH7+74 South Side, Corpus Christi, TX, USA",https://www.azuravascularcare.com/center/dialysis-access-center-corpus-christi/?utm_source=local&utm_medium=organic&utm_campaign=gmb-center-listing&utm_content=website&y_source=1_MzI4MzA2Ni03MTUtbG9jYXRpb24ud2Vic2l0ZQ%3D%3D,+1 361-880-8322,"Closed · Opens 7 am Wed

Confirmed by this business 5 weeks ago",,https://lh3.googleusercontent.com/p/AF1QipM-h1vlZW_7PDJsooyy1mo4MY4efo2cd75S1yMV=w427-h240-k-no,true,7 am–4 pm,7 am–4 pm,7 am–4 pm,7 am–4 pm,Closed,Closed,7 am–4 pm,"https://www.google.com/maps/search/vein+clinics+in+Calallen+Corpus+Christi+TX/@27.8559476,-97.6301311,14z",2025-12-16T22:04:46.314Z,,
,,,,,,,,,,,,,,,,,,,,"https://www.google.com/maps/search/vein+clinics+in+Odem+Corpus+Christi+TX/@27.7365994,-97.4121356,14z",2025-12-16T22:05:11.005Z,No new results found,
https://www.google.com/maps/place/Halcyon+Med+Spa/data=!4m7!3m6!1s0x86685faaac7e2415:0x12d6999cbe9a14e4!8m2!3d27.6750809!4d-97.3898255!16s%2Fg%2F11b7fdkpjd!19sChIJFSR-rKpfaIYR5BSavpyZ1hI,Halcyon Med Spa,4.8,239,Medical spa,"7002 S Staples St Suite 107, Corpus Christi, TX 78413, United States","MJG6+23 South Side, Corpus Christi, TX, USA",http://www.halcyonmedspa.com/,+1 361-452-2637,Closes soon · 5 pm · Opens 9 am Wed,,https://lh3.googleusercontent.com/p/AF1QipNBghbId4QFCbAZiD351JVEfkQEDCx0W1BX8obO=w408-h305-k-no,true,9 am–5 pm,9 am–5 pm,9 am–5 pm,9 am–5 pm,10 am–2 pm,Closed,9 am–5 pm,"https://www.google.com/maps/search/vein+clinics+in+Sinton+Corpus+Christi+TX/@28.0366818,-97.5091611,14z",2025-12-16T22:05:29.159Z,,
https://www.google.com/maps/place/Steele+Steven+J+MD/data=!4m7!3m6!1s0x86685f0c8107e251:0x4d43e838bb71e260!8m2!3d27.779649!4d-97.3965963!16s%2Fg%2F1tdkh253!19sChIJUeIHgQxfaIYRYOJxuzjoQ00,Steele Steven J MD,4.3,9,Vascular surgeon,"1224 3rd St #4, Corpus Christi, TX 78404, United States","QJH3+V9 Central City, Corpus Christi, TX, USA",,+1 361-851-0110,,,https://streetviewpixels-pa.googleapis.com/v1/thumbnail?panoid=NB2Dn9s53YvsJp3r3nJmwA&cb_client=search.gws-prod.gps&w=408&h=240&yaw=68.37451&pitch=0&thumbfov=100,false,,,,,,,,"https://www.google.com/maps/search/vein+clinics+in+Taft+Corpus+Christi+TX/@27.7964047,-97.4029944,14z",2025-12-16T22:05:52.447Z,,
,,,,,,,,,,,,,,,,,,,,"https://www.google.com/maps/search/vein+clinics+in+Mathis+Corpus+Christi+TX/@27.7964047,-97.4029944,14z",2025-12-16T22:06:28.914Z,No new results found,
https://www.google.com/maps/place/Refugio+County+Memorial+Hospital/data=!4m7!3m6!1s0x86682545b6066c2f:0xf96db5a5b156ad6c!8m2!3d28.3067635!4d-97.2799068!16s%2Fm%2F04g3c16!19sChIJL2wGtkUlaIYRbK1WsaW1bfk,Refugio County Memorial Hospital,3.1,14,General hospital,"107 Swift St, Refugio, TX 78377, United States","8P4C+P2 Refugio, Texas, USA",http://www.refugiohospital.com/,+1 361-526-2321,,,https://lh3.googleusercontent.com/gps-cs-s/AG0ilSz65uAA2bHSJ9TlTEbg57r_T751RzNCwAj9C_BnIQQsJATTXhOXNRK8uyQ-LGg8nBYZiL_cdcJQWIilcZRdaMhgt4G1s6ZhiZtzk-V8LurAA3lKryiRTY1n59_y5aeemNAzS2R_=w408-h725-k-no,false,,,,,,,,"https://www.google.com/maps/search/vein+clinics+in+Refugio+Corpus+Christi+TX/@27.7964047,-97.4029944,14z",2025-12-16T22:06:56.523Z,,
https://www.google.com/maps/place/Arthritis+Care+of+Texas/data=!4m7!3m6!1s0x86685ff37aa33be5:0x763f0f25f8cd8cb3!8m2!3d27.748233!4d-97.4188828!16s%2Fg%2F11hbg91lrf!19sChIJ5TujevNfaIYRs4zN-CUPP3Y,Arthritis Care of Texas,4.8,155,Medical clinic,"4302 Ayers St, Corpus Christi, TX 78415, United States","PHXJ+7C Central City, Corpus Christi, TX, USA",http://www.aoccb.com/,+1 361-400-7700,"Closes soon · 5 pm · Opens 8 am Wed

Updated by this business 2 weeks ago",,https://streetviewpixels-pa.googleapis.com/v1/thumbnail?panoid=uEHhVIZTGOto5XxdHt54Xw&cb_client=search.gws-prod.gps&w=408&h=240&yaw=215.03831&pitch=0&thumbfov=100,true,8 am–5 pm,8 am–5 pm,8 am–5 pm,8 am–5 pm,Closed,Closed,8 am–5 pm,"https://www.google.com/maps/search/vein+clinics+in+Refugio+Corpus+Christi+TX/@27.7964047,-97.4029944,14z",2025-12-16T22:07:01.452Z,,
,,,,,,,,,,,,,,,,,,,,"https://www.google.com/maps/search/vein+clinics+in+Sandia+Corpus+Christi+TX/@27.7964047,-97.4029944,14z",2025-12-16T22:07:21.645Z,No new results found,
https://www.google.com/maps/place/Neuroendovascular+Associates+of+Corpus+Christi/data=!4m7!3m6!1s0x86685f2dd8e53d85:0xeb3f9ab392f968f5!8m2!3d27.7521119!4d-97.3897482!16s%2Fg%2F11h51yvg28!19sChIJhT3l2C1faIYR9Wj5krOaP-s,Neuroendovascular Associates of Corpus Christi,4.6,43,Surgical center,"3240 Ft Worth St Suite 104, Corpus Christi, TX 78411, United States","QJ26+R4 Bay Area, Corpus Christi, TX, USA",https://neuroendovascularcc.com/?utm_campaign=corp_listings_mgmt&utm_source=google&utm_medium=business_listing,+1 361-857-5556,Closes soon · 5 pm · Opens 8 am Wed,,https://lh3.googleusercontent.com/p/AF1QipN-rk6mg2VIrYF1Rb6uN3l_y7enm3f2-8ZGVxmE=w427-h240-k-no,true,8 am–5 pm,8 am–5 pm,8 am–5 pm,8 am–12 pm,Closed,Closed,8 am–5 pm,"https://www.google.com/maps/search/vein+clinics+in+Skidmore+Corpus+Christi+TX/@27.7964047,-97.4029944,14z",2025-12-16T22:07:51.913Z,,
,,,,,,,,,,,,,,,,,,,,"https://www.google.com/maps/search/vein+clinics+in+Bishop+Corpus+Christi+TX/@27.7205845,-97.3810883,14z",2025-12-16T22:08:11.818Z,No new results found,
https://www.google.com/maps/place/Advanced+Lymphedema+Specialists/data=!4m7!3m6!1s0x86685ff716200eef:0xc2b0b88f932c3d5d!8m2!3d27.7818349!4d-97.3990489!16s%2Fg%2F11sd9qvg2c!19sChIJ7w4gFvdfaIYRXT0sk4-4sMI,Advanced Lymphedema Specialists,5.0,1,Lymph drainage therapist,"1015B Santa Fe St, Corpus Christi, TX 78404, United States","QJJ2+P9 Central City, Corpus Christi, TX, USA",,+1 361-333-5472,Closes soon · 5 pm · Opens 8 am Wed,,https://streetviewpixels-pa.googleapis.com/v1/thumbnail?panoid=tr75nKa3loqQPqzR0Eya2A&cb_client=search.gws-prod.gps&w=408&h=240&yaw=270.67065&pitch=0&thumbfov=100,true,8 am–5 pm,8 am–5 pm,8 am–5 pm,8 am–5 pm,Closed,Closed,8 am–5 pm,"https://www.google.com/maps/search/vein+clinics+in+Live+Oak+Corpus+Christi+TX/@27.8016282,-97.4363759,14z",2025-12-16T22:08:41.780Z,,
,,,,,,,,,,,,,,,,,,,,"https://www.google.com/maps/search/vein+clinics+in+Nueces+Corpus+Christi+TX/@27.7964047,-97.4029944,14z",2025-12-16T22:09:07.506Z,No new results found,