placeUrl,title,rating,reviewCount,category,address,plusCode,website,phoneNumber,currentStatus,imgUrl,isClaimed,friday,saturday,sunday,monday,tuesday,wednesday,thursday,query,timestamp,info,attributes,error
https://www.google.com/maps/place/Hub+City+Overhead+Doors+a+division+of+DuraServ/data=!4m7!3m6!1s0x866860e793ac07d9:0xae096d6e21da0087!8m2!3d27.808719!4d-97.510314!16s%2Fg%2F1v41_x33!19sChIJ2Qesk-dgaIYRhwDaIW5tCa4,Hub City Overhead Doors a division of DuraServ,4.4,23,Garage door supplier,"1402 Cathead Rd, Corpus Christi, TX 78409, United States","RF5Q+FV Northwest Corpus Christi, Corpus Christi, TX, USA",https://www.hubcitydoors.com/,+1 361-289-7083,Closed ⋅ Opens 7 am Mon,https://lh3.googleusercontent.com/gps-cs-s/AG0ilSwun6OCXlDt0005f5W28NrDSfvcOHOqvCNhbTMSc6m0prUsloSMXPMJQnjPC-uddAxUGUXtbDBynQC19xqPcMCB7-i9tur5Y7nQMQRd4-SS8UjlWK8_WT2r83FhFeeUyuXRUgj0eQ=w408-h544-k-no,true,7 am–4 pm,Closed,Closed,7 am–4 pm,7 am–4 pm,7 am–4 pm,7 am–4 pm,"https://www.google.com/maps/search/garage+door+services+in+Corpus+Christi+Corpus+Christi+TX/@27.7964047,-97.4029944,14z",2025-11-07T22:45:22.262Z,,,
https://www.google.com/maps/place/Precision+Garage+Door+Service+of+Corpus+Christi/data=!4m7!3m6!1s0x8668615e518063c7:0xf4f3d8dba532a867!8m2!3d27.7449922!4d-97.4504792!16s%2Fg%2F11wvm82kvm!19sChIJx2OAUV5haIYRZ6gypdvY8_Q,Precision Garage Door Service of Corpus Christi,5.0,105,Garage door supplier,"1117 Hendricks St Suite 126, Corpus Christi, TX 78417, United States","PGVX+XR South Side, Corpus Christi, TX, USA",https://precisiondoorcorpuschristi.com/?utm_source=gmb&utm_medium=location_corpuschristi&utm_campaign=website,+1 361-332-4856,Open ⋅ Closes 10 pm,https://lh3.googleusercontent.com/p/AF1QipM0tRYGClL2_R35VMmyT-uvNfxk2eaKND0G2Q7Q=w408-h325-k-no,true,6 am–10 pm,6 am–10 pm,6 am–10 pm,6 am–10 pm,6 am–10 pm,6 am–10 pm,6 am–10 pm,"https://www.google.com/maps/search/garage+door+services+in+Corpus+Christi+Corpus+Christi+TX/@27.7964047,-97.4029944,14z",2025-11-07T22:45:27.472Z,,,
https://www.google.com/maps/place/Texas+Overhead+Door/data=!4m7!3m6!1s0x8668646cf923f3ab:0x3a41e501123dd3a8!8m2!3d27.826739!4d-97.5489097!16s%2Fg%2F1tsyq6gk!19sChIJq_Mj-WxkaIYRqNM9EgHlQTo,Texas Overhead Door,4.8,135,Garage door supplier,"9414 Leopard St, Corpus Christi, TX 78410, United States","RFG2+MC Northwest Corpus Christi, Corpus Christi, TX, USA",http://www.txoverheaddoor.com/,+1 361-241-1717,Closes soon ⋅ 5 pm ⋅ Opens 8 am Mon,https://lh3.googleusercontent.com/gps-cs-s/AG0ilSyFGeuAQHNBy_vq4FlWmysHvo0iPGmREEouE4O0OdGvD3M1_jpXMBV7YKnT8rWAqrqVrDWJO1313h8M6K3A5zB6lIUByIGmLAV6fpUOuWLsQA68wxio-YcEFZ6prPsuU3PtkaHU=w408-h306-k-no,true,8 am–5 pm,Closed,Closed,8 am–5 pm,8 am–5 pm,8 am–5 pm,8 am–5 pm,"https://www.google.com/maps/search/garage+door+services+in+Corpus+Christi+Corpus+Christi+TX/@27.7964047,-97.4029944,14z",2025-11-07T22:45:32.901Z,,,
https://www.google.com/maps/place/Coastal+Bend+Garage+Doors/data=!4m7!3m6!1s0x86685f91c8eed1e1:0xfb7825a865249b5!8m2!3d27.6973122!4d-97.3581427!16s%2Fg%2F11bzwrkrbq!19sChIJ4dHuyJFfaIYRtUlShlqCtw8,Coastal Bend Garage Doors,4.7,43,Garage door supplier,,,,+1 361-461-0960,Open 24 hours,https://lh3.googleusercontent.com/p/AF1QipO22gfOU3XcUMAxdvl69PrMIK6Rd0pqsgccc-SQ=w408-h391-k-no,true,Open 24 hours,Open 24 hours,Open 24 hours,Open 24 hours,Open 24 hours,Open 24 hours,Open 24 hours,"https://www.google.com/maps/search/garage+door+services+in+Corpus+Christi+Corpus+Christi+TX/@27.7964047,-97.4029944,14z",2025-11-07T22:45:37.640Z,,,
https://www.google.com/maps/place/Industrial+Overhead+Door/data=!4m7!3m6!1s0x8668f581241be349:0x53082bf7a07f0fe2!8m2!3d27.6976017!4d-97.4183428!16s%2Fg%2F11j026z3_z!19sChIJSeMbJIH1aIYR4g9_oPcrCFM,Industrial Overhead Door,4.0,29,Garage door supplier,"3790 Wow Rd, Corpus Christi, TX 78413, United States","MHXJ+2M South Side, Corpus Christi, TX, USA",http://corpuschristigaragedoor.com/,+1 361-986-0379,Closes soon ⋅ 5 pm ⋅ Opens 8 am Mon,https://lh3.googleusercontent.com/p/AF1QipPzv8jA8ZfaAFVJowVzcWBXMY7CDO1WKaME0iyJ=w408-h508-k-no,true,8 am–5 pm,Closed,Closed,8 am–5 pm,8 am–5 pm,8 am–5 pm,8 am–5 pm,"https://www.google.com/maps/search/garage+door+services+in+Corpus+Christi+Corpus+Christi+TX/@27.7964047,-97.4029944,14z",2025-11-07T22:45:42.698Z,,,
https://www.google.com/maps/place/All+Doors+and+More/data=!4m7!3m6!1s0x86686bfaf60300c5:0x37f01c3766fa7078!8m2!3d27.6582294!4d-97.378633!16s%2Fg%2F1q69n6rpx!19sChIJxQAD9vpraIYReHD6Zjcc8Dc,All Doors and More,4.8,112,Garage door supplier,"6630 Yorktown Blvd, Corpus Christi, TX 78414, United States","MJ5C+7G South Side, Corpus Christi, TX, USA",https://www.alldoorsandmorellc.com/,+1 361-249-2895,Closes soon ⋅ 5 pm ⋅ Opens 8 am Mon,https://lh3.googleusercontent.com/p/AF1QipPeUs6mak1qUqNsffQMOhSgzmAkIaBzZnrm5Xx1=w426-h240-k-no,true,8 am–5 pm,Closed,Closed,8 am–5 pm,8 am–5 pm,8 am–5 pm,8 am–5 pm,"https://www.google.com/maps/search/garage+door+services+in+Corpus+Christi+Corpus+Christi+TX/@27.7964047,-97.4029944,14z",2025-11-07T22:45:47.803Z,,,
https://www.google.com/maps/place/Primary+Garage+Door+Service/data=!4m7!3m6!1s0x87a73216df6d9c55:0x98f6d28001edd8c8!8m2!3d27.7642544!4d-97.512967!16s%2Fg%2F11krbsz7yk!19sChIJVZxt3xYyp4cRyNjtAYDS9pg,Primary Garage Door Service,4.9,131,Garage door supplier,,,https://primarygaragedoor.com/corpus-christi/,+1 361-226-8916,Open 24 hours,https://lh3.googleusercontent.com/gps-cs-s/AG0ilSybHzf8lqDp-TCUs4uru54XeLm_fYjyIgyAXQ_lmBaKhikQ14I0BLAp6ImYOI9HfNXffopuLwVMt2g0nZJOUjJ3Ri8tb5Ffy62q_kBoboNwadQP8u_DziXSP2LmNQWOZZgiLX31=w408-h306-k-no,true,Open 24 hours,Open 24 hours,Open 24 hours,Open 24 hours,Open 24 hours,Open 24 hours,Open 24 hours,"https://www.google.com/maps/search/garage+door+services+in+Corpus+Christi+Corpus+Christi+TX/@27.7964047,-97.4029944,14z",2025-11-07T22:45:52.304Z,LGBTQ+ friendly,,
https://www.google.com/maps/place/Overhead+Door+Company+Coastal+Plains/data=!4m7!3m6!1s0x86688aaf014cebbd:0xdb93777b79b0afbc!8m2!3d27.7157339!4d-97.4480889!16s%2Fg%2F1hm5y1wwk!19sChIJvetMAa-KaIYRvK-weXt3k9s,Overhead Door Company Coastal Plains,3.5,8,Garage door supplier,"1959 Saratoga Blvd #24, Corpus Christi, TX 78417, United States","PH82+7Q South Side, Corpus Christi, TX, USA",,+1 361-826-0672,Closes soon ⋅ 5 pm ⋅ Opens 8 am Mon,https://streetviewpixels-pa.googleapis.com/v1/thumbnail?panoid=7hjvAYzVIs9YXyqqAi6vIw&cb_client=search.gws-prod.gps&w=408&h=240&yaw=113.26646&pitch=0&thumbfov=100,true,8 am–5 pm,Closed,Closed,8 am–5 pm,8 am–5 pm,8 am–5 pm,8 am–5 pm,"https://www.google.com/maps/search/garage+door+services+in+Corpus+Christi+Corpus+Christi+TX/@27.7964047,-97.4029944,14z",2025-11-07T22:45:57.118Z,,,
"https://www.google.com/maps/place/Chapman%27s+Garage+Doors,+Inc./data=!4m7!3m6!1s0x8668f53ff72eef61:0x32d991dd2596e4a!8m2!3d27.7023385!4d-97.4174844!16s%2Fg%2F1tgz1094!19sChIJYe8u9z_1aIYRSm5Z0h2ZLQM","Chapman's Garage Doors, Inc.",3.3,12,Garage door supplier,"3702 Saratoga Blvd, Corpus Christi, TX 78415, United States","PH2M+W2 South Side, Corpus Christi, TX, USA",http://www.ohedco.com/,+1 361-852-7236,Closes soon ⋅ 5 pm ⋅ Opens 9 am Mon,https://streetviewpixels-pa.googleapis.com/v1/thumbnail?panoid=KgUCY5L2UCYYnZ7Pl2iomQ&cb_client=search.gws-prod.gps&w=408&h=240&yaw=56.077858&pitch=0&thumbfov=100,false,9 am–5 pm,Closed,Closed,9 am–5 pm,9 am–5 pm,9 am–5 pm,9 am–5 pm,"https://www.google.com/maps/search/garage+door+services+in+Corpus+Christi+Corpus+Christi+TX/@27.7964047,-97.4029944,14z",2025-11-07T22:46:01.736Z,,,
https://www.google.com/maps/place/Vortex+Doors/data=!4m7!3m6!1s0x86686185366f236d:0x8dce87514c283ad3!8m2!3d27.8004385!4d-97.4522704!16s%2Fg%2F11ltl59tdj!19sChIJbSNvNoVhaIYR0zooTFGHzo0,Vortex Doors,5.0,8,Door supplier,"802 Navigation Blvd #204, Corpus Christi, TX 78408, United States","RG2X+53 Central City, Corpus Christi, TX, USA",https://www.vortexdoors.com/service-centers/texas/corpus-christi-tx,+1 361-288-7335,Open ⋅ Closes 10 pm,https://lh3.googleusercontent.com/p/AF1QipPBc3OcYMn_MYeFxVfKtCLR8hqEYaLlU3uImdVi=w408-h306-k-no,true,7:30 am–10 pm,Closed,Closed,7:30 am–10 pm,7:30 am–10 pm,7:30 am–10 pm,7:30 am–10 pm,"https://www.google.com/maps/search/garage+door+services+in+Corpus+Christi+Corpus+Christi+TX/@27.7964047,-97.4029944,14z",2025-11-07T22:46:06.453Z,,,
https://www.google.com/maps/place/Industrial+Overhead+Door/data=!4m7!3m6!1s0x8668f5d272902c1b:0xe3ef91376d1bab9a!8m2!3d31.1689103!4d-100.0768425!16s%2Fg%2F1hd_t7pk0!19sChIJGyyQctL1aIYRmqsbbTeR7-M,Industrial Overhead Door,2.9,32,Garage door supplier,,,https://corpuschristigaragedoor.com/,+1 361-226-1448,Open 24 hours,https://lh3.googleusercontent.com/p/AF1QipPy5AWEeVGgDI5NqmdHEqvujDGIO5C4TXJomMb4=w408-h408-k-no,true,Open 24 hours,Open 24 hours,Open 24 hours,Open 24 hours,Open 24 hours,Open 24 hours,Open 24 hours,"https://www.google.com/maps/search/garage+door+services+in+Corpus+Christi+Corpus+Christi+TX/@27.7964047,-97.4029944,14z",2025-11-07T22:46:10.882Z,,,
https://www.google.com/maps/place/Corpus+Christi+Garage+Door+Pros/data=!4m7!3m6!1s0x8668f77da7efbf43:0x222cb64febac1046!8m2!3d27.6762245!4d-97.2984937!16s%2Fg%2F11fm3hm21n!19sChIJQ7_vp333aIYRRhCs60-2LCI,Corpus Christi Garage Door Pros,1.0,1,Garage door supplier,"9512 S Padre Island Dr Ste 101, Corpus Christi, TX 78418, United States","MPG2+FJ Flour Bluff, Corpus Christi, TX, USA",http://www.corpuschristigaragedoorpros.com/,+1 361-214-6545,Open ⋅ Closes 7 pm,https://lh3.googleusercontent.com/gps-cs-s/AG0ilSwcodIQ1qf4JXiGjgkqvyuS-t-kOqGAcNQrpA0UPNqvLIV4Wr3EZU6fOD1htcrJfEelpWKZEhmYNvKdOLoHoGn5rMGJYcDPSVk5Nc-o2KSEuKLi7AjBEonXtYsQyscYitQay5T0Qg=w408-h408-k-no,false,7 am–7 pm,7 am–7 pm,Closed,7 am–7 pm,7 am–7 pm,7 am–7 pm,7 am–7 pm,"https://www.google.com/maps/search/garage+door+services+in+Corpus+Christi+Corpus+Christi+TX/@27.7964047,-97.4029944,14z",2025-11-07T22:46:15.423Z,,,
https://www.google.com/maps/place/Seymour+Doors/data=!4m7!3m6!1s0x86685fa61713ab1d:0x66ff18379a6e8e5a!8m2!3d27.7612766!4d-97.3991654!16s%2Fg%2F1tfccm09!19sChIJHasTF6ZfaIYRWo5umjcY_2Y,Seymour Doors,4.8,10,Door supplier,"725 Ralston Ave, Corpus Christi, TX 78404, United States","QJ62+G8 Bay Area, Corpus Christi, TX, USA",,+1 361-851-2104,,https://lh3.googleusercontent.com/gps-cs-s/AG0ilSw0Yaa9UQsyZ-N9sNQ4l2OYikOykFyo9GUXSBKod9dYbHcMYu_Ygv755Z6Y-fN76CSPHZw1OJOTUNQ6mOBZzwoXg5zDU4_lDADcxAsQ_W1Jo8zeKI-zYLHTaXrc1c6nKNYNmThdow=w426-h240-k-no,false,,,,,,,,"https://www.google.com/maps/search/garage+door+services+in+Corpus+Christi+Corpus+Christi+TX/@27.7964047,-97.4029944,14z",2025-11-07T22:46:17.826Z,,,
https://www.google.com/maps/place/Corpus+Christi+Overhead/data=!4m7!3m6!1s0x8668f44c35a1acf5:0xc3c65bd6bffd0623!8m2!3d27.6973122!4d-97.3581427!16s%2Fg%2F12lv81dtz!19sChIJ9ayhNUz0aIYRIwb9v9ZbxsM,Corpus Christi Overhead,4.1,17,Garage door supplier,,,https://www.corpuschristigaragedoors.net/,+1 361-549-4279,Open 24 hours,https://lh3.googleusercontent.com/p/AF1QipOMBOKkY69Q3sXetxjxkbp8Ma7OFgvvmmMuVgcl=w408-h306-k-no,true,Open 24 hours,Open 24 hours,Open 24 hours,Open 24 hours,Open 24 hours,Open 24 hours,Open 24 hours,"https://www.google.com/maps/search/garage+door+services+in+Corpus+Christi+Corpus+Christi+TX/@27.7964047,-97.4029944,14z",2025-11-07T22:46:22.248Z,,,
"https://www.google.com/maps/place/Corpus+Christi+Overhead+Door+Company/@27.6973122,-97.3581427,10z/data=!3m1!4b1!4m6!3m5!1s0x8668f5bc0b526091:0x17981fea2426827!8m2!3d27.6973122!4d-97.3581427!16s%2Fg%2F11h7z1xbbw",Corpus Christi Overhead Door Company,3.4,5,Garage door supplier,,,https://www.corpuschristioverheaddoorcompany.com/,+1 361-463-0414,Open ⋅ Closes 7 pm,,true,8 am–7 pm,8 am–3 pm,Closed,8 am–7 pm,8 am–7 pm,8 am–7 pm,8 am–7 pm,"https://www.google.com/maps/search/garage+door+services+in+Corpus+Christi+Corpus+Christi+TX/@27.7964047,-97.4029944,14z",2025-11-07T22:46:28.727Z,,,
https://www.google.com/maps/place/Fix+N+Go+Garage+Door+Repair/data=!4m7!3m6!1s0x86685fbc3998177d:0xbdaae821445823cd!8m2!3d27.7436398!4d-97.4233062!16s%2Fg%2F11x732zhqc!19sChIJfReYObxfaIYRzSNYRCHoqr0,Fix N Go Garage Door Repair,5.0,43,Garage door supplier,"4531 Ayers St #101, Corpus Christi, TX 78415, United States","PHVG+FM Central City, Corpus Christi, TX, USA",https://www.fixngotx.net/garage-door-repair-corpus-christi-tx,+1 361-502-5256,Open 24 hours,https://lh3.googleusercontent.com/p/AF1QipNDMGMP0qsgJC5tlBwPRc-blnM_G1Cpef6P_P64=w408-h544-k-no,true,Open 24 hours,Open 24 hours,Open 24 hours,Open 24 hours,Open 24 hours,Open 24 hours,Open 24 hours,"https://www.google.com/maps/search/garage+door+services+in+Corpus+Christi+Corpus+Christi+TX/@27.7964047,-97.4029944,14z",2025-11-07T22:46:33.484Z,LGBTQ+ friendly,,
https://www.google.com/maps/place/Triple+A+Overhead+Doors/data=!4m7!3m6!1s0x8668f5904c7fb3e3:0xa6b6b73380c33d5e!8m2!3d27.7642544!4d-97.512967!16s%2Fg%2F11d_8dnj9k!19sChIJ47N_TJD1aIYRXj3DgDO3tqY,Triple A Overhead Doors,4.9,29,Garage door supplier,,,,+1 361-730-3395,Closes soon ⋅ 5 pm ⋅ Opens 9 am Sat,https://lh3.googleusercontent.com/p/AF1QipN0eNZ47ROAJRXgxA1xa_5eukQI2yrJPrs_DcnG=w408-h306-k-no,true,8 am–5 pm,9 am–5 pm,Closed,8 am–5 pm,8 am–5 pm,8 am–5 pm,8 am–5 pm,"https://www.google.com/maps/search/garage+door+services+in+Corpus+Christi+Corpus+Christi+TX/@27.7964047,-97.4029944,14z",2025-11-07T22:46:37.937Z,,,
https://www.google.com/maps/place/OGD+Overhead+Garage+Door/data=!4m7!3m6!1s0x866861f94f180147:0x77cdecf8c8149412!8m2!3d27.8034749!4d-97.4554591!16s%2Fg%2F11xt3sbwcs!19sChIJRwEYT_lhaIYREpQUyPjszXc,OGD Overhead Garage Door,,,Garage door supplier,"5233 I-37 Suite C19, Corpus Christi, TX 78408, United States","RG3V+9R Central City, Corpus Christi, TX, USA",https://ogd.com/tx/corpus-christi/?utm_source=gmb&utm_medium=organic&utm_campaign=ogd-crp-01&ogd_src=ogd-crp-01-google_business_profile,+1 361-600-9209,Open 24 hours,https://lh3.googleusercontent.com/p/AF1QipMqEeIAo53jSOHA4aujo96sbhpWEUEumV2FoWlh=w425-h240-k-no,true,Open 24 hours,Open 24 hours,Open 24 hours,Open 24 hours,Open 24 hours,Open 24 hours,Open 24 hours,"https://www.google.com/maps/search/garage+door+services+in+Corpus+Christi+Corpus+Christi+TX/@27.7964047,-97.4029944,14z",2025-11-07T22:46:42.677Z,Identifies as veteran-owned,,
https://www.google.com/maps/place/Garage+Door+Service+Masters/data=!4m7!3m6!1s0x866860a73843db29:0xfb94b765e4ce1a4b!8m2!3d27.7127786!4d-97.5359548!16s%2Fg%2F11fxdwwdrd!19sChIJKdtDOKdgaIYRSxrO5GW3lPs,Garage Door Service Masters,,,Garage door supplier,,,,+1 361-400-2750,Closes soon ⋅ 5 pm ⋅ Opens 8 am Mon,https://lh3.googleusercontent.com/p/AF1QipNLDL8n_uWeCaJYrxLzi7X2KDKBZ-eaTKexh-O9=w408-h271-k-no,true,8 am–5 pm,Closed,Closed,8 am–5 pm,8 am–5 pm,8 am–5 pm,8 am–5 pm,"https://www.google.com/maps/search/garage+door+services+in+Corpus+Christi+Corpus+Christi+TX/@27.7964047,-97.4029944,14z",2025-11-07T22:46:47.127Z,,,
https://www.google.com/maps/place/Max+Welding+%26+Garage+Doors/data=!4m7!3m6!1s0x28922d799c6ee3b:0x28ba10c962759f8a!8m2!3d27.6980366!4d-97.4293488!16s%2Fg%2F11wj6yxdsk!19sChIJO-7GmdciiQIRip91YskQuig,Max Welding & Garage Doors,5.0,3,Garage builder,,,https://maxwelding361.com/,+1 361-446-2552,Open 24 hours,https://lh3.googleusercontent.com/p/AF1QipMMBF953sOB-KxpnkiEkqvtNSKEmHcGSroCnAwe=w458-h240-k-no,true,Open 24 hours,Open 24 hours,Open 24 hours,Open 24 hours,Open 24 hours,Open 24 hours,Open 24 hours,"https://www.google.com/maps/search/garage+door+services+in+Corpus+Christi+Corpus+Christi+TX/@27.7964047,-97.4029944,14z",2025-11-07T22:46:51.583Z,,,
https://www.google.com/maps/place/Chavez+garage+doors/data=!4m7!3m6!1s0x8668f5a7f7c71deb:0xe2494c35c25e586d!8m2!3d27.7170636!4d-97.7986283!16s%2Fg%2F11ll1yjczr!19sChIJ6x3H96f1aIYRbVhewjVMSeI,Chavez garage doors,5.0,6,Garage door supplier,,,,+1 361-425-5213,Open 24 hours,https://lh3.googleusercontent.com/p/AF1QipPFCQyRSCvvjlyETWknMkMSO-kIiib9VwuuOzu-=w408-h544-k-no,true,Open 24 hours,Open 24 hours,Open 24 hours,Open 24 hours,Open 24 hours,Open 24 hours,Open 24 hours,"https://www.google.com/maps/search/garage+door+services+in+Corpus+Christi+Corpus+Christi+TX/@27.7964047,-97.4029944,14z",2025-11-07T22:46:55.965Z,,,
https://www.google.com/maps/place/Texas+Insulation/data=!4m7!3m6!1s0x86685e6bc82063ad:0x51d71095c8c822ed!8m2!3d27.8002427!4d-97.4124837!16s%2Fg%2F1tfr0w60!19sChIJrWMgyGteaIYR7SLIyJUQ11E,Texas Insulation,4.7,23,Insulation contractor,"1524 N Port Ave, Corpus Christi, TX 78401, United States","RH2Q+32 Central City, Corpus Christi, TX, USA",https://www.truteam.com/branches/tx/corpus-christi/168/,+1 361-882-2580,Closes soon ⋅ 5 pm ⋅ Opens 7 am Mon,https://streetviewpixels-pa.googleapis.com/v1/thumbnail?panoid=c03Oc8o6jnipAIO_GqLVVQ&cb_client=search.gws-prod.gps&w=408&h=240&yaw=124.64903&pitch=0&thumbfov=100,true,7 am–5 pm,Closed,Closed,7 am–5 pm,7 am–5 pm,7 am–5 pm,7 am–5 pm,"https://www.google.com/maps/search/garage+door+services+in+Corpus+Christi+Corpus+Christi+TX/@27.7964047,-97.4029944,14z",2025-11-07T22:47:00.467Z,,,
https://www.google.com/maps/place/Hale%27s+Service+Contractor/data=!4m7!3m6!1s0x86685c2967a25555:0x3c4b4e960615f7dd!8m2!3d27.6787838!4d-97.2904515!16s%2Fg%2F11g0k1g5tv!19sChIJVVWiZylcaIYR3fcVBpZOSzw,Hale's Service Contractor,5.0,1,Door supplier,"802 Behmann St, Corpus Christi, TX 78418, United States","MPH5+GR N.A.S., Corpus Christi, TX, USA",https://hscdoors.com/,+1 361-728-4586,Open 24 hours,https://lh3.googleusercontent.com/p/AF1QipPHKaBpFYpIJ1ohuuCMyn95bxvOVIZ36ClR_eDK=w408-h711-k-no,true,Open 24 hours,Open 24 hours,Open 24 hours,Open 24 hours,Open 24 hours,Open 24 hours,Open 24 hours,"https://www.google.com/maps/search/garage+door+services+in+Corpus+Christi+Corpus+Christi+TX/@27.7964047,-97.4029944,14z",2025-11-07T22:47:05.553Z,Identifies as veteran-owned,,
https://www.google.com/maps/place/ABC+Garage+Doors+%26+Openers/data=!4m7!3m6!1s0x8668f5ce017c4bef:0xf4898fdbaf03ea9e!8m2!3d27.694366!4d-97.5220405!16s%2Fg%2F11h5vbdpy9!19sChIJ70t8Ac71aIYRnuoDr9uPifQ,ABC Garage Doors & Openers,4.1,9,Garage door supplier,,,,+1 361-739-2296,Open ⋅ Closes 8 pm,https://lh3.googleusercontent.com/p/AF1QipODivLqdy8XgpUiI82sDpDuYMz3LW1yVsWmV62x=w408-h301-k-no,true,8 am–8 pm,8 am–8 pm,Closed,8 am–8 pm,8 am–8 pm,8 am–8 pm,8 am–8 pm,"https://www.google.com/maps/search/garage+door+services+in+Corpus+Christi+Corpus+Christi+TX/@27.7964047,-97.4029944,14z",2025-11-07T22:47:09.935Z,,,
https://www.google.com/maps/place/Rockport+Overhead+Door+Company/data=!4m7!3m6!1s0x86684d3990fd4bf3:0xbc4810e507083603!8m2!3d28.3639597!4d-96.910179!16s%2Fg%2F11g0gnrqjn!19sChIJ80v9kDlNaIYRAzYIB-UQSLw,Rockport Overhead Door Company,4.9,52,Garage door supplier,,,,+1 361-463-0414,Open ⋅ Closes 7 pm,https://lh3.googleusercontent.com/p/AF1QipOPCMt_EKc2mdFs_zHPpdvagzSHGAYe7guim2rf=w426-h240-k-no,true,7 am–7 pm,7 am–3 pm,Closed,7 am–7 pm,7 am–7 pm,7 am–7 pm,7 am–7 pm,"https://www.google.com/maps/search/garage+door+services+in+Port+Aransas+Corpus+Christi+TX/@27.8339158,-97.0610994,14z",2025-11-07T22:47:23.915Z,,,
https://www.google.com/maps/place/Ace+Hardware+Port+Aransas/data=!4m7!3m6!1s0x8669abf9a0f0c853:0xe998d9b965f5f91f!8m2!3d27.8245981!4d-97.0696381!16s%2Fg%2F11h5mwgvmq!19sChIJU8jwoPmraYYRH_n1ZbnZmOk,Ace Hardware Port Aransas,4.5,290,Hardware store,"1115 TX-361 a, Port Aransas, TX 78373, United States","RWFJ+R4 Port Aransas, Texas, USA",http://www.acehardware.com/store-details/17534?utm_source=google&utm_medium=local&utm_campaign=localmaps&utm_content=17534,+1 361-749-2004,Open ⋅ Closes 6 pm,https://lh3.googleusercontent.com/gps-cs-s/AG0ilSzBQFfq0wmX4PaqWSmQI7yRFJAirBkDrRTGMo2s9hlIU3qaDTKc0cHil0XYUPy748TPlUaUXV2Va6C8f_QzhUN1u7T6Qei3bYb7Sdw7R88TidsY9Tt8dtgt9OO2OlNigprOx0Cl=w426-h240-k-no,true,8 am–6 pm,8 am–6 pm,9 am–5 pm,8 am–6 pm,8 am–6 pm,8 am–6 pm,8 am–6 pm,"https://www.google.com/maps/search/garage+door+services+in+Port+Aransas+Corpus+Christi+TX/@27.8339158,-97.0610994,14z",2025-11-07T22:47:28.587Z,,"Hardware store stocking household tools, garden supplies, home decor & more. · In-store shopping · In-store pick-up",
https://www.google.com/maps/place/Mrs.+Woody%27s%2F+Bella+Bella+Boutique/data=!4m7!3m6!1s0x8669ab658b3b11d9:0x7780aa1e8f12735f!8m2!3d27.8304943!4d-97.0697455!16s%2Fg%2F1v7pyxqs!19sChIJ2RE7i2WraYYRX3MSjx6qgHc,Mrs. Woody's/ Bella Bella Boutique,4.3,252,Boutique,"422 W Avenue G, Port Aransas, TX 78373, United States","RWJJ+54 Port Aransas, Texas, USA",https://www.mrswoodyjrsauto.com/,+1 361-749-4290,Closes soon ⋅ 5 pm ⋅ Opens 8 am Mon,https://lh3.googleusercontent.com/p/AF1QipOxHJSP2TU7lO_ymg-4YXDTJc1OXo7KNaIj2uK4=w408-h541-k-no,true,8 am–5 pm,Closed,Closed,8 am–5 pm,8 am–5:30 pm,8 am–5 pm,8 am–5 pm,"https://www.google.com/maps/search/garage+door+services+in+Port+Aransas+Corpus+Christi+TX/@27.8339158,-97.0610994,14z",2025-11-07T22:47:33.396Z,Identifies as women-owned,· In-store shopping · In-store pick-up,
https://www.google.com/maps/place/Honey+Do+Services+%2F+Handyman%2F+Garage+Door+Service/data=!4m7!3m6!1s0x86684d98665e7bb1:0x418be8dd4a2528ed!8m2!3d28.1865242!4d-97.3269129!16s%2Fg%2F11ftwq8qtt!19sChIJsXteZphNaIYR7SglSt3oi0E,Honey Do Services / Handyman/ Garage Door Service,5.0,10,Pressure washing service,,,,+1 361-229-1428,Open 24 hours,https://lh3.googleusercontent.com/gps-cs-s/AG0ilSx9ZGB5HvKqbr_eGpdk-1r4dIVK4IMyERcJ339UcjtfdpApmipaztSchm4db1O4EAZDqY3cx9bOdd9Rf9Dqlk2ZYnd5Stx3rlQdDzQQRCzq9EGW3IsmbbKcHrwrR9dxrGgUe6EA=w408-h544-k-no,true,Open 24 hours,Open 24 hours,Open 24 hours,Open 24 hours,Open 24 hours,Open 24 hours,Open 24 hours,"https://www.google.com/maps/search/garage+door+services+in+Port+Aransas+Corpus+Christi+TX/@27.8339158,-97.0610994,14z",2025-11-07T22:47:44.467Z,,,
,,,,,,,,,,,,,,,,,,,"https://www.google.com/maps/search/garage+door+services+in+Rockport+Corpus+Christi+TX/@27.7964047,-97.4029944,14z",2025-11-07T22:48:00.933Z,,,No new results found
https://www.google.com/maps/place/Allan%27s+Overhead+Doors/data=!4m7!3m6!1s0x866625d1426e8ccd:0x89ba96ca8975e983!8m2!3d27.503256!4d-97.8623549!16s%2Fg%2F11bc8d383z!19sChIJzYxuQtElZoYRg-l1icqWuok,Allan's Overhead Doors,3.7,3,Garage door supplier,,,,+1 361-522-3667,Open 24 hours,https://lh3.googleusercontent.com/p/AF1QipNopBUS-v_eA8oNI8TJ3k6-qBbxCuKIAjlC-5qT=w408-h258-k-no,true,Open 24 hours,Open 24 hours,Open 24 hours,Open 24 hours,Open 24 hours,Open 24 hours,Open 24 hours,"https://www.google.com/maps/search/garage+door+services+in+Kingsville+Corpus+Christi+TX/@27.5158689,-97.856109,14z",2025-11-07T22:48:14.360Z,,,
https://www.google.com/maps/place/Alice+Overhead+Doors/data=!4m7!3m6!1s0x8667ca9783d20955:0x5f5551f351a088e9!8m2!3d27.7123947!4d-98.1228982!16s%2Fg%2F1tgwbb9n!19sChIJVQnSg5fKZ4YR6YigUfNRVV8,Alice Overhead Doors,4.0,7,Garage door supplier,"1519 FM 1554, Alice, TX 78332, United States","PV6G+XR Alice, Texas, USA",,+1 361-668-1900,Closes soon ⋅ 5 pm ⋅ Opens 9 am Sat,https://streetviewpixels-pa.googleapis.com/v1/thumbnail?panoid=S7JXB2ylxooCbrEuoAstFA&cb_client=search.gws-prod.gps&w=408&h=240&yaw=275.00082&pitch=0&thumbfov=100,false,8 am–5 pm,9 am–12 pm,Closed,8 am–5 pm,8 am–5 pm,8 am–5 pm,8 am–5 pm,"https://www.google.com/maps/search/garage+door+services+in+Kingsville+Corpus+Christi+TX/@27.5158689,-97.856109,14z",2025-11-07T22:48:25.387Z,,,
https://www.google.com/maps/place/Harbor+Freight/data=!4m7!3m6!1s0x866627631e49f409:0xd42620f3ddd8aa46!8m2!3d27.4959771!4d-97.8576862!16s%2Fg%2F11mv66jqdl!19sChIJCfRJHmMnZoYRRqrY3fMgJtQ,Harbor Freight,4.6,69,Hardware store,"2219 Brahma Blvd Suite 14, Kingsville, TX 78363, United States","F4WR+9W Kingsville, Texas, USA",https://www.harborfreight.com/storelocator/2219-s-brahma-blvd-14-kingsville-78363?number=3149,+1 361-355-9293,Open ⋅ Closes 8 pm,https://lh3.googleusercontent.com/gps-cs-s/AG0ilSzZ_0j5mLb9ttN5b_HyVQ-C8MQUxMaONcuUQ4KkrXx0FvAzT80Ure0uzJTMadCPVkPucpbWLWzHUoGhUggdMizbPdrYNqzttGDjaNn_T0Sk0wm0UO-JEQY6-ANhlEXCSjKB2tmp=w408-h303-k-no,true,8 am–8 pm,8 am–8 pm,9 am–6 pm,8 am–8 pm,8 am–8 pm,8 am–8 pm,8 am–8 pm,"https://www.google.com/maps/search/garage+door+services+in+Kingsville+Corpus+Christi+TX/@27.5158689,-97.856109,14z",2025-11-07T22:48:30.070Z,,"Retail chain carrying a wide range of tools, hardware & other products for the home, garden & car. · In-store pick-up",
https://www.google.com/maps/place/Howdy+Lock+%26+Key/data=!4m7!3m6!1s0x86662966c79cb73d:0xbc053b47237df379!8m2!3d27.694366!4d-97.5359548!16s%2Fg%2F11pwxz3lwc!19sChIJPbecx2YpZoYRefN9I0c7Bbw,Howdy Lock & Key,4.6,291,Locksmith,,,http://www.howdylocknkey.com/,+1 361-210-6354,Open ⋅ Closes 10 pm,https://lh3.googleusercontent.com/p/AF1QipOT0OrbsAomGCp-AjAL5zdN-touOsxf10PwSPhs=w408-h400-k-no,true,10 am–10 pm,10 am–10 pm,10 am–10 pm,10 am–10 pm,10 am–10 pm,10 am–10 pm,10 am–10 pm,"https://www.google.com/maps/search/garage+door+services+in+Kingsville+Corpus+Christi+TX/@27.5158689,-97.856109,14z",2025-11-07T22:48:34.722Z,,,
https://www.google.com/maps/place/Oak+Tree/data=!4m7!3m6!1s0x8666264585b0864d:0xf5c99dcf536ba993!8m2!3d27.4932668!4d-97.8410025!16s%2Fg%2F11b6c61jh0!19sChIJTYawhUUmZoYRk6lrU8-dyfU,Oak Tree,4.4,187,Apartment complex,"2511 Golf Course Rd, Kingsville, TX 78363, United States","F5V5+8H Kingsville, Texas, USA",https://www.oaktreekingsville.com/?utm_knock=gmb,+1 830-359-3128,Closes soon ⋅ 5:30 pm ⋅ Opens 10 am Sat,https://lh3.googleusercontent.com/p/AF1QipMQeNBIybb4prs54gDcC1JtvikOT_tPVGVZbsUw=w408-h272-k-no,true,9:30 am–5:30 pm,10 am–5 pm,Closed,9:30 am–5:30 pm,9:30 am–5:30 pm,9:30 am–5:30 pm,9:30 am–5:30 pm,"https://www.google.com/maps/search/garage+door+services+in+Kingsville+Corpus+Christi+TX/@27.5158689,-97.856109,14z",2025-11-07T22:48:39.248Z,,· Dogs allowed,
https://www.google.com/maps/place/Window+World+TX/data=!4m7!3m6!1s0x8668f5b8e394ffcb:0xed1ccd6367d07e8!8m2!3d27.7217494!4d-97.4177253!16s%2Fg%2F1tfmj7fx!19sChIJy_-U47j1aIYR6Ad9NtbM0Q4,Window World TX,4.8,297,Window installation service,"5511 Kostoryz Rd, Corpus Christi, TX 78415, United States","PHCJ+MW South Side, Corpus Christi, TX, USA",https://www.windowworldcc.com/?utm_source=google&utm_medium=organic&utm_campaign=gbp,+1 361-266-1088,Closes soon ⋅ 5 pm ⋅ Opens 8 am Mon,https://lh3.googleusercontent.com/p/AF1QipMoNAqfeY2bqH3tkciuF0GxHkoDM7YsEmPB726v=w426-h240-k-no,true,8 am–5 pm,Closed,Closed,8 am–5 pm,8 am–5 pm,8 am–5 pm,8 am–5 pm,"https://www.google.com/maps/search/garage+door+services+in+Kingsville+Corpus+Christi+TX/@27.5158689,-97.856109,14z",2025-11-07T22:48:45.225Z,Identifies as Latino-owned,,
https://www.google.com/maps/place/TRULY+FADED+Earl/data=!4m7!3m6!1s0x866627196296f1f9:0x189bd14bd99a7a2f!8m2!3d27.5161579!4d-97.8819387!16s%2Fg%2F11fwj3hnwp!19sChIJ-fGWYhknZoYRL3qa2UvRmxg,TRULY FADED Earl,4.8,123,Barber shop,"100 University Blvd Suite 102, Kingsville, TX 78363, United States","G489+F6 Kingsville, Texas, USA",http://book.thecut.co/trulyfadedearl,,Open ⋅ Closes 6 pm,https://lh3.googleusercontent.com/p/AF1QipOo6ew-wEEqsC2u_ETxOQc59gHvVidX-_P4Y0wF=w408-h725-k-no,true,10 am–6 pm,9 am–3 pm,Closed,Closed,10 am–6 pm,10 am–6 pm,10 am–6 pm,"https://www.google.com/maps/search/garage+door+services+in+Kingsville+Corpus+Christi+TX/@27.5158689,-97.856109,14z",2025-11-07T22:48:50.292Z,,,
https://www.google.com/maps/place/Lowe%27s+Home+Improvement/data=!4m7!3m6!1s0x86662615540c53ad:0x334ebbb42280fdf1!8m2!3d27.4935351!4d-97.8506488!16s%2Fg%2F1tm130m6!19sChIJrVMMVBUmZoYR8f2AIrS7TjM,Lowe's Home Improvement,4.2,902,Home improvement store,"1420 E General Cavazos Blvd, Kingsville, TX 78363, United States","F4VX+CP Kingsville, Texas, USA",https://www.lowes.com/store/TX-Kingsville/1763?cm_mmc=lod-_-c-_-lcl-_-awr-_-yxt-_-go-_-1763-_-na-_-0-_-0&y_source=1_MTE4MzIxOC03MTUtbG9jYXRpb24ud2Vic2l0ZQ%3D%3D,+1 361-246-1000,Open ⋅ Closes 9 pm,https://lh3.googleusercontent.com/p/AF1QipPkbpAfY3ZUzphN0O0V3jUxc2W08ohR87C63H-6=w408-h272-k-no,true,6 am–9 pm,6 am–9 pm,8 am–8 pm,6 am–9 pm,6 am–9 pm,6 am–9 pm,6 am–9 pm,"https://www.google.com/maps/search/garage+door+services+in+Kingsville+Corpus+Christi+TX/@27.5158689,-97.856109,14z",2025-11-07T22:48:55.065Z,,"Home improvement chain for appliances & gardening supplies, plus tools & hardware. · In-store shopping · In-store pick-up · Delivery",
https://www.google.com/maps/place/Hart%27s+Service+Contractor/data=!4m7!3m6!1s0x8668f70c43aa0e25:0x6098cae3b350663a!8m2!3d27.6787646!4d-97.2904946!16s%2Fg%2F1tdftkxx!19sChIJJQ6qQwz3aIYROmZQs-PKmGA,Hart's Service Contractor,4.0,4,Door supplier,"802 Behmann St, Corpus Christi, TX 78418, United States","MPH5+GR N.A.S., Corpus Christi, TX, USA",,+1 361-939-9090,,https://streetviewpixels-pa.googleapis.com/v1/thumbnail?panoid=Yf57z5deXLNEm-Y6aGET4g&cb_client=search.gws-prod.gps&w=408&h=240&yaw=311.95728&pitch=0&thumbfov=100,false,,,,,,,,"https://www.google.com/maps/search/garage+door+services+in+Kingsville+Corpus+Christi+TX/@27.5158689,-97.856109,14z",2025-11-07T22:48:58.574Z,,,
https://www.google.com/maps/place/Randolph+Door+%26+Lighting/data=!4m7!3m6!1s0x8668f5163a536a23:0x23e0192ea108ae7f!8m2!3d27.695172!4d-97.415639!16s%2Fg%2F1z44bp80j!19sChIJI2pTOhb1aIYRf64IoS4Z4CM,Randolph Door & Lighting,3.7,43,Lighting store,"6767 Weber Rd, Corpus Christi, TX 78415, United States","MHWM+3P South Side, Corpus Christi, TX, USA",https://randolphscc.com/,+1 361-852-4094,Closed ⋅ Opens 8 am Mon,https://lh3.googleusercontent.com/gps-cs-s/AG0ilSwRr6lGdSH9Gvd1wz39eUtOuFarveW23Lx2-pS4Au1mT9a9BXRld1JKWgu1DUwBPKqWznIXk2DiQLAMPlvNK_GLkXDyPUsXlW6uvp5ElZSASwVvcXpRjOvdMAT4zZ_-Ml7BzZyu=w445-h240-k-no,true,8 am–4 pm,Closed,Closed,8 am–4 pm,Closed,8 am–4 pm,8 am–4 pm,"https://www.google.com/maps/search/garage+door+services+in+Kingsville+Corpus+Christi+TX/@27.5158689,-97.856109,14z",2025-11-07T22:49:03.701Z,,· In-store shopping · Delivery,
https://www.google.com/maps/place/Grease+Monkey/data=!4m7!3m6!1s0x866853aab5b2e981:0xb6267a02fd380601!8m2!3d27.9111957!4d-97.1442337!16s%2Fg%2F11rgz_dq6m!19sChIJgemytapTaIYRAQY4_QJ6JrY,Grease Monkey,4.9,789,Auto repair shop,"336 W Cleveland Blvd, Aransas Pass, TX 78336, United States","WV64+F8 Aransas Pass, Texas, USA",https://www.greasemonkey.com/locations/tx/aransas-pass/336-w.-cleveland-blvd.,+1 361-758-5823,Open ⋅ Closes 7 pm,https://lh3.googleusercontent.com/p/AF1QipOcfP9jDG9reRKQjzTn-zksN2E2wRd3VGHmC41b=w564-h240-k-no,true,8 am–7 pm,8 am–6 pm,Closed,8 am–7 pm,8 am–7 pm,8 am–7 pm,8 am–7 pm,"https://www.google.com/maps/search/garage+door+services+in+Aransas+Pass+Corpus+Christi+TX/@27.909532,-97.1505561,14z",2025-11-07T22:49:18.272Z,,,
https://www.google.com/maps/place/Candlewood+Suites+Aransas+Pass+by+IHG/data=!4m7!3m6!1s0x866853e557b0a39b:0xe716602a8eb231c2!8m2!3d27.89959!4d-97.14283!16s%2Fg%2F11j0b_vmr6!19sChIJm6OwV-VTaIYRwjGyjipgFuc,Candlewood Suites Aransas Pass by IHG,4.5,191,,"501 E Goodnight Ave, Aransas Pass, TX 78336, United States","VVX4+RV Aransas Pass, Texas, USA",https://www.ihg.com/candlewood/hotels/us/en/aransas-pass/crpga/hoteldetail?cm_mmc=GoogleMaps-_-CW-_-US-_-CRPGA,+1 361-226-6873,,https://lh3.googleusercontent.com/p/AF1QipOIMeE0vyINxN8GL66P9XMbQU7ijdxRMZml6LCI=w408-h271-k-no,true,,,,,,,,"https://www.google.com/maps/search/garage+door+services+in+Aransas+Pass+Corpus+Christi+TX/@27.909532,-97.1505561,14z",2025-11-07T22:49:21.471Z,,,
https://www.google.com/maps/place/Microtel+Inn+%26+Suites+by+Wyndham+Aransas+Pass%2FCorpus+Christi/data=!4m7!3m6!1s0x8668525dad2670f1:0x7dea84c535e25854!8m2!3d27.9000006!4d-97.1433563!16s%2Fg%2F1vm_y9pm!19sChIJ8XAmrV1SaIYRVFjiNcWE6n0,Microtel Inn & Suites by Wyndham Aransas Pass/Corpus Christi,3.9,708,,"355 E Goodnight Ave, Aransas Pass, TX 78336, United States","WV24+2M Aransas Pass, Texas, USA",https://www.wyndhamhotels.com/microtel/aransas-pass-texas/microtel-inn-and-suites-corpus-christi-aransas-pass-tx/overview?CID=LC:5b3ss9kd80xe5ox:30796&iata=00093796,+1 361-226-7906,,https://lh3.googleusercontent.com/p/AF1QipNudVuxhNxCIHCfiMc2vnrkj58BlM5xhqe3y3r4=w408-h271-k-no,true,,,,,,,,"https://www.google.com/maps/search/garage+door+services+in+Aransas+Pass+Corpus+Christi+TX/@27.909532,-97.1505561,14z",2025-11-07T22:49:24.112Z,,,
https://www.google.com/maps/place/Harbor+Freight/data=!4m7!3m6!1s0x866853145f2163e1:0xae0e185bd5ab94ff!8m2!3d27.9160977!4d-97.1644638!16s%2Fg%2F11rglwpmj1!19sChIJ4WMhXxRTaIYR_5Sr1VsYDq4,Harbor Freight,4.5,218,Hardware store,"1911 W Wheeler Ave, Aransas Pass, TX 78336, United States","WR8P+C6 Aransas Pass, Texas, USA",https://www.harborfreight.com/storelocator/1911-w-wheeler-ave-aransas-pass-78336?number=3220,+1 361-213-2121,Open ⋅ Closes 8 pm,https://lh3.googleusercontent.com/p/AF1QipPl2thul5IJEokLyHanYNZ79eiSm8hYcTeepH_g=w432-h240-k-no,true,8 am–8 pm,8 am–8 pm,9 am–6 pm,8 am–8 pm,8 am–8 pm,8 am–8 pm,8 am–8 pm,"https://www.google.com/maps/search/garage+door+services+in+Aransas+Pass+Corpus+Christi+TX/@27.909532,-97.1505561,14z",2025-11-07T22:49:29.441Z,,"Retail chain carrying a wide range of tools, hardware & other products for the home, garden & car. · In-store pick-up",
https://www.google.com/maps/place/ALLPro+Handyman+%26+Services/data=!4m7!3m6!1s0x86684d4140d92a9d:0x5290c97f83eb5467!8m2!3d27.9228502!4d-97.2167225!16s%2Fg%2F11f9w6mqfb!19sChIJnSrZQEFNaIYRZ1Trg3_JkFI,ALLPro Handyman & Services,5.0,1,Handyman/Handywoman/Handyperson,,,,+1 361-332-1619,Open 24 hours,https://lh3.googleusercontent.com/gps-cs-s/AG0ilSwWMBSvaERgF2aI9Wn3JDJZApSv0hlxSTOPNkoYy7R4oWeT2T25Rz56PIi7DgKzpByWhy35qkfece0vyUDRuMlJ3f-UwB_mDlzv0YnkY89HZaqqERz_ga6JuvJVUrqKm8EgkJs=w408-h576-k-no,true,Open 24 hours,Open 24 hours,Open 24 hours,Open 24 hours,Open 24 hours,Open 24 hours,Open 24 hours,"https://www.google.com/maps/search/garage+door+services+in+Aransas+Pass+Corpus+Christi+TX/@27.909532,-97.1505561,14z",2025-11-07T22:49:41.580Z,,,
,,,,,,,,,,,,,,,,,,,"https://www.google.com/maps/search/garage+door+services+in+Portland+Corpus+Christi+TX/@27.7964047,-97.4029944,14z",2025-11-07T22:49:59.992Z,,,No new results found
https://www.google.com/maps/place/Habluetzel%27s+Garage/data=!4m7!3m6!1s0x866851a7e2057ef3:0x27b8efef46ae0683!8m2!3d27.8784897!4d-97.211276!16s%2Fg%2F1tf2sngn!19sChIJ834F4qdRaIYRgwauRu_vuCc,Habluetzel's Garage,4.4,63,Auto repair shop,"2786 Main St, Ingleside, TX 78362, United States","VQHQ+9F Ingleside, Texas, USA",,+1 361-776-7511,,https://lh3.googleusercontent.com/gps-cs-s/AG0ilSyzAT_O4QuVWwIMho8b6eErtg9zmPIH1KMzhVhnottAsqC5dbCYpf3XzUpj1TBQguYASkbZzbTZAglZEfHdfBUGYjqw3eOSeeBHCyeb9Txog8msOiu5SxzyJwJMXPwg2isq2EmE=w408-h725-k-no,true,,,,,,,,"https://www.google.com/maps/search/garage+door+services+in+Ingleside+Corpus+Christi+TX/@27.8778026,-97.211657,14z",2025-11-07T22:50:18.289Z,,,
https://www.google.com/maps/place/General+Automatic+Transmission/data=!4m7!3m6!1s0x86685fcb32f79b87:0xfac11df739e1c86!8m2!3d27.7724921!4d-97.4199668!16s%2Fg%2F1tk6wbj5!19sChIJh5v3MstfaIYRhhyec98RrA8,General Automatic Transmission,4.0,82,Auto repair shop,"2726 S Port Ave, Corpus Christi, TX 78405, United States","QHCJ+X2 Central City, Corpus Christi, TX, USA",,+1 361-884-3208,Closes soon ⋅ 5 pm ⋅ Opens 9 am Mon,https://lh3.googleusercontent.com/p/AF1QipMLaKTdRgggpEHZ0mD22Ex197A6l5R3zCPdqXZN=w426-h240-k-no,true,9 am–5 pm,Closed,Closed,9 am–5 pm,9 am–5 pm,9 am–5 pm,9 am–5 pm,"https://www.google.com/maps/search/garage+door+services+in+Gregory+Corpus+Christi+TX/@27.7964047,-97.4029944,14z",2025-11-07T22:50:39.885Z,,,
"https://www.google.com/maps/place/C.+C.+Battery+Company,+Inc./data=!4m7!3m6!1s0x86685e25ae16ed6b:0x836bcc9f621813ab!8m2!3d27.7857383!4d-97.4302911!16s%2Fg%2F1vl5h6dr!19sChIJa-0WriVeaIYRqxMYYp_Ma4M","C. C. Battery Company, Inc.",4.7,64,Auto parts store,"3513 Agnes St, Corpus Christi, TX 78405, United States","QHP9+7V Central City, Corpus Christi, TX, USA",https://ccbattery.com/about_us.php,+1 361-882-5561,Closes soon ⋅ 5 pm ⋅ Opens 8 am Mon,https://lh3.googleusercontent.com/p/AF1QipOoZCXBesMKnjyRmyqYObq52QURbkS0smTq6rZW=w443-h240-k-no,true,8 am–5 pm,Closed,Closed,8 am–5 pm,8 am–5 pm,8 am–5 pm,8 am–5 pm,"https://www.google.com/maps/search/garage+door+services+in+Gregory+Corpus+Christi+TX/@27.7964047,-97.4029944,14z",2025-11-07T22:50:45.792Z,,· In-store pick-up,
https://www.google.com/maps/place/Big+H+Building+Materials+Surplus/data=!4m7!3m6!1s0x86685f8642c0fbb5:0x5c5e02317b914480!8m2!3d27.7852837!4d-97.4377763!16s%2Fg%2F11hfr81jr9!19sChIJtfvAQoZfaIYRgESRezECXlw,Big H Building Materials Surplus,4.3,8,Building materials supplier,"117 Airport Rd, Corpus Christi, TX 78405, United States","QHP6+4V Central City, Corpus Christi, TX, USA",https://bhbms.shopsettings.com/,+1 361-696-1671,,https://lh3.googleusercontent.com/gps-cs-s/AG0ilSwYWmTQOUARRX0AQlbb1Mw6yLmppfaeAQOYng4yBP1gywaMLhBDvWBEibt3ZF3J_LN9RoW9LlvJ84nDyYoXjHq54cXsvobXzJJCyvewdKlS2JfL3_fkDvIFkueqUhoPnl_fq7M=w408-h544-k-no,false,,,,,,,,"https://www.google.com/maps/search/garage+door+services+in+Gregory+Corpus+Christi+TX/@27.7964047,-97.4029944,14z",2025-11-07T22:50:50.338Z,,,
https://www.google.com/maps/place/Lucky%27s+Concrete+Corpus+Christi/data=!4m7!3m6!1s0x86685e51901cc021:0x8926a53b64cfedf3!8m2!3d27.7800475!4d-97.403612!16s%2Fg%2F1263g7b48!19sChIJIcAckFFeaIYR8-3PZDulJok,Lucky's Concrete Corpus Christi,4.9,77,Concrete contractor,"1200 10th St, Corpus Christi, TX 78404, United States","QHJW+2H Central City, Corpus Christi, TX, USA",http://luckysconcretecorpus.com/?utm_source=google&utm_medium=local&utm_campaign=gbp,+1 361-326-5044,Open ⋅ Closes 6 pm,https://lh3.googleusercontent.com/p/AF1QipMK9Fn0ZQzfTKfnLReu0SvEMNPF9t5cXixUGCWg=w408-h306-k-no,true,8 am–6 pm,8 am–6 pm,8 am–6 pm,8 am–6 pm,8 am–6 pm,8 am–6 pm,8 am–6 pm,"https://www.google.com/maps/search/garage+door+services+in+Gregory+Corpus+Christi+TX/@27.7964047,-97.4029944,14z",2025-11-07T22:50:54.929Z,,,
https://www.google.com/maps/place/Torres+Garage/data=!4m7!3m6!1s0x86687c0db170caa3:0x6a43c6828c12032d!8m2!3d27.7959949!4d-97.6797273!16s%2Fg%2F1xgrnc6_!19sChIJo8pwsQ18aIYRLQMSjILGQ2o,Torres Garage,4.6,101,Auto repair shop,"502 Western Ave, Robstown, TX 78380, United States","Q8WC+94 Robstown, Texas, USA",,+1 361-933-1006,Closes soon ⋅ 5 pm ⋅ Opens 9 am Mon,https://lh3.googleusercontent.com/gps-cs-s/AG0ilSwFxGZUMJ8y0wOzYCq8sy70yc4eTBIoIui67HxmXauIE0Yc5F1j5UthBhCp6ea662SOT6Mx2UG0p4lB-Getrpg0vy-ACqVs5eeF9qljF4BY-r8xQzjTEtTUSdTcaI3ua010_u3qyg=w408-h861-k-no,true,9 am–5 pm,Closed,Closed,9 am–5 pm,9 am–5 pm,9 am–5 pm,9 am–5 pm,"https://www.google.com/maps/search/garage+door+services+in+Robstown+Corpus+Christi+TX/@27.7903032,-97.6688843,14z",2025-11-07T22:51:15.004Z,,,
"https://www.google.com/maps/place/Mueller,+Inc./data=!4m7!3m6!1s0x86687c3386763943:0x103fba4dedc6011a!8m2!3d27.8261315!4d-97.6345408!16s%2Fg%2F1tcv1wk6!19sChIJQzl2hjN8aIYRGgHG7U26PxA","Mueller, Inc.",4.7,72,Steel fabricator,"4506 US-77, Robstown, TX 78380, United States","R9G8+F5 Robstown, Texas, USA",http://muellerinc.com/?utm_source=gmb&utm_medium=Yext,+1 888-870-8789,Closes soon ⋅ 5 pm ⋅ Opens 7:30 am Mon,https://lh3.googleusercontent.com/p/AF1QipMyUZUL0n_K_cF61joUEvIYH-VlkNBHzUi9vL6e=w408-h306-k-no,true,7:30 am–5 pm,Closed,Closed,7:30 am–5 pm,7:30 am–5 pm,7:30 am–5 pm,7:30 am–5 pm,"https://www.google.com/maps/search/garage+door+services+in+Robstown+Corpus+Christi+TX/@27.7903032,-97.6688843,14z",2025-11-07T22:51:19.480Z,,,
https://www.google.com/maps/place/Franco%27s+Garage/data=!4m7!3m6!1s0x86687c617f93e751:0x3c991b816a727a04!8m2!3d27.788807!4d-97.657507!16s%2Fg%2F1tjfh8cb!19sChIJUeeTf2F8aIYRBHpyaoEbmTw,Franco's Garage,4.6,38,Transmission shop,"821 E Main Ave, Robstown, TX 78380, United States","Q8QR+GX Robstown, Texas, USA",https://rymap.org/business/francos-garage-83iccf,+1 361-387-5011,,https://streetviewpixels-pa.googleapis.com/v1/thumbnail?panoid=65unh_gZHtLYGiF_FffhUg&cb_client=search.gws-prod.gps&w=408&h=240&yaw=17.50305&pitch=0&thumbfov=100,false,,,,,,,,"https://www.google.com/maps/search/garage+door+services+in+Robstown+Corpus+Christi+TX/@27.7903032,-97.6688843,14z",2025-11-07T22:51:22.092Z,,,
https://www.google.com/maps/place/Rolands+Garage+Paint+and+Body/data=!4m7!3m6!1s0x86687fa69c118bd7:0xf6227815856d724f!8m2!3d27.770539!4d-97.7343276!16s%2Fg%2F11hjnwhn1s!19sChIJ14sRnKZ_aIYRT3JthRV4IvY,Rolands Garage Paint and Body,4.6,13,Auto body shop,"3857 Co Rd 79, Robstown, TX 78380, United States","Q7C8+67 Robstown, Texas, USA",https://www.enhancify.com/rolands-garage-paint-and-body,+1 361-425-8942,Open ⋅ Closes 6 pm,https://lh3.googleusercontent.com/p/AF1QipPMQgdDgOmR0fYMPgAmJSLrCykPzBW-v-2mV4o=w408-h306-k-no,true,9 am–6 pm,9 am–6 pm,9 am–6 pm,9 am–6 pm,9 am–6 pm,9 am–6 pm,9 am–6 pm,"https://www.google.com/maps/search/garage+door+services+in+Robstown+Corpus+Christi+TX/@27.7903032,-97.6688843,14z",2025-11-07T22:51:26.649Z,,,
"https://www.google.com/maps/place/H%26M+Concrete+-+Concrete+Slab+Contractor,+Concrete+Driveway+Repair+Service+in+Robstown+TX/data=!4m7!3m6!1s0x86687d168382bef1:0xcec27c2bb6d3199d!8m2!3d27.7883749!4d-97.676841!16s%2Fg%2F11fmsc20sw!19sChIJ8b6CgxZ9aIYRnRnTtit8ws4","H&M Concrete - Concrete Slab Contractor, Concrete Driveway Repair Service in Robstown TX",5.0,27,Concrete contractor,,,https://hmconcretetx.com/,+1 361-208-0315,Open 24 hours,https://lh3.googleusercontent.com/p/AF1QipMiLKC-HXUZ3b2jDfoXDB8wBghlChMo7I4vNlBH=w408-h541-k-no,true,Open 24 hours,Open 24 hours,Open 24 hours,Open 24 hours,Open 24 hours,Open 24 hours,Open 24 hours,"https://www.google.com/maps/search/garage+door+services+in+Robstown+Corpus+Christi+TX/@27.7903032,-97.6688843,14z",2025-11-07T22:51:30.965Z,,,
https://www.google.com/maps/place/GT+Automatics/data=!4m7!3m6!1s0x86686f811045508d:0x5298b36fdcbb4a90!8m2!3d28.1848921!4d-97.5047249!16s%2Fg%2F11h2g0wv1l!19sChIJjVBFEIFvaIYRkEq73G-zmFI,GT Automatics,5.0,1,Door shop,,,,+1 361-738-9708,Open 24 hours,https://lh3.googleusercontent.com/p/AF1QipNJmxZXwcpEl8dX62Ld7JcLMUWT8qmGwqQ8HKbS=w426-h240-k-no,true,Open 24 hours,Open 24 hours,Open 24 hours,Open 24 hours,Open 24 hours,Open 24 hours,Open 24 hours,"https://www.google.com/maps/search/garage+door+services+in+Robstown+Corpus+Christi+TX/@27.7903032,-97.6688843,14z",2025-11-07T22:51:35.365Z,,,
https://www.google.com/maps/place/Armor+garage+doors+%26+service/data=!4m7!3m6!1s0x8667c56d556ade11:0xa0132ae514d2e53a!8m2!3d27.6973122!4d-97.3581427!16s%2Fg%2F11jlpjlk7y!19sChIJEd5qVW3FZ4YROuXSFOUqE6A,Armor garage doors & service,5.0,1,Garage door supplier,,,,+1 361-215-6430,Open ⋅ Closes 7 pm,https://lh3.googleusercontent.com/p/AF1QipPCnb3T8J4xEOUy3P5b3XhUFgC-hK55LzKyvBAs=w408-h544-k-no,true,8 am–7 pm,8 am–1 pm,Closed,8 am–7 pm,8 am–7 pm,8 am–7 pm,8 am–7 pm,"https://www.google.com/maps/search/garage+door+services+in+Robstown+Corpus+Christi+TX/@27.7903032,-97.6688843,14z",2025-11-07T22:51:39.913Z,,,
https://www.google.com/maps/place/Home+Services+at+The+Home+Depot/data=!4m7!3m6!1s0x86687ad967d310d7:0x54be2f51e7e6db74!8m2!3d27.8598626!4d-97.6258527!16s%2Fg%2F11bwywgvtl!19sChIJ1xDTZ9l6aIYRdNvm51EvvlQ,Home Services at The Home Depot,3.4,7,Contractor,"13202 Leopard St, Corpus Christi, TX 78410, United States","V95F+WM Calallen, Corpus Christi, TX, USA",https://www.homedepot.com/l/Five-Point/TX/Corpus-Christi/78410/6564/services?emt=HSGMBGoogleMaps,+1 844-476-2140,Open ⋅ Closes 9 pm,https://lh3.googleusercontent.com/p/AF1QipO0NmZ3-dLaQXp_ApeY0JjgCxhlf6sE-ReIqWBP=w408-h272-k-no,true,6 am–9 pm,6 am–9 pm,8 am–8 pm,6 am–9 pm,6 am–9 pm,6 am–9 pm,6 am–9 pm,"https://www.google.com/maps/search/garage+door+services+in+Calallen+Corpus+Christi+TX/@27.8559476,-97.6301311,14z",2025-11-07T22:51:53.889Z,,,
https://www.google.com/maps/place/The+Home+Depot/data=!4m7!3m6!1s0x86687ad95db1e36b:0x2649405d0b10bdda!8m2!3d27.8599375!4d-97.6258253!16s%2Fg%2F1tfd2v7k!19sChIJa-OxXdl6aIYR2r0QC11ASSY,The Home Depot,4.2,1600,Home improvement store,"13202 Leopard St, Corpus Christi, TX 78410, United States","V95F+XM Calallen, Corpus Christi, TX, USA",https://www.homedepot.com/l/Five-Point/TX/Corpus-Christi/78410/6564?emt=MSGMBGoogleMaps,+1 361-242-0642,,https://lh3.googleusercontent.com/gps-cs-s/AG0ilSzo58zkR73gYhokUla78b87ZzfLKQV6rOnnIhAVu7hddaRj3OcS0TdYDp5ZGCpYbH-xCSy2RBxYm81SiL48XDZ7fzvlbHgEOLFJy-g1vlb7Gd9wgfJn6njWxGjw2JcdURAbtcEM=w408-h307-k-no,true,6 am–10 pm,6 am–10 pm,8 am–7 pm,6 am–10 pm,6 am–10 pm,6 am–10 pm,6 am–10 pm,"https://www.google.com/maps/search/garage+door+services+in+Calallen+Corpus+Christi+TX/@27.8559476,-97.6301311,14z",2025-11-07T22:51:58.747Z,,"Chain home improvement retailer for tools, appliances & other products (some offer truck rentals). · In-store shopping · Kerbside pickup · Delivery",
"https://www.google.com/maps/place/B4+%26+After+Property+Services,+Llc/data=!4m7!3m6!1s0x866861f99971bbcb:0x461918afc2f068cc!8m2!3d27.8443583!4d-97.5818205!16s%2Fg%2F11h__y24n9!19sChIJy7txmflhaIYRzGjwwq8YGUY","B4 & After Property Services, Llc",5.0,2,Construction company,"Office behind State Farm, 11014 Leopard St, Corpus Christi, TX 78410, United States","RCV9+P7 Northwest Corpus Christi, Corpus Christi, TX, USA",https://www.b4andafterpropertyservicesllc.com/,+1 361-317-5019,Closes soon ⋅ 5 pm ⋅ Opens 8 am Mon,https://lh3.googleusercontent.com/p/AF1QipMfc9SBttt2jJNMeJPdYsEV0OXLELyOhKwfaVRV=w427-h240-k-no,true,8 am–5 pm,Closed,Closed,8 am–5 pm,8 am–5 pm,8 am–5 pm,8 am–5 pm,"https://www.google.com/maps/search/garage+door+services+in+Calallen+Corpus+Christi+TX/@27.8559476,-97.6301311,14z",2025-11-07T22:52:10.335Z,,,
https://www.google.com/maps/place/Walter+and+Sons/data=!4m7!3m6!1s0x8668f7cfe0fcfdb5:0x5f01833c351c8c4e!8m2!3d27.7719962!4d-97.3581427!16s%2Fg%2F11gn26h8_z!19sChIJtf384M_3aIYRTowcNTyDAV8,Walter and Sons,4.5,30,Remodeler,,,http://www.walterandsonsconstructionremodeling.com/,+1 361-500-1939,Open ⋅ Closes 8 pm,https://lh3.googleusercontent.com/p/AF1QipOQlt85e-jblRLw4VifjBe3FIr0nStBbdeAZrTk=w408-h544-k-no,true,7 am–8 pm,9 am–5 pm,Closed,7 am–8 pm,7 am–8 pm,7 am–8 pm,7 am–8 pm,"https://www.google.com/maps/search/garage+door+services+in+Calallen+Corpus+Christi+TX/@27.8559476,-97.6301311,14z",2025-11-07T22:52:15.425Z,LGBTQ+ friendly,,
https://www.google.com/maps/place/Chrysler+Dodge+Jeep+Ram+of+Calallen/data=!4m7!3m6!1s0x86687b392160eb7d:0x271292084b43141c!8m2!3d27.8490745!4d-97.6301718!16s%2Fg%2F11g1q7zh29!19sChIJfetgITl7aIYRHBRDSwiSEic,Chrysler Dodge Jeep Ram of Calallen,4.3,871,Jeep dealer,"3688 IH-69 Access Rd, Corpus Christi, TX 78410, United States","R9X9+JW Calallen, Corpus Christi, TX, USA",https://www.calallencdjr.com/?utm_source=google&utm_medium=organic&utm_campaign=google_my_business&utm_content=sales,+1 361-248-1055,Open ⋅ Closes 8 pm,https://lh3.googleusercontent.com/gps-cs-s/AG0ilSyCWibibWFsxBTjdmkyvJTaP9Z9Bu23m9vMOz2qz8IxsfEcZsRaa52cdubztgl-EEfDEhYg-5zbEqyTiBxBQEkoepzHmEpAmZF3lHa7mxwdU8nLbSVds8KKy1IewGqXYt90R2crmDBypaE=w408-h544-k-no,true,9 am–8 pm,9 am–7 pm,Closed,9 am–8 pm,9 am–8 pm,9 am–8 pm,9 am–8 pm,"https://www.google.com/maps/search/garage+door+services+in+Calallen+Corpus+Christi+TX/@27.8559476,-97.6301311,14z",2025-11-07T22:52:20.022Z,Identifies as veteran-owned,· In-store shopping · In-store pick-up · Delivery,
https://www.google.com/maps/place/Pro+Desk+at+The+Home+Depot/data=!4m7!3m6!1s0x86687ad965a1a693:0x89817a1fe474a2cc!8m2!3d27.859856!4d-97.6258394!16s%2Fg%2F11g69j1prc!19sChIJk6ahZdl6aIYRzKJ05B96gYk,Pro Desk at The Home Depot,4.0,3,Building materials store,"13202 Leopard St, Corpus Christi, TX 78410, United States","V95F+WM Calallen, Corpus Christi, TX, USA",https://www.homedepot.com/l/Five-Point/TX/Corpus-Christi/78410/6564/pro-desk?emt=PROGMBGoogleMaps,+1 361-242-0404,Open ⋅ Closes 10 pm,https://lh3.googleusercontent.com/gps-cs-s/AG0ilSxfYuKgNv-ua6Ymfh8pwxxXxrWEMcgaRVQt98KE61OuhmkSDFy0t0pa8kttLlZJ2L5osTwyXQwI3BcmOgDoaqElNWHH0kPT21sbV4J9LW52d4JZLi3Yv3Rv6ecRqxRU8H7EMbc=w408-h306-k-no,true,6 am–10 pm,6 am–10 pm,8 am–7 pm,6 am–10 pm,6 am–10 pm,6 am–10 pm,6 am–10 pm,"https://www.google.com/maps/search/garage+door+services+in+Calallen+Corpus+Christi+TX/@27.8559476,-97.6301311,14z",2025-11-07T22:52:24.590Z,,· In-store pick-up · Delivery,
https://www.google.com/maps/place/Harbor+Freight/data=!4m7!3m6!1s0x86687ade329d5f2d:0xce52a5683d5de3a5!8m2!3d27.8586061!4d-97.6313841!16s%2Fg%2F11cmh_93bk!19sChIJLV-dMt56aIYRpeNdPWilUs4,Harbor Freight,4.4,625,Hardware store,"4101 IH-69 Access Rd, Corpus Christi, TX 78410, United States","V959+CC Calallen, Corpus Christi, TX, USA",https://www.harborfreight.com/storelocator/4101-ih-69-access-road-ste-k-corpus-christi-78410?number=680,+1 361-242-2998,Open ⋅ Closes 8 pm,https://lh3.googleusercontent.com/gps-cs-s/AG0ilSzMANX_2Ni0BD_OJZRoleyJa1Rcj7zpcY8j4h24AEPp3mKz7lNOON1taYRN4AklMuYHhA4bixB5LMqDT-T3Mguc8NA9ACvVpZT3AqT3IsJPz8pmxVTubQCorXE84gToamNDJZkn=w408-h544-k-no,true,8 am–8 pm,8 am–8 pm,9 am–6 pm,8 am–8 pm,8 am–8 pm,8 am–8 pm,8 am–8 pm,"https://www.google.com/maps/search/garage+door+services+in+Calallen+Corpus+Christi+TX/@27.8559476,-97.6301311,14z",2025-11-07T22:52:29.724Z,,"Retail chain carrying a wide range of tools, hardware & other products for the home, garden & car. · In-store pick-up",
https://www.google.com/maps/place/Baird+Foundation+Repair/data=!4m7!3m6!1s0x8668650a10564067:0xdc123824369e03eb!8m2!3d27.827454!4d-97.5482717!16s%2Fg%2F11h0rbcrlb!19sChIJZ0BWEAplaIYR6wOeNiQ4Etw,Baird Foundation Repair,4.9,472,Contractor,"2427 Rand Morgan Rd, Corpus Christi, TX 78410, United States","RFG2+XM Northwest Corpus Christi, Corpus Christi, TX, USA",https://www.bairdfoundationrepair.com/?utm_source=google&utm_medium=organic&utm_campaign=gmb,+1 361-306-2081,Closes soon ⋅ 5 pm ⋅ Opens 8 am Mon,https://lh3.googleusercontent.com/p/AF1QipMvf9nJba0uIkFwqWmzIU4vVCmrp3mYiMdTtryu=w408-h271-k-no,true,8 am–5 pm,Closed,Closed,8 am–5 pm,8 am–5 pm,8 am–5 pm,8 am–5 pm,"https://www.google.com/maps/search/garage+door+services+in+Calallen+Corpus+Christi+TX/@27.8559476,-97.6301311,14z",2025-11-07T22:52:34.427Z,Identifies as women-owned,,
https://www.google.com/maps/place/Holiday+Inn+Express+%26+Suites+Corpus+Christi+NW+-+Calallen+by+IHG/data=!4m7!3m6!1s0x86687b20e0eaf559:0x692a7b65860abd48!8m2!3d27.851695!4d-97.629145!16s%2Fg%2F1tcv1wk5!19sChIJWfXq4CB7aIYRSL0KhmV7Kmk,Holiday Inn Express & Suites Corpus Christi NW - Calallen by IHG,4.5,324,,"13425 Brookhaven Dr, Corpus Christi, TX 78410, United States","V92C+M8 Calallen, Corpus Christi, TX, USA",https://www.ihg.com/holidayinnexpress/hotels/us/en/corpus-christi/fivtx/hoteldetail?cm_mmc=GoogleMaps-_-EX-_-US-_-FIVTX,+1 361-242-3330,,https://lh3.googleusercontent.com/p/AF1QipNkEy3VJhPCGQoUP4kLBZneIOK1ETD8BHTvfEtG=w408-h285-k-no,true,,,,,,,,"https://www.google.com/maps/search/garage+door+services+in+Calallen+Corpus+Christi+TX/@27.8559476,-97.6301311,14z",2025-11-07T22:52:37.027Z,,,
https://www.google.com/maps/place/Western+Auto/data=!4m7!3m6!1s0x866864f3d1e5b75b:0xe2cc909af6063af2!8m2!3d27.8392575!4d-97.5756212!16s%2Fg%2F11b6cnhf79!19sChIJW7fl0fNkaIYR8joG9pqQzOI,Western Auto,4.3,454,Hardware store,"10605 Leopard St, Corpus Christi, TX 78410, United States","RCQF+PQ Northwest Corpus Christi, Corpus Christi, TX, USA",http://www.acecommercial.org/?utm_source=google&utm_medium=local&utm_campaign=localmaps&utm_content=08970,+1 361-241-7445,Open ⋅ Closes 7 pm,https://lh3.googleusercontent.com/gps-cs-s/AG0ilSw0LtSWCE5x5Bg2p4sfb0o36JVFXCaUGzAGO1CoiGPNrbGAOttC5bPDZg-NyLpH5UQxJrvZcebZO_YGPc3yAvlq-9LMGOUxaWODaynd_DaXYQpfJarOLcGzHHx4ao4x8W9KxNgT=w854-h240-k-no,true,8 am–7 pm,8 am–6 pm,10 am–4:30 pm,8 am–7 pm,8 am–7 pm,8 am–7 pm,8 am–7 pm,"https://www.google.com/maps/search/garage+door+services+in+Calallen+Corpus+Christi+TX/@27.8559476,-97.6301311,14z",2025-11-07T22:52:41.904Z,,"Hardware store stocking household tools, garden supplies, home decor & more. · In-store shopping · In-store pick-up",
https://www.google.com/maps/place/West+Coast+Repairs+Handyman+Services/data=!4m7!3m6!1s0x80e84c11dfd32ccd:0x53c5b310248b0689!8m2!3d27.7467333!4d-97.3760812!16s%2Fg%2F11b6hqmjxw!19sChIJzSzT3xFM6IARiQaLJBCzxVM,West Coast Repairs Handyman Services,5.0,42,Handyman/Handywoman/Handyperson,"209 Doddridge St, Corpus Christi, TX 78411, United States","PJWF+MH Bay Area, Corpus Christi, TX, USA",http://westcoastrepairs.com/,+1 619-760-7975,Closes soon ⋅ 5 pm ⋅ Opens 9 am Sat,https://lh3.googleusercontent.com/gps-cs-s/AG0ilSyZoGdiAcHlXB44-O1N8SfRAHi_gcJ0Avi-igxL5-kFatvvKxfXmAuJRMnnJIwPKf2Su9EqGxR7dD0PqXC2nK-3sipEDc66yD2IDQjgr9uZdh1_W0fEmCT1EqNErBSU03fetjw=w408-h306-k-no,true,9 am–5 pm,9 am–5 pm,Closed,9 am–5 pm,9 am–5 pm,9 am–5 pm,9 am–5 pm,"https://www.google.com/maps/search/garage+door+services+in+Odem+Corpus+Christi+TX/@27.7365994,-97.4121356,14z",2025-11-07T22:53:02.595Z,,,
https://www.google.com/maps/place/Tuff+Shed+Corpus+Christi/data=!4m7!3m6!1s0x86685ff39de9f4cf:0x3b4de6e1fdd03472!8m2!3d27.7325623!4d-97.4197663!16s%2Fg%2F11df06jplz!19sChIJz_TpnfNfaIYRcjTQ_eHmTTs,Tuff Shed Corpus Christi,4.9,179,Shed builder,"2802 S Padre Island Dr, Corpus Christi, TX 78415, United States","PHMJ+23 Central City, Corpus Christi, TX, USA",https://www.tuffshed.com/corpus-christi-metro-area/,+1 361-792-2205,Open ⋅ Closes 7 pm,https://lh3.googleusercontent.com/p/AF1QipOpBjTzLi66wBUB-pKfuHysaiOjMFgTbv__udR4=w426-h240-k-no,true,10 am–7 pm,9 am–6 pm,Closed,10 am–7 pm,Closed,10 am–7 pm,10 am–7 pm,"https://www.google.com/maps/search/garage+door+services+in+Odem+Corpus+Christi+TX/@27.7365994,-97.4121356,14z",2025-11-07T22:53:07.166Z,LGBTQ+ friendly,,
https://www.google.com/maps/place/Resurrected+Glass/data=!4m7!3m6!1s0x6ae611b9a0c812a9:0x50609b28513d74ae!8m2!3d28.5991896!4d-97.7887876!16s%2Fg%2F11t5nd7vyp!19sChIJqRLIoLkR5moRrnQ9USibYFA,Resurrected Glass,5.0,27,Glass repair service,,,http://resurrectedglass.com/?utm_source=gmb&utm_medium=referral,+1 361-977-0929,Closes soon ⋅ 5 pm ⋅ Opens 8 am Mon,https://lh3.googleusercontent.com/p/AF1QipMB1cyBDg70cddU90xlyF4c-R2sE2fIB5PtjrSI=w408-h544-k-no,true,8 am–5 pm,Closed,Closed,8 am–5 pm,8 am–5 pm,8 am–5 pm,8 am–5 pm,"https://www.google.com/maps/search/garage+door+services+in+Odem+Corpus+Christi+TX/@27.7365994,-97.4121356,14z",2025-11-07T22:53:11.571Z,,,
https://www.google.com/maps/place/USA+Concrete+Coatings/data=!4m7!3m6!1s0x86685f2c71a91cbf:0x9972ed21bd24101c!8m2!3d27.7430726!4d-97.422216!16s%2Fg%2F11fl78nz1_!19sChIJvxypcSxfaIYRHBAkvSHtcpk,USA Concrete Coatings,4.9,126,Flooring contractor,"4606 Ayers St, Corpus Christi, TX 78415, United States","PHVH+64 Central City, Corpus Christi, TX, USA",http://www.usaconcretecoatings.com/,+1 361-854-2673,Closes soon ⋅ 5 pm ⋅ Opens 8 am Mon,https://lh3.googleusercontent.com/gps-cs-s/AG0ilSwRkssYrZAvVCjnKEU9sGYUeOoImDOMynDiv5rVZXDzOMRfisaFloaF22iD_xCpzPTCtme71FY00vCDA2OP1MvbZlw2QbXF-ucda4yHTCNac-_fE693aDyMyNKr5xU3x_86udZ9bmF3KFsr=w408-h544-k-no,true,8 am–5 pm,Closed,Closed,8 am–5 pm,8 am–5 pm,8 am–5 pm,8 am–5 pm,"https://www.google.com/maps/search/garage+door+services+in+Odem+Corpus+Christi+TX/@27.7365994,-97.4121356,14z",2025-11-07T22:53:16.466Z,,,
https://www.google.com/maps/place/Sinton%27s+True+Value/data=!4m7!3m6!1s0x86686b9a63f3efbb:0x9f5bf4c3af8b7465!8m2!3d28.0365419!4d-97.5108495!16s%2Fg%2F1tcxdmwq!19sChIJu-_zY5praIYRZXSLr8P0W58,Sinton's True Value,4.6,45,Hardware store,"105 W Sinton St, Sinton, TX 78387, United States","2FPQ+JM Sinton, Texas, USA",https://sintons.shoptruevalue.com/,+1 361-364-4636,Closes soon ⋅ 5 pm ⋅ Opens 8 am Sat,https://lh3.googleusercontent.com/p/AF1QipOyyrUo3J-gdhXmKCW4Hh39L-BTa8KRanutgLjd=w408-h543-k-no,true,7:30 am–5 pm,8 am–12 pm,Closed,7:30 am–5 pm,7:30 am–5 pm,7:30 am–5 pm,7:30 am–5 pm,"https://www.google.com/maps/search/garage+door+services+in+Sinton+Corpus+Christi+TX/@28.0366818,-97.5091611,14z",2025-11-07T22:53:37.849Z,,· In-store shopping,
https://www.google.com/maps/place/Parker+Lumber/data=!4m7!3m6!1s0x86686b850dafcaf5:0xaed517215d35d20a!8m2!3d28.037043!4d-97.516062!16s%2Fg%2F1w0p61ft!19sChIJ9cqvDYVraIYRCtI1XSEX1a4,Parker Lumber,4.6,29,Building materials store,"514 W Sinton St, Sinton, TX 78387, United States","2FPM+RH Sinton, Texas, USA",https://www.parkersbuildingsupply.com/,+1 361-364-3600,Closes soon ⋅ 5:30 pm ⋅ Opens 8 am Sat,https://lh3.googleusercontent.com/gps-cs-s/AG0ilSw54La_yMjG1f1PPvPLcz4bOcgN_cifKKYEellBkZ75qXyw6-Zwc9FSvaWNLkOOMu2UbxiahXwBikOr87j2mOI_F0gN8jLKoa-7l6sI34DbWsBS6VTR9OT_VtzqmzFcsllSgB7c=w408-h544-k-no,true,7:30 am–5:30 pm,8 am–12 pm,Closed,7:30 am–5:30 pm,7:30 am–5:30 pm,7:30 am–5:30 pm,7:30 am–5:30 pm,"https://www.google.com/maps/search/garage+door+services+in+Sinton+Corpus+Christi+TX/@28.0366818,-97.5091611,14z",2025-11-07T22:53:42.997Z,,· In-store pick-up · Delivery,
https://www.google.com/maps/place/Coastal+Garage+Doors/data=!4m7!3m6!1s0x8669ca1e08fb1b99:0xb7ef9d7293d7bcde!8m2!3d28.366415!4d-97.8553051!16s%2Fg%2F11fll6vrkv!19sChIJmRv7CB7KaYYR3rzXk3Kd77c,Coastal Garage Doors,4.2,5,Garage door supplier,,,https://coastalgaragedoorstx.com/,+1 361-386-0999,Closes soon ⋅ 5 pm ⋅ Opens 8 am Mon,https://lh3.googleusercontent.com/p/AF1QipPcmKWqEsoxCkP1hBwDja7RB3VCRSr50DuhhSZD=w408-h271-k-no,true,8 am–5 pm,Closed,Closed,8 am–5 pm,8 am–5 pm,8 am–5 pm,8 am–5 pm,"https://www.google.com/maps/search/garage+door+services+in+Sinton+Corpus+Christi+TX/@28.0366818,-97.5091611,14z",2025-11-07T22:53:48.117Z,,,
https://www.google.com/maps/place/D%26C+Fence+Company/data=!4m7!3m6!1s0x866860c7b06ba201:0xc5c2bc6aeecca19d!8m2!3d27.8058821!4d-97.4491696!16s%2Fg%2F1tdwfc38!19sChIJAaJrsMdgaIYRnaHM7mq8wsU,D&C Fence Company,4.7,262,Fence contractor,"1029 Savage Ln, Corpus Christi, TX 78407, United States","RH42+98 Central City, Corpus Christi, TX, USA",https://www.dcfence.com/,+1 361-289-8277,Closes soon ⋅ 5 pm ⋅ Opens 8 am Mon,https://lh3.googleusercontent.com/p/AF1QipMWnV5N2zMM7GzfW7JJn7oBVtc8EdjxDalTJVSz=w408-h408-k-no,true,8 am–5 pm,Closed,Closed,8 am–5 pm,8 am–5 pm,8 am–5 pm,8 am–5 pm,"https://www.google.com/maps/search/garage+door+services+in+Taft+Corpus+Christi+TX/@27.7964047,-97.4029944,14z",2025-11-07T22:54:12.254Z,,,
https://www.google.com/maps/place/Family+Designs+%26+Construction/data=!4m7!3m6!1s0x6eb2a35a83827d7f:0xe2f937f464f94ec!8m2!3d27.79796!4d-97.3995069!16s%2Fg%2F11s64jdd1j!19sChIJf32Cg1qjsm4R7JRPRn-TLw4,Family Designs & Construction,,,Contractor,,,,+1 361-452-9179,Closes soon ⋅ 5 pm ⋅ Opens 8 am Sat,https://lh3.googleusercontent.com/p/AF1QipMyoNpvw81pqL8JgIKt8nmDAVriFt7YtGDFuA5C=w408-h271-k-no,true,8 am–5 pm,8 am–5 pm,8 am–5 pm,8 am–5 pm,8 am–5 pm,8 am–5 pm,8 am–5 pm,"https://www.google.com/maps/search/garage+door+services+in+Taft+Corpus+Christi+TX/@27.7964047,-97.4029944,14z",2025-11-07T22:54:16.568Z,,,
https://www.google.com/maps/place/Zam+Automotive/data=!4m7!3m6!1s0x86685e45269b696d:0xfcf4c3732ada7c0b!8m2!3d27.78761!4d-97.4066793!16s%2Fg%2F1tggbdfc!19sChIJbWmbJkVeaIYRC3zaKnPD9Pw,Zam Automotive,4.8,244,Auto repair shop,"1402 Agnes St, Corpus Christi, TX 78401, United States","QHQV+28 Central City, Corpus Christi, TX, USA",,+1 361-887-8606,Closes soon ⋅ 5 pm ⋅ Opens 8 am Mon,https://lh3.googleusercontent.com/p/AF1QipOp2eCmqnxYfeqLJaXwJx1uMIpbdcK-csDgC1AI=w408-h306-k-no,true,8 am–5 pm,Closed,Closed,8 am–5 pm,8 am–5 pm,8 am–5 pm,8 am–5 pm,"https://www.google.com/maps/search/garage+door+services+in+Taft+Corpus+Christi+TX/@27.7964047,-97.4029944,14z",2025-11-07T22:54:21.140Z,,,
https://www.google.com/maps/place/MCB+General+Contracting+LLC/data=!4m7!3m6!1s0x86685ef520e59917:0x140396a1fee48c9f!8m2!3d27.8005828!4d-97.396381!16s%2Fg%2F11hdcgjd_3!19sChIJF5nlIPVeaIYRn4zk_qGWAxQ,MCB General Contracting LLC,4.9,18,Roofing contractor,"4521 Ayers St suite #218, Corpus Christi, TX 78415, United States","RJ23+6C Central City, Corpus Christi, TX, USA",,+1 361-730-7005,Closes soon ⋅ 5 pm ⋅ Opens 9 am Mon,https://lh3.googleusercontent.com/p/AF1QipMGHqloAoDIXP72fCYq0FTZaOeRCekOHk9kjZ75=w426-h240-k-no,true,9 am–5 pm,Closed,Closed,9 am–5 pm,9 am–5 pm,9 am–5 pm,9 am–5 pm,"https://www.google.com/maps/search/garage+door+services+in+Taft+Corpus+Christi+TX/@27.7964047,-97.4029944,14z",2025-11-07T22:54:26.094Z,,,
https://www.google.com/maps/place/All+My+Sons+Moving+%26+Storage/data=!4m7!3m6!1s0x8668609ceb3a0bc3:0x80ba25a6960a746d!8m2!3d27.7908818!4d-97.4081937!16s%2Fg%2F1tf2y6xf!19sChIJwws665xgaIYRbXQKlqYluoA,All My Sons Moving & Storage,4.6,1373,Moving and storage service,"210 N Brownlee Blvd, Corpus Christi, TX 78401, United States","QHRR+9P Central City, Corpus Christi, TX, USA",https://www.allmysons.com/texas/corpus-christi/index.aspx?utm_source=GMBlisting&utm_medium=organic&phone=361-541-6527,+1 361-541-6527,Open ⋅ Closes 9 pm,https://lh3.googleusercontent.com/p/AF1QipO0AFZgoLhJ-nG7jyZEXbFQGdnqqMHp9tnFi3f1=w426-h240-k-no,true,6 am–9 pm,6 am–9 pm,6 am–9 pm,6 am–9 pm,6 am–9 pm,6 am–9 pm,6 am–9 pm,"https://www.google.com/maps/search/garage+door+services+in+Taft+Corpus+Christi+TX/@27.7964047,-97.4029944,14z",2025-11-07T22:54:30.894Z,,,
,,,,,,,,,,,,,,,,,,,"https://www.google.com/maps/search/garage+door+services+in+Mathis+Corpus+Christi+TX/@27.7964047,-97.4029944,14z",2025-11-07T22:54:47.241Z,,,No new results found
,,,,,,,,,,,,,,,,,,,"https://www.google.com/maps/search/garage+door+services+in+Refugio+Corpus+Christi+TX/@27.7964047,-97.4029944,14z",2025-11-07T22:55:04.458Z,,,No new results found
,,,,,,,,,,,,,,,,,,,"https://www.google.com/maps/search/garage+door+services+in+Sandia+Corpus+Christi+TX/@27.7964047,-97.4029944,14z",2025-11-07T22:55:21.720Z,,,No new results found
https://www.google.com/maps/place/Horton+Automatics/data=!4m7!3m6!1s0x8668610041a705c3:0x1bcec67cbbeea3d0!8m2!3d27.784425!4d-97.4391505!16s%2Fg%2F11w3d_45p8!19sChIJwwWnQQBhaIYR0KPuu3zGzhs,Horton Automatics,,,Manufacturer,"4242 Baldwin Blvd, Corpus Christi, TX 78405, United States","QHM6+Q8 Central City, Corpus Christi, TX, USA",http://hortondoors.com/,+1 800-531-3111,Closes soon ⋅ 5 pm ⋅ Opens 8 am Mon,https://lh3.googleusercontent.com/p/AF1QipM4WruJUIommszp4qpp4PWXoTj6GecLAD0Z_OBc=w408-h272-k-no,true,8 am–5 pm,Closed,Closed,8 am–5 pm,8 am–5 pm,8 am–5 pm,8 am–5 pm,"https://www.google.com/maps/search/garage+door+services+in+Skidmore+Corpus+Christi+TX/@27.7964047,-97.4029944,14z",2025-11-07T22:55:43.542Z,,,
,,,,,,,,,,,,,,,,,,,"https://www.google.com/maps/search/garage+door+services+in+Bishop+Corpus+Christi+TX/@27.7205845,-97.3810883,14z",2025-11-07T22:56:00.141Z,,,No new results found
https://www.google.com/maps/place/Bay+Materials/data=!4m7!3m6!1s0x866860e3d50d7a09:0x224d15e776d8cc8e!8m2!3d27.786873!4d-97.478581!16s%2Fg%2F1hc22lk0h!19sChIJCXoN1eNgaIYRjszYducVTSI,Bay Materials,4.6,12,Hardware store,"6101 Hopkins Rd, Corpus Christi, TX 78409, United States","QGPC+PH Central City, Corpus Christi, TX, USA",,+1 361-861-7342,Closes soon ⋅ 5:15 pm ⋅ Opens 7 am Mon,https://lh3.googleusercontent.com/gps-cs-s/AG0ilSxIMs5vrBcj6tCt-9LV0qcX1FxPLqWQB92I3lmyYQ9FfmLmIkat2Bi8YG9G_1f1KsIfmBnr-v1qoCHHJbQ4J00VZVM6GtjrG1m4v6Olvdp408g6HzEHlB8RfPUu8gaY7KHay30=w426-h240-k-no,false,7 am–5:15 pm,Closed,Closed,7 am–5:15 pm,7 am–5:15 pm,7 am–5:15 pm,7 am–5:15 pm,"https://www.google.com/maps/search/garage+door+services+in+Live+Oak+Corpus+Christi+TX/@27.8016282,-97.4363759,14z",2025-11-07T22:56:17.024Z,,· Delivery,
https://www.google.com/maps/place/ABC+Home+%26+Commercial+Services/data=!4m7!3m6!1s0x86685fb2444892cb:0xfd991d9e69e34b7b!8m2!3d27.805275!4d-97.461678!16s%2Fg%2F1q5bmh7gq!19sChIJy5JIRLJfaIYRe0vjaZ4dmf0,ABC Home & Commercial Services,4.8,1072,Pest control service,"1022 Mc Bride Ln, Corpus Christi, TX 78407, United States","RG4Q+48 Central City, Corpus Christi, TX, USA",https://www.abchomeandcommercial.com/corpus-christi/pest-control?utm_source=gmb&utm_medium=organic&utm_campaign=corpus-pest,+1 361-884-8214,Open ⋅ Closes 6 pm,https://lh3.googleusercontent.com/p/AF1QipM3_uWD2Ztmyp1c18M7891hWPAczWU6adSHZxjo=w408-h326-k-no,true,7 am–6 pm,8 am–1 pm,Closed,7 am–6 pm,7 am–6 pm,7 am–6 pm,7 am–6 pm,"https://www.google.com/maps/search/garage+door+services+in+Live+Oak+Corpus+Christi+TX/@27.8016282,-97.4363759,14z",2025-11-07T22:56:29.048Z,,,
https://www.google.com/maps/place/Israel+Trevino+Roof+and+Home+Repair/data=!4m7!3m6!1s0x86685e321617efb3:0x67ba988b078a446d!8m2!3d27.7771469!4d-97.4260439!16s%2Fg%2F1wc48dcb!19sChIJs-8XFjJeaIYRbUSKB4uYumc,Israel Trevino Roof and Home Repair,5.0,5,Roofing contractor,"618 Rosewood St, Corpus Christi, TX 78405, United States","QHGF+VH Central City, Corpus Christi, TX, USA",,+1 361-461-7451,Open ⋅ Closes 6 pm,https://lh3.googleusercontent.com/p/AF1QipMx7aukxE5Mf9v-CM3lcRwi7o4ijykIxccXNa2i=w408-h382-k-no,true,9 am–6 pm,Closed,Closed,9 am–6 pm,9 am–6 pm,9 am–6 pm,9 am–6 pm,"https://www.google.com/maps/search/garage+door+services+in+Live+Oak+Corpus+Christi+TX/@27.8016282,-97.4363759,14z",2025-11-07T22:56:33.654Z,,,
https://www.google.com/maps/place/Alaniz+Custom+Cabinets/data=!4m7!3m6!1s0x86686069baafa94f:0x6dc2b44c6264cada!8m2!3d27.7847336!4d-97.4707511!16s%2Fg%2F11c1vpwc2r!19sChIJT6mvumlgaIYR2spkYky0wm0,Alaniz Custom Cabinets,4.1,21,Cabinet maker,"118 Gibson Ln #3, Corpus Christi, TX 78406, United States","QGMH+VM Central City, Corpus Christi, TX, USA",,+1 361-403-3085,Open ⋅ Closes 6 pm,https://lh3.googleusercontent.com/p/AF1QipNctCEf-n_lj6WCzEIavHO-Eew2emxeNk3I2K7y=w427-h240-k-no,true,8 am–6 pm,Closed,Closed,8 am–6 pm,8 am–6 pm,8 am–6 pm,8 am–6 pm,"https://www.google.com/maps/search/garage+door+services+in+Live+Oak+Corpus+Christi+TX/@27.8016282,-97.4363759,14z",2025-11-07T22:56:38.663Z,,,
"https://www.google.com/maps/place/S-Con+Construction,+LLC/data=!4m7!3m6!1s0x86685f49ba1ca841:0x8e1465ad57f617d!8m2!3d27.7933672!4d-97.4118201!16s%2Fg%2F11lqsqgtry!19sChIJQagcuklfaIYRfWF_1VpG4Qg","S-Con Construction, LLC",5.0,2,Construction company,"1906 Comanche St, Corpus Christi, TX 78408, United States","QHVQ+87 Central City, Corpus Christi, TX, USA",,+1 361-299-5161,Closes soon ⋅ 5 pm ⋅ Opens 8 am Mon,https://lh3.googleusercontent.com/p/AF1QipNGGufANnGs22bXq66-i5FTN74viYffekDEzags=w408-h411-k-no,true,8 am–5 pm,Closed,Closed,8 am–5 pm,8 am–5 pm,8 am–5 pm,8 am–5 pm,"https://www.google.com/maps/search/garage+door+services+in+Live+Oak+Corpus+Christi+TX/@27.8016282,-97.4363759,14z",2025-11-07T22:56:43.496Z,,,
https://www.google.com/maps/place/SERVPRO+of+Corpus+Christi+East/data=!4m7!3m6!1s0x8668f53de02f4eb9:0xe6b415bf6639e6b2!8m2!3d27.7802232!4d-97.4494122!16s%2Fg%2F1tqpzpcw!19sChIJuU4v4D31aIYRsuY5Zr8VtOY,SERVPRO of Corpus Christi East,4.8,194,Water damage restoration service,"318 Centaurus St, Corpus Christi, TX 78405, United States","QHJ2+36 Central City, Corpus Christi, TX, USA",https://www.servpro.com/locations/tx/servpro-of-corpus-christi-east?utm_medium=organic&utm_source=gbp,+1 361-985-6444,,https://lh3.googleusercontent.com/p/AF1QipM0EKWFmejJMG_C3zX5ib6EBMqR5zgy_ku4nnQ=w427-h240-k-no,true,Open 24 hours,Open 24 hours,Open 24 hours,Open 24 hours,Open 24 hours,Open 24 hours,Open 24 hours,"https://www.google.com/maps/search/garage+door+services+in+Live+Oak+Corpus+Christi+TX/@27.8016282,-97.4363759,14z",2025-11-07T22:56:48.242Z,,,
https://www.google.com/maps/place/DGS+General+Construction+Group/data=!4m7!3m6!1s0x86685e5c5e155555:0x957aadaf288e5f63!8m2!3d27.7926274!4d-97.4027505!16s%2Fg%2F11gyxhk_77!19sChIJVVUVXlxeaIYRY1-OKK-tepU,DGS General Construction Group,3.0,4,General contractor,"304 N Staples St, Corpus Christi, TX 78401, United States","QHVW+3V Central City, Corpus Christi, TX, USA",https://dgsconstructiongroup.com/,+1 361-742-0142,Closes soon ⋅ 5 pm ⋅ Opens 9 am Mon,https://streetviewpixels-pa.googleapis.com/v1/thumbnail?panoid=4zGZe0EiC0nGN1XGupUTcg&cb_client=search.gws-prod.gps&w=408&h=240&yaw=98.7947&pitch=0&thumbfov=100,true,9 am–5 pm,Closed,Closed,9 am–5 pm,9 am–5 pm,9 am–5 pm,9 am–5 pm,"https://www.google.com/maps/search/garage+door+services+in+Live+Oak+Corpus+Christi+TX/@27.8016282,-97.4363759,14z",2025-11-07T22:56:52.885Z,,,
https://www.google.com/maps/place/Grainger+Industrial+Supply/data=!4m7!3m6!1s0x866860bfcd3e5dcd:0xf62197ab0a54d4ca!8m2!3d27.7947659!4d-97.4567759!16s%2Fg%2F1xgzc69y!19sChIJzV0-zb9gaIYRytRUCquXIfY,Grainger Industrial Supply,4.2,25,Tool store,"430 Sun Belt Dr, Corpus Christi, TX 78408, United States","QGVV+W7 Central City, Corpus Christi, TX, USA",https://www.grainger.com/branch/Corpus-Christi-Branch-180,+1 800-472-4643,Closed ⋅ Opens 8 am Mon,https://lh3.googleusercontent.com/p/AF1QipPTtLv2u9RYNZe0wBJkuXplTFS8rfGrIEFdp9bk=w408-h306-k-no,true,8 am–4:30 pm,Closed,Closed,8 am–4:30 pm,8 am–4:30 pm,8 am–4:30 pm,8 am–4:30 pm,"https://www.google.com/maps/search/garage+door+services+in+Live+Oak+Corpus+Christi+TX/@27.8016282,-97.4363759,14z",2025-11-07T22:56:57.568Z,,"Chain offering a broad range of industrial equipment, maintenance supplies, tools & parts. · In-store shopping · Kerbside pickup · Delivery",
https://www.google.com/maps/place/ASHMORE+PAINT+CO/data=!4m7!3m6!1s0x86685fac92f3fd41:0x9d9a6129bd40b3f8!8m2!3d27.7709588!4d-97.4014071!16s%2Fg%2F1v6l7y1c!19sChIJQf3zkqxfaIYR-LNAvSlhmp0,ASHMORE PAINT CO,4.8,70,Paint store,"1736 S Staples St, Corpus Christi, TX 78404, United States","QHCX+9C Bay Area, Corpus Christi, TX, USA",https://www.ashmorepaint.com/?utm_source=gbp,+1 361-884-3895,Closes soon ⋅ 5:30 pm ⋅ Opens 8 am Sat,https://lh3.googleusercontent.com/gps-cs-s/AG0ilSy4S5CNcR1bMRQdqjod9OGn6j6vff0I6Q8hQGjqXYBhDNfNdn0k3BrtILW6Bh9NKmJTIViw9i4VrnT048-C7sbh8yOLaG2SKitdvQPsWB1YX6pmtNiXIsswpUMsFFPFkI8apnY=w426-h240-k-no,true,7:30 am–5:30 pm,8 am–12 pm,Closed,7:30 am–5:30 pm,7:30 am–5:30 pm,7:30 am–5:30 pm,7:30 am–5:30 pm,"https://www.google.com/maps/search/garage+door+services+in+Live+Oak+Corpus+Christi+TX/@27.8016282,-97.4363759,14z",2025-11-07T22:57:02.747Z,,· In-store pick-up · Delivery,
https://www.google.com/maps/place/Elite+Xpressions+LLC/data=!4m7!3m6!1s0x8668f68048e9f611:0x5641db07620eb1!8m2!3d27.7527314!4d-97.4180455!16s%2Fg%2F1v75sbh3!19sChIJEfbpSID2aIYRsQ5iB9tBVgA,Elite Xpressions LLC,5.0,5,Metal fabricator,"2361 Pearse Dr, Corpus Christi, TX 78415, United States","QH3J+3Q Central City, Corpus Christi, TX, USA",http://www.elitegaragefloors.com/,+1 361-906-0863,Closes soon ⋅ 5 pm ⋅ Opens 8 am Mon,https://lh3.googleusercontent.com/p/AF1QipNbJaKinQuiC4sd7UuuVDXZ1JIxA0XjJGEWhaIi=w960-h240-k-no,true,8 am–5 pm,Closed,Closed,8 am–5 pm,8 am–5 pm,8 am–5 pm,8 am–5 pm,"https://www.google.com/maps/search/garage+door+services+in+Live+Oak+Corpus+Christi+TX/@27.8016282,-97.4363759,14z",2025-11-07T22:57:07.379Z,,,
https://www.google.com/maps/place/AAMCO+Transmissions+%26+Total+Car+Care/data=!4m7!3m6!1s0x86685e163ea194a9:0x242f10e4c16fc394!8m2!3d27.797084!4d-97.423645!16s%2Fg%2F113jpgwq7!19sChIJqZShPhZeaIYRlMNvweQQLyQ,AAMCO Transmissions & Total Car Care,4.0,252,Transmission shop,"3010 Leopard St, Corpus Christi, TX 78408, United States","QHWG+RG Central City, Corpus Christi, TX, USA",http://www.aamco-corpuschristi.com/?utm_source=G&utm_medium=local&utm_campaign=google-local,+1 361-336-1258,Closes soon ⋅ 5:30 pm ⋅ Opens 8 am Mon,https://lh3.googleusercontent.com/p/AF1QipOrUiK_uNfRLUuSx4N9bFT16vLVNuYFrt7EAmCO=w408-h306-k-no,true,8 am–5:30 pm,Closed,Closed,8 am–5:30 pm,8 am–5:30 pm,8 am–5:30 pm,8 am–5:30 pm,"https://www.google.com/maps/search/garage+door+services+in+Live+Oak+Corpus+Christi+TX/@27.8016282,-97.4363759,14z",2025-11-07T22:57:12.484Z,Identifies as women-owned,,
https://www.google.com/maps/place/Mark+%26+Co/data=!4m7!3m6!1s0x86685e25b011c93b:0x3970e27a515269d1!8m2!3d27.7861679!4d-97.4308726!16s%2Fg%2F1w4vkc57!19sChIJO8kRsCVeaIYR0WlSUXricDk,Mark & Co,4.4,7,Hardware store,"3523 Agnes St, Corpus Christi, TX 78405, United States","QHP9+FM Central City, Corpus Christi, TX, USA",,+1 361-887-8277,Closes soon ⋅ 5 pm ⋅ Opens 8 am Mon,https://streetviewpixels-pa.googleapis.com/v1/thumbnail?panoid=w5BeMRoNMsKU5mf5mvmQnQ&cb_client=search.gws-prod.gps&w=408&h=240&yaw=85.81218&pitch=0&thumbfov=100,true,8 am–5 pm,Closed,Closed,8 am–5 pm,8 am–5 pm,8 am–5 pm,8 am–5 pm,"https://www.google.com/maps/search/garage+door+services+in+Live+Oak+Corpus+Christi+TX/@27.8016282,-97.4363759,14z",2025-11-07T22:57:17.315Z,,,
https://www.google.com/maps/place/Fox+Pest+Control+Corpus+Christi/data=!4m7!3m6!1s0x86685fef28f13fb9:0x47ab9a47096ad34a!8m2!3d27.802788!4d-97.455531!16s%2Fg%2F11bwn65pz3!19sChIJuT_xKO9faIYRStNqCUeaq0c,Fox Pest Control Corpus Christi,4.8,1652,Pest control service,"5233 I-37 Frontage Rd suite b-15, Corpus Christi, TX 78408, United States","RG3V+4Q Central City, Corpus Christi, TX, USA",https://fox-pest.com/locations/texas/?utm_source=google&utm_medium=organic&utm_campaign=gmb-corpus-christi-tx&utm_content=website,+1 361-287-7867,Open 24 hours,https://lh3.googleusercontent.com/p/AF1QipPxOpy4dyxSebljTEuD427_9Ziql-ULLYPKegr9=w408-h272-k-no,true,Open 24 hours,Open 24 hours,Open 24 hours,Open 24 hours,Open 24 hours,Open 24 hours,Open 24 hours,"https://www.google.com/maps/search/garage+door+services+in+Live+Oak+Corpus+Christi+TX/@27.8016282,-97.4363759,14z",2025-11-07T22:57:22.013Z,,,
https://www.google.com/maps/place/Speedy+Vinyl+Siding+and+Windows/data=!4m7!3m6!1s0x866863d5639d9d67:0xff4bcbded948706!8m2!3d27.7667362!4d-97.5394662!16s%2Fg%2F11j0s5g3q0!19sChIJZ52dY9VjaIYRBoeU7b289A8,Speedy Vinyl Siding and Windows,5.0,12,Window installation service,"9002 Stock Dr, Corpus Christi, TX 78406, United States","QF86+M6 Northwest Corpus Christi, Corpus Christi, TX, USA",https://www.speedysidingwindows.com/,+1 361-400-8710,Open ⋅ Closes 7 pm,https://lh3.googleusercontent.com/p/AF1QipOX7dBPPMuBbW4UhrNkrX0wPdVEUEe4AD1OKDFA=w426-h240-k-no,true,8 am–7 pm,9 am–5 pm,Closed,8 am–7 pm,8 am–7 pm,8 am–7 pm,8 am–7 pm,"https://www.google.com/maps/search/garage+door+services+in+Live+Oak+Corpus+Christi+TX/@27.8016282,-97.4363759,14z",2025-11-07T22:57:26.612Z,,,
https://www.google.com/maps/place/Pin+Oak+Group/data=!4m7!3m6!1s0x8668679a29b2e395:0xbaeae280f8f04e40!8m2!3d27.8164838!4d-97.493097!16s%2Fg%2F11h0vl3n0g!19sChIJleOyKZpnaIYRQE7w-IDi6ro,Pin Oak Group,5.0,2,Oil refinery,"6600 Up River Rd, Corpus Christi, TX 78409, United States","RG84+HQ Northwest Corpus Christi, Corpus Christi, TX, USA",http://pinoakterminals.com/,+1 346-998-3910,,https://lh3.googleusercontent.com/p/AF1QipP7mcm2Ff37bLZ_asSHAxs3mZkl-ilSsyZIaMgn=w679-h240-k-no,true,,,,,,,,"https://www.google.com/maps/search/garage+door+services+in+Live+Oak+Corpus+Christi+TX/@27.8016282,-97.4363759,14z",2025-11-07T22:57:29.610Z,,,
https://www.google.com/maps/place/EnviroGuard+Pest+Control/data=!4m7!3m6!1s0x8668f5e5f3bb2279:0xf7903ef17785ce21!8m2!3d27.8010594!4d-97.4693452!16s%2Fg%2F11lkgwr70j!19sChIJeSK78-X1aIYRIc6Fd_E-kPc,EnviroGuard Pest Control,4.8,695,Pest control service,"2209 N Padre Island Dr # H, Corpus Christi, TX 78408, United States","RG2J+C7 Central City, Corpus Christi, TX, USA",https://www.envirogpc.com/?utm_source=google&utm_medium=organic&utm_campaign=local-seo&utm_term=corpus-christi-website,+1 361-208-7709,Closes soon ⋅ 5 pm ⋅ Opens 9 am Mon,https://lh3.googleusercontent.com/p/AF1QipNf_iog6N82iehX5xGkxUk2IA6yJe_TcY352pW1=w408-h408-k-no,true,9 am–5 pm,Closed,Closed,9 am–5 pm,9 am–5 pm,9 am–5 pm,9 am–5 pm,"https://www.google.com/maps/search/garage+door+services+in+Live+Oak+Corpus+Christi+TX/@27.8016282,-97.4363759,14z",2025-11-07T22:57:34.321Z,,,
https://www.google.com/maps/place/Danny%27s+Body+Shop/data=!4m7!3m6!1s0x86685e39b8dd2e21:0x5ee4b1f90ea43a0e!8m2!3d27.7859439!4d-97.4202852!16s%2Fg%2F11bz_8kyh6!19sChIJIS7duDleaIYRDjqkDvmx5F4,Danny's Body Shop,5.0,19,Auto body shop,"502 S Port Ave, Corpus Christi, TX 78405, United States","QHPH+9V Central City, Corpus Christi, TX, USA",,+1 361-742-0392,Closes soon ⋅ 5 pm ⋅ Opens 8:30 am Mon,https://lh3.googleusercontent.com/p/AF1QipMk4VdS7w5lb7mu7Qopc3G4hSyDXTAjxtTBAE8K=w408-h306-k-no,true,8:30 am–5 pm,Closed,Closed,8:30 am–5 pm,8:30 am–5 pm,8:30 am–5 pm,8:30 am–5 pm,"https://www.google.com/maps/search/garage+door+services+in+Live+Oak+Corpus+Christi+TX/@27.8016282,-97.4363759,14z",2025-11-07T22:57:39.074Z,,,
https://www.google.com/maps/place/Quik%23+-+Door+Numbers/data=!4m7!3m6!1s0x86685fc114ab69d9:0x710027d16e90f8bd!8m2!3d27.7533265!4d-97.4205107!16s%2Fg%2F11g9qghhs1!19sChIJ2WmrFMFfaIYRvfiQbtEnAHE,Quik# - Door Numbers,5.0,6,Graphic designer,"4001 S Port Ave, Corpus Christi, TX 78415, United States","QH3H+8Q Central City, Corpus Christi, TX, USA",http://quiknumber.com/,+1 800-269-1621,Closes soon ⋅ 5 pm ⋅ Opens 8 am Mon,https://streetviewpixels-pa.googleapis.com/v1/thumbnail?panoid=vgYbh-2OWkrRPof3MUQNbw&cb_client=search.gws-prod.gps&w=408&h=240&yaw=26.222149&pitch=0&thumbfov=100,true,8 am–5 pm,Closed,Closed,8 am–5 pm,8 am–5 pm,8 am–5 pm,8 am–5 pm,"https://www.google.com/maps/search/garage+door+services+in+Live+Oak+Corpus+Christi+TX/@27.8016282,-97.4363759,14z",2025-11-07T22:57:43.663Z,,,
https://www.google.com/maps/place/MG+Building+Materials/data=!4m7!3m6!1s0x146911a9a977672f:0x85d633dcb2813b2d!8m2!3d27.6931497!4d-97.3360829!16s%2Fg%2F1tfjr3wr!19sChIJL2d3qakRaRQRLTuBstwz1oU,MG Building Materials,4.1,167,Building materials store,"7436 S Padre Island Dr #4329, Corpus Christi, TX 78412, United States","MMV7+7H Bay Area, Corpus Christi, TX, USA",https://www.mgbuildingmaterials.com/,+1 361-884-9811,Closes soon ⋅ 5 pm ⋅ Opens 7:30 am Sat,https://lh3.googleusercontent.com/gps-cs-s/AG0ilSza0sQ1P3NGC_sUfc1TK5tLKxyUIAWWKihvjZ-GA_u3gRyr9LAksR1dsKFGewScZJ45Nu0e_4XjExQMFfnwrbKdVs21IDdcfMfyzWLDFjEmqHEzzcvhO1Idsl90OtmZMgq4ZNrrmQ=w408-h725-k-no,true,7:30 am–5 pm,7:30 am–5 pm,Closed,7:30 am–5 pm,7:30 am–5 pm,7:30 am–5 pm,7:30 am–5 pm,"https://www.google.com/maps/search/garage+door+services+in+Live+Oak+Corpus+Christi+TX/@27.8016282,-97.4363759,14z",2025-11-07T22:57:48.186Z,,"Hardware store carrying treated lumber, tools & supplies for contractors & homeowners. · In-store shopping · Delivery",
https://www.google.com/maps/place/Eagle+Foundation+Repair/data=!4m7!3m6!1s0x86685e5342ae9c69:0xfe14299378ee823c!8m2!3d27.7750124!4d-97.4010818!16s%2Fg%2F1262_39w0!19sChIJaZyuQlNeaIYRPILueJMpFP4,Eagle Foundation Repair,4.4,39,Foundation,"1604 S Staples St #110, Corpus Christi, TX 78404, United States","QHGX+2H Bay Area, Corpus Christi, TX, USA",http://eaglefoundationrepair.com/,+1 361-888-7738,Closed ⋅ Opens 8 am Mon,https://streetviewpixels-pa.googleapis.com/v1/thumbnail?panoid=b-rCx16nNvRmmLp1kV19Eg&cb_client=search.gws-prod.gps&w=408&h=240&yaw=98.079994&pitch=0&thumbfov=100,true,8 am–3:30 pm,Closed,Closed,8 am–5 pm,8 am–5 pm,8 am–5 pm,8 am–5 pm,"https://www.google.com/maps/search/garage+door+services+in+Live+Oak+Corpus+Christi+TX/@27.8016282,-97.4363759,14z",2025-11-07T22:57:53.267Z,,,
https://www.google.com/maps/place/Express+Paint+%26+Body/data=!4m7!3m6!1s0x86685fc2e3a88907:0xc529374b5a69c87!8m2!3d27.8026864!4d-97.3959082!16s%2Fg%2F11h_6s7bjx!19sChIJB4mo48JfaIYRh5ymtXSTUgw,Express Paint & Body,3.8,40,Auto body shop,"1207 N Mesquite St, Corpus Christi, TX 78401, United States","RJ33+3J Central City, Corpus Christi, TX, USA",https://expresspaintandbody.wixsite.com/expresspaintandbody,+1 361-299-5025,Open ⋅ Closes 6 pm,https://lh3.googleusercontent.com/p/AF1QipPk3RRCOsi7hClCYX1LTgI_HOxYwC1O2VG_SRk3=w408-h306-k-no,true,9 am–6 pm,Closed,Closed,9 am–6 pm,9 am–6 pm,9 am–6 pm,9 am–6 pm,"https://www.google.com/maps/search/garage+door+services+in+Live+Oak+Corpus+Christi+TX/@27.8016282,-97.4363759,14z",2025-11-07T22:57:58.288Z,,,
https://www.google.com/maps/place/Sergio%27s+Auto+Repair/data=!4m7!3m6!1s0x86685fcb95be745d:0xda976fdd616b6f3e!8m2!3d27.7684852!4d-97.4206529!16s%2Fg%2F1thq5qsb!19sChIJXXS-lctfaIYRPm9rYd1vl9o,Sergio's Auto Repair,4.4,88,Auto repair shop,"2929 S Port Ave, Corpus Christi, TX 78405, United States","QH9H+9P Central City, Corpus Christi, TX, USA",,+1 361-888-8959,Closes soon ⋅ 5 pm ⋅ Opens 9 am Mon,https://lh3.googleusercontent.com/gps-cs-s/AG0ilSy7KnNwXNm7V1CNsbYjuuf_shVFRPLUiTTeyhL3U5xFwip1cy5eScv-JDdGhKpsjHCOk4i-NN0yrKe7Y8clbG_nV_b1gW-IGl1iIvf1kaDjszwJx-k4zQbfsYFY_hHzFB2XU0VT=w408-h306-k-no,true,9 am–5 pm,Closed,Closed,9 am–5 pm,9 am–5 pm,9 am–5 pm,9 am–5 pm,"https://www.google.com/maps/search/garage+door+services+in+Live+Oak+Corpus+Christi+TX/@27.8016282,-97.4363759,14z",2025-11-07T22:58:03.731Z,,,
https://www.google.com/maps/place/Mojo+Garage+Door+Service/data=!4m7!3m6!1s0x865c61bcf364767f:0x3e463072743833c7!8m2!3d29.5416625!4d-98.4926718!16s%2Fg%2F11b73kc7tt!19sChIJf3Zk87xhXIYRxzM4dHIwRj4,Mojo Garage Door Service,4.9,1056,Garage door supplier,"11103 San Pedro Ave #225, San Antonio, TX 78216, United States","GGR4+MW San Antonio, Texas, USA",https://mojogaragedoors.com/?utm_campaign=google&utm_medium=organic&utm_source=san-antonio-tx,+1 210-997-7777,Open 24 hours,https://lh3.googleusercontent.com/p/AF1QipP-33VVcGqQ8TsbeJQuPRk_iDcMfzh4LlVEpACd=w408-h306-k-no,true,Open 24 hours,Open 24 hours,Open 24 hours,Open 24 hours,Open 24 hours,Open 24 hours,Open 24 hours,"https://www.google.com/maps/search/garage+door+services+in+Live+Oak+Corpus+Christi+TX/@27.8016282,-97.4363759,14z",2025-11-07T22:58:08.395Z,LGBTQ+ friendly,,
https://www.google.com/maps/place/UC+BAY+AREA+CONSTRUCTION+AND+CONCRETE/data=!4m7!3m6!1s0x8668f43d925738cf:0xcb5ce20fb58657cc!8m2!3d27.6597594!4d-97.3662956!16s%2Fg%2F11sghqcm52!19sChIJzzhXkj30aIYRzFeGtQ_iXMs,UC BAY AREA CONSTRUCTION AND CONCRETE,5.0,4,General contractor,"7001 Old Square Dr, Corpus Christi, TX 78414, United States","MJ5M+WF South Side, Corpus Christi, TX, USA",https://ucbayareaconstruction.com/contact,+1 361-510-6296,Closes soon ⋅ 5 pm ⋅ Opens 9 am Sat,https://lh3.googleusercontent.com/p/AF1QipMtd-UgTdEBkcpjw86xjPr0M4CM8E21BSgUx--2=w408-h306-k-no,true,9 am–5 pm,9 am–5 pm,Closed,9 am–5 pm,9 am–5 pm,9 am–5 pm,9 am–5 am,"https://www.google.com/maps/search/garage+door+services+in+Live+Oak+Corpus+Christi+TX/@27.8016282,-97.4363759,14z",2025-11-07T22:58:14.012Z,,,
https://www.google.com/maps/place/PODS+Moving+%26+Storage/data=!4m7!3m6!1s0x86685e622ad81acf:0xde041a4223b2066e!8m2!3d27.8028434!4d-97.3982175!16s%2Fg%2F1tsbmk4d!19sChIJzxrYKmJeaIYRbgayI0IaBN4,PODS Moving & Storage,3.9,103,Moving and storage service,"701 Power St, Corpus Christi, TX 78401, United States","RJ32+4P Central City, Corpus Christi, TX, USA",https://www.pods.com/locations/united-states/texas/corpus-christi?utm_medium=organic&utm_source=gbp_listing&utm_campaign=corpus-christi-gbp,+1 877-770-7637,,https://lh3.googleusercontent.com/p/AF1QipMrZGW0CJC6OhriNIPaukNT9lZB-xo0tKtJ-_uw=w412-h240-k-no,true,8 am–4 pm,8 am–4 pm,Closed,8 am–4 pm,8 am–4 pm,8 am–4 pm,8 am–4 pm,"https://www.google.com/maps/search/garage+door+services+in+Live+Oak+Corpus+Christi+TX/@27.8016282,-97.4363759,14z",2025-11-07T22:58:19.032Z,,,
"https://www.google.com/maps/place/Greenwood+Architectural+Doors+%26+Cantera,+LLC/data=!4m7!3m6!1s0x86685e45a56faa3f:0x21259a6940a279d7!8m2!3d27.7869289!4d-97.4089319!16s%2Fg%2F1tczwcg9!19sChIJP6pvpUVeaIYR13miQGmaJSE","Greenwood Architectural Doors & Cantera, LLC",3.8,16,Door supplier,"1625 Agnes St, Corpus Christi, TX 78401, United States","QHPR+QC Central City, Corpus Christi, TX, USA",https://greenwood-doors.com/,+1 361-888-5750,Closed ⋅ Opens 9:30 am Mon,https://lh3.googleusercontent.com/p/AF1QipOXZv_Da5fsqjxEvU0sotK8CUBZTAHTqbULYKsh=w548-h240-k-no,true,9:30 am–4 pm,Closed,Closed,9:30 am–4 pm,9:30 am–4 pm,9:30 am–4 pm,9:30 am–4 pm,"https://www.google.com/maps/search/garage+door+services+in+Nueces+Corpus+Christi+TX/@27.7964047,-97.4029944,14z",2025-11-07T22:58:39.918Z,,,