placeUrl,title,rating,reviewCount,category,address,plusCode,website,phoneNumber,currentStatus,imgUrl,isClaimed,tuesday,wednesday,thursday,friday,saturday,sunday,monday,query,timestamp,info,isBlackOwned,error,attributes
https://www.google.com/maps/place/NuGenesis+Medical+Spa/data=!4m7!3m6!1s0x864f86a0ff57ad67:0x1631c55015426119!8m2!3d31.5179702!4d-97.2101662!16s%2Fg%2F1tfctmwk!19sChIJZ61X_6CGT4YRGWFCFVDFMRY,NuGenesis Medical Spa,4.9,39,Medical spa,"1000 W Hwy 6 #430, Waco, TX 76712, United States","GQ9Q+5W Waco, Texas, USA",http://wacomedicalspa.com/,+1 254-776-7546,"Closes soon · 5 pm · Opens 9 am Wed

Updated by phone call 11 weeks ago",https://lh3.googleusercontent.com/p/AF1QipMxlvr_xtidINswJ9YVAMvB3Na92kFc2xpsaohl=w408-h544-k-no,true,9 am–5 pm,9 am–5 pm,9 am–5 pm,9 am–2 pm,Closed,Closed,9 am–5 pm,"https://www.google.com/maps/search/vein+clinics+in+Waco+Waco+TX/@31.5575916,-97.1289922,14z",2025-12-16T22:33:43.102Z,,,,
"https://www.google.com/maps/place/William+A.+Peper,+MD/data=!4m7!3m6!1s0x864f86a0fa897fdb:0x6008ce25db7fed6c!8m2!3d31.5182408!4d-97.2096065!16s%2Fg%2F11c3yqrxbz!19sChIJ23-J-qCGT4YRbO1_2yXOCGA","William A. Peper, MD",4.5,21,Vascular surgeon,"1000 Hwy 6 #420, Waco, TX 76712, United States","GQ9R+75 Waco, Texas, USA",http://wacosurgeon.com/,+1 254-751-1700,Closes soon · 5 pm · Opens 8 am Wed,https://lh3.googleusercontent.com/gps-cs-s/AG0ilSxI4aqg9XM03Gdeom1Ar8-i5az8Y_PFujwMhHODJs1Wb-6GCyfBvUQQarHJx11Afk2AYRlQSkhmv2nh09TNyS__WQbTK3T0egYKXDROlyhdHXRcQfCgGq37_P1mBeZhf7qLv8P6xQ=w408-h302-k-no,true,8 am–5 pm,8 am–5 pm,8 am–5 pm,8 am–12 pm,Closed,Closed,8 am–5 pm,"https://www.google.com/maps/search/vein+clinics+in+Waco+Waco+TX/@31.5575916,-97.1289922,14z",2025-12-16T22:33:48.296Z,,,,
https://www.google.com/maps/place/Sanger+Avenue+Medical+Aesthetics/data=!4m7!3m6!1s0x864f841faac9e157:0x55113fece38557eb!8m2!3d31.5196807!4d-97.1976265!16s%2Fg%2F1260cnd_f!19sChIJV-HJqh-ET4YR61eF4-w_EVU,Sanger Avenue Medical Aesthetics,4.9,166,Medical spa,"6614 Sanger Ave Suite 100, Waco, TX 76710, United States","GR92+VW Waco, Texas, USA",https://www.sangeraveaesthetics.com/,+1 254-753-6231,Closes soon · 5 pm · Opens 9 am Wed,https://lh3.googleusercontent.com/p/AF1QipMXnr_9Im8cAkDNU75eVlYRUGsuwfSrFN5Gpk2w=w408-h301-k-no,true,9 am–5 pm,9 am–5 pm,9 am–5 pm,9 am–5 pm,Closed,Closed,9 am–5 pm,"https://www.google.com/maps/search/vein+clinics+in+Waco+Waco+TX/@31.5575916,-97.1289922,14z",2025-12-16T22:33:53.590Z,Identifies as women-owned,,,
https://www.google.com/maps/place/Ascension+Medical+Group+Providence+Cardiovascular+Clinic/data=!4m7!3m6!1s0x864f8787e5005ea1:0xfda4f136e711fa4!8m2!3d31.5133719!4d-97.1995078!16s%2Fg%2F11jn_r_t47!19sChIJoV4A5YeHT4YRpB9xbhNP2g8,Ascension Medical Group Providence Cardiovascular Clinic,4.8,59,Surgeon,"405 Londonderry Dr #310, Waco, TX 76712, United States","GR72+85 Waco, Texas, USA",https://healthcare.ascension.org/locations/texas/txwac/waco-ascension-providence-hospital/departments/medical-plaza/cardiac-surgery?utm_campaign=gmb&utm_medium=organic-search&utm_content=location-listing&utm_source=local,+1 254-741-6333,Closes soon · 5 pm · Opens 8 am Wed,https://lh3.googleusercontent.com/p/AF1QipNUtf1yM1oosOE0TzNlN9k-l4TLY8M6TY0_DDZN=w408-h374-k-no,true,8 am–5 pm,8 am–5 pm,8 am–5 pm,8 am–5 pm,Closed,Closed,8 am–5 pm,"https://www.google.com/maps/search/vein+clinics+in+Waco+Waco+TX/@31.5575916,-97.1289922,14z",2025-12-16T22:33:58.479Z,,,,
https://www.google.com/maps/place/Holos+Medical+Spa+LLC/data=!4m7!3m6!1s0x864f85c058e44051:0x33f26e2eda82b03a!8m2!3d31.5197697!4d-97.1992365!16s%2Fg%2F11t0ndrh8d!19sChIJUUDkWMCFT4YROrCC2i5u8jM,Holos Medical Spa LLC,4.9,81,Medical spa,"6701 Sanger Ave Suite 105C, Waco, TX 76710, United States","GR92+W8 Waco, Texas, USA",http://www.holosmedicalspa.com/,+1 254-265-4576,"Open · Closes 6 pm

Updated by phone call 10 weeks ago",https://lh3.googleusercontent.com/p/AF1QipNd8WWnlNJMZmUNTqQZMaQ40bFimic96P-FgBLq=w408-h408-k-no,true,10 am–6 pm,10 am–6 pm,10 am–6 pm,10 am–6 pm,7 am–1 pm,Closed,10 am–6 pm,"https://www.google.com/maps/search/vein+clinics+in+Waco+Waco+TX/@31.5575916,-97.1289922,14z",2025-12-16T22:34:03.398Z,LGBTQ+ friendly,,,
https://www.google.com/maps/place/Waco+Medical+Laser+%26+Skin+Care/data=!4m7!3m6!1s0x864f86a122c30911:0x1563228c01d11b45!8m2!3d31.5137983!4d-97.196428!16s%2Fg%2F1hc21j1kp!19sChIJEQnDIqGGT4YRRRvRAYwiYxU,Waco Medical Laser & Skin Care,4.8,50,Medical spa,"318 Richland W Cir, Waco, TX 76712, United States","GR73+GC Waco, Texas, USA",https://www.wacomedicallaser.com/,+1 254-776-8009,Closes soon · 5 pm · Opens 9 am Wed,https://streetviewpixels-pa.googleapis.com/v1/thumbnail?panoid=x9DGkd4XGszPtd5rJR0Nfw&cb_client=search.gws-prod.gps&w=408&h=240&yaw=10.173378&pitch=0&thumbfov=100,false,9 am–5 pm,9 am–5 pm,9 am–5 pm,9 am–5 pm,Closed,Closed,9 am–5 pm,"https://www.google.com/maps/search/vein+clinics+in+Waco+Waco+TX/@31.5575916,-97.1289922,14z",2025-12-16T22:34:08.454Z,,,,
https://www.google.com/maps/place/Waco+Heart+%26+Vascular/data=!4m7!3m6!1s0x864f86a0fa80a6d5:0x1fddffb38d8c0cbe!8m2!3d31.5135122!4d-97.1971834!16s%2Fg%2F11b809vzn5!19sChIJ1aaA-qCGT4YRvgyMjbP_3R8,Waco Heart & Vascular,4.3,28,Cardiologist,"321 Richland W Cir, Waco, TX 76712, United States","GR73+C4 Waco, Texas, USA",https://wacohv.com/,+1 254-235-9355,Closes soon · 5 pm · Opens 8 am Wed,https://lh3.googleusercontent.com/p/AF1QipPJqYQlKn-KwIK0ITrzl34QFQzBgxPfwVZ9A41G=w408-h326-k-no,true,8 am–5 pm,8 am–5 pm,8 am–5 pm,8 am–12 pm,Closed,Closed,8 am–5 pm,"https://www.google.com/maps/search/vein+clinics+in+Waco+Waco+TX/@31.5575916,-97.1289922,14z",2025-12-16T22:34:13.423Z,,,,
https://www.google.com/maps/place/Ascension+Medical+Group+Providence+at+Sanger/data=!4m7!3m6!1s0x864f841faac9e157:0xbee4b7391a1a27b2!8m2!3d31.5197856!4d-97.1978605!16s%2Fg%2F1th246lp!19sChIJV-HJqh-ET4YRsicaGjm35L4,Ascension Medical Group Providence at Sanger,4.9,227,General practitioner,"6614 Sanger Ave, Waco, TX 76710, United States","GR92+WV Waco, Texas, USA",https://healthcare.ascension.org/locations/texas/txwac/waco-ascension-medical-group-providence-at-sanger?utm_campaign=gmb&utm_medium=organic-search&utm_content=location-listing&utm_source=local,+1 254-537-6100,Closes soon · 5 pm · Opens 8 am Wed,https://lh3.googleusercontent.com/p/AF1QipOqyv-jLmFdmHQPXkc4uEzZVvxtoNxXBIWPfZfO=w408-h272-k-no,true,8 am–5 pm,8 am–5 pm,8 am–5 pm,8 am–5 pm,Closed,Closed,8 am–5 pm,"https://www.google.com/maps/search/vein+clinics+in+Waco+Waco+TX/@31.5575916,-97.1289922,14z",2025-12-16T22:34:18.610Z,,,,
https://www.google.com/maps/place/Ascension+Medical+Group+Providence+General+Surgery/data=!4m7!3m6!1s0x864f8574c2a06ffb:0x3abf68b632e30eb0!8m2!3d31.5291788!4d-97.2044792!16s%2Fg%2F11jd_p_ws8!19sChIJ-2-gwnSFT4YRsA7jMrZovzo,Ascension Medical Group Providence General Surgery,4.6,104,Surgeon,"6600 Fish Pond Rd # 101, Waco, TX 76710, United States","GQHW+M6 Waco, Texas, USA",https://healthcare.ascension.org/locations/texas/txwac/waco-ascension-medical-group-providence-general-surgery?utm_campaign=gmb&utm_medium=organic-search&utm_content=location-listing&utm_source=local,+1 254-776-3188,Closes soon · 5 pm · Opens 8 am Wed,https://lh3.googleusercontent.com/gps-cs-s/AG0ilSzUJXZ0zNFeEY252MY_EYkfUlq_33XgpvAYfyO8AjyHIRO_sU53r3fyR_zNdTD3Mjs03wniaBcgPGukrnY99E3q2-qXWB-qd4OTBWMTEnbuWhuNglPTNLHKdzhtR1jCTBrSt5xNaA=w408-h306-k-no,true,8 am–5 pm,8 am–5 pm,8 am–5 pm,8 am–5 pm,Closed,Closed,8 am–5 pm,"https://www.google.com/maps/search/vein+clinics+in+Waco+Waco+TX/@31.5575916,-97.1289922,14z",2025-12-16T22:34:23.534Z,,,,
https://www.google.com/maps/place/Waco+Cardiology+Associates/data=!4m7!3m6!1s0x864f869fb55e7b4f:0x907374618cd2b2f4!8m2!3d31.5156876!4d-97.2036965!16s%2Fg%2F1vg4k68_!19sChIJT3tetZ-GT4YR9LLSjGF0c5A,Waco Cardiology Associates,4.9,2456,Medical clinic,"7125 New Sanger Ave # A, Waco, TX 76712, United States","GQ8W+7G Waco, Texas, USA",http://www.wacocardiology.com/,+1 254-399-5400,Closes soon · 5 pm · Opens 8 am Wed,https://lh3.googleusercontent.com/gps-cs-s/AG0ilSzq26qyTwLx_pyFx0xVYTGcV-401IBjeKuu7MSpAr_0APeS71Z7pUWGhfyEo72WWRapQrmPG_9nwFMYs48SBVY9TTKXiCZBoXFh7OKvD867YG-1uercOWRfJqLqr7Ziql-X7Z0K=w408-h306-k-no,true,8 am–5 pm,8 am–5 pm,8 am–5 pm,8 am–5 pm,Closed,Closed,8 am–5 pm,"https://www.google.com/maps/search/vein+clinics+in+Waco+Waco+TX/@31.5575916,-97.1289922,14z",2025-12-16T22:34:28.370Z,,,,
https://www.google.com/maps/place/Express+Emergency+Room+Waco/data=!4m7!3m6!1s0x864f84104b062223:0xaa8a107a120f3cbc!8m2!3d31.53155!4d-97.1906866!16s%2Fg%2F11dzst7ffs!19sChIJIyIGSxCET4YRvDwPEnoQiqo,Express Emergency Room Waco,4.9,951,Emergency room,"1411 N Valley Mills Dr, Waco, TX 76710, United States","GRJ5+JP Waco, Texas, USA",https://expresserwaco.com/?utm_source=GMB&utm_medium=Organic&utm_campaign=GMB,+1 254-224-5662,Open 24 hours,https://lh3.googleusercontent.com/p/AF1QipO1_uQs09mOYA5arWzNUDPgM1k-lp_Qq-mh98-k=w408-h272-k-no,true,Open 24 hours,Open 24 hours,Open 24 hours,Open 24 hours,Open 24 hours,Open 24 hours,Open 24 hours,"https://www.google.com/maps/search/vein+clinics+in+Waco+Waco+TX/@31.5575916,-97.1289922,14z",2025-12-16T22:34:33.344Z,,,,
https://www.google.com/maps/place/The+Med+Spa+Waco/data=!4m7!3m6!1s0x864f85192369a885:0x4074e6363f199237!8m2!3d31.5277508!4d-97.1872655!16s%2Fg%2F11stp3pm41!19sChIJhahpIxmFT4YRN5IZPzbmdEA,The Med Spa Waco,5.0,123,Medical spa,"816 Lake Air Dr, Waco, TX 76710, United States","GRH7+43 Waco, Texas, USA",http://themedspawaco.com/,+1 254-600-4842,Open · Closes 6 pm,https://lh3.googleusercontent.com/p/AF1QipMj-ANgdWDHVvAKu9fiXYm525Tjvk1lEcGJC8Gn=w408-h501-k-no,true,9 am–6 pm,9 am–6 pm,9 am–6 pm,9 am–6 pm,Closed,Closed,9 am–6 pm,"https://www.google.com/maps/search/vein+clinics+in+Waco+Waco+TX/@31.5575916,-97.1289922,14z",2025-12-16T22:34:38.271Z,,,,
"https://www.google.com/maps/place/Mark+G.+Davies,+MD,+PhD,+MBA/data=!4m7!3m6!1s0x864f858d63147c9f:0x856a08cc5213d0c1!8m2!3d31.5133719!4d-97.1995078!16s%2Fg%2F11vbm5683w!19sChIJn3wUY42FT4YRwdATUswIaoU","Mark G. Davies, MD, PhD, MBA",4.8,65,Vascular surgeon,"405 Londonderry Dr #310, Waco, TX 76712, United States","GR72+85 Waco, Texas, USA",https://healthcare.ascension.org/find-care/provider/1477581619/mark-davies?utm_campaign=gmb-website&utm_medium=organic&utm_source=google,+1 254-741-6333,Closes soon · 5 pm · Opens 10 am Wed,https://lh3.googleusercontent.com/p/AF1QipNWUQx-irKw1B39mJ0L3nOZAGJ6x5BlMoJpZ5bY=w408-h612-k-no,true,10 am–5 pm,10 am–5 pm,10 am–5 pm,10 am–5 pm,Closed,Closed,10 am–5 pm,"https://www.google.com/maps/search/vein+clinics+in+Waco+Waco+TX/@31.5575916,-97.1289922,14z",2025-12-16T22:34:43.309Z,,,,
https://www.google.com/maps/place/Vanish+Body+Contouring/data=!4m7!3m6!1s0x864f8333244a0e03:0x1484f61db8a70eb4!8m2!3d31.548903!4d-97.172018!16s%2Fg%2F11nfzgpbmk!19sChIJAw5KJDODT4YRtA6nuB32hBQ,Vanish Body Contouring,4.8,22,Weight loss service,"3300 Parrott Ave, Waco, TX 76710, United States","GRXH+H5 Waco, Texas, USA",http://www.vanishbodycontouring.com/,+1 254-339-0093,Open · Closes 8 pm,https://lh3.googleusercontent.com/p/AF1QipNosYYQTF_a3enuGPUSGgbFkLr31BOfvrop9Pg1=w408-h508-k-no,true,8:30 am–8 pm,8:30 am–8 pm,8:30 am–8 pm,8:30 am–8 pm,8 am–5 pm,Closed,8:30 am–8 pm,"https://www.google.com/maps/search/vein+clinics+in+Waco+Waco+TX/@31.5575916,-97.1289922,14z",2025-12-16T22:34:48.157Z,Identifies as Latino-owned,,,
https://www.google.com/maps/place/Tejas+Aesthetics/data=!4m7!3m6!1s0x864f85087cd1ecb1:0x9431a9b0671a945f!8m2!3d31.5287905!4d-97.1862428!16s%2Fg%2F11jsyv4w84!19sChIJsezRfAiFT4YRX5QaZ7CpMZQ,Tejas Aesthetics,5.0,122,Medical spa,"921C Lake Air Dr, Waco, TX 76710, United States","GRH7+GG Waco, Texas, USA",https://www.tejasaesthetics.com/,+1 254-733-4084,Open · Closes 6:30 pm,https://lh3.googleusercontent.com/p/AF1QipOsrRegzqVtOgGIX20bbVqTRZqzMp55My48jXRb=w408-h272-k-no,true,10:30 am–6:30 pm,10:30 am–4 pm,10:30 am–6:30 pm,10:30 am–6:30 pm,Closed,Closed,10:30 am–4 pm,"https://www.google.com/maps/search/vein+clinics+in+Waco+Waco+TX/@31.5575916,-97.1289922,14z",2025-12-16T22:34:53.069Z,LGBTQ+ friendly,,,
https://www.google.com/maps/place/Ascension+Providence+Wound+Care+Center/data=!4m7!3m6!1s0x864f86a0322a2e2f:0x5ee67b9b862e9cb0!8m2!3d31.5151787!4d-97.1993226!16s%2Fg%2F1tfm71sy!19sChIJLy4qMqCGT4YRsJwuhpt75l4,Ascension Providence Wound Care Center,4.5,6,Medical clinic,"6901 Medical Pkwy, Waco, TX 76712, United States","GR82+37 Waco, Texas, USA",https://healthcare.ascension.org/locations/texas/txwac/waco-ascension-providence-hospital/departments/wound-care?utm_campaign=gmb&utm_medium=organic-search&utm_content=location-listing&utm_source=local,+1 254-751-4242,"Closes soon · 5 pm · Opens 8 am Wed

Confirmed by this business 3 weeks ago",https://lh3.googleusercontent.com/p/AF1QipPr-pTQr4AE_0wxtSujrw8foaSotix7qF9YXhdR=w408-h272-k-no,true,8 am–5 pm,8 am–5 pm,8 am–5 pm,8 am–5 pm,Closed,Closed,8 am–5 pm,"https://www.google.com/maps/search/vein+clinics+in+Waco+Waco+TX/@31.5575916,-97.1289922,14z",2025-12-16T22:34:57.971Z,,,,
"https://www.google.com/maps/place/The+Skin+Cafe,+LLC/data=!4m7!3m6!1s0x864f87280fc0601d:0x9cb853d880f3b0b0!8m2!3d31.5201369!4d-97.2007098!16s%2Fg%2F11rxw1kbg6!19sChIJHWDADyiHT4YRsLDzgNhTuJw","The Skin Cafe, LLC",4.9,63,Health spa,"6801 Sanger Ave #140, Waco, TX 76710, United States","GQCX+3P Waco, Texas, USA",,+1 254-412-6917,Open · Closes 6 pm,https://lh3.googleusercontent.com/gps-cs-s/AG0ilSxDPdzUec2FxfooPZAfUcIhR4VT1LbooiWqTJTJZ1A5FJjnhcu11ukiSoX-zhcPn-QnKL3n74H4-pisPM_f5pi-jvnI6RO9X0RgGZnA07tAXfvoSAxKhQI4Jx399vh4bnSvoP8=w408-h544-k-no,true,9 am–6 pm,10 am–6 pm,9 am–6 pm,9 am–6 pm,Closed,Closed,10 am–6 pm,"https://www.google.com/maps/search/vein+clinics+in+Waco+Waco+TX/@31.5575916,-97.1289922,14z",2025-12-16T22:35:02.982Z,Identifies as veteran-owned,true,,
https://www.google.com/maps/place/Revitalize+SkinMD/data=!4m7!3m6!1s0x864f8411e91f52d7:0x5a0958dd6c517142!8m2!3d31.5104084!4d-97.1900405!16s%2Fg%2F11d_7njb7p!19sChIJ11If6RGET4YRQnFRbN1YCVo,Revitalize SkinMD,5.0,246,Medical spa,"6500 Woodway Dr Suite #115 m, Waco, TX 76712, United States","GR65+5X Waco, Texas, USA",https://www.revitalizeskinmd.com/?utm_source=google&utm_medium=organic&utm_campaign=gbp&utm_term=Revitalize-SkinMD&utm_content=website,+1 254-244-3642,Open · Closes 6 pm,https://lh3.googleusercontent.com/p/AF1QipMY3RrNqYcbJdUEyqp8FHlRdCfcjzK-CPrABBTt=w408-h272-k-no,true,9 am–6 pm,9 am–6 pm,9 am–6 pm,9 am–6 pm,Closed,Closed,9 am–6 pm,"https://www.google.com/maps/search/vein+clinics+in+Waco+Waco+TX/@31.5575916,-97.1289922,14z",2025-12-16T22:35:08.199Z,,,,
https://www.google.com/maps/place/Touchstone+Imaging+Waco/data=!4m7!3m6!1s0x14f756e08eed516f:0x31221152ef5f4e93!8m2!3d31.5142899!4d-97.1966018!16s%2Fg%2F11b5wknj3n!19sChIJb1HtjuBW9xQRk05f71IRIjE,Touchstone Imaging Waco,4.8,626,Medical diagnostic imaging center,"312 Richland W Cir, Waco, TX 76712, United States","GR73+P9 Waco, Texas, USA",https://www.touchstoneimaging.com/locations/waco/,+1 254-755-4410,Open · Closes 7 pm,https://lh3.googleusercontent.com/p/AF1QipOaH162QS_y1Wju239r4u4dAwAV0L5N0RqR4RDD=w426-h240-k-no,true,7 am–7 pm,7 am–7 pm,7 am–7 pm,7 am–7 pm,8 am–12 pm,Closed,7 am–7 pm,"https://www.google.com/maps/search/vein+clinics+in+Waco+Waco+TX/@31.5575916,-97.1289922,14z",2025-12-16T22:35:13.328Z,LGBTQ+ friendly,,,
https://www.google.com/maps/place/Pain+Treatment+Waco/data=!4m7!3m6!1s0x864f85b81ba58135:0x604b8b47b05ec3cb!8m2!3d31.5293364!4d-97.1931732!16s%2Fg%2F11gnscmftx!19sChIJNYGlG7iFT4YRy8NesEeLS2A,Pain Treatment Waco,,,Pain management physician,"5601 Edmond Ave suite h, Waco, TX 76710, United States","GRH4+PP Waco, Texas, USA",http://paintreatmentwaco.com/,+1 254-723-3241,,https://lh3.googleusercontent.com/gps-cs-s/AG0ilSyPVdUIuJZ5hqdEuHRULX9SzPkJzxORuj_6zH58ZYHa_0VzXGvOcdmcS4lvbSn15qu-C2K2TeX-d5R3XrqEbO5Ro6DYhlmoWe3BHqEWV0wrMMvfViMpynCwU6aWMp2AkdOcaZSV_A=w408-h306-k-no,true,,,,,,,,"https://www.google.com/maps/search/vein+clinics+in+Waco+Waco+TX/@31.5575916,-97.1289922,14z",2025-12-16T22:35:16.271Z,,,,
https://www.google.com/maps/place/Velocity+Clinical+Research/data=!4m7!3m6!1s0x864f85c6dc2dc483:0xcf608a7e364689e7!8m2!3d31.5290899!4d-97.2045209!16s%2Fg%2F11np6s382w!19sChIJg8Qt3MaFT4YR54lGNn6KYM8,Velocity Clinical Research,4.9,74,Medical Center,"6600 Fish Pond Rd # 202, Waco, TX 76710, United States","GQHW+J5 Waco, Texas, USA",https://velocityclinicaltrials.com/locations/velocity-clinical-research-waco/,+1 254-294-4780,Closed · Opens 7:30 am Wed,https://lh3.googleusercontent.com/p/AF1QipOj5oR4ni7KOJSvd9vbgU7bTstNTo4j7tldgd8_=w546-h240-k-no,true,7:30 am–4 pm,7:30 am–4 pm,7:30 am–4 pm,7:30 am–4 pm,Closed,Closed,7:30 am–4 pm,"https://www.google.com/maps/search/vein+clinics+in+Waco+Waco+TX/@31.5575916,-97.1289922,14z",2025-12-16T22:35:21.467Z,,,,
https://www.google.com/maps/place/Waco+Gastroenterology+Endoscopy+Center/data=!4m7!3m6!1s0x864f86a11149f635:0x2918ce7914d334bc!8m2!3d31.5120929!4d-97.1981304!16s%2Fg%2F1vnrlf9m!19sChIJNfZJEaGGT4YRvDTTFHnOGCk,Waco Gastroenterology Endoscopy Center,4.9,2163,Surgical center,"364 Richland W Cir B, Waco, TX 76712, United States","GR62+RP Waco, Texas, USA",http://wacoendocenter.com/,+1 254-230-1109,"Closed · Opens 7 am Wed

Confirmed by this business 6 weeks ago",https://lh3.googleusercontent.com/gps-cs-s/AG0ilSxR8M23hxj2smwuu2r5yH9HDjQpp24BtkrEPB1L2HV6vtRMj-YjhwL6gW8efMsvYVt_QXY2fKMj7RdOCQP9-LPHQKlEU2DIkxama2jF2x9JqZdLAZuppALMej4C-juUPs9qbZqgaQ=w408-h816-k-no,true,7 am–4:30 pm,7 am–4:30 pm,7 am–4:30 pm,7 am–4 pm,Closed,Closed,7 am–4:30 pm,"https://www.google.com/maps/search/vein+clinics+in+Waco+Waco+TX/@31.5575916,-97.1289922,14z",2025-12-16T22:35:26.482Z,,,,
"https://www.google.com/maps/place/Bradley+Trinidad,+MD/data=!4m7!3m6!1s0x87015174c44111a9:0x2a405184f726eb40!8m2!3d31.5133719!4d-97.1995078!16s%2Fg%2F11n_ywl_x2!19sChIJqRFBxHRRAYcRQOsm94RRQCo","Bradley Trinidad, MD",4.6,29,Vascular surgeon,"405 Londonderry Dr #310, Waco, TX 76712, United States","GR72+85 Waco, Texas, USA",https://healthcare.ascension.org/find-care/provider/1578918520/bradley-trinidad,+1 254-741-6333,,https://lh3.googleusercontent.com/p/AF1QipMbyid-Um0UHhXBA5yQCjZKTeTTyjv9_mBOW_bE=w426-h240-k-no,true,,,,,,,,"https://www.google.com/maps/search/vein+clinics+in+Waco+Waco+TX/@31.5575916,-97.1289922,14z",2025-12-16T22:35:29.401Z,,,,
https://www.google.com/maps/place/Waco+Family+Medicine+-+Bellmead/data=!4m7!3m6!1s0x864f82a189bfc325:0x6a632da63119435b!8m2!3d31.6039349!4d-97.0992995!16s%2Fg%2F1tczf9m4!19sChIJJcO_iaGCT4YRW0MZMaYtY2o,Waco Family Medicine - Bellmead,3.9,21,Medical clinic,"556 N Loop 340, Bellmead, TX 76705, United States","JW32+H7 Bellmead, Texas, USA",https://wacofamilymedicine.org/locations/bellmead/,+1 254-313-5400,Closes soon · 5 pm · Opens 8 am Wed,https://streetviewpixels-pa.googleapis.com/v1/thumbnail?panoid=dWJQWavGXLv-CpOsc0-lCg&cb_client=search.gws-prod.gps&w=408&h=240&yaw=8.55543&pitch=0&thumbfov=100,true,8 am–5 pm,8 am–5 pm,8 am–5 pm,8 am–5 pm,Closed,Closed,8 am–5 pm,"https://www.google.com/maps/search/vein+clinics+in+Bellmead+Waco+TX/@31.5989517,-97.0894496,14z",2025-12-16T22:35:44.944Z,,,,
https://www.google.com/maps/place/Baylor+Scott+%26+White+Hillcrest+Clinic+-+Bellmead/data=!4m7!3m6!1s0x864f82af8e230017:0x9eadaff909cd1274!8m2!3d31.602766!4d-97.101945!16s%2Fg%2F1tmpky0t!19sChIJFwAjjq-CT4YRdBLNCfmvrZ4,Baylor Scott & White Hillcrest Clinic - Bellmead,3.8,39,Medical clinic,"851 N Loop 340, Waco, TX 76705, United States","JV3X+46 Waco, Texas, USA",https://www.bswhealth.com/locations/clinic/hillcrest-bellmead?utm_source=pg-google&utm_medium=organic&utm_campaign=29985-9717631,+1 254-202-7500,Open · Closes 7:30 pm,https://lh3.googleusercontent.com/p/AF1QipN9gJDgLyFn5gMBkKrRFbWVuicIbYoVwmnMVaAo=w426-h240-k-no,true,8 am–7:30 pm,8 am–7:30 pm,8 am–7:30 pm,8 am–7:30 pm,8 am–7:30 pm,10 am–5:30 pm,8 am–7:30 pm,"https://www.google.com/maps/search/vein+clinics+in+Bellmead+Waco+TX/@31.5989517,-97.0894496,14z",2025-12-16T22:35:50.042Z,,,,
"https://www.google.com/maps/place/Dr.+Kevin+C.+Steele,+MD/data=!4m7!3m6!1s0x864f82a189bfc325:0x47894db415cec717!8m2!3d31.6039645!4d-97.0993578!16s%2Fg%2F1tm8k_jt!19sChIJJcO_iaGCT4YRF8fOFbRNiUc","Dr. Kevin C. Steele, MD",5.0,5,Family practice physician,"556 N Loop 340, Bellmead, TX 76705, United States","JW32+H7 Bellmead, Texas, USA",http://www.wacofhc.org/bellmead,+1 254-313-5400,Closes soon · 5 pm · Opens 8 am Wed,https://lh3.googleusercontent.com/gps-cs-s/AG0ilSzwxEqzY7T9xSzcqKgmiBzw_htMy4R2vJOsEJ8gCPOcYLjdiIy9dTA8oT5OYm3H-y4jQ8dAPDTVjof1161mZRe80v9YgNypigMXi-riiK8ffrCpsVqh3fyCZOYVbwk5hbky3BU=w408-h725-k-no,false,8 am–5 pm,8 am–5 pm,8 am–5 pm,8 am–5 pm,Closed,Closed,8 am–5 pm,"https://www.google.com/maps/search/vein+clinics+in+Bellmead+Waco+TX/@31.5989517,-97.0894496,14z",2025-12-16T22:35:55.007Z,,,,
https://www.google.com/maps/place/Hillcrest+Clinic-Bellmead:+Sammons+Denise+M+MD/data=!4m7!3m6!1s0x864f82af8e230017:0x87c3fdb375fdf074!8m2!3d31.6027165!4d-97.1019933!16s%2Fg%2F1hc1y2g3p!19sChIJFwAjjq-CT4YRdPD9dbP9w4c,Hillcrest Clinic-Bellmead: Sammons Denise M MD,,,Doctor,"851 TX-340 Loop, Waco, TX 76705, United States","JV3X+36 Waco, Texas, USA",https://www.bswhealth.com/locations/bellmead-hillcrest-clinic,+1 254-202-7500,,https://streetviewpixels-pa.googleapis.com/v1/thumbnail?panoid=2Z3CaDzNXm7AAs4JvCAfgQ&cb_client=search.gws-prod.gps&w=408&h=240&yaw=102.063095&pitch=0&thumbfov=100,false,,,,,,,,"https://www.google.com/maps/search/vein+clinics+in+Bellmead+Waco+TX/@31.5989517,-97.0894496,14z",2025-12-16T22:35:57.750Z,,,,
https://www.google.com/maps/place/Skin+and+Body+Refinery/data=!4m7!3m6!1s0x864f83faab8d45bf:0x2640b31a6a17a763!8m2!3d31.5424718!4d-97.1476076!16s%2Fg%2F11cn07jjqw!19sChIJv0WNq_qDT4YRY6cXahqzQCY,Skin and Body Refinery,4.9,332,Medical spa,"2210 Austin Ave, Waco, TX 76701, United States","GVR2+XX Waco, Texas, USA",http://www.skinandbodyrefinery.com/,+1 254-235-0605,Open · Closes 6 pm,https://lh3.googleusercontent.com/gps-cs-s/AG0ilSyYYE1oS7f8kOkSjaOBPBSS5IiC4fU9nCTGwgpKOpJ4jEFbRgybblQL0PQ30RioFoyIgTMQdnfX2htSXj-6xPmI_AWTkiixCsOgvC3OP75KWy80wezYkPwQLviaCXss9GVlTbE=w408-h319-k-no,true,9 am–6 pm,9 am–6 pm,9 am–6 pm,9 am–6 pm,9 am–2 pm,Closed,9 am–6 pm,"https://www.google.com/maps/search/vein+clinics+in+Bellmead+Waco+TX/@31.5989517,-97.0894496,14z",2025-12-16T22:36:02.747Z,,,,
"https://www.google.com/maps/place/Heather+McCall,+PA/data=!4m7!3m6!1s0x864f86a1c6728e7b:0x2e23ef10fbf70b2c!8m2!3d31.4900828!4d-97.1571917!16s%2Fg%2F11c5bjbr6k!19sChIJe45yxqGGT4YRLAv3-xDvIy4","Heather McCall, PA",5.0,5,Vascular surgeon,"50 Hillcrest Medical Blvd Ste 303-B, Waco, TX 76712, United States","FRRV+24 Waco, Texas, USA",https://www.bswhealth.com/physician-assistant/heather-mccall?utm_source=pg-google&utm_medium=organic&utm_campaign=29985-9748713-1518215094,+1 254-202-9004,Closes soon · 5 pm · Opens 8 am Wed,https://lh3.googleusercontent.com/p/AF1QipONHHs4nN0nMii9MVJmvTg0i4b4pBqCUlojKMK-=w426-h240-k-no,true,8 am–5 pm,8 am–5 pm,8 am–5 pm,8 am–5 pm,Closed,Closed,8 am–5 pm,"https://www.google.com/maps/search/vein+clinics+in+Bellmead+Waco+TX/@31.5989517,-97.0894496,14z",2025-12-16T22:36:07.658Z,,,,
https://www.google.com/maps/place/ImmunoTek+Plasma/data=!4m7!3m6!1s0x864f8306399eff03:0xfddcf40d78681412!8m2!3d31.6051527!4d-97.1033813!16s%2Fg%2F11sbhrz5lw!19sChIJA_-eOQaDT4YREhRoeA303P0,ImmunoTek Plasma,3.8,83,Blood donation center,"974 N Loop 340, Bellmead, TX 76705, United States","JV4W+3J Bellmead, Texas, USA",https://www.immunotek.com/,+1 254-343-7000,"Closed · Opens 7 am Wed

Updated by this business 9 weeks ago",https://lh3.googleusercontent.com/p/AF1QipPsBcaiW3V_YPIU72SaGXIpHrGpdFZ7EVdMP0rA=w408-h272-k-no,true,7 am–3 pm,7 am–3 pm,7 am–3 pm,7 am–3 pm,7 am–3 pm,Closed,Closed,"https://www.google.com/maps/search/vein+clinics+in+Bellmead+Waco+TX/@31.5989517,-97.0894496,14z",2025-12-16T22:36:12.665Z,,,,
https://www.google.com/maps/place/Serenity+Med+Spa+%26+Wellness+Center/data=!4m7!3m6!1s0x864f815d2652c80b:0x7b6eef372149a2ff!8m2!3d31.4964813!4d-97.152426!16s%2Fg%2F11w1nzhjc7!19sChIJC8hSJl2BT4YR_6JJITfvbns,Serenity Med Spa & Wellness Center,5.0,21,Medical spa,"2814 W Loop 340 Bldg H-I, Suite #4, Waco, TX 76711, United States","FRWX+H2 Waco, Texas, USA",https://www.serenitywaco.com/?utm_source=GBP,+1 254-265-6510,Open · Closes 6 pm,https://lh3.googleusercontent.com/p/AF1QipO6_RWuu60dJofA3fawNH-3CNVX0HT7-Xutfomt=w408-h612-k-no,true,9 am–6 pm,9 am–6 pm,9 am–9 pm,9 am–6 pm,9 am–1 pm,Closed,9 am–6 pm,"https://www.google.com/maps/search/vein+clinics+in+Bellmead+Waco+TX/@31.5989517,-97.0894496,14z",2025-12-16T22:36:17.951Z,Identifies as women-owned,,,
https://www.google.com/maps/place/Waco+Family+Medicine+-+Central/data=!4m7!3m6!1s0x864f83a15ff703b5:0x684672ec7736e239!8m2!3d31.5591331!4d-97.1530183!16s%2Fg%2F11g6mh8nnq!19sChIJtQP3X6GDT4YROeI2d-xyRmg,Waco Family Medicine - Central,3.0,120,Doctor,"1600 Providence Dr, Waco, TX 76707, United States","HR5W+MQ Waco, Texas, USA",https://wacofamilymedicine.org/locations/central/,+1 254-313-4200,,https://lh3.googleusercontent.com/gps-cs-s/AG0ilSwr1iEidKaBoAmNzNq-y58jODf7TwD6WRuWGALZVwbBvhg1i56fP4LpPTEK9lvAHKHu8CPzudz0ZtZ50-MZ6x3MhdYyny5HVimbCvtqceWQBstf9XWIU9ijUn0GRpaiWCUUkqu1=w519-h240-k-no,true,,,,,,,,"https://www.google.com/maps/search/vein+clinics+in+Bellmead+Waco+TX/@31.5989517,-97.0894496,14z",2025-12-16T22:36:22.951Z,,,,
https://www.google.com/maps/place/Dr.+TODD+A.+CUMBIE/data=!4m7!3m6!1s0x864f843ce8797faf:0x6ead825aa668f85e!8m2!3d31.5289988!4d-97.2045204!16s%2Fg%2F11b6b6kkq0!19sChIJr3956DyET4YRXvhoplqCrW4,Dr. TODD A. CUMBIE,5.0,1,Vascular surgeon,"6600 Fish Pond Rd, Waco, TX 76710, United States","GQHW+H5 Waco, Texas, USA",,+1 254-776-3188,,https://streetviewpixels-pa.googleapis.com/v1/thumbnail?panoid=BlUFNuElYT1dWXZxDbb17Q&cb_client=search.gws-prod.gps&w=408&h=240&yaw=259.55728&pitch=0&thumbfov=100,false,,,,,,,,"https://www.google.com/maps/search/vein+clinics+in+Bellmead+Waco+TX/@31.5989517,-97.0894496,14z",2025-12-16T22:36:25.814Z,,,,
https://www.google.com/maps/place/CenTex+IV/data=!4m7!3m6!1s0x864f870269736c69:0x34bac1a938d9eff7!8m2!3d31.4893159!4d-97.2433533!16s%2Fg%2F11wxv7kyhc!19sChIJaWxzaQKHT4YR9-_ZOKnBujQ,CenTex IV,5.0,319,Medical spa,"13701 Woodway Dr Suite 615, Woodway, TX 76712, United States","FQQ4+PM Woodway, Texas, USA",https://centexiv.com/,+1 254-651-6150,Open 24 hours,https://lh3.googleusercontent.com/p/AF1QipOM9PULRQoIDqm_t6Ujfl4XsIN1vapaQP6VXcRQ=w408-h326-k-no,true,Open 24 hours,Open 24 hours,Open 24 hours,Open 24 hours,Open 24 hours,Open 24 hours,Open 24 hours,"https://www.google.com/maps/search/vein+clinics+in+Woodway+Waco+TX/@31.5059998,-97.2050055,14z",2025-12-16T22:36:42.587Z,Identifies as women-owned,,,
https://www.google.com/maps/place/Ascension+Medical+Group+Providence+Express+Care+at+Woodway/data=!4m7!3m6!1s0x864f8774d16043ad:0x50abfcee729e4400!8m2!3d31.5083244!4d-97.2001229!16s%2Fg%2F11jfq7t0km!19sChIJrUNg0XSHT4YRAESecu78q1A,Ascension Medical Group Providence Express Care at Woodway,4.6,441,Urgent care center,"7003 Woodway Dr # 311, Waco, TX 76712, United States","GQ5X+8X Waco, Texas, USA",https://healthcare.ascension.org/locations/texas/txwac/waco-ascension-medical-group-providence-express-care-at-woodway?utm_campaign=gmb&utm_medium=organic-search&utm_content=location-listing&utm_source=local,+1 254-537-6000,Open · Closes 8 pm,https://lh3.googleusercontent.com/p/AF1QipMlojUFL4gAbb-kZLQqo_aB0Ap-XmnvuQ-wSWkF=w861-h240-k-no,true,8 am–8 pm,8 am–8 pm,8 am–8 pm,8 am–8 pm,8 am–8 pm,8 am–8 pm,8 am–8 pm,"https://www.google.com/maps/search/vein+clinics+in+Woodway+Waco+TX/@31.5059998,-97.2050055,14z",2025-12-16T22:36:47.684Z,,,,
https://www.google.com/maps/place/Ascension+Medical+Group+Providence+Family+Medicine+at+Woodway/data=!4m7!3m6!1s0x864f86a28fbffecf:0xa4b68cd3389a4978!8m2!3d31.5101411!4d-97.1955043!16s%2Fg%2F11b5zq1fw9!19sChIJz_6_j6KGT4YReEmaONOMtqQ,Ascension Medical Group Providence Family Medicine at Woodway,4.8,440,General practitioner,"6101 Woodway Dr #200, Waco, TX 76712, United States","GR63+3Q Waco, Texas, USA",https://healthcare.ascension.org/locations/texas/txwac/waco-ascension-medical-group-providence-family-medicine-at-woodway?utm_campaign=gmb&utm_medium=organic-search&utm_content=location-listing&utm_source=local,+1 254-537-6300,Closes soon · 5 pm · Opens 8 am Wed,https://lh3.googleusercontent.com/p/AF1QipNJUeyLJgtl9goiiEaApVyxLwv3UXFXADoUE6GU=w426-h240-k-no,true,8 am–5 pm,8 am–5 pm,8 am–5 pm,8 am–5 pm,Closed,Closed,8 am–5 pm,"https://www.google.com/maps/search/vein+clinics+in+Woodway+Waco+TX/@31.5059998,-97.2050055,14z",2025-12-16T22:36:52.693Z,,,,
https://www.google.com/maps/place/Waco+Surgical+Center/data=!4m7!3m6!1s0x864f86a28feea123:0x68529c2a709995ac!8m2!3d31.5078881!4d-97.1997092!16s%2Fg%2F1tjv3y77!19sChIJI6Huj6KGT4YRrJWZcCqcUmg,Waco Surgical Center,4.2,5,Surgical center,"7003 Woodway Dr Suite 307, Woodway, TX 76712, United States","GR52+54 Woodway, Texas, USA",,+1 254-399-8519,,https://streetviewpixels-pa.googleapis.com/v1/thumbnail?panoid=JuHehC5ACf83InBckPxphA&cb_client=search.gws-prod.gps&w=408&h=240&yaw=295.07217&pitch=0&thumbfov=100,false,,,,,,,,"https://www.google.com/maps/search/vein+clinics+in+Woodway+Waco+TX/@31.5059998,-97.2050055,14z",2025-12-16T22:36:55.465Z,,,,
https://www.google.com/maps/place/Renew+Vitality+Clinic/data=!4m7!3m6!1s0x864f876e21688f15:0x96ee1475c0a4e412!8m2!3d31.4739582!4d-97.2029126!16s%2Fg%2F11kx7qm5fx!19sChIJFY9oIW6HT4YREuSkwHUU7pY,Renew Vitality Clinic,5.0,60,Medical clinic,"519 N Hewitt Dr, Hewitt, TX 76643, United States","FQFW+HR Hewitt, Texas, USA",,+1 817-617-3304,Closed · Opens 10 am Fri,https://streetviewpixels-pa.googleapis.com/v1/thumbnail?panoid=AsxkeUyj5INxtWYg52Ctng&cb_client=search.gws-prod.gps&w=408&h=240&yaw=132.53969&pitch=0&thumbfov=100,true,Closed,Closed,Closed,10 am–5 pm,Closed,Closed,10 am–5 pm,"https://www.google.com/maps/search/vein+clinics+in+Woodway+Waco+TX/@31.5059998,-97.2050055,14z",2025-12-16T22:37:00.444Z,,,,
https://www.google.com/maps/place/Heart+of+Texas+Cath+Lab+and+Surgery+Center/data=!4m7!3m6!1s0x864f86a2851ac31b:0x1c6a5bdfba2a511!8m2!3d31.5078741!4d-97.1996749!16s%2Fg%2F11g9nl1vb2!19sChIJG8MahaKGT4YREaWi-72lxgE,Heart of Texas Cath Lab and Surgery Center,5.0,4,Medical clinic,"7003 Woodway Dr Suite 307, Woodway, TX 76712, United States","GR52+44 Woodway, Texas, USA",https://wacohsc.com/,+1 254-235-1122,Closes soon · 5 pm · Opens 8 am Wed,https://streetviewpixels-pa.googleapis.com/v1/thumbnail?panoid=5luXTjtfAL2BzFuBcd4n1g&cb_client=search.gws-prod.gps&w=408&h=240&yaw=260.35867&pitch=0&thumbfov=100,false,8 am–5 pm,8 am–5 pm,8 am–5 pm,8 am–5 pm,Closed,Closed,8 am–5 pm,"https://www.google.com/maps/search/vein+clinics+in+Woodway+Waco+TX/@31.5059998,-97.2050055,14z",2025-12-16T22:37:05.556Z,,,,
"https://www.google.com/maps/place/Prestige+Regenerative+Medicine/@31.5179008,-97.2001629,17z/data=!3m1!4b1!4m6!3m5!1s0x864f85a9707ab9cb:0xec3e504be4248096!8m2!3d31.5179008!4d-97.2001629!16s%2Fg%2F11ft059vgh",Prestige Regenerative Medicine,4.9,7,Medical clinic,"611 W Hwy 6 Suite 115, Waco, TX 76710, United States","GQ9X+5W Waco, Texas, USA",https://prestigerm.com/,+1 254-282-0220,Closed · Opens 9 am Wed,,false,Closed,9 am–5 pm,9 am–5 pm,Closed,Closed,Closed,Closed,"https://www.google.com/maps/search/vein+clinics+in+Woodway+Waco+TX/@31.5059998,-97.2050055,14z",2025-12-16T22:37:12.474Z,,,,
https://www.google.com/maps/place/Ascension+Medical+Group+Providence+Lung+Clinic/data=!4m7!3m6!1s0x864f86a114b36423:0xca1d3f61d4ed4ab7!8m2!3d31.5124508!4d-97.1971905!16s%2Fg%2F11bwt53wtb!19sChIJI2SzFKGGT4YRt0rt1GE_Hco,Ascension Medical Group Providence Lung Clinic,4.8,320,Pulmonologist,"342 Richland W Cir, Waco, TX 76712, United States","GR63+X4 Waco, Texas, USA",https://healthcare.ascension.org/locations/texas/txwac/waco-ascension-medical-group-providence-lung-clinic?utm_campaign=gmb&utm_medium=organic-search&utm_content=location-listing&utm_source=local,+1 254-537-6600,"Closes soon · 5 pm · Opens 8 am Wed

Confirmed by this business 9 weeks ago",https://lh3.googleusercontent.com/p/AF1QipMYnNWX8b3BemWAYtTnPXKVmu49eSRerSavmHFS=w537-h240-k-no,true,8 am–5 pm,8 am–5 pm,8 am–5 pm,8 am–5 pm,Closed,Closed,8 am–5 pm,"https://www.google.com/maps/search/vein+clinics+in+Woodway+Waco+TX/@31.5059998,-97.2050055,14z",2025-12-16T22:37:17.443Z,,,,
https://www.google.com/maps/place/Evolve+Aesthetics+Waco/data=!4m7!3m6!1s0x864f85dc8288efed:0xd1aa1075bd89db79!8m2!3d31.473913!4d-97.2029104!16s%2Fg%2F11r3_fbq57!19sChIJ7e-IgtyFT4YReduJvXUQqtE,Evolve Aesthetics Waco,5.0,90,Medical spa,"519 N Hewitt Dr, Hewitt, TX 76643, United States","FQFW+HR Hewitt, Texas, USA",https://www.evolvewaco.com/,+1 254-242-6295,Open · Closes 6 pm,https://lh3.googleusercontent.com/p/AF1QipOT1qvSxe8STXmCNkRt1aPuodEc6Ru9gaYrbo-t=w408-h612-k-no,true,9 am–6 pm,9 am–6 pm,9 am–6 pm,9 am–6 pm,Closed,Closed,9 am–6 pm,"https://www.google.com/maps/search/vein+clinics+in+Woodway+Waco+TX/@31.5059998,-97.2050055,14z",2025-12-16T22:37:22.241Z,Identifies as women-owned,,,
https://www.google.com/maps/place/Sono+Bello+Waco/data=!4m7!3m6!1s0x864f8172ce7e07ad:0xcbd6401423d40e3c!8m2!3d31.5132443!4d-97.1925273!16s%2Fg%2F11tp69tvw8!19sChIJrQd-znKBT4YRPA7UIxRA1ss,Sono Bello Waco,4.9,207,Plastic surgeon,"200 W Hwy 6 Suite 501, Waco, TX 76712, United States","GR74+7X Waco, Texas, USA",https://www.sonobello.com/locations/waco/,+1 254-224-5163,Closes soon · 5 pm · Opens 8 am Wed,https://lh3.googleusercontent.com/p/AF1QipPacwBpTmO95jCDlp_IAO_jWSaeEtzmhp5W_J4=w408-h306-k-no,true,8 am–5 pm,8 am–5 pm,8 am–5 pm,8 am–5 pm,Closed,Closed,8 am–5 pm,"https://www.google.com/maps/search/vein+clinics+in+Woodway+Waco+TX/@31.5059998,-97.2050055,14z",2025-12-16T22:37:27.161Z,,,,
https://www.google.com/maps/place/Alexis+Durham+Aesthetics/data=!4m7!3m6!1s0x80b477096da9b5b3:0x55fc7451b5a7f405!8m2!3d31.4895409!4d-97.2433282!16s%2Fg%2F11rrspx5qk!19sChIJs7WpbQl3tIARBfSntVF0_FU,Alexis Durham Aesthetics,5.0,1,Medical spa,"13701 Woodway Dr Unit 615, Woodway, TX 76712, United States","FQQ4+RM Woodway, Texas, USA",,+1 254-316-9314,Closes soon · 5 pm · Opens 9 am Wed,https://lh3.googleusercontent.com/gps-cs-s/AG0ilSzqG70QH8PfmzTUa7fUCPWUGnrKjeAe5hQLeout8pZwxP_DRJ5vI6GODYFK5rcVb5vIPGBQdn23f8JSUxKPE0BFcDVwWXfFOjEHWKEH5X8dlFR95xNJLlKWDeCH6MQlTFx8FFMM=w408-h705-k-no,false,9 am–5 pm,9 am–5 pm,9 am–5 pm,9 am–4 pm,Closed,Closed,9 am–5 pm,"https://www.google.com/maps/search/vein+clinics+in+Woodway+Waco+TX/@31.5059998,-97.2050055,14z",2025-12-16T22:37:32.134Z,Identifies as women-owned,,,
https://www.google.com/maps/place/Any+Lab+Test+Now/data=!4m7!3m6!1s0x864f84003acedb71:0x478194f0f5bb61b4!8m2!3d31.4964931!4d-97.2183765!16s%2Fg%2F11gzd8xdj!19sChIJcdvOOgCET4YRtGG79fCUgUc,Any Lab Test Now,4.4,123,Blood testing service,"8810 Woodway Dr Suite 301, Woodway, TX 76712, United States","FQWJ+HJ Woodway, Texas, USA",https://www.anylabtestnow.com/waco-76710/,+1 254-300-4183,Closes soon · 5 pm · Opens 8:30 am Wed,https://lh3.googleusercontent.com/p/AF1QipP1a0AzLF9ZbGfy1vYkiY9zi_2lPjKMoLD6ZaeR=w408-h406-k-no,true,8:30 am–5 pm,8:30 am–5 pm,8:30 am–5 pm,8:30 am–5 pm,9 am–12 pm,Closed,8:30 am–5 pm,"https://www.google.com/maps/search/vein+clinics+in+Woodway+Waco+TX/@31.5059998,-97.2050055,14z",2025-12-16T22:37:37.088Z,LGBTQ+ friendly,,,
https://www.google.com/maps/place/C%26D+Medical+Aesthetics/data=!4m7!3m6!1s0x864f85c33ecf4609:0x5880e43a2ce86a50!8m2!3d31.5321213!4d-97.1953141!16s%2Fg%2F11vkc56_5r!19sChIJCUbPPsOFT4YRUGroLDrkgFg,C&D Medical Aesthetics,5.0,215,Medical spa,"1603 N Valley Mills Dr, Waco, TX 76710, United States","GRJ3+RV Waco, Texas, USA",https://cdmedicalaestheticswaco.com/,+1 254-434-6090,Open · Closes 6 pm,https://lh3.googleusercontent.com/p/AF1QipPZJgmTuTqM2VNTKGNAO09Ez0P3IMg4OIxK9_Jq=w408-h271-k-no,true,10 am–6 pm,10 am–6 pm,10 am–6 pm,9 am–5 pm,9 am–1 pm,Closed,10 am–6 pm,"https://www.google.com/maps/search/vein+clinics+in+Woodway+Waco+TX/@31.5059998,-97.2050055,14z",2025-12-16T22:37:42.152Z,,,,
https://www.google.com/maps/place/Texas+Retina+Associates/data=!4m7!3m6!1s0x864f869fa7eaef8d:0x5a0f24a94a6c2f98!8m2!3d31.5043575!4d-97.2025404!16s%2Fg%2F1w4f8j7y!19sChIJje_qp5-GT4YRmC9sSqkkD1o,Texas Retina Associates,4.4,99,Ophthalmologist,"203 Archway Dr, Woodway, TX 76712, United States","GQ3W+PX Woodway, Texas, USA",http://www.texasretina.com/,+1 254-753-7007,Closes soon · 5 pm · Opens 8 am Wed,https://lh3.googleusercontent.com/p/AF1QipOu1uhlCc9hd8-3_JdSrK_-PMa42RHPvy5plCG0=w542-h240-k-no,true,8 am–5 pm,8 am–5 pm,8 am–5 pm,8 am–5 pm,Closed,Closed,8 am–5 pm,"https://www.google.com/maps/search/vein+clinics+in+Woodway+Waco+TX/@31.5059998,-97.2050055,14z",2025-12-16T22:37:47.299Z,,,,
https://www.google.com/maps/place/The+Alternative+Touch+Wellness/data=!4m7!3m6!1s0x864f843c45046589:0xb0257ed3fd133258!8m2!3d31.5315114!4d-97.2039611!16s%2Fg%2F11bcf1mq4n!19sChIJiWUERTyET4YRWDIT_dN-JbA,The Alternative Touch Wellness,5.0,115,Medical spa,"2066 N Valley Mills Dr, Waco, TX 76710, United States","GQJW+JC Waco, Texas, USA",https://www.thealternativetouch.com/?utm_source=gmb_auth,+1 254-339-1310,Closes soon · 5 pm · Opens 8 am Wed,https://lh3.googleusercontent.com/p/AF1QipNiO9M4s-Ez5bEIrZRL-QTwbINKVi-10_NZLeYZ=w408-h544-k-no,true,8 am–5 pm,8 am–5 pm,8 am–5 pm,8 am–5 pm,Closed,Closed,8 am–5 pm,"https://www.google.com/maps/search/vein+clinics+in+Woodway+Waco+TX/@31.5059998,-97.2050055,14z",2025-12-16T22:37:52.317Z,,,,
https://www.google.com/maps/place/Baylor+Scott+%26+White+Hillcrest+Midway+Clinic/data=!4m7!3m6!1s0x864f8696f41e2f77:0x5dacf69e3a316e8f!8m2!3d31.5016137!4d-97.2033409!16s%2Fg%2F1tffzxv8!19sChIJdy8e9JaGT4YRj24xOp72rF0,Baylor Scott & White Hillcrest Midway Clinic,4.8,203,Medical clinic,"7702 Central Park Dr, Waco, TX 76712, United States","GQ2W+JM Waco, Texas, USA",https://www.bswhealth.com/locations/clinic/hillcrest-midway?utm_source=pg-google&utm_medium=organic&utm_campaign=29985-9717630,+1 254-202-7700,Closes soon · 5 pm · Opens 8 am Wed,https://lh3.googleusercontent.com/p/AF1QipOO70b-r9rPVCxZyscJwYBpiYdBSzfMBKRGEmmN=w426-h240-k-no,true,8 am–5 pm,8 am–5 pm,8 am–5 pm,8 am–5 pm,8 am–12 pm,Closed,8 am–5 pm,"https://www.google.com/maps/search/vein+clinics+in+Woodway+Waco+TX/@31.5059998,-97.2050055,14z",2025-12-16T22:37:57.339Z,,,,
"https://www.google.com/maps/place/Redbird+Aesthetics,+Injectables+%26+IV+Services/data=!4m7!3m6!1s0x864f819568f6b8e3:0x65f2c0277a21465d!8m2!3d31.533904!4d-97.1942133!16s%2Fg%2F11y616dvl9!19sChIJ47j2aJWBT4YRXUYheifA8mU","Redbird Aesthetics, Injectables & IV Services",5.0,77,Medical spa,"5301 Bosque Blvd Suite 140, Waco, TX 76710, United States","GRM4+H8 Waco, Texas, USA",https://redbirdaesthetics.com/,+1 254-715-3390,Open · Closes 8 pm,https://lh3.googleusercontent.com/p/AF1QipM4heE1oRgNYOLYDkfM-iYtHC9gP1QrCGQBahV_=w408-h305-k-no,true,8 am–8 pm,8 am–8 pm,8 am–8 pm,8 am–8 pm,8 am–8 pm,Closed,8 am–8 pm,"https://www.google.com/maps/search/vein+clinics+in+Woodway+Waco+TX/@31.5059998,-97.2050055,14z",2025-12-16T22:38:02.300Z,,,,
https://www.google.com/maps/place/Premier+ER+%26+Urgent+Care+-+Woodway/data=!4m7!3m6!1s0x864f8661c3c3f823:0xbc001a336676f9b6!8m2!3d31.496822!4d-97.223017!16s%2Fg%2F11b5pkd_f7!19sChIJI_jDw2GGT4YRtvl2ZjMaALw,Premier ER & Urgent Care - Woodway,4.7,1523,Emergency room,"9110 Jordan Ln, Woodway, TX 76712, United States","FQWG+PQ Woodway, Texas, USA",https://www.premier.care/locations/woodway/?utm_source=google&utm_medium=cpc&utm_campaign=int_premier_fy25&utm_content=nosize_gmb_mixed_no-objective_woodway_google+my+business+profile_cta_nov,+1 254-399-0740,Open 24 hours,https://lh3.googleusercontent.com/p/AF1QipPEU58J8oNkbGWd5DIdQoqrRytwVQmvl-_dec32=w426-h240-k-no,true,Open 24 hours,Open 24 hours,Open 24 hours,Open 24 hours,Open 24 hours,Open 24 hours,Open 24 hours,"https://www.google.com/maps/search/vein+clinics+in+Woodway+Waco+TX/@31.5059998,-97.2050055,14z",2025-12-16T22:38:07.234Z,,,,
https://www.google.com/maps/place/Baylor+Scott+%26+White+Clinic+-+Waco/data=!4m7!3m6!1s0x864f85d2b3ec9dc7:0x85287c475f6d638a!8m2!3d31.5259212!4d-97.2211402!16s%2Fg%2F1ts_706v!19sChIJx53ss9KFT4YRimNtX0d8KIU,Baylor Scott & White Clinic - Waco,3.6,87,Medical clinic,"7700 Fish Pond Rd, Waco, TX 76710, United States","GQGH+9G Waco, Texas, USA",https://www.bswhealth.com/locations/clinic/waco?utm_source=pg-google&utm_medium=organic&utm_campaign=29985-9717618,+1 254-761-4444,Closes soon · 5 pm · Opens 8 am Wed,https://lh3.googleusercontent.com/p/AF1QipOJ2bgtke6W1yBB_ASmACxNjyNfrviQMKUpSsK9=w426-h240-k-no,true,8 am–5 pm,8 am–5 pm,8 am–5 pm,8 am–5 pm,Closed,Closed,8 am–5 pm,"https://www.google.com/maps/search/vein+clinics+in+Woodway+Waco+TX/@31.5059998,-97.2050055,14z",2025-12-16T22:38:12.431Z,,,,
"https://www.google.com/maps/place/Donald+J.+Young,+MD/data=!4m7!3m6!1s0x864f869fb55e7b4f:0x1ef72e07dbd410f6!8m2!3d31.5133719!4d-97.1995078!16s%2Fg%2F1tf5l1jr!19sChIJT3tetZ-GT4YR9hDU2wcu9x4","Donald J. Young, MD",4.9,52,Surgeon,"405 Londonderry Dr #310, Waco, TX 76712, United States","GR72+85 Waco, Texas, USA",https://healthcare.ascension.org/find-care/provider/1952335259/donald-young?utm_campaign=gmb-website&utm_medium=organic&utm_source=google,+1 254-741-6333,Closes soon · 5 pm · Opens 8 am Wed,https://lh3.googleusercontent.com/p/AF1QipPHLum_NS4PUNMJvC_PEuBGATgtPot_WjtCdr5l=w426-h240-k-no,true,8 am–5 pm,8 am–5 pm,8 am–5 pm,8 am–5 pm,Closed,Closed,8 am–5 pm,"https://www.google.com/maps/search/vein+clinics+in+Woodway+Waco+TX/@31.5059998,-97.2050055,14z",2025-12-16T22:38:17.679Z,,,,
https://www.google.com/maps/place/Health+Focus+Functional+Medicine/data=!4m7!3m6!1s0x864f86a122c30911:0xe3d8f4ffdcc0357b!8m2!3d31.5138394!4d-97.1963281!16s%2Fg%2F1tffdm3f!19sChIJEQnDIqGGT4YRezXA3P_02OM,Health Focus Functional Medicine,3.8,70,Family practice physician,"318 Richland W Cir A, Waco, TX 76712, United States","GR73+GF Waco, Texas, USA",https://www.healthfocusmed.com/?utm_source=google&utm_medium=organic&utm_campaign=gbp,+1 254-776-8008,Closes soon · 5 pm · Opens 8 am Wed,https://lh3.googleusercontent.com/p/AF1QipMhDwpwUJrRogO07yPISjixMZLWRNHKEh7qbZwL=w408-h306-k-no,true,8 am–5 pm,8 am–5 pm,8 am–5 pm,8 am–5 pm,Closed,Closed,8 am–5 pm,"https://www.google.com/maps/search/vein+clinics+in+Woodway+Waco+TX/@31.5059998,-97.2050055,14z",2025-12-16T22:38:22.786Z,,,,
https://www.google.com/maps/place/Lonestar+Heart+%26+Wellness/data=!4m7!3m6!1s0x864f876e57aeabad:0xcdc7955bae863954!8m2!3d31.5135122!4d-97.1971834!16s%2Fg%2F11qpqv_7tr!19sChIJrauuV26HT4YRVDmGrluVx80,Lonestar Heart & Wellness,,,Medical clinic,"321 Richland W Cir, Waco, TX 76712, United States","GR73+C4 Waco, Texas, USA",,+1 254-235-9355,Closes soon · 5 pm · Opens 8 am Wed,https://lh3.googleusercontent.com/p/AF1QipOgg_uyVTc733MAfwFi78cO7VNr0Khb_i7Afdaj=w408-h272-k-no,true,8 am–5 pm,8 am–5 pm,8 am–5 pm,8 am–12 pm,Closed,Closed,8 am–5 pm,"https://www.google.com/maps/search/vein+clinics+in+Woodway+Waco+TX/@31.5059998,-97.2050055,14z",2025-12-16T22:38:27.560Z,,,,
"https://www.google.com/maps/place/Todd+E.+Blattman,+MD/data=!4m7!3m6!1s0x864f86a3f5653069:0x94b5117321bdde15!8m2!3d31.5101411!4d-97.1955043!16s%2Fg%2F11cs6b0y6p!19sChIJaTBl9aOGT4YRFd69IXMRtZQ","Todd E. Blattman, MD",5.0,42,Family practice physician,"6101 Woodway Dr #200, Waco, TX 76712, United States","GR63+3Q Waco, Texas, USA",https://healthcare.ascension.org/find-care/provider/1295709319/todd-blattman?utm_campaign=gmb-website&utm_medium=organic&utm_source=google,+1 254-537-6300,Closes soon · 5 pm · Opens 8 am Wed,https://lh3.googleusercontent.com/p/AF1QipOfxkDyIvbcWMGL7IA9vRexllNDn9N5EbjeQ2u4=w408-h408-k-no,true,8 am–5 pm,8 am–5 pm,8 am–5 pm,8 am–5 pm,Closed,Closed,8 am–5 pm,"https://www.google.com/maps/search/vein+clinics+in+Woodway+Waco+TX/@31.5059998,-97.2050055,14z",2025-12-16T22:38:32.437Z,,,,
https://www.google.com/maps/place/Ascension+Providence+Emergency/data=!4m7!3m6!1s0x864f86a034a68c21:0xaf661912d47619b2!8m2!3d31.5136127!4d-97.1999995!16s%2Fg%2F11g7kjb3mk!19sChIJIYymNKCGT4YRshl21BIZZq8,Ascension Providence Emergency,3.7,2208,Emergency room,"6901 Medical Pkwy, Waco, TX 76712, United States","GR72+C2 Waco, Texas, USA",https://healthcare.ascension.org/locations/texas/txwac/waco-ascension-providence-hospital/departments/emergency?utm_campaign=gmb&utm_medium=organic-search&utm_content=location-listing&utm_source=local,+1 254-751-4180,Open 24 hours,https://lh3.googleusercontent.com/p/AF1QipN1Jx8NphPV9QoIhpRMuAVK8VGEGHx0w2nxw-60=w426-h240-k-no,true,Open 24 hours,Open 24 hours,Open 24 hours,Open 24 hours,Open 24 hours,Open 24 hours,Open 24 hours,"https://www.google.com/maps/search/vein+clinics+in+Woodway+Waco+TX/@31.5059998,-97.2050055,14z",2025-12-16T22:38:37.507Z,,,,
https://www.google.com/maps/place/BioLife+Plasma+Services/data=!4m7!3m6!1s0x864f81a6fb9d4859:0x56eb141192860de1!8m2!3d31.4987018!4d-97.1605557!16s%2Fg%2F11t0tml_kw!19sChIJWUid-6aBT4YR4Q2GkhEU61Y,BioLife Plasma Services,4.1,364,Blood donation center,"2329 Marketplace Dr, Waco, TX 76711, United States","FRXQ+FQ Waco, Texas, USA","https://www.biolifeplasma.com/locations/texas/waco?utm_source=google&utm_medium=organic&utm_campaign=tom:reputationdotcom::waco,%20tx:06202022",+1 254-523-2018,"Open · Closes 7 pm

Confirmed by this business 4 weeks ago",https://lh3.googleusercontent.com/p/AF1QipOgpX0P5TvjKRS7DdOXe_cVGZ04RaY0iIIuNLwV=w408-h306-k-no,true,6 am–7 pm,6 am–7 pm,6 am–7 pm,6 am–6 pm,7 am–3 pm,7 am–3 pm,Closed,"https://www.google.com/maps/search/vein+clinics+in+Woodway+Waco+TX/@31.5059998,-97.2050055,14z",2025-12-16T22:38:42.647Z,,,,
https://www.google.com/maps/place/Ascension+Providence+Hospital/data=!4m7!3m6!1s0x864f86a033621919:0x5a1aa145fb57e041!8m2!3d31.5140801!4d-97.1995063!16s%2Fm%2F04g396b!19sChIJGRliM6CGT4YRQeBX-0WhGlo,Ascension Providence Hospital,3.7,814,Hospital,"6901 Medical Pkwy, Waco, TX 76712, United States","GR72+J5 Waco, Texas, USA",https://healthcare.ascension.org/locations/texas/txwac/waco-ascension-providence-hospital?utm_campaign=gmb&utm_medium=organic-search&utm_content=location-listing&utm_source=local,+1 254-751-4000,"Open 24 hours

Confirmed by this business 9 weeks ago",https://lh3.googleusercontent.com/p/AF1QipP2wmynrG_vvB5tPjiq5NsoQnsJF9pqjNNbktjx=w426-h240-k-no,true,Open 24 hours,Open 24 hours,Open 24 hours,Open 24 hours,Open 24 hours,Open 24 hours,Open 24 hours,"https://www.google.com/maps/search/vein+clinics+in+Woodway+Waco+TX/@31.5059998,-97.2050055,14z",2025-12-16T22:38:47.741Z,,,,
"https://www.google.com/maps/place/Waco+Primary+Care:+Karl+M.+Trippe,+MD/data=!4m7!3m6!1s0x864f869887322ad7:0x90785540809cd14e!8m2!3d31.508665!4d-97.2007446!16s%2Fg%2F126181vnw!19sChIJ1yoyh5iGT4YRTtGcgEBVeJA","Waco Primary Care: Karl M. Trippe, MD",4.5,104,Family practice physician,"7100 Old McGregor Rd, Waco, TX 76712, United States","GQ5X+FP Waco, Texas, USA",https://www.wacoprimarycare.com/,+1 254-399-6545,Closes soon · 5 pm · Opens 8 am Wed,https://lh3.googleusercontent.com/p/AF1QipMOtGgiJqJpVdi8fr69GuGpQZ8W8RyO2Ix3_MDQ=w486-h240-k-no,true,8 am–5 pm,8 am–5 pm,8 am–5 pm,8 am–5 pm,Closed,Closed,8 am–5 pm,"https://www.google.com/maps/search/vein+clinics+in+Woodway+Waco+TX/@31.5059998,-97.2050055,14z",2025-12-16T22:38:52.726Z,,,,
"https://www.google.com/maps/place/Dr.+Ivan+G.+Castillo,+MD/data=!4m7!3m6!1s0x8640c047223b7f67:0xc3bcde07cff6d486!8m2!3d31.5042853!4d-97.2024195!16s%2Fg%2F1tczw9v2!19sChIJZ387IkfAQIYRhtT2zwfevMM","Dr. Ivan G. Castillo, MD",3.8,4,Ophthalmologist,"203 Archway Dr, Woodway, TX 76712, United States","GQ3X+P2 Woodway, Texas, USA",https://www.texasretina.com/,+1 254-753-7007,,https://streetviewpixels-pa.googleapis.com/v1/thumbnail?panoid=HFd0qyDpYyTLtqdQsdffRw&cb_client=search.gws-prod.gps&w=408&h=240&yaw=152.63062&pitch=0&thumbfov=100,true,,,,,,,,"https://www.google.com/maps/search/vein+clinics+in+Woodway+Waco+TX/@31.5059998,-97.2050055,14z",2025-12-16T22:38:55.483Z,,,,
https://www.google.com/maps/place/Level+Up+IV+Therapy/data=!4m7!3m6!1s0x864f81dfe14b57f5:0x200b8f5239278ffb!8m2!3d31.4964813!4d-97.152426!16s%2Fg%2F11w4nlmy7s!19sChIJ9VdL4d-BT4YR-48nOVKPCyA,Level Up IV Therapy,5.0,206,IV therapy service,"2814 W Loop 340 Waco, Texas 76711 Building H, 1 Suite #20, Waco, TX 76711, United States","FRWX+H2 Waco, Texas, USA",https://levelupivtherapy.com/,+1 254-870-3465,Open 24 hours,https://lh3.googleusercontent.com/p/AF1QipOi5NtEL02UCixpsuucqm-KKMmVIslgL2ND1esg=w420-h240-k-no,true,Open 24 hours,Open 24 hours,Open 24 hours,Open 24 hours,Open 24 hours,Open 24 hours,Open 24 hours,"https://www.google.com/maps/search/vein+clinics+in+Woodway+Waco+TX/@31.5059998,-97.2050055,14z",2025-12-16T22:39:00.498Z,LGBTQ+ friendly,,,
https://www.google.com/maps/place/Baylor+Scott+%26+White+Hillcrest+Cardiology+Clinic/data=!4m7!3m6!1s0x864f810bbe313389:0xe23a6d5bd79962c6!8m2!3d31.4900546!4d-97.1568954!16s%2Fg%2F11h_kdg_b_!19sChIJiTMxvguBT4YRxmKZ11ttOuI,Baylor Scott & White Hillcrest Cardiology Clinic,3.4,5,Medical clinic,"50 Hillcrest Medical Blvd #303, Waco, TX 76712, United States","FRRV+26 Waco, Texas, USA",https://www.bswhealth.com/locations/clinic/hillcrest-cardiology?utm_source=pg-google&utm_medium=organic&utm_campaign=29985-9717364,+1 254-202-0480,Closes soon · 5 pm · Opens 8 am Wed,https://lh3.googleusercontent.com/p/AF1QipPrHQwjP4MqisVqEUxDiqLEIgPmksZkIu_qotPW=w426-h240-k-no,true,8 am–5 pm,8 am–5 pm,8 am–5 pm,8 am–5 pm,Closed,Closed,8 am–5 pm,"https://www.google.com/maps/search/vein+clinics+in+Woodway+Waco+TX/@31.5059998,-97.2050055,14z",2025-12-16T22:39:05.689Z,,,,
https://www.google.com/maps/place/Baylor+Scott+%26+White+Medical+Center+-+Hillcrest/data=!4m7!3m6!1s0x864f813de1a8a1c9:0x72086ab20763604f!8m2!3d31.4890068!4d-97.1576836!16s%2Fg%2F1tjg_shl!19sChIJyaGo4T2BT4YRT2BjB7JqCHI,Baylor Scott & White Medical Center - Hillcrest,3.6,654,Hospital,"100 Hillcrest Medical Blvd, Waco, TX 76712, United States","FRQR+JW Waco, Texas, USA",https://www.bswhealth.com/locations/hospital/hillcrest?utm_source=pg-google&utm_medium=organic&utm_campaign=29985-3814861,+1 254-202-2000,Open 24 hours,https://lh3.googleusercontent.com/p/AF1QipO2LyY0Ak7cikx9I-S3i4SqByjZ4pLrjLDKVkcb=w426-h240-k-no,true,Open 24 hours,Open 24 hours,Open 24 hours,Open 24 hours,Open 24 hours,Open 24 hours,Open 24 hours,"https://www.google.com/maps/search/vein+clinics+in+Woodway+Waco+TX/@31.5059998,-97.2050055,14z",2025-12-16T22:39:10.636Z,,,,
"https://www.google.com/maps/place/Aesthetic+Laser+Center/@31.517804,-97.209573,17z/data=!3m1!4b1!4m6!3m5!1s0x864f8427964365dd:0xb9a88229f280aba5!8m2!3d31.517804!4d-97.209573!16s%2Fg%2F1tf8tj04",Aesthetic Laser Center,,,Plastic surgeon,"1000 W Hwy 6 #500, Waco, TX 76712, United States","GQ9R+45 Waco, Texas, USA",,+1 254-741-6832,Temporarily closed,,false,,,,,,,,"https://www.google.com/maps/search/vein+clinics+in+Woodway+Waco+TX/@31.5059998,-97.2050055,14z",2025-12-16T22:39:17.471Z,,,,
https://www.google.com/maps/place/Ascension+Medical+Group+Providence+Express+Care+Hewitt/data=!4m7!3m6!1s0x864f811227645191:0x969a6686df08156e!8m2!3d31.4605176!4d-97.1747669!16s%2Fg%2F11jz8trjsn!19sChIJkVFkJxKBT4YRbhUI34ZmmpY,Ascension Medical Group Providence Express Care Hewitt,4.6,126,Urgent care center,"729 Sun Valley Blvd Suite B, Hewitt, TX 76643, United States","FR6G+63 Hewitt, Texas, USA",https://healthcare.ascension.org/locations/texas/txwac/hewitt-ascension-medical-group-providence-express-care-hewitt?utm_campaign=gmb&utm_medium=organic-search&utm_content=location-listing&utm_source=local,+1 254-537-6000,Open · Closes 8 pm,https://lh3.googleusercontent.com/p/AF1QipMt9ZcOqOAs8nZ2P4P5s3tGSvocVE-ARDMkuV5Q=w577-h240-k-no,true,8 am–8 pm,8 am–8 pm,8 am–8 pm,8 am–8 pm,10 am–4 pm,10 am–4 pm,8 am–8 pm,"https://www.google.com/maps/search/vein+clinics+in+Hewitt+Waco+TX/@31.4623902,-97.1958377,14z",2025-12-16T22:39:31.999Z,,,,
https://www.google.com/maps/place/Baylor+Scott+%26+White+Urgent+Care%2B+Waco+%28Hewitt%29/data=!4m7!3m6!1s0x864f86f1bdbc0d73:0x58e0063df277ea5f!8m2!3d31.4861031!4d-97.2125703!16s%2Fg%2F1wfcpk9k!19sChIJcw28vfGGT4YRX-p38j0G4Fg,Baylor Scott & White Urgent Care+ Waco (Hewitt),4.5,1300,Urgent care center,"1201 Hewitt Dr # 203, Waco, TX 76712, United States","FQPP+CX Waco, Texas, USA",https://www.bswhealth.com/locations/urgent-care/uc-plus-waco-hewitt?utm_source=google-mybusiness&utm_medium=organic&utm_campaign=UC+WacoHewitt&utm_content=main-website,+1 254-666-3627,,https://lh3.googleusercontent.com/p/AF1QipPNIw3iSviCZdLf3tBBV3HWho37TwzG1IpP9Tis=w426-h240-k-no,true,7 am–8 pm,7 am–8 pm,7 am–8 pm,7 am–8 pm,7 am–8 pm,7 am–8 pm,7 am–8 pm,"https://www.google.com/maps/search/vein+clinics+in+Hewitt+Waco+TX/@31.4623902,-97.1958377,14z",2025-12-16T22:39:37.050Z,,,,
https://www.google.com/maps/place/Baylor+Scott+%26+White+Clinic+-+Hewitt/data=!4m7!3m6!1s0x864f86e00a4728f9:0x266d37cf2da04e38!8m2!3d31.4725722!4d-97.200766!16s%2Fg%2F1tql55qp!19sChIJ-ShHCuCGT4YROE6gLc83bSY,Baylor Scott & White Clinic - Hewitt,3.2,23,Medical clinic,"510 N Hewitt Dr, Hewitt, TX 76643, United States","FQFX+2M Hewitt, Texas, USA",https://www.bswhealth.com/locations/clinic/hewitt?utm_source=pg-google&utm_medium=organic&utm_campaign=29985-9717635,+1 254-420-5000,Closes soon · 5 pm · Opens 8 am Wed,https://lh3.googleusercontent.com/p/AF1QipMciyXC5MfxblTYhTOP07_t_t4dVBuSytorYIA4=w426-h240-k-no,true,8 am–5 pm,8 am–5 pm,8 am–5 pm,8 am–5 pm,Closed,Closed,8 am–5 pm,"https://www.google.com/maps/search/vein+clinics+in+Hewitt+Waco+TX/@31.4623902,-97.1958377,14z",2025-12-16T22:39:42.252Z,,,,
https://www.google.com/maps/place/Baylor+Scott+%26+White+Hillcrest+Clinic+-+Hewitt/data=!4m7!3m6!1s0x864f86f188413b29:0x697e807dd39bf6f4!8m2!3d31.4878697!4d-97.212902!16s%2Fg%2F1tnhyrdx!19sChIJKTtBiPGGT4YR9Pab032Afmk,Baylor Scott & White Hillcrest Clinic - Hewitt,4.3,40,Medical clinic,"1001 Hewitt Dr, Waco, TX 76712, United States","FQQP+4R Waco, Texas, USA",https://www.bswhealth.com/locations/clinic/hillcrest-hewitt?utm_source=pg-google&utm_medium=organic&utm_campaign=29985-9717628,+1 254-202-7800,Closes soon · 5 pm · Opens 8 am Wed,https://lh3.googleusercontent.com/p/AF1QipN8xfg8x4Kk1EAVhkHYZ8KrcFaFXya5YCSnl0RS=w426-h240-k-no,true,8 am–5 pm,8 am–5 pm,8 am–5 pm,8 am–5 pm,8 am–12 pm,Closed,8 am–5 pm,"https://www.google.com/maps/search/vein+clinics+in+Hewitt+Waco+TX/@31.4623902,-97.1958377,14z",2025-12-16T22:39:47.264Z,,,,
"https://www.google.com/maps/place/Waco+Foot+%26+Ankle,+P.A./data=!4m7!3m6!1s0x864f843d1d83ad1d:0x90d9396389e70499!8m2!3d31.4871115!4d-97.1739747!16s%2Fg%2F1thq13gw!19sChIJHa2DHT2ET4YRmQTniWM52ZA","Waco Foot & Ankle, P.A.",4.8,318,Podiatrist,"2501 Ambassador Dr, Waco, TX 76712, United States","FRPG+RC Waco, Texas, USA",https://wacopodiatry.com/,+1 254-776-6995,Closes soon · 5 pm · Opens 8 am Wed,https://lh3.googleusercontent.com/p/AF1QipMa8gvRvhPSkkSvydetZR8GZRX7lvbzIPbt2mOi=w408-h306-k-no,true,8 am–5 pm,8 am–5 pm,8 am–5 pm,8 am–4 pm,Closed,Closed,8 am–5 pm,"https://www.google.com/maps/search/vein+clinics+in+Hewitt+Waco+TX/@31.4623902,-97.1958377,14z",2025-12-16T22:39:52.418Z,,,,
https://www.google.com/maps/place/Hewitt+Veterinary+Hospital/data=!4m7!3m6!1s0x864f86e129099da5:0x6ee68170ffcfb06c!8m2!3d31.4766886!4d-97.2034127!16s%2Fg%2F1vm_y93n!19sChIJpZ0JKeGGT4YRbLDP_3CB5m4,Hewitt Veterinary Hospital,4.7,365,Animal hospital,"101 E Panther Way, Hewitt, TX 76643, United States","FQGW+MJ Hewitt, Texas, USA",https://hewittvet.com/,+1 254-666-5050,Open · Closes 6 pm,https://lh3.googleusercontent.com/p/AF1QipN2vSIYuxHDD5Ihc0XkimSoeEBJMeHIXzivbhvQ=w631-h240-k-no,true,7:30 am–6 pm,7:30 am–6 pm,7:30 am–6 pm,7:30 am–6 pm,Closed,Closed,7:30 am–6 pm,"https://www.google.com/maps/search/vein+clinics+in+Hewitt+Waco+TX/@31.4623902,-97.1958377,14z",2025-12-16T22:39:57.571Z,,,,
"https://www.google.com/maps/place/Maria+Otazo,+MD/data=!4m7!3m6!1s0x864f876c93b69041:0x7d5e5043bdb86e49!8m2!3d31.4725797!4d-97.2007912!16s%2Fg%2F11gzr9bv55!19sChIJQZC2k2yHT4YRSW64vUNQXn0","Maria Otazo, MD",4.6,10,Family practice physician,"510 N Hewitt Dr, Hewitt, TX 76643, United States","FQFX+2M Hewitt, Texas, USA",https://www.bswhealth.com/physician/maria-otazo?utm_source=pg-google&utm_medium=organic&utm_campaign=29985-9717635-1992192330,+1 254-420-5000,Closes soon · 5 pm · Opens 8 am Wed,https://lh3.googleusercontent.com/p/AF1QipNaiZG8ubNQsHZtYd3POY-dHlfTe0V-_H6xbS0L=w426-h240-k-no,true,8 am–5 pm,8 am–5 pm,8 am–5 pm,8 am–5 pm,Closed,Closed,8 am–5 pm,"https://www.google.com/maps/search/vein+clinics+in+Hewitt+Waco+TX/@31.4623902,-97.1958377,14z",2025-12-16T22:40:02.536Z,,,,
https://www.google.com/maps/place/Central+Texas+Urgent+Care:+Caldwell+Jason+S/data=!4m7!3m6!1s0x864f86f1bdbc0d9d:0xe8d925ea1a99902d!8m2!3d31.4863781!4d-97.2131549!16s%2Fg%2F1wn342b0!19sChIJnQ28vfGGT4YRLZCZGuol2eg,Central Texas Urgent Care: Caldwell Jason S,3.0,2,Medical clinic,"1201 Hewitt Dr # 203, Waco, TX 76712, United States","FQPP+HP Waco, Texas, USA",http://ctuc.nextcare.com/,+1 254-666-3627,Open · Closes 9 pm,https://streetviewpixels-pa.googleapis.com/v1/thumbnail?panoid=y_4XZyk4-mSZbD_IMVyVtQ&cb_client=search.gws-prod.gps&w=408&h=240&yaw=252.19005&pitch=0&thumbfov=100,false,9 am–9 pm,9 am–9 pm,9 am–9 pm,9 am–9 pm,9 am–9 pm,10 am–4 pm,9 am–9 pm,"https://www.google.com/maps/search/vein+clinics+in+Hewitt+Waco+TX/@31.4623902,-97.1958377,14z",2025-12-16T22:40:07.488Z,,,,
https://www.google.com/maps/place/Hillcrest+Clinic-Hewitt:+Loe+Robin+A+MD/data=!4m7!3m6!1s0x864f86f188413b29:0x241a0ffa8af7c193!8m2!3d31.488062!4d-97.2130213!16s%2Fg%2F1hc3n0l2_!19sChIJKTtBiPGGT4YRk8H3ivoPGiQ,Hillcrest Clinic-Hewitt: Loe Robin A MD,5.0,1,Doctor,"1001 Hewitt Dr Ste B, Waco, TX 76712, United States","FQQP+6Q Waco, Texas, USA",https://www.bswhealth.com/locations/clinic/hillcrest-hewitt,+1 254-202-7800,,https://lh3.googleusercontent.com/gps-cs-s/AG0ilSwoiHnHLjWkO8q9uqmyNOIrXC8WC1h4TiiRrS1hZQgp1IdaWVdGJeP34gqIcn2J2TJT0fQt64LGmJApEbsShABxy8xBgzc4SIPove5z7dFFkxCj1hZgUcSMYIR2EoFCxbF1ucyZ=w408-h544-k-no,false,,,,,,,,"https://www.google.com/maps/search/vein+clinics+in+Hewitt+Waco+TX/@31.4623902,-97.1958377,14z",2025-12-16T22:40:10.460Z,,,,
https://www.google.com/maps/place/Waco+Family+Medicine+-+Mcgregor/data=!4m7!3m6!1s0x864f8abe0e6fffff:0x4f1bc87402f9d48d!8m2!3d31.4313635!4d-97.417478!16s%2Fg%2F11jz2mtw3z!19sChIJ__9vDr6KT4YRjdT5AnTIG08,Waco Family Medicine - Mcgregor,4.0,36,Pharmacy,"500 Johnson Dr, McGregor, TX 76657, United States","CHJM+G2 McGregor, Texas, USA",https://wacofamilymedicine.org/locations/mcgregor/,+1 254-313-5200,Closes soon · 5 pm · Opens 8 am Wed,https://streetviewpixels-pa.googleapis.com/v1/thumbnail?panoid=XvXR00ECY7ucZdWQjEdBmA&cb_client=search.gws-prod.gps&w=408&h=240&yaw=58.274014&pitch=0&thumbfov=100,true,8 am–5 pm,8 am–5 pm,8 am–5 pm,8 am–5 pm,Closed,Closed,8 am–5 pm,"https://www.google.com/maps/search/vein+clinics+in+McGregor+Waco+TX/@31.4440557,-97.4091792,14z",2025-12-16T22:40:24.068Z,,,,
https://www.google.com/maps/place/Coryell+Health+Medical+Clinic-+McGregor/data=!4m7!3m6!1s0x864f8b2ff220679b:0x779d122e462b7bfd!8m2!3d31.4433598!4d-97.4082532!16s%2Fg%2F11wnn2z0f_!19sChIJm2cg8i-LT4YR_XsrRi4SnXc,Coryell Health Medical Clinic- McGregor,,,Medical clinic,"215 N Main St, McGregor, TX 76657, United States","CHVR+8M McGregor, Texas, USA",https://coryellhealth.org/clinics/medical-clinic-mcgregor/,+1 254-865-2166,Closes soon · 5 pm · Opens 8 am Wed,https://lh3.googleusercontent.com/p/AF1QipPWIJ5KBWunn_xKQazJw_6OdpVoHWvOhkDf6Yh6=w426-h240-k-no,true,8 am–5 pm,8 am–5 pm,8 am–5 pm,8 am–5 pm,Closed,Closed,8 am–5 pm,"https://www.google.com/maps/search/vein+clinics+in+McGregor+Waco+TX/@31.4440557,-97.4091792,14z",2025-12-16T22:40:28.815Z,,,,
https://www.google.com/maps/place/Family+Health+Center/data=!4m7!3m6!1s0x864f8aeeed338571:0x9873df3d0f0ad8e9!8m2!3d31.4440557!4d-97.4091792!16s%2Fg%2F1261twxvh!19sChIJcYUz7e6KT4YR6dgKDz3fc5g,Family Health Center,,,Medical clinic,"McGregor, TX 76657, United States",,,,,https://streetviewpixels-pa.googleapis.com/v1/thumbnail?panoid=L6bbZErIfPJ9jDPSWIEw8A&cb_client=search.gws-prod.gps&w=408&h=240&yaw=222.9086&pitch=0&thumbfov=100,false,,,,,,,,"https://www.google.com/maps/search/vein+clinics+in+McGregor+Waco+TX/@31.4440557,-97.4091792,14z",2025-12-16T22:40:31.666Z,,,,
https://www.google.com/maps/place/Baylor+Scott+and+White+Clinic+-+McGregor+Harris+Creek/data=!4m7!3m6!1s0x864f89002b4bbb9f:0xea9a8d1c37a3fd79!8m2!3d31.4778444!4d-97.303892!16s%2Fg%2F11yk29v42b!19sChIJn7tLKwCJT4YRef2jNxyNmuo,Baylor Scott and White Clinic - McGregor Harris Creek,5.0,1,Medical clinic,"101 Sunwest Blvd Ste B, McGregor, TX 76657, United States","FMHW+4C McGregor, Texas, USA",https://www.bswhealth.com/locations/clinic/mcgregor-harris-creek?utm_source=google-mybusiness&utm_medium=organic&utm_campaign=29985-9717578-1558646349&utm_content=main-website,+1 254-202-6950,"Closes soon · 5 pm · Opens 8 am Wed

Updated by phone call 6 weeks ago",https://streetviewpixels-pa.googleapis.com/v1/thumbnail?panoid=2SpGL-WnVeCsfehk0zTGRQ&cb_client=search.gws-prod.gps&w=408&h=240&yaw=266.61722&pitch=0&thumbfov=100,true,8 am–5 pm,8 am–5 pm,8 am–5 pm,8 am–5 pm,Closed,Closed,8 am–5 pm,"https://www.google.com/maps/search/vein+clinics+in+McGregor+Waco+TX/@31.4440557,-97.4091792,14z",2025-12-16T22:40:36.539Z,,,,
"https://www.google.com/maps/place/Dr.+Keith+A.+Boles,+MD/data=!4m7!3m6!1s0x864f8abe0db43107:0x9245d6a61901bd93!8m2!3d31.4313635!4d-97.417478!16s%2Fg%2F1td7j4c9!19sChIJBzG0Db6KT4YRk70BGabWRZI","Dr. Keith A. Boles, MD",4.5,2,Family practice physician,"500 Johnson Dr, McGregor, TX 76657, United States","CHJM+G2 McGregor, Texas, USA",,+1 254-313-5200,Closes soon · 5 pm · Opens 8 am Wed,https://streetviewpixels-pa.googleapis.com/v1/thumbnail?panoid=XvXR00ECY7ucZdWQjEdBmA&cb_client=search.gws-prod.gps&w=408&h=240&yaw=58.274014&pitch=0&thumbfov=100,false,8 am–5 pm,8 am–5 pm,8 am–5 pm,8 am–5 pm,Closed,Closed,8 am–5 pm,"https://www.google.com/maps/search/vein+clinics+in+McGregor+Waco+TX/@31.4440557,-97.4091792,14z",2025-12-16T22:40:41.382Z,,,,
"https://www.google.com/maps/place/Dr.+Kelley+M.+Reynolds,+MD/data=!4m7!3m6!1s0x864f8abe0db43107:0xbaed36add05250e9!8m2!3d31.4313635!4d-97.4174779!16s%2Fg%2F1tjs5bxr!19sChIJBzG0Db6KT4YR6VBS0K027bo","Dr. Kelley M. Reynolds, MD",5.0,1,Family practice physician,"500 Johnson Dr, McGregor, TX 76657, United States","CHJM+G2 McGregor, Texas, USA",http://www.wacofhc.org/mcgregor-community-clinic/,+1 254-313-5200,Closes soon · 5 pm · Opens 8 am Wed,https://streetviewpixels-pa.googleapis.com/v1/thumbnail?panoid=XvXR00ECY7ucZdWQjEdBmA&cb_client=search.gws-prod.gps&w=408&h=240&yaw=58.27784&pitch=0&thumbfov=100,false,8 am–5 pm,8 am–5 pm,8 am–5 pm,8 am–5 pm,Closed,Closed,8 am–5 pm,"https://www.google.com/maps/search/vein+clinics+in+McGregor+Waco+TX/@31.4440557,-97.4091792,14z",2025-12-16T22:40:46.313Z,,,,
https://www.google.com/maps/place/Medical+Vein+Clinic/data=!4m7!3m6!1s0x865c601b33e1e161:0x73a09e70cdd5323d!8m2!3d29.6167079!4d-98.482895!16s%2Fg%2F11fyzb7m_h!19sChIJYeHhMxtgXIYRPTLVzXCeoHM,Medical Vein Clinic,4.9,1249,Medical clinic,"18831 Meisner Dr, San Antonio, TX 78258, United States","JG88+MR San Antonio, Texas, USA",https://www.medicalveinclinic.com/,+1 210-622-8000,Closes soon · 5 pm · Opens 8 am Wed,https://lh3.googleusercontent.com/p/AF1QipNOOq9XkSiRsJkhzE1sioZdCOk3QPHvSXKwy-DL=w408-h270-k-no,true,8 am–5 pm,8 am–5 pm,8 am–5 pm,8 am–12 pm,Closed,Closed,8 am–5 pm,"https://www.google.com/maps/search/vein+clinics+in+McGregor+Waco+TX/@31.4440557,-97.4091792,14z",2025-12-16T22:40:51.341Z,,,,
https://www.google.com/maps/place/Brazos+Medical/data=!4m7!3m6!1s0x864f80383a669ad7:0xfdab52c3ef2b9795!8m2!3d31.4875493!4d-97.1223235!16s%2Fg%2F1261_1mkf!19sChIJ15pmOjiAT4YRlZcr78NSq_0,Brazos Medical,1.0,1,Medical group,"628 Robinson Dr, Robinson, TX 76706, United States","FVQH+23 Robinson, Texas, USA",,+1 254-300-4399,,https://streetviewpixels-pa.googleapis.com/v1/thumbnail?panoid=kBAmco2sSSzleLBRuKxTxA&cb_client=search.gws-prod.gps&w=408&h=240&yaw=256.3454&pitch=0&thumbfov=100,false,,,,,,,,"https://www.google.com/maps/search/vein+clinics+in+Robinson+Waco+TX/@31.4676687,-97.1147225,14z",2025-12-16T22:41:04.581Z,,,,
https://www.google.com/maps/place/Robinson+Medical+Center/data=!4m7!3m6!1s0x864f80383df3cabd:0x5937656dfa92dd8e!8m2!3d31.5412673!4d-97.1518264!16s%2Fg%2F1tcyfwpt!19sChIJvcrzPTiAT4YRjt2S-m1lN1k,Robinson Medical Center,4.1,9,Medical clinic,"2509 Washington Ave suite 1, Waco, TX 76710, United States","GRRX+G7 Waco, Texas, USA",,+1 254-640-4647,Open · Closes 7 pm,https://streetviewpixels-pa.googleapis.com/v1/thumbnail?panoid=Tq44nYkR-CZP2bFw7kdQgQ&cb_client=search.gws-prod.gps&w=408&h=240&yaw=316.97836&pitch=0&thumbfov=100,false,8 am–7 pm,8 am–7 pm,7:30 am–12 pm,8 am–4 pm,8 am–12 pm,8 am–12 pm,8 am–7 pm,"https://www.google.com/maps/search/vein+clinics+in+Robinson+Waco+TX/@31.4676687,-97.1147225,14z",2025-12-16T22:41:09.415Z,,,,
https://www.google.com/maps/place/Drive+Hydration+Spa/data=!4m7!3m6!1s0x864f83c38f0b6f51:0x1cfa9fb96b21ea26!8m2!3d31.4892432!4d-97.1227177!16s%2Fg%2F11qp18fn42!19sChIJUW8Lj8ODT4YRJuoha7mf-hw,Drive Hydration Spa,4.7,14,Medical spa,"636 Robinson Dr # C, Robinson, TX 76706, United States","FVQG+MW Robinson, Texas, USA",https://www.drivehydrationspa.com/,+1 254-693-7483,Temporarily closed,https://lh3.googleusercontent.com/p/AF1QipNrou1A7RdZNplNDCGzMFfzl1G6r091UVnp_dYG=w426-h240-k-no,true,,,,,,,,"https://www.google.com/maps/search/vein+clinics+in+Robinson+Waco+TX/@31.4676687,-97.1147225,14z",2025-12-16T22:41:14.275Z,Identifies as veteran-owned,,,
https://www.google.com/maps/place/Central+Texas+Institute+of+Plastic+Surgery/data=!4m7!3m6!1s0x864f8386b9bf64e7:0xb1e88cdb3eb8faa5!8m2!3d31.4973682!4d-97.1656077!16s%2Fg%2F1tfvtb__!19sChIJ52S_uYaDT4YRpfq4PtuM6LE,Central Texas Institute of Plastic Surgery,5.0,6,Plastic surgery clinic,"2201 W Loop 340 #200, Waco, TX 76712, United States","FRWM+WQ Waco, Texas, USA",http://www.drandyhand.com/,+1 254-752-2575,Closes soon · 5 pm · Opens 9 am Wed,https://streetviewpixels-pa.googleapis.com/v1/thumbnail?panoid=arkSH6u4fTTgAWpyNAQBHw&cb_client=search.gws-prod.gps&w=408&h=240&yaw=230.76909&pitch=0&thumbfov=100,false,9 am–5 pm,9 am–5 pm,9 am–5 pm,9 am–12 pm,Closed,Closed,9 am–5 pm,"https://www.google.com/maps/search/vein+clinics+in+Robinson+Waco+TX/@31.4676687,-97.1147225,14z",2025-12-16T22:41:19.239Z,,,,
https://www.google.com/maps/place/Varitree/data=!4m7!3m6!1s0x864f814962df0edf:0x9e02de665b3d4ab2!8m2!3d31.4585674!4d-97.1352406!16s%2Fg%2F11pz7z9h1q!19sChIJ3w7fYkmBT4YRsko9W2beAp4,Varitree,,,Medical group,"1404 Kempner Park Dr, Robinson, TX 76706, United States","FV57+CW Robinson, Texas, USA",https://www.varitree.com/,+1 254-230-3767,,https://streetviewpixels-pa.googleapis.com/v1/thumbnail?panoid=YenzFKgsB5QzagnHZ_IXQg&cb_client=search.gws-prod.gps&w=408&h=240&yaw=142.60066&pitch=0&thumbfov=100,true,,,,,,,,"https://www.google.com/maps/search/vein+clinics+in+Robinson+Waco+TX/@31.4676687,-97.1147225,14z",2025-12-16T22:41:21.821Z,,,,
"https://www.google.com/maps/place/RejuvaBelle+Laser+Med+Spa,+LLC/data=!4m7!3m6!1s0x864f8114a92b4799:0x73dfbac596d9d1cb!8m2!3d31.4964813!4d-97.152426!16s%2Fg%2F11g01zrvwg!19sChIJmUcrqRSBT4YRy9HZlsW633M","RejuvaBelle Laser Med Spa, LLC",5.0,2,Medical spa,"2814 W Loop 340 #24, Waco, TX 76711, United States","FRWX+H2 Waco, Texas, USA",,+1 484-795-6855,Temporarily closed,https://lh3.googleusercontent.com/gps-cs-s/AG0ilSz2K2ZV943cON12H5X4TEJQvZLqUsc-H-EC-upE_qJ1L0o1d34aPQGTZf9eyCkRU9PpKoW8wZfYLHqCNFJ-JOZsCAy5NyguokC_5v8hOGrdKqdrT1n_cWq7V471BUnni8HhBcFN-w=w408-h544-k-no,true,,,,,,,,"https://www.google.com/maps/search/vein+clinics+in+Robinson+Waco+TX/@31.4676687,-97.1147225,14z",2025-12-16T22:41:33.646Z,,,,
https://www.google.com/maps/place/Premier+ER+%26+Urgent+Care+-+Waco/data=!4m7!3m6!1s0x864f8245072ca82f:0x4c06f24c437b4f0a!8m2!3d31.552748!4d-97.122783!16s%2Fg%2F11c1xjg_dv!19sChIJL6gsB0WCT4YRCk97Q0zyBkw,Premier ER & Urgent Care - Waco,4.6,1052,Urgent care center,"221 S Jack Kultgen Expy, Waco, TX 76706, United States","HV3G+3V Waco, Texas, USA",https://www.premier.care/locations/waco/?utm_source=google&utm_medium=cpc&utm_campaign=int_premier_fy25&utm_content=nosize_gmb_mixed_no-objective_waco_google+my+business+profile_cta_nov,+1 254-537-9452,"Open 24 hours

Confirmed by this business 11 weeks ago",https://lh3.googleusercontent.com/p/AF1QipM2xGmZ2heRZ48nK-ne292b4ZUCTtDdPCq4FGYD=w426-h240-k-no,true,Open 24 hours,Open 24 hours,Open 24 hours,Open 24 hours,Open 24 hours,Open 24 hours,Open 24 hours,"https://www.google.com/maps/search/vein+clinics+in+China+Spring+Waco+TX/@31.6522133,-97.3079638,14z",2025-12-16T22:41:48.402Z,,,,
https://www.google.com/maps/place/Integrity+Urgent+Care/data=!4m7!3m6!1s0x864f9b0cd848763d:0x7c233e2e88fab554!8m2!3d31.6297572!4d-97.2401335!16s%2Fg%2F11rhst34jg!19sChIJPXZI2AybT4YRVLX6iC4-I3w,Integrity Urgent Care,4.8,364,Urgent care center,"10207 China Spring Rd #170, Waco, TX 76708, United States","JQH5+WW Waco, Texas, USA",https://integrityuc.com/locations/china-spring,+1 254-788-1500,Open · Closes 8 pm,https://lh3.googleusercontent.com/p/AF1QipOD_W115MJiwh8DJLyFfJNYgrX1FP_EO4UK6p9j=w408-h272-k-no,true,8 am–8 pm,8 am–8 pm,8 am–8 pm,8 am–8 pm,10 am–6 pm,10 am–6 pm,8 am–8 pm,"https://www.google.com/maps/search/vein+clinics+in+China+Spring+Waco+TX/@31.6522133,-97.3079638,14z",2025-12-16T22:41:53.407Z,LGBTQ+ friendly,,,
https://www.google.com/maps/place/Baylor+Scott+%26+White+Hillcrest+Clinic+-+China+Spring/data=!4m7!3m6!1s0x864f9add150655fd:0x32ad9ee45c412130!8m2!3d31.6285827!4d-97.2346526!16s%2Fg%2F1261ydj9r!19sChIJ_VUGFd2aT4YRMCFBXOSerTI,Baylor Scott & White Hillcrest Clinic - China Spring,3.6,18,Medical clinic,"9821 China Spring Rd, Waco, TX 76708, United States","JQH8+C4 Waco, Texas, USA",https://www.bswhealth.com/locations/clinic/hillcrest-china-spring?utm_source=pg-google&utm_medium=organic&utm_campaign=29985-9717633,+1 254-202-7400,Closes soon · 5 pm · Opens 8 am Wed,https://lh3.googleusercontent.com/p/AF1QipOQWge_ccbz4OKOYBA9bqtNi0Wf1KnhPIDBxNTW=w426-h240-k-no,true,8 am–5 pm,8 am–5 pm,8 am–5 pm,8 am–5 pm,Closed,Closed,8 am–5 pm,"https://www.google.com/maps/search/vein+clinics+in+China+Spring+Waco+TX/@31.6522133,-97.3079638,14z",2025-12-16T22:41:58.494Z,,,,
https://www.google.com/maps/place/Texas+Vein+Experts+-+Waxahachie/data=!4m7!3m6!1s0x864eefbf578b8c99:0xa2c36c2b0ba6fc58!8m2!3d32.4178423!4d-96.8567378!16s%2Fg%2F11hs0xljhd!19sChIJmYyLV7_vToYRWPymCytsw6I,Texas Vein Experts - Waxahachie,4.9,148,Surgical center,"1001 Legacy Ranch Rd Suite 100, Waxahachie, TX 75165, United States","C49V+48 Waxahachie, Texas, USA",https://www.txveinexperts.com/locations/varicose-veins-waxahachie/?utm_campaign=gmb,+1 817-783-9563,Closes soon · 5 pm · Opens 9 am Wed,https://lh3.googleusercontent.com/p/AF1QipNrCCOf67MDsLAlH3fKj3t9DMjeIGqyAgqlDkIP=w408-h544-k-no,true,9 am–5 pm,9 am–5 pm,9 am–5 pm,9 am–5 pm,Closed,Closed,9 am–5 pm,"https://www.google.com/maps/search/vein+clinics+in+China+Spring+Waco+TX/@31.6522133,-97.3079638,14z",2025-12-16T22:42:03.513Z,,,,
https://www.google.com/maps/place/Texas+Vascular+and+Vein+Center/data=!4m7!3m6!1s0x864e71704f1f5625:0xa4edf684cab7ed98!8m2!3d32.7352423!4d-97.3338252!16s%2Fg%2F1tgc9xyb!19sChIJJVYfT3BxToYRmO23yoT27aQ,Texas Vascular and Vein Center,4.8,85,Vascular surgeon,"851 W Terrell Ave, Fort Worth, TX 76104, United States","PMP8+3F Fort Worth, Texas, USA",https://www.texasvascularcenter.net/,+1 817-332-8346,Closes soon · 5 pm · Opens 8 am Wed,https://lh3.googleusercontent.com/p/AF1QipM6vOLKa_c1gQ9-gCAldUAo6Lz4IzkAzBN8MIEI=w408-h611-k-no,true,8 am–5 pm,8 am–5 pm,8 am–5 pm,8 am–5 pm,Closed,Closed,8 am–5 pm,"https://www.google.com/maps/search/vein+clinics+in+China+Spring+Waco+TX/@31.6522133,-97.3079638,14z",2025-12-16T22:42:08.590Z,,,,
"https://www.google.com/maps/place/Fort+Worth+Vein+Center:+Barry+Oswalt,+MD,+FACS,+FAVLS,+DABVLM/data=!4m7!3m6!1s0x864e730278f227f7:0xa388a7051b6e256c!8m2!3d32.7099682!4d-97.4080406!16s%2Fg%2F11qr3m4wnz!19sChIJ9yfyeAJzToYRbCVuGwWniKM","Fort Worth Vein Center: Barry Oswalt, MD, FACS, FAVLS, DABVLM",5.0,192,Surgical center,"5668 Edwards Ranch Rd suite 200, Fort Worth, TX 76109, United States","PH5R+XQ Fort Worth, Texas, USA",https://www.centerforvein.com/our-clinics/locations/fort-worth-texas,+1 817-536-9600,"Open · Closes 6 pm

Updated by this business 5 weeks ago",https://lh3.googleusercontent.com/p/AF1QipNOxVpX4vrZAuUzuRudi3SLYfNJucMKlbA1MNn-=w408-h426-k-no,true,7 am–6 pm,7 am–6 pm,7 am–6 pm,7 am–6 pm,Closed,Closed,7 am–6 pm,"https://www.google.com/maps/search/vein+clinics+in+China+Spring+Waco+TX/@31.6522133,-97.3079638,14z",2025-12-16T22:42:13.655Z,LGBTQ+ friendly,,,
https://www.google.com/maps/place/Texas+Vein+Experts+-+Fort+Worth/data=!4m7!3m6!1s0x864e0d14c3c7102b:0x5ea9adf9e8bdfc8f!8m2!3d32.7606963!4d-97.4839945!16s%2Fg%2F11gxw7ncrg!19sChIJKxDHwxQNToYRj_y96PmtqV4,Texas Vein Experts - Fort Worth,4.9,175,Medical clinic,"9628 Bartlett Cir Ste 360, Fort Worth, TX 76108, United States","QG68+7C Fort Worth, Texas, USA",https://www.txveinexperts.com/locations/varicose-veins-fort-worth/?utm_campaign=gmb,+1 817-631-8098,Closes soon · 5 pm · Opens 9 am Wed,https://lh3.googleusercontent.com/p/AF1QipMcP87-MPZMJ9mS8d1dy0ELq1Qt_US7EednMZAA=w408-h544-k-no,true,9 am–5 pm,9 am–5 pm,9 am–5 pm,9 am–5 pm,Closed,Closed,9 am–5 pm,"https://www.google.com/maps/search/vein+clinics+in+China+Spring+Waco+TX/@31.6522133,-97.3079638,14z",2025-12-16T22:42:18.718Z,,,,
https://www.google.com/maps/place/Southwest+Vein+and+Leg/data=!4m7!3m6!1s0x864e71743093ae1b:0x4b75541813f106c9!8m2!3d32.7422285!4d-97.328471!16s%2Fg%2F1q64qdrdh!19sChIJG66TMHRxToYRyQbxExhUdUs,Southwest Vein and Leg,5.0,233,Medical clinic,"209 St Louis Ave, Fort Worth, TX 76104, United States","PMRC+VJ Fort Worth, Texas, USA",,+1 817-235-0769,Closes soon · 4:45 pm · Opens 8 am Wed,https://lh3.googleusercontent.com/p/AF1QipO7ifAGxtR5Z68ch7Hm6sCwZuT89xqyZVolzGAl=w426-h240-k-no,true,8 am–4:45 pm,8 am–4:45 pm,8 am–4:45 pm,8 am–4:45 pm,Closed,Closed,8 am–4:45 pm,"https://www.google.com/maps/search/vein+clinics+in+China+Spring+Waco+TX/@31.6522133,-97.3079638,14z",2025-12-16T22:42:23.732Z,,,,
https://www.google.com/maps/place/Texas+Vascular+Institute/data=!4m7!3m6!1s0x864e9ece50137e59:0x8f0b280e162b37a9!8m2!3d32.8864186!4d-96.7614529!16s%2Fg%2F11f1zl5vh6!19sChIJWX4TUM6eToYRqTcrFg4oC48,Texas Vascular Institute,4.9,406,Medical clinic,"8330 Meadow Rd Suite 100, Dallas, TX 75231, United States","V6PQ+HC Dallas, Texas, USA",https://www.dallasvi.com/,+1 972-646-8346,Closed · Opens 8 am Wed,https://lh3.googleusercontent.com/p/AF1QipPCK6eAuNT-XMeAcc4nEKDIJLCBvp1juI7gFzY-=w408-h272-k-no,true,8 am–4 pm,8 am–4 pm,8 am–4 pm,8 am–12 pm,Closed,Closed,8 am–4 pm,"https://www.google.com/maps/search/vein+clinics+in+China+Spring+Waco+TX/@31.6522133,-97.3079638,14z",2025-12-16T22:42:28.564Z,,,,
https://www.google.com/maps/place/Metro+Vein+Centers+%7C+Fort+Worth/data=!4m7!3m6!1s0x864e710f7e5f2b83:0x6fb347f288da52fa!8m2!3d32.7361041!4d-97.3442487!16s%2Fg%2F11lvd8c9ln!19sChIJgytffg9xToYR-lLaiPJHs28,Metro Vein Centers | Fort Worth,4.9,69,Vascular surgeon,"800 8th Ave Suite 426, Fort Worth, TX 76104, United States","PMP4+C8 Fort Worth, Texas, USA",https://www.metroveincenters.com/locations/texas-fort-worth-south?utm_source=google&utm_medium=Yext,+1 817-646-0943,"Closes soon · 5 pm · Opens 7:30 am Wed

Updated by this business 6 weeks ago",https://lh3.googleusercontent.com/p/AF1QipP90GYuva23O5lH51NqDlB-BThgBB0XrCBvRovx=w408-h306-k-no,true,7:30 am–5 pm,7:30 am–5 pm,7:30 am–5 pm,7:30 am–5 pm,Closed,Closed,7:30 am–5 pm,"https://www.google.com/maps/search/vein+clinics+in+China+Spring+Waco+TX/@31.6522133,-97.3079638,14z",2025-12-16T22:42:33.412Z,,,,
https://www.google.com/maps/place/The+Vein+Center/data=!4m7!3m6!1s0x8647314f2cec60a9:0x70798fe3be6f341!8m2!3d30.1500232!4d-95.5490286!16s%2Fg%2F11xkxdhtmn!19sChIJqWDsLE8xR4YRQfPmO_6YBwc,The Vein Center,4.7,15,Health consultant,"26940 Kuykendahl Rd Suite 105, The Woodlands, TX 77375, United States","5F22+29 The Woodlands, Texas, USA",https://theveincentertx.com/,+1 832-791-1600,Closes soon · 5 pm · Opens 8 am Wed,https://lh3.googleusercontent.com/p/AF1QipPxAfpPt5GVll41s4S7qS1hUvGRGCahk_SPVXdT=w408-h272-k-no,true,8 am–5 pm,8 am–5 pm,8 am–5 pm,8 am–2 pm,Closed,Closed,8 am–5 pm,"https://www.google.com/maps/search/vein+clinics+in+China+Spring+Waco+TX/@31.6522133,-97.3079638,14z",2025-12-16T22:42:38.455Z,,,,
,,,,,,,,,,,,,,,,,,,"https://www.google.com/maps/search/vein+clinics+in+Lorena+Waco+TX/@31.5575916,-97.1289922,14z",2025-12-16T22:42:46.489Z,,,No new results found,
,,,,,,,,,,,,,,,,,,,"https://www.google.com/maps/search/vein+clinics+in+Crawford+Waco+TX/@31.3458508,-97.0068393,14z",2025-12-16T22:42:54.461Z,,,No new results found,
"https://www.google.com/maps/place/William+A.+Peper,+MD/@31.5575916,-97.1289922,14z/data=!4m6!3m5!1s0x864f86a0fa897fdb:0x6008ce25db7fed6c!8m2!3d31.5182408!4d-97.2096065!16s%2Fg%2F11c3yqrxbz","William A. Peper, MD",4.5,21,Vascular surgeon,"1000 Hwy 6 #420, Waco, TX 76712, United States","GQ9R+75 Waco, Texas, USA",http://wacosurgeon.com/,+1 254-751-1700,Closes soon · 5 pm · Opens 8 am Wed,https://lh3.googleusercontent.com/gps-cs-s/AG0ilSxI4aqg9XM03Gdeom1Ar8-i5az8Y_PFujwMhHODJs1Wb-6GCyfBvUQQarHJx11Afk2AYRlQSkhmv2nh09TNyS__WQbTK3T0egYKXDROlyhdHXRcQfCgGq37_P1mBeZhf7qLv8P6xQ=w408-h302-k-no,true,8 am–5 pm,8 am–5 pm,8 am–5 pm,8 am–12 pm,Closed,Closed,8 am–5 pm,"https://www.google.com/maps/search/vein+clinics+in+Mart+Waco+TX/@31.5575916,-97.1289922,14z",2025-12-16T22:43:02.682Z,,,Already found,
https://www.google.com/maps/place/Concentra+Urgent+Care/data=!4m7!3m6!1s0x864f83fb2b305ac5:0x8c2cf4cd9d383f44!8m2!3d31.5269641!4d-97.1680247!16s%2Fg%2F11_s2qjls!19sChIJxVowK_uDT4YRRD84nc30LIw,Concentra Urgent Care,4.6,866,Occupational health service,"408 N Valley Mills Dr #408f, Waco, TX 76710, United States","GRGJ+QQ Waco, Texas, USA",https://www.concentra.com/urgent-care-centers/texas/waco/waco-valley-mills-urgent-care/#nearbylocations_g=31.5270130595%7C-97.167999579&nearbylocations_o=DistanceMi%2CAscending&nearbylocations_distancemi=20&nearbylocations_DistanceMi=20,+1 254-523-3622,Open · Closes 6 pm,https://lh3.googleusercontent.com/p/AF1QipPyVeilPDN4rngAGVPB95kiQ_NwCZsAva5nvOD7=w497-h240-k-no,true,9 am–6 pm,9 am–6 pm,9 am–6 pm,9 am–6 pm,Closed,Closed,9 am–6 pm,"https://www.google.com/maps/search/vein+clinics+in+Valley+Mills+Waco+TX/@31.5261132,-97.1488202,14z",2025-12-16T22:43:17.848Z,,,,
,,,,,,,,,,,,,,,,,,,"https://www.google.com/maps/search/vein+clinics+in+Bruceville-Eddy+Waco+TX/@31.3169281,-97.2431361,14z",2025-12-16T22:43:33.385Z,,,No new results found,
,,,,,,,,,,,,,,,,,,,"https://www.google.com/maps/search/vein+clinics+in+Ross+Waco+TX/@31.4978416,-97.1558566,14z",2025-12-16T22:43:41.267Z,,,No new results found,
"https://www.google.com/maps/place/NuGenesis+Medical+Spa/@31.6583728,-96.9714803,14z/data=!4m6!3m5!1s0x864f86a0ff57ad67:0x1631c55015426119!8m2!3d31.5179702!4d-97.2101662!16s%2Fg%2F1tfctmwk",NuGenesis Medical Spa,4.9,39,Medical spa,"1000 W Hwy 6 #430, Waco, TX 76712, United States","GQ9Q+5W Waco, Texas, USA",http://wacomedicalspa.com/,+1 254-776-7546,"Closes soon · 5 pm · Opens 9 am Wed

Updated by phone call 11 weeks ago",https://lh3.googleusercontent.com/p/AF1QipMxlvr_xtidINswJ9YVAMvB3Na92kFc2xpsaohl=w408-h544-k-no,true,9 am–5 pm,9 am–5 pm,9 am–5 pm,9 am–2 pm,Closed,Closed,9 am–5 pm,"https://www.google.com/maps/search/vein+clinics+in+Axtell+Waco+TX/@31.6583728,-96.9714803,14z",2025-12-16T22:43:49.443Z,,,Already found,
https://www.google.com/maps/place/Texas+Vein+Care/data=!4m7!3m6!1s0x864ea59f536f3e4f:0x6bc15c279b9bc728!8m2!3d32.7768729!4d-96.6000775!16s%2Fg%2F1hc0zqglb!19sChIJTz5vU5-lToYRKMebmydcwWs,Texas Vein Care,4.9,32,Specialized clinic,"929 N Galloway Ave # 221, Mesquite, TX 75149, United States","Q9GX+PX Mesquite, Texas, USA",,+1 972-270-7500,Closes soon · 5 pm · Opens 8 am Wed,https://streetviewpixels-pa.googleapis.com/v1/thumbnail?panoid=eMNO_OyXDJcQVmcxI75PMA&cb_client=search.gws-prod.gps&w=408&h=240&yaw=254.03972&pitch=0&thumbfov=100,true,8 am–5 pm,8 am–5 pm,8 am–5 pm,8 am–12 pm,Closed,Closed,8 am–5 pm,"https://www.google.com/maps/search/vein+clinics+in+Mount+Calm+Waco+TX/@31.7562739,-96.8791613,14z",2025-12-16T22:44:02.880Z,,,,
https://www.google.com/maps/place/The+Vein+Center/data=!4m7!3m6!1s0x864e711f07a123ed:0xc39280739fd48f66!8m2!3d32.7268587!4d-97.3443278!16s%2Fg%2F11h_7bfcfc!19sChIJ7SOhBx9xToYRZo_Un3OAksM,The Vein Center,4.5,11,Doctor,"1622 8th Ave #120, Fort Worth, TX 76104, United States","PMG4+P7 Fort Worth, Texas, USA",http://dfwveincare.com/,+1 817-321-0951,Closes soon · 5 pm · Opens 8 am Wed,https://lh3.googleusercontent.com/p/AF1QipPkPJgMp3WhFoGiaMG1jRQnJBZvO077_pcF4hT6=w408-h272-k-no,true,8 am–5 pm,8 am–5 pm,8 am–5 pm,8 am–5 pm,Closed,Closed,8 am–5 pm,"https://www.google.com/maps/search/vein+clinics+in+Mount+Calm+Waco+TX/@31.7562739,-96.8791613,14z",2025-12-16T22:44:07.994Z,,,,
https://www.google.com/maps/place/Atlas+Vein+Care/data=!4m7!3m6!1s0x864e7cc60a2a5f0b:0x6386f0ff6e61c261!8m2!3d32.7005588!4d-97.1142867!16s%2Fg%2F11c5056tlv!19sChIJC18qCsZ8ToYRYcJhbv_whmM,Atlas Vein Care,5.0,223,Medical clinic,"2701 Matlock Rd #103, Arlington, TX 76015, United States","PV2P+67 Arlington, Texas, USA",https://atlasvein.com/,+1 817-795-8346,Closes soon · 5:30 pm · Opens 8 am Wed,https://lh3.googleusercontent.com/p/AF1QipO8AtsufZfE-SKMLvQODjE2K66MSCSrLk079YGO=w408-h272-k-no,true,8 am–5:30 pm,8 am–5:30 pm,8 am–5:30 pm,8 am–2 pm,Closed,Closed,8 am–5:30 pm,"https://www.google.com/maps/search/vein+clinics+in+Mount+Calm+Waco+TX/@31.7562739,-96.8791613,14z",2025-12-16T22:44:12.981Z,,,,
https://www.google.com/maps/place/Metro+Vein+Centers+%7C+Arlington/data=!4m7!3m6!1s0x864e63abb957c341:0x86c98a359101297a!8m2!3d32.691712!4d-97.113017!16s%2Fg%2F11lzb7ptqr!19sChIJQcNXuatjToYReikBkTWKyYY,Metro Vein Centers | Arlington,5.0,266,Vascular surgeon,"515 W Mayfield Rd # 400, Arlington, TX 76014, United States","MVRP+MQ Arlington, Texas, USA",https://www.metroveincenters.com/locations/texas-arlington?utm_source=google&utm_medium=Yext,+1 817-241-5929,"Open · Closes 6 pm

Updated by this business 6 weeks ago",https://lh3.googleusercontent.com/p/AF1QipO5MJ-Mg3wah-eKUdBvGt48QQ5KfXUHPyzr_EYL=w408-h408-k-no,true,8 am–6 pm,8 am–5 pm,7:30 am–5 pm,7:30 am–3 pm,Closed,Closed,8 am–5 pm,"https://www.google.com/maps/search/vein+clinics+in+Mount+Calm+Waco+TX/@31.7562739,-96.8791613,14z",2025-12-16T22:44:17.932Z,,,,
https://www.google.com/maps/place/Totally+Vein+%2F+Ashfaq+Siddiqui+MD/data=!4m7!3m6!1s0x864e61c98f696237:0x2215952a8d4586a3!8m2!3d32.5687008!4d-97.1126505!16s%2Fg%2F1tfpk6n6!19sChIJN2Jpj8lhToYRo4ZFjSqVFSI,Totally Vein / Ashfaq Siddiqui MD,4.8,62,Vascular surgeon,"309 Regency Pkwy # 207, Mansfield, TX 76063, United States","HV9P+FW Mansfield, Texas, USA",https://www.totallyvein.com/,+1 817-225-2716,Closes soon · 5 pm · Opens 9 am Wed,https://lh3.googleusercontent.com/p/AF1QipP6HTu1Rp9Y6Xy75R1j02Jhaa6SsCx4c1xvOlqv=w408-h272-k-no,true,9 am–5 pm,9 am–5 pm,9 am–5 pm,Closed,Closed,Closed,9 am–5 pm,"https://www.google.com/maps/search/vein+clinics+in+Mount+Calm+Waco+TX/@31.7562739,-96.8791613,14z",2025-12-16T22:44:23.104Z,,,,
https://www.google.com/maps/place/Innate+Medical+Solutions+Vein+Clinic/data=!4m7!3m6!1s0x864edbc15986abdd:0x84811a9f98385b47!8m2!3d32.3041709!4d-96.638415!16s%2Fg%2F11nfh5lm61!19sChIJ3auGWcHbToYRR1s4mJ8agYQ,Innate Medical Solutions Vein Clinic,5.0,2,Medical clinic,"2200 Physicians Blvd Suite B, Ennis, TX 75119, United States","8936+MJ Ennis, Texas, USA",,+1 469-649-9983,Closed · Opens 8 am Wed,https://streetviewpixels-pa.googleapis.com/v1/thumbnail?panoid=eOdV-ABmg3kmaQbcyLHrbg&cb_client=search.gws-prod.gps&w=408&h=240&yaw=328.79376&pitch=0&thumbfov=100,true,8 am–4 pm,8 am–4 pm,8 am–4 pm,8 am–1 pm,Closed,Closed,8 am–4 pm,"https://www.google.com/maps/search/vein+clinics+in+Mount+Calm+Waco+TX/@31.7562739,-96.8791613,14z",2025-12-16T22:44:28.020Z,,,,
https://www.google.com/maps/place/The+Aesthetics+Society/data=!4m7!3m6!1s0x864f83959d6e30e9:0x5e03082bd479248!8m2!3d31.5553791!4d-97.1327829!16s%2Fg%2F11w30r9grp!19sChIJ6TBunZWDT4YRSJJHvYIw4AU,The Aesthetics Society,5.0,24,Medical spa,"610 Austin Ave, Waco, TX 76701, United States","HV48+5V Waco, Texas, USA",https://theaestheticssociety.com/,+1 817-500-0557,Closed · Opens 11 am Thu,https://streetviewpixels-pa.googleapis.com/v1/thumbnail?panoid=OlN61o9YKTypIi31WRILAg&cb_client=search.gws-prod.gps&w=408&h=240&yaw=133.59682&pitch=0&thumbfov=100,true,11 am–3 pm,Closed,11 am–3 pm,11 am–3 pm,9 am–12 pm,Closed,Closed,"https://www.google.com/maps/search/vein+clinics+in+Oglesby+Waco+TX/@31.5575916,-97.1289922,14z",2025-12-16T22:44:43.125Z,,,,
https://www.google.com/maps/place/IV+Vitamin+Therapy+Waco/data=!4m7!3m6!1s0x864f8336c73cc52b:0x37a89b95a675fce3!8m2!3d31.542498!4d-97.1476402!16s%2Fg%2F11y69jc9f7!19sChIJK8U8xzaDT4YR4_x1ppWbqDc,IV Vitamin Therapy Waco,3.0,2,Health spa,"2210 Austin Ave, Waco, TX 76701, United States","GVR2+XW Waco, Texas, USA",https://www.ivvitamintherapywaco.com/,+1 254-327-6929,Open · Closes 6 pm,https://lh3.googleusercontent.com/p/AF1QipMJsiHI1rqVEh6jnaCAkH2zVt6O9HK6XQMKp1aH=w408-h306-k-no,true,9 am–6 pm,9 am–6 pm,9 am–6 pm,9 am–6 pm,9 am–2 pm,Closed,9 am–6 pm,"https://www.google.com/maps/search/vein+clinics+in+Oglesby+Waco+TX/@31.5575916,-97.1289922,14z",2025-12-16T22:44:47.847Z,,,,
https://www.google.com/maps/place/United+Vein+%26+Vascular+Centers/data=!4m7!3m6!1s0x864e8d80b3970ce9:0x66722ac071a4595!8m2!3d32.5954494!4d-96.9446951!16s%2Fg%2F11xfvfjb9p!19sChIJ6QyXs4CNToYRlUUaB6wiZwY,United Vein & Vascular Centers,,,Medical Center,"610 Uptown Blvd #4500, Cedar Hill, TX 75104, United States","H3W4+54 Cedar Hill, Texas, USA",https://unitedveincenters.com/find-a-clinic/texas/cedar-hill-tx/?utm_campaign=directory,+1 214-307-6471,"Open · Closes 6 pm

Updated by this business 11 weeks ago",https://lh3.googleusercontent.com/p/AF1QipPxooPKR5K2MAoLikKMSQMepjeH8DN-prXHWsBP=w408-h408-k-no,true,9 am–6 pm,9 am–6 pm,9 am–6 pm,9 am–6 pm,Closed,Closed,9 am–6 pm,"https://www.google.com/maps/search/vein+clinics+in+Prairie+Hill+Waco+TX/@31.6553266,-96.7892735,14z",2025-12-16T22:45:07.908Z,,,,
,,,,,,,,,,,,,,,,,,,"https://www.google.com/maps/search/vein+clinics+in+Penelope+Waco+TX/@31.5575916,-97.1289922,14z",2025-12-16T22:45:16.307Z,,,No new results found,
,,,,,,,,,,,,,,,,,,,"https://www.google.com/maps/search/vein+clinics+in+Malone+Waco+TX/@31.5575916,-97.1289922,14z",2025-12-16T22:45:24.323Z,,,No new results found,
https://www.google.com/maps/place/Dr+Pepper+Museum/data=!4m7!3m6!1s0x864f824e1e2ea939:0xa5e80cea97cc5157!8m2!3d31.5551583!4d-97.1295999!16s%2Fg%2F1tj73__y!19sChIJOakuHk6CT4YRV1HMl-oM6KU,Dr Pepper Museum,4.4,8679,Museum,"300 S 5th St, Waco, TX 76701, United States","HV4C+35 Waco, Texas, USA",http://www.drpeppermuseum.com/,+1 254-757-1024,Closes soon · 5:30 pm · Opens 10 am Wed,https://lh3.googleusercontent.com/p/AF1QipN9S7ogMMbM2hVbkrFTPoNQpFFpvmebjvZAzja0=w408-h272-k-no,true,10 am–5:30 pm,10 am–5:30 pm,10 am–4 pm,10 am–5:30 pm,10 am–5:30 pm,10 am–5:30 pm,10 am–5:30 pm,"https://www.google.com/maps/search/vein+clinics+in+Fortuna+Waco+TX/@31.5575916,-97.1289922,14z",2025-12-16T22:45:37.639Z,,,,Nonprofit gallery examining the history & memorabilia of soft drinks in a 1906 bottling plant. · Gift shop
https://www.google.com/maps/place/Waco+Surgical+Group/data=!4m7!3m6!1s0x864f843ce879803f:0x2e21b65eb4211c6d!8m2!3d31.5289721!4d-97.2045658!16s%2Fg%2F1th1d3xc!19sChIJP4B56DyET4YRbRwhtF62IS4,Waco Surgical Group,4.5,4,Surgical center,"Fish Pond Medical Plaza, 6600 Fish Pond Rd # 101, Waco, TX 76710, United States","GQHW+H5 Waco, Texas, USA",https://healthcare.ascension.org/locations/texas/txwac/waco-ascension-medical-group-providence-general-surgery,+1 254-776-3188,,https://lh3.googleusercontent.com/gps-cs-s/AG0ilSxeX6bWNOPqavg2mgy7XsppX4GFKDpDHp4s9hu1shyaBx21odCeeEvV6pKVn7lN0IGNNROJCwYfervSPeU_vr8C6IPLjuofcRSIR1sLMMwJeq43TYlXb3eMuamK8H0QR9QDVGqgeA=w408-h306-k-no,false,,,,,,,,"https://www.google.com/maps/search/vein+clinics+in+Fortuna+Waco+TX/@31.5575916,-97.1289922,14z",2025-12-16T22:45:40.576Z,,,,