placeUrl,title,rating,reviewCount,category,address,plusCode,website,phoneNumber,currentStatus,imgUrl,isClaimed,tuesday,wednesday,thursday,friday,saturday,sunday,monday,query,timestamp,info,error,attributes
"https://www.google.com/maps/place/Providence+Heart+Institute,+Vein+Center+-+Manito/data=!4m7!3m6!1s0x549e228471371b0b:0xe5a4f3946d5b8cc2!8m2!3d47.6372373!4d-117.4063042!16s%2Fg%2F11b75db2sz!19sChIJCxs3cYQinlQRwoxbbZTzpOU","Providence Heart Institute, Vein Center - Manito",3.7,3,Medical Center,"1923 S Grand Blvd, Spokane, WA 99203, United States","JHPV+VF Spokane, Washington, USA",https://www.providence.org/locations/wa/vein-center-spokane?ls=location&y_source=1_OTU3Njk3MC03MTUtbG9jYXRpb24ud2Vic2l0ZQ%3D%3D,+1 509-626-9484,Open · Closes 5 pm,https://streetviewpixels-pa.googleapis.com/v1/thumbnail?panoid=lX46UZa_07GeOkZNScsIZA&cb_client=search.gws-prod.gps&w=408&h=240&yaw=92.068016&pitch=0&thumbfov=100,true,8 am–5 pm,8 am–5 pm,8 am–5 pm,8 am–5 pm,Closed,Closed,8 am–5 pm,"https://www.google.com/maps/search/vein+clinics+in+Spokane+Spokane+WA/@47.6579711,-117.4235319,14z",2025-12-16T22:12:25.214Z,,,
https://www.google.com/maps/place/MultiCare+Rockwood+Vein+Care+Center+-+Downtown+Spokane/data=!4m7!3m6!1s0x549e230670b46733:0x94b3eec6fd1b751e!8m2!3d47.6516906!4d-117.4251921!16s%2Fg%2F11dd_kq9pr!19sChIJM2e0cAYjnlQRHnUb_cbus5Q,MultiCare Rockwood Vein Care Center - Downtown Spokane,,,Surgical center,"910 W 5th Ave #700, Spokane, WA 99204, United States","MH2F+MW Spokane, Washington, USA",https://www.multicare.org/rockwood-clinic-services-vein-care/,+1 509-755-5700,Open · Closes 5 pm,https://streetviewpixels-pa.googleapis.com/v1/thumbnail?panoid=ijxqAeVL2vBfuM8flaTIEQ&cb_client=search.gws-prod.gps&w=408&h=240&yaw=27.300829&pitch=0&thumbfov=100,false,8 am–5 pm,8 am–5 pm,8 am–5 pm,8 am–5 pm,Closed,Closed,8 am–5 pm,"https://www.google.com/maps/search/vein+clinics+in+Spokane+Spokane+WA/@47.6579711,-117.4235319,14z",2025-12-16T22:12:30.351Z,,,
"https://www.google.com/maps/place/Providence+Heart+Institute,+Vascular+Surgery+Center+-+Spokane/data=!4m7!3m6!1s0x549e187ce4c6739d:0x2b2dae3b82a0f4c3!8m2!3d47.6496179!4d-117.4127404!16s%2Fg%2F1tddrxwc!19sChIJnXPG5HwYnlQRw_SggjuuLSs","Providence Heart Institute, Vascular Surgery Center - Spokane",4.3,6,Surgical center,"62 W 7th Ave Suites 410 and 420, Spokane, WA 99204, United States","JHXP+RW Spokane, Washington, USA",https://www.providence.org/locations/wa/sacred-heart-medical-center/vascular-surgery?ls=location&y_source=1_OTU3Njk2Ny03MTUtbG9jYXRpb24ud2Vic2l0ZQ%3D%3D,+1 509-626-9440,Open · Closes 5 pm,https://streetviewpixels-pa.googleapis.com/v1/thumbnail?panoid=_b-akoWDIPSs0GCglqT2hw&cb_client=search.gws-prod.gps&w=408&h=240&yaw=1.5405029&pitch=0&thumbfov=100,true,8 am–5 pm,8 am–5 pm,8 am–5 pm,8 am–5 pm,Closed,Closed,8 am–5 pm,"https://www.google.com/maps/search/vein+clinics+in+Spokane+Spokane+WA/@47.6579711,-117.4235319,14z",2025-12-16T22:12:35.733Z,,,
"https://www.google.com/maps/place/Providence+Heart+Institute,+Vein+Center+-+North+Spokane/data=!4m7!3m6!1s0x549e194b96594135:0x97020dbb23bf83a5!8m2!3d47.7103226!4d-117.4074194!16s%2Fg%2F11f5hkljt6!19sChIJNUFZlksZnlQRpYO_I7sNApc","Providence Heart Institute, Vein Center - North Spokane",5.0,2,Medical clinic,"212 E Central Ave Suite 240, Spokane, WA 99208, United States","PH6V+42 Spokane, Washington, USA",https://www.providence.org/locations/wa/providence-vein-center-north?ls=location&y_source=1_MjMwNDA3MTEtNzE1LWxvY2F0aW9uLndlYnNpdGU%3D,+1 509-626-9484,Open · Closes 5 pm,https://streetviewpixels-pa.googleapis.com/v1/thumbnail?panoid=S-A9FozBtGEpB3KrdMX53A&cb_client=search.gws-prod.gps&w=408&h=240&yaw=162.61899&pitch=0&thumbfov=100,true,8 am–5 pm,8 am–5 pm,8 am–5 pm,8 am–5 pm,Closed,Closed,8 am–5 pm,"https://www.google.com/maps/search/vein+clinics+in+Spokane+Spokane+WA/@47.6579711,-117.4235319,14z",2025-12-16T22:12:40.780Z,,,
https://www.google.com/maps/place/Vanishing+Veins/data=!4m7!3m6!1s0x549e187ce4c6739d:0x7efcc472a75c20db!8m2!3d47.6490953!4d-117.4126672!16s%2Fg%2F1tdrx0qc!19sChIJnXPG5HwYnlQR2yBcp3LE_H4,Vanishing Veins,,,Medical clinic,"122 W 7th Ave #410, Spokane, WA 99204, United States","JHXP+JW Spokane, Washington, USA",,+1 509-891-0202,,https://streetviewpixels-pa.googleapis.com/v1/thumbnail?panoid=_3QNPHk7onveEPH1mj981w&cb_client=search.gws-prod.gps&w=408&h=240&yaw=185.50175&pitch=0&thumbfov=100,false,,,,,,,,"https://www.google.com/maps/search/vein+clinics+in+Spokane+Spokane+WA/@47.6579711,-117.4235319,14z",2025-12-16T22:12:43.493Z,,,
https://www.google.com/maps/place/The+Regenerative+Institute/data=!4m7!3m6!1s0x549e2349bda6e2d7:0xdb3490ef73874fd!8m2!3d47.6614448!4d-117.4314731!16s%2Fg%2F11kgkv0zst!19sChIJ1-KmvUkjnlQR_XQ49w5Jsw0,The Regenerative Institute,5.0,312,Medical clinic,"1303 W Summit Pkwy Lower Level 1, Spokane, WA 99201, United States","MH69+HC Spokane, Washington, USA",http://www.tri-regen.com/,+1 509-579-4300,Open · Closes 4 pm,https://lh3.googleusercontent.com/p/AF1QipM7_SEgtyEi2WoVFucP1gpt87-OFBPyyw9ew8le=w408-h272-k-no,true,8 am–4 pm,8 am–4 pm,8 am–4 pm,9 am–2 pm,Closed,Closed,8 am–4 pm,"https://www.google.com/maps/search/vein+clinics+in+Spokane+Spokane+WA/@47.6579711,-117.4235319,14z",2025-12-16T22:12:48.623Z,,,
https://www.google.com/maps/place/Crosswalk+Clinic/data=!4m7!3m6!1s0x549e1d2c529307bf:0xba7547bea05fe5af!8m2!3d47.7689224!4d-117.4215289!16s%2Fg%2F11x1cx97tw!19sChIJvweTUiwdnlQRr-VfoL5Hdbo,Crosswalk Clinic,5.0,19,Medical clinic,"624 W Hastings Rd Suite 11, Spokane, WA 99218, United States","QH9H+H9 Spokane, Washington, USA",https://crosswalkclinic.com/,+1 509-210-1300,Open · Closes 5 pm,https://lh3.googleusercontent.com/p/AF1QipPIs-GD3mTrIw1aUKblsKT-4O2O-4IQ3XcyETCP=w408-h306-k-no,true,8 am–5 pm,8 am–5 pm,8 am–5 pm,8 am–5 pm,Closed,Closed,8 am–5 pm,"https://www.google.com/maps/search/vein+clinics+in+Spokane+Spokane+WA/@47.6579711,-117.4235319,14z",2025-12-16T22:12:53.634Z,,,
"https://www.google.com/maps/place/Providence+Heart+Institute,+Vein+Center+-+Spokane+Valley/data=!4m7!3m6!1s0x5361dfe22ac3f939:0xf4fabc649415bd28!8m2!3d47.666942!4d-117.180571!16s%2Fg%2F11p5pn9kc6!19sChIJOfnDKuLfYVMRKL0VlGS8-vQ","Providence Heart Institute, Vein Center - Spokane Valley",1.5,2,Surgical center,"16528 E Desmet Ct a2200, Spokane Valley, WA 99216, United States","MR89+QQ Spokane Valley, Washington, USA",https://www.providence.org/locations/wa/vein-center-spokane-valley?ls=location&y_source=1_Mjc2MDI2MjktNzE1LWxvY2F0aW9uLndlYnNpdGU%3D,+1 509-626-9484,Open · Closes 5 pm,https://lh3.googleusercontent.com/p/AF1QipPfDSLbSJ0nd9Eh4Vkph6I0j1xYBCneI5FDyIrq=w408-h408-k-no,true,8 am–5 pm,8 am–5 pm,8 am–5 pm,8 am–5 pm,Closed,Closed,8 am–5 pm,"https://www.google.com/maps/search/vein+clinics+in+Spokane+Spokane+WA/@47.6579711,-117.4235319,14z",2025-12-16T22:12:58.737Z,,,
https://www.google.com/maps/place/Venia/data=!4m7!3m6!1s0x5361c6c043474d43:0x3b8129e57719b591!8m2!3d47.6953824!4d-116.808417!16s%2Fg%2F1td71n_2!19sChIJQ01HQ8DGYVMRkbUZd-UpgTs,Venia,4.7,40,Medical clinic,"2109 N Main St, Coeur d'Alene, ID 83814, United States","M5WR+5J Coeur d'Alene, Idaho, USA",https://www.veniamd.com/,+1 208-676-0104,Open · Closes 5 pm,https://lh3.googleusercontent.com/p/AF1QipN-4tllNf9VW2h4NRaOLjOK5WEcjLIk74FVyc-7=w408-h306-k-no,true,9 am–5 pm,9 am–5 pm,9 am–5 pm,9 am–4 pm,Closed,Closed,Closed,"https://www.google.com/maps/search/vein+clinics+in+Coeur+d'Alene+Spokane+WA/@47.6579711,-117.4235319,14z",2025-12-16T22:13:14.279Z,,,
https://www.google.com/maps/place/Kootenai+Clinic+Vascular+Surgery/data=!4m7!3m6!1s0x5361c6c1cfdb1b63:0x29ee51746e6600a6!8m2!3d47.6937113!4d-116.7929232!16s%2Fg%2F11c58281tn!19sChIJYxvbz8HGYVMRpgBmbnRR7ik,Kootenai Clinic Vascular Surgery,4.7,30,Surgeon,"700 W Ironwood Dr #350, Coeur d'Alene, ID 83814, United States","M6V4+FR Coeur d'Alene, Idaho, USA",https://www.kh.org/vascular-surgery,+1 208-625-5222,Open · Closes 5 pm,https://lh3.googleusercontent.com/p/AF1QipM397iw4uZ1PHm59M-fuw4N_UcV4cekNZLe7xas=w408-h306-k-no,true,8 am–5 pm,8 am–5 pm,8 am–5 pm,8 am–5 pm,Closed,Closed,8 am–5 pm,"https://www.google.com/maps/search/vein+clinics+in+Coeur+d'Alene+Spokane+WA/@47.6579711,-117.4235319,14z",2025-12-16T22:13:19.424Z,,,
https://www.google.com/maps/place/Dermatology+Specialists+of+Spokane/data=!4m7!3m6!1s0x549e187b84c26c01:0xb336269a7683c51e!8m2!3d47.6511879!4d-117.4091155!16s%2Fg%2F1tgpsbc_!19sChIJAWzChHsYnlQRHsWDdpomNrM,Dermatology Specialists of Spokane,4.9,1619,Skin care clinic,"510 S Cowley St, Spokane, WA 99202, United States","MH2R+F9 Spokane, Washington, USA",https://www.dermsos.com/,+1 509-456-8444,Open · Closes 4:30 pm,https://lh3.googleusercontent.com/p/AF1QipN0t6H2XilKQb02athJrE6UNr0m440xDI7i3EmT=w408-h270-k-no,true,7 am–4:30 pm,7 am–4:30 pm,7 am–4:30 pm,7 am–4:30 pm,Closed,Closed,7 am–4:30 pm,"https://www.google.com/maps/search/vein+clinics+in+Coeur+d'Alene+Spokane+WA/@47.6579711,-117.4235319,14z",2025-12-16T22:13:25.242Z,LGBTQ+ friendly,,
https://www.google.com/maps/place/Inland+Wellness+%26+Vitality/data=!4m7!3m6!1s0x549e18f116155555:0xd765ecc4f8ee2cf1!8m2!3d47.6583469!4d-117.4201491!16s%2Fg%2F11ghr109kg!19sChIJVVUVFvEYnlQR8Szu-MTsZdc,Inland Wellness & Vitality,5.0,259,Medical clinic,"510 W Riverside Ave Suite 206, Spokane, WA 99201, United States","MH5H+8W Spokane, Washington, USA",https://www.inlandwellnessandvitality.com/,+1 509-474-0145,Open · Closes 5 pm,https://lh3.googleusercontent.com/p/AF1QipOkWEIPYDLSfSVs1DdvyCO4grqkx8tB4bzVb_aC=w518-h240-k-no,true,8 am–5 pm,8 am–5 pm,8 am–5 pm,Closed,Closed,Closed,8 am–5 pm,"https://www.google.com/maps/search/vein+clinics+in+Coeur+d'Alene+Spokane+WA/@47.6579711,-117.4235319,14z",2025-12-16T22:13:30.798Z,,,
https://www.google.com/maps/place/Providence+Kendall+Yards+Primary+Care/data=!4m7!3m6!1s0x549e18594dbf63c3:0xf1915264df782f4c!8m2!3d47.6625216!4d-117.4293744!16s%2Fg%2F11dx8lhtsy!19sChIJw2O_TVkYnlQRTC9432RSkfE,Providence Kendall Yards Primary Care,4.8,1571,Medical clinic,"546 N Jefferson St Suite 100, Spokane, WA 99201, United States","MH7C+27 Spokane, Washington, USA",https://www.providence.org/locations/wa/primary-care-kendall-yards?ls=location&y_source=1_OTU3Njk4NS03MTUtbG9jYXRpb24ud2Vic2l0ZQ%3D%3D,+1 509-624-0111,Open · Closes 5 pm,https://lh3.googleusercontent.com/gps-cs-s/AG0ilSxMbYXPIy6FkSTIao6VJH-VCgbcJUzdbwQyrvqdnxLTS5ZNQ1i6T99Yr_i1iHbCQL4JIrZQjoPy91rLme6eEEJqM00DwKjRncrGoJDkhTYXf0t-c6LER5UACb79h5drVFKy8gZD3w=w408-h543-k-no,true,8 am–5 pm,8 am–5 pm,8 am–5 pm,8 am–5 pm,Closed,Closed,8 am–5 pm,"https://www.google.com/maps/search/vein+clinics+in+Coeur+d'Alene+Spokane+WA/@47.6579711,-117.4235319,14z",2025-12-16T22:13:36.892Z,,,
https://www.google.com/maps/place/Clinic+5C+%7C+Cameron+Chesnut+MD/data=!4m7!3m6!1s0x549e187b8590e631:0xf3baf9a7f35b5ef1!8m2!3d47.6511879!4d-117.4091155!16s%2Fg%2F11c708vwxh!19sChIJMeaQhXsYnlQR8V5b86f5uvM,Clinic 5C | Cameron Chesnut MD,4.7,204,Plastic surgeon,"510 S Cowley St Ste 201, Spokane, WA 99202, United States","MH2R+F9 Spokane, Washington, USA",https://clinic5c.com/?utm_source=GMBlisting&utm_medium=organic&utm_campaign=gmb,+1 509-779-8495,Open · Closes 4:30 pm,https://lh3.googleusercontent.com/p/AF1QipOkIp9OAkgPu8bNQVJi-vtSm1OUIPCL15_Unc3N=w408-h272-k-no,true,8 am–4:30 pm,8 am–4:30 pm,8 am–4:30 pm,8 am–4:30 pm,Closed,Closed,8 am–4:30 pm,"https://www.google.com/maps/search/vein+clinics+in+Coeur+d'Alene+Spokane+WA/@47.6579711,-117.4235319,14z",2025-12-16T22:13:42.224Z,LGBTQ+ friendly,,
https://www.google.com/maps/place/Werschler+Aesthetics/data=!4m7!3m6!1s0x549e1862d48e2e43:0xa92b66bc93cf9f2!8m2!3d47.6528751!4d-117.404248!16s%2Fg%2F1tfvgybd!19sChIJQy6O1GIYnlQR8vk8yWu2kgo,Werschler Aesthetics,4.8,158,Medical spa,"324 S Sherman St # B, Spokane, WA 99202, United States","MH3W+58 Spokane, Washington, USA",https://www.werschleraesthetics.com/?utm_source=google&utm_medium=organic&utm_campaign=gmb&utm_content=main_listing,+1 509-344-3223,Open · Closes 5 pm,https://lh3.googleusercontent.com/p/AF1QipPhw5foyYQkd2d-MH1HifXOwLowOhaKdEqe6rfG=w426-h240-k-no,true,9 am–5 pm,9 am–6 pm,9 am–5 pm,9 am–4 pm,Closed,Closed,9 am–5 pm,"https://www.google.com/maps/search/vein+clinics+in+Coeur+d'Alene+Spokane+WA/@47.6579711,-117.4235319,14z",2025-12-16T22:13:47.374Z,LGBTQ+ friendly,,
https://www.google.com/maps/place/Evo+Med+Spa/data=!4m7!3m6!1s0x549e235df77e58cf:0xb7ed5f7dfc5542ad!8m2!3d47.6430686!4d-117.4082921!16s%2Fg%2F11sc2p7kct!19sChIJz1h-910jnlQRrUJV_H1f7bc,Evo Med Spa,5.0,28,Medical spa,"1337 S Grand Blvd, Spokane, WA 99202, United States","JHVR+6M Spokane, Washington, USA",https://www.evomedspa.com/,+1 509-215-4850,Open · Closes 6 pm,https://lh3.googleusercontent.com/p/AF1QipN9479vYFNa_A12o8xqBH9E1uy6RfwiinPUqzF1=w408-h499-k-no,true,10 am–6 pm,10 am–6 pm,10 am–6 pm,10 am–6 pm,Closed,Closed,10 am–6 pm,"https://www.google.com/maps/search/vein+clinics+in+Coeur+d'Alene+Spokane+WA/@47.6579711,-117.4235319,14z",2025-12-16T22:13:52.250Z,LGBTQ+ friendly,,
https://www.google.com/maps/place/Sarah+Hamilton+Face/data=!4m7!3m6!1s0x549e23a01efba53f:0x773cc8f11e90c780!8m2!3d47.6284817!4d-117.3791815!16s%2Fg%2F11yl6d913c!19sChIJP6X7HqAjnlQRgMeQHvHIPHc,Sarah Hamilton Face,5.0,24,Medical spa,"2203 E 29th Ave, Spokane, WA 99203, United States","JJHC+98 Spokane, Washington, USA",https://www.sarahhamiltonface.com/?utm_source=google&utm_medium=organic&utm_campaign=gbp-spokane&utm_content=website+click,+1 509-267-8601,"Open · Closes 6 pm

Confirmed by this business 5 weeks ago",https://lh3.googleusercontent.com/p/AF1QipPCv7qyBBvwdkTKyC5XdpkyGKo_ZkYDMeUJmwY7=w408-h315-k-no,true,10 am–6 pm,9 am–5 pm,9 am–5 pm,9 am–5 pm,Closed,Closed,9 am–5 pm,"https://www.google.com/maps/search/vein+clinics+in+Coeur+d'Alene+Spokane+WA/@47.6579711,-117.4235319,14z",2025-12-16T22:13:57.249Z,LGBTQ+ friendly,,
https://www.google.com/maps/place/Providence+Spokane+Heart+Institute/data=!4m7!3m6!1s0x549e187ceb726db5:0x4cc8758f5c15f49c!8m2!3d47.6502561!4d-117.412757!16s%2Fg%2F1tfchgyr!19sChIJtW1y63wYnlQRnPQVXI91yEw,Providence Spokane Heart Institute,3.3,27,Heart hospital,"62 W 7th Ave, Spokane, WA 99204, United States","MH2P+4V Spokane, Washington, USA",https://www.providence.org/locations/wa/sacred-heart-medical-center/spokane-heart-institute?ls=location&y_source=1_OTU3Njk2OC03MTUtbG9jYXRpb24ud2Vic2l0ZQ%3D%3D,+1 844-552-2734,Open · Closes 4 pm,https://lh3.googleusercontent.com/p/AF1QipMteLIxCbQLfLqW3O_L-Op1QSsziKpAbYA6shb1=w426-h240-k-no,true,7:30 am–4 pm,7:30 am–4 pm,7:30 am–4 pm,7:30 am–4 pm,Closed,Closed,7:30 am–4 pm,"https://www.google.com/maps/search/vein+clinics+in+Coeur+d'Alene+Spokane+WA/@47.6579711,-117.4235319,14z",2025-12-16T22:14:02.643Z,,,
"https://www.google.com/maps/place/Alfonso+Oliva,+MD,+FACS/data=!4m7!3m6!1s0x549e18878882433d:0x835826e4d75761c2!8m2!3d47.650576!4d-117.4085679!16s%2Fg%2F1td60fxb!19sChIJPUOCiIcYnlQRwmFX1-QmWIM","Alfonso Oliva, MD, FACS",4.6,25,Plastic surgeon,"530 S Cowley St, Spokane, WA 99202, United States","MH2R+6H Spokane, Washington, USA",https://www.plasticsurgerynorthwest.com/?utm_source=google&utm_medium=local&utm_campaign=spokane-oliva-website,+1 509-838-1010,Open · Closes 5 pm,https://streetviewpixels-pa.googleapis.com/v1/thumbnail?panoid=L9BmZW3TslqIuj3cK0n8vA&cb_client=search.gws-prod.gps&w=408&h=240&yaw=234.2411&pitch=0&thumbfov=100,false,8 am–5 pm,8 am–5 pm,8 am–5 pm,8 am–5 pm,Closed,Closed,8 am–5 pm,"https://www.google.com/maps/search/vein+clinics+in+Coeur+d'Alene+Spokane+WA/@47.6579711,-117.4235319,14z",2025-12-16T22:14:07.475Z,,,
https://www.google.com/maps/place/Odara+Medical+Spa/data=!4m7!3m6!1s0x549e18e5ac179c0f:0xadb3931228db962e!8m2!3d47.6673784!4d-117.4255816!16s%2Fg%2F11c5zddmzm!19sChIJD5wXrOUYnlQRLpbbKBKTs60,Odara Medical Spa,5.0,94,Medical spa,"1105 N Lincoln St, Spokane, WA 99201, United States","MH8F+XQ Spokane, Washington, USA",http://odaramedicalspa.com/,+1 509-443-4622,Open · Closes 5 pm,https://lh3.googleusercontent.com/p/AF1QipO_3SBnnbe0M-jTadpCVQJnv1FFlflQpG87ObKt=w408-h883-k-no,true,9 am–5 pm,9 am–5 pm,9 am–5 pm,9 am–5 pm,Closed,Closed,9 am–5 pm,"https://www.google.com/maps/search/vein+clinics+in+Coeur+d'Alene+Spokane+WA/@47.6579711,-117.4235319,14z",2025-12-16T22:14:12.630Z,,,
https://www.google.com/maps/place/Dermillume+MD/data=!4m7!3m6!1s0x549e197e3a203ad5:0xdf4ee06835ab7ad1!8m2!3d47.6519009!4d-117.4045829!16s%2Fg%2F11x2pb3d20!19sChIJ1TogOn4ZnlQR0XqrNWjgTt8,Dermillume MD,5.0,13,Medical spa,"371 E 5th Ave, Spokane, WA 99202, United States","MH2W+Q5 Spokane, Washington, USA",http://www.dermillumemd.com/,+1 509-998-3868,Closed · Opens 9 am Fri,https://lh3.googleusercontent.com/p/AF1QipO-ygaIG7Ra_HT40bnpiCWQLaADyWKCTDGPvLeu=w408-h291-k-no,true,Closed,Closed,Closed,9 am–5 pm,9 am–5 pm,Closed,Closed,"https://www.google.com/maps/search/vein+clinics+in+Coeur+d'Alene+Spokane+WA/@47.6579711,-117.4235319,14z",2025-12-16T22:14:17.751Z,Identifies as women-owned,,
https://www.google.com/maps/place/The+IV+Method/data=!4m7!3m6!1s0x549e19c2224ec595:0xad1a5f63fbfa4eff!8m2!3d47.6512284!4d-117.4155744!16s%2Fg%2F11sh2hw1q2!19sChIJlcVOIsIZnlQR_076-2NfGq0,The IV Method,5.0,12,Medical clinic,"501 S Bernard St Suite 201, Spokane, WA 99204, United States","MH2M+FQ Spokane, Washington, USA",https://theivmethod.com/,+1 509-584-5303,Closed · Opens 7 am Wed,https://lh3.googleusercontent.com/p/AF1QipNfBlIb7orTrvrSb9zDxN0F63plxoQQec2Qgpp4=w408-h306-k-no,true,7 am–2 pm,7 am–5 pm,8 am–5 pm,8 am–5 pm,Closed,Closed,Closed,"https://www.google.com/maps/search/vein+clinics+in+Coeur+d'Alene+Spokane+WA/@47.6579711,-117.4235319,14z",2025-12-16T22:14:22.804Z,,,
"https://www.google.com/maps/place/Adnan+%28Addi%29+Z.+Rizvi,+MD/data=!4m7!3m6!1s0x549e1973986d9a6f:0xc969815b48a924df!8m2!3d47.6493738!4d-117.4128781!16s%2Fg%2F11qp6qlbp4!19sChIJb5ptmHMZnlQR3ySpSFuBack","Adnan (Addi) Z. Rizvi, MD",5.0,2,Vascular surgeon,"62 W 7th Ave Ste 420, Spokane, WA 99204, United States","JHXP+PR Spokane, Washington, USA",https://www.providence.org/doctors/vascular-surgery/wa/spokane/adnan-rizvi-1669482154?ls=provider&y_source=1_NDQxMzU2MTgtNzE1LWxvY2F0aW9uLndlYnNpdGU%3D,+1 509-626-9440,,https://streetviewpixels-pa.googleapis.com/v1/thumbnail?panoid=9TGsKJExEyIoV167VARjVA&cb_client=search.gws-prod.gps&w=408&h=240&yaw=266.4308&pitch=0&thumbfov=100,true,,,,,,,,"https://www.google.com/maps/search/vein+clinics+in+Coeur+d'Alene+Spokane+WA/@47.6579711,-117.4235319,14z",2025-12-16T22:14:25.702Z,,,
https://www.google.com/maps/place/The+NATIVE+Project/data=!4m7!3m6!1s0x549e18514f749365:0x693be5ac8b27c771!8m2!3d47.6704916!4d-117.4393176!16s%2Fg%2F1td3r6h7!19sChIJZZN0T1EYnlQRcccni6zlO2k,The NATIVE Project,4.4,296,Medical clinic,"1803 W Maxwell Ave, Spokane, WA 99201, United States","MHC6+57 Spokane, Washington, USA",http://nativeproject.org/,+1 509-483-7535,"Open · Closes 5 pm

Updated by others 11 weeks ago",https://lh3.googleusercontent.com/gps-cs-s/AG0ilSxiDtsx503Uut0g8HeZHNLhUTPYyVeCyuZrpDfOgT2pR9JllTgB93SfaHeOXty0pj0ssLqd7n3EOdoyjPDwi5K_u5aqczAplEorz2g9NcMxYCATnUBw3o4IxyxpYZ26srda0Dnz=w408-h306-k-no,true,9 am–5 pm,8:30 am–5 pm,9 am–5 pm,8:30 am–5 pm,Closed,Closed,8:30 am–5 pm,"https://www.google.com/maps/search/vein+clinics+in+Coeur+d'Alene+Spokane+WA/@47.6579711,-117.4235319,14z",2025-12-16T22:14:30.807Z,LGBTQ+ friendly,,
"https://www.google.com/maps/place/Megan+Vulcan,+ARNP/data=!4m7!3m6!1s0x549e186596bc06dd:0x12079a8640e36ad7!8m2!3d47.6517899!4d-117.425456!16s%2Fg%2F1tj57hfg!19sChIJ3Qa8lmUYnlQR12rjQIaaBxI","Megan Vulcan, ARNP",5.0,165,Bariatric surgeon,"910 W 5th Ave #1000, Spokane, WA 99204, United States","MH2F+PR Spokane, Washington, USA",https://www.multicare.org/provider/megan-vulcan/?utm_source=pg-google&utm_medium=organic&utm_campaign=pg-listings,+1 509-755-5120,Open · Closes 5 pm,https://streetviewpixels-pa.googleapis.com/v1/thumbnail?panoid=ezOYwzzPa-SDXp5fold_Ig&cb_client=search.gws-prod.gps&w=408&h=240&yaw=269.42767&pitch=0&thumbfov=100,true,8 am–5 pm,8 am–5 pm,8 am–5 pm,8 am–5 pm,Closed,Closed,8 am–5 pm,"https://www.google.com/maps/search/vein+clinics+in+Coeur+d'Alene+Spokane+WA/@47.6579711,-117.4235319,14z",2025-12-16T22:14:35.758Z,,,
"https://www.google.com/maps/place/Christopher+Ward,+MD/data=!4m7!3m6!1s0x549e198ca7aec6df:0xb8bbe47d9ea05848!8m2!3d47.651701!4d-117.4252998!16s%2Fg%2F11ry8jtxpz!19sChIJ38aup4wZnlQRSFignn3ku7g","Christopher Ward, MD",5.0,1,Cardiologist,"910 W 5th Ave, Spokane, WA 99204, United States","MH2F+MV Spokane, Washington, USA",https://www.pulseheartinstitute.org/provider/christopher-a-ward/?utm_source=pg-google&utm_medium=organic&utm_campaign=pg-listings,+1 509-755-5500,Open · Closes 5 pm,https://streetviewpixels-pa.googleapis.com/v1/thumbnail?panoid=HcVDHOLWfanuWfS5M4e4vg&cb_client=search.gws-prod.gps&w=408&h=240&yaw=269.5334&pitch=0&thumbfov=100,true,8 am–5 pm,8 am–5 pm,8 am–5 pm,8 am–5 pm,Closed,Closed,8 am–5 pm,"https://www.google.com/maps/search/vein+clinics+in+Coeur+d'Alene+Spokane+WA/@47.6579711,-117.4235319,14z",2025-12-16T22:14:40.727Z,,,
https://www.google.com/maps/place/Dr.+Ryan+Nachreiner/data=!4m7!3m6!1s0x549e187cf6f6aaab:0xd3d6624b007a3378!8m2!3d47.6491297!4d-117.4130158!16s%2Fg%2F11p079t_rn!19sChIJq6r29nwYnlQReDN6AEti1tM,Dr. Ryan Nachreiner,,,Vascular surgeon,"62 W 7th Ave #420, Spokane, WA 99204, United States","JHXP+MQ Spokane, Washington, USA",https://www.providence.org/doctors/vascular-surgery/wa/spokane/ryan-nachreiner-1104874569,+1 509-626-9440,,https://streetviewpixels-pa.googleapis.com/v1/thumbnail?panoid=_b-akoWDIPSs0GCglqT2hw&cb_client=search.gws-prod.gps&w=408&h=240&yaw=211.02531&pitch=0&thumbfov=100,false,,,,,,,,"https://www.google.com/maps/search/vein+clinics+in+Coeur+d'Alene+Spokane+WA/@47.6579711,-117.4235319,14z",2025-12-16T22:14:43.690Z,,,
https://www.google.com/maps/place/Northwest+Phlebotomy+School+Spokane/data=!4m7!3m6!1s0x549e236dab4e6157:0x7d160d86ac1ec3cd!8m2!3d47.655347!4d-117.4168202!16s%2Fg%2F11hz8xg253!19sChIJV2FOq20jnlQRzcMerIYNFn0,Northwest Phlebotomy School Spokane,5.0,141,Vocational school,"304 W Pacific Ave Suite 210, Spokane, WA 99201, United States","MH4M+47 Spokane, Washington, USA",https://www.nwphlebotomyschool.com/,+1 360-522-3226,Open · Closes 9 pm,https://lh3.googleusercontent.com/p/AF1QipMEvpPIsspI94IqXk4jnewjPda9FX3pKckDsYLw=w408-h408-k-no,true,9 am–9 pm,9 am–9 pm,9 am–5 pm,9 am–5 pm,Closed,Closed,9 am–9 pm,"https://www.google.com/maps/search/vein+clinics+in+Coeur+d'Alene+Spokane+WA/@47.6579711,-117.4235319,14z",2025-12-16T22:14:48.511Z,Identifies as women-owned,,
https://www.google.com/maps/place/Providence+Inland+Vascular+Institute:+Reilly+M+Kathleen+MD/data=!4m7!3m6!1s0x549e187c67c64875:0xdf1b4b01454daf0c!8m2!3d47.6491297!4d-117.4130158!16s%2Fg%2F1td7yt92!19sChIJdUjGZ3wYnlQRDK9NRQFLG98,Providence Inland Vascular Institute: Reilly M Kathleen MD,,,Vascular surgeon,"62 W 7th Ave #420, Spokane, WA 99204, United States","JHXP+MQ Spokane, Washington, USA",,+1 509-838-8286,,https://streetviewpixels-pa.googleapis.com/v1/thumbnail?panoid=_3QNPHk7onveEPH1mj981w&cb_client=search.gws-prod.gps&w=408&h=240&yaw=221.63823&pitch=0&thumbfov=100,false,,,,,,,,"https://www.google.com/maps/search/vein+clinics+in+Coeur+d'Alene+Spokane+WA/@47.6579711,-117.4235319,14z",2025-12-16T22:14:51.330Z,,,
"https://www.google.com/maps/place/Luke+X.+Zhan,+MD/data=!4m7!3m6!1s0x549e187cf6f6aaab:0x2d15f2ec813b2bcf!8m2!3d47.6491297!4d-117.4130158!16s%2Fg%2F11qgb788xh!19sChIJq6r29nwYnlQRzys7gezyFS0","Luke X. Zhan, MD",2.8,5,Vascular surgeon,"62 W 7th Ave #420, Spokane, WA 99204, United States","JHXP+MQ Spokane, Washington, USA",https://www.providence.org/doctors/vascular-surgery/wa/spokane/luke-zhan-1043524481?ls=provider&y_source=1_NDQxMzQ1MTktNzE1LWxvY2F0aW9uLndlYnNpdGU%3D,+1 509-626-9440,,https://streetviewpixels-pa.googleapis.com/v1/thumbnail?panoid=_b-akoWDIPSs0GCglqT2hw&cb_client=search.gws-prod.gps&w=408&h=240&yaw=211.02531&pitch=0&thumbfov=100,true,,,,,,,,"https://www.google.com/maps/search/vein+clinics+in+Coeur+d'Alene+Spokane+WA/@47.6579711,-117.4235319,14z",2025-12-16T22:14:54.147Z,,,
https://www.google.com/maps/place/Inland+Imaging+Interventional+Radiology+Consultants/data=!4m7!3m6!1s0x549e18879a190b51:0x32a55d60fd1beb91!8m2!3d47.7098312!4d-117.4060833!16s%2Fg%2F113hrr1gq!19sChIJUQsZmocYnlQRkesb_WBdpTI,Inland Imaging Interventional Radiology Consultants,5.0,2,Medical Center,"5715 N Lidgerwood St, Spokane, WA 99208, United States","PH5V+WH Spokane, Washington, USA",http://interventional.inlandimaging.com/,+1 509-363-7554,Open · Closes 5 pm,https://streetviewpixels-pa.googleapis.com/v1/thumbnail?panoid=OfkJBBuPG7Uju2Emjdz9eQ&cb_client=search.gws-prod.gps&w=408&h=240&yaw=142.69716&pitch=0&thumbfov=100,true,7 am–5 pm,7 am–5 pm,7 am–5 pm,7 am–5 pm,Closed,Closed,7 am–5 pm,"https://www.google.com/maps/search/vein+clinics+in+Coeur+d'Alene+Spokane+WA/@47.6579711,-117.4235319,14z",2025-12-16T22:14:58.826Z,,,
https://www.google.com/maps/place/Kinwell+Primary+Care+6th+%26+WA/data=!4m7!3m6!1s0x549e190b59286d83:0x596bddec5df4e217!8m2!3d47.649992!4d-117.4170229!16s%2Fg%2F11rc7wdmnc!19sChIJg20oWQsZnlQRF-L0Xezda1k,Kinwell Primary Care 6th & WA,3.3,28,Medical clinic,"307 W 6th Ave suite 100, Spokane, WA 99204, United States","JHXM+X5 Spokane, Washington, USA",https://kinwellhealth.com/clinics/spokane-6th/,+1 833-411-5469,"Open · Closes 5 pm

Confirmed by phone call 10 weeks ago",https://streetviewpixels-pa.googleapis.com/v1/thumbnail?panoid=RG1jRVA2kVtrhj8weSkmLA&cb_client=search.gws-prod.gps&w=408&h=240&yaw=187.38695&pitch=0&thumbfov=100,true,8 am–5 pm,8 am–5 pm,8 am–5 pm,8 am–5 pm,Closed,Closed,8 am–5 pm,"https://www.google.com/maps/search/vein+clinics+in+Coeur+d'Alene+Spokane+WA/@47.6579711,-117.4235319,14z",2025-12-16T22:15:03.713Z,,,
https://www.google.com/maps/place/Spokane+Teaching+Health+Clinic/data=!4m7!3m6!1s0x549e18913b02abdd:0x23ba2d548ca68214!8m2!3d47.6598689!4d-117.4013796!16s%2Fg%2F11cp7g1jhf!19sChIJ3asCO5EYnlQRFIKmjFQtuiM,Spokane Teaching Health Clinic,3.2,105,Medical clinic,"624 E Front Ave, Spokane, WA 99202, United States","MH5X+WC Spokane, Washington, USA",https://www.spokaneteachinghealth.org/,+1 509-626-9900,Open · Closes 5 pm,https://lh3.googleusercontent.com/gps-cs-s/AG0ilSwwVfUBQZviuEt2esu2npbiPLW9eAcxucNkGIjIoihBMo5r0bqA1utWKY5LlDK5W4tFcUmY_WiNBTcPhET5TqZ478-KdaraoIeB4VyBKpLu9PEpohHAu2RiCYwGkgTrOkdsYZli=w408-h306-k-no,false,"8 am–12:15 pm, 1:15–5 pm","8 am–12:15 pm, 1:15–5 pm","8 am–12:15 pm, 1:15–5 pm","8 am–12:15 pm, 1:15–5 pm",Closed,Closed,"8 am–12:15 pm, 1:15–5 pm","https://www.google.com/maps/search/vein+clinics+in+Coeur+d'Alene+Spokane+WA/@47.6579711,-117.4235319,14z",2025-12-16T22:15:08.945Z,,,
"https://www.google.com/maps/place/Bryce+French,+MD/data=!4m7!3m6!1s0x5361c70ffa4eb801:0x1c86e5e30d786515!8m2!3d47.6936274!4d-116.7928838!16s%2Fg%2F11jz_c5g6y!19sChIJAbhO-g_HYVMRFWV4DePlhhw","Bryce French, MD",5.0,8,Vascular surgeon,"700 W Ironwood Dr #350, Coeur d'Alene, ID 83814, United States","M6V4+FR Coeur d'Alene, Idaho, USA",https://www.kh.org/vascular-surgery/,+1 208-625-5222,Open · Closes 5 pm,https://streetviewpixels-pa.googleapis.com/v1/thumbnail?panoid=1YqWeRWgzgA0EDxX62AbFw&cb_client=search.gws-prod.gps&w=408&h=240&yaw=9.0468855&pitch=0&thumbfov=100,true,8 am–5 pm,8 am–5 pm,8 am–5 pm,8 am–5 pm,Closed,Closed,8 am–5 pm,"https://www.google.com/maps/search/vein+clinics+in+Coeur+d'Alene+Spokane+WA/@47.6579711,-117.4235319,14z",2025-12-16T22:15:14.102Z,,,
https://www.google.com/maps/place/Providence+Orthopedics+%26+Sports+Medicine/data=!4m7!3m6!1s0x549e187b8590e631:0xb73231fdb10cf5e7!8m2!3d47.6477623!4d-117.4152184!16s%2Fg%2F11c5h3gv23!19sChIJMeaQhXsYnlQR5_UMsf0xMrc,Providence Orthopedics & Sports Medicine,3.5,32,Orthopedic surgeon,"820 S McClellan St # 300, Spokane, WA 99204, United States","JHXM+4W Spokane, Washington, USA",https://www.providence.org/locations/wa/orthopedics-spokane?ls=location&y_source=1_OTU3Njk5Mi03MTUtbG9jYXRpb24ud2Vic2l0ZQ%3D%3D,+1 509-838-7100,Open · Closes 5 pm,https://lh3.googleusercontent.com/p/AF1QipPcQSzbXYrTxcwG2mxi1PJ08ahtLDgvMvw1XYbi=w408-h327-k-no,true,8 am–5 pm,8 am–5 pm,8 am–5 pm,8 am–5 pm,Closed,Closed,8 am–5 pm,"https://www.google.com/maps/search/vein+clinics+in+Coeur+d'Alene+Spokane+WA/@47.6579711,-117.4235319,14z",2025-12-16T22:15:19.046Z,,,
"https://www.google.com/maps/place/Philip+Kladar,+MD/data=!4m7!3m6!1s0x5361c6c1c6306533:0xb40cb4261759c350!8m2!3d47.6936274!4d-116.7928838!16s%2Fg%2F1tmqfwxz!19sChIJM2UwxsHGYVMRUMNZFya0DLQ","Philip Kladar, MD",5.0,38,Surgeon,"700 W Ironwood Dr #350, Coeur d'Alene, ID 83814, United States","M6V4+FR Coeur d'Alene, Idaho, USA",https://www.kh.org/provider/philip-kladar/,+1 208-625-5222,Open · Closes 5 pm,https://streetviewpixels-pa.googleapis.com/v1/thumbnail?panoid=1YqWeRWgzgA0EDxX62AbFw&cb_client=search.gws-prod.gps&w=408&h=240&yaw=9.0468855&pitch=0&thumbfov=100,true,8 am–5 pm,8 am–5 pm,8 am–5 pm,8 am–5 pm,Closed,Closed,8 am–5 pm,"https://www.google.com/maps/search/vein+clinics+in+Coeur+d'Alene+Spokane+WA/@47.6579711,-117.4235319,14z",2025-12-16T22:15:24.055Z,,,
https://www.google.com/maps/place/Dr.+Luke+Zhan/data=!4m7!3m6!1s0x549e228470c55555:0x6ffca0f9221f23c3!8m2!3d47.637025!4d-117.4063253!16s%2Fg%2F11p07bc40w!19sChIJVVXFcIQinlQRwyMfIvmg_G8,Dr. Luke Zhan,,,Surgeon,"1923 S Grand Blvd, Spokane, WA 99203, United States","JHPV+RF Spokane, Washington, USA",https://www.providence.org/doctors/vascular-surgery/wa/spokane/luke-zhan-1043524481,+1 509-626-9440,,https://streetviewpixels-pa.googleapis.com/v1/thumbnail?panoid=A2aH5e_75h978YpX7ZeoFQ&cb_client=search.gws-prod.gps&w=408&h=240&yaw=315.64096&pitch=0&thumbfov=100,false,,,,,,,,"https://www.google.com/maps/search/vein+clinics+in+Coeur+d'Alene+Spokane+WA/@47.6579711,-117.4235319,14z",2025-12-16T22:15:26.862Z,,,
https://www.google.com/maps/place/Providence+Inland+Vascular/data=!4m7!3m6!1s0x549e194b7f99da8f:0xdfe8dc548cb714fb!8m2!3d47.7114103!4d-117.4070509!16s%2Fg%2F12638qlxv!19sChIJj9qZf0sZnlQR-xS3jFTc6N8,Providence Inland Vascular,,,Surgical center,"212 E Central Ave # 245, Spokane, WA 99208, United States","PH6V+H5 Spokane, Washington, USA",https://www.providence.org/locations/wa/sacred-heart-medical-center/vascular-surgery,+1 509-838-8286,Temporarily closed,https://streetviewpixels-pa.googleapis.com/v1/thumbnail?panoid=bvp7zV1jelXGK86gPpIPgQ&cb_client=search.gws-prod.gps&w=408&h=240&yaw=166.51398&pitch=0&thumbfov=100,false,,,,,,,,"https://www.google.com/maps/search/vein+clinics+in+Coeur+d'Alene+Spokane+WA/@47.6579711,-117.4235319,14z",2025-12-16T22:15:31.602Z,,,
https://www.google.com/maps/place/Clinic+5C+%7C+Dermatology+Liberty+Lake/data=!4m7!3m6!1s0x5361df65fd0e0987:0xc5105fc9b52d9461!8m2!3d47.6692969!4d-117.1104085!16s%2Fg%2F11nm_280t_!19sChIJhwkO_WXfYVMRYZQttclfEMU,Clinic 5C | Dermatology Liberty Lake,4.8,62,Dermatologist,"1334 N Whitman Ln Suite #200, Liberty Lake, WA 99019, United States","MV9Q+PR Liberty Lake, Washington, USA",https://www.clinic5c.com/?utm_source=GMBlisting&utm_medium=organic&utm_campaign=gmb&utm_content=lldermatology,+1 509-779-8495,Open · Closes 4:30 pm,https://lh3.googleusercontent.com/p/AF1QipNxB5zL2BoEy5tm8skGzocgvSCpjvYq45aSqxB6=w408-h532-k-no,true,8 am–4:30 pm,8 am–4:30 pm,8 am–4:30 pm,7:30 am–2:30 pm,Closed,Closed,8 am–4:30 pm,"https://www.google.com/maps/search/vein+clinics+in+Liberty+Lake+Spokane+WA/@47.6743428,-117.1124241,14z",2025-12-16T22:15:44.898Z,LGBTQ+ friendly,,
https://www.google.com/maps/place/Ava+Medical+Center/data=!4m7!3m6!1s0x5361de81c4ab6e93:0x75b8134fcba415c1!8m2!3d47.677275!4d-117.0918324!16s%2Fg%2F11fxd_bkzn!19sChIJk26rxIHeYVMRwRWky08TuHU,Ava Medical Center,3.0,2,Surgical center,"2207 N Molter Rd # 101, Liberty Lake, WA 99019, United States","MWG5+W7 Liberty Lake, Washington, USA",,+1 509-991-1998,Open · Closes 5 pm,https://lh3.googleusercontent.com/p/AF1QipPiT1vJ8UwCnq6qgtH-gmVnbRukxKqXjpQ1-KLI=w408-h272-k-no,true,9 am–5 pm,9 am–5 pm,9 am–5 pm,9 am–5 pm,Closed,Closed,9 am–5 pm,"https://www.google.com/maps/search/vein+clinics+in+Liberty+Lake+Spokane+WA/@47.6743428,-117.1124241,14z",2025-12-16T22:15:49.816Z,Identifies as women-owned,,
https://www.google.com/maps/place/Sarah+Hamilton+Face/data=!4m7!3m6!1s0x5361de8c577fad35:0x775accfbd1251f92!8m2!3d47.6691093!4d-117.1105499!16s%2Fg%2F11c1v1c9lh!19sChIJNa1_V4zeYVMRkh8l0fvMWnc,Sarah Hamilton Face,5.0,386,Medical spa,"1334 N Whitman Ln Suite #210, Liberty Lake, WA 99019, United States","MV9Q+JQ Liberty Lake, Washington, USA",https://www.sarahhamiltonface.com/?utm_source=google&utm_medium=organic&utm_campaign=gbp-ll&utm_content=website%20click,+1 509-210-0228,"Open · Closes 6 pm

Updated by this business 8 weeks ago",https://lh3.googleusercontent.com/p/AF1QipPf5aG8siiSho5GOSl_yF5xhgAfEjOKkgEZGaxX=w408-h272-k-no,true,10 am–6 pm,9 am–5 pm,9 am–5 pm,9 am–5 pm,Closed,Closed,9 am–5 pm,"https://www.google.com/maps/search/vein+clinics+in+Liberty+Lake+Spokane+WA/@47.6743428,-117.1124241,14z",2025-12-16T22:15:54.884Z,LGBTQ+ friendly,,
https://www.google.com/maps/place/MultiCare+Rockwood+Clinic+-+Liberty+Lake/data=!4m7!3m6!1s0x5361de8e9e086ec5:0x1d2accc3b924c09!8m2!3d47.6693002!4d-117.1092244!16s%2Fg%2F1hc8x52nn!19sChIJxW4Ino7eYVMRCUySO8ys0gE,MultiCare Rockwood Clinic - Liberty Lake,4.1,309,Medical clinic,"1326 N Stanford Ln, Liberty Lake, WA 99019, United States","MV9R+P8 Liberty Lake, Washington, USA",https://www.multicare.org/location/multicare-rockwood-clinic-liberty-lake/?utm_source=pg-google&utm_medium=organic&utm_campaign=pg-listings,+1 509-755-6760,Open · Closes 7 pm,https://streetviewpixels-pa.googleapis.com/v1/thumbnail?panoid=Q8QhBydi5I-DaVswdECDDg&cb_client=search.gws-prod.gps&w=408&h=240&yaw=143.4831&pitch=0&thumbfov=100,true,7 am–7 pm,7 am–7 pm,7 am–5 pm,7 am–5 pm,Closed,Closed,7 am–7 pm,"https://www.google.com/maps/search/vein+clinics+in+Liberty+Lake+Spokane+WA/@47.6743428,-117.1124241,14z",2025-12-16T22:15:59.977Z,,,
https://www.google.com/maps/place/Labcorp/data=!4m7!3m6!1s0x5361dfe297da33f3:0xf967522d76e63f52!8m2!3d47.6691856!4d-117.1104432!16s%2Fg%2F11ff0w7tj1!19sChIJ8zPal-LfYVMRUj_mdi1SZ_k,Labcorp,2.6,60,Medical laboratory,"1334 N Whitman Ln Ste 120, Liberty Lake, WA 99019, United States","MV9Q+MR Liberty Lake, Washington, USA",https://locations.labcorp.com/wa/liberty-lake/31522/,+1 509-924-3499,"Open · Closes 5 pm

Updated by this business 2 weeks ago",https://lh3.googleusercontent.com/p/AF1QipPKswuOTzoi11yE8o1BiolevNV_Qm_4wHhiS3R7=w408-h272-k-no,true,"8 am–12:30 pm, 1:30–5 pm","8 am–12:30 pm, 1:30–5 pm","8 am–12:30 pm, 1:30–5 pm","8 am–12:30 pm, 1:30–5 pm",Closed,Closed,"8 am–12:30 pm, 1:30–5 pm","https://www.google.com/maps/search/vein+clinics+in+Liberty+Lake+Spokane+WA/@47.6743428,-117.1124241,14z",2025-12-16T22:16:04.906Z,,,
https://www.google.com/maps/place/Simmerman+Brian+MD/data=!4m7!3m6!1s0x5361dc2a764fd28d:0xfcf1504115170903!8m2!3d47.6773015!4d-117.091735!16s%2Fg%2F1tg813qw!19sChIJjdJPdircYVMRAwkXFUFQ8fw,Simmerman Brian MD,,,Vascular surgeon,"2207 N Molter Rd # 203, Liberty Lake, WA 99019, United States","MWG5+W8 Liberty Lake, Washington, USA",http://washington.providence.org/,+1 509-928-6383,,https://streetviewpixels-pa.googleapis.com/v1/thumbnail?panoid=QAn6EygEI6V9FJsnls-MrA&cb_client=search.gws-prod.gps&w=408&h=240&yaw=240.89215&pitch=0&thumbfov=100,false,,,,,,,,"https://www.google.com/maps/search/vein+clinics+in+Liberty+Lake+Spokane+WA/@47.6743428,-117.1124241,14z",2025-12-16T22:16:07.668Z,,,
https://www.google.com/maps/place/Washington+Medical+Group/data=!4m7!3m6!1s0x5361dfa336f0b5a7:0xc5874e271e352526!8m2!3d47.6691716!4d-117.1098675!16s%2Fg%2F11kc2xshz8!19sChIJp7XwNqPfYVMRJiU1HidOh8U,Washington Medical Group,3.6,8,Weight loss service,"1327 N Stanford Ln D, Liberty Lake, WA 99019, United States","MV9R+M3 Liberty Lake, Washington, USA",https://wamedgroup.com/,+1 509-645-2640,,https://streetviewpixels-pa.googleapis.com/v1/thumbnail?panoid=P8reg9FZ9QVArwiBHmW4lA&cb_client=search.gws-prod.gps&w=408&h=240&yaw=258.8306&pitch=0&thumbfov=100,true,,,,,,,,"https://www.google.com/maps/search/vein+clinics+in+Liberty+Lake+Spokane+WA/@47.6743428,-117.1124241,14z",2025-12-16T22:16:10.425Z,,,
"https://www.google.com/maps/place/Ben+Jaderholm,+DO/data=!4m7!3m6!1s0x5361df8a0d19f82f:0xe39518a38dec53c4!8m2!3d47.6693749!4d-117.1091772!16s%2Fg%2F11h5w552xb!19sChIJL_gZDYrfYVMRxFPsjaMYleM","Ben Jaderholm, DO",4.7,113,Family practice physician,"1326 N Stanford Ln, Liberty Lake, WA 99019, United States","MV9R+P8 Liberty Lake, Washington, USA",https://www.multicare.org/provider/ben-jaderholm/?utm_source=pg-google&utm_medium=organic&utm_campaign=pg-listings,+1 509-755-6760,Open · Closes 7 pm,https://streetviewpixels-pa.googleapis.com/v1/thumbnail?panoid=5IFRHd51HFPRXj6zdXARKQ&cb_client=search.gws-prod.gps&w=408&h=240&yaw=46.068172&pitch=0&thumbfov=100,true,7 am–7 pm,7 am–7 pm,7 am–5 pm,7 am–5 pm,Closed,Closed,7 am–7 pm,"https://www.google.com/maps/search/vein+clinics+in+Liberty+Lake+Spokane+WA/@47.6743428,-117.1124241,14z",2025-12-16T22:16:15.316Z,,,
https://www.google.com/maps/place/MultiCare+Rockwood+Obstetrics+%26+Gynecology+-+Liberty+Lake/data=!4m7!3m6!1s0x5361de8c4754518b:0x93c87276fb1a6d!8m2!3d47.6692132!4d-117.1102613!16s%2Fg%2F11g8kxgp0h!19sChIJi1FUR4zeYVMRbRr7dnLIkwA,MultiCare Rockwood Obstetrics & Gynecology - Liberty Lake,4.9,365,Obstetrician-gynecologist,"1334 N Whitman Ln Ste 220, Liberty Lake, WA 99019, United States","MV9Q+MV Liberty Lake, Washington, USA",https://www.multicare.org/location/multicare-rockwood-obstetrics-gynecology-liberty-lake/?utm_source=pg-google&utm_medium=organic&utm_campaign=pg-listings,+1 509-924-1990,Open · Closes 5 pm,https://lh3.googleusercontent.com/p/AF1QipPWB-YvLY8OCSDlv_1zURK3v7Sd6JoM-jHpOtum=w426-h240-k-no,true,8 am–5 pm,8 am–5 pm,8 am–5 pm,Closed,Closed,Closed,8 am–5 pm,"https://www.google.com/maps/search/vein+clinics+in+Liberty+Lake+Spokane+WA/@47.6743428,-117.1124241,14z",2025-12-16T22:16:20.217Z,,,
https://www.google.com/maps/place/CHAS+Cheney+Medical+Clinic/data=!4m7!3m6!1s0x549e38be508fcaa9:0xbfee605fc365078b!8m2!3d47.4976097!4d-117.5656109!16s%2Fg%2F11bx5nmk4p!19sChIJqcqPUL44nlQRiwdlw19g7r8,CHAS Cheney Medical Clinic,3.7,122,Medical clinic,"1720 2nd St, Cheney, WA 99004, United States","FCXM+2Q Cheney, Washington, USA",https://chas.org/location/cheney-health-center/,+1 509-444-8200,Open · Closes 6 pm,https://lh3.googleusercontent.com/p/AF1QipMr9THr2bSj_p1-5yesdNP6Yr4naufJ31vAFtXA=w408-h272-k-no,true,7:30 am–6 pm,7:30 am–6 pm,7:30 am–6 pm,7:30 am–6 pm,Closed,Closed,7:30 am–6 pm,"https://www.google.com/maps/search/vein+clinics+in+Cheney+Spokane+WA/@47.4868989,-117.5759469,14z",2025-12-16T22:16:33.532Z,,,
https://www.google.com/maps/place/Cheney+Medical+Center/data=!4m7!3m6!1s0x549e38a26239c679:0xfe4ea6b411117c58!8m2!3d47.4931218!4d-117.5776639!16s%2Fg%2F11cp7r_654!19sChIJecY5YqI4nlQRWHwREbSmTv4,Cheney Medical Center,3.0,8,Medical clinic,"19 N 7th St, Cheney, WA 99004, United States","FCVC+6W Cheney, Washington, USA",http://rockwoodclinic.com/,+1 509-235-6151,,https://streetviewpixels-pa.googleapis.com/v1/thumbnail?panoid=DhhD80FOoH_d9M-bccJ5zQ&cb_client=search.gws-prod.gps&w=408&h=240&yaw=128.70403&pitch=0&thumbfov=100,false,,,,,,,,"https://www.google.com/maps/search/vein+clinics+in+Cheney+Spokane+WA/@47.4868989,-117.5759469,14z",2025-12-16T22:16:36.353Z,,,
https://www.google.com/maps/place/Peak+Vitality/data=!4m7!3m6!1s0x549e394836838cf7:0x40eaa3837bc442e7!8m2!3d47.4878157!4d-117.5743582!16s%2Fg%2F11mcv_gf14!19sChIJ94yDNkg5nlQR50LEe4Oj6kA,Peak Vitality,5.0,8,Medical spa,"513 1st St, Cheney, WA 99004, United States","FCQG+47 Cheney, Washington, USA",http://peakvitalitywa.janeapp.com/,+1 770-883-9275,,https://streetviewpixels-pa.googleapis.com/v1/thumbnail?panoid=A-ZnE2b3XaOKYen_G1PVfg&cb_client=search.gws-prod.gps&w=408&h=240&yaw=130.31834&pitch=0&thumbfov=100,true,,,,,,,,"https://www.google.com/maps/search/vein+clinics+in+Cheney+Spokane+WA/@47.4868989,-117.5759469,14z",2025-12-16T22:16:39.188Z,Identifies as women-owned,,
https://www.google.com/maps/place/Liberty+Clinic+Inc/data=!4m7!3m6!1s0x549e18fdce824507:0xd03578d52d63ed91!8m2!3d47.487649!4d-117.574608!16s%2Fg%2F1v4psqg2!19sChIJB0WCzv0YnlQRke1jLdV4NdA,Liberty Clinic Inc,5.0,2,Medical clinic,"507 1st St, Cheney, WA 99004, United States","FCQG+35 Cheney, Washington, USA",http://www.mundall.com/liberty/,+1 509-235-9121,Open · Closes 5 pm,https://lh3.googleusercontent.com/gps-cs-s/AG0ilSzVb1fMIQ_-eWEiAui0S_KSfPfbWls7NMneUJJ7O5PFZRiU9ayE_7PURRj2UxtuNYTMGSmWFx71B_KEJpqL-xqjaLa1e_tiUNmB-FVouI91DFkaUGNeeYp9jfP5MjaQ_vAjFWAm=w493-h240-k-no,false,10 am–5 pm,Closed,Closed,Closed,Closed,Closed,Closed,"https://www.google.com/maps/search/vein+clinics+in+Cheney+Spokane+WA/@47.4868989,-117.5759469,14z",2025-12-16T22:16:44.171Z,,,
https://www.google.com/maps/place/Wild+Heart+Esthetics+%26+Sunless+Tanning/data=!4m7!3m6!1s0x549e39c33ca622e5:0x36e1bee2e25f313f!8m2!3d47.4978805!4d-117.5641712!16s%2Fg%2F11t7jj2cyc!19sChIJ5SKmPMM5nlQRPzFf4uK-4TY,Wild Heart Esthetics & Sunless Tanning,5.0,6,Skin care clinic,"1831 1st St, Cheney, WA 99004, United States","FCXP+58 Cheney, Washington, USA",http://wildheartesthetics.glossgenius.com/,+1 509-944-6742,,https://lh3.googleusercontent.com/p/AF1QipMYBQArifHjfXVp6PrBbBl5lt4AAGw0VIA-y-hh=w408-h272-k-no,true,,,,,,,,"https://www.google.com/maps/search/vein+clinics+in+Cheney+Spokane+WA/@47.4868989,-117.5759469,14z",2025-12-16T22:16:47.130Z,Identifies as women-owned,,
https://www.google.com/maps/place/Pulse+Heart+Institute+Cardiology+%26+Vascular+Services+-+North+Spokane/data=!4m7!3m6!1s0x549e1c3ddaafc26f:0xcbbbf8a58f7d96f4!8m2!3d47.7448176!4d-117.3997514!16s%2Fg%2F11dd_lrrfc!19sChIJb8Kv2j0cnlQR9JZ9j6X4u8s,Pulse Heart Institute Cardiology & Vascular Services - North Spokane,5.0,1,Cardiologist,"605 E Holland Ave # 202, Spokane, WA 99218, United States","PJV2+W3 Spokane, Washington, USA",https://www.pulseheartinstitute.org/location/pulse-heart-institute-cardiology-and-vascular-services-north-spokane/?utm_source=pg-google&utm_medium=organic&utm_campaign=pg-listings,+1 509-755-5500,Open · Closes 5 pm,https://streetviewpixels-pa.googleapis.com/v1/thumbnail?panoid=NzOAb289kSV8sKykGzsO1Q&cb_client=search.gws-prod.gps&w=408&h=240&yaw=231.64336&pitch=0&thumbfov=100,true,8 am–5 pm,8 am–5 pm,8 am–5 pm,8 am–5 pm,Closed,Closed,8 am–5 pm,"https://www.google.com/maps/search/vein+clinics+in+Airway+Heights+Spokane+WA/@47.644611,-117.5932728,14z",2025-12-16T22:17:01.243Z,,,
"https://www.google.com/maps/place/Dr.+Joseph+A.+Davis,+MD/data=!4m7!3m6!1s0x549e187c67c64875:0xec63e7c651ca9dc6!8m2!3d47.711449!4d-117.407082!16s%2Fg%2F1tgn4fz9!19sChIJdUjGZ3wYnlQRxp3KUcbnY-w","Dr. Joseph A. Davis, MD",5.0,1,Vascular surgeon,"212 E Central Ave, Spokane, WA 99208, United States","PH6V+H5 Spokane, Washington, USA",http://washington.providence.org/,+1 509-838-8286,,https://streetviewpixels-pa.googleapis.com/v1/thumbnail?panoid=bvp7zV1jelXGK86gPpIPgQ&cb_client=search.gws-prod.gps&w=408&h=240&yaw=183.83073&pitch=0&thumbfov=100,false,,,,,,,,"https://www.google.com/maps/search/vein+clinics+in+Airway+Heights+Spokane+WA/@47.644611,-117.5932728,14z",2025-12-16T22:17:04.006Z,,,
"https://www.google.com/maps/place/Pulse+Heart+Institute+Cardiology,+Cardiothoracic+%26+Vascular+Services+-+Spokane/data=!4m7!3m6!1s0x549e186599d7bddb:0xcf591223c10d5b2!8m2!3d47.6517113!4d-117.4254075!16s%2Fg%2F1tl7nfm0!19sChIJ273XmWUYnlQRstUQPCKR9Qw","Pulse Heart Institute Cardiology, Cardiothoracic & Vascular Services - Spokane",3.7,35,Cardiologist,"910 W 5th Ave, Spokane, WA 99204, United States","MH2F+MR Spokane, Washington, USA",https://www.pulseheartinstitute.org/location/pulse-heart-institute-cardiology-ct-and-vascular-services-spokane/?utm_source=pg-google&utm_medium=organic&utm_campaign=pg-listings,+1 509-755-5500,Open · Closes 5 pm,https://lh3.googleusercontent.com/gps-cs-s/AG0ilSzTF0lLTyQkwI15sL1YZ78Bidjt0eH93NPGfhaa-1_P2thzyXwIV916raPxFNL7HprD1ep8cqeEvI5MDt6C5Opez8Fa5YbTUg4yL4Hd1_yQweimAVJ18jneatD0TzF61yc1BDECZgV5TzU=w408-h544-k-no,true,8 am–5 pm,8 am–5 pm,8 am–5 pm,8 am–5 pm,Closed,Closed,8 am–5 pm,"https://www.google.com/maps/search/vein+clinics+in+Airway+Heights+Spokane+WA/@47.644611,-117.5932728,14z",2025-12-16T22:17:09.149Z,,,
"https://www.google.com/maps/place/MultiCare+Rockwood+Vercler+Clinic/@47.67026,-117.23335,17z/data=!3m1!4b1!4m6!3m5!1s0x549e200c311b7a13:0xad9471970e1694d5!8m2!3d47.67026!4d-117.23335!16s%2Fg%2F11g8b5y092",MultiCare Rockwood Vercler Clinic,5.0,1,Surgical center,"1414 N Vercler Rd building 2, Spokane Valley, WA 99216, United States","MQC8+4M Spokane Valley, Washington, USA",,+1 509-724-4400,Open · Closes 5 pm,,false,8:30 am–5 pm,Closed,8:30 am–5 pm,8:30 am–5 pm,Closed,Closed,8:30 am–5 pm,"https://www.google.com/maps/search/vein+clinics+in+Airway+Heights+Spokane+WA/@47.644611,-117.5932728,14z",2025-12-16T22:17:16.265Z,,,
https://www.google.com/maps/place/Eterna+Vein+%26+Medical+Aesthetics/data=!4m7!3m6!1s0x5490fc16af350f5b:0x1afcfe179092c319!8m2!3d47.174725!4d-122.2930503!16s%2Fg%2F12hk44tt3!19sChIJWw81rxb8kFQRGcOSkBf-_Bo,Eterna Vein & Medical Aesthetics,4.9,194,Medical spa,"1803 S Meridian, Puyallup, WA 98371, United States","5PF4+VQ Puyallup, Washington, USA",https://www.eternaaesthetic.com/,+1 253-268-3400,Open · Closes 6 pm,https://lh3.googleusercontent.com/p/AF1QipP0vE78BOxEpptaumdE4gi6jOT_USECG97WIisJ=w408-h490-k-no,true,9 am–6 pm,9 am–5 pm,9 am–6 pm,9 am–5 pm,Closed,Closed,9 am–5 pm,"https://www.google.com/maps/search/vein+clinics+in+Airway+Heights+Spokane+WA/@47.644611,-117.5932728,14z",2025-12-16T22:17:21.740Z,LGBTQ+ friendly,,
https://www.google.com/maps/place/Northwest+Vein+%26+Aesthetic+Center+of+Gig+Harbor/data=!4m7!3m6!1s0x5491accc7c7ea111:0x6219c0f50ed9b702!8m2!3d47.3003065!4d-122.5813322!16s%2Fg%2F1wn33ck0!19sChIJEaF-fMyskVQRArfZDvXAGWI,Northwest Vein & Aesthetic Center of Gig Harbor,5.0,23,Medical spa,"4700 Point Fosdick Dr # 307, Gig Harbor, WA 98335, United States","8C29+4F Gig Harbor, Washington, USA",https://www.nwveins.com/locations/tacoma/?y_source=1_MTAwMjc4ODE4Mi03MTUtbG9jYXRpb24ud2Vic2l0ZQ%3D%3D,+1 253-857-8346,"Open · Closes 5 pm

Confirmed by this business 12 weeks ago",https://lh3.googleusercontent.com/p/AF1QipPPZ8rgLPgtcGeen0iNSz35tI2RfDYSb6j84BuV=w408-h306-k-no,true,8 am–5 pm,8 am–5 pm,8 am–5 pm,8 am–5 pm,Closed,Closed,8 am–5 pm,"https://www.google.com/maps/search/vein+clinics+in+Airway+Heights+Spokane+WA/@47.644611,-117.5932728,14z",2025-12-16T22:17:26.789Z,LGBTQ+ friendly,,
https://www.google.com/maps/place/Vancouver+Vein+%26+Surgical+Center/data=!4m7!3m6!1s0x5495a5e5595ed35f:0x1a73a2ae4a21c0fa!8m2!3d45.6224364!4d-122.5375578!16s%2Fg%2F11gh_kr2l_!19sChIJX9NeWeWllVQR-sAhSq6icxo,Vancouver Vein & Surgical Center,4.8,35,Medical spa,"13115 NE 4th St #230, Vancouver, WA 98684, United States","JFC6+XX Vancouver, Washington, USA",https://www.vancouversurgicalcenter.com/,+1 360-448-2047,"Open · Closes 4:30 pm

Confirmed by this business 7 days ago",https://lh3.googleusercontent.com/p/AF1QipN4aCBI0o9iQGJLNQjCN8SP03KoNa7qgdEJ4Lqh=w426-h240-k-no,true,9 am–4:30 pm,9 am–4:30 pm,9 am–4:30 pm,9 am–2 pm,Closed,Closed,9 am–4:30 pm,"https://www.google.com/maps/search/vein+clinics+in+Airway+Heights+Spokane+WA/@47.644611,-117.5932728,14z",2025-12-16T22:17:31.573Z,,,
https://www.google.com/maps/place/Vanishing+Veins+Northwest/data=!4m7!3m6!1s0x54905d1d116f8c5b:0x95ef503bb29870b!8m2!3d47.4425591!4d-122.2221689!16s%2Fg%2F1thpwjwf!19sChIJW4xvER1dkFQRC4cpuwP1Xgk,Vanishing Veins Northwest,4.4,15,Medical clinic,"4174 Lind Ave SW, Renton, WA 98057, United States","CQVH+24 Renton, Washington, USA",https://www.vrads.com/vein-center/?utm_source=google&utm_medium=organic&utm_campaign=google_business_profile,+1 425-277-8346,Open · Closes 5 pm,https://lh3.googleusercontent.com/p/AF1QipNkaiH3u21jp-rgHSFpR5XXW3NF7M7Oumi2X1uf=w408-h305-k-no,true,8 am–5 pm,8 am–5 pm,8 am–5 pm,8 am–5 pm,Closed,Closed,8 am–5 pm,"https://www.google.com/maps/search/vein+clinics+in+Airway+Heights+Spokane+WA/@47.644611,-117.5932728,14z",2025-12-16T22:17:36.437Z,,,
,,,,,,,,,,,,,,,,,,,"https://www.google.com/maps/search/vein+clinics+in+Post+Falls+Spokane+WA/@47.6579711,-117.4235319,14z",2025-12-16T22:17:44.989Z,,No new results found,
https://www.google.com/maps/place/Premier+Body+and+Laser/data=!4m7!3m6!1s0x549e207a2512c2b9:0x992de2b1606c16a3!8m2!3d47.6501207!4d-117.4170826!16s%2Fg%2F11hbc4h82d!19sChIJucISJXognlQRoxZsYLHiLZk,Premier Body and Laser,4.8,143,Medical spa,"307 W 6th Ave Suite 104, Spokane, WA 99204, United States","MH2M+25 Spokane, Washington, USA",https://premierbodyandlaser.com/?utm_source=DigitAll&utm_medium=GBP,+1 509-904-9000,Open · Closes 5 pm,https://lh3.googleusercontent.com/p/AF1QipPThcLIDXH5YlzAb7sLCkPazGFX-Q1d_-gvvMnQ=w408-h272-k-no,true,"8 am–12 pm, 12:30–5 pm","8 am–12 pm, 12:30–5 pm","8 am–12 pm, 12:30–5 pm","8 am–12 pm, 12:30–5 pm",Closed,Closed,"8 am–12 pm, 12:30–5 pm","https://www.google.com/maps/search/vein+clinics+in+Pullman+Spokane+WA/@47.6579711,-117.4235319,14z",2025-12-16T22:17:58.951Z,LGBTQ+ friendly,,
https://www.google.com/maps/place/Spa+Pavone/data=!4m7!3m6!1s0x549e19cf7e0a35f5:0xeb6ec0fa84016dd1!8m2!3d47.6505331!4d-117.4086251!16s%2Fg%2F11qh7zgsbt!19sChIJ9TUKfs8ZnlQR0W0BhPrAbus,Spa Pavone,5.0,32,Medical spa,"530 S Cowley St, Spokane, WA 99202, United States","MH2R+6G Spokane, Washington, USA",https://www.spa-pavone.com/,+1 509-838-1010,Open · Closes 5 pm,https://lh3.googleusercontent.com/p/AF1QipPty6rVEKbjoz0GCT6C6lT2j4tM9yYPRz4AgQTr=w408-h598-k-no,true,8 am–5 pm,8 am–5 pm,8 am–5 pm,8 am–5 pm,Closed,Closed,8 am–5 pm,"https://www.google.com/maps/search/vein+clinics+in+Pullman+Spokane+WA/@47.6579711,-117.4235319,14z",2025-12-16T22:18:03.885Z,,,
https://www.google.com/maps/place/Prime+IV+Hydration+%26+Wellness+-+North+Spokane/data=!4m7!3m6!1s0x549e1d941822721f:0xa453302957babe40!8m2!3d47.7499883!4d-117.3976259!16s%2Fg%2F11w1f2pwwx!19sChIJH3IiGJQdnlQRQL66VykwU6Q,Prime IV Hydration & Wellness - North Spokane,4.9,30,IV therapy service,"9992 N Newport Hwy suite 003, Spokane, WA 99218, United States","PJX2+XW Spokane, Washington, USA",https://primeivhydration.com/locations/washington/north-spokane-99218/,+1 509-309-8011,"Open · Closes 7 pm

Updated by this business 2 weeks ago",https://lh3.googleusercontent.com/p/AF1QipOB-AVOHTP7hTaC3Xw388224zaH6n82mfMxirhN=w408-h724-k-no,true,9 am–7 pm,9 am–5 pm,9 am–5 pm,9 am–5 pm,9 am–2 pm,Closed,Closed,"https://www.google.com/maps/search/vein+clinics+in+Colbert+Spokane+WA/@47.8266668,-117.3415938,14z",2025-12-16T22:18:24.353Z,Identifies as women-owned,,
https://www.google.com/maps/place/Complete+Vein+Care/data=!4m7!3m6!1s0x5490115bdccbdb2f:0xae6d88de6da74c46!8m2!3d47.7782415!4d-122.3432813!16s%2Fg%2F11lzp7gzr7!19sChIJL9vL3FsRkFQRRkynbd6Iba4,Complete Vein Care,5.0,26,Medical clinic,"8129 Lake Ballinger Way Suite 105, Edmonds, WA 98026, United States","QMH4+7M Edmonds, Washington, USA",http://completeveincare.com/?utm_campaign=gmb,+1 206-865-0193,Open · Closes 5 pm,https://lh3.googleusercontent.com/p/AF1QipNjP7iKPUZlPWmqrJygEMd1V1nZSfYTwF98pW7y=w408-h408-k-no,true,9 am–5 pm,9 am–5 pm,9 am–5 pm,9 am–5 pm,Closed,Closed,9 am–5 pm,"https://www.google.com/maps/search/vein+clinics+in+Medical+Lake+Spokane+WA/@47.5728748,-117.6826803,14z",2025-12-16T22:18:38.762Z,,,
"https://www.google.com/maps/place/Regenerative+Medicine+Institute/@47.580072,-117.677172,17z/data=!3m1!4b1!4m6!3m5!1s0x549e1553a904150f:0x3504bfe28fc19c2f!8m2!3d47.580072!4d-117.677172!16s%2Fg%2F11csr1h9w3",Regenerative Medicine Institute,,,Medical clinic,"731 N Stanley St, Medical Lake, WA 99022, United States","H8JF+24 Medical Lake, Washington, USA",http://www.spokaneprolozone.com/,+1 855-684-3740,,,true,,,,,,,,"https://www.google.com/maps/search/vein+clinics+in+Medical+Lake+Spokane+WA/@47.5728748,-117.6826803,14z",2025-12-16T22:18:43.682Z,LGBTQ+ friendly,,
https://www.google.com/maps/place/Medical+Lake/data=!4m7!3m6!1s0x549e1504e5eae30f:0x2b07a2b4deea86ab!8m2!3d47.5728748!4d-117.6826803!16s%2Fm%2F021h09v!19sChIJD-Pq5QQVnlQRq4bq3rSiBys,Medical Lake,3.3,,,,,,,,https://lh3.googleusercontent.com/gps-cs-s/AG0ilSxX82pZ47veIH6WbayhZolTRdVgZFSMSDKbvRS1K9mQJrAl1wNRr3WDl08dLI_mBeeyRWYzHEWEoPP9EdrtcaxQQcM7u9Vlq_aVWh8kQN8VtSquflOgPb33dFnOKD4I461yF9M=w465-h240-k-no,true,,,,,,,,"https://www.google.com/maps/search/vein+clinics+in+Medical+Lake+Spokane+WA/@47.5728748,-117.6826803,14z",2025-12-16T22:18:53.349Z,,,
https://www.google.com/maps/place/Subway/data=!4m7!3m6!1s0x549e18ef957a5179:0xec1698fd92c96458!8m2!3d47.5797517!4d-117.6753532!16s%2Fg%2F1ptzv0vp8!19sChIJeVF6le8YnlQRWGTJkv2YFuw,Subway,3.8,208,Sandwich shop,"611 WA-902 Suite 3, Medical Lake, WA 99022, United States","H8HF+WV Medical Lake, Washington, USA",https://restaurants.subway.com/united-states/wa/medical-lake/611-east-state-route-902?utm_source=yxt-goog&utm_medium=local&utm_term=acq&utm_content=50993&utm_campaign=evergreen-2020&y_source=1_MTQ5MDk1MjctNzE1LWxvY2F0aW9uLndlYnNpdGU%3D,+1 509-299-9111,"Open · Closes 7 pm

Updated by this business 1 week ago",https://lh3.googleusercontent.com/gps-cs-s/AG0ilSwJ0RnB2PlA-Gd1Qr8VkGEZrD_4jSAkBVzSwKzYCGaRG422W2FLknKddX62vE8ANautjVYyXtKWvwQmAYjdioKPS3aksWy1547N0RJuV7J0pHTUAPvS2tuY90l04fTQ-S-A3kIJ=w426-h240-k-no,true,10 am–7 pm,10 am–7 pm,10 am–7 pm,10 am–7 pm,11 am–7 pm,11 am–7 pm,10 am–7 pm,"https://www.google.com/maps/search/vein+clinics+in+Medical+Lake+Spokane+WA/@47.5728748,-117.6826803,14z",2025-12-16T22:18:58.408Z,,,"Casual counter-serve chain for build-your-own sandwiches & salads, with health-conscious options. · Dine-in · Takeaway · Delivery"
https://www.google.com/maps/place/Lake+Washington+Vascular/data=!4m7!3m6!1s0x54900d9ab137340f:0xd1b443cb00c7f37e!8m2!3d47.7161168!4d-122.1765109!16s%2Fg%2F1tfvyvnh!19sChIJDzQ3sZoNkFQRfvPHAMtDtNE,Lake Washington Vascular,3.9,11,Specialized clinic,"12333 NE 130th Ln, Kirkland, WA 98034, United States","PR8F+C9 Kirkland, Washington, USA",https://www.overlakehospital.org/locations/vascular-surgery,+1 425-453-1772,Open · Closes 5 pm,https://streetviewpixels-pa.googleapis.com/v1/thumbnail?panoid=-ewq63nacB8i4wgQMpmhwg&cb_client=search.gws-prod.gps&w=408&h=240&yaw=79.66979&pitch=0&thumbfov=100,true,7:30 am–5 pm,7:30 am–5 pm,7:30 am–5 pm,7:30 am–5 pm,Closed,Closed,7:30 am–5 pm,"https://www.google.com/maps/search/vein+clinics+in+Medical+Lake+Spokane+WA/@47.5728748,-117.6826803,14z",2025-12-16T22:19:03.568Z,,,
https://www.google.com/maps/place/Medical+Lake+Clinic/data=!4m7!3m6!1s0x549e185d00000001:0xdeb0e9b03e1740dd!8m2!3d47.6600716!4d-117.4316272!16s%2Fg%2F1260m3z73!19sChIJAQAAAF0YnlQR3UAXPrDpsN4,Medical Lake Clinic,,,Medical clinic,"Spokane, WA 99201, United States",,,+1 509-755-5300,,https://streetviewpixels-pa.googleapis.com/v1/thumbnail?panoid=ModOHouKU68DXBWcI4vUwg&cb_client=search.gws-prod.gps&w=408&h=240&yaw=10.681473&pitch=0&thumbfov=100,false,,,,,,,,"https://www.google.com/maps/search/vein+clinics+in+Medical+Lake+Spokane+WA/@47.5728748,-117.6826803,14z",2025-12-16T22:19:06.227Z,,,
https://www.google.com/maps/place/MultiCare+Valley+Hospital/data=!4m7!3m6!1s0x549e200e7f448183:0x31d66e5ae4131e38!8m2!3d47.6709135!4d-117.2350112!16s%2Fg%2F1tr7j2yz!19sChIJg4FEfw4gnlQROB4T5Fpu1jE,MultiCare Valley Hospital,2.5,454,Hospital,"12606 E Mission Ave, Spokane Valley, WA 99216, United States","MQC7+9X Spokane Valley, Washington, USA",https://www.multicare.org/location/valley-hospital/?utm_source=pg-google&utm_medium=organic&utm_campaign=pg-listings,+1 509-924-6650,,https://lh3.googleusercontent.com/p/AF1QipMKBh1o63rfNM8tKKxlmx708IbK4C4xvP4F0EcM=w421-h240-k-no,true,Open 24 hours,Open 24 hours,Open 24 hours,Open 24 hours,Open 24 hours,Open 24 hours,Open 24 hours,"https://www.google.com/maps/search/vein+clinics+in+Spokane+Valley+Spokane+WA/@47.6732281,-117.2393748,14z",2025-12-16T22:19:20.078Z,LGBTQ+ friendly,,
https://www.google.com/maps/place/The+LAB+Aesthetics+%26+Wellness/data=!4m7!3m6!1s0x549e235002eacb03:0xaa200e55865c0eb!8m2!3d47.6820972!4d-117.2789867!16s%2Fg%2F11syh36c5x!19sChIJA8vqAlAjnlQR68BlWOUAogo,The LAB Aesthetics & Wellness,5.0,182,Medical spa,"9317 E Trent Ave, Spokane Valley, WA 99206, United States","MPJC+RC Spokane Valley, Washington, USA",http://www.thelabaw.com/,+1 509-255-3840,"Open · Closes 5 pm

Confirmed by this business 10 weeks ago",https://lh3.googleusercontent.com/p/AF1QipN8gisxeEXcClgmiiNCIcERaKdr3UFS6q_j_8na=w408-h612-k-no,true,9 am–5 pm,9 am–5 pm,9 am–5 pm,9 am–5 pm,Closed,Closed,8 am–5 pm,"https://www.google.com/maps/search/vein+clinics+in+Spokane+Valley+Spokane+WA/@47.6732281,-117.2393748,14z",2025-12-16T22:19:32.042Z,LGBTQ+ friendly,,
https://www.google.com/maps/place/Luminess+Lounge/data=!4m7!3m6!1s0x2c2f0ae758ca63a1:0x8b8f837d55556061!8m2!3d47.6537216!4d-117.1961002!16s%2Fg%2F11l6y4m30s!19sChIJoWPKWOcKLywRYWBVVX2Dj4s,Luminess Lounge,5.0,78,Medical spa,"325 S Sullivan Rd Suite B, Spokane Valley, WA 99037, United States","MR33+FH Spokane Valley, Washington, USA",https://luminesslounge.com/,+1 509-870-3747,"Closed · Opens 5 pm

Updated by this business 5 weeks ago",https://lh3.googleusercontent.com/gps-cs-s/AG0ilSzlGU_BC_zOBrbkXAuMfdIazbiOTOF-z2chkueg6rBHGZIQvHULQE1Z2Z3XAOlkUuF6jH4WBAjuY2r7SOUwBii9GR3mJ0_tFKsEiiAKrtyms94sZMp4Ei8kABmx_hfe-wkwskFP8kv3CYgF=w408-h876-k-no,true,5–8 pm,6–8 pm,5–8 pm,9 am–6 pm,9 am–5 pm,9 am–6 pm,6–8 pm,"https://www.google.com/maps/search/vein+clinics+in+Spokane+Valley+Spokane+WA/@47.6732281,-117.2393748,14z",2025-12-16T22:19:37.164Z,Identifies as women-owned,,
https://www.google.com/maps/place/Cure+Medical+Aesthetics/data=!4m7!3m6!1s0x549e21edf28ee7a1:0x4d510b11d4dbe9c1!8m2!3d47.6609031!4d-117.283292!16s%2Fg%2F11y8724_35!19sChIJoeeO8u0hnlQRwenb1BELUU0,Cure Medical Aesthetics,5.0,22,Medical spa,"9015 E Valleyway Ave Suite B, Spokane Valley, WA 99212, United States","MP68+9M Spokane Valley, Washington, USA",https://www.curemedicalaesthetics.com/,+1 509-951-8683,Closed · Opens 10 am Wed,https://lh3.googleusercontent.com/p/AF1QipNgeLBlIABREAsf4j-9Y8wxLURocHecNa8QZRXo=w408-h611-k-no,true,Closed,10 am–3 pm,Closed,10 am–3 pm,Closed,Closed,10 am–3 pm,"https://www.google.com/maps/search/vein+clinics+in+Spokane+Valley+Spokane+WA/@47.6732281,-117.2393748,14z",2025-12-16T22:19:41.982Z,,,
https://www.google.com/maps/place/Bella+Dea+Medspa/data=!4m7!3m6!1s0x549e21f6b88d3375:0x1d120a7f2b203e53!8m2!3d47.6703628!4d-117.2377232!16s%2Fg%2F11vl1kd8vk!19sChIJdTONuPYhnlQRUz4gK38KEh0,Bella Dea Medspa,5.0,13,Medical spa,"1415 N Houk Rd STE E, Spokane Valley, WA 99216, United States","MQC6+4W Spokane Valley, Washington, USA",https://nursechristine.net/,+1 509-992-4997,Open · Closes 5 pm,https://lh3.googleusercontent.com/gps-cs-s/AG0ilSyEfDWKX9xG1uRXMfmug1Xh9R45I09eh2kQ7GzzQ6Z0OybJ1JajpICkWLXZerPOWsZ2WXf0uJp0JjUUikmOmbxwif9hBNxHJPq775E8SB5HUclu413vhsNvu7DJfD52msVgbQk0UQ=w408-h544-k-no,true,10 am–5 pm,10 am–5 pm,10 am–5 pm,10 am–5 pm,Closed,Closed,10 am–5 pm,"https://www.google.com/maps/search/vein+clinics+in+Spokane+Valley+Spokane+WA/@47.6732281,-117.2393748,14z",2025-12-16T22:19:47.199Z,,,
https://www.google.com/maps/place/Spokane+Valley+VA+Clinic/data=!4m7!3m6!1s0x5361e1006f8af9f3:0xc94608a4b921086!8m2!3d47.6866205!4d-117.2370436!16s%2Fg%2F11x6n6fpm1!19sChIJ8_mKbwDhYVMRhhCSS4pglAw,Spokane Valley VA Clinic,4.7,3,Veterans affairs department,"12509 E Mirabeau Pkwy Suite 100, Spokane Valley, WA 99216, United States","MQP7+J5 Spokane Valley, Washington, USA",https://www.va.gov/spokane-health-care/locations/spokane-valley-va-clinic/,+1 509-434-7055,Open · Closes 4:30 pm,https://lh3.googleusercontent.com/gps-cs-s/AG0ilSxSkX0qzeGLbzqvCdyITST1esytlARzXzmRBxPYMWxZZPGxWW1GEEQFWp21oQoetqpkJfA4o76NKeaFkD_0U4CE53R3ogDM2wPne6JJyx-CnND8lCUOxjLjlSKzJlEN6--CHlnV1bDCP0AS=w408-h544-k-no,true,7:30 am–4:30 pm,7:30 am–4:30 pm,7:30 am–4:30 pm,7:30 am–4:30 pm,Closed,Closed,7:30 am–4:30 pm,"https://www.google.com/maps/search/vein+clinics+in+Spokane+Valley+Spokane+WA/@47.6732281,-117.2393748,14z",2025-12-16T22:19:52.100Z,,,
https://www.google.com/maps/place/Providence+Medical+Park+-+Spokane+Valley/data=!4m7!3m6!1s0x5361dfa2fdcedfdd:0x473a9fbccc35da46!8m2!3d47.66691!4d-117.1805731!16s%2Fg%2F11b6cq3c5s!19sChIJ3d_O_aLfYVMRRto1zLyfOkc,Providence Medical Park - Spokane Valley,3.6,114,Medical Center,"16528 E Desmet Ct, Spokane Valley, WA 99216, United States","MR89+QQ Spokane Valley, Washington, USA",https://www.providence.org/locations/wa/providence-medical-park-spokane-valley?ls=location&y_source=1_OTU3NzAwMi03MTUtbG9jYXRpb24ud2Vic2l0ZQ%3D%3D,+1 509-944-8900,"Open · Closes 8 pm

Confirmed by this business 7 weeks ago",https://lh3.googleusercontent.com/gps-cs-s/AG0ilSz6L2Cau5Xig71BRmnugH6kg7vX4jaxcFtFS6X8nGzK3B15sed7XA0Sf70RYyMlWZYcVkmTaieu8VI1RfYxUNopG9K-S42zOwTdxfkY0VEW3LT02feRaFXiVcG4z7jPUDH89BF9PA=w408-h544-k-no,true,8 am–8 pm,8 am–8 pm,8 am–8 pm,8 am–8 pm,8 am–8 pm,8 am–8 pm,8 am–8 pm,"https://www.google.com/maps/search/vein+clinics+in+Spokane+Valley+Spokane+WA/@47.6732281,-117.2393748,14z",2025-12-16T22:19:57.177Z,,,
https://www.google.com/maps/place/Spokane+Urgent+Care+Valley+%7C+Walk-In+Clinic/data=!4m7!3m6!1s0x549e200c2417260b:0xae2c307395e8552a!8m2!3d47.6709828!4d-117.233632!16s%2Fg%2F11bwl3pbmp!19sChIJCyYXJAwgnlQRKlXolXMwLK4,Spokane Urgent Care Valley | Walk-In Clinic,4.0,278,Urgent care center,"1502 N Vercler Rd Suite 100, Spokane Valley, WA 99216, United States","MQC8+9G Spokane Valley, Washington, USA",https://chas.org/location/spokane-urgent-care-valley/,+1 509-444-8204,Open · Closes 8 pm,https://lh3.googleusercontent.com/p/AF1QipOt22zWfrvRsT-VlDNyjSy-3VEo6AnKtPGSWiaN=w408-h336-k-no,true,8 am–8 pm,8 am–8 pm,8 am–8 pm,8 am–8 pm,8 am–5 pm,8 am–5 pm,8 am–8 pm,"https://www.google.com/maps/search/vein+clinics+in+Spokane+Valley+Spokane+WA/@47.6732281,-117.2393748,14z",2025-12-16T22:20:02.170Z,LGBTQ+ friendly,,
https://www.google.com/maps/place/Medicus+Professional+Center/data=!4m7!3m6!1s0x549e200e8e771db7:0x9c96f3f19f2853a1!8m2!3d47.6724107!4d-117.2349001!16s%2Fg%2F1tfby59z!19sChIJtx13jg4gnlQRoVMon_Hzlpw,Medicus Professional Center,4.3,57,Medical clinic,"12615 E Mission Ave, Spokane Valley, WA 99216, United States","MQC8+X2 Spokane Valley, Washington, USA",http://www.medicusbuilding.com/,+1 208-590-7273,Open · Closes 6 pm,https://lh3.googleusercontent.com/p/AF1QipOMHcV9hH4n1n_7GVlNpULbLNsYHfvtaetJ7X3e=w488-h240-k-no,true,7 am–6 pm,7 am–6 pm,7 am–6 pm,7 am–6 pm,9 am–6 pm,Closed,7 am–6 pm,"https://www.google.com/maps/search/vein+clinics+in+Spokane+Valley+Spokane+WA/@47.6732281,-117.2393748,14z",2025-12-16T22:20:07.162Z,,,
https://www.google.com/maps/place/Complete+Wellness+%26+Aesthetics/data=!4m7!3m6!1s0x549e206ff679b8f5:0x7873838414e1a124!8m2!3d47.670269!4d-117.2333908!16s%2Fg%2F11bycf4dgg!19sChIJ9bh59m8gnlQRJKHhFISDc3g,Complete Wellness & Aesthetics,4.4,38,Weight loss service,"1414 N Vercler Rd Bldg 5, Spokane Valley, WA 99216, United States","MQC8+4J Spokane Valley, Washington, USA",https://completewellnessnw.com/?utm_source=google&utm_medium=organic&utm_campaign=gbp_spokane,+1 509-928-2406,Open · Closes 4:30 pm,https://lh3.googleusercontent.com/p/AF1QipOW3w7s14AwAwlikyyXLOK7doU4DhylgblhjsiM=w408-h612-k-no,true,8:30 am–4:30 pm,8:30 am–4:30 pm,8:30 am–4:30 pm,Closed,Closed,Closed,8:30 am–4:30 pm,"https://www.google.com/maps/search/vein+clinics+in+Spokane+Valley+Spokane+WA/@47.6732281,-117.2393748,14z",2025-12-16T22:20:12.422Z,LGBTQ+ friendly,,
,,,,,,,,,,,,,,,,,,,"https://www.google.com/maps/search/vein+clinics+in+Rathdrum+Spokane+WA/@47.6579711,-117.4235319,14z",2025-12-16T22:20:21.806Z,,No new results found,
https://www.google.com/maps/place/Deer+Park+Rosen+Vein+Care/data=!4m7!3m6!1s0x880fa3ea0acd67fd:0xa35b148a8907dd78!8m2!3d42.1585284!4d-88.0571544!16s%2Fg%2F11wwym_bjb!19sChIJ_WfNCuqjD4gReN0HiYoUW6M,Deer Park Rosen Vein Care,5.0,45,Vascular surgeon,"21660 W Field Pkwy, Deer Park, IL 60010, United States","5W5V+C4 Deer Park, Illinois, USA",https://rosenveincare.com/locations/deer-park/?utm_campaign=gmb,+1 847-423-6709,Closes soon · 5 pm · Opens 8:30 am Wed,https://lh3.googleusercontent.com/p/AF1QipNsg19As28GOl_dxxCCYKSW2uzdNWJPAEMpyOve=w408-h408-k-no,true,8:30 am–5 pm,8:30 am–5 pm,8:30 am–5 pm,8:30 am–5 pm,Closed,Closed,8:30 am–5 pm,"https://www.google.com/maps/search/vein+clinics+in+Deer+Park+Spokane+WA/@47.9543375,-117.476891,14z",2025-12-16T22:20:34.703Z,LGBTQ+ friendly,,
"https://www.google.com/maps/place/Providence+Heart+Institute,+Cardiology+-+Deer+Park/data=!4m7!3m6!1s0x5361ff2f84224c8b:0x2f480fdb2e548571!8m2!3d47.9515917!4d-117.4620494!16s%2Fg%2F11y2l6_ldp!19sChIJi0wihC__YVMRcYVULtsPSC8","Providence Heart Institute, Cardiology - Deer Park",5.0,1,Cardiologist,"905 D St, Deer Park, WA 99006, United States","XG2Q+J5 Deer Park, Washington, USA",https://www.providence.org/locations/wa/cardiology-deer-park?ls=location&y_source=1_MTAyOTQ0NDkyNi03MTUtbG9jYXRpb24ud2Vic2l0ZQ%3D%3D,+1 509-455-8820,,https://lh3.googleusercontent.com/p/AF1QipOOANMLteVW6SGt2Q69PJVPe4HN5fUljKPfJqeo=w408-h408-k-no,true,,,,,,,,"https://www.google.com/maps/search/vein+clinics+in+Deer+Park+Spokane+WA/@47.9543375,-117.476891,14z",2025-12-16T22:20:37.421Z,,,
https://www.google.com/maps/place/Deer+Park+Urgent+Care/data=!4m7!3m6!1s0x5361ffeb73e992df:0x49683c1e78a77875!8m2!3d47.9477362!4d-117.4792799!16s%2Fg%2F1tf5_z6q!19sChIJ35Lpc-v_YVMRdXineB48aEk,Deer Park Urgent Care,2.3,145,Urgent care center,"702 S Park St, Deer Park, WA 99006, United States","WGXC+37 Deer Park, Washington, USA",http://www.dpurgentcare.com/,+1 509-262-9000,Open · Closes 8 pm,https://lh3.googleusercontent.com/gps-cs-s/AG0ilSyZEb7egocXiPKolS2TbJ5oa30wUJePRZSQPxva_u-Nu3P092j6wSr68wMJvgZMLFcrzNH_2bQF1LYX0arPo2B9GsDW26IO6TXogSgrgfwmAw6KYtE01CKulNkYoaQJqgwYSt1d=w408-h306-k-no,true,8 am–8 pm,8 am–8 pm,8 am–8 pm,8 am–8 pm,8 am–8 pm,9 am–3 pm,8 am–8 pm,"https://www.google.com/maps/search/vein+clinics+in+Deer+Park+Spokane+WA/@47.9543375,-117.476891,14z",2025-12-16T22:20:42.394Z,,,
https://www.google.com/maps/place/Sculpted+Medical+Spa/data=!4m7!3m6!1s0x5361ffd61cf9bd5d:0x8aa795b5a1b3e5f6!8m2!3d47.9546101!4d-117.4758193!16s%2Fg%2F11sz5p3smj!19sChIJXb35HNb_YVMR9uWzobWVp4o,Sculpted Medical Spa,5.0,61,Medical spa,"23 Crawford St STE E, Deer Park, WA 99006, United States","XG3F+RM Deer Park, Washington, USA",https://sculptedmedicalspa.com/,+1 509-342-6196,Open · Closes 6 pm,https://lh3.googleusercontent.com/p/AF1QipPUt047w81FjvdF7xjxXJ7f7ESaRRteKpmv99Oj=w408-h408-k-no,true,12–6 pm,Closed,12–6 pm,9:30 am–3 pm,Closed,Closed,9:30 am–3 pm,"https://www.google.com/maps/search/vein+clinics+in+Deer+Park+Spokane+WA/@47.9543375,-117.476891,14z",2025-12-16T22:20:47.279Z,,,
,,,,,,,,,,,,,,,,,,,"https://www.google.com/maps/search/vein+clinics+in+Clarkston+Spokane+WA/@47.6579711,-117.4235319,14z",2025-12-16T22:20:55.547Z,,No new results found,
https://www.google.com/maps/place/Vein+Clinics+Northwest/data=!4m7!3m6!1s0x549f89da4dde7ff3:0xdd212642a589fd33!8m2!3d46.7450328!4d-116.9994437!16s%2Fg%2F11bx1h3zgh!19sChIJ83_eTdqJn1QRM_2JpUImId0,Vein Clinics Northwest,,,Medical clinic,"212 Rodeo Dr #410, Moscow, ID 83843, United States","P2W2+26 Moscow, Idaho, USA",,+1 208-892-0100,,https://streetviewpixels-pa.googleapis.com/v1/thumbnail?panoid=d6rIFW5tsIXaDafDlpGm9Q&cb_client=search.gws-prod.gps&w=408&h=240&yaw=336.34442&pitch=0&thumbfov=100,false,,,,,,,,"https://www.google.com/maps/search/vein+clinics+in+Moscow+Spokane+WA/@47.6579711,-117.4235319,14z",2025-12-16T22:21:07.690Z,,,
https://www.google.com/maps/place/Providence+Sacred+Heart+Medical+Center/data=!4m7!3m6!1s0x549e187c5d366d11:0xdbab5883d22caf6a!8m2!3d47.6490244!4d-117.4130529!16s%2Fg%2F1tr9n412!19sChIJEW02XXwYnlQRaq8s0oNYq9s,Providence Sacred Heart Medical Center,3.2,271,Medical Center,"101 W 8th Ave, Spokane, WA 99204, United States","JHXP+JQ Spokane, Washington, USA",https://www.providence.org/locations/wa/sacred-heart-medical-center?ls=location&y_source=1_OTU3Njk1My03MTUtbG9jYXRpb24ud2Vic2l0ZQ%3D%3D,+1 509-474-3131,"Open 24 hours

Confirmed by this business 5 weeks ago",https://lh3.googleusercontent.com/p/AF1QipNWf84jh5jz87f4NTz-JKHElzP4UiKcKcSsAEse=w426-h240-k-no,true,Open 24 hours,Open 24 hours,Open 24 hours,Open 24 hours,Open 24 hours,Open 24 hours,Open 24 hours,"https://www.google.com/maps/search/vein+clinics+in+Moscow+Spokane+WA/@47.6579711,-117.4235319,14z",2025-12-16T22:21:12.560Z,,,
https://www.google.com/maps/place/MultiCare+Rockwood+Weight+Loss+%26+Bariatric+Surgery+Center/data=!4m7!3m6!1s0x549e19f01231ad2b:0x5584c43398c102e1!8m2!3d47.6517834!4d-117.4238261!16s%2Fg%2F11sck02p3w!19sChIJK60xEvAZnlQR4QLBmDPEhFU,MultiCare Rockwood Weight Loss & Bariatric Surgery Center,4.6,207,Weight loss service,"910 W 5th Ave Suite 800, Spokane, WA 99204, United States","MH2G+PF Spokane, Washington, USA",https://www.multicare.org/location/deaconess-health-education-center/multicare-rockwood-weight-loss-bariatric-surgery-center/?utm_source=pg-google&utm_medium=organic&utm_campaign=pg-listings,+1 509-755-5120,Open · Closes 5 pm,https://streetviewpixels-pa.googleapis.com/v1/thumbnail?panoid=v_BgI7BHcNzVva8sY_TtCA&cb_client=search.gws-prod.gps&w=408&h=240&yaw=199.1714&pitch=0&thumbfov=100,true,8 am–5 pm,8 am–5 pm,8 am–5 pm,8 am–5 pm,Closed,Closed,8 am–5 pm,"https://www.google.com/maps/search/vein+clinics+in+Moscow+Spokane+WA/@47.6579711,-117.4235319,14z",2025-12-16T22:21:17.425Z,,,
https://www.google.com/maps/place/Vera+Aesthetics+%26+Wellness/data=!4m7!3m6!1s0x549e19fc9f35d6a3:0xf862a7f9d6d44b7f!8m2!3d47.6443156!4d-117.4106919!16s%2Fg%2F11vhk51c65!19sChIJo9Y1n_wZnlQRf0vU1vmnYvg,Vera Aesthetics & Wellness,5.0,7,Medical spa,"1220 S Grand Blvd # C, Spokane, WA 99202, United States","JHVQ+PP Spokane, Washington, USA",https://www.verawellness.org/?utm_source=google&utm_medium=wix_google_business_profile&utm_campaign=3167892086130170525,+1 509-590-3666,,https://streetviewpixels-pa.googleapis.com/v1/thumbnail?panoid=MO2Dg5ZlNkod8SXJ7KgrSQ&cb_client=search.gws-prod.gps&w=408&h=240&yaw=160.62245&pitch=0&thumbfov=100,true,,,,,,,,"https://www.google.com/maps/search/vein+clinics+in+Moscow+Spokane+WA/@47.6579711,-117.4235319,14z",2025-12-16T22:21:20.379Z,LGBTQ+ friendly,,
https://www.google.com/maps/place/Spokane+Vitality+Center+dba+Vitality+Centers+NW/data=!4m7!3m6!1s0x549e22947416d185:0xb609959254a6d67e!8m2!3d47.6554984!4d-117.3580458!16s%2Fg%2F1hm4qyh0z!19sChIJhdEWdJQinlQRftamVJKVCbY,Spokane Vitality Center dba Vitality Centers NW,4.7,29,Weight loss service,"Lilac Flag Building, 104 S Freya St Suite 218, Spokane, WA 99202, United States","MJ4R+5Q Spokane, Washington, USA",http://www.vitalitycentersnw.com/,+1 509-822-2866,Open · Closes 3:30 pm,https://lh3.googleusercontent.com/p/AF1QipNdez6f-7hbrcdQO0zxUqZFYCETrLYixJwLxP9V=w408-h408-k-no,true,9 am–3:30 pm,9 am–3:30 pm,9 am–3:30 pm,9:30 am–2:30 pm,Closed,Closed,9 am–3:30 pm,"https://www.google.com/maps/search/vein+clinics+in+Moscow+Spokane+WA/@47.6579711,-117.4235319,14z",2025-12-16T22:21:25.214Z,,,
https://www.google.com/maps/place/Anti-Aging+Northwest/data=!4m7!3m6!1s0x549570c55ca9728d:0xfa00ff967007ffcf!8m2!3d47.6544718!4d-117.3586827!16s%2Fg%2F11b6gkktxc!19sChIJjXKpXMVwlVQRz_8HcJb_APo,Anti-Aging Northwest,4.9,28,Wellness center,"104 S Freya St Suite 117-A, Spokane, WA 99202, United States","MJ3R+QG Spokane, Washington, USA",https://www.antiagingnorthwest.com/,+1 509-474-0597,Closes soon · 3 pm · Opens 10 am Wed,https://lh3.googleusercontent.com/p/AF1QipMyzAyQDXcKgPqgVK-R1BkqSPHy4enT56nKg-QH=w434-h240-k-no,true,10 am–3 pm,10 am–3 pm,10 am–3 pm,10 am–3 pm,Closed,Closed,10 am–3 pm,"https://www.google.com/maps/search/vein+clinics+in+Moscow+Spokane+WA/@47.6579711,-117.4235319,14z",2025-12-16T22:21:30.163Z,,,
https://www.google.com/maps/place/Intravene+Mobile+IV+Therapy+-+Spokane/data=!4m7!3m6!1s0x549e1978b5da7d7b:0xffc0ac392061d4be!8m2!3d47.6569355!4d-117.3986342!16s%2Fg%2F11ww8q53np!19sChIJe33atXgZnlQRvtRhIDmswP8,Intravene Mobile IV Therapy - Spokane,5.0,7,IV therapy service,"808 E Sprague Ave, Spokane, WA 99202, United States","MJ42+QG Spokane, Washington, USA",https://intravenewellnesstherapies.com/mobile-iv-therapy-spokane/,+1 206-887-0651,Open · Closes 8 pm,https://lh3.googleusercontent.com/p/AF1QipOm4x9lqHeYPKyI_TIZ9vV-UXdOYHF_QdQcq9kh=w426-h240-k-no,true,8 am–8 pm,8 am–8 pm,8 am–8 pm,8 am–8 pm,8 am–8 pm,8 am–8 pm,8 am–8 pm,"https://www.google.com/maps/search/vein+clinics+in+Moscow+Spokane+WA/@47.6579711,-117.4235319,14z",2025-12-16T22:21:35.053Z,,,
https://www.google.com/maps/place/Katherine+Reed/data=!4m7!3m6!1s0x549e18878ae0445b:0x4a29b3eb24411fac!8m2!3d47.6511879!4d-117.4091155!16s%2Fg%2F11rwxfv0_x!19sChIJW0TgiocYnlQRrB9BJOuzKUo,Katherine Reed,5.0,3,Dermatologist,"510 S Cowley St, Spokane, WA 99202, United States","MH2R+F9 Spokane, Washington, USA",https://dermsos.com/staff/katherine-bruya-reed/,+1 509-456-8444,,https://streetviewpixels-pa.googleapis.com/v1/thumbnail?panoid=PuY84sYDFjgLgBJh09blbw&cb_client=search.gws-prod.gps&w=408&h=240&yaw=287.75485&pitch=0&thumbfov=100,false,,,,,,,,"https://www.google.com/maps/search/vein+clinics+in+Moscow+Spokane+WA/@47.6579711,-117.4235319,14z",2025-12-16T22:21:37.793Z,,,
https://www.google.com/maps/place/Meadowsweet+Medical/data=!4m7!3m6!1s0x5363d1ce8f06df65:0x46f242523d42d04e!8m2!3d48.2734015!4d-116.5480706!16s%2Fg%2F11pd_7kdmt!19sChIJZd8Gj87RY1MRTtBCPVJC8kY,Meadowsweet Medical,5.0,75,Medical clinic,"107B N 1st Ave, Sandpoint, ID 83864, United States","7FF2+9Q Sandpoint, Idaho, USA",http://www.meadowsweetmedical.com/,+1 208-994-5367,Open · Closes 4:30 pm,https://lh3.googleusercontent.com/p/AF1QipOPPupA6B9lIFacdaAtaMnbKeoPMiHhH-0urAEf=w408-h306-k-no,true,8:30 am–4:30 pm,8:30 am–4:30 pm,8:30 am–4:30 pm,8:30 am–4:30 pm,Closed,Closed,8:30 am–4:30 pm,"https://www.google.com/maps/search/vein+clinics+in+Sandpoint+Spokane+WA/@48.276577,-116.553465,14z",2025-12-16T22:21:57.958Z,Identifies as women-owned,,
https://www.google.com/maps/place/Signature+Aesthetics/data=!4m7!3m6!1s0x5363d6c5c1655555:0x39c2b964500eb783!8m2!3d48.2844198!4d-116.5674828!16s%2Fg%2F11gh2q2vpx!19sChIJVVVlwcXWY1MRg7cOUGS5wjk,Signature Aesthetics,5.0,143,Medical spa,"1202 N Division Ave, Sandpoint, ID 83864, United States","7CMM+Q2 Sandpoint, Idaho, USA",https://signatureaesthetics.com/?utm_source=google&utm_medium=organic&utm_campaign=gbp&utm_content=sandpoint,+1 208-627-6869,Open · Closes 5 pm,https://lh3.googleusercontent.com/p/AF1QipOvQ0Es6xfYtqsVk5Yj_54z82Odr4yTsWIzQ3P9=w408-h272-k-no,true,9 am–5 pm,9 am–5 pm,9 am–5 pm,9 am–5 pm,Closed,Closed,Closed,"https://www.google.com/maps/search/vein+clinics+in+Sandpoint+Spokane+WA/@48.276577,-116.553465,14z",2025-12-16T22:22:03.021Z,Identifies as women-owned,,
https://www.google.com/maps/place/A+Walk+in+the+Woods:+Sandpoint+Regenerative+Medicine/data=!4m7!3m6!1s0x5363d191059f76e7:0xc9c7b4a811ab3ecd!8m2!3d48.2851396!4d-116.5673614!16s%2Fg%2F11y8zrdzd0!19sChIJ53afBZHRY1MRzT6rEai0x8k,A Walk in the Woods: Sandpoint Regenerative Medicine,5.0,14,Medical clinic,"1218 N Division Ave Suite 215, Sandpoint, ID 83864, United States","7CPM+33 Sandpoint, Idaho, USA",https://sandpointregenerativemedicine.com/,+1 208-597-7220,"Open · Closes 6 pm

Updated by this business 4 weeks ago",https://streetviewpixels-pa.googleapis.com/v1/thumbnail?panoid=EPlMZT_q96VXmd2ITXvgSg&cb_client=search.gws-prod.gps&w=408&h=240&yaw=90.78779&pitch=0&thumbfov=100,true,9 am–6 pm,9 am–6 pm,9 am–6 pm,9 am–6 pm,Closed,Closed,9 am–6 pm,"https://www.google.com/maps/search/vein+clinics+in+Sandpoint+Spokane+WA/@48.276577,-116.553465,14z",2025-12-16T22:22:08.003Z,,,
https://www.google.com/maps/place/Sandpoint+Surgery+Center/data=!4m7!3m6!1s0x5363d6ba873fdfd9:0xf14ad2c2d6a7a9b0!8m2!3d48.270614!4d-116.5669545!16s%2Fg%2F11clv9b7nq!19sChIJ2d8_h7rWY1MRsKmn1sLSSvE,Sandpoint Surgery Center,4.5,8,Surgical center,"1327 Superior St Suite 111, Sandpoint, ID 83864, United States","7CCM+66 Sandpoint, Idaho, USA",http://www.sandpointsurgerycenter.com/,,Open · Closes 5 pm,https://streetviewpixels-pa.googleapis.com/v1/thumbnail?panoid=YW2hPhXzsdMEq-6dMG_lCQ&cb_client=search.gws-prod.gps&w=408&h=240&yaw=177.899&pitch=0&thumbfov=100,true,8 am–5 pm,8 am–5 pm,8 am–5 pm,Closed,Closed,Closed,8 am–5 pm,"https://www.google.com/maps/search/vein+clinics+in+Sandpoint+Spokane+WA/@48.276577,-116.553465,14z",2025-12-16T22:22:12.790Z,,,
https://www.google.com/maps/place/Kootenai+Heart+Clinics+-+Sandpoint/data=!4m7!3m6!1s0x5363d6cee683d9d7:0x13610cdf7e413383!8m2!3d48.276903!4d-116.5508822!16s%2Fg%2F1tdq5p9l!19sChIJ19mD5s7WY1MRgzNBft8MYRM,Kootenai Heart Clinics - Sandpoint,4.9,7,Cardiologist,"423 N 3rd Ave #355, Sandpoint, ID 83864, United States","7CGX+QJ Sandpoint, Idaho, USA",https://www.kh.org/heart-services/kootenai-heart-clinics-northwest,+1 208-265-7070,Open · Closes 5 pm,https://streetviewpixels-pa.googleapis.com/v1/thumbnail?panoid=0DbND9bEN7V4q_5Zm_PZSA&cb_client=search.gws-prod.gps&w=408&h=240&yaw=303.2614&pitch=0&thumbfov=100,true,8 am–5 pm,8 am–5 pm,8 am–5 pm,8 am–5 pm,Closed,Closed,8 am–5 pm,"https://www.google.com/maps/search/vein+clinics+in+Sandpoint+Spokane+WA/@48.276577,-116.553465,14z",2025-12-16T22:22:17.731Z,,,
,,,,,,,,,,,,,,,,,,,"https://www.google.com/maps/search/vein+clinics+in+Newport+Spokane+WA/@47.6579711,-117.4235319,14z",2025-12-16T22:22:26.019Z,,No new results found,
,,,,,,,,,,,,,,,,,,,"https://www.google.com/maps/search/vein+clinics+in+Bonners+Ferry+Spokane+WA/@47.6579711,-117.4235319,14z",2025-12-16T22:22:35.613Z,,No new results found,
,,,,,,,,,,,,,,,,,,,"https://www.google.com/maps/search/vein+clinics+in+Kellogg+Spokane+WA/@47.6579711,-117.4235319,14z",2025-12-16T22:22:43.541Z,,No new results found,
"https://www.google.com/maps/place/Matthew+K.+Wallace,+MD/data=!4m7!3m6!1s0x549e194b7f99dabf:0x4edc43fa5796f9a5!8m2!3d47.7103227!4d-117.4074194!16s%2Fg%2F1tcw3b2f!19sChIJv9qZf0sZnlQRpfmWV_pD3E4","Matthew K. Wallace, MD",4.8,119,Orthopedic surgeon,"212 E Central Ave Suite 140, Spokane, WA 99208, United States","PH6V+42 Spokane, Washington, USA",https://www.nworthopaedicspecialists.com/team/specialists/matthew-k-wallace-m-d/,+1 509-484-5355,Open · Closes 5 pm,https://lh3.googleusercontent.com/p/AF1QipNs8q4SYkIP80Jcidai0lY8rUZO2tNKKXBdZioR=w426-h240-k-no,true,8 am–5 pm,8 am–5 pm,8 am–5 pm,8 am–5 pm,Closed,Closed,8 am–5 pm,"https://www.google.com/maps/search/vein+clinics+in+Wallace+Spokane+WA/@47.6579711,-117.4235319,14z",2025-12-16T22:22:58.554Z,,,
https://www.google.com/maps/place/Northwest+Orthopaedic+Specialists+-+Downtown+Spokane/data=!4m7!3m6!1s0x549e1864e42e3931:0x541b127af0c2a247!8m2!3d47.6512525!4d-117.4215684!16s%2Fg%2F1tdlbfbk!19sChIJMTku5GQYnlQRR6LC8HoSG1Q,Northwest Orthopaedic Specialists - Downtown Spokane,4.7,762,Orthopedic clinic,"601 W 5th Ave Suite 400, Spokane, WA 99204, United States","MH2H+G9 Spokane, Washington, USA",https://www.nworthopaedicspecialists.com/,+1 509-344-2663,Open · Closes 5 pm,https://lh3.googleusercontent.com/gps-cs-s/AG0ilSzhBI0dsDwZw2v_qicwOzmG88I-ExTtamxaxcTKPfGQtY9uFMEA75GOJppc-zdGZtu7lR-LkWzbM0sSp91Yr5qu0ga0ZaoarJ0e0UOnpTbPYRqIDqvwjYBJRtf08uGoF37RUm_A0g=w408-h306-k-no,true,8 am–5 pm,8 am–5 pm,8 am–5 pm,8 am–5 pm,Closed,Closed,8 am–5 pm,"https://www.google.com/maps/search/vein+clinics+in+Wallace+Spokane+WA/@47.6579711,-117.4235319,14z",2025-12-16T22:23:03.359Z,,,
https://www.google.com/maps/place/ED+Treatment+Spokane/data=!4m7!3m6!1s0x549e19d1dc4131ad:0x27163a5433635380!8m2!3d47.6512284!4d-117.4155744!16s%2Fg%2F11t_yv7rgc!19sChIJrTFB3NEZnlQRgFNjM1Q6Fic,ED Treatment Spokane,,,Medical clinic,"501 S Bernard St Suite 205, Spokane, WA 99204, United States","MH2M+FQ Spokane, Washington, USA",http://edtreatmentspokane.com/,+1 509-838-5800,Open · Closes 4 am,https://streetviewpixels-pa.googleapis.com/v1/thumbnail?panoid=fFj98em4SRv2v15Z_c3y9g&cb_client=search.gws-prod.gps&w=408&h=240&yaw=349.41562&pitch=0&thumbfov=100,true,9 am–4 am,9 am–4 am,9 am–4 am,9 am–4 am,Closed,Closed,9 am–4 am,"https://www.google.com/maps/search/vein+clinics+in+Wallace+Spokane+WA/@47.6579711,-117.4235319,14z",2025-12-16T22:23:08.169Z,,,
"https://www.google.com/maps/place/Providence+Heart+Institute,+Cardiology+Center+-+North+Spokane/data=!4m7!3m6!1s0x549e194b95c95191:0x30a255e97045b55a!8m2!3d47.7102606!4d-117.4076348!16s%2Fg%2F11g02wglmb!19sChIJkVHJlUsZnlQRWrVFcOlVojA","Providence Heart Institute, Cardiology Center - North Spokane",4.0,14,Medical clinic,"212 E Central Ave Suite 240, Spokane, WA 99208, United States","PH6R+4W Spokane, Washington, USA",https://www.providence.org/locations/wa/cardiology-north-spokane?ls=location&y_source=1_Nzg4OTY3NTctNzE1LWxvY2F0aW9uLndlYnNpdGU%3D,+1 509-455-8820,,https://lh3.googleusercontent.com/p/AF1QipPdkvmqiRYuIjw7wZdG_AHIXJXVVZ4wECF1Pusa=w408-h306-k-no,true,,,,,,,,"https://www.google.com/maps/search/vein+clinics+in+Wallace+Spokane+WA/@47.6579711,-117.4235319,14z",2025-12-16T22:23:11.121Z,,,
https://www.google.com/maps/place/NW+Orthopaedic+Express/data=!4m7!3m6!1s0x549e1864e4155555:0xe5c91c708ce53452!8m2!3d47.6509889!4d-117.4214829!16s%2Fg%2F11vq54bpc8!19sChIJVVUV5GQYnlQRUjTljHAcyeU,NW Orthopaedic Express,5.0,1,,"601 W 5th Ave, Spokane, WA 99204, United States","MH2H+9C Spokane, Washington, USA",https://www.nwoexpress.com/locations/south-hill-physical-and-hand-therapy/searchform?action_results=go&search=&start=50,+1 888-660-2663,,https://streetviewpixels-pa.googleapis.com/v1/thumbnail?panoid=PdQHZ_GqYl5U-lIJTz_l3g&cb_client=search.gws-prod.gps&w=408&h=240&yaw=57.782272&pitch=0&thumbfov=100,false,,,,,,,,"https://www.google.com/maps/search/vein+clinics+in+Wallace+Spokane+WA/@47.6579711,-117.4235319,14z",2025-12-16T22:23:13.760Z,,,
https://www.google.com/maps/place/Northwest+Heart+%26+Lung+Surgical/data=!4m7!3m6!1s0x549e186596bc06dd:0x850ae7bb7f6a2ac!8m2!3d47.6517112!4d-117.4254075!16s%2Fg%2F1vm7b57f!19sChIJ3Qa8lmUYnlQRrKL2t3uuUAg,Northwest Heart & Lung Surgical,,,Medical clinic,"910 W 5th Ave, Spokane, WA 99204, United States","MH2F+MR Spokane, Washington, USA",,+1 509-456-8176,Temporarily closed,https://streetviewpixels-pa.googleapis.com/v1/thumbnail?panoid=CDU7YHEhcWz33THL1Oik_A&cb_client=search.gws-prod.gps&w=408&h=240&yaw=29.803276&pitch=0&thumbfov=100,false,,,,,,,,"https://www.google.com/maps/search/vein+clinics+in+Wallace+Spokane+WA/@47.6579711,-117.4235319,14z",2025-12-16T22:23:25.484Z,,,
https://www.google.com/maps/place/TriState+Wound+Healing+%26+Hyperbaric+Services/data=!4m7!3m6!1s0x54a1ca908a2a9aaf:0x2b41f0e9b3578f4!8m2!3d46.4025046!4d-117.0528228!16s%2Fg%2F1tfq4ccc!19sChIJr5oqipDKoVQR9Hg1mw4ftAI,TriState Wound Healing & Hyperbaric Services,4.2,6,Medical clinic,"1119 Highland Ave UNIT 7, Clarkston, WA 99403, United States","CW3W+2V Clarkston, Washington, USA",https://www.tsh.org/clinics-services/wound-healing-and-hyperbaric/,+1 509-758-1119,Open · Closes 4 pm,https://streetviewpixels-pa.googleapis.com/v1/thumbnail?panoid=iQZJoL6n7uPVRFrLFY7lIw&cb_client=search.gws-prod.gps&w=408&h=240&yaw=340.76672&pitch=0&thumbfov=100,true,"7:45 am–12 pm, 12:45–4 pm","7:45 am–12 pm, 12:45–4 pm","7:45 am–12 pm, 12:45–4 pm",7:45 am–12 pm,Closed,Closed,"7:45 am–12 pm, 12:45–4 pm","https://www.google.com/maps/search/vein+clinics+in+Asotin+Spokane+WA/@46.3393265,-117.0482116,14z",2025-12-16T22:23:38.451Z,,,