placeUrl,title,rating,reviewCount,category,address,plusCode,website,phoneNumber,currentStatus,imgUrl,isClaimed,tuesday,wednesday,thursday,friday,saturday,sunday,monday,query,timestamp,error,info,isBlackOwned
https://www.google.com/maps/place/Naples+Florida+Vein+Experts/data=!4m7!3m6!1s0x88db1f6271a84499:0x1f87feb0abff9151!8m2!3d26.2717369!4d-81.7885884!16s%2Fg%2F11y496dhvp!19sChIJmUSocWIf24gRUZH_q7D-hx8,Naples Florida Vein Experts,5.0,111,Medical clinic,"1514 Immokalee Rd Unit 111, Naples, FL 34110, United States","76C6+MH Naples, Florida, USA",https://www.fortvein.com/locations/naples/?utm_campaign=gmb,+1 239-990-8378,Closed · Opens 9 am Wed,https://lh3.googleusercontent.com/p/AF1QipM8ojd1mB-qNiHQ9OeIoL0hXQJErDxPfQOb-9c9=w408-h272-k-no,true,9 am–5 pm,9 am–5 pm,9 am–5 pm,9 am–5 pm,Closed,Closed,9 am–5 pm,"https://www.google.com/maps/search/vein+clinics+in+Naples+Naples+FL/@40.8517746,14.2681244,14z",2025-12-16T22:35:09.309Z,,,
"https://www.google.com/maps/place/Vascular+Center+of+Naples:+Russell+W.+Becker,+DO+and+Ariel+Prieto+Valdes,+MD/data=!4m7!3m6!1s0x88db1d4f7446ffff:0x355cf99379df1ae9!8m2!3d26.2697753!4d-81.7827682!16s%2Fg%2F11ghtw_g7w!19sChIJ__9GdE8d24gR6RrfeZP5XDU","Vascular Center of Naples: Russell W. Becker, DO and Ariel Prieto Valdes, MD",4.9,604,Vascular surgeon,"1875 Veterans Park Dr Suite 2203, Naples, FL 34109, United States","7698+WV Naples, Florida, USA",https://www.vascularcenternaples.com/?utm_source=gmb_auth,+1 239-431-5884,Closed · Opens 8 am Wed,https://lh3.googleusercontent.com/p/AF1QipN6gqJRUZ-ZotnvjtNuygMxS4ArYDRb9I2NxUTg=w408-h368-k-no,true,8 am–4:30 pm,8 am–4:30 pm,8 am–4:30 pm,8 am–4:30 pm,Closed,Closed,8 am–4:30 pm,"https://www.google.com/maps/search/vein+clinics+in+Naples+Naples+FL/@40.8517746,14.2681244,14z",2025-12-16T22:35:14.588Z,,,
https://www.google.com/maps/place/Vanish+Vein+%26+Laser+Center/data=!4m7!3m6!1s0x88db1ec0b54d4207:0x3d7cc242b57c4277!8m2!3d26.2717999!4d-81.785777!16s%2Fg%2F11b6q3r9cg!19sChIJB0JNtcAe24gRd0J8tULCfD0,Vanish Vein & Laser Center,5.0,48,Surgical center,"1713 SW Health Pkwy #3, Naples, FL 34109, United States","76C7+PM Naples, Florida, USA",http://www.vanishvein.com/,+1 239-473-5433,Closed · Opens 7 am Fri,https://streetviewpixels-pa.googleapis.com/v1/thumbnail?panoid=sZwm1McV7JwJceK4xetUtQ&cb_client=search.gws-prod.gps&w=408&h=240&yaw=210.17148&pitch=0&thumbfov=100,true,Closed,Closed,Closed,7 am–5 pm,7 am–5 pm,Closed,Closed,"https://www.google.com/maps/search/vein+clinics+in+Naples+Naples+FL/@40.8517746,14.2681244,14z",2025-12-16T22:35:19.931Z,,,
"https://www.google.com/maps/place/The+Vein+Center/@26.213832,-81.7325884,17z/data=!3m1!4b1!4m6!3m5!1s0x88db1d0968531743:0xc9d95100763e4ef!8m2!3d26.213832!4d-81.7325884!16s%2Fg%2F1hc55s2kr",The Vein Center,3.0,2,Hospital department,"6101 Pine Ridge Rd, Naples, FL 34119, United States","6778+GX Naples, Florida, USA",,+1 239-304-4900,Closed · Opens 9 am Wed,,true,9 am–5 pm,9 am–5 pm,9 am–5 pm,9 am–5 pm,Closed,Closed,9 am–5 pm,"https://www.google.com/maps/search/vein+clinics+in+Naples+Naples+FL/@40.8517746,14.2681244,14z",2025-12-16T22:35:26.811Z,,,
https://www.google.com/maps/place/Vein+Care+Specialists+of+South+FL:+Marzano+Mark+J+MD/data=!4m7!3m6!1s0x88dae1eb1e2ba52b:0x99ed8d91d20abf3e!8m2!3d26.163595!4d-81.7979541!16s%2Fg%2F1tj2ct86!19sChIJK6UrHuvh2ogRPr8K0pGN7Zk,Vein Care Specialists of South FL: Marzano Mark J MD,4.3,6,Medical diagnostic imaging center,"1350 Tamiami Trl N # 204, Naples, FL 34102, United States","5672+CR Naples, Florida, USA",,+1 239-430-8346,Closed · Opens 9 am Wed,https://streetviewpixels-pa.googleapis.com/v1/thumbnail?panoid=5CSEKri65dbc7tFIBGLBYA&cb_client=search.gws-prod.gps&w=408&h=240&yaw=44.05221&pitch=0&thumbfov=100,true,9 am–5 pm,9 am–5 pm,9 am–4 pm,9 am–4 pm,Closed,Closed,9 am–5 pm,"https://www.google.com/maps/search/vein+clinics+in+Naples+Naples+FL/@40.8517746,14.2681244,14z",2025-12-16T22:35:31.688Z,,,
,,,,,,,,,,,,,,,,,,,"https://www.google.com/maps/search/vein+clinics+in+Sorrento+Naples+FL/@40.6263969,14.3764167,14z",2025-12-16T22:35:47.398Z,No new results found,,
https://www.google.com/maps/place/Naples+Vascular+Specialists/data=!4m7!3m6!1s0x88dae199f245a9b9:0xd6a9d42dd65d696!8m2!3d26.1488252!4d-81.7952997!16s%2Fg%2F11byl32pcs!19sChIJualF8pnh2ogRltZl3UKdag0,Naples Vascular Specialists,4.5,20,,"130 9th St N #120, Naples, FL 34102, United States","46X3+GV Naples, Florida, USA",https://naplesvascular.com/,+1 239-649-0550,Permanently closed,https://lh3.googleusercontent.com/p/AF1QipMEQScmGxMCsFjP9KKwJDY4GQe5iNPZ5jlXgKHI=w408-h306-k-no,true,,,,,,,,"https://www.google.com/maps/search/vein+clinics+in+Amalfi+Naples+FL/@40.6338303,14.6027661,14z",2025-12-16T22:36:06.942Z,,,
https://www.google.com/maps/place/MD+Health+Spa/data=!4m7!3m6!1s0x88dae1380c53cbb1:0x8e9c811f60d1ef2d!8m2!3d26.154329!4d-81.7968661!16s%2Fg%2F11vf13rx9h!19sChIJsctTDDjh2ogRLe_RYB-BnI4,MD Health Spa,5.0,146,Medical spa,"625 9th St N Unit 304, Naples, FL 34102, United States","5633+P7 Naples, Florida, USA",https://ymdhealthspa.com/,+1 239-963-6022,Open · Closes 7 pm,https://lh3.googleusercontent.com/p/AF1QipOEG_sMMASSBhke7RUegWI3ir-XjXTdMXzJNDpn=w408-h611-k-no,true,8 am–7 pm,8 am–7 pm,8 am–7 pm,8 am–7 pm,8 am–7 pm,8 am–7 pm,8 am–7 pm,"https://www.google.com/maps/search/vein+clinics+in+Positano+Naples+FL/@26.1391777,-81.7955475,14z",2025-12-16T22:36:27.192Z,,,
"https://www.google.com/maps/place/Argyrios+Tzilinis,+MD/data=!4m7!3m6!1s0x88db176d8b741f97:0x7130421d6604275b!8m2!3d26.2107344!4d-81.732094!16s%2Fg%2F1tgwt1v4!19sChIJlx90i20X24gRWycEZh1CMHE","Argyrios Tzilinis, MD",4.8,392,Vascular surgeon,"6376 Pine Ridge Rd, Naples, FL 34119, United States","6769+75 Naples, Florida, USA",https://www.physiciansregionalmedicalgroup.com/doctors-providers/tzilinis-argyrios-md-8327?utm_source=gmb&utm_medium=homepage&utm_campaign=biz-listings,+1 239-963-2645,Closed · Opens 8 am Wed,https://lh3.googleusercontent.com/p/AF1QipNyMc0ddP6pDABEVf344kxR9DMQzZTCMA6bQNzN=w426-h240-k-no,true,8 am–5 pm,8 am–5 pm,8 am–5 pm,8 am–5 pm,Closed,Closed,8 am–5 pm,"https://www.google.com/maps/search/vein+clinics+in+Positano+Naples+FL/@26.1391777,-81.7955475,14z",2025-12-16T22:36:32.198Z,,,
https://www.google.com/maps/place/John+P.+Landi/data=!4m7!3m6!1s0x88db1ec0b54fb025:0x550c162bbb72bd07!8m2!3d26.2717999!4d-81.785777!16s%2Fg%2F11b6jbhdrr!19sChIJJbBPtcAe24gRB71yuysWDFU,John P. Landi,4.6,23,Vascular surgeon,"1713 SW Health Pkwy #3, Naples, FL 34109, United States","76C7+PM Naples, Florida, USA",https://vanishvein.com/,+1 239-473-5433,Closed · Opens 7 am Fri,https://streetviewpixels-pa.googleapis.com/v1/thumbnail?panoid=sZwm1McV7JwJceK4xetUtQ&cb_client=search.gws-prod.gps&w=408&h=240&yaw=210.17148&pitch=0&thumbfov=100,true,Closed,Closed,Closed,7 am–5 pm,7 am–5 pm,Closed,Closed,"https://www.google.com/maps/search/vein+clinics+in+Positano+Naples+FL/@26.1391777,-81.7955475,14z",2025-12-16T22:36:37.004Z,,,
https://www.google.com/maps/place/The+Vascular+Group+of+Naples/data=!4m7!3m6!1s0x88dae1e5284713c7:0xb5ccf2e0c6ce0f64!8m2!3d26.2424723!4d-81.7717364!16s%2Fg%2F1pp2tkm0t!19sChIJxxNHKOXh2ogRZA_OxuDyzLU,The Vascular Group of Naples,4.5,49,Surgical center,"2350 Vanderbilt Beach Rd STE 303, Naples, FL 34109, United States","66RH+X8 Naples, Florida, USA",https://www.tvgnaples.com/,,"Closed · Opens 8:30 am Wed

Updated by this business 1 week ago",https://streetviewpixels-pa.googleapis.com/v1/thumbnail?panoid=PTFsVvlgZn_H56kH5nvPVw&cb_client=search.gws-prod.gps&w=408&h=240&yaw=176.32036&pitch=0&thumbfov=100,true,8:30 am–4 pm,8:30 am–4 pm,8:30 am–4 pm,8:30 am–4 pm,Closed,Closed,8:30 am–4 pm,"https://www.google.com/maps/search/vein+clinics+in+Positano+Naples+FL/@26.1391777,-81.7955475,14z",2025-12-16T22:36:41.841Z,,,
https://www.google.com/maps/place/AQUA+Vein+Center+at+Riverchase+Dermatology+-+Naples+Central/data=!4m7!3m6!1s0x88db1d8ed584ca99:0x22f90f309d73e346!8m2!3d26.2469233!4d-81.7738518!16s%2Fg%2F11w_wfr71q!19sChIJmcqE1Y4d24gRRuNznTAP-SI,AQUA Vein Center at Riverchase Dermatology - Naples Central,,,Dermatologist,"9125 Corsea Del Fontana Way Suite 100, Naples, FL 34109, United States","66WG+QF Naples, Florida, USA",,+1 239-598-4004,Closed · Opens 8 am Wed,https://streetviewpixels-pa.googleapis.com/v1/thumbnail?panoid=CPxoGYJTdphbfb8shD8z_Q&cb_client=search.gws-prod.gps&w=408&h=240&yaw=111.80382&pitch=0&thumbfov=100,true,8 am–5 pm,8 am–5 pm,8 am–5 pm,8 am–5 pm,Closed,Closed,8 am–5 pm,"https://www.google.com/maps/search/vein+clinics+in+Positano+Naples+FL/@26.1391777,-81.7955475,14z",2025-12-16T22:36:46.556Z,,,
https://www.google.com/maps/place/Naples+Cardiac+%26+Endovascular+Center/data=!4m7!3m6!1s0x88dae1f2a9dc63bd:0xe58bd750e449bcbf!8m2!3d26.1620861!4d-81.7898306!16s%2Fg%2F1tjt2rd6!19sChIJvWPcqfLh2ogRv7xJ5FDXi-U,Naples Cardiac & Endovascular Center,4.4,78,Medical clinic,"1172 Goodlette-Frank Rd #101, Naples, FL 34102, United States","5666+R3 Naples, Florida, USA",https://www.heartvein.com/,+1 239-300-0586,Closed · Opens 8:30 am Wed,https://lh3.googleusercontent.com/p/AF1QipNvu2AMui6aE23d8gxQ5WQimMBN0gLgLX4lS-bR=w408-h544-k-no,true,8:30 am–4:30 pm,8:30 am–4:30 pm,8:30 am–4:30 pm,8:30 am–4:30 pm,Closed,Closed,8:30 am–4:30 pm,"https://www.google.com/maps/search/vein+clinics+in+Positano+Naples+FL/@26.1391777,-81.7955475,14z",2025-12-16T22:36:51.494Z,,,
https://www.google.com/maps/place/Naples+Rejuvenate+Med+Spa+%26+Customized+Aesthetics/data=!4m7!3m6!1s0x88dae13d5613813f:0x8825b61f40f7c128!8m2!3d26.1606922!4d-81.7906012!16s%2Fg%2F11kpv6vvqd!19sChIJP4ETVj3h2ogRKMH3QB-2JYg,Naples Rejuvenate Med Spa & Customized Aesthetics,5.0,12,Medical spa,"1008 Goodlette-Frank Rd Unit 202, Naples, FL 34102, United States","5665+7Q Naples, Florida, USA",,+1 239-381-8331,Closed · Opens 9 am Wed,https://streetviewpixels-pa.googleapis.com/v1/thumbnail?panoid=Ipwrao6_CJRKR5RD6ar0Hw&cb_client=search.gws-prod.gps&w=408&h=240&yaw=73.58874&pitch=0&thumbfov=100,true,9 am–5 pm,9 am–5 pm,9 am–5 pm,9 am–5 pm,Closed,Closed,9 am–5 pm,"https://www.google.com/maps/search/vein+clinics+in+Positano+Naples+FL/@26.1391777,-81.7955475,14z",2025-12-16T22:36:56.214Z,,,
https://www.google.com/maps/place/Cosmetic+Skin+%26+Laser+Center/data=!4m7!3m6!1s0x88dae1979d916695:0x3736195106fd820!8m2!3d26.1489979!4d-81.7981257!16s%2Fg%2F11t7m3l_ff!19sChIJlWaRnZfh2ogRINhvEJVhcwM,Cosmetic Skin & Laser Center,5.0,29,Medical spa,"700 2nd Ave N Ste 205 Suite 205, Naples, FL 34102, United States","46X2+HP Naples, Florida, USA",https://cslcbeauty.com/medspa-locations/cslcnaples/,+1 239-367-7353,"Closed · Opens 9 am Wed

Confirmed by this business 9 weeks ago",https://lh3.googleusercontent.com/p/AF1QipNRoG_o3Qlkcw3jvM_LE-LrRjCKdsrjVQRUwEDe=w408-h397-k-no,true,8 am–5 pm,9 am–5 pm,8 am–5 pm,8 am–1 pm,Closed,Closed,8 am–5 pm,"https://www.google.com/maps/search/vein+clinics+in+Positano+Naples+FL/@26.1391777,-81.7955475,14z",2025-12-16T22:37:01.302Z,,,
https://www.google.com/maps/place/Healing+Rivers+Aesthetics/data=!4m7!3m6!1s0x88dae15681010d07:0xcd0420a667d0b9c7!8m2!3d26.1630167!4d-81.7977152!16s%2Fg%2F11ybp752ls!19sChIJBw0BgVbh2ogRx7nQZ6YgBM0,Healing Rivers Aesthetics,4.9,59,Medical spa,"1250 Tamiami Trl N Unit 208, Naples, FL 34102, United States","5672+6W Naples, Florida, USA",http://healingriversaesthetics.com/,+1 239-397-0747,"Closes soon · 6 pm · Opens 10 am Wed

Confirmed by this business 9 weeks ago",https://lh3.googleusercontent.com/p/AF1QipPdvMtHnp379UGdGj3U7LhJ2xyRWKVG8-zRJ2AK=w408-h408-k-no,true,10 am–6 pm,10 am–6 pm,10 am–5 pm,10 am–4 pm,10 am–12 pm,Closed,10 am–6 pm,"https://www.google.com/maps/search/vein+clinics+in+Positano+Naples+FL/@26.1391777,-81.7955475,14z",2025-12-16T22:37:06.245Z,,,
"https://www.google.com/maps/place/NCH+Rooney+Heart+Institute:+Alvaro+Zamora,+MD/data=!4m7!3m6!1s0x88dae19ac2d43ef7:0xa6cd869c1fe8f10d!8m2!3d26.1512317!4d-81.797184!16s%2Fg%2F1260j6z4q!19sChIJ9z7Uwprh2ogRDfHoH5yGzaY","NCH Rooney Heart Institute: Alvaro Zamora, MD",4.7,10,Doctor,"311 9th St N Suite 110, Naples, FL 34102, United States","5623+F4 Naples, Florida, USA",https://nchmd.org/cardiology,+1 239-624-4286,Closed · Opens 8 am Wed,https://streetviewpixels-pa.googleapis.com/v1/thumbnail?panoid=zjkXxAFJ_hRVAnOH6G_e6w&cb_client=search.gws-prod.gps&w=408&h=240&yaw=89.412865&pitch=0&thumbfov=100,true,8 am–5 pm,8 am–5 pm,8 am–5 pm,8 am–5 pm,Closed,Closed,8 am–5 pm,"https://www.google.com/maps/search/vein+clinics+in+Positano+Naples+FL/@26.1391777,-81.7955475,14z",2025-12-16T22:37:11.057Z,,,
"https://www.google.com/maps/place/Skin+and+Vein+Wellness+Center/@26.1810047,-81.7990776,17z/data=!3m1!4b1!4m6!3m5!1s0x88dae1e0bff934eb:0x24022021b955dd8d!8m2!3d26.1810047!4d-81.7990776!16s%2Fg%2F11c55b2177",Skin and Vein Wellness Center,,,Doctor,"2950 Tamiami Trl N, Naples, FL 34103, United States","56J2+C9 Naples, Florida, USA",,+1 850-747-8346,,,false,,,,,,,,"https://www.google.com/maps/search/vein+clinics+in+Positano+Naples+FL/@26.1391777,-81.7955475,14z",2025-12-16T22:37:15.835Z,,,
,,,,,,,,,,,,,,,,,,,"https://www.google.com/maps/search/vein+clinics+in+Ravello+Naples+FL/@40.840431,14.3055374,14z",2025-12-16T22:37:23.825Z,No new results found,,
https://www.google.com/maps/place/Giovanni+Cioffi+Chirurgo+vascolare-+Angiologo/data=!4m7!3m6!1s0x133b085b1d95463b:0xeb9a52946371214c!8m2!3d40.8456632!4d14.2494497!16s%2Fg%2F1tlfs10d!19sChIJO0aVHVsIOxMRTCFxY5RSmus,Giovanni Cioffi Chirurgo vascolare- Angiologo,4.1,12,Vascular surgeon,"Via Toledo, 55, 80134 Napoli NA, Italy","R6WX+7Q Naples, Metropolitan City of Naples, Italy",https://www.cioffigiovanni.it/,+39 081 551 9463,Closed · Opens 10 am Wed,https://lh3.googleusercontent.com/p/AF1QipMpRIu6rmdhX16KIoRR5FMYoZUHIVkWEpw-5-1T=w408-h408-k-no,true,"10 am–1 pm, 4–7 pm","10 am–1 pm, 4–7 pm","10 am–1 pm, 4–7 pm",10 am–1 pm,Closed,Closed,"10 am–1 pm, 4–7 pm","https://www.google.com/maps/search/vein+clinics+in+Pompeii+Naples+FL/@40.7496576,14.5053119,14z",2025-12-16T22:37:43.241Z,,LGBTQ+ friendly,
"https://www.google.com/maps/place/Dott.ssa+Anna+Petrone,+Chirurgo+Vascolare/data=!4m7!3m6!1s0x133ba73eccfaeb81:0xb81573901c6ef10f!8m2!3d40.8509331!4d14.3432211!16s%2Fg%2F11mdfkt1s6!19sChIJgev6zD6nOxMRD_FuHJBzFbg","Dott.ssa Anna Petrone, Chirurgo Vascolare",,,Vascular surgeon,"Ospedale del Mare, Via Enrico Russo, 80147 Napoli NA, Italy","V82V+97 Naples, Metropolitan City of Naples, Italy",https://www.miodottore.it/z/8LqABE,,,https://streetviewpixels-pa.googleapis.com/v1/thumbnail?panoid=y1dAFsZmW7yAIh8lvpjIVg&cb_client=search.gws-prod.gps&w=408&h=240&yaw=339.30862&pitch=0&thumbfov=100,true,,,,,,,,"https://www.google.com/maps/search/vein+clinics+in+Pompeii+Naples+FL/@40.7496576,14.5053119,14z",2025-12-16T22:37:45.944Z,,,
https://www.google.com/maps/place/BE+CLINIC/data=!4m7!3m6!1s0x133b09b9d34b6867:0xfe5b83e6b5b4af79!8m2!3d40.8377299!4d14.2355182!16s%2Fg%2F11hy9kglxf!19sChIJZ2hL07kJOxMRea-0teaDW_4,BE CLINIC,4.9,55,Medical clinic,"Via del Parco Margherita, 31, 80121 Napoli NA, Italy","R6QP+36 Naples, Metropolitan City of Naples, Italy",http://www.be-clinic.it/,+39 346 363 1786,Closed · Opens 10 am Wed,https://lh3.googleusercontent.com/p/AF1QipNgF-6A895xr_4XJcVxYYFUBWsKEDYxKdAJG4dj=w408-h612-k-no,true,10 am–6 pm,10 am–6 pm,10 am–6 pm,10 am–6 pm,Closed,Closed,10 am–6 pm,"https://www.google.com/maps/search/vein+clinics+in+Pompeii+Naples+FL/@40.7496576,14.5053119,14z",2025-12-16T22:37:50.654Z,,,
https://www.google.com/maps/place/Laser+Medical+Center+Napoli/data=!4m7!3m6!1s0x133b091464300579:0x63d654b173a4b2c6!8m2!3d40.8363894!4d14.2405782!16s%2Fg%2F11m28p3dq6!19sChIJeQUwZBQJOxMRxrKkc7FU1mM,Laser Medical Center Napoli,4.6,13,Tattoo removal service,"Via Gaetano Filangieri, 36, 80132 Napoli NA, Italy","R6PR+H6 Naples, Metropolitan City of Naples, Italy",http://www.lasermedicalcenter.it/,+39 388 631 7104,Closed · Opens 10 am Wed,https://streetviewpixels-pa.googleapis.com/v1/thumbnail?panoid=TD-uSyyoVEMFzGuryg5hOA&cb_client=search.gws-prod.gps&w=408&h=240&yaw=44.017776&pitch=0&thumbfov=100,true,10 am–7 pm,10 am–7 pm,10 am–7 pm,10 am–7 pm,Closed,Closed,10 am–7 pm,"https://www.google.com/maps/search/vein+clinics+in+Pompeii+Naples+FL/@40.7496576,14.5053119,14z",2025-12-16T22:37:55.464Z,,LGBTQ+ friendly,
https://www.google.com/maps/place/Francesco+Dr.+Bellone/data=!4m7!3m6!1s0x133bbc96671ca6cb:0x3481ba36ad0fc8d0!8m2!3d40.7481446!4d14.4979839!16s%2Fg%2F11b6jh27g5!19sChIJy6YcZ5a8OxMR0MgPrTa6gTQ,Francesco Dr. Bellone,5.0,2,Vascular surgeon,"Via Colle S. Bartolomeo, 3, 80045 Pompei NA, Italy","PFXX+75 Pompei, Metropolitan City of Naples, Italy",,+39 333 792 9700,,https://streetviewpixels-pa.googleapis.com/v1/thumbnail?panoid=s-Pybup3tQ0b_GnrI-Hhew&cb_client=search.gws-prod.gps&w=408&h=240&yaw=209.27002&pitch=0&thumbfov=100,true,,,,,,,,"https://www.google.com/maps/search/vein+clinics+in+Pompeii+Naples+FL/@40.7496576,14.5053119,14z",2025-12-16T22:37:58.487Z,,,
https://www.google.com/maps/place/Argenzio+Dr.+Vincenzo/data=!4m7!3m6!1s0x133bbc90f1a10859:0x9b28a7f29d453d4f!8m2!3d40.7494981!4d14.5036338!16s%2Fg%2F1tf89k6j!19sChIJWQih8ZC8OxMRTz1FnfKnKJs,Argenzio Dr. Vincenzo,4.0,4,Doctor,"Via Lepanto, 84, 80045 Pompei NA, Italy","PGX3+QF Pompei, Metropolitan City of Naples, Italy",https://www.vincenzoargenzio.it/,+39 081 856 1033,,https://streetviewpixels-pa.googleapis.com/v1/thumbnail?panoid=mF20A7eAUaZD6dyqmgmodA&cb_client=search.gws-prod.gps&w=408&h=240&yaw=168.52544&pitch=0&thumbfov=100,false,,,,,,,,"https://www.google.com/maps/search/vein+clinics+in+Pompeii+Naples+FL/@40.7496576,14.5053119,14z",2025-12-16T22:38:01.251Z,,,
https://www.google.com/maps/place/Lanfranco+Scaramuzzino/data=!4m7!3m6!1s0x133b084fcbc02403:0x9d0d2df5c4052cca!8m2!3d40.8432339!4d14.253811!16s%2Fg%2F1tjbv9x4!19sChIJAyTAy08IOxMRyiwFxPUtDZ0,Lanfranco Scaramuzzino,4.9,46,Vascular surgeon,"Via Cardinale Guglielmo Sanfelice, 33/Scala D, secondo piano , citofono 22, 80133 Napoli NA, Italy","R7V3+7G Naples, Metropolitan City of Naples, Italy",https://www.lanfrancoscaramuzzino.it/,+39 081 552 2305,"Closed · Opens 9 am Wed

Confirmed by this business 2 weeks ago",https://lh3.googleusercontent.com/gps-cs-s/AG0ilSxAWeCJQ3ayIixEf5GOeogNUMorv-dhc3insh1IH_XjAD1GHMRp2LcI4fGyrRuOs4CfvmHQ8CT8kvKOudSkh2v5TsSim-qjdN_6GXSryP4_F-yBpbLYnJS2idbIRD1cUIAFiKYqPovYGrNX=w408-h306-k-no,true,9 am–8 pm,9 am–8 pm,9 am–8 pm,9 am–5 pm,Closed,Closed,9 am–8 pm,"https://www.google.com/maps/search/vein+clinics+in+Pompeii+Naples+FL/@40.7496576,14.5053119,14z",2025-12-16T22:38:06.066Z,,,
https://www.google.com/maps/place/Vitruvian+Clinic+-+Center+of+Surgeons/data=!4m7!3m6!1s0x133b09fa6a178dfb:0xc4d003729a2280f6!8m2!3d40.8339758!4d14.2321909!16s%2Fg%2F11krp_qdgz!19sChIJ-40XavoJOxMR9oAimnID0MQ,Vitruvian Clinic - Center of Surgeons,5.0,13,Doctor,"Via Rione Sirignano, 1, 80121 Napoli NA, Italy","R6MJ+HV Naples, Metropolitan City of Naples, Italy",http://vitruvianclinic.com/,+39 333 278 4312,Closed · Opens 9:30 am Wed,https://lh3.googleusercontent.com/p/AF1QipPQf3gdOgz6XlrjZUK5AyDphbaE-_m_63EEZhTA=w408-h544-k-no,true,"9:30 am–1:30 pm, 2:30–6:30 pm","9:30 am–1:30 pm, 2:30–6:30 pm","9:30 am–1:30 pm, 2:30–6:30 pm","9:30 am–1:30 pm, 2:30–6:30 pm","9:30 am–1:30 pm, 2:30–6:30 pm",Closed,"9:30 am–1:30 pm, 2:30–6:30 pm","https://www.google.com/maps/search/vein+clinics+in+Pompeii+Naples+FL/@40.7496576,14.5053119,14z",2025-12-16T22:38:10.884Z,,,
https://www.google.com/maps/place/Dr.+Giovanni+Solimeno+-+Chirurgia+Vascolare+ed+Angiologia+a+Napoli+e+Salerno/data=!4m7!3m6!1s0x133b09c9ccc11d5b:0x3dcd0d3926e02d07!8m2!3d40.8492997!4d14.2298093!16s%2Fg%2F11x998_5x3!19sChIJWx3BzMkJOxMRBy3gJjkNzT0,Dr. Giovanni Solimeno - Chirurgia Vascolare ed Angiologia a Napoli e Salerno,5.0,1,Urgent care center,"Via Tino di Camaino, 6, 80128 Napoli NA, Italy","R6XH+PW Naples, Metropolitan City of Naples, Italy",https://linktr.ee/vasculhub/,+39 331 157 9425,Closed · Opens 9 am Wed,https://streetviewpixels-pa.googleapis.com/v1/thumbnail?panoid=3blNBNVG5Xbfe4IhL6E6qA&cb_client=search.gws-prod.gps&w=408&h=240&yaw=98.66402&pitch=0&thumbfov=100,true,9 am–8 pm,9 am–8 pm,9 am–8 pm,9 am–8 pm,9 am–1 pm,Closed,9 am–8 pm,"https://www.google.com/maps/search/vein+clinics+in+Herculaneum+Naples+FL/@40.8059253,14.3473869,14z",2025-12-16T22:38:30.663Z,,,
https://www.google.com/maps/place/Chirurgo+Vascolare+Dott.+Lucio+Selvetella/data=!4m7!3m6!1s0x133b0919d264efcb:0x5da6ebfee008a3ab!8m2!3d40.8257136!4d14.2195857!16s%2Fg%2F11b6hy044z!19sChIJy-9k0hkJOxMRq6MI4P7rpl0,Chirurgo Vascolare Dott. Lucio Selvetella,4.7,12,Vascular surgeon,"Via Mergellina, 23, 80122 Napoli NA, Italy","R6G9+7R Naples, Metropolitan City of Naples, Italy",,+39 393 900 7428,Closed · Opens 8 am Wed,https://lh3.googleusercontent.com/p/AF1QipOtsT6NJJnBR10PSFGc-u_O40HkLL0k-OuKlVkA=w408-h305-k-no,true,"8 am–2 pm, 4–8 pm","8 am–2 pm, 4–8 pm","8 am–2 pm, 4–8 pm","8 am–2 pm, 4–8 pm",Closed,Closed,"8 am–2 pm, 4–8 pm","https://www.google.com/maps/search/vein+clinics+in+Herculaneum+Naples+FL/@40.8059253,14.3473869,14z",2025-12-16T22:38:35.561Z,,,
https://www.google.com/maps/place/Studio+Medico+Ellesse/data=!4m7!3m6!1s0x133b084f94d3e791:0xf0b7b6006c5870d2!8m2!3d40.8432339!4d14.253811!16s%2Fg%2F11bt_hfps4!19sChIJkefTlE8IOxMR0nBYbAC2t_A,Studio Medico Ellesse,4.9,8,Medical office,"Via Cardinale Guglielmo Sanfelice, 33, 80133 Napoli NA, Italy","R7V3+7G Naples, Metropolitan City of Naples, Italy",https://www.ellessestudiomedico.com/,+39 081 552 2305,Closed · Opens 9 am Wed,https://streetviewpixels-pa.googleapis.com/v1/thumbnail?panoid=FK9Ga_LSQ7evna4SYf_2Eg&cb_client=search.gws-prod.gps&w=408&h=240&yaw=17.620848&pitch=0&thumbfov=100,true,9 am–8 pm,9 am–8 pm,9 am–8 pm,9 am–7 pm,Closed,Closed,9 am–8 pm,"https://www.google.com/maps/search/vein+clinics+in+Herculaneum+Naples+FL/@40.8059253,14.3473869,14z",2025-12-16T22:38:40.321Z,,,
https://www.google.com/maps/place/Del+Guercio+Prof.+Dott.+Michele+-+Specialista+in+Angiologia/data=!4m7!3m6!1s0x133b094f395f6f79:0xb0a43de6d5a7d738!8m2!3d40.8365536!4d14.237855!16s%2Fg%2F11hyhk8fhr!19sChIJeW9fOU8JOxMRONen1eY9pLA,Del Guercio Prof. Dott. Michele - Specialista in Angiologia,5.0,1,Vascular surgeon,"Via dei Mille, 59, 80121 Napoli NA, Italy","R6PQ+J4 Naples, Metropolitan City of Naples, Italy",http://www.micheledelguercio.com/,+39 081 405553,,https://streetviewpixels-pa.googleapis.com/v1/thumbnail?panoid=suPEK2kSnFbAw7Q85eqPSA&cb_client=search.gws-prod.gps&w=408&h=240&yaw=199.33734&pitch=0&thumbfov=100,false,,,,,,,,"https://www.google.com/maps/search/vein+clinics+in+Herculaneum+Naples+FL/@40.8059253,14.3473869,14z",2025-12-16T22:38:43.035Z,,,
https://www.google.com/maps/place/Centro+di+Medicina+Estetica+Vesuviano/data=!4m7!3m6!1s0x133ba70209300001:0xf73433f834773b11!8m2!3d40.816948!4d14.3323258!16s%2Fg%2F11r9m1z4fb!19sChIJAQAwCQKnOxMRETt3NPgzNPc,Centro di Medicina Estetica Vesuviano,,,Medical clinic,"Corso Giuseppe Garibaldi, 159, 80055 Portici NA, Italy","R88J+QW Portici, Metropolitan City of Naples, Italy",http://centrodimedicinaesteticavesuviano.it/,+39 333 356 1925,Closed · Opens 10 am Wed,https://streetviewpixels-pa.googleapis.com/v1/thumbnail?panoid=r4c-nNst_FLYqXJHvhKYXw&cb_client=search.gws-prod.gps&w=408&h=240&yaw=210.30746&pitch=0&thumbfov=100,true,10 am–6 pm,10 am–6 pm,10 am–6 pm,10 am–6 pm,Closed,Closed,10 am–6 pm,"https://www.google.com/maps/search/vein+clinics+in+Herculaneum+Naples+FL/@40.8059253,14.3473869,14z",2025-12-16T22:38:47.792Z,,,
https://www.google.com/maps/place/Studio+Flebologico+Veneruso/data=!4m7!3m6!1s0x133ba766dea97817:0x53f9ed68dc97b9da!8m2!3d40.8559003!4d14.3499465!16s%2Fg%2F11kq4r28qj!19sChIJF3ip3manOxMR2rmX3Gjt-VM,Studio Flebologico Veneruso,,,Surgical center,"Via Europa, 3/d, 80040 Cercola NA, Italy","V84X+9X Cercola, Metropolitan City of Naples, Italy",,+39 335 701 7750,Closed · Opens 6 pm Wed,https://streetviewpixels-pa.googleapis.com/v1/thumbnail?panoid=SKqVkuoPbVv6W-VNBdFdZQ&cb_client=search.gws-prod.gps&w=408&h=240&yaw=243.76665&pitch=0&thumbfov=100,true,9:30 am–12 pm,6–8 pm,4:30–7:30 pm,Closed,Closed,Closed,4:30–7:30 pm,"https://www.google.com/maps/search/vein+clinics+in+Herculaneum+Naples+FL/@40.8059253,14.3473869,14z",2025-12-16T22:38:52.470Z,,,
https://www.google.com/maps/place/Yag-Howard+Cosmetic+Dermatology/data=!4m7!3m6!1s0x88dae19242887001:0x98af33e007a9de9c!8m2!3d26.160491!4d-81.790384!16s%2Fg%2F1xg5tg_j!19sChIJAXCIQpLh2ogRnN6pB-Azr5g,Yag-Howard Cosmetic Dermatology,4.9,331,Medical spa,"1000 Goodlette-Frank Rd, Naples, FL 34102, United States","5665+5R Naples, Florida, USA",http://www.yhderm.com/?utm_source=googlemybusiness&utm_medium=organic&utm_campaign=yhderm,+1 239-529-3376,Closed · Opens 8 am Wed,https://lh3.googleusercontent.com/p/AF1QipMUelVMZ-E8vZcS_g0KdOc_9cjhn8v1A3UQo2w3=w408-h272-k-no,true,8 am–4 pm,8 am–4 pm,8 am–4 pm,Closed,Closed,Closed,8 am–4 pm,"https://www.google.com/maps/search/vein+clinics+in+Capri+Naples+FL/@26.1391777,-81.7955475,14z",2025-12-16T22:39:13.989Z,,LGBTQ+ friendly,
https://www.google.com/maps/place/Dr.+Charina+Yango+Cadavos+Integrity+Medical+%26+Aesthetics/data=!4m7!3m6!1s0x88dae1d5517f0803:0xb0559f31390787a8!8m2!3d26.1448626!4d-81.7897055!16s%2Fg%2F11j2__8_21!19sChIJAwh_UdXh2ogRqIcHOTGfVbA,Dr. Charina Yango Cadavos Integrity Medical & Aesthetics,4.9,34,Family practice physician,"1333 3rd Ave S Suite 506, Naples, FL 34102, United States","46V6+W4 Naples, Florida, USA",https://integritymedicalphysicians.com/,+1 239-304-8040,,https://lh3.googleusercontent.com/p/AF1QipM1ZoeE1DC3sTMqm6_mCDycZJe9E2ZzUkX_ugUN=w408-h437-k-no,true,,,,,,,,"https://www.google.com/maps/search/vein+clinics+in+Capri+Naples+FL/@26.1391777,-81.7955475,14z",2025-12-16T22:39:18.793Z,,Identifies as women-owned,
https://www.google.com/maps/place/Kenzi+Medical+and+Aesthetics+Group/data=!4m7!3m6!1s0x88dae1bf893d5693:0xe829545ae63fa58a!8m2!3d26.1405985!4d-81.7943718!16s%2Fg%2F11h80lfdvf!19sChIJk1Y9ib_h2ogRiqU_5lpUKeg,Kenzi Medical and Aesthetics Group,4.8,60,Medical spa,"900 6th Ave S STE 303, Naples, FL 34102, United States","46R4+67 Naples, Florida, USA",https://www.kenzispa.com/,+1 239-544-5369,,https://lh3.googleusercontent.com/p/AF1QipNoYuh3V3Ul9SZnbvBXqbZ6r5qxUIseRKdZ-It8=w426-h240-k-no,true,,,,,,,,"https://www.google.com/maps/search/vein+clinics+in+Capri+Naples+FL/@26.1391777,-81.7955475,14z",2025-12-16T22:39:23.690Z,,LGBTQ+ friendly,true
https://www.google.com/maps/place/Eden+Med+Spa/data=!4m7!3m6!1s0x88dae17f370a948b:0xd3928eddf95ac21f!8m2!3d26.1626296!4d-81.7976241!16s%2Fg%2F11q26fn56f!19sChIJi5QKN3_h2ogRH8Ja-d2OktM,Eden Med Spa,4.9,256,Facial spa,"1250 Tamiami Trl N Unit 101, Naples, FL 34102, United States","5672+3X Naples, Florida, USA",https://www.edenspa.club/,+1 239-316-7979,"Open · Closes 10 pm

Updated by this business 3 weeks ago",https://lh3.googleusercontent.com/p/AF1QipMrtF-i2TIjs4ljC5ZKkq90NlFr4WW1-A53tPrE=w426-h240-k-no,true,8 am–10 pm,8 am–10 pm,8 am–10 pm,8 am–10 pm,8 am–8 pm,8 am–8 pm,8 am–10 pm,"https://www.google.com/maps/search/vein+clinics+in+Capri+Naples+FL/@26.1391777,-81.7955475,14z",2025-12-16T22:39:28.819Z,,LGBTQ+ friendly,
https://www.google.com/maps/place/Millennium+Physician+Group+-+Naples+Radiology/data=!4m7!3m6!1s0x88dae1103df67dfd:0xf9113e13d98ba597!8m2!3d26.1520554!4d-81.7970511!16s%2Fg%2F11qjk14b2x!19sChIJ_X32PRDh2ogRl6WL2RM-Efk,Millennium Physician Group - Naples Radiology,4.9,351,Medical diagnostic imaging center,"400 8th St N, Naples, FL 34102, United States","5623+R5 Naples, Florida, USA",https://millenniumphysician.com/location/naples-downtown-imaging/,+1 855-674-4624,Closed · Opens 8 am Wed,https://streetviewpixels-pa.googleapis.com/v1/thumbnail?panoid=3jPdKGVuxORm4d7Qwlt6fw&cb_client=search.gws-prod.gps&w=408&h=240&yaw=97.44833&pitch=0&thumbfov=100,true,8 am–5 pm,8 am–5 pm,8 am–5 pm,8 am–5 pm,Closed,Closed,8 am–5 pm,"https://www.google.com/maps/search/vein+clinics+in+Capri+Naples+FL/@26.1391777,-81.7955475,14z",2025-12-16T22:39:33.707Z,,,
https://www.google.com/maps/place/ProScan+Imaging+at+NCH+-+Medical+Plaza+311+9th+Street+N/data=!4m7!3m6!1s0x88dae19771f88131:0xdf31d8f5394fd126!8m2!3d26.1512316!4d-81.7972295!16s%2Fg%2F1tp305g_!19sChIJMYH4cZfh2ogRJtFPOfXYMd8,ProScan Imaging at NCH - Medical Plaza 311 9th Street N,4.8,1261,Medical diagnostic imaging center,"311 9th St N, Naples, FL 34102, United States","5623+F4 Naples, Florida, USA",https://proscan.com/locations/nch-naples-med-plaza/?utm_source=GMBSocialClimb&utm_medium=ProScanImagingatNCH-MedicalPlaza3119thStreetN#services?utm_source=GMBSocialClimb,+1 239-624-4443,Open · Closes 9 pm,https://streetviewpixels-pa.googleapis.com/v1/thumbnail?panoid=zjkXxAFJ_hRVAnOH6G_e6w&cb_client=search.gws-prod.gps&w=408&h=240&yaw=89.344154&pitch=0&thumbfov=100,true,7 am–9 pm,7 am–9 pm,7 am–9 pm,7 am–9 pm,Closed,Closed,7 am–9 pm,"https://www.google.com/maps/search/vein+clinics+in+Capri+Naples+FL/@26.1391777,-81.7955475,14z",2025-12-16T22:39:38.537Z,,,
https://www.google.com/maps/place/Vein+Specialists/data=!4m7!3m6!1s0x88db190e6f17c103:0xf46dba10219ffd39!8m2!3d26.3169549!4d-81.8069358!16s%2Fg%2F11b74p0_vk!19sChIJA8EXbw4Z24gROf2fIRC6bfQ,Vein Specialists,4.9,173,Surgical center,"3359 Woods Edge Cir #102, Bonita Springs, FL 34134, United States","858V+Q6 Bonita Springs, Florida, USA",https://www.weknowveins.com/locations/vein-specialists-bonita-springs/?utm_source=googlemybusiness&utm_medium=search&utm_content=Bonita&utm_campaign=VSlocalsearch,+1 239-694-8346,Closed · Opens 8 am Wed,https://lh3.googleusercontent.com/p/AF1QipNnnaN8zf_eWDtrRpIx4SI6dsk1xEpEs0e6nITV=w408-h544-k-no,true,8 am–5 pm,8 am–5 pm,8 am–5 pm,8 am–5 pm,Closed,Closed,8 am–5 pm,"https://www.google.com/maps/search/vein+clinics+in+Capri+Naples+FL/@26.1391777,-81.7955475,14z",2025-12-16T22:39:43.486Z,,,
https://www.google.com/maps/place/KG+Bare+Skin/data=!4m7!3m6!1s0x88dae1b2b3f1db83:0x2960633687d4e8a8!8m2!3d26.1582407!4d-81.7898409!16s%2Fg%2F11v15k7y_s!19sChIJg9vxs7Lh2ogRqOjUhzZjYCk,KG Bare Skin,5.0,83,Medical spa,"720 Goodlette-Frank Rd STE 300, Naples, FL 34102, United States","5656+73 Naples, Florida, USA",http://kgbareskin.com/?utm_source=google&utm_medium=wix_google_business_profile&utm_campaign=3923980847078448838,+1 239-228-6924,Closes soon · 6 pm · Opens 9 am Wed,https://lh3.googleusercontent.com/p/AF1QipPCGroTQJs63sjwi3aIT_WHMYMnC6jy4ILdxavw=w408-h509-k-no,true,9 am–6 pm,9 am–6 pm,9 am–6 pm,9 am–6 pm,10 am–4 pm,Closed,9 am–6 pm,"https://www.google.com/maps/search/vein+clinics+in+Capri+Naples+FL/@26.1391777,-81.7955475,14z",2025-12-16T22:39:48.441Z,,,
https://www.google.com/maps/place/457+Bayfront+Aesthetics/data=!4m7!3m6!1s0x88dae186bf55e287:0xf846539b4971e8ae!8m2!3d26.1437115!4d-81.7894303!16s%2Fg%2F11kswjpgqm!19sChIJh-JVv4bh2ogRruhxSZtTRvg,457 Bayfront Aesthetics,5.0,3,Medical spa,"457 Bayfront Pl, Naples, FL 34102, United States","46V6+F6 Naples, Florida, USA",https://457bayfront.com/,+1 239-216-7116,Closed · Opens 10 am Wed,https://lh3.googleusercontent.com/p/AF1QipN84k6X7P60vXpL8Z_FoV8ghdWRghpmGjcSbv3R=w653-h240-k-no,true,10 am–5 pm,10 am–5 pm,10 am–5 pm,10 am–5 pm,Closed,Closed,10 am–5 pm,"https://www.google.com/maps/search/vein+clinics+in+Capri+Naples+FL/@26.1391777,-81.7955475,14z",2025-12-16T22:39:53.485Z,,LGBTQ+ friendly,
https://www.google.com/maps/place/Naples+Regenerative+Institute/data=!4m7!3m6!1s0x88dae102581ca191:0x125f9e751d69ef81!8m2!3d26.1811195!4d-81.7992529!16s%2Fg%2F11fm59c4g5!19sChIJkaEcWALh2ogRge9pHXWeXxI,Naples Regenerative Institute,4.9,279,Pain management physician,"2950 Tamiami Trl N Unit 13, Naples, FL 34103, United States","56J2+C7 Naples, Florida, USA",http://www.naplesregenerativeinstitute.com/,+1 239-347-1580,Closed · Opens 8:30 am Wed,https://lh3.googleusercontent.com/p/AF1QipN2ef4hDqHLSWujtuXSkTwSd4150IIphaToJft1=w408-h408-k-no,true,8:30 am–5 pm,8:30 am–5 pm,8:30 am–5 pm,9 am–3 pm,Closed,Closed,8:30 am–5 pm,"https://www.google.com/maps/search/vein+clinics+in+Capri+Naples+FL/@26.1391777,-81.7955475,14z",2025-12-16T22:39:58.653Z,,,
https://www.google.com/maps/place/NCH+Rooney+Heart+Institute/data=!4m7!3m6!1s0x88dae1973f02c275:0x2490447931118469!8m2!3d26.1512478!4d-81.7966385!16s%2Fg%2F1td1420f!19sChIJdcICP5fh2ogRaYQRMXlEkCQ,NCH Rooney Heart Institute,4.3,89,Heart hospital,"399 9th St N #300, Naples, FL 34102, United States","5623+F8 Naples, Florida, USA",http://www.nchmd.org/nch-heart-institute,+1 239-624-4200,Closed · Opens 8 am Wed,https://lh3.googleusercontent.com/gps-cs-s/AG0ilSx7iSwIv4tBMUsvEC1vr9NH_oUtriIGqhHUgoDUS1W1RlS3sZ3nxJztZFTMjIxXPE8mtFTZnBZwvjof5OvNLg7DJZfPM0j3RI2TBEh16oXHdcLzxphSFAwAQ2D_0z5lYXczBYYa=w408-h544-k-no,true,8 am–5 pm,8 am–5 pm,8 am–5 pm,8 am–5 pm,Closed,Closed,8 am–5 pm,"https://www.google.com/maps/search/vein+clinics+in+Capri+Naples+FL/@26.1391777,-81.7955475,14z",2025-12-16T22:40:03.512Z,,,
https://www.google.com/maps/place/Meridian+Medical+Spa/data=!4m7!3m6!1s0x88dae10022c0be5f:0x2cafc3cda6303dcb!8m2!3d26.1424445!4d-81.7982574!16s%2Fg%2F11vxldcjhl!19sChIJX77AIgDh2ogRyz0wps3Dryw,Meridian Medical Spa,5.0,3,Medical spa,"670 4th Ave S, Naples, FL 34102, United States","46R2+XM Naples, Florida, USA",http://www.meridianmedicalspa.com/?utm_source=google&utm_medium=organic&utm_campaign=gbp,+1 239-319-2200,Open · Closes 7 pm,https://lh3.googleusercontent.com/p/AF1QipMjwSUE8vIGARZIpqpN3QvP76lrp1l-jmBQ25qk=w426-h240-k-no,true,10 am–7 pm,10 am–6 pm,10 am–6 pm,10 am–5 pm,Closed,Closed,10 am–6 pm,"https://www.google.com/maps/search/vein+clinics+in+Capri+Naples+FL/@26.1391777,-81.7955475,14z",2025-12-16T22:40:08.364Z,,Identifies as women-owned,
https://www.google.com/maps/place/Florida+Cancer+Specialists+%26+Research+Institute/data=!4m7!3m6!1s0x88dae192bf79abfd:0x4ccf1bdf05aebb9b!8m2!3d26.1616434!4d-81.7906205!16s%2Fg%2F1ptz6vbnc!19sChIJ_at5v5Lh2ogRm7uuBd8bz0w,Florida Cancer Specialists & Research Institute,4.9,365,Cancer treatment center,"1100 Goodlette-Frank Rd, Naples, FL 34102, United States","5665+MQ Naples, Florida, USA",https://flcancer.com/location/naples-goodlette/,+1 239-434-0656,Closed · Opens 8 am Wed,https://lh3.googleusercontent.com/p/AF1QipPrZTtnP9g0WU5zd8JqvbMSDv1oLzFL-rsRoHNk=w426-h240-k-no,true,8 am–5 pm,8 am–5 pm,8 am–5 pm,8 am–5 pm,8 am–5 pm,Closed,8 am–5 pm,"https://www.google.com/maps/search/vein+clinics+in+Capri+Naples+FL/@26.1391777,-81.7955475,14z",2025-12-16T22:40:13.442Z,,,
https://www.google.com/maps/place/Dr.+Julian+Javier/data=!4m7!3m6!1s0x88dae1ed49c1b9cf:0xfbf28c77e8c47d8a!8m2!3d26.1619886!4d-81.7909331!16s%2Fg%2F11p07bhh5b!19sChIJz7nBSe3h2ogRin3E6HeM8vs,Dr. Julian Javier,4.3,12,Cardiologist,"1168 Goodlette-Frank Rd N, Naples, FL 34102, United States","5665+QJ Naples, Florida, USA",https://www.heartvein.com/about-us/our-team/dr-julian-javier,+1 239-300-0586,,https://streetviewpixels-pa.googleapis.com/v1/thumbnail?panoid=tbapK8xzk0G8gTvWra8OPQ&cb_client=search.gws-prod.gps&w=408&h=240&yaw=94.44883&pitch=0&thumbfov=100,false,,,,,,,,"https://www.google.com/maps/search/vein+clinics+in+Capri+Naples+FL/@26.1391777,-81.7955475,14z",2025-12-16T22:40:16.383Z,,,
https://www.google.com/maps/place/U.S.+Cosmetic+Center/data=!4m7!3m6!1s0x88dae346c8ad9acb:0xcbd9884108e596d0!8m2!3d26.1378954!4d-81.7720268!16s%2Fg%2F11vr04j3z0!19sChIJy5qtyEbj2ogR0JblCEGI2cs,U.S. Cosmetic Center,,,Medical spa,"2800 Davis Blvd, Naples, FL 34104, United States","46QH+55 Naples, Florida, USA",http://www.uscosmeticcenter.com/,+1 786-271-2440,Closes soon · 6 pm · Opens 10 am Wed,https://streetviewpixels-pa.googleapis.com/v1/thumbnail?panoid=0NCP2o5dSeINyregcRTiEA&cb_client=search.gws-prod.gps&w=408&h=240&yaw=320.217&pitch=0&thumbfov=100,false,10 am–6 pm,10 am–6 pm,Closed,10 am–6 pm,9 am–1 pm,Closed,10 am–6 pm,"https://www.google.com/maps/search/vein+clinics+in+Capri+Naples+FL/@26.1391777,-81.7955475,14z",2025-12-16T22:40:21.177Z,,,
https://www.google.com/maps/place/Radiology+Regional/data=!4m7!3m6!1s0x88dae19211fa7375:0xd73c2a623c49a3d4!8m2!3d26.1568822!4d-81.7905089!16s%2Fg%2F11f54jjhxh!19sChIJdXP6EZLh2ogR1KNJPGIqPNc,Radiology Regional,4.9,2431,Radiologist,"700 Goodlette-Frank Rd, Naples, FL 34102, United States","5645+QQ Naples, Florida, USA",http://radiologyregional.com/,+1 239-936-2316,Closes soon · 6 pm · Opens 7 am Wed,https://lh3.googleusercontent.com/gps-cs-s/AG0ilSyNxbZ4ul-2LvRNGeu3AXg8UNB0YmLfvpAOoQB8kWORLCKuEz74agEzH8D4znYLq4bzJwu1XaEsdTEPo_756oqkQF4mY_Y9vQYYV1oSZBB_neBn7GTYxPPqQ7BFBu1TgPWrJ6G4tQ=w408-h306-k-no,true,7 am–6 pm,7 am–6 pm,7 am–6 pm,7 am–6 pm,Closed,Closed,7 am–6 pm,"https://www.google.com/maps/search/vein+clinics+in+Capri+Naples+FL/@26.1391777,-81.7955475,14z",2025-12-16T22:40:31.044Z,,,
https://www.google.com/maps/place/BioAesthetics+of+Naples/data=!4m7!3m6!1s0x88dae100cb7d82a1:0xc924be07d836e4c4!8m2!3d26.1535782!4d-81.7967522!16s%2Fg%2F11vq2kcf81!19sChIJoYJ9ywDh2ogRxOQ22Ae-JMk,BioAesthetics of Naples,5.0,10,Medical spa,"599 9th St N STE 300, Naples, FL 34102, United States","5633+C7 Naples, Florida, USA",https://bioaestheticsofnaples.com/,+1 239-799-4147,Closed · Opens 9 am Wed,https://streetviewpixels-pa.googleapis.com/v1/thumbnail?panoid=P-Z0eq9Rtb6KQnkt6Jr3pA&cb_client=search.gws-prod.gps&w=408&h=240&yaw=266.213&pitch=0&thumbfov=100,true,9 am–5 pm,9 am–5 pm,9 am–5 pm,9 am–5 pm,Closed,Closed,9 am–5 pm,"https://www.google.com/maps/search/vein+clinics+in+Capri+Naples+FL/@26.1391777,-81.7955475,14z",2025-12-16T22:40:35.843Z,,,
https://www.google.com/maps/place/Vein+Specialists/data=!4m7!3m6!1s0x88db403ed7fc7b7b:0xe255d5910cb27caa!8m2!3d26.5938466!4d-81.8859268!16s%2Fg%2F1tcxd_x5!19sChIJe3v81z5A24gRqnyyDJHVVeI,Vein Specialists,4.9,246,Surgical center,"1500 Royal Palm Square Blvd #105, Fort Myers, FL 33919, United States","H4V7+GJ Fort Myers, Florida, USA",https://www.weknowveins.com/?utm_source=googlemybusiness&utm_medium=search&utm_content=FtMyers&utm_campaign=VSlocalsearch,+1 239-694-8346,Closed · Opens 8 am Wed,https://lh3.googleusercontent.com/p/AF1QipMBiAi_Qhn-zxP9mEnc6FTHNd_6WXv3Pwywjfou=w408-h246-k-no,true,8 am–5 pm,8 am–5 pm,8 am–5 pm,8 am–4:30 pm,Closed,Closed,8 am–5 pm,"https://www.google.com/maps/search/vein+clinics+in+Capri+Naples+FL/@26.1391777,-81.7955475,14z",2025-12-16T22:40:41.004Z,,,
https://www.google.com/maps/place/BodyMorph+MD+-+Naples/data=!4m7!3m6!1s0x88db1fc503855a63:0x4f9e3e2f2987076c!8m2!3d26.1521869!4d-81.8040714!16s%2Fg%2F11sd9fnj8c!19sChIJY1qFA8Uf24gRbAeHKS8-nk8,BodyMorph MD - Naples,5.0,11,Medical spa,"365 5th Ave N suite 210, Naples, FL 34102, United States","552W+V9 Naples, Florida, USA",https://bodymorphmd.com/naples/?utm_source=google&utm_medium=organic&utm_campaign=gmb-naples,+1 914-953-2955,,https://lh3.googleusercontent.com/p/AF1QipPLI3ceMaRcRf8p4ulYrDmbm9KIr0ASsNv-jiZQ=w408-h658-k-no,true,,,,,,,,"https://www.google.com/maps/search/vein+clinics+in+Capri+Naples+FL/@26.1391777,-81.7955475,14z",2025-12-16T22:40:43.653Z,,,
https://www.google.com/maps/place/Mancusi+Dr.+Rosario/data=!4m7!3m6!1s0x133b6ae5a41ff469:0x6817f139a8e9f4f8!8m2!3d40.723926!4d13.9514615!16s%2Fg%2F1tjbcc9n!19sChIJafQfpOVqOxMR-PTpqDnxF2g,Mancusi Dr. Rosario,5.0,4,Doctor,"Via Acquedotto, 22, 80077 Ischia NA, Italy","PXF2+HH Ischia, Metropolitan City of Naples, Italy",,+39 333 333 9887,Closed · Opens 9 am Wed,https://lh3.googleusercontent.com/p/AF1QipPCVp8L4wyvzchV2y25aO1k-dCNf2pUwf2RSd0d=w408-h272-k-no,true,9 am–5 pm,9 am–5 pm,9 am–5 pm,8 am–7 pm,8 am–7 pm,Closed,9 am–5 pm,"https://www.google.com/maps/search/vein+clinics+in+Ischia+Naples+FL/@40.7378738,13.9485287,14z",2025-12-16T22:40:56.430Z,,,
https://www.google.com/maps/place/Nursing+Home+St.+John+Joseph/data=!4m7!3m6!1s0x133b6adc8a6ce65f:0x17200e4e4f416f5b!8m2!3d40.7348117!4d13.9523095!16s%2Fg%2F1td806sg!19sChIJX-ZsitxqOxMRW29BT04OIBc,Nursing Home St. John Joseph,3.1,37,Medical Center,"Via Leonardo Mazzella, 22, 80077 Ischia NA, Italy","PXM2+WW Ischia, Metropolitan City of Naples, Italy",https://www.cmcischia.it/,+39 081 983740,Closed · Opens 7:30 am Wed,https://lh3.googleusercontent.com/p/AF1QipMHhOS5R4o802QdzjYPs9XgnFjn_jj2ySoNoIzs=w408-h306-k-no,true,"7:30 am–12:30 pm, 4–7 pm","7:30 am–12:30 pm, 4–7 pm","7:30 am–12:30 pm, 4–7 pm","7:30 am–12:30 pm, 4–7 pm",9 am–12 pm,Closed,"7:30 am–12:30 pm, 4–7 pm","https://www.google.com/maps/search/vein+clinics+in+Ischia+Naples+FL/@40.7378738,13.9485287,14z",2025-12-16T22:41:01.477Z,,,
https://www.google.com/maps/place/Centro+Medico+Aragonese/data=!4m7!3m6!1s0x133b6ae7540af17f:0xaec99e3885a9b246!8m2!3d40.7304899!4d13.9546131!16s%2Fg%2F1tkgtfzx!19sChIJf_EKVOdqOxMRRrKphTieya4,Centro Medico Aragonese,3.0,13,Rehabilitation center,"Via Gian Battista Vico, 111, 80077 Ischia NA, Italy","PXJ3+5R Ischia, Metropolitan City of Naples, Italy",https://www.cmcischia.it/home/centro-medico-aragonese/,+39 081 507 4019,Closed · Opens 8 am Wed,https://lh3.googleusercontent.com/gps-cs-s/AG0ilSzAmOlegUauPCw_S0aDUezilChWLEBZt3jGjItF5Z_a5rr6AwmJmjTneuDTEHMYbyPq0zIixpTgoO25hZKO4ZJ4J0f9iEFbhM23AB6nDNyXHCT0cua2IlNI7NoHl_mmqYjUeaCa=w408-h544-k-no,true,"8 am–1 pm, 3:30–7:30 pm","8 am–1 pm, 3:30–7:30 pm","8 am–1 pm, 3:30–7 pm","8 am–1 pm, 3–7 pm",Closed,Closed,"8 am–1 pm, 3:30–7:30 pm","https://www.google.com/maps/search/vein+clinics+in+Ischia+Naples+FL/@40.7378738,13.9485287,14z",2025-12-16T22:41:06.441Z,,,
https://www.google.com/maps/place/Medetica+Ischia+-+studio+di+medicina+estetica/data=!4m7!3m6!1s0x133b6ae8da59e8db:0xa07a9661c6d05f9!8m2!3d40.7282879!4d13.9462159!16s%2Fg%2F11gfd43bll!19sChIJ2-hZ2uhqOxMR-QVtHGapBwo,Medetica Ischia - studio di medicina estetica,5.0,8,Medical spa,"Via Leonardo Mazzella, 167, 80077 Ischia NA, Italy","PWHW+8F Ischia, Metropolitan City of Naples, Italy",https://www.facebook.com/Medetica-Medica-Estetica-1338462652879729/,+39 348 131 6158,Closed · Opens 9 am Wed,https://lh3.googleusercontent.com/gps-cs-s/AG0ilSxozdnFLOjjSslfqc0DJlQl5SNI9x-3lXBbFtaRerqEtJK_eQR6tdEqi29nh-EXo28JUUnvdy86L6-OH7jSSQ5NOSfeDr9mN0EyFpdOQudQcAmRYAMBzGe-F_hJcslQwvr3JcJ3=w408-h544-k-no,false,"9 am–1 pm, 3–8 pm","9 am–1 pm, 3–8 pm","9 am–1 pm, 3–8 pm","9 am–1 pm, 3–8 pm","9 am–1 pm, 3–8 pm",Closed,"9 am–1 pm, 3–8 pm","https://www.google.com/maps/search/vein+clinics+in+Ischia+Naples+FL/@40.7378738,13.9485287,14z",2025-12-16T22:41:11.338Z,,LGBTQ+ friendly,
"https://www.google.com/maps/place/Dott.+Sergio+Delfino,+Chirurgo+Plastico/data=!4m7!3m6!1s0x133b6b28dbd7cf11:0x34726aa438338e8f!8m2!3d40.7383558!4d13.9490274!16s%2Fg%2F11hy9nbhn4!19sChIJEc_X2yhrOxMRj44zOKRqcjQ","Dott. Sergio Delfino, Chirurgo Plastico",4.5,8,Plastic surgeon,"Via Edgardo Cortese, 29, 80077 Ischia NA, Italy","PWQX+8J Ischia, Metropolitan City of Naples, Italy",http://www.miodottore.it/sergio-delfino/chirurgo-plastico-medico-estetico/roma?utm_source=google&utm_medium=gmb&utm_campaign=25070&utm_content=website,+39 328 667 6364,Closed · Opens 10 am Sat,https://streetviewpixels-pa.googleapis.com/v1/thumbnail?panoid=-0ercID1YWJVUjjE3KCD0A&cb_client=search.gws-prod.gps&w=408&h=240&yaw=339.48856&pitch=0&thumbfov=100,true,Closed,Closed,Closed,Closed,10–11:30 am,Closed,Closed,"https://www.google.com/maps/search/vein+clinics+in+Ischia+Naples+FL/@40.7378738,13.9485287,14z",2025-12-16T22:41:16.171Z,,,
https://www.google.com/maps/place/DIMI+MEDICINA+ESTETICA+-+Studio+MEDICO/data=!4m7!3m6!1s0x133b6bff8b2d615d:0xc1e867a4330af7f0!8m2!3d40.7497177!4d13.9162006!16s%2Fg%2F11gmyx7hdf!19sChIJXWEti_9rOxMR8PcKM6Rn6ME,DIMI MEDICINA ESTETICA - Studio MEDICO,5.0,2,Medical office,"Via Salvatore Girardi, 29, 80074 Casamicciola Terme NA, Italy","PWX8+VF Casamicciola Terme, Metropolitan City of Naples, Italy",https://www.facebook.com/DeFranchisGiovanna/,+39 333 438 4407,Closed · Opens 10 am Wed,https://streetviewpixels-pa.googleapis.com/v1/thumbnail?panoid=dGioNwaHTy8mTM2MhB3U0Q&cb_client=search.gws-prod.gps&w=408&h=240&yaw=153.53796&pitch=0&thumbfov=100,false,10 am–8 pm,10 am–8 pm,10 am–8 pm,10 am–8 pm,10 am–8 pm,Closed,10 am–8 pm,"https://www.google.com/maps/search/vein+clinics+in+Ischia+Naples+FL/@40.7378738,13.9485287,14z",2025-12-16T22:41:20.947Z,,,
https://www.google.com/maps/place/Ivimed+-+Ischia+Vascular+Institute/data=!4m7!3m6!1s0x133b6b0367284a21:0xc7f4259c283d43af!8m2!3d40.7238569!4d13.95147!16s%2Fg%2F11fj0vflfx!19sChIJIUooZwNrOxMRr0M9KJwl9Mc,Ivimed - Ischia Vascular Institute,5.0,1,Medical clinic,"Via Acquedotto, 22, 80077 Ischia NA, Italy","PXF2+GH Ischia, Metropolitan City of Naples, Italy",https://www.rmsischia.it/ivi/,+39 081 1870 8870,Closed · Opens 9 am Wed,https://streetviewpixels-pa.googleapis.com/v1/thumbnail?panoid=2VHVtCxdN2YkAbFhHZLkaQ&cb_client=search.gws-prod.gps&w=408&h=240&yaw=157.60507&pitch=0&thumbfov=100,false,9 am–6 pm,9 am–6 pm,9 am–6 pm,9 am–6 pm,9 am–6 pm,Closed,9 am–6 pm,"https://www.google.com/maps/search/vein+clinics+in+Ischia+Naples+FL/@40.7378738,13.9485287,14z",2025-12-16T22:41:25.935Z,,,
,,,,,,,,,,,,,,,,,,,"https://www.google.com/maps/search/vein+clinics+in+Procida+Naples+FL/@40.8517746,14.2681244,14z",2025-12-16T22:41:34.194Z,No new results found,,
"https://www.google.com/maps/place/Naples+Florida+Vein+Experts/@40.6813313,14.7743583,14z/data=!4m6!3m5!1s0x88db1f6271a84499:0x1f87feb0abff9151!8m2!3d26.2717369!4d-81.7885884!16s%2Fg%2F11y496dhvp",Naples Florida Vein Experts,5.0,111,Medical clinic,"1514 Immokalee Rd Unit 111, Naples, FL 34110, United States","76C6+MH Naples, Florida, USA",https://www.fortvein.com/locations/naples/?utm_campaign=gmb,+1 239-990-8378,Closed · Opens 9 am Wed,https://lh3.googleusercontent.com/p/AF1QipM8ojd1mB-qNiHQ9OeIoL0hXQJErDxPfQOb-9c9=w408-h272-k-no,true,9 am–5 pm,9 am–5 pm,9 am–5 pm,9 am–5 pm,Closed,Closed,9 am–5 pm,"https://www.google.com/maps/search/vein+clinics+in+Salerno+Naples+FL/@40.6813313,14.7743583,14z",2025-12-16T22:41:42.694Z,Already found,,
,,,,,,,,,,,,,,,,,,,"https://www.google.com/maps/search/vein+clinics+in+Vietri+sul+Mare+Naples+FL/@40.6731641,14.7279275,14z",2025-12-16T22:41:57.953Z,No new results found,,
https://www.google.com/maps/place/Centro+Laser/data=!4m7!3m6!1s0x133bbd3fa186bfe5:0x45a40e9aedc0068b!8m2!3d40.697626!4d14.4886976!16s%2Fg%2F11cmsgct1k!19sChIJ5b-GoT-9OxMRiwbA7ZoOpEU,Centro Laser,3.1,67,Diagnostic center,"Viale Puglia, 1, 80053 Castellammare di Stabia NA, Italy","MFXQ+3F Castellammare di Stabia, Metropolitan City of Naples, Italy",https://www.centrolasersrl.it/,+39 081 872 2240,Closed · Opens 7:30 am Wed,https://lh3.googleusercontent.com/p/AF1QipPR7i7O15eptNV9-bCLNXewMlqJp8nXhjdGguPf=w408-h273-k-no,true,7:30 am–6:30 pm,7:30 am–6:30 pm,7:30 am–6:30 pm,7:30 am–6:30 pm,7:30 am–1 pm,Closed,7:30 am–6:30 pm,"https://www.google.com/maps/search/vein+clinics+in+Castellammare+di+Stabia+Naples+FL/@40.6981057,14.4880402,14z",2025-12-16T22:42:11.093Z,,,
https://www.google.com/maps/place/Medinurse+Medical+Divison/data=!4m7!3m6!1s0x133bbda376aab0f9:0xd0e84c555afa35e6!8m2!3d40.7015429!4d14.4891462!16s%2Fg%2F11tfndmx1n!19sChIJ-bCqdqO9OxMR5jX6WlVM6NA,Medinurse Medical Divison,5.0,28,Plastic surgeon,"Viale Europa, 144, 80053 Castellammare di Stabia NA, Italy","PF2Q+JM Castellammare di Stabia, Metropolitan City of Naples, Italy",https://www.medinurse.it/,+39 389 563 6923,Closed · Opens 9 am Wed,https://lh3.googleusercontent.com/p/AF1QipOUE3dLBcKe67m8opUjxYjvsbB3mhVDhUmASdgo=w408-h412-k-no,true,9 am–8 pm,9 am–8 pm,9 am–8 pm,9 am–8 pm,9 am–5 pm,Closed,9 am–8 pm,"https://www.google.com/maps/search/vein+clinics+in+Castellammare+di+Stabia+Naples+FL/@40.6981057,14.4880402,14z",2025-12-16T22:42:16.230Z,,Identifies as women-owned,
https://www.google.com/maps/place/Dr.+Massimo+Di+Martino/data=!4m7!3m6!1s0x133bbd4828abf795:0x9c5b91c5cad36dd8!8m2!3d40.6984176!4d14.4882354!16s%2Fg%2F11j8wdshvv!19sChIJlferKEi9OxMR2G3TysWRW5w,Dr. Massimo Di Martino,,,Vascular surgeon,"Viale Europa, 77, 80059 Castellammare di Stabia NA, Italy","MFXQ+97 Castellammare di Stabia, Metropolitan City of Naples, Italy",https://www.miodottore.it/massimo-di-martino-2/chirurgo-vascolare-angiologo/meta?utm_source=google&utm_medium=gmb&utm_campaign=477966,,,https://lh3.googleusercontent.com/p/AF1QipNzHDSwS0cLynGI85G6e6lUgNcmjFWJA7PvikWk=w408-h263-k-no,true,,,,,,,,"https://www.google.com/maps/search/vein+clinics+in+Castellammare+di+Stabia+Naples+FL/@40.6981057,14.4880402,14z",2025-12-16T22:42:18.819Z,,,
https://www.google.com/maps/place/LaserTherapyCenter/data=!4m7!3m6!1s0x133bbd4f0ed00001:0xfb171839d8ddf842!8m2!3d40.6973357!4d14.4820202!16s%2Fg%2F11g9qbztxn!19sChIJAQDQDk-9OxMRQvjd2DkYF_s,LaserTherapyCenter,,,Medical clinic,"Corso Vittorio Emanuele, 33, 80053 Castellammare di Stabia NA, Italy","MFWJ+WR Castellammare di Stabia, Metropolitan City of Naples, Italy",,+39 081 872 3088,,https://streetviewpixels-pa.googleapis.com/v1/thumbnail?panoid=8tszm9OCRTJB-0qBOcBkVw&cb_client=search.gws-prod.gps&w=408&h=240&yaw=39.409466&pitch=0&thumbfov=100,false,,,,,,,,"https://www.google.com/maps/search/vein+clinics+in+Castellammare+di+Stabia+Naples+FL/@40.6981057,14.4880402,14z",2025-12-16T22:42:21.301Z,,,
"https://www.google.com/maps/place/chirurgia+plastica+estetica,+medicina+estetica,luce+pulsata/data=!4m7!3m6!1s0x133bbd4478e55bc3:0x9eecfd8d6bd2d9ec!8m2!3d40.7025537!4d14.4827868!16s%2Fg%2F1hhh3vj3h!19sChIJw1vleES9OxMR7NnSa4397J4","chirurgia plastica estetica, medicina estetica,luce pulsata",,,Plastic surgeon,"Via del Pescatore, 3, 80053 Castellammare di Stabia NA, Italy","PF3M+24 Castellammare di Stabia, Metropolitan City of Naples, Italy",http://www.samosgroup.it/,+39 389 187 3173,Closed · Opens 4 pm Wed,https://streetviewpixels-pa.googleapis.com/v1/thumbnail?panoid=LaXluGh0GnBgOYFpg7J_og&cb_client=search.gws-prod.gps&w=408&h=240&yaw=250.57947&pitch=0&thumbfov=100,true,4–9 pm,4–9 pm,9 am–5 pm,9 am–5 pm,Closed,Closed,4–9 pm,"https://www.google.com/maps/search/vein+clinics+in+Castellammare+di+Stabia+Naples+FL/@40.6981057,14.4880402,14z",2025-12-16T22:42:25.947Z,,,
"https://www.google.com/maps/place/Alessia+Chini,+Chirurgia+Generale/data=!4m7!3m6!1s0x133bbd002500fff3:0xc38c3aaa2061c863!8m2!3d40.6966931!4d14.4895852!16s%2Fg%2F11xdb8jwpd!19sChIJ8_8AJQC9OxMRY8hhIKo6jMM","Alessia Chini, Chirurgia Generale",,,Surgeon,"Viale Puglia, 33, 80053 Castellammare di Stabia NA, Italy","MFWQ+MR Castellammare di Stabia, Metropolitan City of Naples, Italy",,+39 351 407 0287,,https://streetviewpixels-pa.googleapis.com/v1/thumbnail?panoid=aF58USG1_Xh1MilZZrVoRg&cb_client=search.gws-prod.gps&w=408&h=240&yaw=39.24685&pitch=0&thumbfov=100,true,,,,,,,,"https://www.google.com/maps/search/vein+clinics+in+Castellammare+di+Stabia+Naples+FL/@40.6981057,14.4880402,14z",2025-12-16T22:42:28.670Z,,,
"https://www.google.com/maps/place/Dott.ssa+Sara+Vertaldi,+Chirurgo+generale/data=!4m7!3m6!1s0x133bbd923365a103:0x85e4f28b200e5ce2!8m2!3d40.6966931!4d14.4895852!16s%2Fg%2F11tspxn68y!19sChIJA6FlM5K9OxMR4lwOIIvy5IU","Dott.ssa Sara Vertaldi, Chirurgo generale",,,Surgeon,"Viale Puglia, 33, 80053 Castellammare di Stabia NA, Italy","MFWQ+MR Castellammare di Stabia, Metropolitan City of Naples, Italy",https://www.miodottore.it/sara-vertaldi/chirurgo-generale-proctologo-medico-estetico/castellammare-di-stabia?utm_source=google&utm_medium=gmb&utm_campaign=600287&utm_content=website,+39 0823 166 5825,,https://streetviewpixels-pa.googleapis.com/v1/thumbnail?panoid=aF58USG1_Xh1MilZZrVoRg&cb_client=search.gws-prod.gps&w=408&h=240&yaw=39.24685&pitch=0&thumbfov=100,true,,,,,,,,"https://www.google.com/maps/search/vein+clinics+in+Castellammare+di+Stabia+Naples+FL/@40.6981057,14.4880402,14z",2025-12-16T22:42:31.280Z,,,
"https://www.google.com/maps/place/Dr.+Giovanni+De+Simone,+Chirurgo+estetico/data=!4m7!3m6!1s0x133bbd2282f6e151:0x58594acea1e0b2ba!8m2!3d40.6987362!4d14.4867652!16s%2Fg%2F11stlm0xdw!19sChIJUeH2giK9OxMRurLgoc5KWVg","Dr. Giovanni De Simone, Chirurgo estetico",,,Plastic surgeon,"Via Nocera, 136, 80053 Castellammare di Stabia NA, Italy","MFXP+FP Castellammare di Stabia, Metropolitan City of Naples, Italy",https://www.miodottore.it/giovanni-de-simone-3/chirurgo-estetico-medico-estetico/castellammare-di-stabia?utm_source=google&utm_medium=gmb&utm_campaign=214220&utm_content=website,+39 081 1928 8199,,https://streetviewpixels-pa.googleapis.com/v1/thumbnail?panoid=4lF7NXMXJsOpo9vJlndIwA&cb_client=search.gws-prod.gps&w=408&h=240&yaw=186.45013&pitch=0&thumbfov=100,true,,,,,,,,"https://www.google.com/maps/search/vein+clinics+in+Castellammare+di+Stabia+Naples+FL/@40.6981057,14.4880402,14z",2025-12-16T22:42:34.086Z,,,
,,,,,,,,,,,,,,,,,,,"https://www.google.com/maps/search/vein+clinics+in+Gragnano+Naples+FL/@40.688303,14.5226346,14z",2025-12-16T22:42:49.084Z,No new results found,,
https://www.google.com/maps/place/Estetica+di+Lidia+Romano/data=!4m7!3m6!1s0x133b9c49f11d645f:0x68333a62c7aca8a3!8m2!3d40.6033031!4d14.3397403!16s%2Fg%2F1tcx3p2y!19sChIJX2Qd8UmcOxMRo6isx2I6M2g,Estetica di Lidia Romano,5.0,106,Beauty salon,"Via Annunziata, 4, 80061 Massa Lubrense NA, Italy","J83Q+8V Massa Lubrense, Metropolitan City of Naples, Italy",,+39 081 878 9413,Closed · Opens 9 am Wed,https://lh3.googleusercontent.com/p/AF1QipOpDI5RZOj71KvqeNA51ae9EHHRGbsDTmomTftK=w408-h306-k-no,true,"9 am–1 pm, 3–7 pm","9 am–1 pm, 3–7 pm","9 am–1 pm, 3–7 pm","9 am–1 pm, 3–7 pm","9 am–1 pm, 3–7 pm",Closed,Closed,"https://www.google.com/maps/search/vein+clinics+in+Massa+Lubrense+Naples+FL/@40.6108903,14.3449936,14z",2025-12-16T22:43:02.436Z,,,
https://www.google.com/maps/place/Dr.+Massimo+Di+Martino/data=!4m7!3m6!1s0x133b992dbb9e261f:0x492ffd3dcd00c962!8m2!3d40.6414385!4d14.4093179!16s%2Fg%2F11fswnyjyn!19sChIJHyaeuy2ZOxMRYskAzT39L0k,Dr. Massimo Di Martino,,,Vascular surgeon,"Via Caracciolo, 1, 80062 Meta NA, Italy","JCR5+HP Meta, Metropolitan City of Naples, Italy",https://www.miodottore.it/massimo-di-martino-2/chirurgo-vascolare-angiologo/meta?utm_source=google&utm_medium=gmb&utm_campaign=477966,,,https://lh3.googleusercontent.com/p/AF1QipP_3vDl3_d7-UINyXAoW1wW94JozoVwMPOwT9Ta=w408-h263-k-no,true,,,,,,,,"https://www.google.com/maps/search/vein+clinics+in+Massa+Lubrense+Naples+FL/@40.6108903,14.3449936,14z",2025-12-16T22:43:05.129Z,,,
https://www.google.com/maps/place/Giovanni+Amabile/data=!4m7!3m6!1s0x133ba72b2ff1aff9:0x8ad215e62f94c63!8m2!3d40.8504669!4d14.3751718!16s%2Fg%2F11j3xclp_j!19sChIJ-a_xLyunOxMRY0z5Yl4hrQg,Giovanni Amabile,,,Doctor,"Corso Tullio Boccarusso, 1, 80040 Massa di Somma NA, Italy","V92G+53 Massa di Somma, Metropolitan City of Naples, Italy",https://www.doctolib.it/chirurgo-vascolare/napoli/giovanni-amabile,+39 081 786 0111,Closed · Opens 10 am Wed,https://streetviewpixels-pa.googleapis.com/v1/thumbnail?panoid=A_kWm4BmiEWLj6Dtb2XPag&cb_client=search.gws-prod.gps&w=408&h=240&yaw=200.59613&pitch=0&thumbfov=100,true,Closed,10 am–1 pm,Closed,Closed,Closed,Closed,Closed,"https://www.google.com/maps/search/vein+clinics+in+Massa+Lubrense+Naples+FL/@40.6108903,14.3449936,14z",2025-12-16T22:43:09.735Z,,,
https://www.google.com/maps/place/Dott.+Ignazio+Verde/data=!4m7!3m6!1s0x133b092f8be104c3:0x7271e07f130a5793!8m2!3d40.8375477!4d14.2198359!16s%2Fg%2F11j2fn3q78!19sChIJwwThiy8JOxMRk1cKE3_gcXI,Dott. Ignazio Verde,4.7,25,Doctor,"Viale M, Viale Maria Cristina di Savoia, 26, 80122 Napoli NA, Italy","R6Q9+2W Naples, Metropolitan City of Naples, Italy",https://www.miodottore.it/ignazio-verde/angiologo-chirurgo/napoli?utm_source=google&utm_medium=gmb&utm_campaign=220710,,,https://streetviewpixels-pa.googleapis.com/v1/thumbnail?panoid=0HddB2ApZ3qxBUmEau5CAQ&cb_client=search.gws-prod.gps&w=408&h=240&yaw=356.9123&pitch=0&thumbfov=100,false,,,,,,,,"https://www.google.com/maps/search/vein+clinics+in+Massa+Lubrense+Naples+FL/@40.6108903,14.3449936,14z",2025-12-16T22:43:12.473Z,,,
https://www.google.com/maps/place/Maurizio+Capece/data=!4m7!3m6!1s0x133b9d678cd2048f:0x38383475ee18f027!8m2!3d40.6109784!4d14.3446885!16s%2Fg%2F11hy9s16zm!19sChIJjwTSjGedOxMRJ_AY7nU0ODg,Maurizio Capece,,,Vascular surgeon,"Via Riccardo Filangieri, 24, 80061 Massa Lubrense NA, Italy","J86V+9V Massa Lubrense, Metropolitan City of Naples, Italy",https://www.dottori.it/maurizio-capece-328802?utm_campaign=gmb&utm_content=maurizio_capece&utm_medium=mybusiness&utm_source=google&utm_term=328802,+39 081 878 9722,,https://streetviewpixels-pa.googleapis.com/v1/thumbnail?panoid=68sAUGLn-s1M3JP7hwvxXw&cb_client=search.gws-prod.gps&w=408&h=240&yaw=231.05629&pitch=0&thumbfov=100,true,,,,,,,,"https://www.google.com/maps/search/vein+clinics+in+Massa+Lubrense+Naples+FL/@40.6108903,14.3449936,14z",2025-12-16T22:43:15.115Z,,,
https://www.google.com/maps/place/Aventus+Aesthetics+-+Leaders+in+Liposuction+%26+Fat+Transfer/data=!4m7!3m6!1s0x133b99bbea5c19fb:0x2e58f50b967299fb!8m2!3d40.6344156!4d14.4125542!16s%2Fg%2F11tfzqs_0r!19sChIJ-xlc6ruZOxMR-5lylgv1WC4,Aventus Aesthetics - Leaders in Liposuction & Fat Transfer,5.0,2,Surgeon,"Via Bagnulo, 46, 80063 Piano di Sorrento NA, Italy","JCM7+Q2 Piano di Sorrento, Metropolitan City of Naples, Italy",,+39 06 6605 51216,Closed · Opens 8 am Wed,https://streetviewpixels-pa.googleapis.com/v1/thumbnail?panoid=yN5PM7dMCMGp8Af959cShg&cb_client=search.gws-prod.gps&w=408&h=240&yaw=243.25883&pitch=0&thumbfov=100,true,8 am–5 pm,8 am–5 pm,8 am–5 pm,8 am–5 pm,Closed,Closed,8 am–5 pm,"https://www.google.com/maps/search/vein+clinics+in+Massa+Lubrense+Naples+FL/@40.6108903,14.3449936,14z",2025-12-16T22:43:20.012Z,,,
"https://www.google.com/maps/place/Dr.+Francesco+Somma+Chirurgo+Plastico+ed+Estetico+-+Specialista+in+Liposuzione,+Vaser+Lipo+e+BBL/data=!4m7!3m6!1s0x133b991bc19ca277:0x1d1b82e76dea1408!8m2!3d40.6344156!4d14.4125542!16s%2Fg%2F11c5qnn07v!19sChIJd6KcwRuZOxMRCBTqbeeCGx0","Dr. Francesco Somma Chirurgo Plastico ed Estetico - Specialista in Liposuzione, Vaser Lipo e BBL",5.0,14,Plastic surgeon,"Via Bagnulo, 46, 80063 Piano di Sorrento NA, Italy","JCM7+Q2 Piano di Sorrento, Metropolitan City of Naples, Italy",https://www.liposuzione-napoli.it/,+39 348 602 1378,Closed · Opens 9 am Wed,https://lh3.googleusercontent.com/p/AF1QipNqoUP6FfKLcX0WLY5rxkDA7ZUHU11GGpGfGrs4=w408-h269-k-no,true,3:30–7:30 pm,"9 am–1 pm, 3–7 pm","9 am–1 pm, 3–7 pm","9 am–12 pm, 4–7 pm",9:30 am–12:30 pm,Closed,5:30–8 pm,"https://www.google.com/maps/search/vein+clinics+in+Massa+Lubrense+Naples+FL/@40.6108903,14.3449936,14z",2025-12-16T22:43:25.142Z,,,
https://www.google.com/maps/place/Flebologo+-+Chirurgo+Vascolare+Studio+Dott.+Giordano+Giovanni/data=!4m7!3m6!1s0x133b090544109e47:0xf04575c4e875164b!8m2!3d40.8439086!4d14.2330342!16s%2Fg%2F11j_pt7r8q!19sChIJR54QRAUJOxMRSxZ16MR1RfA,Flebologo - Chirurgo Vascolare Studio Dott. Giordano Giovanni,4.9,11,Medical office,"Via Alessandro Scarlatti, 67, 80127 Napoli NA, Italy","R6VM+H6 Naples, Metropolitan City of Naples, Italy",https://www.facebook.com/pg/Flebologiagiordano/posts/?ref=page_internal,+39 333 356 6752,Closed · Opens 4 pm Wed,https://streetviewpixels-pa.googleapis.com/v1/thumbnail?panoid=Ho_BAInnWAKxQiZGfesFaA&cb_client=search.gws-prod.gps&w=408&h=240&yaw=153.4579&pitch=0&thumbfov=100,true,Closed,4–8 pm,4–8 pm,Closed,4–8 pm,Closed,4–8 pm,"https://www.google.com/maps/search/vein+clinics+in+Sant'Agnello+Naples+FL/@40.8517746,14.2681244,14z",2025-12-16T22:43:39.839Z,,,
"https://www.google.com/maps/place/Dott.+Domenico+Valenziano+-+M.+Vascolari,+M.+Estetica,+Dietologia+e+Nutrizione+Clinica/data=!4m7!3m6!1s0x133b08fab55edf39:0x9cdbd497ac3098a7!8m2!3d40.8454331!4d14.2306687!16s%2Fg%2F11bxfkmhgz!19sChIJOd9etfoIOxMRp5gwrJfU25w","Dott. Domenico Valenziano - M. Vascolari, M. Estetica, Dietologia e Nutrizione Clinica",3.7,3,Vascular surgeon,"Via Massimo Stanzione, n. 18, 80129 Napoli NA, Italy","R6WJ+57 Naples, Metropolitan City of Naples, Italy",,+39 081 762 3810,,https://streetviewpixels-pa.googleapis.com/v1/thumbnail?panoid=89S0-e8d9rBFC1ZiukwmtA&cb_client=search.gws-prod.gps&w=408&h=240&yaw=218.61807&pitch=0&thumbfov=100,true,,,,,,,,"https://www.google.com/maps/search/vein+clinics+in+Sant'Agnello+Naples+FL/@40.8517746,14.2681244,14z",2025-12-16T22:43:42.485Z,,,
https://www.google.com/maps/place/Clinica+Centro+Benessere+Medico+Center+Microchirurgia/data=!4m7!3m6!1s0x133b09007c4122f1:0x5bb5745d8bc55142!8m2!3d40.8340249!4d14.2375698!16s%2Fg%2F11mcp9tqbz!19sChIJ8SJBfAAJOxMRQlHFi110tVs,Clinica Centro Benessere Medico Center Microchirurgia,,,Medical Center,"Via Carlo Poerio, 89/a, 80121 Napoli NA, Italy","R6MQ+J2 Naples, Metropolitan City of Naples, Italy",,,,https://streetviewpixels-pa.googleapis.com/v1/thumbnail?panoid=NjqBI8mUR5ep_-HCVMHWLg&cb_client=search.gws-prod.gps&w=408&h=240&yaw=4.8455853&pitch=0&thumbfov=100,false,,,,,,,,"https://www.google.com/maps/search/vein+clinics+in+Sant'Agnello+Naples+FL/@40.8517746,14.2681244,14z",2025-12-16T22:43:45.102Z,,,
"https://www.google.com/maps/place/Dott.ssa+Claudia+De+Gregorio,+Chirurgo+vascolare/data=!4m7!3m6!1s0x133b095df0420ec9:0x3c53b0766bf561a4!8m2!3d40.8651558!4d14.2259886!16s%2Fg%2F11rspxzp7k!19sChIJyQ5C8F0JOxMRpGH1a3awUzw","Dott.ssa Claudia De Gregorio, Chirurgo vascolare",5.0,1,Vascular surgeon,"Via Antonio Cardarelli, 9, 80131 Napoli NA, Italy","V68G+39 Naples, Metropolitan City of Naples, Italy",https://www.miodottore.it/claudia-de-gregorio/chirurgo-vascolare/napoli?utm_source=google&utm_medium=gmb&utm_campaign=552621&utm_content=website,,,https://streetviewpixels-pa.googleapis.com/v1/thumbnail?panoid=F-nuhr5VYzK8FIvN-LrdNw&cb_client=search.gws-prod.gps&w=408&h=240&yaw=280.81253&pitch=0&thumbfov=100,true,,,,,,,,"https://www.google.com/maps/search/vein+clinics+in+Sant'Agnello+Naples+FL/@40.8517746,14.2681244,14z",2025-12-16T22:43:48.016Z,,,
https://www.google.com/maps/place/Excelsa+Aesthetic+Medicine/data=!4m7!3m6!1s0x133b0916861fae43:0x1058363e562e9cdd!8m2!3d40.8435206!4d14.2307346!16s%2Fg%2F11jmch9zh3!19sChIJQ64fhhYJOxMR3ZwuVj42WBA,Excelsa Aesthetic Medicine,5.0,115,Plastic surgeon,"Via Alessandro Scarlatti, 105, 80127 Napoli NA, Italy","R6VJ+C7 Naples, Metropolitan City of Naples, Italy",,+39 347 758 3271,Closed · Opens 9 am Wed,https://streetviewpixels-pa.googleapis.com/v1/thumbnail?panoid=DNK9htIQLQG1u36h21YLmA&cb_client=search.gws-prod.gps&w=408&h=240&yaw=63.75773&pitch=0&thumbfov=100,true,9 am–8:30 pm,9 am–8:30 pm,9 am–8:30 pm,9 am–8:30 pm,9 am–4 pm,Closed,9 am–8:30 pm,"https://www.google.com/maps/search/vein+clinics+in+Sant'Agnello+Naples+FL/@40.8517746,14.2681244,14z",2025-12-16T22:43:52.898Z,,,
https://www.google.com/maps/place/Prof.+Sergio+Furgiuele/data=!4m7!3m6!1s0x132f61a368fd2c5b:0xf5de87c750343d2e!8m2!3d40.8268503!4d14.21924!16s%2Fg%2F11q1m8dy9h!19sChIJWyz9aKNhLxMRLj00UMeH3vU,Prof. Sergio Furgiuele,,,Vascular surgeon,"Via Orazio, 2, 80122 Napoli NA, Italy","R6G9+PM Naples, Metropolitan City of Naples, Italy",https://sergiofurgiuele.it/,+39 081 1962 2263,Closed · Opens 8:30 am Wed,https://lh3.googleusercontent.com/p/AF1QipP8iueJtbpJl5yh7AYHgBPfJ6y24sfR4KZy1Ztp=w408-h408-k-no,true,8:30 am–5 pm,8:30 am–5 pm,8:30 am–5 pm,8:30 am–5 pm,Closed,Closed,8:30 am–5 pm,"https://www.google.com/maps/search/vein+clinics+in+Sant'Agnello+Naples+FL/@40.8517746,14.2681244,14z",2025-12-16T22:43:57.756Z,,,
https://www.google.com/maps/place/Prof.+ANGELA+GROGER/data=!4m7!3m6!1s0x133b09cf084f30b7:0x63665b1a0ccfff10!8m2!3d40.8402779!4d14.2527047!16s%2Fg%2F11ht34lx5c!19sChIJtzBPCM8JOxMREP_PDBpbZmM,Prof. ANGELA GROGER,5.0,14,Vascular surgeon,"Calata S. Marco, 4, 80133 Napoli NA, Italy","R7R3+43 Naples, Metropolitan City of Naples, Italy",,+39 338 150 0146,Closed · Opens 4 pm Thu,https://streetviewpixels-pa.googleapis.com/v1/thumbnail?panoid=hsLvT_n6Bw5tBpZkHfIC2g&cb_client=search.gws-prod.gps&w=408&h=240&yaw=193.31395&pitch=0&thumbfov=100,true,Closed,Closed,4–7 pm,4–7 pm,Closed,Closed,10:30 am–1:30 pm,"https://www.google.com/maps/search/vein+clinics+in+Sant'Agnello+Naples+FL/@40.8517746,14.2681244,14z",2025-12-16T22:44:02.444Z,,,
https://www.google.com/maps/place/Michele+Russo+Spena/data=!4m7!3m6!1s0x133b092430ecab7d:0x4c8891656a678765!8m2!3d40.8359942!4d14.2349798!16s%2Fg%2F11h7npyjs2!19sChIJfavsMCQJOxMRZYdnamWRiEw,Michele Russo Spena,5.0,1,Vascular surgeon,"Via Santa Teresa A Chiaia, 39, 80100 Napoli NA, Italy","R6PM+9X Naples, Metropolitan City of Naples, Italy",https://www.dottori.it/michele-russo-spena-378364?utm_campaign=gmb&utm_content=michele_russo_spena&utm_medium=mybusiness&utm_source=google&utm_term=378364,+39 336 942 081,Closed · Opens 4 pm Thu,https://streetviewpixels-pa.googleapis.com/v1/thumbnail?panoid=fccXU3WTyPTyCdtw4qOw5w&cb_client=search.gws-prod.gps&w=408&h=240&yaw=11.275208&pitch=0&thumbfov=100,true,Closed,Closed,4–8 pm,Closed,Closed,Closed,4–8 pm,"https://www.google.com/maps/search/vein+clinics+in+Sant'Agnello+Naples+FL/@40.8517746,14.2681244,14z",2025-12-16T22:44:07.050Z,,,
https://www.google.com/maps/place/Dr.+Pasquale+Verolino+-+Chirurgo+plastico+estetico+Napoli/data=!4m7!3m6!1s0x133b084fab392bd7:0xfceea7a47d8db219!8m2!3d40.8399681!4d14.2539674!16s%2Fg%2F11b6gcnjxr!19sChIJ1ys5q08IOxMRGbKNfaSn7vw,Dr. Pasquale Verolino - Chirurgo plastico estetico Napoli,4.6,31,Plastic surgeon,"Via Agostino Depretis, 137, 80133 Napoli NA, Italy","R7Q3+XH Naples, Metropolitan City of Naples, Italy",https://www.pasqualeverolino.it/?utm_source=google&utm_medium=organic&utm_campaign=mybusiness,+39 081 551 5078,Closed · Opens 3 pm Wed,https://streetviewpixels-pa.googleapis.com/v1/thumbnail?panoid=bHEdjx0S75UaKiULOWt1Fg&cb_client=search.gws-prod.gps&w=408&h=240&yaw=119.85344&pitch=0&thumbfov=100,true,3–7 pm,3–7 pm,3–7 pm,3–7 pm,Closed,Closed,3–7 pm,"https://www.google.com/maps/search/vein+clinics+in+Sant'Agnello+Naples+FL/@40.8517746,14.2681244,14z",2025-12-16T22:44:12.294Z,,,
https://www.google.com/maps/place/Umberto+De+Rosa/data=!4m7!3m6!1s0x133b099b30984663:0x45d5dcb60f6034d6!8m2!3d40.8509254!4d14.234189!16s%2Fg%2F11fntq6n7g!19sChIJY0aYMJsJOxMR1jRgD7bc1UU,Umberto De Rosa,3.0,2,Vascular surgeon,"Via Eduardo Suarez, 38, 80129 Napoli NA, Italy","V62M+9M Naples, Metropolitan City of Naples, Italy",https://www.dottori.it/umberto-de-rosa-669192?utm_campaign=gmb&utm_content=umberto_de_rosa&utm_medium=mybusiness&utm_source=google&utm_term=669192,+39 081 556 2733,Closed · Opens 3:30 pm Fri,https://streetviewpixels-pa.googleapis.com/v1/thumbnail?panoid=ddajhYHiuzwxy9m4JT_Cjw&cb_client=search.gws-prod.gps&w=408&h=240&yaw=37.312687&pitch=0&thumbfov=100,true,Closed,Closed,Closed,3:30–7:30 pm,Closed,Closed,3:30–7:30 pm,"https://www.google.com/maps/search/vein+clinics+in+Sant'Agnello+Naples+FL/@40.8517746,14.2681244,14z",2025-12-16T22:44:17.203Z,,,
https://www.google.com/maps/place/Medicina+Estetica+Vomero+%7C+dr.+Salvatore+Genovese/data=!4m7!3m6!1s0x133b095b0c608839:0xd7679dfc66b8bd3a!8m2!3d40.8523655!4d14.2307908!16s%2Fg%2F11jpyfkr2m!19sChIJOYhgDFsJOxMROr24ZvydZ9c,Medicina Estetica Vomero | dr. Salvatore Genovese,4.9,96,Medical office,"Via Ugo Niutta, 22, 80128 Napoli NA, Italy","V62J+W8 Naples, Metropolitan City of Naples, Italy",https://www.doctolib.it/medico-estetico/napoli/salvatore-genovese,+39 328 650 4087,Closed · Opens 9:30 am Wed,https://lh3.googleusercontent.com/p/AF1QipO8-uWn5daX308O6rGCRXT-gDqNHXL7DrllcjJ2=w408-h725-k-no,true,9:30 am–8 pm,9:30 am–8 pm,3:30–8 pm,9:30 am–8 pm,9:30 am–3:30 pm,Closed,3:30–8 pm,"https://www.google.com/maps/search/vein+clinics+in+Sant'Agnello+Naples+FL/@40.8517746,14.2681244,14z",2025-12-16T22:44:22.044Z,,,
https://www.google.com/maps/place/Dott+De+Vivo+Salvatore/data=!4m7!3m6!1s0x133b09cc572dbd0f:0xf57a75fd77c797e!8m2!3d40.8454344!4d14.2481561!16s%2Fg%2F11k9jshjhs!19sChIJD70tV8wJOxMRfnl811-nVw8,Dott De Vivo Salvatore,,,Doctor,"Via Pignasecca, 41, 80134 Napoli NA, Italy","R6WX+57 Naples, Metropolitan City of Naples, Italy",,+39 081 892 6584,Closed · Opens 2 pm Thu,https://streetviewpixels-pa.googleapis.com/v1/thumbnail?panoid=tQbCI_CnQGzLiMW1KPcbgg&cb_client=search.gws-prod.gps&w=408&h=240&yaw=244.23645&pitch=0&thumbfov=100,true,Closed,Closed,2–5 pm,Closed,Closed,Closed,Closed,"https://www.google.com/maps/search/vein+clinics+in+Sant'Agnello+Naples+FL/@40.8517746,14.2681244,14z",2025-12-16T22:44:26.838Z,,,
https://www.google.com/maps/place/Dr.+Vincenzo+Argenzio+Dna+Laser+Science/data=!4m7!3m6!1s0x133b085573fe28ff:0xa6522397457883f6!8m2!3d40.836424!4d14.240685!16s%2Fg%2F11ggmr3hx3!19sChIJ_yj-c1UIOxMR9oN4RZcjUqY,Dr. Vincenzo Argenzio Dna Laser Science,2.0,4,Plastic surgeon,"Via Gaetano Filangieri, 36, 80144 Napoli NA, Italy","R6PR+H7 Naples, Metropolitan City of Naples, Italy",https://www.dnalaserscience.it/lo-studio/,+39 081 420 7084,Closed · Opens 9 am Wed,https://lh3.googleusercontent.com/gps-cs-s/AG0ilSy5yWnDfsS32yV5x-6FiOzmC7LAAzfXvJ9j0ScGW6FTRFzo18MIUmgfJrVOwCaOw31kbXGjuKZILMIjHqsYZy0UklgFxApSOdYnhP2ds8q-Cct_erppb8dCoRpTtYXwgHevAsQ85w=w426-h240-k-no,true,"9 am–1 pm, 3–7 pm","9 am–1 pm, 3–7 pm","9 am–1 pm, 3–7 pm","9 am–1 pm, 3–7 pm",Closed,Closed,"9 am–1 pm, 3–7 pm","https://www.google.com/maps/search/vein+clinics+in+Sant'Agnello+Naples+FL/@40.8517746,14.2681244,14z",2025-12-16T22:44:31.727Z,,,
https://www.google.com/maps/place/Flebologia+Specialistica+Dott.+Ignazio+Verde/data=!4m7!3m6!1s0x133b078c5be86ce9:0x46439e919b4e30b2!8m2!3d40.8918364!4d14.2784096!16s%2Fg%2F11f2wg7q45!19sChIJ6WzoW4wHOxMRsjBOm5GeQ0Y,Flebologia Specialistica Dott. Ignazio Verde,4.9,17,Doctor,"Viale Guglielmo Marconi, 198, 80020 Casavatore NA, Italy","V7RH+P9 Casavatore, Metropolitan City of Naples, Italy",http://www.flebologiaspecialistica.it/,+39 339 416 0310,,https://streetviewpixels-pa.googleapis.com/v1/thumbnail?panoid=21L92xuEYGVJ-XGGBlA_tg&cb_client=search.gws-prod.gps&w=408&h=240&yaw=279.4062&pitch=0&thumbfov=100,false,,,,,,,,"https://www.google.com/maps/search/vein+clinics+in+Sant'Agnello+Naples+FL/@40.8517746,14.2681244,14z",2025-12-16T22:44:34.641Z,,,
"https://www.google.com/maps/place/Dott.+Stefano+Avvedimento,+Chirurgo+plastico/data=!4m7!3m6!1s0x133b09093166101b:0x2392367c937c9421!8m2!3d40.851799!4d14.2681198!16s%2Fg%2F11sqgdc6bq!19sChIJGxBmMQkJOxMRIZR8k3w2kiM","Dott. Stefano Avvedimento, Chirurgo plastico",5.0,3,Plastic surgeon,"80100 Naples, Metropolitan City of Naples, Italy","V729+P6 Naples, Metropolitan City of Naples, Italy",https://www.miodottore.it/stefano-avvedimento/chirurgo-plastico/napoli?utm_source=google&utm_medium=gmb&utm_campaign=543402&utm_content=website,+39 347 705 0871,,https://streetviewpixels-pa.googleapis.com/v1/thumbnail?panoid=ZMYzRasYesUtR9AW9s1tbQ&cb_client=search.gws-prod.gps&w=408&h=240&yaw=25.502941&pitch=0&thumbfov=100,false,,,,,,,,"https://www.google.com/maps/search/vein+clinics+in+Sant'Agnello+Naples+FL/@40.8517746,14.2681244,14z",2025-12-16T22:44:37.337Z,,,
https://www.google.com/maps/place/Centro+Medico+Polispecialistico+Visam+Srl/data=!4m7!3m6!1s0x133b08fd0f03b3e9:0xf432f71f3f2eff3c!8m2!3d40.8382077!4d14.2323564!16s%2Fg%2F1td7qg8x!19sChIJ6bMDD_0IOxMRPP8uPx_3MvQ,Centro Medico Polispecialistico Visam Srl,,,Plastic surgeon,"C.so Vittorio Emanuele, 101, 80121 Napoli NA, Italy","R6QJ+7W Naples, Metropolitan City of Naples, Italy",,+39 081 761 7858,,https://streetviewpixels-pa.googleapis.com/v1/thumbnail?panoid=TPjwUAa-eOU2b7i8FiQWKw&cb_client=search.gws-prod.gps&w=408&h=240&yaw=293.75214&pitch=0&thumbfov=100,false,,,,,,,,"https://www.google.com/maps/search/vein+clinics+in+Sant'Agnello+Naples+FL/@40.8517746,14.2681244,14z",2025-12-16T22:44:39.836Z,,,
https://www.google.com/maps/place/Dott.+Giovanni+Vennarecci/data=!4m7!3m6!1s0x133b09420cbf5213:0xc497e8c411af798c!8m2!3d40.865!4d14.225934!16s%2Fg%2F11rx0q3f8g!19sChIJE1K_DEIJOxMRjHmvEcTol8Q,Dott. Giovanni Vennarecci,5.0,6,Doctor,"Via Antonio Cardarelli, 9, 80131 Napoli NA, Italy","V68G+29 Naples, Metropolitan City of Naples, Italy",https://www.topdoctors.it/dottor/giovanni-vennarecci,+39 081 1962 2024,Closed · Opens 9 am Wed,https://streetviewpixels-pa.googleapis.com/v1/thumbnail?panoid=H5afDaPo1vxxdIiyMeJH8w&cb_client=search.gws-prod.gps&w=408&h=240&yaw=284.4875&pitch=0&thumbfov=100,true,9 am–5 pm,9 am–5 pm,9 am–5 pm,9 am–5 pm,Closed,Closed,9 am–5 pm,"https://www.google.com/maps/search/vein+clinics+in+Sant'Agnello+Naples+FL/@40.8517746,14.2681244,14z",2025-12-16T22:44:44.370Z,,,
https://www.google.com/maps/place/Aglaia+Center+S.A.S.+Della+Dott.ssa+Longo+Annamaria+%26+C./data=!4m7!3m6!1s0x133b088dd28a7b53:0x3a524c2c85a71771!8m2!3d40.8585592!4d14.2302929!16s%2Fg%2F12hn29j3s!19sChIJU3uK0o0IOxMRcRenhSxMUjo,Aglaia Center S.A.S. Della Dott.ssa Longo Annamaria & C.,3.9,9,Endocrinologist,"Via Bernardo Cavallino, 27, 80128 Napoli NA, Italy","V65J+C4 Naples, Metropolitan City of Naples, Italy",http://www.aglaiacenter.it/,+39 081 770 1027,,https://lh3.googleusercontent.com/gps-cs-s/AG0ilSzPUsUzefpRs-L-vUwPTAee93jXHByWfP-sSczZEtBXhcXe6J1U0hctPXck9Q_eYDVsx2Q-hfNRfQppTqi_yYJtiY_mnY6D5imweU3LJ5ccAyC5i15C0kLM2cirGDksKM0WX1g=w408-h544-k-no,true,,,,,,,,"https://www.google.com/maps/search/vein+clinics+in+Sant'Agnello+Naples+FL/@40.8517746,14.2681244,14z",2025-12-16T22:44:47.023Z,,,
https://www.google.com/maps/place/Eternaltive+Clinic/data=!4m7!3m6!1s0x133b096e1c5c55a3:0xe686349204fb18d4!8m2!3d40.8481417!4d14.248495!16s%2Fg%2F11l5r0rxvn!19sChIJo1VcHG4JOxMR1Bj7BJI0huY,Eternaltive Clinic,,,Plastic surgery clinic,"Vico Latilla, 18, 80134 Napoli NA, Italy","R6XX+79 Naples, Metropolitan City of Naples, Italy",,,Closed · Opens 11 am Wed,https://streetviewpixels-pa.googleapis.com/v1/thumbnail?panoid=WTvprIDhFNfRAz804v38GQ&cb_client=search.gws-prod.gps&w=408&h=240&yaw=137.0546&pitch=0&thumbfov=100,true,11 am–5 pm,11 am–5 pm,11 am–5 pm,11 am–5 pm,2–4:30 pm,Closed,11 am–5 pm,"https://www.google.com/maps/search/vein+clinics+in+Sant'Agnello+Naples+FL/@40.8517746,14.2681244,14z",2025-12-16T22:44:51.628Z,,,
https://www.google.com/maps/place/LaCLINIC/data=!4m7!3m6!1s0x133b090238bbb053:0x4988406071e01156!8m2!3d40.837388!4d14.2336199!16s%2Fg%2F11b6jgvj3j!19sChIJU7C7OAIJOxMRVhHgcWBAiEk,LaCLINIC,4.8,9,Plastic surgery clinic,"P.za Amedeo, 14, 80121 Napoli NA, Italy","R6PM+XC Naples, Metropolitan City of Naples, Italy",http://www.laclinic.it/,+39 800 195 381,Closed · Opens 9 am Wed,https://lh3.googleusercontent.com/p/AF1QipPgYdg4ubrpaVWEWIBkGCvHDqMM6nXXvB91-WxZ=w449-h240-k-no,true,9 am–8 pm,9 am–8 pm,9 am–8 pm,9 am–8 pm,9 am–8 pm,Closed,9 am–8 pm,"https://www.google.com/maps/search/vein+clinics+in+Sant'Agnello+Naples+FL/@40.8517746,14.2681244,14z",2025-12-16T22:44:56.676Z,,,
"https://www.google.com/maps/place/Dott.+Stefano+Vitagliano,+Chirurgo+plastico/data=!4m7!3m6!1s0x133b09e5a1556db1:0x2e00a83b1b407f85!8m2!3d40.8514606!4d14.2263348!16s%2Fg%2F11nnr3ljr9!19sChIJsW1VoeUJOxMRhX9AGzuoAC4","Dott. Stefano Vitagliano, Chirurgo plastico",,,Plastic surgeon,"Via S. Giacomo dei Capri, 20, 80128 Napoli NA, Italy","V62G+HG Naples, Metropolitan City of Naples, Italy",https://www.miodottore.it/stefano-vitagliano/chirurgo-plastico-chirurgo-estetico/napoli?utm_source=google&utm_medium=gmb&utm_campaign=537443&utm_content=website,+39 081 1928 9679,,https://lh3.googleusercontent.com/p/AF1QipOiG6wKl1QJfKdu2IMfGOwxwtLPVZV5mb7YgkNm=w408-h340-k-no,true,,,,,,,,"https://www.google.com/maps/search/vein+clinics+in+Sant'Agnello+Naples+FL/@40.8517746,14.2681244,14z",2025-12-16T22:44:59.517Z,,,
https://www.google.com/maps/place/Antonio+Vosa/data=!4m7!3m6!1s0x133b0ffbde78a8b9:0xdb46dbc94108192!8m2!3d40.8180046!4d14.1684389!16s%2Fg%2F11hyfvyt9q!19sChIJuah43vsPOxMRkoEQlLxttA0,Antonio Vosa,4.0,4,Vascular surgeon,"Via Acate, 24, 80124 Napoli NA, Italy","R599+69 Naples, Metropolitan City of Naples, Italy",https://www.doctolib.it/chirurgo-vascolare/napoli/antonio-vosa,,Closed · Opens 5 pm Wed,https://streetviewpixels-pa.googleapis.com/v1/thumbnail?panoid=BQ9IhPRZo-gphynevkMZwQ&cb_client=search.gws-prod.gps&w=408&h=240&yaw=351.6765&pitch=0&thumbfov=100,true,Closed,5–9 pm,Closed,Closed,Closed,Closed,Closed,"https://www.google.com/maps/search/vein+clinics+in+Sant'Agnello+Naples+FL/@40.8517746,14.2681244,14z",2025-12-16T22:45:04.530Z,,,
https://www.google.com/maps/place/Raffaele+D%27Adamo/data=!4m7!3m6!1s0x133b0909afa922bf:0x246c1bb1b05bdd8!8m2!3d40.8270226!4d14.2190008!16s%2Fg%2F11hd_hvvlw!19sChIJvyKprwkJOxMR2L0FG7vBRgI,Raffaele D'Adamo,,,Vascular surgeon,"Via Orazio, 2, 80122 Napoli NA, Italy","R6G9+RJ Naples, Metropolitan City of Naples, Italy",https://www.dottori.it/raffaele-d%27adamo-199480?utm_campaign=gmb&utm_content=raffaele_d%27adamo&utm_medium=mybusiness&utm_source=google&utm_term=199480,+39 081 725 9222,Closed · Opens 6 pm Fri,https://streetviewpixels-pa.googleapis.com/v1/thumbnail?panoid=HCuH1GKTA3aAYWDIQKcfzQ&cb_client=search.gws-prod.gps&w=408&h=240&yaw=294.86914&pitch=0&thumbfov=100,true,Closed,Closed,Closed,6–8:30 pm,Closed,Closed,Closed,"https://www.google.com/maps/search/vein+clinics+in+Sant'Agnello+Naples+FL/@40.8517746,14.2681244,14z",2025-12-16T22:45:09.211Z,,,
"https://www.google.com/maps/place/Naples+Florida+Vein+Experts/@40.6428867,14.4173398,14z/data=!4m6!3m5!1s0x88db1f6271a84499:0x1f87feb0abff9151!8m2!3d26.2717369!4d-81.7885884!16s%2Fg%2F11y496dhvp",Naples Florida Vein Experts,5.0,111,Medical clinic,"1514 Immokalee Rd Unit 111, Naples, FL 34110, United States","76C6+MH Naples, Florida, USA",https://www.fortvein.com/locations/naples/?utm_campaign=gmb,+1 239-990-8378,Closed · Opens 9 am Wed,https://lh3.googleusercontent.com/p/AF1QipM8ojd1mB-qNiHQ9OeIoL0hXQJErDxPfQOb-9c9=w408-h272-k-no,true,9 am–5 pm,9 am–5 pm,9 am–5 pm,9 am–5 pm,Closed,Closed,9 am–5 pm,"https://www.google.com/maps/search/vein+clinics+in+Meta+Naples+FL/@40.6428867,14.4173398,14z",2025-12-16T22:45:17.677Z,Already found,,
,,,,,,,,,,,,,,,,,,,"https://www.google.com/maps/search/vein+clinics+in+Praiano+Naples+FL/@26.1391777,-81.7955475,14z",2025-12-16T22:45:32.657Z,No new results found,,
"https://www.google.com/maps/place/Dott.ssa+Giulia+Ferrante,+chirurgia+vascolare/data=!4m7!3m6!1s0x133b098d03d942f5:0xc36d9458e345ca5a!8m2!3d40.8454344!4d14.2481561!16s%2Fg%2F11m6bf53v2!19sChIJ9ULZA40JOxMRWspF41iUbcM","Dott.ssa Giulia Ferrante, chirurgia vascolare",,,Vascular surgeon,"Via Portamedina alla, Via Pignasecca, 41, 80134 Napoli NA, Italy","R6WX+57 Naples, Metropolitan City of Naples, Italy",,+39 334 527 1667,,https://streetviewpixels-pa.googleapis.com/v1/thumbnail?panoid=tQbCI_CnQGzLiMW1KPcbgg&cb_client=search.gws-prod.gps&w=408&h=240&yaw=244.23645&pitch=0&thumbfov=100,true,,,,,,,,"https://www.google.com/maps/search/vein+clinics+in+Furore+Naples+FL/@40.8517746,14.2681244,14z",2025-12-16T22:45:44.696Z,,,
https://www.google.com/maps/place/Fenice+Centro+Medico+dr.+Alessandra+Riccardi/data=!4m7!3m6!1s0x133ba7fbae64fab7:0x15e7a8f7a2afba6a!8m2!3d40.8422713!4d14.3012877!16s%2Fg%2F11x7ndfkhc!19sChIJt_pkrvunOxMRarqvoveo5xU,Fenice Centro Medico dr. Alessandra Riccardi,5.0,43,Coworking space,"Via Ferrante Imparato, 182, 80146 Napoli NA, Italy","R8R2+WG Naples, Metropolitan City of Naples, Italy",,+39 351 458 0940,Closed · Opens 9 am Wed,https://streetviewpixels-pa.googleapis.com/v1/thumbnail?panoid=X2AxMT-gztcpEaGCB49ajg&cb_client=search.gws-prod.gps&w=408&h=240&yaw=240.65146&pitch=0&thumbfov=100,true,9 am–7 pm,9 am–7 pm,9 am–7 pm,9 am–7 pm,Closed,Closed,9 am–7 pm,"https://www.google.com/maps/search/vein+clinics+in+Furore+Naples+FL/@40.8517746,14.2681244,14z",2025-12-16T22:45:49.605Z,,,
https://www.google.com/maps/place/Veresis+Medical+Institute+-+Centro+di+Medicina+Estetica/data=!4m7!3m6!1s0x133b09ecb8afb5e1:0x3540dd88c67137b8!8m2!3d40.8354361!4d14.2415472!16s%2Fg%2F11ww6lgbb8!19sChIJ4bWvuOwJOxMRuDdxxojdQDU,Veresis Medical Institute - Centro di Medicina Estetica,,,Spa and health club,"Via Gaetano Filangieri, 11, 80121 Napoli NA, Italy","R6PR+5J Naples, Metropolitan City of Naples, Italy",https://www.veresis.it/,+39 081 1956 1741,Closed · Opens 9 am Wed,https://lh3.googleusercontent.com/p/AF1QipP_2luLYC8ytgnByDENsqURfWTDc5xgyBnCeWoN=w648-h240-k-no,true,9 am–8 pm,9 am–8 pm,9 am–8 pm,9 am–8 pm,9 am–7 pm,Closed,9 am–8 pm,"https://www.google.com/maps/search/vein+clinics+in+Furore+Naples+FL/@40.8517746,14.2681244,14z",2025-12-16T22:45:54.442Z,,Identifies as women-owned,
https://www.google.com/maps/place/Centro+Diagnostico+Aquarius/data=!4m7!3m6!1s0x133b08e0c9281753:0x63fd61fdf7c4ff07!8m2!3d40.8407683!4d14.2173333!16s%2Fg%2F1td3bpm3!19sChIJUxcoyeAIOxMRB__E9_1h_WM,Centro Diagnostico Aquarius,5.0,1,Vascular surgeon,"Via Francesco Cilea, 280, 80127 Napoli NA, Italy","R6R8+8W Naples, Metropolitan City of Naples, Italy",http://www.vasculab.it/,+39 081 714 4110,Closed · Opens 9 am Wed,https://streetviewpixels-pa.googleapis.com/v1/thumbnail?panoid=BoTVo2WxwEZrD8mni6GZBQ&cb_client=search.gws-prod.gps&w=408&h=240&yaw=249.62816&pitch=0&thumbfov=100,true,"9 am–1 pm, 4–7 pm","9 am–1 pm, 4–7 pm","9 am–1 pm, 4–7 pm","9 am–1 pm, 4–7 pm",Closed,Closed,"9 am–1 pm, 4–7 pm","https://www.google.com/maps/search/vein+clinics+in+Furore+Naples+FL/@40.8517746,14.2681244,14z",2025-12-16T22:45:59.155Z,,,
"https://www.google.com/maps/place/Dr.+Fabio+Cerullo,+Dermatologo+e+Tricologo+-+Medicina+Estetica+%26+Rigenerativa/@40.844833,14.2358244,17z/data=!3m1!4b1!4m6!3m5!1s0x133b090a0ab07e15:0xce71306bce93f101!8m2!3d40.844833!4d14.2358244!16s%2Fg%2F11vstwdkmt","Dr. Fabio Cerullo, Dermatologo e Tricologo - Medicina Estetica & Rigenerativa",5.0,1,Cosmetic surgeon,"Via Raffaele Morghen, 88, 80129 Napoli NA, Italy","R6VP+W8 Naples, Metropolitan City of Naples, Italy",https://www.rigenerativa.com/,+39 350 956 3963,Closed · Opens 9 am Wed,,true,9 am–7 pm,9 am–7 pm,9 am–7 pm,9 am–7 pm,8:30 am–8 pm,Closed,9 am–7 pm,"https://www.google.com/maps/search/vein+clinics+in+Furore+Naples+FL/@40.8517746,14.2681244,14z",2025-12-16T22:46:05.931Z,,,
"https://www.google.com/maps/place/Endo+Medical+Service+S.R.L./@40.7893347,14.3674804,14z/data=!4m6!3m5!1s0x133ba40700752cd1:0x3c36f39f0a278983!8m2!3d40.7778642!4d14.389179!16s%2Fg%2F1v86gzh8",Endo Medical Service S.R.L.,,,Medical Center,"Via Nazionale, 268, 80059 Torre del Greco NA, Italy","Q9HQ+4M Torre del Greco, Metropolitan City of Naples, Italy",http://endomedicalservice.it/contatti.asp,+39 081 215 2224,,https://streetviewpixels-pa.googleapis.com/v1/thumbnail?panoid=U-5nkhFkPdL9W22z6ng7WQ&cb_client=search.gws-prod.gps&w=408&h=240&yaw=354.81686&pitch=0&thumbfov=100,true,,,,,,,,"https://www.google.com/maps/search/vein+clinics+in+Torre+del+Greco+Naples+FL/@40.7893347,14.3674804,14z",2025-12-16T22:46:12.424Z,,,