placeUrl,title,rating,reviewCount,category,address,plusCode,website,phoneNumber,currentStatus,imgUrl,isClaimed,tuesday,wednesday,thursday,friday,saturday,sunday,monday,query,timestamp,info,error
https://www.google.com/maps/place/East+El+Paso+Dentist/data=!4m7!3m6!1s0x86e747a67a013229:0xd1a0568fda0af0d3!8m2!3d31.796536!4d-106.22893!16s%2Fg%2F11jcntssfw!19sChIJKTIBeqZH54YR0_AK2o9WoNE,East El Paso Dentist,4.9,2421,Dentist,"14240 Edgemere Blvd Suite 105, El Paso, TX 79938, United States","QQWC+JC El Paso, Texas, USA",https://eastelpasodentist.com/?utm_source=local&utm_medium=organic&utm_campaign=gmb,+1 915-621-5003,Open · Closes 5 pm,https://lh3.googleusercontent.com/p/AF1QipPtbd7yeoKK51QHnFt8fVaSOi3EhWPtV8aonTLx=w408-h306-k-no,true,9 am–5 pm,9 am–5 pm,9 am–5 pm,9 am–5 pm,9 am–2 pm,Closed,9 am–5 pm,"https://www.google.com/maps/search/vein+clinics+in+El+Paso+El+Paso+TX/@31.7618778,-106.4850217,14z",2025-12-16T21:58:54.667Z,,
https://www.google.com/maps/place/Trinity+Heritage+Clinic/data=!4m7!3m6!1s0x86e7454586169d8b:0xfc5f400f932fbfd6!8m2!3d31.771627!4d-106.266907!16s%2Fg%2F11nn484vv0!19sChIJi50WhkVF54YR1r8vkw9AX_w,Trinity Heritage Clinic,3.9,20,Medical clinic,"2204 Joe Battle Blvd Ste D203, El Paso, TX 79938, United States","QPCM+M6 El Paso, Texas, USA",,+1 915-300-2276,Open · Closes 5 pm,https://streetviewpixels-pa.googleapis.com/v1/thumbnail?panoid=pKX234knnshIcd_M5xWQxQ&cb_client=search.gws-prod.gps&w=408&h=240&yaw=84.28171&pitch=0&thumbfov=100,true,8 am–5 pm,8 am–5 pm,8 am–5 pm,8 am–5 pm,Closed,Closed,8 am–5 pm,"https://www.google.com/maps/search/vein+clinics+in+El+Paso+El+Paso+TX/@31.7618778,-106.4850217,14z",2025-12-16T21:58:59.516Z,,
https://www.google.com/maps/place/El+Paso+Vein+Doc/data=!4m7!3m6!1s0x86e7591c1979b609:0x12cdb95ebc83b003!8m2!3d31.7781567!4d-106.4858447!16s%2Fg%2F11t3g_m6br!19sChIJCbZ5GRxZ54YRA7CDvF65zRI,El Paso Vein Doc,4.8,39,Surgical center,"1310 Murchison Dr #100, El Paso, TX 79902, United States","QGH7+7M El Paso, Texas, USA",http://elpasoveindoc.com/?utm_campaign=gmb,+1 915-320-6607,Open · Closes 5 pm,https://streetviewpixels-pa.googleapis.com/v1/thumbnail?panoid=ixrwaaP7PByeiYQgKvHhBw&cb_client=search.gws-prod.gps&w=408&h=240&yaw=8.882651&pitch=0&thumbfov=100,true,7 am–5 pm,8 am–5 pm,7 am–5 pm,8 am–5 pm,7 am–4 pm,Closed,8 am–5 pm,"https://www.google.com/maps/search/vein+clinics+in+El+Paso+El+Paso+TX/@31.7618778,-106.4850217,14z",2025-12-16T21:59:03.931Z,,
https://www.google.com/maps/place/El+Paso+Varicose+Veins+Laser+Clinic/data=!4m7!3m6!1s0x86e7585731f8a74f:0xd84ceb7947d7d17f!8m2!3d31.7781735!4d-106.4864069!16s%2Fg%2F1tpc8dvz!19sChIJT6f4MVdY54YRf9HXR3nrTNg,El Paso Varicose Veins Laser Clinic,3.8,20,Medical clinic,"1300 Murchison Dr #110, El Paso, TX 79902, United States","QGH7+7C El Paso, Texas, USA",http://varicoseveinslaserclinic.com/?utm_source=gmb&utm_medium=organic&utm_campaign=elpaso,+1 915-577-0121,Open · Closes 5 pm,https://lh3.googleusercontent.com/p/AF1QipP_nHleAW37aYLv-Z98Jc7JX90JNZHaoJ8hVrAv=w408-h340-k-no,true,8 am–5 pm,8 am–5 pm,8 am–5 pm,8 am–5 pm,Closed,Closed,8 am–5 pm,"https://www.google.com/maps/search/vein+clinics+in+El+Paso+El+Paso+TX/@31.7618778,-106.4850217,14z",2025-12-16T21:59:08.765Z,,
https://www.google.com/maps/place/Physician%27s+Vascular+Services/data=!4m7!3m6!1s0x86e75850ccaed395:0xf644c5b9454ea1e7!8m2!3d31.7958364!4d-106.5143559!16s%2Fg%2F1261fzrlt!19sChIJldOuzFBY54YR56FORbnFRPY,Physician's Vascular Services,4.4,50,Medical clinic,"423 Executive Center Blvd, El Paso, TX 79902, United States","QFWP+87 El Paso, Texas, USA",https://www.elpasovein.com/,+1 915-261-7688,Open · Closes 5 pm,https://lh3.googleusercontent.com/p/AF1QipNESuTHFaILagRr1j4228oDKHacSF12pZHDhndA=w425-h240-k-no,true,8 am–5 pm,8 am–5 pm,8 am–5 pm,8 am–5 pm,9 am–1 pm,Closed,8 am–5 pm,"https://www.google.com/maps/search/vein+clinics+in+El+Paso+El+Paso+TX/@31.7618778,-106.4850217,14z",2025-12-16T21:59:13.574Z,,
"https://www.google.com/maps/place/Desert+West+Vein+%26+Surgery+Center:+Atur+Kasha,+DO/data=!4m7!3m6!1s0x86e759b06e34a4e5:0xec2ef33a74b263d6!8m2!3d31.7772825!4d-106.4793776!16s%2Fg%2F1tfsnfpp!19sChIJ5aQ0brBZ54YR1mOydDrzLuw","Desert West Vein & Surgery Center: Atur Kasha, DO",4.0,19,Surgeon,"1600 Medical Center St #120, El Paso, TX 79902, United States","QGGC+W6 El Paso, Texas, USA",,+1 915-313-9569,Open · Closes 5 pm,https://lh3.googleusercontent.com/p/AF1QipOT5KpA7oAfmQ9iLOD5mgQyay3hI6SyUYMvu1Xd=w427-h240-k-no,true,8 am–5 pm,8 am–5 pm,8 am–5 pm,8 am–5 pm,Closed,Closed,8 am–5 pm,"https://www.google.com/maps/search/vein+clinics+in+El+Paso+El+Paso+TX/@31.7618778,-106.4850217,14z",2025-12-16T21:59:18.159Z,,
https://www.google.com/maps/place/Center+for+Venous+Disease/data=!4m7!3m6!1s0x86e759b0328fd403:0xd2d69c77eaf20465!8m2!3d31.7798871!4d-106.4787321!16s%2Fg%2F1tfsnfpn!19sChIJA9SPMrBZ54YRZQTy6nec1tI,Center for Venous Disease,3.0,6,Medical clinic,"1700 Murchison Dr #211, El Paso, TX 79902, United States","QGHC+XG El Paso, Texas, USA",https://www.cvdvein.com/,+1 915-533-5100,Open · Closes 5 pm,https://lh3.googleusercontent.com/p/AF1QipOybD9-IKuBIiOp2DyUlGAUhFr8FHEHHqgqkhn_=w408-h271-k-no,true,8:30 am–5 pm,8:30 am–5 pm,8:30 am–5 pm,8:30 am–5 pm,Closed,Closed,8:30 am–5 pm,"https://www.google.com/maps/search/vein+clinics+in+El+Paso+El+Paso+TX/@31.7618778,-106.4850217,14z",2025-12-16T21:59:22.856Z,,
https://www.google.com/maps/place/El+Paso+Vein+Doc+-+North+Zaragoza/data=!4m7!3m6!1s0x86e7433019a6d357:0xb8cff8218be06c51!8m2!3d31.7303822!4d-106.2976076!16s%2Fg%2F11x7ml_8v5!19sChIJV9OmGTBD54YRUWzgiyH4z7g,El Paso Vein Doc - North Zaragoza,5.0,35,Medical clinic,"1351 N Zaragoza Rd building o suite 1, El Paso, TX 79936, United States","PPJ2+5X El Paso, Texas, USA",https://elpasoveindoc.com/,+1 915-285-2882,Open · Closes 5 pm,https://lh3.googleusercontent.com/p/AF1QipNwEUgqQjYhMyu5T_-mx5vJ9ISV6OTyhXhy_b_C=w408-h408-k-no,true,9 am–5 pm,9 am–5 pm,9 am–5 pm,9 am–5 pm,9 am–5 pm,Closed,9 am–5 pm,"https://www.google.com/maps/search/vein+clinics+in+El+Paso+El+Paso+TX/@31.7618778,-106.4850217,14z",2025-12-16T21:59:27.322Z,,
https://www.google.com/maps/place/The+Hospitals+of+Providence+Vein+Center/data=!4m7!3m6!1s0x86e758225fd67985:0x8f7b15b9fc8e697a!8m2!3d31.8000939!4d-106.5097892!16s%2Fg%2F11c1tb037t!19sChIJhXnWXyJY54YRemmO_LkVe48,The Hospitals of Providence Vein Center,,,Medical clinic,"4532 N Mesa St, El Paso, TX 79912, United States","RF2R+23 El Paso, Texas, USA",https://www.thehospitalsofprovidence.com/locations/detail/the-hospitals-of-providence-vein-center/?utm_campaign=gmb_listings_mgmt&utm_source=gmb-thop-vein-center&utm_medium=google-local,+1 915-577-8346,Open · Closes 5 pm,https://streetviewpixels-pa.googleapis.com/v1/thumbnail?panoid=9zhW39inDhLnG6TuKC8GXQ&cb_client=search.gws-prod.gps&w=408&h=240&yaw=335.91336&pitch=0&thumbfov=100,true,8 am–5 pm,8 am–5 pm,8 am–5 pm,8 am–5 pm,Closed,Closed,8 am–5 pm,"https://www.google.com/maps/search/vein+clinics+in+El+Paso+El+Paso+TX/@31.7618778,-106.4850217,14z",2025-12-16T21:59:31.655Z,,
https://www.google.com/maps/place/Vein+Center+Of+El+Paso/data=!4m7!3m6!1s0x86e7585715fc6239:0xa201c3528c400723!8m2!3d31.7696403!4d-106.4977586!16s%2Fg%2F1tjbsm7b!19sChIJOWL8FVdY54YRIwdAjFLDAaI,Vein Center Of El Paso,,,Doctor,"1700 N Oregon St #550, El Paso, TX 79902, United States","QG92+VV El Paso, Texas, USA",,+1 915-532-7797,,https://streetviewpixels-pa.googleapis.com/v1/thumbnail?panoid=1I-a9FxUfhsqFNFHefDWuA&cb_client=search.gws-prod.gps&w=408&h=240&yaw=114.746254&pitch=0&thumbfov=100,false,,,,,,,,"https://www.google.com/maps/search/vein+clinics+in+El+Paso+El+Paso+TX/@31.7618778,-106.4850217,14z",2025-12-16T21:59:33.973Z,,
https://www.google.com/maps/place/Arteries+and+Veins/data=!4m7!3m6!1s0x86ddf85c148a4d13:0x5766d3c4ca3806d5!8m2!3d31.8388477!4d-106.564098!16s%2Fg%2F11byvsm5h5!19sChIJE02KFFz43YYR1QY4ysTTZlc,Arteries and Veins,4.4,153,Vascular surgeon,"7500 N Mesa St #210, El Paso, TX 79912, United States","RCQP+G9 El Paso, Texas, USA",https://arteriesveins.com/,+1 915-307-7800,Open · Closes 4:30 pm,https://lh3.googleusercontent.com/p/AF1QipPNj-Vt5yPUeLuruwif5iFXL-N5GpYCeUy1f5bY=w426-h240-k-no,true,7:30 am–4:30 pm,7:30 am–4:30 pm,7:30 am–4:30 pm,7:30 am–4:30 pm,7:30 am–2 pm,Closed,7:30 am–4:30 pm,"https://www.google.com/maps/search/vein+clinics+in+El+Paso+El+Paso+TX/@31.7618778,-106.4850217,14z",2025-12-16T21:59:38.594Z,,
https://www.google.com/maps/place/The+Hospitals+of+Providence+Vein+Center+-+Dr.+Gomez+Edward+R+MD/data=!4m7!3m6!1s0x86e7585715fc6239:0xb335582c2b0bc823!8m2!3d31.8023869!4d-106.5089982!16s%2Fg%2F1vnrlgcw!19sChIJOWL8FVdY54YRI8gLKyxYNbM,The Hospitals of Providence Vein Center - Dr. Gomez Edward R MD,3.7,3,Vascular surgeon,"4532 N Mesa St, El Paso, TX 79912, United States","RF2R+XC El Paso, Texas, USA",,+1 915-577-8346,Open · Closes 5 pm,https://streetviewpixels-pa.googleapis.com/v1/thumbnail?panoid=St895apa27ZqSbufXF5Qew&cb_client=search.gws-prod.gps&w=408&h=240&yaw=32.601814&pitch=0&thumbfov=100,true,8 am–5 pm,8 am–5 pm,8 am–5 pm,8 am–5 pm,Closed,Closed,8 am–5 pm,"https://www.google.com/maps/search/vein+clinics+in+El+Paso+El+Paso+TX/@31.7618778,-106.4850217,14z",2025-12-16T21:59:43.164Z,,
https://www.google.com/maps/place/El+Paso+Varicose+Veins+Laser+Clinic/data=!4m7!3m6!1s0x86e7449433d7b575:0x9632b8414056ead9!8m2!3d31.7537635!4d-106.2778794!16s%2Fg%2F1tj89wgx!19sChIJdbXXM5RE54YR2epWQEG4MpY,El Paso Varicose Veins Laser Clinic,5.0,7,Medical clinic,"1779 N Zaragoza Rd A, El Paso, TX 79936, United States","QP3C+GR El Paso, Texas, USA",http://varicoseveinslaserclinic.com/,+1 915-577-0121,Open · Closes 5 pm,https://lh3.googleusercontent.com/gps-cs-s/AG0ilSypd3GJU_OO5wHFIG6xotmRHaj-0yjGnAqv6nNlzLtkQK81XUQJVOgHW0fylzN2vBDR03LFTnjsPZCxH6O1yn6uPENfxFV4H7wR-aQvS6NLncHUxWZrHSQ9XL08bVnxyagukYro=w408-h725-k-no,false,8 am–5 pm,8 am–5 pm,8 am–5 pm,8 am–5 pm,Closed,Closed,8 am–5 pm,"https://www.google.com/maps/search/vein+clinics+in+El+Paso+El+Paso+TX/@31.7618778,-106.4850217,14z",2025-12-16T21:59:48.271Z,,
"https://www.google.com/maps/place/Center+for+Venous+Disease/@31.7641125,-106.3168991,17z/data=!3m1!4b1!4m6!3m5!1s0x86e74493809969a3:0xdc8ac3afa31351d0!8m2!3d31.7641125!4d-106.3168991!16s%2Fg%2F11bw5mcs6_",Center for Venous Disease,5.0,2,Medical clinic,"2400 Trawood Dr # 202, El Paso, TX 79936, United States","QM7M+J6 El Paso, Texas, USA",https://www.cvdvein.com/,+1 915-533-5100,Open · Closes 5 pm,,true,8:30 am–5 pm,8:30 am–5 pm,8:30 am–5 pm,8:30 am–5 pm,Closed,Closed,8:30 am–5 pm,"https://www.google.com/maps/search/vein+clinics+in+El+Paso+El+Paso+TX/@31.7618778,-106.4850217,14z",2025-12-16T21:59:54.895Z,,
https://www.google.com/maps/place/Physician%27s+Vascular+Services/data=!4m7!3m6!1s0x86e75b1a34189f8d:0xaf1c27ec1498970e!8m2!3d31.7727345!4d-106.3769585!16s%2Fg%2F1v2gf66b!19sChIJjZ8YNBpb54YRDpeYFOwnHK8,Physician's Vascular Services,4.3,75,Medical clinic,"1111 Hawkins Blvd #2A, El Paso, TX 79925, United States","QJFF+36 El Paso, Texas, USA",https://www.elpasovein.com/,+1 915-771-8346,Open · Closes 5 pm,https://lh3.googleusercontent.com/p/AF1QipMpXEID7pxXNj7VCbwFcrPPD0HC5juLD5pISiaH=w427-h240-k-no,true,8 am–5 pm,8 am–5 pm,8 am–5 pm,8 am–5 pm,9 am–2 pm,Closed,8 am–5 pm,"https://www.google.com/maps/search/vein+clinics+in+El+Paso+El+Paso+TX/@31.7618778,-106.4850217,14z",2025-12-16T21:59:59.683Z,,
https://www.google.com/maps/place/El+Paso+Varicose+Veins+Laser+Clinic/data=!4m7!3m6!1s0x86e756d33d45fb81:0x7d0ed74597e78f4!8m2!3d31.8692665!4d-106.442337!16s%2Fg%2F1tdjrlhm!19sChIJgftFPdNW54YR9Hh-WXTt0Ac,El Paso Varicose Veins Laser Clinic,5.0,1,Surgical center,"4242 Hondo Pass Dr Ste 113, El Paso, TX 79904, United States","VH95+P3 El Paso, Texas, USA",http://varicoseveinslaserclinic.com/?utm_source=gmb&utm_medium=organic&utm_campaign=elpaso,+1 915-577-0121,Open · Closes 5 pm,https://streetviewpixels-pa.googleapis.com/v1/thumbnail?panoid=De6Gu5uV73VGh1nCgReRQQ&cb_client=search.gws-prod.gps&w=408&h=240&yaw=215.80214&pitch=0&thumbfov=100,false,8 am–5 pm,8 am–5 pm,8 am–5 pm,8 am–5 pm,Closed,Closed,8 am–5 pm,"https://www.google.com/maps/search/vein+clinics+in+El+Paso+El+Paso+TX/@31.7618778,-106.4850217,14z",2025-12-16T22:00:04.595Z,,
https://www.google.com/maps/place/Arteries+and+Veins/data=!4m7!3m6!1s0x86e74417cae9291d:0xc81fead0fbf2788f!8m2!3d31.7725705!4d-106.2668451!16s%2Fg%2F11g9m5gjgj!19sChIJHSnpyhdE54YRj3jy-9DqH8g,Arteries and Veins,4.5,197,Medical clinic,"2204 Joe Battle Blvd b104, El Paso, TX 79938, United States","QPFM+27 El Paso, Texas, USA",https://arteriesveins.com/,+1 915-307-7800,Open · Closes 4:30 pm,https://streetviewpixels-pa.googleapis.com/v1/thumbnail?panoid=9IVXwpu4gBNCZ_HuQSJJmg&cb_client=search.gws-prod.gps&w=408&h=240&yaw=75.11128&pitch=0&thumbfov=100,true,7:30 am–4:30 pm,7:30 am–4:30 pm,7:30 am–4:30 pm,7:30 am–4:30 pm,Closed,Closed,7:30 am–4:30 pm,"https://www.google.com/maps/search/vein+clinics+in+El+Paso+El+Paso+TX/@31.7618778,-106.4850217,14z",2025-12-16T22:00:09.561Z,,
https://www.google.com/maps/place/Desert+Vein+Center+-+Varicose+%26+Vein+Treatment+in+El+Paso/data=!4m7!3m6!1s0x86e74461ec6c1085:0xb4b7c214a9d8fd5e!8m2!3d31.7650175!4d-106.297907!16s%2Fg%2F11hbpq9l4g!19sChIJhRBs7GFE54YRXv3YqRTCt7Q,Desert Vein Center - Varicose & Vein Treatment in El Paso,,,Surgical center,"1860 Dean Martin Dr Suite 103, El Paso, TX 79936, United States","QP82+2R El Paso, Texas, USA",,+1 915-313-9569,Open · Closes 5 pm,https://lh3.googleusercontent.com/p/AF1QipOJWOPg90era4NICdGi3r3VJP6kYxnAsrqg5CpP=w427-h240-k-no,true,8 am–5 pm,8 am–5 pm,8 am–5 pm,8 am–5 pm,Closed,Closed,8 am–5 pm,"https://www.google.com/maps/search/vein+clinics+in+El+Paso+El+Paso+TX/@31.7618778,-106.4850217,14z",2025-12-16T22:00:14.023Z,,
"https://www.google.com/maps/place/Dr.+Felice+L.+Bruno,+MD/data=!4m7!3m6!1s0x86e759ae48c65b9f:0x8c2ea666e064b820!8m2!3d31.7799146!4d-106.4787794!16s%2Fg%2F1tdqtz_q!19sChIJn1vGSK5Z54YRILhk4GamLow","Dr. Felice L. Bruno, MD",4.4,5,Vascular surgeon,"1700 Murchison Dr #211, El Paso, TX 79902, United States","QGHC+XF El Paso, Texas, USA",,+1 915-533-5100,,https://streetviewpixels-pa.googleapis.com/v1/thumbnail?panoid=vvxlQNdbL5x_ExY06iX0qg&cb_client=search.gws-prod.gps&w=408&h=240&yaw=117.332535&pitch=0&thumbfov=100,false,,,,,,,,"https://www.google.com/maps/search/vein+clinics+in+El+Paso+El+Paso+TX/@31.7618778,-106.4850217,14z",2025-12-16T22:00:16.393Z,,
https://www.google.com/maps/place/El+Paso+Men%27s+%26+Women%27s+Clinic/data=!4m7!3m6!1s0x86e7573f231000f9:0x11cbfa923af8d470!8m2!3d31.7701619!4d-106.5001332!16s%2Fg%2F11h27fk221!19sChIJ-QAQIz9X54YRcNT4OpL6yxE,El Paso Men's & Women's Clinic,4.8,317,Doctor,"125 W Hague Rd # 110, El Paso, TX 79902, United States","QFCX+3W El Paso, Texas, USA",https://elpasomensandwomensclinic.com/,+1 915-271-8400,Open · Closes 5 pm,https://streetviewpixels-pa.googleapis.com/v1/thumbnail?panoid=oZAosR1XHdqBgLBH05X2xw&cb_client=search.gws-prod.gps&w=408&h=240&yaw=276.55896&pitch=0&thumbfov=100,false,9 am–5 pm,9 am–5 pm,9 am–5 pm,9 am–5 pm,Closed,Closed,9 am–5 pm,"https://www.google.com/maps/search/vein+clinics+in+El+Paso+El+Paso+TX/@31.7618778,-106.4850217,14z",2025-12-16T22:00:20.715Z,,
https://www.google.com/maps/place/El+Paso+Vascular+Access+Surgery+Center/data=!4m7!3m6!1s0x86e759ad3c5eb04f:0xfbabb1f6db1aa493!8m2!3d31.8189677!4d-106.5158621!16s%2Fg%2F1tgf86xt!19sChIJT7BePK1Z54YRk6Qa2_axq_s,El Paso Vascular Access Surgery Center,4.7,17,Medical clinic,"5407 N Mesa St Suite 100, El Paso, TX 79912, United States","RF9M+HM El Paso, Texas, USA",http://centers.azuravascularcare.com/tx/el-paso/el-paso-vascular-access-surgery-center?y_source=1_MjY5MDM2OTEtNzE1LWxvY2F0aW9uLndlYnNpdGU%3D,+1 915-533-1789,Open · Closes 5 pm,https://lh3.googleusercontent.com/p/AF1QipPgrJsW8xm4wMJ8MSKMygOrOZXqI9bkYlMuScPT=w408-h306-k-no,true,8 am–5 pm,8 am–5 pm,8 am–5 pm,8 am–5 pm,Closed,Closed,8 am–5 pm,"https://www.google.com/maps/search/vein+clinics+in+El+Paso+El+Paso+TX/@31.7618778,-106.4850217,14z",2025-12-16T22:00:25.058Z,,
https://www.google.com/maps/place/EP+Cellulite+Center/data=!4m7!3m6!1s0x86e758ffb922aefb:0x823f662d90ef2172!8m2!3d31.7648951!4d-106.4893474!16s%2Fg%2F1td6157y!19sChIJ-64iuf9Y54YRciHvkC1mP4I,EP Cellulite Center,4.1,39,Skin care clinic,"810 N Kansas St, El Paso, TX 79902, United States","QG76+X7 El Paso, Texas, USA",https://instagram.com/epcellulitecenter915,+1 915-545-4444,Open · Closes 5:30 pm,https://lh3.googleusercontent.com/gps-cs-s/AG0ilSyCmmRyBDfD8ZQKQzVYMi6lcJsEuGom97FX_3g6d4HOiSzQdVekr7IzFG2SfD8gXKYoYeQIAPMvXv1xv8WwbidG9a5VrfnaPeySl2ozFvOzN9e1xcvxTky0Z58Z5hRgcN5yiId8=w408-h408-k-no,true,10 am–5:30 pm,10 am–5:30 pm,10 am–5:30 pm,10 am–5:30 pm,10 am–2:30 pm,Closed,10 am–5:30 pm,"https://www.google.com/maps/search/vein+clinics+in+El+Paso+El+Paso+TX/@31.7618778,-106.4850217,14z",2025-12-16T22:00:29.731Z,,
"https://www.google.com/maps/place/Dr.+Joseph+B.+Furlong,+M.D./data=!4m7!3m6!1s0x86e75850ccaed395:0xf3cf15e0444b85b8!8m2!3d31.7959047!4d-106.5144041!16s%2Fg%2F1264l1wnj!19sChIJldOuzFBY54YRuIVLROAVz_M","Dr. Joseph B. Furlong, M.D.",4.0,5,Vascular surgeon,"423 Executive Center Blvd, El Paso, TX 79902, United States","QFWP+96 El Paso, Texas, USA",https://www.elpasovein.com/,+1 915-261-7688,Open · Closes 5 pm,https://lh3.googleusercontent.com/p/AF1QipMUvb_AHJWmtpIBamTtOyd8ywhU06uoGHLXuvIN=w424-h240-k-no,true,8 am–5 pm,8 am–5 pm,8 am–5 pm,8 am–5 pm,9 am–1 pm,Closed,8 am–5 pm,"https://www.google.com/maps/search/vein+clinics+in+El+Paso+El+Paso+TX/@31.7618778,-106.4850217,14z",2025-12-16T22:00:34.213Z,,
"https://www.google.com/maps/place/Center+For+Venous+Disease:+Bruno+Felice+L+MD/@31.7641935,-106.3168559,17z/data=!3m1!4b1!4m6!3m5!1s0x86e759b032cb4d15:0x94d2f471d79a6038!8m2!3d31.7641935!4d-106.3168559!16s%2Fg%2F1xpwk70l",Center For Venous Disease: Bruno Felice L MD,4.0,3,Doctor,"2400 Trawood Dr # 202, El Paso, TX 79936, United States","QM7M+M7 El Paso, Texas, USA",https://www.cvdvein.com/,+1 915-533-5100,,,false,,,,,,,,"https://www.google.com/maps/search/vein+clinics+in+El+Paso+El+Paso+TX/@31.7618778,-106.4850217,14z",2025-12-16T22:00:38.581Z,,
https://www.google.com/maps/place/Physician%27s+Imaging+%26+Vein+Care+Clinic/data=!4m7!3m6!1s0x86e75b1a33f8cdfb:0x1d934954d4be1a87!8m2!3d31.7727738!4d-106.3770077!16s%2Fg%2F11h6rqctj9!19sChIJ-834Mxpb54YRhxq-1FRJkx0,Physician's Imaging & Vein Care Clinic,,,Medical clinic,"Hawkins Blvd, El Paso, TX 79925, United States","QJFF+45 El Paso, Texas, USA",,,,https://streetviewpixels-pa.googleapis.com/v1/thumbnail?panoid=4adnL4oImkT7BPBmvnbdVg&cb_client=search.gws-prod.gps&w=408&h=240&yaw=170.09576&pitch=0&thumbfov=100,false,,,,,,,,"https://www.google.com/maps/search/vein+clinics+in+El+Paso+El+Paso+TX/@31.7618778,-106.4850217,14z",2025-12-16T22:00:41.077Z,,
https://www.google.com/maps/place/Dr.+Emmanuel+Anekwe/data=!4m7!3m6!1s0x86ddf9978f993c1d:0x1a97005c39f0117e!8m2!3d31.8388367!4d-106.563618!16s%2Fg%2F11h4lhfpg2!19sChIJHTyZj5f53YYRfhHwOVwAlxo,Dr. Emmanuel Anekwe,4.8,4,Vascular surgeon,"7500 N Mesa St #210, El Paso, TX 79912, United States","RCQP+GH El Paso, Texas, USA",https://arteriesveins.com/about-us,+1 915-307-7800,Open · Closes 4:30 pm,https://streetviewpixels-pa.googleapis.com/v1/thumbnail?panoid=lprqhWTCil4QRFQdAxh68A&cb_client=search.gws-prod.gps&w=408&h=240&yaw=0.08987412&pitch=0&thumbfov=100,true,7:30 am–4:30 pm,7:30 am–4:30 pm,7:30 am–4:30 pm,7:30 am–4:30 pm,7:30 am–2 pm,Closed,7:30 am–4:30 pm,"https://www.google.com/maps/search/vein+clinics+in+El+Paso+El+Paso+TX/@31.7618778,-106.4850217,14z",2025-12-16T22:00:45.573Z,,
https://www.google.com/maps/place/Varicose+Veins+Clinic/data=!4m7!3m6!1s0x86e74494dfc8bed1:0xf10fd8e0c48da14c!8m2!3d31.765529!4d-106.319748!16s%2Fg%2F1vgx15xr!19sChIJ0b7I35RE54YRTKGNxODYD_E,Varicose Veins Clinic,,,Medical clinic,"2295 Trawood Dr # A, El Paso, TX 79935, United States","QM8J+64 El Paso, Texas, USA",,+1 915-598-3886,,https://streetviewpixels-pa.googleapis.com/v1/thumbnail?panoid=5HtxD2J9HQHNl8EX57vK-w&cb_client=search.gws-prod.gps&w=408&h=240&yaw=203.93837&pitch=0&thumbfov=100,false,,,,,,,,"https://www.google.com/maps/search/vein+clinics+in+El+Paso+El+Paso+TX/@31.7618778,-106.4850217,14z",2025-12-16T22:00:47.885Z,,
https://www.google.com/maps/place/The+Hospitals+of+Providence+Horizon+City+Campus/data=!4m7!3m6!1s0x86e741cd9a6995d9:0x8ed93b5299cdc1cd!8m2!3d31.6821958!4d-106.2080198!16s%2Fg%2F11c6dxll8z!19sChIJ2ZVpms1B54YRzcHNmVI72Y4,The Hospitals of Providence Horizon City Campus,3.6,492,Hospital,"13600 Horizon Blvd Suite 240, Horizon City, TX 79928, United States","MQJR+VQ Horizon City, Texas, USA",https://www.thopemergency.com/,+1 915-407-7878,Open 24 hours,https://lh3.googleusercontent.com/p/AF1QipMOP8RNm-zmXEHy0QMECwWadVlOFpkhYnURRzCP=w408-h272-k-no,true,Open 24 hours,Open 24 hours,Open 24 hours,Open 24 hours,Open 24 hours,Open 24 hours,Open 24 hours,"https://www.google.com/maps/search/vein+clinics+in+Horizon+City+El+Paso+TX/@31.6926121,-106.2074793,14z",2025-12-16T22:01:03.620Z,,
https://www.google.com/maps/place/Edgardo+Colon-Pineiro/data=!4m7!3m6!1s0x86e741cd7f8fffff:0xc9c9be7b4007ee7f!8m2!3d31.6837148!4d-106.2032332!16s%2Fg%2F11qgb7cp4c!19sChIJ__-Pf81B54YRf-4HQHu-yck,Edgardo Colon-Pineiro,4.4,19,Medical clinic,"13791 Horizon Blvd, Horizon City, TX 79928, United States","MQMW+FP Horizon City, Texas, USA",https://rymaps.com/business/edgardo-colon-pineiro-6unbwd,+1 915-267-0028,Open · Closes 5 pm,https://streetviewpixels-pa.googleapis.com/v1/thumbnail?panoid=R_37TL0Img1aLJzEjP_F8w&cb_client=search.gws-prod.gps&w=408&h=240&yaw=326.98325&pitch=0&thumbfov=100,true,8 am–5 pm,8 am–5 pm,8 am–5 pm,8 am–5 pm,Closed,Closed,8 am–5 pm,"https://www.google.com/maps/search/vein+clinics+in+Horizon+City+El+Paso+TX/@31.6926121,-106.2074793,14z",2025-12-16T22:01:14.571Z,,
https://www.google.com/maps/place/Physician%27s+Vascular+Services/data=!4m7!3m6!1s0x86e7443a8cb7e523:0x4fe9dd6247090608!8m2!3d31.7836533!4d-106.2666854!16s%2Fg%2F11bv1qp7by!19sChIJI-W3jDpE54YRCAYJR2Ld6U8,Physician's Vascular Services,4.5,29,Surgical center,"2270 Joe Battle Blvd, El Paso, TX 79938, United States","QPMM+F8 El Paso, Texas, USA",https://www.elpasovein.com/,+1 915-996-9222,Open · Closes 5 pm,https://lh3.googleusercontent.com/p/AF1QipN-3PW26Owm918ZV-q_8VHshl93urtbM7mTua3O=w425-h240-k-no,true,8 am–5 pm,8 am–5 pm,8 am–5 pm,8 am–5 pm,9 am–1 pm,Closed,8 am–5 pm,"https://www.google.com/maps/search/vein+clinics+in+Horizon+City+El+Paso+TX/@31.6926121,-106.2074793,14z",2025-12-16T22:01:19.045Z,,
https://www.google.com/maps/place/Horizon+Blvd+Clinic/data=!4m7!3m6!1s0x86e74032afee4509:0xf7a3f9ac4db64932!8m2!3d31.6824156!4d-106.1960632!16s%2Fg%2F1t_hzfhd!19sChIJCUXurzJA54YRMkm2Taz5o_c,Horizon Blvd Clinic,4.8,51,Chiropractor,"14026 Horizon Blvd, Horizon City, TX 79928, United States","MRJ3+XH Horizon City, Texas, USA",,+1 915-852-6000,Open · Closes 6 pm,https://lh3.googleusercontent.com/gps-cs-s/AG0ilSwfFtk8BnY2GvPghS5FBthsS-L3OH-AkofBXRVIsREB80FR7zIAAYySI-queWKJXc9fPXVTgr5bMBjfv3j4elMyvBIoSVtNoMjbIG_LRTzDHIV59a5hrOlPvmjmn0VVsN_6ST2c=w408-h306-k-no,true,9 am–6 pm,9 am–6 pm,9 am–1 pm,9 am–6 pm,Closed,Closed,9 am–6 pm,"https://www.google.com/maps/search/vein+clinics+in+Horizon+City+El+Paso+TX/@31.6926121,-106.2074793,14z",2025-12-16T22:01:23.441Z,,
https://www.google.com/maps/place/E+and+J+Family+Health+Center/data=!4m7!3m6!1s0x86e7418000953493:0x1aa772b4316d5a87!8m2!3d31.6837473!4d-106.2033486!16s%2Fg%2F11lqhzffpy!19sChIJkzSVAIBB54YRh1ptMbRypxo,E and J Family Health Center,4.7,29,Medical clinic,"13791 Horizon Blvd A4, Horizon City, TX 79928, United States","MQMW+FM Horizon City, Texas, USA",https://eandjfamilyhealthcenter.com/,+1 915-267-0028,Open · Closes 5 pm,https://lh3.googleusercontent.com/p/AF1QipNqA8l-zOk9mD95NnVBUMqUaeolO2DYRLJd6bLs=w408-h309-k-no,true,8 am–5 pm,8 am–5 pm,8 am–5 pm,8 am–5 pm,Closed,Closed,8 am–5 pm,"https://www.google.com/maps/search/vein+clinics+in+Horizon+City+El+Paso+TX/@31.6926121,-106.2074793,14z",2025-12-16T22:01:27.994Z,Identifies as veteran-owned,
https://www.google.com/maps/place/I-Vascular+Center/data=!4m7!3m6!1s0x86e74390633e73a3:0x96f95d2693e419bc!8m2!3d31.7353057!4d-106.286766!16s%2Fg%2F11fnypj4zv!19sChIJo3M-Y5BD54YRvBnkkyZd-ZY,I-Vascular Center,3.9,19,Medical clinic,"11989 Pellicano Dr ste d, El Paso, TX 79936, United States","PPP7+47 El Paso, Texas, USA",https://www.ivascularcenter.com/,+1 915-855-6508,Open · Closes 5 pm,https://streetviewpixels-pa.googleapis.com/v1/thumbnail?panoid=Qydjm6ZL_0ays8Sbq7DGWQ&cb_client=search.gws-prod.gps&w=408&h=240&yaw=3.1210344&pitch=0&thumbfov=100,true,8 am–5 pm,8 am–5 pm,8 am–5 pm,8 am–5 pm,Closed,Closed,8 am–5 pm,"https://www.google.com/maps/search/vein+clinics+in+Horizon+City+El+Paso+TX/@31.6926121,-106.2074793,14z",2025-12-16T22:01:32.640Z,,
https://www.google.com/maps/place/Healthy+Horizons+Clinic/data=!4m7!3m6!1s0x86e7402305bc36a9:0xb62982f48db0dac3!8m2!3d31.682331!4d-106.1852569!16s%2Fg%2F11bccflvh1!19sChIJqTa8BSNA54YRw9qwjfSCKbY,Healthy Horizons Clinic,2.8,103,Medical clinic,"14470 Horizon Blvd Suite A and J, Horizon City, TX 79928, United States","MRJ7+WV Horizon City, Texas, USA",https://www.healthyhorizonsclinics.com/,+1 915-852-3225,"Open · Closes 5 pm

Confirmed by this business 10 weeks ago",https://lh3.googleusercontent.com/p/AF1QipMmaM1CbQB_vyKdseOLQFnCRFtNapE__92cY6Um=w408-h306-k-no,true,9 am–5 pm,9 am–5 pm,9 am–5 pm,9 am–5 pm,Open 24 hours,Open 24 hours,9 am–5 pm,"https://www.google.com/maps/search/vein+clinics+in+Horizon+City+El+Paso+TX/@31.6926121,-106.2074793,14z",2025-12-16T22:01:36.975Z,,
https://www.google.com/maps/place/Clinical+Pathology+Laboratories+%28CPL%29+-+Horizon/data=!4m7!3m6!1s0x86e741b1c10d6ed3:0xc1094947a23966ff!8m2!3d31.6984046!4d-106.2142955!16s%2Fg%2F11nx3slz7j!19sChIJ024NwbFB54YR_2Y5okdJCcE,Clinical Pathology Laboratories (CPL) - Horizon,3.8,54,Laboratory,"13650 Eastlake Blvd A107, Horizon City, TX 79928, United States","MQXP+97 Horizon City, Texas, USA",https://www.cpllabs.com/,+1 915-546-9043,Closes soon · 4 pm · Opens 7:30 am Wed,https://lh3.googleusercontent.com/gps-cs-s/AG0ilSz8DkYN4V70j32bsmc8PjQWWtalU3a9fV-0Bc1ow4xyw6onH5XQBzIwHeHtiPuI37qLsKEEO-TVq5pKobB0SVkyNKDcXZnEUK4SN07D8q2WTBjS_pNJDcOGFv91TphC6TFl6YwB=w408-h544-k-no,true,"7:30 am–12:30 pm, 1:30–4 pm","7:30 am–12:30 pm, 1:30–4 pm","7:30 am–12:30 pm, 1:30–4 pm","7:30 am–12:30 pm, 1:30–4 pm",8 am–12 pm,Closed,"7:30 am–12:30 pm, 1:30–4 pm","https://www.google.com/maps/search/vein+clinics+in+Horizon+City+El+Paso+TX/@31.6926121,-106.2074793,14z",2025-12-16T22:01:41.447Z,,
https://www.google.com/maps/place/Vein+%26+Skin+Treatment+Center/data=!4m7!3m6!1s0x86e75b48d8edd5ef:0xf6f82e1eeb8bacc!8m2!3d31.757555!4d-106.355324!16s%2Fg%2F1260j_mp1!19sChIJ79Xt2Ehb54YRzLq47uGCbw8,Vein & Skin Treatment Center,2.7,3,Skin care clinic,"7812 Gateway Blvd W, El Paso, TX 79902, United States","QJ5V+2V El Paso, Texas, USA",,+1 915-219-8265,,https://streetviewpixels-pa.googleapis.com/v1/thumbnail?panoid=jNVGUNCtd6XqP9vhPfjdwA&cb_client=search.gws-prod.gps&w=408&h=240&yaw=119.35487&pitch=0&thumbfov=100,false,,,,,,,,"https://www.google.com/maps/search/vein+clinics+in+Horizon+City+El+Paso+TX/@31.6926121,-106.2074793,14z",2025-12-16T22:01:43.990Z,,
"https://www.google.com/maps/place/Gilbert+Aidinian,+MD,+FACS,+FSVS,+RPVI/data=!4m7!3m6!1s0x86e75b788fab2219:0xc9a7c4bc46a080cc!8m2!3d31.7566994!4d-106.3470919!16s%2Fg%2F11sfk9rl06!19sChIJGSKrj3hb54YRzICgRrzEp8k","Gilbert Aidinian, MD, FACS, FSVS, RPVI",4.3,11,Surgeon,"10410 Vista del Sol Dr, El Paso, TX 79925, United States","QM43+M5 El Paso, Texas, USA",https://www.umcelpaso.org/medical-services/department/vascular-endovascular-surgery,+1 915-200-2680,Open · Closes 5 pm,https://lh3.googleusercontent.com/p/AF1QipPzG2a1OaAKbdEx9FQRkM_I1HsHSc85YsoaoC9s=w426-h240-k-no,true,8 am–5 pm,8 am–5 pm,8 am–5 pm,8 am–5 pm,Closed,Closed,8 am–5 pm,"https://www.google.com/maps/search/vein+clinics+in+Horizon+City+El+Paso+TX/@31.6926121,-106.2074793,14z",2025-12-16T22:01:52.935Z,,
https://www.google.com/maps/place/Quest+Diagnostics/data=!4m7!3m6!1s0x86e741ac60617317:0xd0467ebe1fbb84f8!8m2!3d31.6986041!4d-106.2262296!16s%2Fg%2F11j4m17vt9!19sChIJF3NhYKxB54YR-IS7H75-RtA,Quest Diagnostics,3.4,192,Medical laboratory,"13034 Eastlake Blvd Ste M, Horizon City, TX 79928, United States","MQXF+CG Horizon City, Texas, USA",https://locations.questdiagnostics.com/tx/horizon-city/13034-eastlake-blvd,+1 915-330-0899,Closes soon · 4 pm · Opens 6 am Wed,https://lh3.googleusercontent.com/gps-cs-s/AG0ilSxKgOfVIxmoyIKndsA1ufEwEjQ1Ik0XZ5ifiHA4lFxoFhIwzFeziYUaoLwpZE1OR4ruMkAv-1Cks_TJ_JKc-iF31YTAQkRT2wdPw7PyCgSwK3Fsgl-fyulIyrUdjtZVergXmpVD=w408-h306-k-no,true,6 am–4 pm,6 am–4 pm,6 am–4 pm,6 am–4 pm,7 am–12 pm,Closed,6 am–4 pm,"https://www.google.com/maps/search/vein+clinics+in+Horizon+City+El+Paso+TX/@31.6926121,-106.2074793,14z",2025-12-16T22:01:57.834Z,,
"https://www.google.com/maps/place/I-Vascular+Center+of+El+Paso:+Dr.+Anwar+S.+Gerges,+MD/data=!4m7!3m6!1s0x86e744938118096b:0xa54554d5b6bd21e6!8m2!3d31.7354982!4d-106.2866649!16s%2Fg%2F1tgcmr54!19sChIJawkYgZNE54YR5iG9ttVURaU","I-Vascular Center of El Paso: Dr. Anwar S. Gerges, MD",4.2,5,Vascular surgeon,"11989 Pellicano Dr ste d, El Paso, TX 79936, United States","PPP7+58 El Paso, Texas, USA",https://www.ivascularcenter.com/,+1 915-855-6508,Open · Closes 5 pm,https://lh3.googleusercontent.com/p/AF1QipO-pYgympqkuWl_GSAiSR1RLtSIwy9ZITORUzJV=w408-h433-k-no,true,8 am–5 pm,8 am–5 pm,8 am–5 pm,8 am–5 pm,Closed,Closed,8 am–5 pm,"https://www.google.com/maps/search/vein+clinics+in+Horizon+City+El+Paso+TX/@31.6926121,-106.2074793,14z",2025-12-16T22:02:02.454Z,,
https://www.google.com/maps/place/Varicose+Veins/data=!4m7!3m6!1s0x86e7441a3e03808f:0xdcdf091986ee5154!8m2!3d31.7678014!4d-106.2626736!16s%2Fg%2F11h10tmg6t!19sChIJj4ADPhpE54YRVFHuhhkJ39w,Varicose Veins,,,Surgical center,"El Paso, TX 79938, United States","QP9P+4W El Paso, Texas, USA",,+1 915-259-1956,,https://streetviewpixels-pa.googleapis.com/v1/thumbnail?panoid=NzyFCpPStfSiuNHNNZscXg&cb_client=search.gws-prod.gps&w=408&h=240&yaw=329.37558&pitch=0&thumbfov=100,false,,,,,,,,"https://www.google.com/maps/search/vein+clinics+in+Horizon+City+El+Paso+TX/@31.6926121,-106.2074793,14z",2025-12-16T22:02:04.808Z,,
https://www.google.com/maps/place/Piccadilly+Vascular+Vein+%26+Heart+Center/data=!4m7!3m6!1s0x86e7432301c13035:0x2d55504f57ab4128!8m2!3d31.7305013!4d-106.2966704!16s%2Fg%2F11wp058fld!19sChIJNTDBASND54YRKEGrV09QVS0,Piccadilly Vascular Vein & Heart Center,3.0,2,Cardiologist,"1368 N Zaragoza Rd Bldg-A Suite-A, El Paso, TX 79936, United States","PPJ3+68 El Paso, Texas, USA",https://piccadillyvascularveinandheartcenter.com/,+1 915-615-7155,Open · Closes 5 pm,https://streetviewpixels-pa.googleapis.com/v1/thumbnail?panoid=w9-OyhcUmOKFPDOqC4DQ9A&cb_client=search.gws-prod.gps&w=408&h=240&yaw=120.23721&pitch=0&thumbfov=100,true,9 am–5 pm,9 am–5 pm,9 am–5 pm,9 am–5 pm,Closed,Closed,9 am–5 pm,"https://www.google.com/maps/search/vein+clinics+in+Horizon+City+El+Paso+TX/@31.6926121,-106.2074793,14z",2025-12-16T22:02:09.425Z,,
https://www.google.com/maps/place/Vitamind+Therapy/data=!4m7!3m6!1s0x86e741e81e130207:0x4b048b44b03fe486!8m2!3d31.6823642!4d-106.1845146!16s%2Fg%2F11tjk6kpfg!19sChIJBwITHuhB54YRhuQ_sESLBEs,Vitamind Therapy,,,Medical Center,"14476 Horizon Blvd Suite B, Horizon City, TX 79928, United States","MRJ8+W5 Horizon City, Texas, USA",,+1 915-808-0006,,https://streetviewpixels-pa.googleapis.com/v1/thumbnail?panoid=9ccPtWN7yrLzqzEdxZTdSA&cb_client=search.gws-prod.gps&w=408&h=240&yaw=241.90991&pitch=0&thumbfov=100,true,,,,,,,,"https://www.google.com/maps/search/vein+clinics+in+Horizon+City+El+Paso+TX/@31.6926121,-106.2074793,14z",2025-12-16T22:02:11.684Z,,
"https://www.google.com/maps/place/Dr.+Joseph+B.+Furlong,+M.D./data=!4m7!3m6!1s0x86e75b1a35dac1b7:0xcc4384b616b4b155!8m2!3d31.7725577!4d-106.3768706!16s%2Fg%2F1tdm8sbd!19sChIJt8HaNRpb54YRVbG0FraEQ8w","Dr. Joseph B. Furlong, M.D.",3.9,28,Vascular surgeon,"1111 Hawkins Blvd #2A, El Paso, TX 79925, United States","QJFF+27 El Paso, Texas, USA",https://www.elpasovein.com/,+1 915-771-8346,Open · Closes 5 pm,https://lh3.googleusercontent.com/p/AF1QipMc3k8JtLubahUw_5V5D5i42nOydgcpPyBGLEy0=w425-h240-k-no,true,8 am–5 pm,8 am–5 pm,8 am–5 pm,8 am–5 pm,Closed,Closed,8 am–5 pm,"https://www.google.com/maps/search/vein+clinics+in+Horizon+City+El+Paso+TX/@31.6926121,-106.2074793,14z",2025-12-16T22:02:16.288Z,,
https://www.google.com/maps/place/Imaging+and+Interventional+Specialists+-+North+Zaragoza/data=!4m7!3m6!1s0x86e743ee6deffdd3:0x9cbc70a986f7e13f!8m2!3d31.7312214!4d-106.2983003!16s%2Fg%2F11m77sdd0b!19sChIJ0_3vbe5D54YRP-H3hqlwvJw,Imaging and Interventional Specialists - North Zaragoza,5.0,21,Radiologist,"1351 N Zaragoza Rd Bldg O Suite 1, El Paso, TX 79936, United States","PPJ2+FM El Paso, Texas, USA",https://www.imagingandinterventional.com/?utm_campaign=gmb,+1 915-303-8977,"Closed · Opens 7 am Wed

Updated by this business 3 weeks ago",https://lh3.googleusercontent.com/p/AF1QipMzP_Sf9xY9SscCJ8p9NxvRY86pDLYJZyxQDqw1=w408-h394-k-no,true,Closed,7 am–4 pm,Closed,7 am–4 pm,Closed,Closed,Closed,"https://www.google.com/maps/search/vein+clinics+in+Horizon+City+El+Paso+TX/@31.6926121,-106.2074793,14z",2025-12-16T22:02:20.865Z,,
"https://www.google.com/maps/place/perforator+venous+incompetence+treatment/@31.76413,-106.316833,17z/data=!3m1!4b1!4m6!3m5!1s0x86e7449380c00001:0x875b3059e49262!8m2!3d31.76413!4d-106.316833!16s%2Fg%2F11f54tn570",perforator venous incompetence treatment,,,Medical clinic,"2400 Trawood Dr, El Paso, TX 79936, United States","QM7M+M7 El Paso, Texas, USA",http://www.veinscreening.com/location/east-el-paso-tx/,+1 623-552-5259,,,false,,,,,,,,"https://www.google.com/maps/search/vein+clinics+in+Horizon+City+El+Paso+TX/@31.6926121,-106.2074793,14z",2025-12-16T22:02:25.173Z,,
https://www.google.com/maps/place/InVogue+Rejuvenation/data=!4m7!3m6!1s0x86e74497f096aaab:0xdd6bb1cfe1fa664b!8m2!3d31.7559164!4d-106.3220291!16s%2Fg%2F11mv1q5s03!19sChIJq6qW8JdE54YRS2b64c-xa90,InVogue Rejuvenation,4.2,31,Medical spa,"11167 1/2, La Quinta Pl, El Paso, TX 79936, United States","QM4H+95 El Paso, Texas, USA",https://invoguerejuvenation.com/?utm_source=gbp&utm_medium=organic,+1 915-633-0585,Open · Closes 5 pm,https://lh3.googleusercontent.com/p/AF1QipPyoc0YQN2v2QUdWvdOQss8r5gd3Az0Mo1wbc6L=w408-h271-k-no,true,8 am–5 pm,8 am–5 pm,8 am–5 pm,8 am–12 pm,Closed,Closed,8 am–5 pm,"https://www.google.com/maps/search/vein+clinics+in+Horizon+City+El+Paso+TX/@31.6926121,-106.2074793,14z",2025-12-16T22:02:30.109Z,,
https://www.google.com/maps/place/Azul+Medspa+East/data=!4m7!3m6!1s0x86e744ead4e849eb:0x48a6828b47684a44!8m2!3d31.767001!4d-106.3202127!16s%2Fg%2F11bv6l7_6b!19sChIJ60no1OpE54YRREpoR4uCpkg,Azul Medspa East,4.6,375,Medical spa,"10965 Ben Crenshaw Dr Suite 4A, El Paso, TX 79935, United States","QM8H+RW El Paso, Texas, USA",https://azul-medspa.com/east/?utm_source=google&utm_medium=organic&utm_campaign=gmb,+1 915-317-5212,Open · Closes 5 pm,https://lh3.googleusercontent.com/p/AF1QipM8aivUoiA6AM3EedvIgATDbdLM8geiYZUj_fnl=w408-h272-k-no,true,9 am–5 pm,9 am–5 pm,10 am–6 pm,9 am–5 pm,9 am–2 pm,Closed,10 am–4 pm,"https://www.google.com/maps/search/vein+clinics+in+Horizon+City+El+Paso+TX/@31.6926121,-106.2074793,14z",2025-12-16T22:02:34.976Z,LGBTQ+ friendly,
https://www.google.com/maps/place/UMC+Healthcare+Partners+-+Vascular+and+Endovascular+Surgery/data=!4m7!3m6!1s0x86e75b9da730d675:0xc3ed34697ca24323!8m2!3d31.756721!4d-106.347133!16s%2Fg%2F11qh0vwx9z!19sChIJddYwp51b54YRI0OifGk07cM,UMC Healthcare Partners - Vascular and Endovascular Surgery,2.7,7,Medical clinic,"10410 Vista del Sol Dr, El Paso, TX 79925, United States","QM43+M4 El Paso, Texas, USA",https://www.umcelpaso.org/medical-services/department/vascular-endovascular-surgery,+1 915-200-2680,Open · Closes 5 pm,https://lh3.googleusercontent.com/p/AF1QipN3IGFwQrK6pRkstleBb4YDJoDJ48M2YEbgICCP=w408-h283-k-no,true,8 am–5 pm,8 am–5 pm,8 am–5 pm,8 am–5 pm,Closed,Closed,8 am–5 pm,"https://www.google.com/maps/search/vein+clinics+in+Horizon+City+El+Paso+TX/@31.6926121,-106.2074793,14z",2025-12-16T22:02:39.909Z,,
https://www.google.com/maps/place/Sun+City+Medical+Clinic/data=!4m7!3m6!1s0x86e743f14831f157:0x8993dc3123df496b!8m2!3d31.7450805!4d-106.2684647!16s%2Fg%2F1thqb96r!19sChIJV_ExSPFD54YRa0nfIzHck4k,Sun City Medical Clinic,4.5,730,Medical clinic,"1651 Joe Battle Blvd Suite A & C, El Paso, TX 79936, United States","PPWJ+2J El Paso, Texas, USA",https://suncitymedicalclinic.com/,+1 915-849-9010,Open · Closes 5 pm,https://lh3.googleusercontent.com/p/AF1QipO88ZH2fXh1ncXawLMy9q9fpaiOuSLP6gy7eLmY=w408-h369-k-no,true,"8 am–12 pm, 1–5 pm","8 am–12 pm, 1–5 pm","8 am–12 pm, 1–5 pm",8 am–12 pm,8:30 am–3:30 pm,Closed,"8 am–12 pm, 1–5 pm","https://www.google.com/maps/search/vein+clinics+in+Horizon+City+El+Paso+TX/@31.6926121,-106.2074793,14z",2025-12-16T22:02:44.489Z,,
https://www.google.com/maps/place/Ulcer+Treatment/data=!4m7!3m6!1s0x86e7441a167aaaab:0x4ad45656e705889d!8m2!3d31.7677761!4d-106.2626494!16s%2Fg%2F11h06my81j!19sChIJq6p6FhpE54YRnYgF51ZW1Eo,Ulcer Treatment,,,Medical clinic,"2077 N N Zaragoza Rd, El Paso, TX 79938, United States","QP9P+4W El Paso, Texas, USA",https://www.varicoseveinslaserclinic.com/contact/,+1 915-577-0121,,https://streetviewpixels-pa.googleapis.com/v1/thumbnail?panoid=XAHF0DYy5Us61tox6scWIA&cb_client=search.gws-prod.gps&w=408&h=240&yaw=290.40384&pitch=0&thumbfov=100,false,,,,,,,,"https://www.google.com/maps/search/vein+clinics+in+Horizon+City+El+Paso+TX/@31.6926121,-106.2074793,14z",2025-12-16T22:02:47.000Z,,
https://www.google.com/maps/place/Socorro+Medical+Clinic/data=!4m7!3m6!1s0x86e769e608612f97:0xdbd340ffbf426ce9!8m2!3d31.6520839!4d-106.2694538!16s%2Fg%2F11dxkmhkxc!19sChIJly9hCOZp54YR6WxCv_9A09s,Socorro Medical Clinic,4.2,67,Medical clinic,"10720 N Loop Dr, Socorro, TX 79927, United States","MP2J+R6 Socorro, Texas, USA",,+1 915-858-0500,Open · Closes 5 pm,https://lh3.googleusercontent.com/p/AF1QipMDLdg99PWWgOi-s5BM49WbRKUeu39QTStHlxAH=w408-h408-k-no,true,8 am–5 pm,8 am–5 pm,8 am–5 pm,8 am–3 pm,Closed,Closed,8 am–5 pm,"https://www.google.com/maps/search/vein+clinics+in+Socorro+El+Paso+TX/@31.654557,-106.3033145,14z",2025-12-16T22:03:12.840Z,,
https://www.google.com/maps/place/Cosmetic+Surgery+and+Laser+Center+of+El+Paso/data=!4m7!3m6!1s0x86e743851ba7ae93:0xfa6c17cd229a3818!8m2!3d31.739355!4d-106.289289!16s%2Fg%2F1thhkz74!19sChIJk66nG4VD54YRGDiaIs0XbPo,Cosmetic Surgery and Laser Center of El Paso,4.6,22,Plastic surgeon,"1512 N Zaragoza Rd #3, El Paso, TX 79936, United States","PPQ6+P7 El Paso, Texas, USA",http://www.elpasoplasticsurgery.org/,+1 915-855-7800,Open · Closes 5:30 pm,https://lh3.googleusercontent.com/p/AF1QipPhmytZQ3_6flaD7oNXviqpBvOJgbAYzfWY4oBI=w408-h351-k-no,true,8:30 am–5:30 pm,8:30 am–5:30 pm,8:30 am–5:30 pm,8:30 am–4 pm,Closed,Closed,8:30 am–5:30 pm,"https://www.google.com/maps/search/vein+clinics+in+Socorro+El+Paso+TX/@31.654557,-106.3033145,14z",2025-12-16T22:03:21.868Z,,
https://www.google.com/maps/place/Southwest+Vascular+%26+Vein+Center/data=!4m7!3m6!1s0x8721ca926c176df3:0xd52cdd3840d494e!8m2!3d34.0648348!4d-106.8927521!16s%2Fg%2F11f3thmgh7!19sChIJ820XbJLKIYcRTkkNhNPNUg0,Southwest Vascular & Vein Center,,,Surgical center,"715 N California St, Socorro, NM 87801, United States","3474+WV Socorro, New Mexico, USA",http://www.swvvein.com/,+1 575-636-2388,Temporarily closed,https://streetviewpixels-pa.googleapis.com/v1/thumbnail?panoid=CaZ5CEnUcyjxpCviGx8iLg&cb_client=search.gws-prod.gps&w=408&h=240&yaw=264.0072&pitch=0&thumbfov=100,true,,,,,,,,"https://www.google.com/maps/search/vein+clinics+in+Socorro+El+Paso+TX/@31.654557,-106.3033145,14z",2025-12-16T22:03:26.800Z,,
https://www.google.com/maps/place/Southwest+Vascular+%26+Vein+Center/data=!4m7!3m6!1s0x86de17e4f64580bb:0xe64aff757bb287f6!8m2!3d32.3002606!4d-106.7384236!16s%2Fg%2F11hbmsst7p!19sChIJu4BF9uQX3oYR9oeye3X_SuY,Southwest Vascular & Vein Center,3.0,2,Surgical center,"2801 Missouri Ave #27, Las Cruces, NM 88011, United States","8726+4J Las Cruces, New Mexico, USA",http://www.swvvein.com/,+1 575-636-2388,Temporarily closed,https://lh3.googleusercontent.com/gps-cs-s/AG0ilSxpU9Ub3crE6tqEK1Di1cuB852CmGbC3b2fVosGuvZggeQASpxjL71gYrCTtY8OyVahGrNT_4YrRCOp2qh4nwgHxUPlgORWBQ7OkKL1omAVPCKZ3KlGzB7kWFPMPiikERWrrQ_mBw=w426-h240-k-no,true,,,,,,,,"https://www.google.com/maps/search/vein+clinics+in+Socorro+El+Paso+TX/@31.654557,-106.3033145,14z",2025-12-16T22:03:31.809Z,,
https://www.google.com/maps/place/Rejuven%C3%A9+MD/data=!4m7!3m6!1s0x86ddf91ec3f03a8d:0xfa67a18114606488!8m2!3d31.8872127!4d-106.5717315!16s%2Fg%2F11h_wxy3xq!19sChIJjTrwwx753YYRiGRgFIGhZ_o,Rejuvené MD,4.9,256,Medical spa,"7470 Cimarron Plz Building 13, Suite 100, El Paso, TX 79911, United States","VCPH+V8 El Paso, Texas, USA",https://rejuvenemd.com/?utm_source=gbp&utm_medium=organic,+1 915-745-5888,Open · Closes 5 pm,https://lh3.googleusercontent.com/p/AF1QipP4cCUTVosZfsum5QWRkMua6XINFB-WfiUYn70=w426-h240-k-no,true,9 am–5 pm,9 am–5 pm,9 am–5 pm,9 am–5 pm,10 am–2 pm,Closed,9 am–7 pm,"https://www.google.com/maps/search/vein+clinics+in+Canutillo+El+Paso+TX/@31.9114925,-106.6002687,14z",2025-12-16T22:03:53.593Z,,
https://www.google.com/maps/place/Epicc+Vascular+El+Paso/data=!4m7!3m6!1s0x86ddff8d8d791099:0x5568c23b41b5f3a6!8m2!3d31.9078607!4d-106.5897925!16s%2Fg%2F11ww94psxd!19sChIJmRB5jY3_3YYRpvO1QTvCaFU,Epicc Vascular El Paso,,,Nursing agency,"900 Talbot Ave, Canutillo, TX 79835, United States","WC56+43 Canutillo, Texas, USA",https://epiccelpaso.com/,+1 915-201-4330,Open · Closes 7 pm,https://streetviewpixels-pa.googleapis.com/v1/thumbnail?panoid=GYMbikRyy-f-WbARfKcV-w&cb_client=search.gws-prod.gps&w=408&h=240&yaw=228.9041&pitch=0&thumbfov=100,true,7 am–7 pm,7 am–7 pm,7 am–7 pm,7 am–7 pm,7 am–7 pm,7 am–7 pm,7 am–7 pm,"https://www.google.com/maps/search/vein+clinics+in+Canutillo+El+Paso+TX/@31.9114925,-106.6002687,14z",2025-12-16T22:03:58.350Z,,
https://www.google.com/maps/place/West+Valley+Clinic/data=!4m7!3m6!1s0x86ddfeebd5adf05b:0xc547272dc156a785!8m2!3d31.9099002!4d-106.5998089!16s%2Fg%2F1v9gvxrq!19sChIJW_Ct1ev-3YYRhadWwS0nR8U,West Valley Clinic,5.0,5,Doctor,"6898 Doniphan Dr A, Canutillo, TX 79835, United States","WC52+X3 Canutillo, Texas, USA",,+1 915-877-3151,,https://streetviewpixels-pa.googleapis.com/v1/thumbnail?panoid=XdY_bK-HlVBnSF-33Y3efQ&cb_client=search.gws-prod.gps&w=408&h=240&yaw=101.58885&pitch=0&thumbfov=100,false,,,,,,,,"https://www.google.com/maps/search/vein+clinics+in+Canutillo+El+Paso+TX/@31.9114925,-106.6002687,14z",2025-12-16T22:04:00.716Z,,
https://www.google.com/maps/place/Una+Vida+Restorative+Medicine/data=!4m7!3m6!1s0x86e759a963604c13:0x48da5bb88d31f13c!8m2!3d31.8873562!4d-106.5712516!16s%2Fg%2F11bx51tx06!19sChIJE0xgY6lZ54YRPPExjbhb2kg,Una Vida Restorative Medicine,5.0,9,Medical office,"7470 Cimarron Plz Building 13, Suite 100, El Paso, TX 79911, United States","VCPH+WF El Paso, Texas, USA",http://unavidaelpaso.com/,+1 915-745-5888,Open · Closes 5 pm,https://lh3.googleusercontent.com/p/AF1QipOwkSefVr9wv5BemEdOLySF-wBHkzTGZGFjXXw5=w408-h306-k-no,true,9 am–5 pm,9 am–5 pm,9 am–5 pm,9 am–5 pm,Closed,Closed,9 am–5 pm,"https://www.google.com/maps/search/vein+clinics+in+Canutillo+El+Paso+TX/@31.9114925,-106.6002687,14z",2025-12-16T22:04:05.496Z,,
https://www.google.com/maps/place/New+Mexico+Vein+Treatment+Center/data=!4m7!3m6!1s0x86de3d501af8e849:0x28971cbd427d908b!8m2!3d32.3234137!4d-106.7353967!16s%2Fg%2F11byyrbpt8!19sChIJSej4GlA93oYRi5B9Qr0clyg,New Mexico Vein Treatment Center,4.1,19,Medical clinic,"141 N, 141 Roadrunner Pkwy #137, Las Cruces, NM 88011, United States","87F7+9R Las Cruces, New Mexico, USA",https://www.nomoreveins.org/,+1 575-522-1974,Open · Closes 5 pm,https://lh3.googleusercontent.com/p/AF1QipPgB0WuKpaxyoM3M8BqM82FJFxqtD8RfUN7KiVz=w408-h408-k-no,true,9 am–5 pm,9 am–5 pm,9 am–5 pm,9 am–5 pm,Closed,Closed,9 am–5 pm,"https://www.google.com/maps/search/vein+clinics+in+Canutillo+El+Paso+TX/@31.9114925,-106.6002687,14z",2025-12-16T22:04:14.644Z,,
https://www.google.com/maps/place/VEIN+%2B+SKIN+TREATMENT+CENTER/data=!4m7!3m6!1s0x86de3d61bfe0308f:0x8f16a0dd194ea495!8m2!3d32.3073349!4d-106.7514904!16s%2Fg%2F11c607rytk!19sChIJjzDgv2E93oYRlaROGd2gFo8,VEIN + SKIN TREATMENT CENTER,4.4,26,Doctor,"925 S Walnut St, Las Cruces, NM 88001, United States","864X+WC Las Cruces, New Mexico, USA",https://lascrucesveins.com/,+1 575-523-6330,Open · Closes 5 pm,https://streetviewpixels-pa.googleapis.com/v1/thumbnail?panoid=cqheVLQz2g5N27EG7N4dUA&cb_client=search.gws-prod.gps&w=408&h=240&yaw=131.19116&pitch=0&thumbfov=100,true,9 am–5 pm,9 am–5 pm,9 am–5 am,9 am–4 pm,Closed,Closed,9 am–4 pm,"https://www.google.com/maps/search/vein+clinics+in+Canutillo+El+Paso+TX/@31.9114925,-106.6002687,14z",2025-12-16T22:04:19.622Z,,
https://www.google.com/maps/place/Comprehensive+Varicose+Veins+Laser+Clinic/data=!4m7!3m6!1s0x86de3d4544ab5c9f:0x130f77c790d3508f!8m2!3d32.3201572!4d-106.7360743!16s%2Fg%2F12644t1wc!19sChIJn1yrREU93oYRj1DTkMd3DxM,Comprehensive Varicose Veins Laser Clinic,4.4,5,Medical office,"3850 Foothills Rd Suite 6, Las Cruces, NM 88011, United States","87C7+3H Las Cruces, New Mexico, USA",https://www.comprehensivevaricoseveins.com/,+1 575-521-4920,Open · Closes 5 pm,https://streetviewpixels-pa.googleapis.com/v1/thumbnail?panoid=mGDjJELlO2L9S3r1uDRaFg&cb_client=search.gws-prod.gps&w=408&h=240&yaw=226.21605&pitch=0&thumbfov=100,true,9 am–5 pm,9 am–5 pm,9 am–5 pm,9 am–5 pm,Closed,Closed,9 am–5 pm,"https://www.google.com/maps/search/vein+clinics+in+Canutillo+El+Paso+TX/@31.9114925,-106.6002687,14z",2025-12-16T22:04:24.284Z,,
https://www.google.com/maps/place/El+Paso+Vascular+Access+Center:+Diaz-Luna+Hector+J+MD/data=!4m7!3m6!1s0x86e759ad3c5eb04f:0x90b61dd8b9b053ea!8m2!3d31.8186213!4d-106.5160753!16s%2Fg%2F1v_s6b1k!19sChIJT7BePK1Z54YR6lOwudgdtpA,El Paso Vascular Access Center: Diaz-Luna Hector J MD,3.9,14,Surgeon,"5407 N Mesa St, El Paso, TX 79912, United States","RF9M+CH El Paso, Texas, USA",https://www.azuravascularcare.com/physicians/hector-diaz-luna/,+1 915-533-1789,Open · Closes 5 pm,https://streetviewpixels-pa.googleapis.com/v1/thumbnail?panoid=1Bn39amVJefreyCa8Q3jUA&cb_client=search.gws-prod.gps&w=408&h=240&yaw=60.91892&pitch=0&thumbfov=100,false,8 am–5 pm,5 am–5 pm,8 am–5 pm,8 am–5 pm,Closed,Closed,8 am–5 pm,"https://www.google.com/maps/search/vein+clinics+in+Canutillo+El+Paso+TX/@31.9114925,-106.6002687,14z",2025-12-16T22:04:28.645Z,,
https://www.google.com/maps/place/Cosmetic+Surgery+%26+Laser+Center+of+El+Paso/data=!4m7!3m6!1s0x86e757eec1e02a17:0x2061efc4470547cd!8m2!3d31.8220382!4d-106.5192548!16s%2Fg%2F1vnrr1cw!19sChIJFyrgwe5X54YRzUcFR8TvYSA,Cosmetic Surgery & Laser Center of El Paso,4.7,95,Plastic surgeon,"5664 N Mesa St, El Paso, TX 79912, United States","RFCJ+R7 El Paso, Texas, USA",https://www.elpasoplasticsurgery.org/,+1 915-543-5600,Open · Closes 5:30 pm,https://lh3.googleusercontent.com/p/AF1QipPK81jHRWfCdFjDWDvyx7kA-v6qfKGFCJmFdyzN=w408-h351-k-no,true,8:30 am–5:30 pm,8:30 am–5:30 pm,8:30 am–5:30 pm,8:30 am–4 pm,Closed,Closed,8:30 am–5:30 pm,"https://www.google.com/maps/search/vein+clinics+in+Canutillo+El+Paso+TX/@31.9114925,-106.6002687,14z",2025-12-16T22:04:37.204Z,,
https://www.google.com/maps/place/Varicose+Veins/data=!4m7!3m6!1s0x86e756d18f78ee8b:0x34f8f657a598087d!8m2!3d31.8698783!4d-106.4470212!16s%2Fg%2F11tf1bmbqf!19sChIJi-54j9FW54YRfQiYpVf2-DQ,Varicose Veins,,,Medical clinic,"Texas 79904, United States","VH93+X5 El Paso, Texas, USA",,,,https://streetviewpixels-pa.googleapis.com/v1/thumbnail?panoid=k-m8hnrs75-yOto2OwpGbw&cb_client=search.gws-prod.gps&w=408&h=240&yaw=3.0370145&pitch=0&thumbfov=100,false,,,,,,,,"https://www.google.com/maps/search/vein+clinics+in+Canutillo+El+Paso+TX/@31.9114925,-106.6002687,14z",2025-12-16T22:04:39.663Z,,
"https://www.google.com/maps/place/Envy+Aesthetic+Center+%28Lyle+D.+Weeks,+MD,+FACS%29/data=!4m7!3m6!1s0x86e757f2071ea5cd:0x52f2b01135ece7c!8m2!3d31.838943!4d-106.5621475!16s%2Fg%2F1hm659kdy!19sChIJzaUeB_JX54YRfM5eEwErLwU","Envy Aesthetic Center (Lyle D. Weeks, MD, FACS)",3.5,25,Plastic surgeon,"7380 Remcon Cir, El Paso, TX 79912, United States","RCQQ+H4 El Paso, Texas, USA",http://www.envyaestheticcenter.com/,+1 915-845-3223,Open · Closes 5 pm,https://lh3.googleusercontent.com/p/AF1QipPD9lS7_GYAe0vHfPJi5QZ5DIkIQPVKFmcM4qyU=w408-h306-k-no,true,9 am–5 pm,9 am–5 pm,9 am–5 pm,9 am–5 pm,9 am–3 pm,Closed,9 am–4 pm,"https://www.google.com/maps/search/vein+clinics+in+Canutillo+El+Paso+TX/@31.9114925,-106.6002687,14z",2025-12-16T22:04:44.098Z,,
https://www.google.com/maps/place/El+Paso+County+Eastbound+Safety+Rest+Area/data=!4m7!3m6!1s0x86e71282eeb76e15:0xccc65546152601fb!8m2!3d31.5061122!4d-106.1215826!16s%2Fg%2F11bw3djtbk!19sChIJFW637oIS54YR-wEmFUZVxsw,El Paso County Eastbound Safety Rest Area,4.3,426,Rest stop,"Fabens, TX 79838, United States","GV4H+C9 Fabens, Texas, USA",,,Open 24 hours,https://lh3.googleusercontent.com/gps-cs-s/AG0ilSyTNuyK5O7zI91Z35n6nttKSnDlvDQWvoHf1t8flJm9t4lUi8JiOW16KWR89YxbM1Pp37AYeCil8kfd4Z3Kaaw7p70Z7019swphySX0OUbf_oUBzY7aTEFB7uqvEZRj-lQLyuji=w408-h306-k-no,false,Open 24 hours,Open 24 hours,Open 24 hours,Open 24 hours,Open 24 hours,Open 24 hours,Open 24 hours,"https://www.google.com/maps/search/vein+clinics+in+Fabens+El+Paso+TX/@31.50234,-106.1585867,14z",2025-12-16T22:05:07.829Z,,
,,,,,,,,,,,,,,,,,,,"https://www.google.com/maps/search/vein+clinics+in+Clint+El+Paso+TX/@31.592337,-106.2241449,14z",2025-12-16T22:05:35.818Z,,No new results found
https://www.google.com/maps/place/Centro+San+Vicente+-+San+Elizario+Clinic/data=!4m7!3m6!1s0x86e76930c14ab291:0x478521e0f947d043!8m2!3d31.5813468!4d-106.2826137!16s%2Fg%2F1tfbnsd_!19sChIJkbJKwTBp54YRQ9BH-eAhhUc,Centro San Vicente - San Elizario Clinic,3.7,9,Medical clinic,"13017 Perico Dr, San Elizario, TX 79849, United States","HPJ8+GX San Elizario, Texas, USA",http://www.sanvicente.org/,+1 915-851-0999,Open · Closes 5 pm,https://streetviewpixels-pa.googleapis.com/v1/thumbnail?panoid=OmVtuOxcxo0vMbnnOCW8qg&cb_client=search.gws-prod.gps&w=408&h=240&yaw=2.6457624&pitch=0&thumbfov=100,false,8 am–5 pm,8 am–5 pm,8 am–5 pm,8 am–5 pm,Closed,Closed,8 am–5 pm,"https://www.google.com/maps/search/vein+clinics+in+San+Elizario+El+Paso+TX/@31.5851146,-106.2727573,14z",2025-12-16T22:06:00.224Z,,
https://www.google.com/maps/place/Centro+De+Salud+Familiar+La+Fe/data=!4m7!3m6!1s0x86e76945d3d866d9:0xb3846e638e01a324!8m2!3d31.5966092!4d-106.2733349!16s%2Fg%2F1vbnpvz_!19sChIJ2WbY00Vp54YRJKMBjmNuhLM,Centro De Salud Familiar La Fe,2.1,24,Medical clinic,"12101 Socorro Rd, San Elizario, TX 79849, United States","HPWG+JM San Elizario, Texas, USA",https://lafe-ep.org/san-elizario-clinic/,+1 915-851-5519,Open · Closes 5 pm,https://lh3.googleusercontent.com/gps-cs-s/AG0ilSxlxav2X_W-B-NgVzKDTp3nwAIMAPykiQU9rsVbXmzfM1jUgfy2IY8VDtK0gEQB2zrfGz-6Qgv8tEpc3J99FDfwA4SWEpGsCyJ3Kv_Fjujf1ZnJ4o7wxJ-XhOW4yYLQc9px1fs9=w408-h725-k-no,false,8 am–5 pm,8 am–5 pm,8 am–5 pm,8 am–5 pm,Closed,Closed,8 am–5 pm,"https://www.google.com/maps/search/vein+clinics+in+San+Elizario+El+Paso+TX/@31.5851146,-106.2727573,14z",2025-12-16T22:06:04.632Z,,
https://www.google.com/maps/place/Dr.+Pablo+Martinez/data=!4m7!3m6!1s0x86e7581777900001:0x18936b75d8ba4a41!8m2!3d31.7958364!4d-106.5143559!16s%2Fg%2F11rfn46sp7!19sChIJAQCQdxdY54YRQUq62HVrkxg,Dr. Pablo Martinez,5.0,2,Vascular surgeon,"423 Executive Center Blvd, El Paso, TX 79902, United States","QFWP+87 El Paso, Texas, USA",http://www.elpasovein.com/,+1 915-261-7688,Open · Closes 5 pm,https://streetviewpixels-pa.googleapis.com/v1/thumbnail?panoid=aN3d74sZryPck7bvpqyjzQ&cb_client=search.gws-prod.gps&w=408&h=240&yaw=51.57444&pitch=0&thumbfov=100,false,8 am–5 pm,8 am–5 pm,8 am–5 pm,8 am–5 pm,Closed,Closed,8 am–5 pm,"https://www.google.com/maps/search/vein+clinics+in+San+Elizario+El+Paso+TX/@31.5851146,-106.2727573,14z",2025-12-16T22:06:09.156Z,,
https://www.google.com/maps/place/Arteries+and+Veins/data=!4m7!3m6!1s0x86de3d5ab0067a93:0x8b161b47ef0dd7ef!8m2!3d32.3184279!4d-106.7353353!16s%2Fg%2F11fx_68nr5!19sChIJk3oGsFo93oYR79cN70cbFos,Arteries and Veins,4.6,78,Vascular surgeon,"3830 E Lohman Ave #1, Las Cruces, NM 88011, United States","8797+9V Las Cruces, New Mexico, USA",https://arteriesveins.com/,+1 915-307-7800,Open · Closes 4:30 pm,https://streetviewpixels-pa.googleapis.com/v1/thumbnail?panoid=yfeOiM1pvoUnUavanYGoNg&cb_client=search.gws-prod.gps&w=408&h=240&yaw=41.108932&pitch=0&thumbfov=100,true,7:30 am–4:30 pm,7:30 am–4:30 pm,7:30 am–4:30 pm,7:30 am–4:30 pm,7:30 am–2 pm,Closed,7:30 am–4:30 pm,"https://www.google.com/maps/search/vein+clinics+in+Anthony+El+Paso+TX/@31.9992676,-106.6055478,14z",2025-12-16T22:06:33.516Z,,
https://www.google.com/maps/place/Physician%27s+Vascular+Services/data=!4m7!3m6!1s0x86de3d48d2b43fe1:0x342989ee7819222d!8m2!3d32.3251862!4d-106.7326694!16s%2Fg%2F11bwqbp9bv!19sChIJ4T-00kg93oYRLSIZeO6JKTQ,Physician's Vascular Services,4.4,115,Surgical center,"190 Howard Pl A, Las Cruces, NM 88011, United States","87G8+3W Las Cruces, New Mexico, USA",https://www.elpasovein.com/,+1 575-288-3216,Open · Closes 5 pm,https://lh3.googleusercontent.com/p/AF1QipMzMWg9CTsapVbh_mr2XzvHk5S4XCSkuVnIYzWa=w408-h271-k-no,true,8 am–5 pm,8 am–5 pm,8 am–5 pm,8 am–5 pm,9 am–1 pm,Closed,8 am–5 pm,"https://www.google.com/maps/search/vein+clinics+in+Anthony+El+Paso+TX/@31.9992676,-106.6055478,14z",2025-12-16T22:06:42.040Z,,
"https://www.google.com/maps/place/El+Paso+Vinton+Diagnostic,+P.A./data=!4m7!3m6!1s0x86ddfe3e7f27d2ad:0x779fa9db3354610c!8m2!3d31.9560766!4d-106.6029648!16s%2Fg%2F1tg4x8sm!19sChIJrdInfz7-3YYRDGFUM9upn3c","El Paso Vinton Diagnostic, P.A.",4.4,19,Radiologist,"7930 Doniphan Dr, Vinton, TX 79821, United States","X94W+CR Vinton, Texas, USA",,+1 915-886-4488,Closes soon · 4 pm · Opens 8 am Wed,https://lh3.googleusercontent.com/gps-cs-s/AG0ilSz9NEgasS5IJX7VeB3_PpDZh-mrdjP70YTs8TXEF99-EMWabAE4F4OmWLfQw-DUz8yRrsRIfYkdaAXsX9Q1urBA5LhygyzgIiCg_xPuh6eQ_8TWS8iNXuEO1dwQdLD4wnPicTK2xA=w426-h240-k-no,true,8 am–4 pm,8 am–4 pm,8 am–4 pm,8 am–4 pm,Closed,Closed,8 am–4 pm,"https://www.google.com/maps/search/vein+clinics+in+Vinton+El+Paso+TX/@31.9512135,-106.6024915,14z",2025-12-16T22:07:10.115Z,,
https://www.google.com/maps/place/Vinton+Medical+Center/data=!4m7!3m6!1s0x86ddfe3e7b4fa9c1:0xe77fa71d8bc85111!8m2!3d31.9558236!4d-106.6030692!16s%2Fg%2F1xn_nv24!19sChIJwalPez7-3YYREVHIix2nf-c,Vinton Medical Center,2.7,16,Doctor,"7920 Doniphan Dr, Vinton, TX 79821, United States","X94W+8Q Vinton, Texas, USA",,+1 915-855-8550,Open · Closes 5 pm,https://lh3.googleusercontent.com/p/AF1QipNHHQ8Fl1p1-ZdeJ1NDWuP5O_UmIIlQmhxx3iTE=w408-h544-k-no,true,9 am–5 pm,9 am–5 pm,9 am–5 pm,9 am–5 pm,Closed,Closed,9 am–5 pm,"https://www.google.com/maps/search/vein+clinics+in+Vinton+El+Paso+TX/@31.9512135,-106.6024915,14z",2025-12-16T22:07:14.396Z,,
,,,,,,,,,,,,,,,,,,,"https://www.google.com/maps/search/vein+clinics+in+Tornillo+El+Paso+TX/@31.4453978,-106.0883071,14z",2025-12-16T22:07:38.217Z,,No new results found