placeUrl,title,rating,reviewCount,category,address,plusCode,website,phoneNumber,currentStatus,imgUrl,isClaimed,monday,tuesday,wednesday,thursday,friday,saturday,sunday,query,timestamp,info,attributes
https://www.google.com/maps/place/Aletheia+Integrative+Medical/data=!4m7!3m6!1s0x84030ab615931e5b:0x65c3cbe1c846715d!8m2!3d40.7379724!4d-96.6458225!16s%2Fg%2F11jzvpyh2m!19sChIJWx6TFbYKA4QRXXFGyOHLw2U,Aletheia Integrative Medical,4.9,47,Medical clinic,"5445 Red Rock Ln STE 300, Lincoln, NE 68516, United States","P9Q3+5M Lincoln, Nebraska, USA",https://www.aletheia.md/?utm_source=gmb_auth,+1 531-333-2037,,https://lh3.googleusercontent.com/p/AF1QipNAR7jwYMuv8Bwf8CXSTCqFSghQoglJrVG1KVbO=w408-h271-k-no,true,9 am–5 pm,9 am–5 pm,9 am–5 pm,9 am–5 pm,9 am–3 pm,Closed,Closed,"https://www.google.com/maps/search/functional+medicine+in+Lincoln+City+Lincoln+NE/@44.9620902,-124.0159354,14z",2026-02-23T16:41:08.128Z,,
"https://www.google.com/maps/place/Vitalize+Health,+LLC/data=!4m7!3m6!1s0x879695db9ee68b65:0xb4c50fcb8a494015!8m2!3d40.7902236!4d-96.6625569!16s%2Fg%2F11h77901pq!19sChIJZYvmntuVlocRFUBJissPxbQ","Vitalize Health, LLC",4.8,122,Medical clinic,"2200 S 40th St #102, Lincoln, NE 68506, United States","Q8RP+3X Lincoln, Nebraska, USA",https://vitalizehealthne.com/,+1 402-413-0717,Open · Closes 12 pm · Reopens 1 pm,https://lh3.googleusercontent.com/p/AF1QipMl9fxWRxHZWqBW2OGegJqpkCRjIyX4ospd5T6_=w408-h566-k-no,true,"8 am–12 pm, 1–5 pm","8 am–12 pm, 1–5 pm","8 am–12 pm, 1–5 pm","8 am–12 pm, 1–5 pm",8 am–12 pm,Closed,Closed,"https://www.google.com/maps/search/functional+medicine+in+Lincoln+City+Lincoln+NE/@44.9620902,-124.0159354,14z",2026-02-23T16:41:13.838Z,,
https://www.google.com/maps/place/Wholehearted+Healthcare/data=!4m7!3m6!1s0x8796bdfae80a23d5:0xe365a790edfa9479!8m2!3d40.7757956!4d-96.655106!16s%2Fg%2F11cs5g7r3j!19sChIJ1SMK6Pq9locReZT67ZCnZeM,Wholehearted Healthcare,5.0,5,Medical clinic,"4701 Bancroft Ave, Lincoln, NE 68506, United States","Q8GV+8X Lincoln, Nebraska, USA",https://insurance.wholeheartedhealthcare.com/,+1 402-730-9819,Open · Closes 4 pm,https://lh3.googleusercontent.com/p/AF1QipO_0U4eLgBtH7UNF_oN4vYZNMWod56ZepzLPKR6=w408-h300-k-no,true,8 am–4 pm,8 am–4 pm,8 am–4 pm,8 am–4 pm,8 am–1 pm,Closed,Closed,"https://www.google.com/maps/search/functional+medicine+in+Lincoln+City+Lincoln+NE/@44.9620902,-124.0159354,14z",2026-02-23T16:41:19.158Z,LGBTQ+ friendly,
https://www.google.com/maps/place/One+Natural+Health/data=!4m7!3m6!1s0x8796bf98be3b1f43:0xae43d02bbbf659f5!8m2!3d40.7560491!4d-96.5939971!16s%2Fg%2F11ssfnlhwq!19sChIJQx87vpi_locR9Vn2uyvQQ64,One Natural Health,5.0,30,Medical clinic,"9300 Blackwood Ave, Lincoln, NE 68526, United States","QC44+CC Lincoln, Nebraska, USA",http://www.onenaturalhealth.com/,+1 402-858-8131,"Closed · Opens 9 am Tue

Confirmed by this business 11 weeks ago",https://lh3.googleusercontent.com/p/AF1QipO7M9Y-QqKwhCru0JzZmAoRInQyivY27RC4qSzR=w408-h379-k-no,true,Closed,9 am–5 pm,9 am–5 pm,Closed,9 am–4:30 pm,9–11 am,Closed,"https://www.google.com/maps/search/functional+medicine+in+Lincoln+City+Lincoln+NE/@44.9620902,-124.0159354,14z",2026-02-23T16:41:23.811Z,Identifies as veteran-owned,
https://www.google.com/maps/place/Lincoln+Wellness+Center+-+Dr.+Stan+Schulte/data=!4m7!3m6!1s0x8796bc93550edd55:0x8fe2e39b47e6b233!8m2!3d40.8305388!4d-96.6050079!16s%2Fg%2F1tgw5jjl!19sChIJVd0OVZO8locRM7LmR5vj4o8,Lincoln Wellness Center - Dr. Stan Schulte,5.0,133,Holistic medicine practitioner,"1777 N 86th St STE 102, Lincoln, NE 68505, United States","R9JV+6X Lincoln, Nebraska, USA",https://www.drstanschulte.com/,+1 402-420-0024,Closed · Opens 9 am Tue,https://lh3.googleusercontent.com/p/AF1QipOq8oxLC1R46TOhb4GAHNcVZMC_L_PeUKkU0Wjf=w408-h452-k-no,true,Closed,"9–10:30 am, 3:30–6 pm","9–10:30 am, 3:30–6 pm","9–10:30 am, 3:30–6 pm",Closed,Closed,Closed,"https://www.google.com/maps/search/functional+medicine+in+Lincoln+City+Lincoln+NE/@44.9620902,-124.0159354,14z",2026-02-23T16:41:28.543Z,,
https://www.google.com/maps/place/Complete+Rural+Medicine-Lincoln+NE/data=!4m7!3m6!1s0x8796bf1f0d73ce69:0x1643fa72e6e019d2!8m2!3d40.7735959!4d-96.7120884!16s%2Fg%2F11pkrsdz5x!19sChIJac5zDR-_locR0hng5nL6QxY,Complete Rural Medicine-Lincoln NE,3.8,12,Medical clinic,"3900 S 6th St Suite 1, Lincoln, NE 68502, United States","Q7FQ+C5 Lincoln, Nebraska, USA",http://www.completeruralmedicine.com/,+1 402-267-2645,Open · Closes 3 pm,https://streetviewpixels-pa.googleapis.com/v1/thumbnail?panoid=YJNaY-KbhUB9YSsHVN4LmQ&cb_client=search.gws-prod.gps&w=408&h=240&yaw=23.056131&pitch=0&thumbfov=100,true,9 am–3 pm,9 am–5 pm,9 am–5 pm,9 am–5 pm,9 am–3 pm,10 am–4 pm,Closed,"https://www.google.com/maps/search/functional+medicine+in+Lincoln+City+Lincoln+NE/@44.9620902,-124.0159354,14z",2026-02-23T16:41:33.264Z,,
https://www.google.com/maps/place/Lincoln+Disc+and+Nutrition+Center+and+Hoof+%26+Paw/data=!4m7!3m6!1s0x8796be0337212f3b:0x32adbe5d1c9d5a3c!8m2!3d40.7883459!4d-96.6568718!16s%2Fg%2F1tdywwcn!19sChIJOy8hNwO-locRPFqdHF2-rTI,Lincoln Disc and Nutrition Center and Hoof & Paw,5.0,72,Chiropractor,"4535 Normal Blvd STE 105, Lincoln, NE 68506, United States","Q8QV+87 Lincoln, Nebraska, USA",https://lincolndiscandnutrition.com/,+1 402-488-2220,"Open · Closes 1 pm · Reopens 3 pm

Updated by this business 2 weeks ago",https://lh3.googleusercontent.com/p/AF1QipPRn4lyyU9l_WpGXTOTIaswVJVzMx16SxvXJf-2=w424-h240-k-no,true,"9 am–1 pm, 3–6 pm",1–6 pm,"9 am–1 pm, 3–6 pm","7 am–12 pm, 3–6 pm",Closed,Closed,Closed,"https://www.google.com/maps/search/functional+medicine+in+Lincoln+City+Lincoln+NE/@44.9620902,-124.0159354,14z",2026-02-23T16:41:38.080Z,,
https://www.google.com/maps/place/Wave+Wellness+LLC/data=!4m7!3m6!1s0x54ea8da681a99ec3:0x966fcda460b5c525!8m2!3d44.9464568!4d-124.0173857!16s%2Fg%2F11ltxgntt3!19sChIJw56pgaaN6lQRJcW1YKTNb5Y,Wave Wellness LLC,4.8,20,Medical spa,"SW Hwy 101, Lincoln City, OR 97367, United States","WXWM+H2 Lincoln City, Oregon, USA",http://wavewellnesspnw.com/,+1 541-351-8454,,https://lh3.googleusercontent.com/p/AF1QipPYHRptfjmIjl5sEpKEwIA-pDLb30ErCFLCjlau=w408-h306-k-no,true,,,,,,,,"https://www.google.com/maps/search/functional+medicine+in+Lincoln+City+Lincoln+NE/@44.9620902,-124.0159354,14z",2026-02-23T16:41:40.924Z,LGBTQ+ friendly,
https://www.google.com/maps/place/From+Within+Holistic/data=!4m7!3m6!1s0x8796bf1cdbbb43fb:0xaad1455d81c7f3d5!8m2!3d40.814974!4d-96.7097!16s%2Fg%2F11sh5x79_q!19sChIJ-0O72xy_locR1fPHgV1F0ao,From Within Holistic,5.0,2,Holistic medicine practitioner,"800 P St, Lincoln, NE 68508, United States","R77R+X4 Lincoln, Nebraska, USA",https://www.fromwithinholistic.com/contact,+1 402-419-1928,,https://lh3.googleusercontent.com/gps-cs-s/AHVAwepmuk5yeoYxhrYONWivsMphOO2Dw_D9CUcLSV9Tc34VIwVv6wxqbiC_x3ei77gdFpBg_4ov4N23HZMBdxAiZxUKWNaVQMF6cothD6_hnj4DPRsEqVBUoAk7Oulh5B9fWGebyLA=w408-h306-k-no,false,,,,,,,,"https://www.google.com/maps/search/functional+medicine+in+Lincoln+City+Lincoln+NE/@44.9620902,-124.0159354,14z",2026-02-23T16:41:43.582Z,,
https://www.google.com/maps/place/Cornerstone+Medical+Center/data=!4m7!3m6!1s0x8796bdf84b8c17f1:0x5f3d297b7b656c0!8m2!3d40.7693352!4d-96.6547603!16s%2Fg%2F11cly1mjw_!19sChIJ8ReMS_i9locRwFa2t5fS8wU,Cornerstone Medical Center,5.0,5,Nurse practitioner,"4747 Pioneers Blvd, Lincoln, NE 68506, United States","Q89W+P3 Lincoln, Nebraska, USA",,+1 402-483-4300,Open · Closes 6 pm,https://lh3.googleusercontent.com/p/AF1QipPy8NgxlC7iCl6m-LD3IpHZRUeWpdE93-774u2R=w426-h240-k-no,true,9 am–6 pm,9 am–6 pm,9 am–6 pm,9 am–6 pm,Closed,Closed,Closed,"https://www.google.com/maps/search/functional+medicine+in+Lincoln+City+Lincoln+NE/@44.9620902,-124.0159354,14z",2026-02-23T16:41:48.368Z,,
https://www.google.com/maps/place/mind.body.balance./data=!4m7!3m6!1s0x8796bd5ff211f40b:0x8d46ff3aff51b5eb!8m2!3d40.7980702!4d-96.6226887!16s%2Fg%2F11h4nbqq3y!19sChIJC_QR8l-9locR67VR_zr_Ro0,mind.body.balance.,5.0,2,Holistic medicine practitioner,"7121 A St Suite 102, Lincoln, NE 68510, United States","Q9XG+6W Lincoln, Nebraska, USA",,,,https://streetviewpixels-pa.googleapis.com/v1/thumbnail?panoid=s6uOo72BBuXIGMIwY1ENlA&cb_client=search.gws-prod.gps&w=408&h=240&yaw=276.65167&pitch=0&thumbfov=100,true,,,,,,,,"https://www.google.com/maps/search/functional+medicine+in+Lincoln+City+Lincoln+NE/@44.9620902,-124.0159354,14z",2026-02-23T16:41:50.917Z,LGBTQ+ friendly,
https://www.google.com/maps/place/K2+Holistic+Health/data=!4m7!3m6!1s0x879697deaba9d33d:0x6c488ba81a270e7!8m2!3d40.767523!4d-96.6029737!16s%2Fg%2F11xrlxxscn!19sChIJPdOpq96XlocR53CigbqIxAY,K2 Holistic Health,5.0,13,Holistic medicine practitioner,"4546 S 86th St STE B, Lincoln, NE 68526, United States","Q99W+2R Lincoln, Nebraska, USA",https://k2holistichealth.com/,+1 402-817-1999,Open · Closes 5 pm,https://streetviewpixels-pa.googleapis.com/v1/thumbnail?panoid=JDdXp5DCG3qiveICERg7Bw&cb_client=search.gws-prod.gps&w=408&h=240&yaw=98.432816&pitch=0&thumbfov=100,true,8 am–5 pm,8 am–5 pm,8 am–5 pm,8 am–5 pm,8 am–5 pm,Closed,Closed,"https://www.google.com/maps/search/functional+medicine+in+Lincoln+City+Lincoln+NE/@44.9620902,-124.0159354,14z",2026-02-23T16:41:55.597Z,,
https://www.google.com/maps/place/Coastal+Health+Practitioners/data=!4m7!3m6!1s0x54ea92986e918ca7:0x404b4efbf530f34c!8m2!3d44.9876419!4d-123.9972609!16s%2Fg%2F1thggryg!19sChIJp4yRbpiS6lQRTPMw9ftOS0A,Coastal Health Practitioners,4.3,19,Medical laboratory,"3015 NE West Devils Lake Rd, Lincoln City, OR 97367, United States","X2Q3+33 Lincoln City, Oregon, USA",,+1 541-994-8911,,https://streetviewpixels-pa.googleapis.com/v1/thumbnail?panoid=4ebQGm3oe-HaP7qKeZ3jag&cb_client=search.gws-prod.gps&w=408&h=240&yaw=252.9494&pitch=0&thumbfov=100,false,,,,,,,,"https://www.google.com/maps/search/functional+medicine+in+Lincoln+City+Lincoln+NE/@44.9620902,-124.0159354,14z",2026-02-23T16:41:58.344Z,,
https://www.google.com/maps/place/Ocean+Healing+Acupuncture/data=!4m7!3m6!1s0x7c0050a60235bb6f:0x3c399de77354b906!8m2!3d44.9840357!4d-124.0066265!16s%2Fg%2F11btx6ns_s!19sChIJb7s1AqZQAHwRBrlUc-edOTw,Ocean Healing Acupuncture,5.0,15,Acupuncturist,"2600 NE Hwy 101 unit 105, Lincoln City, OR 97367, United States","XXMV+J8 Lincoln City, Oregon, USA",http://www.oceanhealingacupuncture.com/,+1 541-204-1370,Closed · Opens 10 am,https://lh3.googleusercontent.com/p/AF1QipPwJfq_XcEIRJkYusPQNRrIxoslNq5Q5IskqsKs=w408-h306-k-no,true,10 am–5:30 pm,10 am–5:30 pm,10 am–5 pm,10 am–5 pm,10 am–5 pm,Closed,Closed,"https://www.google.com/maps/search/functional+medicine+in+Lincoln+City+Lincoln+NE/@44.9620902,-124.0159354,14z",2026-02-23T16:42:03.061Z,Identifies as women-owned,
https://www.google.com/maps/place/Rejuvenation+Massage+and+Wellness/data=!4m7!3m6!1s0x54ea8c31f61c3407:0x1bbf0d4fa2b06db8!8m2!3d44.9297206!4d-124.017616!16s%2Fg%2F1tdc4z83!19sChIJBzQc9jGM6lQRuG2wok8Nvxs,Rejuvenation Massage and Wellness,4.9,182,Massage therapist,"4783 SE Hwy 101, Lincoln City, OR 97367, United States","WXHJ+VX Lincoln City, Oregon, USA",http://www.rejuvenationmassageandwellness.com/,+1 541-994-1819,Closed · Opens 10 am,https://lh3.googleusercontent.com/p/AF1QipPRebwAIX16ZSWb_h8Dh5zVpt9guLQRlQey2_Nz=w408-h272-k-no,true,10 am–4 pm,10 am–4 pm,10 am–4 pm,10 am–4 pm,10 am–4 pm,10 am–4 pm,Closed,"https://www.google.com/maps/search/functional+medicine+in+Lincoln+City+Lincoln+NE/@44.9620902,-124.0159354,14z",2026-02-23T16:42:07.811Z,LGBTQ+ friendly,"Relaxing day spa for acupuncture & therapeutic bodywork, plus sea-salt body scrubs & facials."
"https://www.google.com/maps/place/Alexa+LaFaunce,+MD/data=!4m7!3m6!1s0x54ea8d71d4f5f357:0x410c0a0e544ca10e!8m2!3d44.9863416!4d-123.9960421!16s%2Fg%2F1hc74n1k2!19sChIJV_P11HGN6lQRDqFMVA4KDEE","Alexa LaFaunce, MD",4.8,4,Internist,"2870 NE West Devils Lake Rd, Lincoln City, OR 97367, United States","X2P3+GH Lincoln City, Oregon, USA",https://samhealth.org/patients-visitors/find-a-doctor/lafaunce-alexa-1801063839/,+1 541-994-9191,,https://lh3.googleusercontent.com/p/AF1QipOvrrPP-QUkng_lbZM8vhlNDToYTmvaNCSUuf7U=w426-h240-k-no,true,,,,,,,,"https://www.google.com/maps/search/functional+medicine+in+Lincoln+City+Lincoln+NE/@44.9620902,-124.0159354,14z",2026-02-23T16:42:10.544Z,,
"https://www.google.com/maps/place/Novotny+Nutrition+%26+Wellness+-+Health+and+Wellness+in+Lincoln,+NE/data=!4m7!3m6!1s0x8796b99760262cef:0xb56156c4d87a98e6!8m2!3d40.8551823!4d-96.7110012!16s%2Fg%2F11rdc9575y!19sChIJ7ywmYJe5locR5ph62MRWYbU","Novotny Nutrition & Wellness - Health and Wellness in Lincoln, NE",5.0,8,Medical clinic,"4401 N 7th St Suite B, Lincoln, NE 68521, United States","V74Q+3H Lincoln, Nebraska, USA",,+1 402-476-8619,Open · Closes 6 pm,https://streetviewpixels-pa.googleapis.com/v1/thumbnail?panoid=VMHzLKHg-m4LdYdadNbp9w&cb_client=search.gws-prod.gps&w=408&h=240&yaw=284.72055&pitch=0&thumbfov=100,true,9 am–6 pm,9 am–6 pm,9 am–6 pm,9 am–6 pm,9 am–6 pm,Closed,Closed,"https://www.google.com/maps/search/functional+medicine+in+Lincoln+City+Lincoln+NE/@44.9620902,-124.0159354,14z",2026-02-23T16:42:15.231Z,,
https://www.google.com/maps/place/Holistic+Harmony+MedSpa/data=!4m7!3m6!1s0x879695c4f653dfc1:0x6cff9bdaa42df5fc!8m2!3d40.7388472!4d-96.676791!16s%2Fg%2F125_t5m1y!19sChIJwd9T9sSVlocR_PUtpNqb_2w,Holistic Harmony MedSpa,,,Holistic medicine practitioner,"7160 S 29th St, Lincoln, NE 68516, United States","P8QF+G7 Lincoln, Nebraska, USA",http://www.holisticnebraska.com/,+1 402-486-9373,Open · Closes 3 pm,https://lh3.googleusercontent.com/p/AF1QipO00hNfQMgzP0tbw-ZvBj7FxwRQ0keWE9X-ueeG=w408-h429-k-no,true,10 am–3 pm,10 am–3 pm,10 am–3 pm,10 am–3 pm,Closed,Closed,Closed,"https://www.google.com/maps/search/functional+medicine+in+Lincoln+City+Lincoln+NE/@44.9620902,-124.0159354,14z",2026-02-23T16:42:19.845Z,,
https://www.google.com/maps/place/Aceso+Total+Healthcare/data=!4m7!3m6!1s0x879695f55f3c72a5:0x49af7edb5a75bbee!8m2!3d40.7388472!4d-96.676791!16s%2Fg%2F11fpdc0mzm!19sChIJpXI8X_WVlocR7rt1Wtt-r0k,Aceso Total Healthcare,5.0,8,Medical office,"7160 S 29th St #7, Lincoln, NE 68516, United States","P8QF+G7 Lincoln, Nebraska, USA",https://www.acesototalhealth.com/,+1 402-817-4117,Closed · Opens 3 pm,https://lh3.googleusercontent.com/p/AF1QipNyj_xh7d_4kTmn6tAtCwlWMtA9VyYp6RP7veI1=w427-h240-k-no,true,3–7 pm,9 am–4 pm,9 am–4 pm,9 am–4 pm,Closed,Closed,Closed,"https://www.google.com/maps/search/functional+medicine+in+Lincoln+City+Lincoln+NE/@44.9620902,-124.0159354,14z",2026-02-23T16:42:24.883Z,,
https://www.google.com/maps/place/Restore+Health/data=!4m7!3m6!1s0x8796bd801f7f52d7:0x6db19c36e97de0ba!8m2!3d40.7714708!4d-96.6231016!16s%2Fg%2F1263cmdsh!19sChIJ11J_H4C9locRuuB96TacsW0,Restore Health,5.0,4,Chiropractor,"4107 Pioneer Woods Dr #111, Lincoln, NE 68506, United States","Q9CG+HQ Lincoln, Nebraska, USA",http://restorehealthnebraska.com/,+1 402-904-8343,Closes soon · 11 am · Reopens 2 pm,https://lh3.googleusercontent.com/gps-cs-s/AHVAweoncZ3324V69PFLOEYmBRgTMYSLPuZ7GyPchewFvflYN6ApncnkiI2VLotT-NKG6L0palWcXd2hvlkoyDq2kjmlC88fL2CS7YpJhZGxG_HNxbgqdN0H9rxv6ut-3sCK1-FE-2z3=w408-h544-k-no,false,"7–11 am, 2–6 pm",2–6 pm,"7–11 am, 2–6 pm",2–6 pm,7 am–12 pm,8–11 am,Closed,"https://www.google.com/maps/search/functional+medicine+in+Lincoln+City+Lincoln+NE/@44.9620902,-124.0159354,14z",2026-02-23T16:42:29.529Z,,
https://www.google.com/maps/place/Move%E2%80%A2ment+Chiropractic+and+Integrative+Wellness/data=!4m7!3m6!1s0x8796978dcb8770b7:0x1f299870d4d64367!8m2!3d40.7330047!4d-96.604947!16s%2Fg%2F11g0p9rsf1!19sChIJt3CHy42XlocRZ0PW1HCYKR8,Move•ment Chiropractic and Integrative Wellness,4.7,36,Chiropractor,"8421 Amber Hill Ct Ste 2, Lincoln, NE 68526, United States","P9MW+62 Lincoln, Nebraska, USA",http://www.movementig.com/,+1 402-489-8880,Open · Closes 6 pm,https://lh3.googleusercontent.com/p/AF1QipMCuxYlKgAxfcnbE_PJzkNNL2UtJAyv9M7ImKk7=w408-h272-k-no,true,8 am–6 pm,8 am–6 pm,8 am–6 pm,8 am–6 pm,7:30 am–2 pm,Closed,Closed,"https://www.google.com/maps/search/functional+medicine+in+Lincoln+City+Lincoln+NE/@44.9620902,-124.0159354,14z",2026-02-23T16:42:34.161Z,Identifies as women-owned,
"https://www.google.com/maps/place/Kevin+Coughlin,+M.D./data=!4m7!3m6!1s0x8796bdc0e94021c5:0xf29b6dfd55a6ac0!8m2!3d40.7702048!4d-96.6211057!16s%2Fg%2F12hz48ycp!19sChIJxSFA6cC9locRwGpa1d-2KQ8","Kevin Coughlin, M.D.",5.0,1,Doctor,"4210 Pioneer Woods Dr, Lincoln, NE 68506, United States","Q9CH+3H Lincoln, Nebraska, USA",http://www.lincolnwellness.com/,+1 402-488-6100,,https://streetviewpixels-pa.googleapis.com/v1/thumbnail?panoid=jdRvbfwYYs4Dux8trvy6RQ&cb_client=search.gws-prod.gps&w=408&h=240&yaw=18.306479&pitch=0&thumbfov=100,true,,,,,,,,"https://www.google.com/maps/search/functional+medicine+in+Lincoln+City+Lincoln+NE/@44.9620902,-124.0159354,14z",2026-02-23T16:42:36.797Z,,
https://www.google.com/maps/place/Dr.+Scott+Keller+Functional+Medicine/data=!4m7!3m6!1s0xa9378c9c5a6e147f:0x5ac7e18287f1bf10!8m2!3d40.8043626!4d-96.68581!16s%2Fg%2F11vx226w6s!19sChIJfxRuWpyMN6kREL_xh4Lhx1o,Dr. Scott Keller Functional Medicine,5.0,13,Health consultant,,,https://www.drscottfm.com/,+1 402-613-8537,Open · Closes 5 am Tue,https://lh3.googleusercontent.com/p/AF1QipM9u5Pvt_Ss16v09FxpnYyvGsupiEzFeXj2mPSU=w408-h533-k-no,true,9 am–5 am,9 am–5 am,9 am–5 am,9 am–5 am,9 am–1 am,Closed,Closed,"https://www.google.com/maps/search/functional+medicine+in+Lincoln+City+Lincoln+NE/@44.9620902,-124.0159354,14z",2026-02-23T16:42:41.433Z,,
"https://www.google.com/maps/place/Heather+Elton,+DC/data=!4m7!3m6!1s0x879697df0524e0e1:0x769a2e5697523b27!8m2!3d40.7331445!4d-96.6050157!16s%2Fg%2F1tm69fkl!19sChIJ4eAkBd-XlocRJztSl1YumnY","Heather Elton, DC",5.0,1,Chiropractor,"8421 Amber Hill Ct Ste 2, Lincoln, NE 68526, United States","P9MV+7X Lincoln, Nebraska, USA",http://www.movementintegrativewellness.com/,+1 402-489-8880,Open · Closes 1 pm · Reopens 2 pm,https://streetviewpixels-pa.googleapis.com/v1/thumbnail?panoid=sEHttE86MjSGPWmRkXPqAQ&cb_client=search.gws-prod.gps&w=408&h=240&yaw=207.09897&pitch=0&thumbfov=100,false,"8:30 am–1 pm, 2–6 pm",2–6 pm,"8:30 am–1 pm, 2:30–6 pm","8 am–12 pm, 2–6 pm","8 am–1 pm, 2–5:30 pm",Closed,Closed,"https://www.google.com/maps/search/functional+medicine+in+Lincoln+City+Lincoln+NE/@44.9620902,-124.0159354,14z",2026-02-23T16:42:46.081Z,,
"https://www.google.com/maps/place/Jaime+Dodge,+MD/data=!4m7!3m6!1s0x879697b2a19a41c9:0x92e892ab2575ebbf!8m2!3d40.7379704!4d-96.6458025!16s%2Fg%2F11k4rsvzzc!19sChIJyUGaobKXlocRv-t1JauS6JI","Jaime Dodge, MD",5.0,41,Family practice physician,"5445 Red Rock Ln STE 300, Lincoln, NE 68516, United States","P9Q3+5M Lincoln, Nebraska, USA",http://www.aletheia.md/,+1 531-333-2037,Open · Closes 4:30 pm,https://lh3.googleusercontent.com/p/AF1QipNVxcWpUSR-2XPrKinCvjL76-8S3JrOxC0jH4Jv=w408-h544-k-no,true,9 am–4:30 pm,9 am–4:30 pm,9 am–4:30 pm,9 am–4:30 pm,9 am–3 pm,Closed,Closed,"https://www.google.com/maps/search/functional+medicine+in+Lincoln+City+Lincoln+NE/@44.9620902,-124.0159354,14z",2026-02-23T16:42:50.987Z,,
"https://www.google.com/maps/place/Collaborative+Medical+Alternatives,+P.C/data=!4m7!3m6!1s0x879695a67b07202f:0x319c8a15a68e0868!8m2!3d40.7566671!4d-96.7002119!16s%2Fg%2F11xm698_tq!19sChIJLyAHe6aVlocRaAiOphWKnDE","Collaborative Medical Alternatives, P.C",5.0,8,Medical clinic,"5505 S 16th St STE 600, Lincoln, NE 68512, United States","Q74X+MW Lincoln, Nebraska, USA",https://www.collabmedalternatives.com/,+1 402-249-0417,Open · Closes 5 pm,https://streetviewpixels-pa.googleapis.com/v1/thumbnail?panoid=nqBgdlwSRUsCPg5_RW-O0A&cb_client=search.gws-prod.gps&w=408&h=240&yaw=292.77777&pitch=0&thumbfov=100,true,9 am–5 pm,9 am–5 pm,9 am–5 pm,9 am–5 pm,Closed,Closed,Closed,"https://www.google.com/maps/search/functional+medicine+in+Lincoln+City+Lincoln+NE/@44.9620902,-124.0159354,14z",2026-02-23T16:42:56.059Z,,
https://www.google.com/maps/place/Monarch+Integrative+Care/data=!4m7!3m6!1s0x8796bd64eb1816c7:0xc6a90fe2fb1d0a4b!8m2!3d40.8195038!4d-96.6530509!16s%2Fg%2F11vxzbzjzr!19sChIJxxYY62S9locRSwod--IPqcY,Monarch Integrative Care,5.0,8,Acupuncture clinic,"620 N 48th St Ste 203, Lincoln, NE 68504, United States","R89W+RQ Lincoln, Nebraska, USA",http://monarchintegrative.com/,+1 402-489-6196,Open · Closes 6 pm,https://lh3.googleusercontent.com/p/AF1QipP5QCDcRhtL8k7VqpBOZjBnkGOurnQ4UCPTLhIO=w408-h306-k-no,true,9 am–6 pm,9 am–6 pm,9 am–6 pm,9 am–6 pm,9 am–4 pm,10 am–4 pm,Closed,"https://www.google.com/maps/search/functional+medicine+in+Lincoln+City+Lincoln+NE/@44.9620902,-124.0159354,14z",2026-02-23T16:43:00.663Z,Identifies as women-owned,
https://www.google.com/maps/place/Trillion+Health+%26+Hormone+Clinic/data=!4m7!3m6!1s0x879695d8926d4fc5:0x73d8de567ff84b0f!8m2!3d40.7390055!4d-96.6860441!16s%2Fg%2F11s17tylny!19sChIJxU9tktiVlocRD0v4f1be2HM,Trillion Health & Hormone Clinic,4.9,274,Women's health clinic,"2455 Pine Lake Rd #110, Lincoln, NE 68512, United States","P8Q7+JH Lincoln, Nebraska, USA",http://www.trillionhh.com/,+1 402-201-2120,Open · Closes 5 pm,https://lh3.googleusercontent.com/p/AF1QipMb-ZRHh9v_nyKi8_hhSuiawubrksuUnY7rR5LB=w408-h306-k-no,true,8:30 am–5 pm,8 am–5 pm,8 am–5 pm,8 am–5 pm,8 am–2:30 pm,Closed,Closed,"https://www.google.com/maps/search/functional+medicine+in+Lincoln+City+Lincoln+NE/@44.9620902,-124.0159354,14z",2026-02-23T16:43:05.510Z,,
https://www.google.com/maps/place/Premer+Health+%26+Performance+%7C+Dr.+Taylor+Premer/data=!4m7!3m6!1s0x87969595a0ea743f:0x8d4c4b50b5147d54!8m2!3d40.7530208!4d-96.6700535!16s%2Fg%2F11xh98vr8k!19sChIJP3TqoJWVlocRVH0UtVBLTI0,Premer Health & Performance | Dr. Taylor Premer,5.0,10,Chiropractor,"3400 Plantation Dr Ste 100, Lincoln, NE 68516, United States","Q83H+6X Lincoln, Nebraska, USA",https://premerhealth.com/,+1 402-413-1979,"Closed · Opens 12 pm

Updated by this business 7 weeks ago",https://lh3.googleusercontent.com/p/AF1QipPW6WkaXHXwjsvXfHaZ8ZR2Co4FkSfNZM-HY_M4=w426-h240-k-no,true,12–5 pm,7 am–1 pm,9 am–6 pm,Closed,Closed,Closed,Closed,"https://www.google.com/maps/search/functional+medicine+in+Lincoln+City+Lincoln+NE/@44.9620902,-124.0159354,14z",2026-02-23T16:43:10.383Z,,
https://www.google.com/maps/place/Schrock+Medical+Clinic:+Lincoln/data=!4m7!3m6!1s0x87969795b026337d:0xe322bbd6d8b64201!8m2!3d40.7676888!4d-96.6030031!16s%2Fg%2F11tfz19p1q!19sChIJfTMmsJWXlocRAUK22Na7IuM,Schrock Medical Clinic: Lincoln,4.9,93,Medical clinic,"4546 S 86th St STE B, Lincoln, NE 68526, United States","Q99W+3Q Lincoln, Nebraska, USA",http://www.schrockmedical.com/lincoln,+1 402-817-1999,Open · Closes 5 pm,https://lh3.googleusercontent.com/p/AF1QipMwi2FWHBfJ1_7NpfggmflU-gDuQkJBIacWJ_qv=w408-h275-k-no,true,8 am–5 pm,8 am–5 pm,8 am–5 pm,8 am–5 pm,8 am–5 pm,Closed,Closed,"https://www.google.com/maps/search/functional+medicine+in+Lincoln+City+Lincoln+NE/@44.9620902,-124.0159354,14z",2026-02-23T16:43:15.284Z,,
https://www.google.com/maps/place/Samaritan+Surgical+Clinic+-+Lincoln+City/data=!4m7!3m6!1s0x54ea9299f1c9c2c5:0x8563e598d8ec2ad5!8m2!3d44.9849205!4d-123.9951284!16s%2Fg%2F1tj_4zw2!19sChIJxcLJ8ZmS6lQR1Srs2JjlY4U,Samaritan Surgical Clinic - Lincoln City,1.0,1,Surgical center,"3100 NE 28th St suite e, Lincoln City, OR 97367, United States","X2M3+XW Lincoln City, Oregon, USA",https://samhealth.org/find-a-location/samaritan-surgical-clinic-lincoln-city/,+1 541-994-8114,Open · Closes 4:30 pm,https://lh3.googleusercontent.com/gps-cs-s/AHVAweptTTPVxwW9-pgVZDzUQJ2CQTvjpnSbyB3kRGr5rqFweOURuwxJ_Ys5vM_6rte4H7Pr0BgqCEEU3LBaVirtpjhtna1MvxLo5amN39bR8G01O2yvnBCJXj-4y0HPA68qSuXc70g=w426-h240-k-no,true,8 am–4:30 pm,8 am–4:30 pm,8 am–4:30 pm,8 am–4:30 pm,8 am–4:30 pm,Closed,Closed,"https://www.google.com/maps/search/functional+medicine+in+Lincoln+City+Lincoln+NE/@44.9620902,-124.0159354,14z",2026-02-23T16:43:20.066Z,,
https://www.google.com/maps/place/Pacific+Chiropractic+Clinic/data=!4m7!3m6!1s0x54ea8d6fec9c76d5:0x120c0c026fa6f38b!8m2!3d44.9737018!4d-124.013114!16s%2Fg%2F1tgmv_nr!19sChIJ1Xac7G-N6lQRi_OmbwIMDBI,Pacific Chiropractic Clinic,5.0,3,Chiropractor,"1140 NE Hwy 101, Lincoln City, OR 97367, United States","XXFP+FQ Lincoln City, Oregon, USA",,+1 541-994-4093,Temporarily closed,https://streetviewpixels-pa.googleapis.com/v1/thumbnail?panoid=AXQJZBZV9_6-dYjUQ9fCMA&cb_client=search.gws-prod.gps&w=408&h=240&yaw=72.658165&pitch=0&thumbfov=100,true,,,,,,,,"https://www.google.com/maps/search/functional+medicine+in+Lincoln+City+Lincoln+NE/@44.9620902,-124.0159354,14z",2026-02-23T16:43:24.969Z,,
"https://www.google.com/maps/place/Leif+M.+Olson,+DC/data=!4m7!3m6!1s0x879695e503316acd:0xe77387c02ca04fdd!8m2!3d40.7709632!4d-96.621386!16s%2Fg%2F1v96m8_y!19sChIJzWoxA-WVlocR3U-gLMCHc-c","Leif M. Olson, DC",5.0,4,Chiropractor,"4130 Pioneer Woods Dr #3, Lincoln, NE 68506, United States","Q9CH+9C Lincoln, Nebraska, USA",http://www.spineandsports.us/,+1 402-261-6841,Open · Closes 6 pm,https://streetviewpixels-pa.googleapis.com/v1/thumbnail?panoid=zsRuOm4c2aEoHsl3MY5Rnw&cb_client=search.gws-prod.gps&w=408&h=240&yaw=128.41646&pitch=0&thumbfov=100,false,8:30 am–6 pm,Closed,Closed,8:30 am–6 pm,8:30 am–3 pm,Closed,Closed,"https://www.google.com/maps/search/functional+medicine+in+Lincoln+City+Lincoln+NE/@44.9620902,-124.0159354,14z",2026-02-23T16:43:29.708Z,,
https://www.google.com/maps/place/Aspire+Wellness:+Chiropractic+and+Functional+Nutrition/data=!4m7!3m6!1s0x6e470a3344382c3f:0x93c2417252bb7a17!8m2!3d40.7270629!4d-96.6647347!16s%2Fg%2F11w9z05dhb!19sChIJPyw4RDMKR24RF3q7UnJBwpM,Aspire Wellness: Chiropractic and Functional Nutrition,5.0,19,Chiropractor,"3900 Yankee Hill Rd Suite #103, Lincoln, NE 68516, United States","P8GP+R4 Lincoln, Nebraska, USA",https://aspirecfn.com/,+1 402-230-5586,Open · Closes 1 pm · Reopens 3 pm,https://lh3.googleusercontent.com/p/AF1QipPbjR3aVogfaf4IOjV-oJM-l4xt46uGTl77hv1R=w408-h544-k-no,true,"10 am–1 pm, 3–6 pm","10 am–1 pm, 3–6 pm","10 am–1 pm, 3–6 pm","10 am–1 pm, 3–6 pm","10 am–1 pm, 3–6 pm",9 am–12 pm,Closed,"https://www.google.com/maps/search/functional+medicine+in+Newport+Lincoln+NE/@42.6013894,-99.3273303,14z",2026-02-23T16:43:45.930Z,,
https://www.google.com/maps/place/Nebraska+Functional+Medicine/data=!4m7!3m6!1s0x87998788aeda8ccf:0x11b5046ac2e12316!8m2!3d40.939205!4d-98.377857!16s%2Fg%2F11h7s4y9cf!19sChIJz4zaroiHmYcRFiPhwmoEtRE,Nebraska Functional Medicine,5.0,72,Medical clinic,"1915 N Webb Rd STE A, Grand Island, NE 68803, United States","WJQC+MV Grand Island, Nebraska, USA",https://www.nefunctionalmedicine.com/,+1 308-390-2663,Open · Closes 5 pm,https://lh3.googleusercontent.com/p/AF1QipMPGRyMr78NosaD3G9HCZJ8KcSIqN6Ip90bo8iG=w408-h544-k-no,true,9 am–5 pm,9 am–5 pm,9 am–5 pm,9 am–5 pm,9 am–12 pm,Closed,Closed,"https://www.google.com/maps/search/functional+medicine+in+Newport+Lincoln+NE/@42.6013894,-99.3273303,14z",2026-02-23T16:43:50.619Z,,
"https://www.google.com/maps/place/Premier+Integrated+Health+%26+Wellness,+PC/data=!4m7!3m6!1s0x87969667f38f7047:0x813b710b5a793956!8m2!3d40.7701509!4d-96.6145415!16s%2Fg%2F1hc4r865w!19sChIJR3CP82eWlocRVjl5WgtxO4E","Premier Integrated Health & Wellness, PC",4.9,186,Chiropractor,"4220 Lucile Dr Ste 2, Lincoln, NE 68506, United States","Q9CP+35 Lincoln, Nebraska, USA",http://morganchiroandacu.com/,+1 402-421-1411,Open · Closes 6 pm,https://lh3.googleusercontent.com/p/AF1QipPwhuDwm-qZ_6zBnGti_0h3XioKoIgBAFrKcWxn=w426-h240-k-no,true,9 am–6 pm,9 am–6 pm,9 am–6 pm,9 am–6 pm,9 am–1 pm,Closed,Closed,"https://www.google.com/maps/search/functional+medicine+in+Newport+Lincoln+NE/@42.6013894,-99.3273303,14z",2026-02-23T16:43:55.685Z,,
https://www.google.com/maps/place/Wellness+Redefined+-+Direct+Primary+Care+and+Functional+Medicine/data=!4m7!3m6!1s0x87972950dfbcd63f:0xf4355cea74ebb74a!8m2!3d40.9057882!4d-97.1000697!16s%2Fg%2F11svvlnw9k!19sChIJP9a831Apl4cRSrfrdOpcNfQ,Wellness Redefined - Direct Primary Care and Functional Medicine,5.0,76,Medical clinic,"655 South St, Seward, NE 68434, United States","WV4X+8X Seward, Nebraska, USA",https://wellness-redefined.com/,+1 402-400-5335,Open · Closes 4 pm,https://streetviewpixels-pa.googleapis.com/v1/thumbnail?panoid=F3l1sFNAOqhj_ABqt1rvmQ&cb_client=search.gws-prod.gps&w=408&h=240&yaw=84.077866&pitch=0&thumbfov=100,true,8:30 am–4 pm,8:30 am–4 pm,8:30 am–4 pm,8:30 am–4 pm,8:30 am–12 pm,Closed,Closed,"https://www.google.com/maps/search/functional+medicine+in+Newport+Lincoln+NE/@42.6013894,-99.3273303,14z",2026-02-23T16:44:00.397Z,Identifies as women-owned,
https://www.google.com/maps/place/Avant+Total+Health/data=!4m7!3m6!1s0x879697386a0bd0e7:0x99c90f034d46bd5c!8m2!3d40.7925095!4d-96.6638198!16s%2Fg%2F11r9gvqnfl!19sChIJ59ALajiXlocRXL1GTQMPyZk,Avant Total Health,5.0,4,Medical clinic,"1919 S 40th St Suite 330, Lincoln, NE 68506, United States","Q8VP+2F Lincoln, Nebraska, USA",http://www.avanttotalhealth.com/,+1 402-261-3443,Open · Closes 5 pm,https://streetviewpixels-pa.googleapis.com/v1/thumbnail?panoid=YWUmQgrTBUsKvZ8R-_u8MQ&cb_client=search.gws-prod.gps&w=408&h=240&yaw=106.170845&pitch=0&thumbfov=100,true,9 am–5 pm,9 am–5 pm,9 am–5 pm,9 am–5 pm,9 am–5 pm,Closed,Closed,"https://www.google.com/maps/search/functional+medicine+in+Newport+Lincoln+NE/@42.6013894,-99.3273303,14z",2026-02-23T16:44:05.143Z,,
"https://www.google.com/maps/place/Scott+C.+Keller,+DC/data=!4m7!3m6!1s0x87969668dfc72ca5:0xd306f563653f64f3!8m2!3d40.73994!4d-96.6477036!16s%2Fg%2F1tjfhbr2!19sChIJpSzH32iWlocR82Q_ZWP1BtM","Scott C. Keller, DC",5.0,2,Chiropractor,"7121 Stephanie Ln, Lincoln, NE 68516, United States","P9Q2+XW Lincoln, Nebraska, USA",,+1 402-328-2660,,https://streetviewpixels-pa.googleapis.com/v1/thumbnail?panoid=R4w5BzBTHYm_iDS3T2woNQ&cb_client=search.gws-prod.gps&w=408&h=240&yaw=270.7584&pitch=0&thumbfov=100,false,,,,,,,,"https://www.google.com/maps/search/functional+medicine+in+Newport+Lincoln+NE/@42.6013894,-99.3273303,14z",2026-02-23T16:44:07.796Z,,
"https://www.google.com/maps/place/Balanced+Health+Clinic+of+Nebraska,+LLC/data=!4m7!3m6!1s0x8793f336e9b95953:0xe7dc051cf49f8542!8m2!3d41.2348156!4d-96.0944203!16s%2Fg%2F11qbgnw8hx!19sChIJU1m56Tbzk4cRQoWf9BwF3Oc","Balanced Health Clinic of Nebraska, LLC",4.7,70,Holistic medicine practitioner,"11602 W Center Rd Suite 150, Omaha, NE 68144, United States","6WM4+W6 Omaha, Nebraska, USA",http://www.balancedhealthclinicne.com/,+1 402-980-7040,Open · Closes 4:30 pm,https://lh3.googleusercontent.com/p/AF1QipOM00eZ7qptl4wZ-ERMCwjlNc-Hj5TSe9dh0Ara=w408-h544-k-no,true,7:30 am–4:30 pm,7:30 am–4:30 pm,7:30 am–4:30 pm,7:30 am–4:30 pm,7:30 am–4:30 pm,Closed,Closed,"https://www.google.com/maps/search/functional+medicine+in+Newport+Lincoln+NE/@42.6013894,-99.3273303,14z",2026-02-23T16:44:12.576Z,Identifies as women-owned,
https://www.google.com/maps/place/Dr.+Megan+Ellwanger+%7C+Omaha+Functional+Medicine+%7C+Omaha+Chiropractor/data=!4m7!3m6!1s0x8793ef4bfef3cced:0x5389cc5d754bb39b!8m2!3d41.2504095!4d-96.1153908!16s%2Fg%2F11hdqc57qt!19sChIJ7czz_kvvk4cRm7NLdV3MiVM,Dr. Megan Ellwanger | Omaha Functional Medicine | Omaha Chiropractor,5.0,42,Holistic medicine practitioner,"912 S 130th St, Omaha, NE 68154, United States","7V2M+5R Omaha, Nebraska, USA",http://www.drmeganellwanger.com/,+1 402-681-8638,Open · Closes 6 pm,https://lh3.googleusercontent.com/p/AF1QipP_1h6nZvHNcwrjXeEmd2_6rREUSa6T3qPwGTG3=w408-h612-k-no,true,9 am–6 pm,9 am–6 pm,9 am–6 pm,Closed,Closed,10–11 am,Closed,"https://www.google.com/maps/search/functional+medicine+in+Newport+Lincoln+NE/@42.6013894,-99.3273303,14z",2026-02-23T16:44:17.504Z,,
https://www.google.com/maps/place/Align+Integrated+Medical/data=!4m7!3m6!1s0x87938bd84ec540a5:0x854ccf52700a1f42!8m2!3d41.1388619!4d-96.0230247!16s%2Fg%2F11p5xk5vm7!19sChIJpUDFTtiLk4cRQh8KcFLPTIU,Align Integrated Medical,4.6,32,Alternative medicine practitioner,"11425 S 72nd St Suite 103, Papillion, NE 68046, United States","4XQG+GQ Papillion, Nebraska, USA",http://align-medical.com/,+1 402-889-5451,Closed · Opens 9 am Tue,https://lh3.googleusercontent.com/p/AF1QipNtVemyubvhxedujccUFVuEXvTv1YHw5LO29lci=w408-h306-k-no,true,Closed,9 am–6 pm,9 am–6 pm,9 am–6 pm,9 am–2 pm,Closed,Closed,"https://www.google.com/maps/search/functional+medicine+in+Newport+Lincoln+NE/@42.6013894,-99.3273303,14z",2026-02-23T16:44:22.359Z,,
"https://www.google.com/maps/place/Stephen+E.+Newburn,+DC/data=!4m7!3m6!1s0x879695c4f7cad03d:0x839e2672367b9db6!8m2!3d40.7713958!4d-96.6231066!16s%2Fg%2F1tmk8_hy!19sChIJPdDK98SVlocRtp17NnImnoM","Stephen E. Newburn, DC",5.0,2,Chiropractor,"Lincoln, NE 68516, United States","Q9CG+HQ Lincoln, Nebraska, USA",https://www.restorehealthnebraska.com/,+1 402-904-8343,,https://streetviewpixels-pa.googleapis.com/v1/thumbnail?panoid=UHd6sqiBCboIygxJ1jGcnw&cb_client=search.gws-prod.gps&w=408&h=240&yaw=269.6368&pitch=0&thumbfov=100,false,,,,,,,,"https://www.google.com/maps/search/functional+medicine+in+Newport+Lincoln+NE/@42.6013894,-99.3273303,14z",2026-02-23T16:44:24.933Z,,
https://www.google.com/maps/place/Prairie+Wellness+Collective/data=!4m7!3m6!1s0x8796bf897d8943e3:0x7f90542b56881935!8m2!3d40.792739!4d-96.6638691!16s%2Fg%2F11c55c06ry!19sChIJ40OJfYm_locRNRmIVitUkH8,Prairie Wellness Collective,5.0,32,Chiropractor,"1919 S 40th St STE 320, Lincoln, NE 68506, United States","Q8VP+3F Lincoln, Nebraska, USA",http://www.prairiewellnesscollective.com/,+1 531-254-5410,Open · Closes 12 pm,https://lh3.googleusercontent.com/p/AF1QipNWtnEPtsrv6ddtH-Xn6S5jfrq-zE35V2qsG75E=w408-h306-k-no,true,8 am–12 pm,8 am–5 pm,Closed,7 am–5 pm,Closed,Closed,Closed,"https://www.google.com/maps/search/functional+medicine+in+Newport+Lincoln+NE/@42.6013894,-99.3273303,14z",2026-02-23T16:44:29.514Z,LGBTQ+ friendly,
"https://www.google.com/maps/place/Dr.+Scott+Keller+Functional+Medicine/@40.6990344,-96.4747076,17z/data=!3m1!4b1!4m6!3m5!1s0x87969fd94f5acc47:0x765c6fc3d29b1503!8m2!3d40.6990344!4d-96.4747076!16s%2Fg%2F11vz90dlw2",Dr. Scott Keller Functional Medicine,,,Health consultant,"18150 Saltillo Rd, Bennet, NE 68317, United States","MGXG+J4 Bennet, Nebraska, USA",http://drscottfm.com/,+1 402-613-8537,Open · Closes 5 pm,,true,9 am–5 pm,9 am–5 pm,9 am–5 pm,9 am–5 pm,9 am–5 pm,Closed,Closed,"https://www.google.com/maps/search/functional+medicine+in+Newport+Lincoln+NE/@42.6013894,-99.3273303,14z",2026-02-23T16:44:36.319Z,,
https://www.google.com/maps/place/Asuta+Health+-+Lincoln/data=!4m7!3m6!1s0x87969525fab6733f:0xf47bf37d10b0ff3d!8m2!3d40.7549214!4d-96.6692294!16s%2Fg%2F11h4tplqjl!19sChIJP3O2-iWVlocRPf-wEH3ze_Q,Asuta Health - Lincoln,4.9,197,Neurologist,"3540 Village Dr Ste 200, Lincoln, NE 68516, United States","Q83J+X8 Lincoln, Nebraska, USA",https://asutahealth.org/,+1 402-432-7702,"Closes soon · 11:30 am · Reopens 2 pm

Updated by this business 6 weeks ago",https://lh3.googleusercontent.com/p/AF1QipMSSjXckIv6_i2njQFe58lzdfU9iBpjTy6KOPbk=w408-h272-k-no,true,"8–11:30 am, 2–5:30 pm","8–11:30 am, 2–5:30 pm",8 am–12 pm,"8–11:30 am, 2–5:30 pm",Closed,Closed,Closed,"https://www.google.com/maps/search/functional+medicine+in+Newport+Lincoln+NE/@42.6013894,-99.3273303,14z",2026-02-23T16:44:41.184Z,LGBTQ+ friendly,
https://www.google.com/maps/place/HealthLNK/data=!4m7!3m6!1s0x8796bd8076a44ca1:0x289a9960e1b05649!8m2!3d40.769134!4d-96.6229895!16s%2Fg%2F11b5pks0h1!19sChIJoUykdoC9locRSVaw4WCZmig,HealthLNK,5.0,144,Weight loss service,"7121 Pioneers Blvd Suite 130, Lincoln, NE 68506, United States","Q99G+MR Lincoln, Nebraska, USA",http://myhealthlnk.com/,+1 402-858-9356,Open · Closes 6 pm,https://lh3.googleusercontent.com/p/AF1QipOtkAP_0bkH_npmclMs3ppglpkKMxxY1b9793dy=w408-h306-k-no,true,9 am–6 pm,9 am–6 pm,9 am–6 pm,9 am–5 pm,9 am–5 pm,10 am–2 pm,Closed,"https://www.google.com/maps/search/functional+medicine+in+Newport+Lincoln+NE/@42.6013894,-99.3273303,14z",2026-02-23T16:44:45.978Z,,
https://www.google.com/maps/place/Functional+Healthcare+of+Omaha/data=!4m7!3m6!1s0x8793f1ac3289ffd1:0xdc7a74191c3289c8!8m2!3d41.2046923!4d-96.1995486!16s%2Fg%2F11w3rchs_x!19sChIJ0f-JMqzxk4cRyIkyHBl0etw,Functional Healthcare of Omaha,4.8,41,Wellness center,"18111 Q St #103, Omaha, NE 68135, United States","6R32+V5 Omaha, Nebraska, USA",https://www.functionalhealthcareofomaha.com/,+1 402-997-0772,"Open · Closes 3 pm

Updated by this business 10 weeks ago",https://lh3.googleusercontent.com/p/AF1QipP0GXsoc07z0KvmxuH4jy5gkgsDx6pyu8Hb5Tu4=w408-h306-k-no,true,9 am–3 pm,9 am–3 pm,9 am–3 pm,9 am–7 pm,9 am–7 pm,9 am–1 pm,Closed,"https://www.google.com/maps/search/functional+medicine+in+Newport+Lincoln+NE/@42.6013894,-99.3273303,14z",2026-02-23T16:44:50.821Z,,
https://www.google.com/maps/place/Dr.+Scott+Keller/data=!4m7!3m6!1s0x8796963c89155555:0xc6219090462e440a!8m2!3d40.755627!4d-96.6380077!16s%2Fg%2F11p07b1307!19sChIJVVUViTyWlocRCkQuRpCQIcY,Dr. Scott Keller,,,Chiropractor,"5960 Vandervoort Dr #120, Lincoln, NE 68516, United States","Q946+7Q Lincoln, Nebraska, USA",,+1 402-328-2660,,https://streetviewpixels-pa.googleapis.com/v1/thumbnail?panoid=MW8DSIj_INUsZrT7a1YyQA&cb_client=search.gws-prod.gps&w=408&h=240&yaw=85.608864&pitch=0&thumbfov=100,false,,,,,,,,"https://www.google.com/maps/search/functional+medicine+in+Newport+Lincoln+NE/@42.6013894,-99.3273303,14z",2026-02-23T16:44:53.370Z,,
https://www.google.com/maps/place/Waldport+Health+%26+Wellness/data=!4m7!3m6!1s0x54c1c35536721a0d:0x4d8c738cde3d2b88!8m2!3d44.4184865!4d-124.0785224!16s%2Fg%2F11srlv7sr1!19sChIJDRpyNlXDwVQRiCs93oxzjE0,Waldport Health & Wellness,5.0,9,Wellness center,"1310 SW Corona Ct Suite B, Waldport, OR 97394, United States","CW9C+9H Waldport, Oregon, USA",http://waldporthealthandwellness.com/,,Opens soon · 9 am,https://lh3.googleusercontent.com/p/AF1QipMjIz-RNhrpp72A62VfbsY5Tm2AIg5UPUJo267u=w408-h330-k-no,true,9 am–5 pm,9 am–6 pm,9 am–6 pm,9 am–6 pm,9 am–6 pm,9 am–6 pm,9 am–6 pm,"https://www.google.com/maps/search/functional+medicine+in+Waldport+Lincoln+NE/@44.426786,-124.0687302,14z",2026-02-23T16:45:06.690Z,Identifies as women-owned,
https://www.google.com/maps/place/Samaritan+Health+Clinic+-+Waldport/data=!4m7!3m6!1s0x54c1c16aaaaaaa9d:0xdbd5e5dfa564ff98!8m2!3d44.4163561!4d-124.0761458!16s%2Fg%2F1tcxpd93!19sChIJnaqqqmrBwVQRmP9kpd_l1ds,Samaritan Health Clinic - Waldport,3.3,28,Medical clinic,"920 SW Range Dr, Waldport, OR 97394, United States","CW8F+GG Waldport, Oregon, USA",https://samhealth.org/find-a-location/samaritan-waldport-clinic/,+1 541-563-3197,Open · Closes 5 pm,https://lh3.googleusercontent.com/p/AF1QipNlpS4dzhuwFkKcghz_0pVJ3k4gNDYJ3F3dvEfb=w408-h272-k-no,true,8 am–5 pm,8 am–5 pm,8 am–5 pm,8 am–5 pm,8 am–5 pm,Closed,Closed,"https://www.google.com/maps/search/functional+medicine+in+Waldport+Lincoln+NE/@44.426786,-124.0687302,14z",2026-02-23T16:45:12.062Z,,
https://www.google.com/maps/place/Wellness+Renewed+Functional+Medicine/data=!4m7!3m6!1s0x54c1d7d9f847491b:0x29d353659155f7c3!8m2!3d44.6367836!4d-124.0534505!16s%2Fg%2F11w80ctvn3!19sChIJG0lH-NnXwVQRw_dVkWVT0yk,Wellness Renewed Functional Medicine,,,Health consultant,"General Delivery, Newport, OR 97365, United States","JWPW+PJ Newport, Oregon, USA",,+1 913-257-3039,Open · Closes 5 pm,https://streetviewpixels-pa.googleapis.com/v1/thumbnail?panoid=U8nm1o6rXHjVIOvrIzBB3g&cb_client=search.gws-prod.gps&w=408&h=240&yaw=300.1349&pitch=0&thumbfov=100,true,8 am–5 pm,8 am–5 pm,8 am–5 pm,8 am–5 pm,8 am–5 pm,Closed,Closed,"https://www.google.com/maps/search/functional+medicine+in+Waldport+Lincoln+NE/@44.426786,-124.0687302,14z",2026-02-23T16:45:16.674Z,,
"https://www.google.com/maps/place/Dr+Deborah+Anderson,+Functional+Medicine+Doctor/data=!4m7!3m6!1s0x54c040ebaebd5fc9:0xff571111e9fbce6a!8m2!3d39.4143036!4d-119.417376!16s%2Fg%2F11cry32524!19sChIJyV-9rutAwFQRas776RERV_8","Dr Deborah Anderson, Functional Medicine Doctor",5.0,5,Alternative medicine practitioner,,,https://andersonwellnessinstitute.com/,+1 541-929-3877,Opens soon · 9 am,https://lh3.googleusercontent.com/p/AF1QipNjE-xLb_hA7fQxZiO8jY_9RirhdaehOSISQixD=w408-h272-k-no,true,9 am–5 pm,9 am–5 pm,9 am–5 pm,9 am–5 pm,Closed,Closed,Closed,"https://www.google.com/maps/search/functional+medicine+in+Waldport+Lincoln+NE/@44.426786,-124.0687302,14z",2026-02-23T16:45:21.287Z,LGBTQ+ friendly,
https://www.google.com/maps/place/Coastal+Healthcare+%28formerly+Waldport+Family+Medical+Center%29/data=!4m7!3m6!1s0x54c1c3b350ad1347:0x87a2649966fbad7e!8m2!3d44.4293097!4d-124.0618472!16s%2Fg%2F1tcx17r6!19sChIJRxOtULPDwVQRfq37Zplkooc,Coastal Healthcare (formerly Waldport Family Medical Center),3.8,4,Medical clinic,"525 N Bay St, Waldport, OR 97394, United States","CWHQ+P7 Waldport, Oregon, USA",https://www.co.lincoln.or.us/809/About-Coastal-Healthcare,+1 541-265-4947,Open · Closes 5 pm,https://streetviewpixels-pa.googleapis.com/v1/thumbnail?panoid=N-ZBpZCtWiggGQ2NQSla7w&cb_client=search.gws-prod.gps&w=408&h=240&yaw=43.19474&pitch=0&thumbfov=100,false,8 am–5 pm,Closed,8 am–5 pm,8 am–5 pm,Closed,Closed,Closed,"https://www.google.com/maps/search/functional+medicine+in+Waldport+Lincoln+NE/@44.426786,-124.0687302,14z",2026-02-23T16:45:26.101Z,,
https://www.google.com/maps/place/Yachats+Health+Care/data=!4m7!3m6!1s0x54c1ebc40a65b72f:0x8ec51b1b6be4f38!8m2!3d44.3106411!4d-124.1036997!16s%2Fg%2F11ghnbjd9z!19sChIJL7dlCsTrwVQROE--trFR7Ag,Yachats Health Care,5.0,2,Wellness center,"162 Beach St, Yachats, OR 97498, United States","8V6W+7G Yachats, Oregon, USA",http://www.yachatshealthcare.com/,+1 541-547-3344,,https://lh3.googleusercontent.com/p/AF1QipM8gHlKnIMLL9f8_RtaOQMYdq8WSluEy4IeU8SC=w408-h306-k-no,true,,,,,,,,"https://www.google.com/maps/search/functional+medicine+in+Waldport+Lincoln+NE/@44.426786,-124.0687302,14z",2026-02-23T16:45:28.898Z,,
https://www.google.com/maps/place/Dr.+Stephanie+Durham/data=!4m7!3m6!1s0x54c1d7d13905c9b9:0xc1fe25d28d1dc63d!8m2!3d44.6366558!4d-124.0598813!16s%2Fg%2F11pbby1m7q!19sChIJuckFOdHXwVQRPcYdjdIl_sE,Dr. Stephanie Durham,5.0,1,Doctor,"Box 1227, 588 W Olive St, Newport, OR 97365, United States","JWPR+M2 Newport, Oregon, USA",http://www.bothworldsdoc.com/,+1 503-902-5116,Closed · Opens 10 am Thu,https://lh3.googleusercontent.com/p/AF1QipPzt-V30WBy1EfFVG9TTHC2wCofgJpZRGplogp8=w408-h306-k-no,true,Closed,Closed,Closed,10 am–5 pm,10 am–5 pm,10 am–5 pm,Closed,"https://www.google.com/maps/search/functional+medicine+in+Waldport+Lincoln+NE/@44.426786,-124.0687302,14z",2026-02-23T16:45:33.663Z,,
https://www.google.com/maps/place/Functional+Medicine+Plus/data=!4m7!3m6!1s0x883c7f6e285f5f8b:0x45b5f2e2e0331254!8m2!3d41.6773977!4d-83.6452065!16s%2Fg%2F11rz9kfmbd!19sChIJi19fKG5_PIgRVBIz4OLytUU,Functional Medicine Plus,5.0,5,Health consultant,"4334 Central Ave Suite 226, Toledo, OH 43615, United States","M9G3+XW Toledo, Ohio, USA",http://www.functionalmedicineplus.com/,+1 419-574-9277,Open · Closes 4 pm,https://streetviewpixels-pa.googleapis.com/v1/thumbnail?panoid=plBwj2gtR7J6R1ySlmqMSw&cb_client=search.gws-prod.gps&w=408&h=240&yaw=359.09158&pitch=0&thumbfov=100,true,8:30 am–4 pm,8 am–4 pm,9 am–4 pm,8 am–4 pm,8 am–3 pm,Closed,Closed,"https://www.google.com/maps/search/functional+medicine+in+Toledo+Lincoln+NE/@41.6528052,-83.5378674,14z",2026-02-23T16:45:48.114Z,Identifies as women-owned,
https://www.google.com/maps/place/Energy+Healing+Retreats/data=!4m7!3m6!1s0xaa9cad34af6fd025:0xda6a5d63c22f8a3c!8m2!3d41.6521449!4d-83.5359914!16s%2Fg%2F11twkqswp1!19sChIJJdBvrzStnKoRPIovwmNdato,Energy Healing Retreats,5.0,11,Holistic medicine practitioner,"500 Madison Ave #545, Toledo, OH 43604, United States","MF27+VJ Toledo, Ohio, USA",,,Open · Closes 2 pm,https://streetviewpixels-pa.googleapis.com/v1/thumbnail?panoid=dYK2pNuWtm_aW1jA9t6-4A&cb_client=search.gws-prod.gps&w=408&h=240&yaw=38.102524&pitch=0&thumbfov=100,true,10 am–2 pm,10 am–2 pm,10 am–2 pm,10 am–2 pm,10 am–2 pm,Closed,Closed,"https://www.google.com/maps/search/functional+medicine+in+Toledo+Lincoln+NE/@41.6528052,-83.5378674,14z",2026-02-23T16:45:53.053Z,,
https://www.google.com/maps/place/Toledo+Holistic+Healthcare+Chiropractic+%26+Acupuncture/data=!4m7!3m6!1s0x883c7f43219494b7:0x8afcf2fb6fccff2b!8m2!3d41.6776971!4d-83.6120896!16s%2Fg%2F1tnqhnpf!19sChIJt5SUIUN_PIgRK__Mb_vy_Io,Toledo Holistic Healthcare Chiropractic & Acupuncture,4.7,29,Acupuncture clinic,"2828 Central Ave #1, Toledo, OH 43606, United States","M9HQ+35 Toledo, Ohio, USA",http://acupuncturetoledo.com/,+1 419-472-7055,Open · Closes 5:30 pm,https://lh3.googleusercontent.com/gps-cs-s/AHVAweqLPi2aL5nbmnJRQWqk71owIk66FBEm7CLscb22FU1lZp8iH94R2Po-3smwQY5cOACBVkeD5s8FdOsg9iEAjAkg8NbZ92GAFlFUZwgc7GPwrLfDpOrKiTD32hUyhsnngEyuPG1yNQ=w408-h544-k-no,true,8 am–5:30 pm,8 am–1:30 pm,8 am–5:30 pm,10 am–1:30 pm,8 am–12 pm,Closed,Closed,"https://www.google.com/maps/search/functional+medicine+in+Toledo+Lincoln+NE/@41.6528052,-83.5378674,14z",2026-02-23T16:45:57.773Z,,
"https://www.google.com/maps/place/Rapha+Functional+Wellness/@41.5689525,-83.0582401,8z/data=!3m1!4b1!4m6!3m5!1s0x8345ddb4cddf713:0x62767c64da6dbe60!8m2!3d41.5689525!4d-83.0582401!16s%2Fg%2F11yb1pdqqx",Rapha Functional Wellness,5.0,17,Holistic medicine practitioner,,,https://raphafunctionalwellness.com/,+1 419-540-8485,,,true,Open 24 hours,Open 24 hours,Open 24 hours,Open 24 hours,Open 24 hours,Open 24 hours,Closed,"https://www.google.com/maps/search/functional+medicine+in+Toledo+Lincoln+NE/@41.6528052,-83.5378674,14z",2026-02-23T16:46:04.418Z,,
https://www.google.com/maps/place/MyTotalBody+Functional+Medicine/data=!4m7!3m6!1s0x883c7f26e1c73beb:0x97932738363143e6!8m2!3d41.6773977!4d-83.6452065!16s%2Fg%2F11h22jhpk6!19sChIJ6zvH4SZ_PIgR5kMxNjgnk5c,MyTotalBody Functional Medicine,,,Alternative medicine practitioner,"4334 Central Ave Ste 219, Toledo, OH 43615, United States","M9G3+XW Toledo, Ohio, USA",,+1 419-410-2224,,https://streetviewpixels-pa.googleapis.com/v1/thumbnail?panoid=plBwj2gtR7J6R1ySlmqMSw&cb_client=search.gws-prod.gps&w=408&h=240&yaw=359.09158&pitch=0&thumbfov=100,false,,,,,,,,"https://www.google.com/maps/search/functional+medicine+in+Toledo+Lincoln+NE/@41.6528052,-83.5378674,14z",2026-02-23T16:46:07.129Z,,
https://www.google.com/maps/place/Alternative+Medicine+Centers+Of+America/data=!4m7!3m6!1s0x883c7ee1fe14f807:0x7553bf9923d5e1ef!8m2!3d41.6887772!4d-83.6349158!16s%2Fg%2F11gxw28y4t!19sChIJB_gU_uF-PIgR7-HVI5m_U3U,Alternative Medicine Centers Of America,,,Medical clinic,"Toledo, OH 43623, United States","M9Q8+G2 Toledo, Ohio, USA",,,,https://streetviewpixels-pa.googleapis.com/v1/thumbnail?panoid=Yci2TP90uSskjMazQdcXfQ&cb_client=search.gws-prod.gps&w=408&h=240&yaw=188.86296&pitch=0&thumbfov=100,false,,,,,,,,"https://www.google.com/maps/search/functional+medicine+in+Toledo+Lincoln+NE/@41.6528052,-83.5378674,14z",2026-02-23T16:46:09.700Z,,
https://www.google.com/maps/place/Icaria+-+Powered+by+ProMedica/data=!4m7!3m6!1s0x883c7f2d3e6edaad:0xb3adcc6364a1fa20!8m2!3d41.6735368!4d-83.6719094!16s%2Fg%2F11fstxmc51!19sChIJrdpuPi1_PIgRIPqhZGPMrbM,Icaria - Powered by ProMedica,5.0,3,Wellness center,"2865 N Reynolds Rd Suite 101, Toledo, OH 43615, United States","M8FH+C6 Toledo, Ohio, USA",https://www.promedica.org/icaria,+1 567-585-0775,Open · Closes 6 pm,https://lh3.googleusercontent.com/p/AF1QipOIjZG0NOgUL7z9ipH_YF7QuiVPrc75WoOvTLyH=w408-h271-k-no,true,8:30 am–6 pm,8:30 am–6 pm,8:30 am–6 pm,8:30 am–6 pm,8:30 am–6 pm,9 am–2 pm,Closed,"https://www.google.com/maps/search/functional+medicine+in+Toledo+Lincoln+NE/@41.6528052,-83.5378674,14z",2026-02-23T16:46:14.517Z,,
"https://www.google.com/maps/place/Diane+McCormick,+M.D./data=!4m7!3m6!1s0x883c7c25436efec3:0x4c4c58cee664b40a!8m2!3d41.696078!4d-83.6869848!16s%2Fg%2F1tf8ts7d!19sChIJw_5uQyV8PIgRCrRk5s5YTEw","Diane McCormick, M.D.",5.0,7,Emergency care physician,"6011 Renaissance Pl #4, Toledo, OH 43623, United States","M8W7+C6 Toledo, Ohio, USA",http://www.dianemccormickmd.com/,+1 419-885-5929,,https://streetviewpixels-pa.googleapis.com/v1/thumbnail?panoid=xS9M9i2ELo5rZo6aAx08wA&cb_client=search.gws-prod.gps&w=408&h=240&yaw=186.89902&pitch=0&thumbfov=100,false,,,,,,,,"https://www.google.com/maps/search/functional+medicine+in+Toledo+Lincoln+NE/@41.6528052,-83.5378674,14z",2026-02-23T16:46:17.265Z,,
"https://www.google.com/maps/place/Toledo+Naturopathic,+LLC/data=!4m7!3m6!1s0x883b80f01518d133:0xbf6f9720236eb0b2!8m2!3d41.4986598!4d-83.7196739!16s%2Fg%2F1tdyrg8m!19sChIJM9EYFfCAO4gRsrBuIyCXb78","Toledo Naturopathic, LLC",5.0,11,Alternative medicine practitioner,"13 S 3rd St, Waterville, OH 43566, United States","F7XJ+F4 Waterville, Ohio, USA",http://www.toledonaturopathic.com/,+1 419-376-6104,Open · Closes 5 pm,https://streetviewpixels-pa.googleapis.com/v1/thumbnail?panoid=MRMupAG8ltsG5UBkoA15Dw&cb_client=search.gws-prod.gps&w=408&h=240&yaw=87.404594&pitch=0&thumbfov=100,true,9 am–5 pm,Closed,9 am–5 pm,Closed,9 am–5 pm,Closed,Closed,"https://www.google.com/maps/search/functional+medicine+in+Toledo+Lincoln+NE/@41.6528052,-83.5378674,14z",2026-02-23T16:46:21.988Z,,
https://www.google.com/maps/place/PflegMed:+Healthy+by+Dr.+Jen/data=!4m7!3m6!1s0x883c77a12d3236c3:0x9dc844d6796f053e!8m2!3d41.5596578!4d-83.6316004!16s%2Fg%2F11hbv6lc2k!19sChIJwzYyLaF3PIgRPgVvedZEyJ0,PflegMed: Healthy by Dr. Jen,4.6,44,Alternative medicine practitioner,"140 W Front St, Perrysburg, OH 43551, United States","H959+V9 Perrysburg, Ohio, USA",http://www.healthybydrjen.com/,+1 567-336-6001,,https://lh3.googleusercontent.com/gps-cs-s/AHVAwerurbSGgfDoU9U566dq-f-ByIRzUOB6P1aOvHI0JhgujCF2q_sBRZinI9JuJtT26lYOLPljfbL_OPlAPjC4_xSaK6zQgQHh-Qi-7lzby8cC2Riq1nRoztn0So60lW4sJFp3qL0r=w408-h544-k-no,true,,,,,,,,"https://www.google.com/maps/search/functional+medicine+in+Toledo+Lincoln+NE/@41.6528052,-83.5378674,14z",2026-02-23T16:46:24.564Z,Identifies as women-owned,
"https://www.google.com/maps/place/Enixus+Center+for+Integrative,+Functional,+and+Lifestyle+Medicine+in+Sylvania,+OH/data=!4m7!3m6!1s0x883c7dc81efc5859:0x8b0ff2eb79b87165!8m2!3d41.7162638!4d-83.6985396!16s%2Fg%2F11f63y7v9x!19sChIJWVj8Hsh9PIgRZXG4eevyD4s","Enixus Center for Integrative, Functional, and Lifestyle Medicine in Sylvania, OH",3.7,3,Medical office,"6400 Monroe St Suite C, Sylvania, OH 43560, United States","P882+GH Sylvania, Ohio, USA",http://www.enixus.healthcare/,+1 844-436-4987,Open · Closes 3:30 pm,https://lh3.googleusercontent.com/p/AF1QipOuGHrg9b54B2XNSBUxRNOwz7Da3Jr3RhoHuN2g=w408-h408-k-no,true,8:30 am–3:30 pm,8:30 am–3:30 pm,8:30 am–3:30 pm,8:30 am–3:30 pm,8:30 am–3:30 pm,Closed,Closed,"https://www.google.com/maps/search/functional+medicine+in+Toledo+Lincoln+NE/@41.6528052,-83.5378674,14z",2026-02-23T16:46:29.303Z,,
"https://www.google.com/maps/place/ABA+Family+Chiropractic+Holistic+Health+Center,+LLC/data=!4m7!3m6!1s0x883c7ead3ebd0d3b:0x6dab58ee99e00012!8m2!3d41.6671005!4d-83.6683695!16s%2Fg%2F1tdr3_0j!19sChIJOw29Pq1-PIgREgDgme5Yq20","ABA Family Chiropractic Holistic Health Center, LLC",5.0,49,Chiropractor,"2439 N Reynolds Rd, Toledo, OH 43615, United States","M88J+RM Toledo, Ohio, USA",https://www.abachiropractic.com/,+1 419-535-7818,"Open · Closes 6 pm

Updated by others 10 weeks ago",https://lh3.googleusercontent.com/p/AF1QipNbx7rBpXX42NxFAisbRuj9-YfRHbqNVJioTKzG=w408-h271-k-no,true,8:30 am–6 pm,9 am–12 pm,8:30 am–7 pm,Closed,8:30 am–5 pm,Closed,Closed,"https://www.google.com/maps/search/functional+medicine+in+Toledo+Lincoln+NE/@41.6528052,-83.5378674,14z",2026-02-23T16:46:34.107Z,,
https://www.google.com/maps/place/Optimal+Life+Integrative+Medicine/data=!4m7!3m6!1s0x883c7f1c35b59f17:0xddfa7d2f75e33f08!8m2!3d41.6899589!4d-83.6319267!16s%2Fg%2F1tgdp6tv!19sChIJF5-1NRx_PIgRCD_jdS99-t0,Optimal Life Integrative Medicine,,,Acupuncture clinic,"3915 Sunforest Ct # B, Toledo, OH 43623, United States","M9Q9+X6 Toledo, Ohio, USA",,+1 419-474-3657,,https://streetviewpixels-pa.googleapis.com/v1/thumbnail?panoid=9YMjCo9Nhf91Xrr2svOG-g&cb_client=search.gws-prod.gps&w=408&h=240&yaw=271.47507&pitch=0&thumbfov=100,false,,,,,,,,"https://www.google.com/maps/search/functional+medicine+in+Toledo+Lincoln+NE/@41.6528052,-83.5378674,14z",2026-02-23T16:46:37.054Z,,
https://www.google.com/maps/place/Siletz+Community+Health+Clinic/data=!4m7!3m6!1s0x54ea8014f51bd9ad:0x737b11c87dd8ed92!8m2!3d44.7212171!4d-123.9043936!16s%2Fg%2F11b66cwvrm!19sChIJrdkb9RSA6lQRku3YfcgRe3M,Siletz Community Health Clinic,4.2,17,Medical clinic,"200 Gwee-Shut Rd, Siletz, OR 97380, United States","P3CW+F6 Siletz, Oregon, USA",https://www.ctsi.nsn.us/tribal-services/healthcare/,+1 541-444-1030,Open · Closes 5 pm,https://lh3.googleusercontent.com/gps-cs-s/AHVAwerQQ_2Kx3RLwAsZuQKHxDZk_F8SBoBOWNNRZxXliVsyy9jBKzeTFZb9AedHddkqJ1NhKmA9qskeJvJYyFPPSgftSSc4W-TbWOh8aVQgndgZv3XvIAgccTxQ0Pjy1M7s1XvfYgw=w408-h272-k-no,true,8 am–5 pm,8 am–5 pm,12–5 pm,8 am–5 pm,8 am–5 pm,Closed,Closed,"https://www.google.com/maps/search/functional+medicine+in+Siletz+Lincoln+NE/@44.7217836,-123.920113,14z",2026-02-23T16:46:50.210Z,,
"https://www.google.com/maps/place/Healing+Integrative+Wellness,+LLC/@44.89114,-124.0017016,10z/data=!3m1!4b1!4m6!3m5!1s0x89c2a1c184663f6d:0x3a8f986b92c3edc!8m2!3d44.89114!4d-124.0017016!16s%2Fg%2F11hbgs4j8h","Healing Integrative Wellness, LLC",5.0,41,Sports massage therapist,,,http://www.hiwellness.net/,+1 203-344-5202,Closed · Opens 8:30 am Tue,,true,Closed,8:30 am–4:30 pm,8:30 am–4:30 pm,8:30 am–4:30 pm,8:30 am–4:30 pm,9 am–3 pm,Closed,"https://www.google.com/maps/search/functional+medicine+in+Siletz+Lincoln+NE/@44.7217836,-123.920113,14z",2026-02-23T16:46:56.840Z,LGBTQ+ friendly,
https://www.google.com/maps/place/Christensen+Stephen+A+MD/data=!4m7!3m6!1s0x54ea8014f51bd9ad:0xbe88d18c167a6bf2!8m2!3d44.7198826!4d-123.9176062!16s%2Fg%2F1v9lbhxz!19sChIJrdkb9RSA6lQR8mt6FozRiL4,Christensen Stephen A MD,,,Doctor,"107 SE Swan Ave, Siletz, OR 97380, United States","P39J+XX Siletz, Oregon, USA",,+1 541-444-1030,,https://streetviewpixels-pa.googleapis.com/v1/thumbnail?panoid=4PgpeZzZ0WWlerwBVozO3w&cb_client=search.gws-prod.gps&w=408&h=240&yaw=215.0118&pitch=0&thumbfov=100,false,,,,,,,,"https://www.google.com/maps/search/functional+medicine+in+Siletz+Lincoln+NE/@44.7217836,-123.920113,14z",2026-02-23T16:46:59.702Z,,
https://www.google.com/maps/place/Integrity+Coastal+Health+%26+Wellness/data=!4m7!3m6!1s0x54c1d7cd7a9a4aed:0xa3bfacf785431971!8m2!3d44.634485!4d-124.056764!16s%2Fg%2F11j6k83yf9!19sChIJ7Uqaes3XwVQRcRlDhfesv6M,Integrity Coastal Health & Wellness,4.6,102,Women's health clinic,"324 SW 7th St suite b, Newport, OR 97365, United States","JWMV+Q7 Newport, Oregon, USA",https://integritycoastal.net/,+1 541-265-4253,Opens soon · 9 am,https://lh3.googleusercontent.com/p/AF1QipNQVQL5xDOn28rpYxxCQoeVfeCRDwj28GVtet5O=w408-h306-k-no,true,9 am–4:30 pm,9 am–4:30 pm,Closed,9 am–4:30 pm,9 am–1 pm,Closed,Closed,"https://www.google.com/maps/search/functional+medicine+in+Siletz+Lincoln+NE/@44.7217836,-123.920113,14z",2026-02-23T16:47:04.403Z,LGBTQ+ friendly,