placeUrl,title,rating,reviewCount,category,address,plusCode,website,phoneNumber,currentStatus,imgUrl,isClaimed,query,timestamp,monday,tuesday,wednesday,thursday,friday,saturday,sunday,info,isBlackOwned
https://www.google.com/maps/place/Ellie+Mental+Health/data=!4m7!3m6!1s0x863f9f1d9b521f4d:0x72772fdcab8b3ec8!8m2!3d29.303261!4d-94.7916132!16s%2Fg%2F11vpfgq48z!19sChIJTR9Smx2fP4YRyD6Lq9wvd3I,Ellie Mental Health,5.0,11,Mental health service,"622 22nd St, Galveston, TX 77550, United States","8635+89 Galveston, Texas, USA",http://elliementalhealth.com/locations/galveston-tx,+1 409-220-6082,,https://streetviewpixels-pa.googleapis.com/v1/thumbnail?panoid=Dc6cYtn9jcF96IX9sr6yVw&cb_client=search.gws-prod.gps&w=408&h=240&yaw=118.91336&pitch=0&thumbfov=100,true,"https://www.google.com/maps/search/Psychiatry+clinics+in+Galveston+Galveston+TX/@29.3012309,-94.7950151,14z",2025-12-16T03:15:26.542Z,,,,,,,,,
"https://www.google.com/maps/place/UTMB+Health+Psychiatry,+PCP+Galveston/data=!4m7!3m6!1s0x863f9e36a8d29f81:0x30a2acdc76ee09ca!8m2!3d29.314894!4d-94.7747253!16s%2Fg%2F11bbrmxv4p!19sChIJgZ_SqDaeP4YRygnudtysojA","UTMB Health Psychiatry, PCP Galveston",3.3,11,Psychiatrist,"400 Harborside Dr Suites 118-119, Entrance B, Galveston, TX 77555, United States","867G+X4 Galveston, Texas, USA",https://www.utmbhealth.com/servicelines/behavioral-mental-health,+1 409-772-0770,Closed · Opens 8 am Tue,https://lh3.googleusercontent.com/p/AF1QipOIZKHVmPoDVBfRkxzfVfmkzwairy1FSgzqgzXZ=w408-h271-k-no,true,"https://www.google.com/maps/search/Psychiatry+clinics+in+Galveston+Galveston+TX/@29.3012309,-94.7950151,14z",2025-12-16T03:15:32.299Z,8 am–5 pm,8 am–5 pm,8 am–5 pm,8 am–5 pm,8 am–5 pm,Closed,Closed,,
"https://www.google.com/maps/place/UTMB+Health+Pedi+Psychology%2FMental+Health,+Galveston/data=!4m7!3m6!1s0x863f9decd21e3ab5:0xf3b209e0d28c988!8m2!3d29.2891472!4d-94.8429088!16s%2Fg%2F11j47zn1yy!19sChIJtToe0uydP4YRiMkoDZ4gOw8","UTMB Health Pedi Psychology/Mental Health, Galveston",5.0,1,Child psychologist,"6416 Broadway St, Galveston, TX 77551, United States","75Q4+MR Galveston, Texas, USA",https://www.utmbhealth.com/services/developmental-behavioral-mental-health/child-and-adolescent-services-and-providers,+1 409-772-3680,Closed · Opens 8 am Tue,https://lh3.googleusercontent.com/p/AF1QipMLeOEciaZz9MZEU5LA2s_ID-4sy3uHg5Tar-Xz=w754-h240-k-no,true,"https://www.google.com/maps/search/Psychiatry+clinics+in+Galveston+Galveston+TX/@29.3012309,-94.7950151,14z",2025-12-16T03:15:37.832Z,8 am–5 pm,8 am–5 pm,8 am–5 pm,8 am–5 pm,8 am–5 pm,Closed,Closed,,
https://www.google.com/maps/place/UTMB+Department+of+Psychiatry+and+Behavioral+Sciences/data=!4m7!3m6!1s0x863f9e38478bbf23:0x205d15dca5beac56!8m2!3d29.3113724!4d-94.7773653!16s%2Fg%2F12hkdqycy!19sChIJI7-LRzieP4YRVqy-pdwVXSA,UTMB Department of Psychiatry and Behavioral Sciences,4.0,1,Mental health clinic,"301 University Blvd, Galveston, TX 77555, United States","866F+G3 Galveston, Texas, USA",https://www.utmb.edu/psychiatry/,+1 409-772-0770,,https://streetviewpixels-pa.googleapis.com/v1/thumbnail?panoid=n9PDlwmYjj3ESG7CVgzzJQ&cb_client=search.gws-prod.gps&w=408&h=240&yaw=255.97015&pitch=0&thumbfov=100,false,"https://www.google.com/maps/search/Psychiatry+clinics+in+Galveston+Galveston+TX/@29.3012309,-94.7950151,14z",2025-12-16T03:15:40.813Z,,,,,,,,,
"https://www.google.com/maps/place/Gulf+Coast+Center/@29.2941247,-94.8198146,17z/data=!3m1!4b1!4m6!3m5!1s0x863f9e6cef72a4ab:0xecab71bf18ca5689!8m2!3d29.2941247!4d-94.8198146!16s%2Fg%2F1tjxg0t5",Gulf Coast Center,4.5,15,Mental health service,"4700 Broadway Avenue J Suite F103, Galveston, TX 77551, United States","75VJ+J3 Galveston, Texas, USA",http://gulfcoastcenter.org/,+1 800-643-0967,Closed · Opens 8 am Tue,,false,"https://www.google.com/maps/search/Psychiatry+clinics+in+Galveston+Galveston+TX/@29.3012309,-94.7950151,14z",2025-12-16T03:15:48.215Z,8 am–5 pm,8 am–5 pm,8 am–5 pm,8 am–5 pm,8 am–5 pm,Closed,Closed,,
https://www.google.com/maps/place/The+Space+Between+Psychotherapy/data=!4m7!3m6!1s0x863f9d747c1d899f:0x9c441f471927734!8m2!3d29.2732735!4d-94.8357031!16s%2Fg%2F11fj6krv8f!19sChIJn4kdfHSdP4YRNHeScfRBxAk,The Space Between Psychotherapy,4.7,12,Psychotherapist,"6511 Stewart Rd #1c, Galveston, TX 77551, United States","75F7+8P Galveston, Texas, USA",https://thespacebetweentherapy.com/,+1 409-220-3067,Closed · Opens 10 am Tue,https://lh3.googleusercontent.com/p/AF1QipNBMcSu3Cs6dqZEXgecFHhFh-uJ_eJKybxgaPVu=w408-h272-k-no,true,"https://www.google.com/maps/search/Psychiatry+clinics+in+Galveston+Galveston+TX/@29.3012309,-94.7950151,14z",2025-12-16T03:15:54.256Z,Closed,10 am–6 pm,10 am–6 pm,10 am–6 pm,Closed,10 am–4 pm,Closed,,
"https://www.google.com/maps/place/UTMB+Health+Pedi+Psychology%2FMental+Health,+PCP+Galveston/data=!4m7!3m6!1s0x863f9e36aed98edf:0x81d7264797fabf90!8m2!3d29.3149325!4d-94.7747821!16s%2Fg%2F11g7z7s3st!19sChIJ347ZrjaeP4YRkL_6l0cm14E","UTMB Health Pedi Psychology/Mental Health, PCP Galveston",,,Psychologist,"400 Harborside Dr Suite 103, Entrance A, Galveston, TX 77555, United States","867G+X3 Galveston, Texas, USA",https://www.utmbhealth.com/servicelines/behavioral-mental-health,+1 409-772-3695,Closed · Opens 8 am Tue,https://lh3.googleusercontent.com/p/AF1QipOv4ltfy0B_-cg9JouVaWhSnWuIGZrgjF2wz723=w408-h271-k-no,true,"https://www.google.com/maps/search/Psychiatry+clinics+in+Galveston+Galveston+TX/@29.3012309,-94.7950151,14z",2025-12-16T03:15:59.699Z,8 am–5 pm,8 am–5 pm,8 am–5 pm,8 am–5 pm,8 am–5 pm,Closed,Closed,,
"https://www.google.com/maps/place/UTMB+Health+Behavioral+Health,+John+Sealy+Galveston/data=!4m7!3m6!1s0x863f9fae08004951:0x77acfb8bac641342!8m2!3d29.3096197!4d-94.7767252!16s%2Fg%2F11yc71xjv5!19sChIJUUkACK6fP4YRQhNkrIv7rHc","UTMB Health Behavioral Health, John Sealy Galveston",,,Psychiatrist,"301 8th St 10th Floor, Galveston, TX 77555, United States","865F+R8 Galveston, Texas, USA",https://www.utmbhealth.com/servicelines/behavioral-mental-health,+1 409-266-0370,Closed · Opens 8 am Tue,https://streetviewpixels-pa.googleapis.com/v1/thumbnail?panoid=2jIq1LdLjva9e0YtNVLPow&cb_client=search.gws-prod.gps&w=408&h=240&yaw=264.39105&pitch=0&thumbfov=100,true,"https://www.google.com/maps/search/Psychiatry+clinics+in+Galveston+Galveston+TX/@29.3012309,-94.7950151,14z",2025-12-16T03:16:04.649Z,8 am–5 pm,8 am–5 pm,8 am–5 pm,8 am–5 pm,8 am–5 pm,Closed,Closed,,
https://www.google.com/maps/place/Texas+Care+Galveston/data=!4m7!3m6!1s0x863f9d07a74af77f:0xa5b01c61d4665fef!8m2!3d29.2941304!4d-94.8199417!16s%2Fg%2F11m5rz8bwq!19sChIJf_dKpwedP4YR719m1GEcsKU,Texas Care Galveston,,,Mental health clinic,"4700 Broadway Avenue J Suite C109, Galveston, TX 77551, United States","75VJ+M2 Galveston, Texas, USA",https://texascaregalveston.com/,+1 409-340-0322,Closed · Opens 9 am Tue,https://streetviewpixels-pa.googleapis.com/v1/thumbnail?panoid=xeAeAO4G8FRtYjTh0mmlNQ&cb_client=search.gws-prod.gps&w=408&h=240&yaw=332.01068&pitch=0&thumbfov=100,true,"https://www.google.com/maps/search/Psychiatry+clinics+in+Galveston+Galveston+TX/@29.3012309,-94.7950151,14z",2025-12-16T03:16:09.524Z,9 am–6 pm,9 am–6 pm,9 am–6 pm,9 am–6 pm,9 am–6 pm,Closed,Closed,,
"https://www.google.com/maps/place/Teen+Health+Center,+Inc./data=!4m7!3m6!1s0x863f9dd59fb93597:0x1ca64b18647da458!8m2!3d29.2880433!4d-94.8107466!16s%2Fg%2F1td25txr!19sChIJlzW5n9WdP4YRWKR9ZBhLphw","Teen Health Center, Inc.",4.7,6,Medical clinic,"Ball High School Room 1014, 4115 Avenue O, Galveston, TX 77550, United States","75QQ+6P Galveston, Texas, USA",http://teenhealthcenter.org/,+1 409-761-3530,Closed · Opens 8 am Tue,https://lh3.googleusercontent.com/p/AF1QipPFMQwlEzWbTMPhjN6cpPb2Y74UP66mhzyQFbZB=w408-h272-k-no,true,"https://www.google.com/maps/search/Psychiatry+clinics+in+Galveston+Galveston+TX/@29.3012309,-94.7950151,14z",2025-12-16T03:16:14.682Z,8 am–4 pm,8 am–4 pm,8 am–4 pm,8 am–4 pm,8 am–4 pm,Closed,Closed,,
https://www.google.com/maps/place/Mindful+Integrative+Psychiatry/data=!4m7!3m6!1s0x863f9f429fe0400b:0x316bb067b192d8d0!8m2!3d29.3010079!4d-94.7918252!16s%2Fg%2F11wp_995n5!19sChIJC0Dgn0KfP4YR0NiSsWewazE,Mindful Integrative Psychiatry,,,Mental health clinic,"2219 Sealy Ave, Galveston, TX 77550, United States","8625+C7 Galveston, Texas, USA",https://www.mindfulintegrativepsy.com/,+1 409-324-9809,Closed · Opens 9 am Tue,https://streetviewpixels-pa.googleapis.com/v1/thumbnail?panoid=6kVFlpqD9IuSvLArmq1Njw&cb_client=search.gws-prod.gps&w=408&h=240&yaw=155.43118&pitch=0&thumbfov=100,true,"https://www.google.com/maps/search/Psychiatry+clinics+in+Galveston+Galveston+TX/@29.3012309,-94.7950151,14z",2025-12-16T03:16:19.637Z,9 am–4 pm,9 am–4 pm,9 am–4 pm,9 am–4 pm,9 am–4 pm,Closed,Closed,Identifies as women-owned,
https://www.google.com/maps/place/Dr.+Navin+Oorjitham/data=!4m7!3m6!1s0x863f9e36a8d29f81:0x1d5fd07ec24b47c6!8m2!3d29.314823!4d-94.774655!16s%2Fg%2F11tn9l8qx8!19sChIJgZ_SqDaeP4YRxkdLwn7QXx0,Dr. Navin Oorjitham,5.0,1,Psychiatrist,"400 Harborside Dr #118, Galveston, TX 77555, United States","867G+W4 Galveston, Texas, USA",,+1 409-772-0770,,https://streetviewpixels-pa.googleapis.com/v1/thumbnail?panoid=_jP-jlYuzGqAd5tfxguazQ&cb_client=search.gws-prod.gps&w=408&h=240&yaw=41.22151&pitch=0&thumbfov=100,false,"https://www.google.com/maps/search/Psychiatry+clinics+in+Galveston+Galveston+TX/@29.3012309,-94.7950151,14z",2025-12-16T03:16:22.612Z,,,,,,,,,
"https://www.google.com/maps/place/Prevail+Behavioral+Health+%26+Wellness+Center,+GALVESTON+Office/data=!4m7!3m6!1s0x863f9ff3b904b99f:0x8b91058350ad1dde!8m2!3d29.2938462!4d-94.7859078!16s%2Fg%2F11ypc8n1g1!19sChIJn7kEufOfP4YR3h2tUIMFkYs","Prevail Behavioral Health & Wellness Center, GALVESTON Office",,,Mental health service,"1802 20th St, Galveston, TX 77550, United States","76V7+GJ Galveston, Texas, USA",https://www.pbhwc.com/,+1 936-443-9629,"Closed · Opens 9 am Tue

Updated by this business 3 weeks ago",https://lh3.googleusercontent.com/p/AF1QipM1dMexNqoQj-_LA-olC1oqagjJqKzR3ebxOIZZ=w408-h559-k-no,true,"https://www.google.com/maps/search/Psychiatry+clinics+in+Galveston+Galveston+TX/@29.3012309,-94.7950151,14z",2025-12-16T03:16:28.025Z,9 am–6 pm,9 am–6 pm,9 am–6 pm,9 am–6 pm,9 am–1 pm,Closed,Closed,,
"https://www.google.com/maps/place/Agape+Marriage+and+Family+Counseling,+LLC/data=!4m7!3m6!1s0x863f9fcaff2887e5:0xea201776a151fa87!8m2!3d29.3056002!4d-94.792103!16s%2Fg%2F11t1jf9s47!19sChIJ5Yco_8qfP4YRh_pRoXYXIOo","Agape Marriage and Family Counseling, LLC",5.0,10,Mental health service,"2121 Market St, Galveston, TX 77550, United States","8645+65 Galveston, Texas, USA",https://agape-marriage-and-family-counseling-llc.b12sites.com/,+1 409-761-0076,,https://lh3.googleusercontent.com/p/AF1QipMXbnhQIt-nuhJsfFbgv4kmp7QeZJ5S0e2EcHG9=w426-h240-k-no,true,"https://www.google.com/maps/search/Psychiatry+clinics+in+Galveston+Galveston+TX/@29.3012309,-94.7950151,14z",2025-12-16T03:16:33.428Z,9 am–5 pm,9 am–5 pm,9 am–5 pm,9 am–5 pm,9 am–5 pm,9 am–5 pm,Closed,,true
https://www.google.com/maps/place/Sniff+Shannon+L+MD/data=!4m7!3m6!1s0x863f9e37bf0bc0f1:0x4f001385eac3204a!8m2!3d29.3107498!4d-94.7758738!16s%2Fg%2F1tlndtxn!19sChIJ8cALvzeeP4YRSiDD6oUTAE8,Sniff Shannon L MD,5.0,2,Child psychiatrist,"301 University Blvd, Galveston, TX 77555, United States","866F+7M Galveston, Texas, USA",,+1 409-772-1011,,https://streetviewpixels-pa.googleapis.com/v1/thumbnail?panoid=awGskzWxpraq-gW0lWGvBg&cb_client=search.gws-prod.gps&w=408&h=240&yaw=168.82217&pitch=0&thumbfov=100,false,"https://www.google.com/maps/search/Psychiatry+clinics+in+Galveston+Galveston+TX/@29.3012309,-94.7950151,14z",2025-12-16T03:16:36.754Z,,,,,,,,,
"https://www.google.com/maps/place/Dr.+Walter+J.+Meyer+III,+MD/data=!4m7!3m6!1s0x863f9e362b71d9d9:0xc899d4a4214f80c5!8m2!3d29.3092887!4d-94.777048!16s%2Fg%2F1th6f6q0!19sChIJ2dlxKzaeP4YRxYBPIaTUmcg","Dr. Walter J. Meyer III, MD",5.0,1,Psychiatrist,"815 Market St, Galveston, TX 77550, United States","865F+P5 Galveston, Texas, USA",,+1 409-770-6718,,https://streetviewpixels-pa.googleapis.com/v1/thumbnail?panoid=rYTH0LV44tMfhtxGnYv2LA&cb_client=search.gws-prod.gps&w=408&h=240&yaw=253.22249&pitch=0&thumbfov=100,false,"https://www.google.com/maps/search/Psychiatry+clinics+in+Galveston+Galveston+TX/@29.3012309,-94.7950151,14z",2025-12-16T03:16:40.250Z,,,,,,,,,
https://www.google.com/maps/place/St+Vincent%27s+Hope+Clinic/data=!4m7!3m6!1s0x863f9e6e063d29b1:0xe20dbb9b511ac108!8m2!3d29.3025886!4d-94.7996465!16s%2Fg%2F11cfftr6q!19sChIJsSk9Bm6eP4YRCMEaUZu7DeI,St Vincent's Hope Clinic,4.0,50,Medical clinic,"2817 Postoffice St, Galveston, TX 77550, United States","8632+24 Galveston, Texas, USA",https://www.stvclinic.org/,+1 409-765-2242,Closed · Opens 8 am Tue,https://lh3.googleusercontent.com/gps-cs-s/AG0ilSz2Ngx0InxO0_BQet35SGJhzbANHPpCocKa22fcQVZym7EseM2XXIXWrZEvhHPbaQMehu-JViTLHRU9kAxokTxhRWpQOpoCCIwmZ3i6b8Ac4EQ3uCnZiM99pVOPKPLTDIwd_Zw=w408-h306-k-no,true,"https://www.google.com/maps/search/Psychiatry+clinics+in+Galveston+Galveston+TX/@29.3012309,-94.7950151,14z",2025-12-16T03:16:46.645Z,8 am–3:30 pm,8 am–3:30 pm,8 am–3:30 pm,8 am–3:30 pm,8 am–3 pm,Closed,Closed,,
"https://www.google.com/maps/place/UTMB+Health+Geriatrics,+PCP+Galveston/data=!4m7!3m6!1s0x863f9e36a8d29f81:0x7342a30036731e63!8m2!3d29.3147792!4d-94.7747199!16s%2Fg%2F11bbrnzscl!19sChIJgZ_SqDaeP4YRYx5zNgCjQnM","UTMB Health Geriatrics, PCP Galveston",4.7,3,Medical clinic,"400 Harborside Dr Suite 100, Entrance A, Galveston, TX 77555, United States","867G+W4 Galveston, Texas, USA",https://www.utmbhealth.com/services/geriatric-care,+1 409-772-3373,Closed · Opens 8 am Tue,https://lh3.googleusercontent.com/p/AF1QipM7aov83LpFbO4FbhK1HP7qpJQp7QPFDGS-5-Qq=w408-h271-k-no,true,"https://www.google.com/maps/search/Psychiatry+clinics+in+Galveston+Galveston+TX/@29.3012309,-94.7950151,14z",2025-12-16T03:16:52.091Z,8 am–5 pm,8 am–5 pm,8 am–5 pm,8 am–5 pm,8 am–5 pm,Closed,Closed,,
https://www.google.com/maps/place/Rebecca+Sealy+Hospital/data=!4m7!3m6!1s0x863f9e361fe78815:0xf2be6e18472b2b5!8m2!3d29.3099984!4d-94.7758686!16s%2Fg%2F11b76gmq70!19sChIJFYjnHzaeP4YRtbJyhOHmKw8,Rebecca Sealy Hospital,4.2,5,Hospital,"404 St Marys Blvd, Galveston, TX 77550, United States","865F+XM Galveston, Texas, USA",http://www.utmb.edu/,+1 409-945-2714,Open 24 hours,https://streetviewpixels-pa.googleapis.com/v1/thumbnail?panoid=tbirp9qi0LbilIId0txtXw&cb_client=search.gws-prod.gps&w=408&h=240&yaw=120.51939&pitch=0&thumbfov=100,false,"https://www.google.com/maps/search/Psychiatry+clinics+in+Galveston+Galveston+TX/@29.3012309,-94.7950151,14z",2025-12-16T03:16:57.433Z,Open 24 hours,Open 24 hours,Open 24 hours,Open 24 hours,Open 24 hours,Open 24 hours,Open 24 hours,,
https://www.google.com/maps/place/Coastal+Health+%26+Wellness+-+Galveston/data=!4m7!3m6!1s0x863f9e651642db15:0xd649565da7f89282!8m2!3d29.2941247!4d-94.8198145!16s%2Fg%2F11b5wl_xmw!19sChIJFdtCFmWeP4YRgpL4p11WSdY,Coastal Health & Wellness - Galveston,3.9,145,Wellness center,"4700 Broadway Avenue J, Galveston, TX 77551, United States","75VJ+J3 Galveston, Texas, USA",https://www.coastalhw.org/,+1 409-938-2234,Closed · Opens 8 am Tue,https://lh3.googleusercontent.com/gps-cs-s/AG0ilSwBX5ST2kDLfEOWbLAIHcY83qYAZQp6tGerwx0aCmK-KIhbdEhAY5dtmbczYCfIr8k3zTIQWw779LTWaPUeamzzbE4gGvGzpMAiFcgCrpcTJxSfKu4bzSOMINg-QVJPNaP2ubKC=w408-h544-k-no,false,"https://www.google.com/maps/search/Psychiatry+clinics+in+Galveston+Galveston+TX/@29.3012309,-94.7950151,14z",2025-12-16T03:17:02.619Z,8 am–5 pm,8 am–5 pm,8 am–5 pm,8 am–5 pm,8 am–5 pm,Closed,Closed,,
"https://www.google.com/maps/place/UTMB+Health+Women's+Psychology,+UHC+Galveston/@29.311451,-94.7784626,17z/data=!3m1!4b1!4m6!3m5!1s0x863f9fc884336ebf:0xffe6260567f791d8!8m2!3d29.311451!4d-94.7784626!16s%2Fg%2F11j481b22m","UTMB Health Women's Psychology, UHC Galveston",,,Psychologist,"1005 Harborside Dr 3rd floor, Galveston, TX 77550, United States","866C+HJ Galveston, Texas, USA",https://www.utmbhealth.com/services/developmental-behavioral-mental-health/adult-services-and-providers#womthera,+1 409-772-9507,Closed · Opens 8 am Tue,,true,"https://www.google.com/maps/search/Psychiatry+clinics+in+Galveston+Galveston+TX/@29.3012309,-94.7950151,14z",2025-12-16T03:17:09.532Z,8 am–5 pm,8 am–5 pm,8 am–5 pm,8 am–5 pm,8 am–5 pm,Closed,Closed,,
https://www.google.com/maps/place/Galveston+Brain+Changers/data=!4m7!3m6!1s0x863f9e79c679476f:0xfc0361dc491bb7d0!8m2!3d29.2958106!4d-94.8072467!16s%2Fg%2F11bwkbwpwf!19sChIJb0d5xnmeP4YR0LcbSdxhA_w,Galveston Brain Changers,,,Mental health service,"3607 Broadway Avenue J, Galveston, TX 77550, United States","75WV+84 Galveston, Texas, USA",,+1 409-300-3113,Closed · Opens 12 am Tue,https://lh3.googleusercontent.com/p/AF1QipMtY9sAz1A_w3Tqod4czH8BMVKJPWrMg5XzLazX=w426-h240-k-no,true,"https://www.google.com/maps/search/Psychiatry+clinics+in+Galveston+Galveston+TX/@29.3012309,-94.7950151,14z",2025-12-16T03:17:14.307Z,10 am–6 pm,12 am–6 pm,10 am–6 pm,10 am–6 pm,Closed,Closed,Closed,,
"https://www.google.com/maps/place/Dr.+Aaron+J.+Alaniz,+MD/data=!4m7!3m6!1s0x863f9e37bf0bc0f1:0x725fa6b2edd7ec81!8m2!3d29.3107498!4d-94.7758738!16s%2Fg%2F1hc3wc7n4!19sChIJ8cALvzeeP4YRgezX7bKmX3I","Dr. Aaron J. Alaniz, MD",5.0,1,Psychiatrist,"301 University Blvd, Galveston, TX 77555, United States","866F+7M Galveston, Texas, USA",,+1 409-747-9786,,https://streetviewpixels-pa.googleapis.com/v1/thumbnail?panoid=awGskzWxpraq-gW0lWGvBg&cb_client=search.gws-prod.gps&w=408&h=240&yaw=168.82217&pitch=0&thumbfov=100,false,"https://www.google.com/maps/search/Psychiatry+clinics+in+Galveston+Galveston+TX/@29.3012309,-94.7950151,14z",2025-12-16T03:17:17.141Z,,,,,,,,,
https://www.google.com/maps/place/Family+Service+Center+of+Galveston+County/data=!4m7!3m6!1s0x863f9e6ba75d8701:0x5ccfb8e082c2e4b6!8m2!3d29.306019!4d-94.7933539!16s%2Fg%2F1wyc4q9g!19sChIJAYddp2ueP4YRtuTCguC4z1w,Family Service Center of Galveston County,3.7,12,Mental health service,"2200 Market St # 600, Galveston, TX 77550, United States","8644+CM Galveston, Texas, USA",http://www.fsc-galveston.org/,+1 409-762-8636,Closed · Opens 8 am Tue,https://streetviewpixels-pa.googleapis.com/v1/thumbnail?panoid=x5ATfeTKu3x2IrA6YAGpwA&cb_client=search.gws-prod.gps&w=408&h=240&yaw=177.55501&pitch=0&thumbfov=100,true,"https://www.google.com/maps/search/Psychiatry+clinics+in+Galveston+Galveston+TX/@29.3012309,-94.7950151,14z",2025-12-16T03:17:22.101Z,8 am–5 pm,8 am–5 pm,8 am–5 pm,8 am–5 pm,8 am–1 pm,Closed,Closed,LGBTQ+ friendly,
https://www.google.com/maps/place/St+Vincent%27s+House/data=!4m7!3m6!1s0x863f9e6e063d29b1:0x32fc5fa428c5544c!8m2!3d29.3025726!4d-94.7996474!16s%2Fg%2F1tn0651g!19sChIJsSk9Bm6eP4YRTFTFKKRf_DI,St Vincent's House,4.4,148,Social services organization,"2817 Postoffice St, Galveston, TX 77550, United States","8632+24 Galveston, Texas, USA",http://www.stvhope.org/,+1 409-765-2242,Closed · Opens 8 am Tue,https://lh3.googleusercontent.com/gps-cs-s/AG0ilSyuahF3xR3E8ccw5XQkuWiWVAt4a2ucqJnD0v266pu44CQnm1SETMuG3eez6lguzsYGOoaLZe3IOQRcCuNW7Qk4etohsTrffT2MasVJBX3QPa9btAri4MDNaa4li5ka_bNbmFg=w408-h306-k-no,true,"https://www.google.com/maps/search/Psychiatry+clinics+in+Galveston+Galveston+TX/@29.3012309,-94.7950151,14z",2025-12-16T03:17:27.562Z,8 am–5 pm,8 am–5 pm,8 am–5 pm,8 am–5 pm,8 am–4 pm,Closed,Closed,,
https://www.google.com/maps/place/Shriners+Burns+Hospital/data=!4m7!3m6!1s0x863f9e4985d02c93:0x8572e4f97fa51ddd!8m2!3d29.3097082!4d-94.7769547!16s%2Fg%2F1vpq783x!19sChIJkyzQhUmeP4YR3R2lf_nkcoU,Shriners Burns Hospital,4.6,11,Children's hospital,"815 Market St, Galveston, TX 77550, United States","865F+V6 Galveston, Texas, USA",https://www.shrinerschildrens.org/en/pediatric-care/burn-care,+1 409-762-2000,Open 24 hours,https://streetviewpixels-pa.googleapis.com/v1/thumbnail?panoid=88N-DbPMdleeBwCyeJrm8g&cb_client=search.gws-prod.gps&w=408&h=240&yaw=197.58316&pitch=0&thumbfov=100,false,"https://www.google.com/maps/search/Psychiatry+clinics+in+Galveston+Galveston+TX/@29.3012309,-94.7950151,14z",2025-12-16T03:17:32.578Z,Open 24 hours,Open 24 hours,Open 24 hours,Open 24 hours,Open 24 hours,Open 24 hours,Open 24 hours,,
https://www.google.com/maps/place/Oasis+Health+Clinic/data=!4m7!3m6!1s0x863f9fe7dbc7e167:0x5c4ac99961f9dba7!8m2!3d29.293709!4d-94.7899575!16s%2Fg%2F11y7t57pvk!19sChIJZ-HH2-efP4YRp9v5YZnJSlw,Oasis Health Clinic,4.6,11,Medical clinic,"1701 23rd St, Galveston, TX 77550, United States","76V6+F2 Galveston, Texas, USA",https://www.oasishealthcpl.com/,+1 409-539-5312,"Closed · Opens 8 am Tue

Updated by phone call 11 weeks ago",https://lh3.googleusercontent.com/p/AF1QipOc6Cr7eFoGTvs87CgjxLOUTXUDljVl6DToZpAv=w408-h724-k-no,true,"https://www.google.com/maps/search/Psychiatry+clinics+in+Galveston+Galveston+TX/@29.3012309,-94.7950151,14z",2025-12-16T03:17:37.848Z,8 am–4:30 pm,8 am–4:30 pm,8 am–4:30 pm,8 am–4:30 pm,8 am–4:30 pm,Closed,Closed,Identifies as veteran-owned,
"https://www.google.com/maps/place/Edythe+Harvey/@29.314823,-94.774655,17z/data=!3m1!4b1!4m6!3m5!1s0x863f9e36a8d29f81:0xa7bf5f7cfee9234d!8m2!3d29.314823!4d-94.774655!16s%2Fg%2F11qgb7q105",Edythe Harvey,1.0,3,Psychiatrist,"400 Harborside Dr Ste 118 119, Galveston, TX 77555, United States","867G+W4 Galveston, Texas, USA",https://doctors.utmbhealth.com/providersearch/default/?id=016570,+1 800-917-8906,,,false,"https://www.google.com/maps/search/Psychiatry+clinics+in+Galveston+Galveston+TX/@29.3012309,-94.7950151,14z",2025-12-16T03:17:43.251Z,,,,,,,,,
"https://www.google.com/maps/place/Dr.+Robert+M.+Hirschfeld,+MD/data=!4m7!3m6!1s0x863f9e37bf0bc0f1:0x2a1ab86017e8b10c!8m2!3d29.3107498!4d-94.7758738!16s%2Fg%2F1tzgplmc!19sChIJ8cALvzeeP4YRDLHoF2C4Gio","Dr. Robert M. Hirschfeld, MD",1.0,1,Psychiatrist,"301 University Blvd # 188, Galveston, TX 77555, United States","866F+7M Galveston, Texas, USA",,+1 409-747-9791,,https://streetviewpixels-pa.googleapis.com/v1/thumbnail?panoid=awGskzWxpraq-gW0lWGvBg&cb_client=search.gws-prod.gps&w=408&h=240&yaw=168.82217&pitch=0&thumbfov=100,false,"https://www.google.com/maps/search/Psychiatry+clinics+in+Galveston+Galveston+TX/@29.3012309,-94.7950151,14z",2025-12-16T03:17:46.665Z,,,,,,,,,
https://www.google.com/maps/place/UTMB+Health+-+University+of+Texas+Medical+Branch+at+Galveston/data=!4m7!3m6!1s0x863f9e37bf0bc0f1:0x457cdffb5178f82c!8m2!3d29.3116372!4d-94.7775436!16s%2Fg%2F11ggngwmdc!19sChIJ8cALvzeeP4YRLPh4UfvffEU,UTMB Health - University of Texas Medical Branch at Galveston,3.4,253,University hospital,"301 University Blvd, Galveston, TX 77555, United States","866C+MX Galveston, Texas, USA",http://www.utmb.edu/,+1 409-772-1011,Open 24 hours,https://lh3.googleusercontent.com/p/AF1QipM1tO1MBMxAfshkC1EIvs8WKZ120LNCR96Tr9lt=w426-h240-k-no,true,"https://www.google.com/maps/search/Psychiatry+clinics+in+Galveston+Galveston+TX/@29.3012309,-94.7950151,14z",2025-12-16T03:17:52.491Z,Open 24 hours,Open 24 hours,Open 24 hours,Open 24 hours,Open 24 hours,Open 24 hours,Open 24 hours,,
"https://www.google.com/maps/place/Dr.+Sarghi+Sharma,+MD/data=!4m7!3m6!1s0x863f9e37bf0bc0f1:0xa2a9b957fae692e8!8m2!3d29.3107498!4d-94.7758738!16s%2Fg%2F1tf75x2p!19sChIJ8cALvzeeP4YR6JLm-le5qaI","Dr. Sarghi Sharma, MD",,,Psychiatrist,"301 University Blvd # 9.128, Galveston, TX 77555, United States","866F+7M Galveston, Texas, USA",http://www.utmb.edu/,+1 409-772-1011,,https://streetviewpixels-pa.googleapis.com/v1/thumbnail?panoid=awGskzWxpraq-gW0lWGvBg&cb_client=search.gws-prod.gps&w=408&h=240&yaw=168.82217&pitch=0&thumbfov=100,false,"https://www.google.com/maps/search/Psychiatry+clinics+in+Galveston+Galveston+TX/@29.3012309,-94.7950151,14z",2025-12-16T03:17:56.151Z,,,,,,,,,
https://www.google.com/maps/place/UTMB+Health+Primary+Care+Pavilion/data=!4m7!3m6!1s0x863f9e36a8d29f81:0x456cead85dde341e!8m2!3d29.314823!4d-94.774655!16s%2Fg%2F1hc0t794v!19sChIJgZ_SqDaeP4YRHjTeXdjqbEU,UTMB Health Primary Care Pavilion,3.7,24,Medical clinic,"400 Harborside Dr, Galveston, TX 77550, United States","867G+W4 Galveston, Texas, USA",http://www.utmbhealth.com/pavilion,+1 800-917-8906,Closed · Opens 7:30 am Tue,https://lh3.googleusercontent.com/p/AF1QipM35U4kfpJGL4CXKd5BtmBRNqeRDug7b5Bnde8S=w408-h271-k-no,true,"https://www.google.com/maps/search/Psychiatry+clinics+in+Galveston+Galveston+TX/@29.3012309,-94.7950151,14z",2025-12-16T03:18:02.189Z,7:30 am–5 pm,7:30 am–5 pm,7:30 am–5 pm,7:30 am–5 pm,7:30 am–5 pm,Closed,Closed,,
"https://www.google.com/maps/place/Dr.+Milan+Patel,+MD/data=!4m7!3m6!1s0x863f9e37bf0bc0f1:0x818a2d28c7e9dab7!8m2!3d29.3107498!4d-94.7758738!16s%2Fg%2F1hc508x37!19sChIJ8cALvzeeP4YRt9rpxygtioE","Dr. Milan Patel, MD",5.0,1,Psychiatrist,"301 University Blvd, Galveston, TX 77555, United States","866F+7M Galveston, Texas, USA",,,,https://streetviewpixels-pa.googleapis.com/v1/thumbnail?panoid=awGskzWxpraq-gW0lWGvBg&cb_client=search.gws-prod.gps&w=408&h=240&yaw=168.82217&pitch=0&thumbfov=100,false,"https://www.google.com/maps/search/Psychiatry+clinics+in+Galveston+Galveston+TX/@29.3012309,-94.7950151,14z",2025-12-16T03:18:05.462Z,,,,,,,,,
"https://www.google.com/maps/place/UTMB+Health+Family+Medicine,+PCP+Galveston/data=!4m7!3m6!1s0x863f9e36a8d29f81:0xa391834b925d7de7!8m2!3d29.314823!4d-94.774655!16s%2Fg%2F1vwlphz_!19sChIJgZ_SqDaeP4YR531dkkuDkaM","UTMB Health Family Medicine, PCP Galveston",4.7,11,Medical clinic,"400 Harborside Dr Suite 104, Entrance A, Galveston, TX 77555, United States","867G+W4 Galveston, Texas, USA",https://www.utmbhealth.com/servicelines/primarycare/family-medicine-galveston-island-east,+1 409-772-2166,Closed · Opens 8 am Tue,https://lh3.googleusercontent.com/p/AF1QipO50_VySRkoAxz4d1D0IAZNMZnx1DRlOgoSio92=w408-h271-k-no,true,"https://www.google.com/maps/search/Psychiatry+clinics+in+Galveston+Galveston+TX/@29.3012309,-94.7950151,14z",2025-12-16T03:18:11.062Z,8 am–5 pm,8 am–5 pm,8 am–5 pm,8 am–5 pm,8 am–5 pm,Closed,Closed,,
"https://www.google.com/maps/place/Marta+A.+Rosenberg,+PHD/data=!4m7!3m6!1s0x863f9e37bf0bc0f1:0x11c57006e7665f0c!8m2!3d29.3107498!4d-94.7758738!16s%2Fg%2F1hc12jjxc!19sChIJ8cALvzeeP4YRDF9m5wZwxRE","Marta A. Rosenberg, PHD",,,Psychiatrist,"301 University Blvd, Galveston, TX 77555, United States","866F+7M Galveston, Texas, USA",http://www.utmb.edu/,+1 409-772-2222,,https://streetviewpixels-pa.googleapis.com/v1/thumbnail?panoid=awGskzWxpraq-gW0lWGvBg&cb_client=search.gws-prod.gps&w=408&h=240&yaw=168.82217&pitch=0&thumbfov=100,false,"https://www.google.com/maps/search/Psychiatry+clinics+in+Galveston+Galveston+TX/@29.3012309,-94.7950151,14z",2025-12-16T03:18:13.973Z,,,,,,,,,
https://www.google.com/maps/place/Austin+Teen+Health+Center/data=!4m7!3m6!1s0x863f9e452a055555:0xcf8c7035c7f4f1a8!8m2!3d29.2976349!4d-94.7814349!16s%2Fg%2F11n99c4fmk!19sChIJVVUFKkWeP4YRqPH0xzVwjM8,Austin Teen Health Center,3.0,1,Medical clinic,"1514 Ave N 1/2, Galveston, TX 77550, United States","76X9+3C Galveston, Texas, USA",https://www.teenhealthcenter.org/,+1 409-761-3516,,https://streetviewpixels-pa.googleapis.com/v1/thumbnail?panoid=IjdoVwqU1qn_gVM-0pQsRw&cb_client=search.gws-prod.gps&w=408&h=240&yaw=11.940384&pitch=0&thumbfov=100,false,"https://www.google.com/maps/search/Psychiatry+clinics+in+Galveston+Galveston+TX/@29.3012309,-94.7950151,14z",2025-12-16T03:18:17.327Z,,,,,,,,,
"https://www.google.com/maps/place/Gulf+Coast+Health+Center/@29.2457549,-94.8664244,17z/data=!3m1!4b1!4m6!3m5!1s0x863f9c9a4a06301f:0x60a49a0cf5368fee!8m2!3d29.2457549!4d-94.8664244!16s%2Fg%2F1tlz_kk6",Gulf Coast Health Center,2.6,12,Mental health service,"3702 Cove View Blvd, Galveston, TX 77554, United States","64WM+8C Galveston, Texas, USA",,+1 409-740-7330,Open 24 hours,,true,"https://www.google.com/maps/search/Psychiatry+clinics+in+Galveston+Galveston+TX/@29.3012309,-94.7950151,14z",2025-12-16T03:18:25.082Z,Open 24 hours,Open 24 hours,Open 24 hours,Open 24 hours,Open 24 hours,Open 24 hours,Open 24 hours,,
"https://www.google.com/maps/place/Dr.+Milena+N.+Newhook,+DO/data=!4m7!3m6!1s0x863f9e37bf0bc0f1:0x2fa193b010284a1e!8m2!3d29.3107498!4d-94.7758738!16s%2Fg%2F1hc368tm2!19sChIJ8cALvzeeP4YRHkooELCToS8","Dr. Milena N. Newhook, DO",,,Psychiatrist,"301 University Blvd, Galveston, TX 77555, United States","866F+7M Galveston, Texas, USA",,+1 409-772-0770,,https://streetviewpixels-pa.googleapis.com/v1/thumbnail?panoid=awGskzWxpraq-gW0lWGvBg&cb_client=search.gws-prod.gps&w=408&h=240&yaw=168.82217&pitch=0&thumbfov=100,false,"https://www.google.com/maps/search/Psychiatry+clinics+in+Galveston+Galveston+TX/@29.3012309,-94.7950151,14z",2025-12-16T03:18:28.188Z,,,,,,,,,
https://www.google.com/maps/place/SERVPRO+of+Galveston+Island%2FLake+Jackson/data=!4m7!3m6!1s0x86411c79f0235ceb:0x2438c7ad859fd8c!8m2!3d29.2963473!4d-94.8160304!16s%2Fg%2F11c42c8h8h!19sChIJ61wj8HkcQYYRjP1Z2HqMQwI,SERVPRO of Galveston Island/Lake Jackson,4.9,113,Water damage restoration service,"711 43rd St, Galveston, TX 77550, United States","75WM+GH Galveston, Texas, USA",https://www.servpro.com/locations/tx/servpro-of-galveston-island-lake-jackson?utm_medium=organic&utm_source=gbp,+1 409-762-4411,,https://lh3.googleusercontent.com/p/AF1QipOIvbJmLUyljHqhUrafg_8c0fHekbnlKrSJ0viQ=w427-h240-k-no,true,"https://www.google.com/maps/search/Psychiatry+clinics+in+Galveston+Galveston+TX/@29.3012309,-94.7950151,14z",2025-12-16T03:18:34.283Z,Open 24 hours,Open 24 hours,Open 24 hours,Open 24 hours,Open 24 hours,Open 24 hours,Open 24 hours,Identifies as women-owned,
"https://www.google.com/maps/place/John+Sealy+Hospital,+Galveston/data=!4m7!3m6!1s0x863f9e362bf73deb:0xa24b9533a5961ac8!8m2!3d29.3107035!4d-94.7772529!16zL20vMDQ2el8!19sChIJ6z33KzaeP4YRyBqWpTOVS6I","John Sealy Hospital, Galveston",3.7,245,University hospital,"301 8th St, Galveston, TX 77555, United States","866F+73 Galveston, Texas, USA",http://www.utmbhealth.com/locations/hospitals-campuses/galveston-campus/hospitals-services/john-sealy-hospital,+1 409-772-1011,Open 24 hours,https://lh3.googleusercontent.com/gps-cs-s/AG0ilSzcxzJaSjpWK_ahQub_GwywgW5SfniSEKzq66VcDP3cpHcarPv09qSo3gObln3YRA2reJPmyQeefVUtXy3TsC-f6gyvpQEIVBLGGRjih4uBv1VqgiZL06KkBgZkpEiZMrWj5Kp5tQ=w408-h306-k-no,true,"https://www.google.com/maps/search/Psychiatry+clinics+in+Galveston+Galveston+TX/@29.3012309,-94.7950151,14z",2025-12-16T03:18:40.110Z,Open 24 hours,Open 24 hours,Open 24 hours,Open 24 hours,Open 24 hours,Open 24 hours,Open 24 hours,,
"https://www.google.com/maps/place/Dr.+Soo+Y.+Chong,+MD/data=!4m7!3m6!1s0x863f9e37bf0bc0f1:0x56a1238aa30ec43d!8m2!3d29.3107498!4d-94.7758738!16s%2Fg%2F1hc25yzf_!19sChIJ8cALvzeeP4YRPcQOo4ojoVY","Dr. Soo Y. Chong, MD",,,Psychiatrist,"301 University Blvd #0193, Galveston, TX 77555, United States","866F+7M Galveston, Texas, USA",http://www.utmb.edu/,+1 409-772-0770,,https://streetviewpixels-pa.googleapis.com/v1/thumbnail?panoid=awGskzWxpraq-gW0lWGvBg&cb_client=search.gws-prod.gps&w=408&h=240&yaw=168.82217&pitch=0&thumbfov=100,false,"https://www.google.com/maps/search/Psychiatry+clinics+in+Galveston+Galveston+TX/@29.3012309,-94.7950151,14z",2025-12-16T03:18:43.398Z,,,,,,,,,
https://www.google.com/maps/place/Motamed+Amy+L+Do/data=!4m7!3m6!1s0x863f9e35ca4f1d7b:0xb44c025e6ea6498c!8m2!3d29.3107498!4d-94.7758738!16s%2Fg%2F12640pjm_!19sChIJex1PyjWeP4YRjEmmbl4CTLQ,Motamed Amy L Do,,,Psychiatrist,"301 University Blvd, Galveston, TX 77555, United States","866F+7M Galveston, Texas, USA",,+1 409-772-1285,,https://streetviewpixels-pa.googleapis.com/v1/thumbnail?panoid=awGskzWxpraq-gW0lWGvBg&cb_client=search.gws-prod.gps&w=408&h=240&yaw=168.82217&pitch=0&thumbfov=100,false,"https://www.google.com/maps/search/Psychiatry+clinics+in+Galveston+Galveston+TX/@29.3012309,-94.7950151,14z",2025-12-16T03:18:46.853Z,,,,,,,,,
https://www.google.com/maps/place/Dr.+Xiangping+Li/data=!4m7!3m6!1s0x863f9e363ec00001:0xc2555de64b257063!8m2!3d29.3107498!4d-94.7758738!16s%2Fg%2F11p079whvl!19sChIJAQDAPjaeP4YRY3AlS-ZdVcI,Dr. Xiangping Li,,,Psychiatrist,"301 University Blvd, Galveston, TX 77555, United States","866F+7M Galveston, Texas, USA",https://doctors.utmbhealth.com/providersearch/default/?id=016907,+1 409-744-4030,,https://streetviewpixels-pa.googleapis.com/v1/thumbnail?panoid=awGskzWxpraq-gW0lWGvBg&cb_client=search.gws-prod.gps&w=408&h=240&yaw=168.82217&pitch=0&thumbfov=100,false,"https://www.google.com/maps/search/Psychiatry+clinics+in+Galveston+Galveston+TX/@29.3012309,-94.7950151,14z",2025-12-16T03:18:50.488Z,,,,,,,,,
"https://www.google.com/maps/place/Greg+Fenberg,+MA,+LMFT,+CART/data=!4m7!3m6!1s0x863f9e6a511e29ab:0x8c07e3ac3449ab48!8m2!3d29.3060035!4d-94.7934623!16s%2Fg%2F12hvpc3b_!19sChIJqykeUWqeP4YRSKtJNKzjB4w","Greg Fenberg, MA, LMFT, CART",5.0,1,Psychotherapist,"2200 Market St Suite 325, Galveston, TX 77550, United States","8644+CJ Galveston, Texas, USA",http://www.createchangetherapy.com/,+1 713-487-7792,Closed · Opens 10 am Tue,https://streetviewpixels-pa.googleapis.com/v1/thumbnail?panoid=x5ATfeTKu3x2IrA6YAGpwA&cb_client=search.gws-prod.gps&w=408&h=240&yaw=189.10492&pitch=0&thumbfov=100,true,"https://www.google.com/maps/search/Psychiatry+clinics+in+Galveston+Galveston+TX/@29.3012309,-94.7950151,14z",2025-12-16T03:18:56.278Z,10 am–6 pm,10 am–6 pm,10 am–6 pm,Closed,10 pm–12 am,Closed,Closed,,
"https://www.google.com/maps/place/Dr.+Joseph+Shotwell/@29.314823,-94.774655,17z/data=!3m1!4b1!4m6!3m5!1s0x863f9e36a8d29f81:0x36335484cecf8ecf!8m2!3d29.314823!4d-94.774655!16s%2Fg%2F11p079wn7f",Dr. Joseph Shotwell,,,Psychiatrist,"400 Harborside Dr Ste 118 119, Galveston, TX 77555, United States","867G+W4 Galveston, Texas, USA",https://doctors.utmbhealth.com/providersearch/default/?id=016256,+1 800-917-8906,,,false,"https://www.google.com/maps/search/Psychiatry+clinics+in+Galveston+Galveston+TX/@29.3012309,-94.7950151,14z",2025-12-16T03:19:01.832Z,,,,,,,,,
https://www.google.com/maps/place/Joe+Elliott+Psychological+Services/data=!4m7!3m6!1s0x863f9f2cd6c73aff:0x7052725cf06bb59!8m2!3d29.3065996!4d-94.7919369!16s%2Fg%2F11gj775n8q!19sChIJ_zrH1iyfP4YRWbsGzyUnBQc,Joe Elliott Psychological Services,,,Psychotherapist,"305 21st St Suite 248, Galveston, TX 77550, United States","8645+J6 Galveston, Texas, USA",http://galvestonpsych.com/,+1 409-766-0954,Closed · Opens 10 am Tue,https://streetviewpixels-pa.googleapis.com/v1/thumbnail?panoid=-E9MV2Hu7ONHoQOCjZLjqw&cb_client=search.gws-prod.gps&w=408&h=240&yaw=243.29353&pitch=0&thumbfov=100,false,"https://www.google.com/maps/search/Psychiatry+clinics+in+Galveston+Galveston+TX/@29.3012309,-94.7950151,14z",2025-12-16T03:19:06.915Z,10 am–7 pm,10 am–7 pm,10 am–7 pm,10 am–7 pm,10 am–7 pm,10 am–7 pm,10 am–7 pm,,
"https://www.google.com/maps/place/Dr.+Derek+W.+Neal,+MD/data=!4m7!3m6!1s0x863f9e37bf0bc0f1:0x61b77e2e9c334c6b!8m2!3d29.3107498!4d-94.7758738!16s%2Fg%2F1hc30ng4p!19sChIJ8cALvzeeP4YRa0wznC5-t2E","Dr. Derek W. Neal, MD",,,Psychiatrist,"301 University Blvd, Galveston, TX 77555, United States","866F+7M Galveston, Texas, USA",,+1 409-747-9786,,https://streetviewpixels-pa.googleapis.com/v1/thumbnail?panoid=awGskzWxpraq-gW0lWGvBg&cb_client=search.gws-prod.gps&w=408&h=240&yaw=168.82217&pitch=0&thumbfov=100,false,"https://www.google.com/maps/search/Psychiatry+clinics+in+Galveston+Galveston+TX/@29.3012309,-94.7950151,14z",2025-12-16T03:19:09.768Z,,,,,,,,,
https://www.google.com/maps/place/Pregnancy+Help+Center+of+Galveston/data=!4m7!3m6!1s0x863f9e678274aaf5:0x5c6aa836a24793c8!8m2!3d29.2933855!4d-94.7899235!16s%2Fg%2F11f40ppfgt!19sChIJ9ap0gmeeP4YRyJNHojaoalw,Pregnancy Help Center of Galveston,5.0,15,Pregnancy care center,"1709 23rd St, Galveston, TX 77550, United States","76V6+92 Galveston, Texas, USA",https://pregnancyhelpcentergalveston.org/,+1 409-443-5059,Closed · Opens 8 am Tue,https://lh3.googleusercontent.com/p/AF1QipMRyPNwBz-B0L2Yk-MwiJul02j1rmxWC4N9wx4S=w426-h240-k-no,true,"https://www.google.com/maps/search/Psychiatry+clinics+in+Galveston+Galveston+TX/@29.3012309,-94.7950151,14z",2025-12-16T03:19:15.123Z,8 am–4 pm,8 am–4 pm,8 am–4 pm,8 am–4 pm,8 am–12 pm,Closed,Closed,,
"https://www.google.com/maps/place/Nina+Dillenbeck,+NCC,+LPC,+LCPC%2FCAC-AD/data=!4m7!3m6!1s0x863f9c48aee40001:0x175eb0b40975d4b3!8m2!3d29.2731181!4d-94.8360437!16s%2Fg%2F11p07981n2!19sChIJAQDkrkicP4YRs9R1CbSwXhc","Nina Dillenbeck, NCC, LPC, LCPC/CAC-AD",5.0,1,Counselor,"6511 Stewart Rd Ste 1C, Galveston, TX 77551, United States","75F7+6H Galveston, Texas, USA",https://www.thespacebetweentherapy.com/about/,+1 443-398-1700,Closed · Opens 10 am Tue,https://lh3.googleusercontent.com/p/AF1QipMhqq85RBzbURrFaT6c3357w6ddW6-pvro8rpl4=w408-h268-k-no,true,"https://www.google.com/maps/search/Psychiatry+clinics+in+Galveston+Galveston+TX/@29.3012309,-94.7950151,14z",2025-12-16T03:19:21.414Z,Closed,10 am–6 pm,10 am–10 pm,10 am–6 pm,Closed,10 am–4 pm,Closed,,
https://www.google.com/maps/place/Galveston+VA+Clinic/data=!4m7!3m6!1s0x863f9e78cd842fcf:0x5a4dc996547058c2!8m2!3d29.2913593!4d-94.8087826!16s%2Fg%2F1tjl68t1!19sChIJzy-EzXieP4YRwlhwVJbJTVo,Galveston VA Clinic,3.2,26,Medical clinic,"3828 Ave N Ursuline St, Galveston, TX 77550, United States","75RR+GF Galveston, Texas, USA",https://www.va.gov/houston-health-care/locations/galveston-county-va-clinic/,+1 409-761-3200,Closed · Opens 8 am Tue,https://streetviewpixels-pa.googleapis.com/v1/thumbnail?panoid=dexjb6d47IL2ZXulYf9lcg&cb_client=search.gws-prod.gps&w=408&h=240&yaw=346.83847&pitch=0&thumbfov=100,false,"https://www.google.com/maps/search/Psychiatry+clinics+in+Galveston+Galveston+TX/@29.3012309,-94.7950151,14z",2025-12-16T03:19:26.867Z,8 am–4:30 pm,8 am–4:30 pm,8 am–4:30 pm,8 am–4:30 pm,8 am–4:30 pm,Closed,Closed,,
"https://www.google.com/maps/place/Dr.+William+L.+Mize,+MD/@29.3148866,-94.7747075,17z/data=!3m1!4b1!4m6!3m5!1s0x863f9e37bf0bc0f1:0x74352d76b4f4b1e9!8m2!3d29.3148866!4d-94.7747075!16s%2Fg%2F1v42g5fd","Dr. William L. Mize, MD",5.0,1,Pediatrician,"400 Harborside Dr, Galveston, TX 77550, United States","867G+X4 Galveston, Texas, USA",,+1 409-747-7334,,,false,"https://www.google.com/maps/search/Psychiatry+clinics+in+Galveston+Galveston+TX/@29.3012309,-94.7950151,14z",2025-12-16T03:19:31.896Z,,,,,,,,,
https://www.google.com/maps/place/Prashant+Rai/data=!4m7!3m6!1s0x863f9e36af000001:0x913c38bb644f105b!8m2!3d29.3148616!4d-94.7748219!16s%2Fg%2F11p07b3frl!19sChIJAQAArzaeP4YRWxBPZLs4PJE,Prashant Rai,,,Psychiatrist,"400 Harborside Dr Ste 105 107, Galveston, TX 77555, United States",,,+1 409-747-1883,,https://streetviewpixels-pa.googleapis.com/v1/thumbnail?panoid=_jP-jlYuzGqAd5tfxguazQ&cb_client=search.gws-prod.gps&w=408&h=240&yaw=32.268124&pitch=0&thumbfov=100,false,"https://www.google.com/maps/search/Psychiatry+clinics+in+Galveston+Galveston+TX/@29.3012309,-94.7950151,14z",2025-12-16T03:19:34.591Z,,,,,,,,,
"https://www.google.com/maps/place/Dr.+Amber+E.+Pastusek,+MD/data=!4m7!3m6!1s0x863f9e37bf0bc0f1:0xe3be2d7ba8a36350!8m2!3d29.3107498!4d-94.7758738!16s%2Fg%2F1tjy1wn0!19sChIJ8cALvzeeP4YRUGOjqHstvuM","Dr. Amber E. Pastusek, MD",,,Child psychiatrist,"301 University Blvd, Galveston, TX 77555, United States","866F+7M Galveston, Texas, USA",,+1 409-747-5700,,https://streetviewpixels-pa.googleapis.com/v1/thumbnail?panoid=awGskzWxpraq-gW0lWGvBg&cb_client=search.gws-prod.gps&w=408&h=240&yaw=168.82217&pitch=0&thumbfov=100,false,"https://www.google.com/maps/search/Psychiatry+clinics+in+Galveston+Galveston+TX/@29.3012309,-94.7950151,14z",2025-12-16T03:19:37.330Z,,,,,,,,,
https://www.google.com/maps/place/Dr.+Hashem+Shaltoni/data=!4m7!3m6!1s0x863f9e363ec00001:0x1a990f26e1246789!8m2!3d29.3107498!4d-94.7758738!16s%2Fg%2F11qgb7p1tv!19sChIJAQDAPjaeP4YRiWck4SYPmRo,Dr. Hashem Shaltoni,,,Psychiatrist,"301 University Blvd, Galveston, TX 77555, United States","866F+7M Galveston, Texas, USA",https://www.utmb.edu/neuro/faculty/associate-professors/hashem-shaltoni,+1 409-772-2025,,https://streetviewpixels-pa.googleapis.com/v1/thumbnail?panoid=awGskzWxpraq-gW0lWGvBg&cb_client=search.gws-prod.gps&w=408&h=240&yaw=168.82217&pitch=0&thumbfov=100,false,"https://www.google.com/maps/search/Psychiatry+clinics+in+Galveston+Galveston+TX/@29.3012309,-94.7950151,14z",2025-12-16T03:19:40.483Z,,,,,,,,,
"https://www.google.com/maps/place/Dr.+Zita+S.+Samuel,+MD/data=!4m7!3m6!1s0x863f9e37bf0bc0f1:0x3b8c7a749d3d0673!8m2!3d29.3107498!4d-94.7758738!16s%2Fg%2F1hc3g1vc0!19sChIJ8cALvzeeP4YRcwY9nXR6jDs","Dr. Zita S. Samuel, MD",,,Psychiatrist,"301 University Blvd, Galveston, TX 77555, United States","866F+7M Galveston, Texas, USA",http://www.utmb.edu/,+1 409-772-2222,,https://streetviewpixels-pa.googleapis.com/v1/thumbnail?panoid=awGskzWxpraq-gW0lWGvBg&cb_client=search.gws-prod.gps&w=408&h=240&yaw=168.82217&pitch=0&thumbfov=100,false,"https://www.google.com/maps/search/Psychiatry+clinics+in+Galveston+Galveston+TX/@29.3012309,-94.7950151,14z",2025-12-16T03:19:43.221Z,,,,,,,,,
"https://www.google.com/maps/place/UTMB+Health+Family+Medicine,+Galveston/data=!4m7!3m6!1s0x863f9c4f668016f3:0xef3820031c714e7c!8m2!3d29.273106!4d-94.838126!16s%2Fg%2F1q62kc5td!19sChIJ8xaAZk-cP4YRfE5xHAMgOO8","UTMB Health Family Medicine, Galveston",3.3,27,Medical clinic,"6710 Stewart Rd #100, Galveston, TX 77551, United States","75F6+6P Galveston, Texas, USA",https://www.utmbhealth.com/servicelines/primarycare/family-medicine-galveston-island-west,+1 409-744-4030,Closed · Opens 8 am Tue,https://lh3.googleusercontent.com/p/AF1QipPRHE_bC3ws48EddBcp-RhEwnZA0xhT5dTMXKZk=w408-h283-k-no,true,"https://www.google.com/maps/search/Psychiatry+clinics+in+Galveston+Galveston+TX/@29.3012309,-94.7950151,14z",2025-12-16T03:19:48.334Z,8 am–5 pm,8 am–5 pm,8 am–5 pm,8 am–5 pm,8 am–5 pm,Closed,Closed,,
https://www.google.com/maps/place/Shriners+Children%27s+Texas/data=!4m7!3m6!1s0x863f9e37d6055711:0xb73ded64cb804dac!8m2!3d29.3093201!4d-94.7770663!16s%2Fm%2F0fqpm7n!19sChIJEVcF1jeeP4YRrE2Ay2TtPbc,Shriners Children's Texas,4.6,270,Children's hospital,"815 Market St, Galveston, TX 77550, United States","865F+P5 Galveston, Texas, USA",https://www.shrinerschildrens.org/en/locations/texas,+1 409-770-6600,Open 24 hours,https://lh3.googleusercontent.com/p/AF1QipM6k8W_1N18fqCQ3QOMuGQBPg49bS201TFBBaQ6=w408-h272-k-no,true,"https://www.google.com/maps/search/Psychiatry+clinics+in+Galveston+Galveston+TX/@29.3012309,-94.7950151,14z",2025-12-16T03:19:53.592Z,Open 24 hours,Open 24 hours,Open 24 hours,Open 24 hours,Open 24 hours,Open 24 hours,Open 24 hours,,
https://www.google.com/maps/place/Davis+Harry+K+MD/data=!4m7!3m6!1s0x863f9e6bac9f5107:0x209f3f58839d1129!8m2!3d29.3054221!4d-94.7927764!16s%2Fg%2F1tcxq14n!19sChIJB1GfrGueP4YRKRGdg1g_nyA,Davis Harry K MD,,,Psychiatrist,"2201 Market St # 713, Galveston, TX 77550, United States","8644+5V Galveston, Texas, USA",,+1 409-765-5395,,https://streetviewpixels-pa.googleapis.com/v1/thumbnail?panoid=3cvoWzdqdGfY5aF2_CTjsQ&cb_client=search.gws-prod.gps&w=408&h=240&yaw=242.76382&pitch=0&thumbfov=100,false,"https://www.google.com/maps/search/Psychiatry+clinics+in+Galveston+Galveston+TX/@29.3012309,-94.7950151,14z",2025-12-16T03:19:56.474Z,,,,,,,,,
https://www.google.com/maps/place/Defilippis+Melissa+S+MD/data=!4m7!3m6!1s0x863f9e37bf0bc0f1:0x1617296a7a9ea0a7!8m2!3d29.3107498!4d-94.7758738!16s%2Fg%2F1tdpgk_y!19sChIJ8cALvzeeP4YRp6CeemopFxY,Defilippis Melissa S MD,,,Psychiatrist,"301 University Blvd # 6120, Galveston, TX 77555, United States","866F+7M Galveston, Texas, USA",http://www.utmb.edu/,+1 409-747-4928,,https://streetviewpixels-pa.googleapis.com/v1/thumbnail?panoid=awGskzWxpraq-gW0lWGvBg&cb_client=search.gws-prod.gps&w=408&h=240&yaw=168.82217&pitch=0&thumbfov=100,false,"https://www.google.com/maps/search/Psychiatry+clinics+in+Galveston+Galveston+TX/@29.3012309,-94.7950151,14z",2025-12-16T03:19:59.620Z,,,,,,,,,
https://www.google.com/maps/place/Dr.+Christina+Thiel-Hsi/data=!4m7!3m6!1s0x863f9e36a8d29f81:0x54d7f75475c03d98!8m2!3d29.314823!4d-94.774655!16s%2Fg%2F11rwxfs72_!19sChIJgZ_SqDaeP4YRmD3AdVT311Q,Dr. Christina Thiel-Hsi,,,Psychiatrist,"400 Harborside Dr Ste 118 119, Galveston, TX 77555, United States","867G+W4 Galveston, Texas, USA",,+1 800-917-8906,,https://streetviewpixels-pa.googleapis.com/v1/thumbnail?panoid=_jP-jlYuzGqAd5tfxguazQ&cb_client=search.gws-prod.gps&w=408&h=240&yaw=41.22151&pitch=0&thumbfov=100,false,"https://www.google.com/maps/search/Psychiatry+clinics+in+Galveston+Galveston+TX/@29.3012309,-94.7950151,14z",2025-12-16T03:20:02.872Z,,,,,,,,,
"https://www.google.com/maps/place/Dr.+Holly+P.+Rigoulot,+MD/data=!4m7!3m6!1s0x863f9e37bf0bc0f1:0x54e9c2df6d846ba1!8m2!3d29.3107498!4d-94.7758738!16s%2Fg%2F1hc2x6k12!19sChIJ8cALvzeeP4YRoWuEbd_C6VQ","Dr. Holly P. Rigoulot, MD",,,Child psychiatrist,"301 University Blvd, Galveston, TX 77555, United States","866F+7M Galveston, Texas, USA",http://www.utmb.edu/,+1 409-772-4194,,https://streetviewpixels-pa.googleapis.com/v1/thumbnail?panoid=awGskzWxpraq-gW0lWGvBg&cb_client=search.gws-prod.gps&w=408&h=240&yaw=168.82217&pitch=0&thumbfov=100,false,"https://www.google.com/maps/search/Psychiatry+clinics+in+Galveston+Galveston+TX/@29.3012309,-94.7950151,14z",2025-12-16T03:20:05.730Z,,,,,,,,,
https://www.google.com/maps/place/Island+Health+Center/data=!4m7!3m6!1s0x863f9c28c643c04f:0x7f15fb61dfec45bc!8m2!3d29.276235!4d-94.8132628!16s%2Fg%2F1vyk2wxj!19sChIJT8BDxiicP4YRvEXs32H7FX8,Island Health Center,3.9,66,Medical clinic,"4623 Fort Crockett Blvd #5962, Galveston, TX 77551, United States","75GP+FM Galveston, Texas, USA",https://rymaps.org/business/island-health-center-u0ysb2,+1 409-762-7646,Closed · Opens 9 am Tue,https://streetviewpixels-pa.googleapis.com/v1/thumbnail?panoid=DXOSveBTi_65Tv9686PKOQ&cb_client=search.gws-prod.gps&w=408&h=240&yaw=2.305424&pitch=0&thumbfov=100,true,"https://www.google.com/maps/search/Psychiatry+clinics+in+Galveston+Galveston+TX/@29.3012309,-94.7950151,14z",2025-12-16T03:20:10.925Z,9 am–5 pm,9 am–5 pm,9 am–5 pm,9 am–5 pm,9 am–5 pm,Closed,Closed,,
https://www.google.com/maps/place/Hebeler+Joan+MD/data=!4m7!3m6!1s0x863f9e37bf0bc0f1:0xa714fc36d56d0cc2!8m2!3d29.3107498!4d-94.7758738!16s%2Fg%2F1vd768_v!19sChIJ8cALvzeeP4YRwgxt1Tb8FKc,Hebeler Joan MD,,,Psychiatrist,"301 University Blvd, Galveston, TX 77555, United States","866F+7M Galveston, Texas, USA",,+1 409-772-0770,,https://streetviewpixels-pa.googleapis.com/v1/thumbnail?panoid=awGskzWxpraq-gW0lWGvBg&cb_client=search.gws-prod.gps&w=408&h=240&yaw=168.82217&pitch=0&thumbfov=100,false,"https://www.google.com/maps/search/Psychiatry+clinics+in+Galveston+Galveston+TX/@29.3012309,-94.7950151,14z",2025-12-16T03:20:13.851Z,,,,,,,,,
https://www.google.com/maps/place/University+of+Texas+Med+Branch:+Wigg+Cindy+L+MD/data=!4m7!3m6!1s0x863f9e37bf0bc0f1:0xa58fd04d8c29a8c4!8m2!3d29.3107498!4d-94.7758738!16s%2Fg%2F1v1slltw!19sChIJ8cALvzeeP4YRxKgpjE3Qj6U,University of Texas Med Branch: Wigg Cindy L MD,,,Child psychiatrist,"301 University Blvd, Galveston, TX 77555, United States","866F+7M Galveston, Texas, USA",,+1 409-747-9791,,https://streetviewpixels-pa.googleapis.com/v1/thumbnail?panoid=awGskzWxpraq-gW0lWGvBg&cb_client=search.gws-prod.gps&w=408&h=240&yaw=168.82217&pitch=0&thumbfov=100,false,"https://www.google.com/maps/search/Psychiatry+clinics+in+Galveston+Galveston+TX/@29.3012309,-94.7950151,14z",2025-12-16T03:20:16.839Z,,,,,,,,,
"https://www.google.com/maps/place/ERIC+NELSON+AVERY,+MD,/data=!4m7!3m6!1s0x863f9e37bf0bc0f1:0x850c85db8c83b086!8m2!3d29.3107498!4d-94.7758738!16s%2Fg%2F1v2yz78s!19sChIJ8cALvzeeP4YRhrCDjNuFDIU","ERIC NELSON AVERY, MD,",,,Psychiatrist,"301 University Blvd, Galveston, TX 77555, United States","866F+7M Galveston, Texas, USA",http://www.utmb.edu/,+1 409-772-2222,,https://streetviewpixels-pa.googleapis.com/v1/thumbnail?panoid=awGskzWxpraq-gW0lWGvBg&cb_client=search.gws-prod.gps&w=408&h=240&yaw=168.82217&pitch=0&thumbfov=100,false,"https://www.google.com/maps/search/Psychiatry+clinics+in+Galveston+Galveston+TX/@29.3012309,-94.7950151,14z",2025-12-16T03:20:20.154Z,,,,,,,,,
https://www.google.com/maps/place/Galveston+Marriage+and+Family+Counseling/data=!4m7!3m6!1s0x863f9e6afa5aaaab:0xf7d738703cc71071!8m2!3d29.3065996!4d-94.7919369!16s%2Fg%2F11hzyt2zkl!19sChIJq6pa-mqeP4YRcRDHPHA41_c,Galveston Marriage and Family Counseling,,,Medical clinic,"305 21st St, Galveston, TX 77550, United States","8645+J6 Galveston, Texas, USA",http://galvestonmarriageandfamilycounseling.com/contact,+1 832-819-4604,,https://streetviewpixels-pa.googleapis.com/v1/thumbnail?panoid=jtPD69kaN2r4QrixJ05cEQ&cb_client=search.gws-prod.gps&w=408&h=240&yaw=267.89236&pitch=0&thumbfov=100,false,"https://www.google.com/maps/search/Psychiatry+clinics+in+Galveston+Galveston+TX/@29.3012309,-94.7950151,14z",2025-12-16T03:20:23.698Z,,,,,,,,,
https://www.google.com/maps/place/Wagner+Karen+Dinee+MD/data=!4m7!3m6!1s0x863f9e37bf0bc0f1:0xf8e9ccc6ced825f1!8m2!3d29.3107498!4d-94.7758738!16s%2Fg%2F1tkvb436!19sChIJ8cALvzeeP4YR8SXYzsbM6fg,Wagner Karen Dinee MD,,,Psychiatrist,"301 University Blvd, Galveston, TX 77555, United States","866F+7M Galveston, Texas, USA",,+1 409-747-8330,,https://streetviewpixels-pa.googleapis.com/v1/thumbnail?panoid=awGskzWxpraq-gW0lWGvBg&cb_client=search.gws-prod.gps&w=408&h=240&yaw=168.82217&pitch=0&thumbfov=100,false,"https://www.google.com/maps/search/Psychiatry+clinics+in+Galveston+Galveston+TX/@29.3012309,-94.7950151,14z",2025-12-16T03:20:26.992Z,,,,,,,,,
https://www.google.com/maps/place/Pedraza+Sandra+L+MD/data=!4m7!3m6!1s0x863f9e37bf0bc0f1:0xbdf6ee868e7e06b7!8m2!3d29.3107498!4d-94.7758738!16s%2Fg%2F1td8zhl0!19sChIJ8cALvzeeP4YRtwZ-jobu9r0,Pedraza Sandra L MD,,,Psychiatrist,"301 University Blvd, Galveston, TX 77555, United States","866F+7M Galveston, Texas, USA",http://www.utmb.edu/,+1 409-772-4194,,https://streetviewpixels-pa.googleapis.com/v1/thumbnail?panoid=awGskzWxpraq-gW0lWGvBg&cb_client=search.gws-prod.gps&w=408&h=240&yaw=168.82217&pitch=0&thumbfov=100,false,"https://www.google.com/maps/search/Psychiatry+clinics+in+Galveston+Galveston+TX/@29.3012309,-94.7950151,14z",2025-12-16T03:20:30.120Z,,,,,,,,,
"https://www.google.com/maps/place/Dr.+Michael+M.+Stone,+MD/data=!4m7!3m6!1s0x863f9e37bf0bc0f1:0x57f165f48f00a28d!8m2!3d29.3107498!4d-94.7758738!16s%2Fg%2F1tdm_wv9!19sChIJ8cALvzeeP4YRjaIAj_Rl8Vc","Dr. Michael M. Stone, MD",,,Psychiatrist,"301 University Blvd, Galveston, TX 77555, United States","866F+7M Galveston, Texas, USA",http://www.utmb.edu/,+1 409-747-9791,,https://streetviewpixels-pa.googleapis.com/v1/thumbnail?panoid=awGskzWxpraq-gW0lWGvBg&cb_client=search.gws-prod.gps&w=408&h=240&yaw=168.82217&pitch=0&thumbfov=100,false,"https://www.google.com/maps/search/Psychiatry+clinics+in+Galveston+Galveston+TX/@29.3012309,-94.7950151,14z",2025-12-16T03:20:33.256Z,,,,,,,,,
"https://www.google.com/maps/place/Dr.+Nicole+K.+Stahl,+MD/data=!4m7!3m6!1s0x863f9e37bf0bc0f1:0xf8259a5d9d3ae1b4!8m2!3d29.3107498!4d-94.7758738!16s%2Fg%2F1hc0yhdqv!19sChIJ8cALvzeeP4YRtOE6nV2aJfg","Dr. Nicole K. Stahl, MD",,,Child psychiatrist,"301 University Blvd, Galveston, TX 77555, United States","866F+7M Galveston, Texas, USA",http://www.utmb.edu/,+1 409-772-4194,,https://streetviewpixels-pa.googleapis.com/v1/thumbnail?panoid=awGskzWxpraq-gW0lWGvBg&cb_client=search.gws-prod.gps&w=408&h=240&yaw=168.82217&pitch=0&thumbfov=100,false,"https://www.google.com/maps/search/Psychiatry+clinics+in+Galveston+Galveston+TX/@29.3012309,-94.7950151,14z",2025-12-16T03:20:36.873Z,,,,,,,,,
https://www.google.com/maps/place/UTMB+Employee+Health+Clinic/data=!4m7!3m6!1s0x863f9f0038cc9c27:0x2bd72b5707d99da3!8m2!3d29.3076055!4d-94.7727864!16s%2Fg%2F11wft71ct7!19sChIJJ5zMOACfP4YRo53ZB1cr1ys,UTMB Employee Health Clinic,4.0,1,Medical clinic,"700 University Blvd Suite 3.420, Galveston, TX 77550, United States","865G+2V Galveston, Texas, USA",https://www.utmb.edu/hr/employees/health-and-wellness,,,https://streetviewpixels-pa.googleapis.com/v1/thumbnail?panoid=47fGWn-YK29NXwh4AKr_Fw&cb_client=search.gws-prod.gps&w=408&h=240&yaw=103.41577&pitch=0&thumbfov=100,false,"https://www.google.com/maps/search/Psychiatry+clinics+in+Galveston+Galveston+TX/@29.3012309,-94.7950151,14z",2025-12-16T03:20:40.259Z,,,,,,,,,
https://www.google.com/maps/place/Naidoo+Elton+MD/data=!4m7!3m6!1s0x863f9e37bf0bc0f1:0x80ab30dc774c7d23!8m2!3d29.3107498!4d-94.7758738!16s%2Fg%2F1tjdm3fp!19sChIJ8cALvzeeP4YRI31Md9wwq4A,Naidoo Elton MD,,,Child psychiatrist,"301 University Blvd, Galveston, TX 77555, United States","866F+7M Galveston, Texas, USA",,+1 409-747-9786,,https://streetviewpixels-pa.googleapis.com/v1/thumbnail?panoid=awGskzWxpraq-gW0lWGvBg&cb_client=search.gws-prod.gps&w=408&h=240&yaw=168.82217&pitch=0&thumbfov=100,false,"https://www.google.com/maps/search/Psychiatry+clinics+in+Galveston+Galveston+TX/@29.3012309,-94.7950151,14z",2025-12-16T03:20:43.061Z,,,,,,,,,
"https://www.google.com/maps/place/Dr.+Lisamar+Maldonado,+MD/data=!4m7!3m6!1s0x863f9e37bf0bc0f1:0x937f16bb35de600c!8m2!3d29.3107498!4d-94.7758738!16s%2Fg%2F1hc0t6_5h!19sChIJ8cALvzeeP4YRDGDeNbsWf5M","Dr. Lisamar Maldonado, MD",,,Psychiatrist,"301 University Blvd, Galveston, TX 77555, United States","866F+7M Galveston, Texas, USA",http://www.utmb.edu/,+1 409-772-2222,,https://streetviewpixels-pa.googleapis.com/v1/thumbnail?panoid=awGskzWxpraq-gW0lWGvBg&cb_client=search.gws-prod.gps&w=408&h=240&yaw=168.82217&pitch=0&thumbfov=100,false,"https://www.google.com/maps/search/Psychiatry+clinics+in+Galveston+Galveston+TX/@29.3012309,-94.7950151,14z",2025-12-16T03:20:46.427Z,,,,,,,,,
https://www.google.com/maps/place/Utmb+Blood+Bank:+Haque+Waheedul+MD/data=!4m7!3m6!1s0x863f9e37bf0bc0f1:0x36820c1dfa31f342!8m2!3d29.3107498!4d-94.7758738!16s%2Fg%2F1tkf1bvq!19sChIJ8cALvzeeP4YRQvMx-h0MgjY,Utmb Blood Bank: Haque Waheedul MD,,,Psychiatrist,"301 University Blvd # 6120, Galveston, TX 77555, United States","866F+7M Galveston, Texas, USA",http://www.utmb.edu/,+1 409-747-4928,,https://streetviewpixels-pa.googleapis.com/v1/thumbnail?panoid=awGskzWxpraq-gW0lWGvBg&cb_client=search.gws-prod.gps&w=408&h=240&yaw=168.82217&pitch=0&thumbfov=100,false,"https://www.google.com/maps/search/Psychiatry+clinics+in+Galveston+Galveston+TX/@29.3012309,-94.7950151,14z",2025-12-16T03:20:49.186Z,,,,,,,,,
"https://www.google.com/maps/place/Jeffery+R.+Temple,+PHD/data=!4m7!3m6!1s0x863f9e37bf0bc0f1:0x6e84f0b3ad197f7a!8m2!3d29.3107498!4d-94.7758738!16s%2Fg%2F1hc16z42y!19sChIJ8cALvzeeP4YRen8ZrbPwhG4","Jeffery R. Temple, PHD",,,Psychologist,"301 University Blvd, Galveston, TX 77555, United States","866F+7M Galveston, Texas, USA",,+1 409-772-2222,,https://streetviewpixels-pa.googleapis.com/v1/thumbnail?panoid=awGskzWxpraq-gW0lWGvBg&cb_client=search.gws-prod.gps&w=408&h=240&yaw=168.82217&pitch=0&thumbfov=100,false,"https://www.google.com/maps/search/Psychiatry+clinics+in+Galveston+Galveston+TX/@29.3012309,-94.7950151,14z",2025-12-16T03:20:52.123Z,,,,,,,,,
https://www.google.com/maps/place/Rodriguez+Darice+MD/data=!4m7!3m6!1s0x863f9e37bf0bc0f1:0xe2f9cb8e3101c6dc!8m2!3d29.3107498!4d-94.7758738!16s%2Fg%2F1v96m4zw!19sChIJ8cALvzeeP4YR3MYBMY7L-eI,Rodriguez Darice MD,,,Child psychiatrist,"301 University Blvd, Galveston, TX 77555, United States","866F+7M Galveston, Texas, USA",,+1 409-747-9786,,https://streetviewpixels-pa.googleapis.com/v1/thumbnail?panoid=awGskzWxpraq-gW0lWGvBg&cb_client=search.gws-prod.gps&w=408&h=240&yaw=168.82217&pitch=0&thumbfov=100,false,"https://www.google.com/maps/search/Psychiatry+clinics+in+Galveston+Galveston+TX/@29.3012309,-94.7950151,14z",2025-12-16T03:20:55.057Z,,,,,,,,,
"https://www.google.com/maps/place/Kaitlin+Leckie/@29.2735109,-94.8383319,17z/data=!3m1!4b1!4m6!3m5!1s0x863f9c4f6e5aaaab:0x1047bfa0e693d9c8!8m2!3d29.2735109!4d-94.8383319!16s%2Fg%2F11p07bl2yt",Kaitlin Leckie,,,Psychologist,"6710 Stewart Rd # 100, Galveston, TX 77551, United States","75F6+CM Galveston, Texas, USA",https://www.utmb.edu/fammed/about-us/biographies/kaitlin-leckie,+1 409-744-4030,,,false,"https://www.google.com/maps/search/Psychiatry+clinics+in+Galveston+Galveston+TX/@29.3012309,-94.7950151,14z",2025-12-16T03:20:59.834Z,,,,,,,,,
"https://www.google.com/maps/place/Virgina+N.+Niebuhr,+PHD/data=!4m7!3m6!1s0x863f9e37bf0bc0f1:0x2010c084e4b6e709!8m2!3d29.3107498!4d-94.7758738!16s%2Fg%2F1hc6sdvyd!19sChIJ8cALvzeeP4YRCee25ITAECA","Virgina N. Niebuhr, PHD",,,Psychologist,"301 University Blvd, Galveston, TX 77555, United States","866F+7M Galveston, Texas, USA",http://www.utmb.edu/,+1 409-772-2222,,https://streetviewpixels-pa.googleapis.com/v1/thumbnail?panoid=awGskzWxpraq-gW0lWGvBg&cb_client=search.gws-prod.gps&w=408&h=240&yaw=168.82217&pitch=0&thumbfov=100,false,"https://www.google.com/maps/search/Psychiatry+clinics+in+Galveston+Galveston+TX/@29.3012309,-94.7950151,14z",2025-12-16T03:21:03.446Z,,,,,,,,,
"https://www.google.com/maps/place/Glennda+M.+Rassin,+LCSW/data=!4m7!3m6!1s0x863f9e37bf0bc0f1:0xbeee23630210badd!8m2!3d29.3107498!4d-94.7758738!16s%2Fg%2F1hc0xlqkq!19sChIJ8cALvzeeP4YR3boQAmMj7r4","Glennda M. Rassin, LCSW",,,Social worker,"301 University Blvd, Galveston, TX 77555, United States","866F+7M Galveston, Texas, USA",http://www.utmb.edu/,+1 409-772-2222,,https://streetviewpixels-pa.googleapis.com/v1/thumbnail?panoid=awGskzWxpraq-gW0lWGvBg&cb_client=search.gws-prod.gps&w=408&h=240&yaw=168.82217&pitch=0&thumbfov=100,false,"https://www.google.com/maps/search/Psychiatry+clinics+in+Galveston+Galveston+TX/@29.3012309,-94.7950151,14z",2025-12-16T03:21:07.475Z,,,,,,,,,
https://www.google.com/maps/place/Levine+Ruth+E+MD/data=!4m7!3m6!1s0x863f9e35ca4f1d7b:0x2d74e37f5310e80e!8m2!3d29.3107498!4d-94.7758738!16s%2Fg%2F1260ft24w!19sChIJex1PyjWeP4YRDugQU3_jdC0,Levine Ruth E MD,,,Psychiatrist,"301 University Blvd, Galveston, TX 77555, United States","866F+7M Galveston, Texas, USA",http://www.utmb.edu/,+1 409-772-1011,,https://streetviewpixels-pa.googleapis.com/v1/thumbnail?panoid=awGskzWxpraq-gW0lWGvBg&cb_client=search.gws-prod.gps&w=408&h=240&yaw=168.82217&pitch=0&thumbfov=100,false,"https://www.google.com/maps/search/Psychiatry+clinics+in+Galveston+Galveston+TX/@29.3012309,-94.7950151,14z",2025-12-16T03:21:10.849Z,,,,,,,,,
"https://www.google.com/maps/place/Michelle+Sitkowski,+LCSW/data=!4m7!3m6!1s0x863f9ff356ffc20f:0xbb9610881e5971e3!8m2!3d29.2890593!4d-94.7943838!16s%2Fg%2F11tf252_81!19sChIJD8L_VvOfP4YR43FZHogQlrs","Michelle Sitkowski, LCSW",,,Counselor,"2728 Avenue Q, Galveston, TX 77550, United States","76Q4+J6 Galveston, Texas, USA",,+1 713-487-5522,Closed · Opens 5 pm Tue,https://streetviewpixels-pa.googleapis.com/v1/thumbnail?panoid=JYzckIZXAyqOi2e4KR3fDg&cb_client=search.gws-prod.gps&w=408&h=240&yaw=325.99435&pitch=0&thumbfov=100,true,"https://www.google.com/maps/search/Psychiatry+clinics+in+Galveston+Galveston+TX/@29.3012309,-94.7950151,14z",2025-12-16T03:21:16.481Z,5–8 pm,5–8 pm,5–8 pm,5–8 pm,Closed,8 am–2 pm,Closed,,
https://www.google.com/maps/place/Texas+Department+Criminal+Justice+Hospital/data=!4m7!3m6!1s0x863f9e3773829f7d:0x6d28ec669e0fdb71!8m2!3d29.3124227!4d-94.7778832!16s%2Fg%2F1260mqxdq!19sChIJfZ-CczeeP4YRcdsPnmbsKG0,Texas Department Criminal Justice Hospital,2.3,44,Government hospital,"809 Harborside Dr, Galveston, TX 77550, United States","866C+XR Galveston, Texas, USA",http://www.tdcj.state.tx.us/,+1 409-772-2875,,https://streetviewpixels-pa.googleapis.com/v1/thumbnail?panoid=I9iY3EZhzgLkwK6QpGOHzQ&cb_client=search.gws-prod.gps&w=408&h=240&yaw=155.94391&pitch=0&thumbfov=100,false,"https://www.google.com/maps/search/Psychiatry+clinics+in+Galveston+Galveston+TX/@29.3012309,-94.7950151,14z",2025-12-16T03:21:20.165Z,,,,,,,,,
https://www.google.com/maps/place/Hospital/data=!4m7!3m6!1s0x863f9f4d81e4e7ef:0x6db26305fb6ad304!8m2!3d29.3107328!4d-94.7770173!16s%2Fg%2F11fs2jczs9!19sChIJ7-fkgU2fP4YRBNNq-wVjsm0,Hospital,5.0,1,Hospital,"521 8th St, Galveston, TX 77555, United States","866F+75 Galveston, Texas, USA",https://www.tdcj.texas.gov/unit_directory/hg.html,,,https://streetviewpixels-pa.googleapis.com/v1/thumbnail?panoid=SCB2sW1oMvmBtg_yLAiSpg&cb_client=search.gws-prod.gps&w=408&h=240&yaw=341.64786&pitch=0&thumbfov=100,false,"https://www.google.com/maps/search/Psychiatry+clinics+in+Galveston+Galveston+TX/@29.3012309,-94.7950151,14z",2025-12-16T03:21:23.562Z,,,,,,,,,
"https://www.google.com/maps/place/Michael+R.+Thomas,+PHD/data=!4m7!3m6!1s0x863f9c4e745b53ed:0xdf9e19c5964b6ce9!8m2!3d29.2780584!4d-94.8401928!16s%2Fg%2F1xfsp3cx!19sChIJ7VNbdE6cP4YR6WxLlsUZnt8","Michael R. Thomas, PHD",,,Psychologist,"38 Maple Ln, Galveston, TX 77551, United States","75H5+6W Galveston, Texas, USA",,+1 409-770-3714,,https://streetviewpixels-pa.googleapis.com/v1/thumbnail?panoid=uhogr-dHDVsuYP0rDoIYDw&cb_client=search.gws-prod.gps&w=408&h=240&yaw=346.7751&pitch=0&thumbfov=100,false,"https://www.google.com/maps/search/Psychiatry+clinics+in+Galveston+Galveston+TX/@29.3012309,-94.7950151,14z",2025-12-16T03:21:27.124Z,,,,,,,,,
"https://www.google.com/maps/place/Jeffrey+M.+Baker,+PHD/data=!4m7!3m6!1s0x863f9e37bf0bc0f1:0x8735c9c4688374c4!8m2!3d29.3107498!4d-94.7758738!16s%2Fg%2F1hc6q46cy!19sChIJ8cALvzeeP4YRxHSDaMTJNYc","Jeffrey M. Baker, PHD",,,Psychologist,"301 University Blvd, Galveston, TX 77555, United States","866F+7M Galveston, Texas, USA",http://www.utmb.edu/,+1 409-772-2222,,https://streetviewpixels-pa.googleapis.com/v1/thumbnail?panoid=awGskzWxpraq-gW0lWGvBg&cb_client=search.gws-prod.gps&w=408&h=240&yaw=168.82217&pitch=0&thumbfov=100,false,"https://www.google.com/maps/search/Psychiatry+clinics+in+Galveston+Galveston+TX/@29.3012309,-94.7950151,14z",2025-12-16T03:21:31.045Z,,,,,,,,,
"https://www.google.com/maps/place/Healing+In+Motion+Therapy,+PLLC/data=!4m7!3m6!1s0x863f9c25ff1c1927:0x6100b4013ba0ecdc!8m2!3d29.3065271!4d-94.7939603!16s%2Fg%2F11rkmtw6yv!19sChIJJxkc_yWcP4YR3OygOwG0AGE","Healing In Motion Therapy, PLLC",,,Psychotherapist,"2228 Mechanic St Suite 304, Galveston, TX 77550, United States","8644+JC Galveston, Texas, USA",https://www.healinginmotiontherapy.com/,+1 281-317-0076,Closed · Opens 9 am Tue,https://lh3.googleusercontent.com/p/AF1QipPZJ-R3IoXCvx2zKrdGPSDmRPRqj4eUGmcIP-3V=w408-h480-k-no,true,"https://www.google.com/maps/search/Psychiatry+clinics+in+Galveston+Galveston+TX/@29.3012309,-94.7950151,14z",2025-12-16T03:21:36.424Z,1–6 pm,9 am–6 pm,9 am–4 pm,1–6 pm,8 am–12 pm,Closed,Closed,LGBTQ+ friendly,
https://www.google.com/maps/place/Vega+Marco+MD/data=!4m7!3m6!1s0x863f9e37bf0bc0f1:0x68cfb8e27f0b6c74!8m2!3d29.3107498!4d-94.7758738!16s%2Fg%2F1tf291n_!19sChIJ8cALvzeeP4YRdGwLf-K4z2g,Vega Marco MD,,,Psychiatrist,"301 University Blvd, Galveston, TX 77555, United States","866F+7M Galveston, Texas, USA",,+1 409-747-9786,,https://streetviewpixels-pa.googleapis.com/v1/thumbnail?panoid=awGskzWxpraq-gW0lWGvBg&cb_client=search.gws-prod.gps&w=408&h=240&yaw=168.82217&pitch=0&thumbfov=100,false,"https://www.google.com/maps/search/Psychiatry+clinics+in+Galveston+Galveston+TX/@29.3012309,-94.7950151,14z",2025-12-16T03:21:39.987Z,,,,,,,,,
"https://www.google.com/maps/place/Freddy+A.+Paniagua,+PHD/data=!4m7!3m6!1s0x863f9e37bf0bc0f1:0xbbaa4b5d758e35c5!8m2!3d29.3107498!4d-94.7758738!16s%2Fg%2F1hc1gs2b7!19sChIJ8cALvzeeP4YRxTWOdV1Lqrs","Freddy A. Paniagua, PHD",,,Neurophysiologist,"301 University Blvd, Galveston, TX 77555, United States","866F+7M Galveston, Texas, USA",http://www.utmb.edu/,+1 409-772-2222,,https://streetviewpixels-pa.googleapis.com/v1/thumbnail?panoid=awGskzWxpraq-gW0lWGvBg&cb_client=search.gws-prod.gps&w=408&h=240&yaw=168.82217&pitch=0&thumbfov=100,false,"https://www.google.com/maps/search/Psychiatry+clinics+in+Galveston+Galveston+TX/@29.3012309,-94.7950151,14z",2025-12-16T03:21:43.254Z,,,,,,,,,
https://www.google.com/maps/place/Mitchellwillis+Phylette+N+PHD/data=!4m7!3m6!1s0x863f9e6ba75d8701:0xe45565fe5827bd93!8m2!3d29.306019!4d-94.7933539!16s%2Fg%2F1tg5vf9h!19sChIJAYddp2ueP4YRk70nWP5lVeQ,Mitchellwillis Phylette N PHD,,,Psychologist,"Parking lot, 2200 Market St # 600, Galveston, TX 77550, United States","8644+CM Galveston, Texas, USA",,+1 409-762-8636,,https://streetviewpixels-pa.googleapis.com/v1/thumbnail?panoid=x5ATfeTKu3x2IrA6YAGpwA&cb_client=search.gws-prod.gps&w=408&h=240&yaw=177.55501&pitch=0&thumbfov=100,false,"https://www.google.com/maps/search/Psychiatry+clinics+in+Galveston+Galveston+TX/@29.3012309,-94.7950151,14z",2025-12-16T03:21:46.189Z,,,,,,,,,
https://www.google.com/maps/place/Michael+Gilchrease/data=!4m7!3m6!1s0x863f9d20cbf424fd:0x335ca6fb54078c8b!8m2!3d29.2810173!4d-94.8740249!16s%2Fg%2F11sx2hb_mh!19sChIJ_ST0yyCdP4YRi4wHVPumXDM,Michael Gilchrease,,,Psychologist,"1022 Skimmer Ln, Galveston, TX 77554, United States","74JG+C9 Galveston, Texas, USA",,,,https://streetviewpixels-pa.googleapis.com/v1/thumbnail?panoid=SKVJSjQ14_ZDA2YR6Flv8A&cb_client=search.gws-prod.gps&w=408&h=240&yaw=71.601326&pitch=0&thumbfov=100,false,"https://www.google.com/maps/search/Psychiatry+clinics+in+Galveston+Galveston+TX/@29.3012309,-94.7950151,14z",2025-12-16T03:21:49.139Z,,,,,,,,,
"https://www.google.com/maps/place/Karen+E.+Smith,+PhD/data=!4m7!3m6!1s0x863f9e37bf0bc0f1:0xbf8fd96b9acc3d24!8m2!3d29.3107498!4d-94.7758738!16s%2Fg%2F1hc5k1q16!19sChIJ8cALvzeeP4YRJD3MmmvZj78","Karen E. Smith, PhD",,,Psychologist,"301 University Blvd, Galveston, TX 77555, United States","866F+7M Galveston, Texas, USA",,+1 409-772-0848,,https://streetviewpixels-pa.googleapis.com/v1/thumbnail?panoid=awGskzWxpraq-gW0lWGvBg&cb_client=search.gws-prod.gps&w=408&h=240&yaw=168.82217&pitch=0&thumbfov=100,false,"https://www.google.com/maps/search/Psychiatry+clinics+in+Galveston+Galveston+TX/@29.3012309,-94.7950151,14z",2025-12-16T03:21:52.034Z,,,,,,,,,
https://www.google.com/maps/place/Texas+A%26M+University+at+Galveston/data=!4m7!3m6!1s0x863f9ce2017861a5:0x4cd0e180fafd5faf!8m2!3d29.3154967!4d-94.8182868!16zL20vMDR4bjFr!19sChIJpWF4AeKcP4YRr1_9-oDh0Ew,Texas A&M University at Galveston,4.7,145,University,"200 Seawolf Pkwy, Galveston, TX 77554, United States","858J+5M Galveston, Texas, USA",https://www.tamug.edu/,+1 409-740-4400,Closed · Opens 8 am Tue,https://lh3.googleusercontent.com/gps-cs-s/AG0ilSyNKd1fAmamAZCGNzPUHgJu1c1ZceenNcTWZkIg8hEgnGzQVMeXtM-Ka_UmPsfgjYZDtHaUd2GY3-lc8gXcNYzE0j5SS7XX1KpxNaUYH5DSNDFfftog0iynOHrivigrzYX5h_zM8Q=w408-h306-k-no,true,"https://www.google.com/maps/search/Psychiatry+clinics+in+Galveston+Galveston+TX/@29.3012309,-94.7950151,14z",2025-12-16T03:21:57.116Z,8 am–5 pm,8 am–5 pm,8 am–5 pm,8 am–5 pm,8 am–5 pm,Closed,Closed,,
https://www.google.com/maps/place/UTMB+Health+Education+Center/data=!4m7!3m6!1s0x863f9fdcb5ab96f1:0x6605c7deec79fc1d!8m2!3d29.3092394!4d-94.7808051!16s%2Fg%2F11fmzygd8n!19sChIJ8ZartdyfP4YRHfx57N7HBWY,UTMB Health Education Center,5.0,3,Education center,"301 11th St, Galveston, TX 77550, United States","8659+MM Galveston, Texas, USA",https://www.utmb.edu/hec,,Open · Closes 12 am,https://lh3.googleusercontent.com/gps-cs-s/AG0ilSyEr7kArQouZE4vlEM9eDWbHBv2LrB05Lwx2K9xxxf9GdV1g-OcB609gohCacJF-eJIntf_7YKWXHrQppxtoliwIBu1DaitIirgG576w31UiqAvWj26ikIe-lEch8RP46urCXWi=w408-h295-k-no,false,"https://www.google.com/maps/search/Psychiatry+clinics+in+Galveston+Galveston+TX/@29.3012309,-94.7950151,14z",2025-12-16T03:22:02.136Z,7 am–12 am,7 am–12 am,7 am–12 am,7 am–12 am,7 am–12 am,9 am–8 pm,12–11 pm,,
"https://www.google.com/maps/place/David+A.+Feil,+M.S.,+LPC/data=!4m7!3m6!1s0x863f9fca8e22b169:0xcfc538cf5fdc1e90!8m2!3d29.306563!4d-94.7919576!16s%2Fg%2F11rylg3pm9!19sChIJabEijsqfP4YRkB7cX884xc8","David A. Feil, M.S., LPC",,,Psychotherapist,"305 21st St #254, Galveston, TX 77550, United States","8645+J6 Galveston, Texas, USA",http://www.davidafeil.com/,+1 409-227-6047,,https://streetviewpixels-pa.googleapis.com/v1/thumbnail?panoid=jtPD69kaN2r4QrixJ05cEQ&cb_client=search.gws-prod.gps&w=408&h=240&yaw=258.93436&pitch=0&thumbfov=100,true,"https://www.google.com/maps/search/Psychiatry+clinics+in+Galveston+Galveston+TX/@29.3012309,-94.7950151,14z",2025-12-16T03:22:04.850Z,,,,,,,,,
https://www.google.com/maps/place/Anish+Bhardwaj/data=!4m7!3m6!1s0x863f9e363ec00001:0xfe4c2af48fcbb273!8m2!3d29.3107498!4d-94.7758738!16s%2Fg%2F11rwxg4tb5!19sChIJAQDAPjaeP4YRc7LLj_QqTP4,Anish Bhardwaj,,,Psychiatrist,"301 University Blvd, Galveston, TX 77555, United States","866F+7M Galveston, Texas, USA",https://www.utmb.edu/neuro/faculty/professors/anish-bhardwaj,+1 409-442-2222,,https://streetviewpixels-pa.googleapis.com/v1/thumbnail?panoid=awGskzWxpraq-gW0lWGvBg&cb_client=search.gws-prod.gps&w=408&h=240&yaw=168.82217&pitch=0&thumbfov=100,false,"https://www.google.com/maps/search/Psychiatry+clinics+in+Galveston+Galveston+TX/@29.3012309,-94.7950151,14z",2025-12-16T03:22:07.683Z,,,,,,,,,
https://www.google.com/maps/place/University+of+Texas+Med+Branch:+Wolf+Dwight+Vict+MD/data=!4m7!3m6!1s0x863f9e37bf0bc0f1:0x31e205cab73b5a7d!8m2!3d29.3107498!4d-94.7758738!16s%2Fg%2F1tf4fds7!19sChIJ8cALvzeeP4YRfVo7t8oF4jE,University of Texas Med Branch: Wolf Dwight Vict MD,,,Psychiatrist,"301 University Blvd, Galveston, TX 77555, United States","866F+7M Galveston, Texas, USA",http://www.utmb.edu/,+1 409-747-9791,Temporarily closed,https://streetviewpixels-pa.googleapis.com/v1/thumbnail?panoid=awGskzWxpraq-gW0lWGvBg&cb_client=search.gws-prod.gps&w=408&h=240&yaw=168.82217&pitch=0&thumbfov=100,false,"https://www.google.com/maps/search/Psychiatry+clinics+in+Galveston+Galveston+TX/@29.3012309,-94.7950151,14z",2025-12-16T03:22:12.687Z,,,,,,,,,
https://www.google.com/maps/place/ADAPT+Programs+-+Texas+City/data=!4m7!3m6!1s0x863f79a1e30b09a5:0xb95d5a608653849b!8m2!3d29.396866!4d-94.9303378!16s%2Fg%2F11b6yzvcnn!19sChIJpQkL46F5P4YRm4RThmBaXbk,ADAPT Programs - Texas City,4.9,12,Addiction treatment center,"1228 N Logan St Suite 100, Texas City, TX 77590, United States","93W9+PV Texas City, Texas, USA",,+1 409-908-3004,Closed · Opens 9 am Tue,https://lh3.googleusercontent.com/p/AF1QipOnCkrL7EJZ789MFxUB57e25xgCJKkMKVRDj-Nh=w426-h240-k-no,true,"https://www.google.com/maps/search/Psychiatry+clinics+in+Texas+City+Galveston+TX/@29.383845,-94.9027002,14z",2025-12-16T03:22:34.473Z,9 am–8 pm,9 am–8 pm,9 am–8 pm,9 am–8 pm,9 am–8 pm,Closed,Closed,,
https://www.google.com/maps/place/Texas+City+Counseling/data=!4m7!3m6!1s0x863f79b5e31c16e5:0x3cfefe31cc8ef78b!8m2!3d29.394902!4d-94.938461!16s%2Fg%2F11hz9b_rzk!19sChIJ5RYc47V5P4YRi_eOzDH-_jw,Texas City Counseling,5.0,1,Psychotherapist,"2925 Palmer Hwy #C, Texas City, TX 77590, United States","93V6+XJ Texas City, Texas, USA",,,,https://streetviewpixels-pa.googleapis.com/v1/thumbnail?panoid=UtyvgxTfcx_fYiXpH6NfXA&cb_client=search.gws-prod.gps&w=408&h=240&yaw=87.49185&pitch=0&thumbfov=100,false,"https://www.google.com/maps/search/Psychiatry+clinics+in+Texas+City+Galveston+TX/@29.383845,-94.9027002,14z",2025-12-16T03:22:37.875Z,,,,,,,,,
https://www.google.com/maps/place/Transitional+Life+Counseling+and+Consultations/data=!4m7!3m6!1s0x864ea41df1961469:0xe893a68d5d7e5516!8m2!3d29.3967842!4d-94.9311257!16s%2Fg%2F11b7q4wz9m!19sChIJaRSW8R2kToYRFlV-XY2mk-g,Transitional Life Counseling and Consultations,3.0,2,Mental health service,"1225 N Logan St #300, Texas City, TX 77590, United States","93W9+PG Texas City, Texas, USA",http://www.transitionallifecounselingandconsultation.com/,+1 409-359-3355,Closed · Opens 8:30 am Tue,https://streetviewpixels-pa.googleapis.com/v1/thumbnail?panoid=xAk-MtqedhhRsMHi3nP5gQ&cb_client=search.gws-prod.gps&w=408&h=240&yaw=275.6345&pitch=0&thumbfov=100,true,"https://www.google.com/maps/search/Psychiatry+clinics+in+Texas+City+Galveston+TX/@29.383845,-94.9027002,14z",2025-12-16T03:22:43.568Z,8:30 am–5 pm,8:30 am–5 pm,8:30 am–5 pm,8:30 am–5 pm,8:30 am–5 pm,8:30 am–12 pm,Closed,,
"https://www.google.com/maps/place/UTMB+Health+Psychiatry,+Texas+City/data=!4m7!3m6!1s0x863f7e645823027f:0xab30c4e6024b16bb!8m2!3d29.4016934!4d-95.0253654!16s%2Fg%2F11gfb_d5d4!19sChIJfwIjWGR-P4YRuxZLAubEMKs","UTMB Health Psychiatry, Texas City",3.2,5,Psychiatrist,"10121 Emmett F Lowry Expy, Texas City, TX 77591, United States","CX2F+MV Texas City, Texas, USA",https://www.utmbhealth.com/servicelines/behavioral-mental-health,+1 281-338-2798,Closed · Opens 8 am Tue,https://streetviewpixels-pa.googleapis.com/v1/thumbnail?panoid=vHlMqrrSRAkJXT3ZOosXUw&cb_client=search.gws-prod.gps&w=408&h=240&yaw=257.7851&pitch=0&thumbfov=100,true,"https://www.google.com/maps/search/Psychiatry+clinics+in+Texas+City+Galveston+TX/@29.383845,-94.9027002,14z",2025-12-16T03:22:49.419Z,8 am–5 pm,8 am–5 pm,8 am–5 pm,8 am–5 pm,8 am–5 pm,Closed,Closed,,
"https://www.google.com/maps/place/UTMB+Health+Pediatric+Psychiatry,+Texas+City/data=!4m7!3m6!1s0x863f7fb6836350f1:0x89de8a54912635ff!8m2!3d29.401126!4d-95.0231205!16s%2Fg%2F1tjfbn37!19sChIJ8VBjg7Z_P4YR_zUmkVSK3ok","UTMB Health Pediatric Psychiatry, Texas City",4.7,15,Child psychologist,"10121 Emmett F Lowry Expy, Texas City, TX 77591, United States","CX2G+FQ Texas City, Texas, USA",https://www.utmbhealth.com/services/developmental-behavioral-mental-health/child-and-adolescent-services-and-providers,+1 281-338-2798,Closed · Opens 8 am Tue,https://lh3.googleusercontent.com/p/AF1QipP3fM2RRFaFWwEtOBsO7hjDTMvzusvxptP_H_iz=w408-h272-k-no,true,"https://www.google.com/maps/search/Psychiatry+clinics+in+Texas+City+Galveston+TX/@29.383845,-94.9027002,14z",2025-12-16T03:22:54.730Z,8 am–5 pm,8 am–5 pm,8 am–5 pm,8 am–5 pm,8 am–5 pm,Closed,Closed,,
https://www.google.com/maps/place/Gulf+Coast+Center/data=!4m7!3m6!1s0x863f79474365c04b:0xa6ea38d0ae5f6f93!8m2!3d29.3962764!4d-94.9621266!16s%2Fg%2F11bvzrgr3x!19sChIJS8BlQ0d5P4YRk29frtA46qY,Gulf Coast Center,5.0,1,Mental health service,"4352 Emmett F Lowry Expy, Texas City, TX 77591, United States","92WQ+G4 Texas City, Texas, USA",http://gulfcoastcenter.org/,+1 409-944-4520,Closes soon · 10 pm · Opens 8 am Tue,https://lh3.googleusercontent.com/gps-cs-s/AG0ilSx8IIzQJwC__-RgDh2w8Oc_bk8bpANG44MDAS9wtKeBYa2N-TPouCl6pqbOmaleaFPVB7C9vh_pplV_9oUpP1FxesAnYSrG5rFuUxlAC5cWg1zbEKNBDxgIO8HXQl_AvErJW9Y3=w408-h544-k-no,false,"https://www.google.com/maps/search/Psychiatry+clinics+in+Texas+City+Galveston+TX/@29.383845,-94.9027002,14z",2025-12-16T03:23:00.069Z,8 am–10 pm,8 am–10 pm,8 am–10 pm,8 am–10 pm,8 am–10 pm,8 am–5 pm,8 am–5 pm,,
https://www.google.com/maps/place/Gulf+Coast+Center/data=!4m7!3m6!1s0x863f7edda9286cb3:0x8c4552123523b7a1!8m2!3d29.3794403!4d-94.9953292!16s%2Fg%2F1tf36b6r!19sChIJs2woqd1-P4YRobcjNRJSRYw,Gulf Coast Center,3.7,31,Mental health service,"7510 FM1765, Texas City, TX 77591, United States","92H3+QV Texas City, Texas, USA",http://www.gcmhmr.com/,+1 409-935-6083,Closed · Opens 8 am Tue,https://lh3.googleusercontent.com/gps-cs-s/AG0ilSwIEpkn6Rre18SyzTMfPe4mqVgWSBwXmKz-0gABGUr82orH3IVPfPMoYVYGqkCecVqFwf_MZLG-3ieDiA_FqMpvuJJtArU0qJDSGguojqFcFcMbSN-1zEYsTpjTlNNUWldMl8BqXQ=w408-h725-k-no,false,"https://www.google.com/maps/search/Psychiatry+clinics+in+Texas+City+Galveston+TX/@29.383845,-94.9027002,14z",2025-12-16T03:23:05.138Z,8 am–5 pm,8 am–5 pm,8 am–5 pm,8 am–5 pm,8 am–5 pm,Closed,Closed,,
https://www.google.com/maps/place/Guy+M.+Moore+MA.+LPC/data=!4m7!3m6!1s0x863f790b3d6e4875:0x6f872060c1838a8d!8m2!3d29.394902!4d-94.938461!16s%2Fg%2F1tg4x6mb!19sChIJdUhuPQt5P4YRjYqDwWAgh28,Guy M. Moore MA. LPC,3.2,5,Counselor,"2925 Palmer Hwy #C, Texas City, TX 77590, United States","93V6+XJ Texas City, Texas, USA",http://guymmoore.com/,+1 409-935-7900,Closed · Opens 12 pm Tue,https://streetviewpixels-pa.googleapis.com/v1/thumbnail?panoid=UtyvgxTfcx_fYiXpH6NfXA&cb_client=search.gws-prod.gps&w=408&h=240&yaw=87.49185&pitch=0&thumbfov=100,true,"https://www.google.com/maps/search/Psychiatry+clinics+in+Texas+City+Galveston+TX/@29.383845,-94.9027002,14z",2025-12-16T03:23:10.087Z,12–8 pm,12–8 pm,12–8 pm,12–8 pm,12–6 pm,Closed,Closed,,
"https://www.google.com/maps/place/HCS:+Counseling+%26+Guidance,+PLLC/data=!4m7!3m6!1s0x863f79ea3cb52de7:0xce2c28173c57573e!8m2!3d29.3936154!4d-94.9023366!16s%2Fg%2F11ffwbs93r!19sChIJ5y21POp5P4YRPldXPBcoLM4","HCS: Counseling & Guidance, PLLC",,,Family counselor,"528 9th Ave N, Texas City, TX 77590, United States","93VX+C3 Texas City, Texas, USA",http://www.rachelhensleymft.com/,+1 409-789-3535,Closed · Opens 10 am Tue,https://streetviewpixels-pa.googleapis.com/v1/thumbnail?panoid=IgvgDfm-nyYTiAcr5FzlGg&cb_client=search.gws-prod.gps&w=408&h=240&yaw=340.1487&pitch=0&thumbfov=100,true,"https://www.google.com/maps/search/Psychiatry+clinics+in+Texas+City+Galveston+TX/@29.383845,-94.9027002,14z",2025-12-16T03:23:15.044Z,3–6 pm,10 am–6 pm,10:30 am–5 pm,Closed,Closed,10 am–6 pm,Closed,,
https://www.google.com/maps/place/All+the+Little+Things+Count/data=!4m7!3m6!1s0x863f797447e0074d:0xdafb7b6ecc2774bc!8m2!3d29.400619!4d-94.9383477!16s%2Fg%2F1tgln8dj!19sChIJTQfgR3R5P4YRvHQnzG57-9o,All the Little Things Count,,,Mental health service,"2921 17th Ave N, Texas City, TX 77590, United States","C326+6M Texas City, Texas, USA",,+1 409-943-4957,,https://streetviewpixels-pa.googleapis.com/v1/thumbnail?panoid=Y5Jhqai5Prt-cCajfzYEzA&cb_client=search.gws-prod.gps&w=408&h=240&yaw=190.54916&pitch=0&thumbfov=100,false,"https://www.google.com/maps/search/Psychiatry+clinics+in+Texas+City+Galveston+TX/@29.383845,-94.9027002,14z",2025-12-16T03:23:25.331Z,,,,,,,,,
https://www.google.com/maps/place/Newsom+Walter+S+PhD/data=!4m7!3m6!1s0x863f79b000000001:0xf061131159856267!8m2!3d29.3852418!4d-94.9247072!16s%2Fg%2F1262t5hf8!19sChIJAQAAALB5P4YRZ2KFWRETYfA,Newsom Walter S PhD,,,Psychologist,"Texas City, TX 77590, United States","93PG+34 Texas City, Texas, USA",,+1 713-640-1700,,https://streetviewpixels-pa.googleapis.com/v1/thumbnail?panoid=mw2ugfyPFE1DMC5XeHZETw&cb_client=search.gws-prod.gps&w=408&h=240&yaw=175.393&pitch=0&thumbfov=100,false,"https://www.google.com/maps/search/Psychiatry+clinics+in+Texas+City+Galveston+TX/@29.383845,-94.9027002,14z",2025-12-16T03:23:28.344Z,,,,,,,,,
https://www.google.com/maps/place/The+Phoenix+Post-Acute/data=!4m7!3m6!1s0x863f79dc896b47bb:0x708ee7f2dfb05db9!8m2!3d29.3928992!4d-94.9018466!16s%2Fg%2F11cm8gws6q!19sChIJu0dridx5P4YRuV2w3_LnjnA,The Phoenix Post-Acute,4.4,94,Nursing home,"519 9th Ave N, Texas City, TX 77590, United States","93VX+57 Texas City, Texas, USA",http://thephoenixpostacute.com/,+1 409-949-9499,Open 24 hours,https://lh3.googleusercontent.com/p/AF1QipPsCmKdKt2-MKZ6uHHKcc_RXM4V7ensMgyHsSkS=w630-h240-k-no,true,"https://www.google.com/maps/search/Psychiatry+clinics+in+Texas+City+Galveston+TX/@29.383845,-94.9027002,14z",2025-12-16T03:23:33.636Z,Open 24 hours,Open 24 hours,Open 24 hours,Open 24 hours,Open 24 hours,Open 24 hours,Open 24 hours,,
https://www.google.com/maps/place/Jireh+Counseling+Center/data=!4m7!3m6!1s0x8640e7ae3b710ceb:0x33c51dc9efce97fb!8m2!3d29.4085056!4d-94.924099!16s%2Fg%2F11gcm4l66c!19sChIJ6wxxO67nQIYR-5fO78kdxTM,Jireh Counseling Center,5.0,2,Counselor,"2000 25th Ave N STE 103, Texas City, TX 77590, United States","C35G+C9 Texas City, Texas, USA",http://jirehcounselingcenter.org/,+1 346-874-7105,Closed · Opens 10 am Tue,https://lh3.googleusercontent.com/p/AF1QipOHDSh2ASr2G_aeCTElLsdhxs-_nyIEqfIQexcM=w408-h544-k-no,true,"https://www.google.com/maps/search/Psychiatry+clinics+in+Texas+City+Galveston+TX/@29.383845,-94.9027002,14z",2025-12-16T03:23:38.544Z,10 am–6 pm,10 am–6 pm,9 am–6 pm,10 am–6 pm,10 am–6 pm,10 am–12 pm,Closed,,