placeUrl,title,rating,reviewCount,category,address,plusCode,website,phoneNumber,currentStatus,imgUrl,isClaimed,monday,tuesday,wednesday,thursday,friday,saturday,sunday,query,timestamp,info,attributes,error
https://www.google.com/maps/place/Pro-Tec+Plumbing+%26+Air/data=!4m7!3m6!1s0x88dae23f099cae8b:0xbae44fb3d0b7ce44!8m2!3d26.1668337!4d-81.7610639!16s%2Fg%2F11g6wbqhnv!19sChIJi66cCT_i2ogRRM630LNP5Lo,Pro-Tec Plumbing & Air,4.8,1439,Plumber,"3900 Arnold Ave, Naples, FL 34104, United States","568Q+PH Naples, Florida, USA",https://www.ptpflorida.com/?se_action=eyJ0eXBlIjoic2Utc2hvdy1tb2RhbCJ9,+1 239-984-1130,Open 24 hours,https://lh3.googleusercontent.com/p/AF1QipOWGPt464xsjxhYPpSvLvxRmtUL7F6zJHmqgUJl=w408-h304-k-no,true,Open 24 hours,Open 24 hours,Open 24 hours,Open 24 hours,Open 24 hours,Open 24 hours,Open 24 hours,"https://www.google.com/maps/search/plumbing++services+in+Naples+Naples+FL/@40.8517746,14.2681244,14z",2025-11-11T04:19:20.052Z,,,
"https://www.google.com/maps/place/Aztec+Plumbing,+Inc/data=!4m7!3m6!1s0x88db1f3d1b93709d:0x4856f2fe7b173527!8m2!3d26.2164903!4d-81.7829176!16s%2Fg%2F11h282wrkt!19sChIJnXCTGz0f24gRJzUXe_7yVkg","Aztec Plumbing, Inc",4.8,1473,Plumber,"5700 Taylor Rd #A-3, Naples, FL 34109, United States","6688+HR Naples, Florida, USA",https://www.aztecplumbing.net/service-area/naples-fl/?utm_source=google&utm_medium=gmb&utm_campaign=GMBListing-Naples-FL,+1 239-309-1373,Open 24 hours,https://lh3.googleusercontent.com/p/AF1QipM0XOcdX457VvscL9pi-Lo18p7t66j0fY2TB3oW=w426-h240-k-no,true,Open 24 hours,Open 24 hours,Open 24 hours,Open 24 hours,Open 24 hours,Open 24 hours,Open 24 hours,"https://www.google.com/maps/search/plumbing++services+in+Naples+Naples+FL/@40.8517746,14.2681244,14z",2025-11-11T04:19:25.736Z,,,
"https://www.google.com/maps/place/Plumbing,+Cooling+%26+Electrical+Nerds/data=!4m7!3m6!1s0x88db1d1b2a1701b9:0x78d4463bfd36030f!8m2!3d26.3116352!4d-81.7875564!16s%2Fg%2F11h3c54tlw!19sChIJuQEXKhsd24gRDwM2_TtG1Hg","Plumbing, Cooling & Electrical Nerds",4.8,1688,Plumber,"1502 Rail Head Blvd, Naples, FL 34110, United States","8666+MX Naples, Florida, USA",https://www.plumbingnerds.com/?utm_source=google&utm_medium=organic&utm_campaign=GMBListing-NAPLES-FL,+1 239-215-3330,,https://lh3.googleusercontent.com/p/AF1QipMcpnqYfpGgU9WXESs-JyFxEhvOk_y7QeSnTsM-=w408-h306-k-no,true,Open 24 hours,Open 24 hours,Open 24 hours,Open 24 hours,Open 24 hours,Open 24 hours,Open 24 hours,"https://www.google.com/maps/search/plumbing++services+in+Naples+Naples+FL/@40.8517746,14.2681244,14z",2025-11-11T04:19:31.213Z,LGBTQ+ friendly,,
"https://www.google.com/maps/place/Plumbing,+Cooling+%26+Electrical+Nerds/data=!4m7!3m6!1s0x88dae122b9a9c9e3:0x9f61aac9dfb92dec!8m2!3d26.1550594!4d-81.7962318!16s%2Fg%2F11v3n1nl0m!19sChIJ48mpuSLh2ogR7C2538mqYZ8","Plumbing, Cooling & Electrical Nerds",4.7,235,HVAC contractor,"660 Tamiami Trl N Unit 22, Naples, FL 34102, United States","5643+2G Naples, Florida, USA",https://plumbingnerds.com/?utm_source=google&utm_medium=organic&utm_campaign=GMBListing-NAPLES-FL,+1 239-427-2107,,https://lh3.googleusercontent.com/p/AF1QipOCbyFJ-6YClLPrZaFh46jOmpr0xXSO_GbRkXBU=w408-h586-k-no,true,Open 24 hours,Open 24 hours,Open 24 hours,Open 24 hours,Open 24 hours,Open 24 hours,Open 24 hours,"https://www.google.com/maps/search/plumbing++services+in+Naples+Naples+FL/@40.8517746,14.2681244,14z",2025-11-11T04:19:36.019Z,LGBTQ+ friendly,,
https://www.google.com/maps/place/Coastal+Plumbing+%26+Mechanical+Corporation/data=!4m7!3m6!1s0x88dae26a4e1b24cb:0x884285963eb567b1!8m2!3d26.16189!4d-81.7533798!16s%2Fg%2F1td05w48!19sChIJyyQbTmri2ogRsWe1PpaFQog,Coastal Plumbing & Mechanical Corporation,4.9,678,Plumber,"950 Commercial Blvd, Naples, FL 34104, United States","566W+QJ Naples, Florida, USA",https://coastalplumbing.com/,+1 239-643-3278,Closed ⋅ Opens 8 am Tue,https://lh3.googleusercontent.com/p/AF1QipNVmKyl9Ljm_uv3oUl7gkbzB1P0_r5se7fOFf3v=w427-h240-k-no,true,8 am–4:30 pm,8 am–4:30 pm,8 am–4:30 pm,8 am–4:30 pm,8 am–4:30 pm,Closed,Closed,"https://www.google.com/maps/search/plumbing++services+in+Naples+Naples+FL/@40.8517746,14.2681244,14z",2025-11-11T04:19:41.041Z,,,
https://www.google.com/maps/place/Summers+Plumbing+Service/data=!4m7!3m6!1s0x88db1d12a68d11a3:0x3eef954e89581f9c!8m2!3d26.2058482!4d-81.7237457!16s%2Fg%2F1tph2jsq!19sChIJoxGNphId24gRnB9YiU6V7z4,Summers Plumbing Service,4.7,102,Plumber,"5790 Dogwood Way, Naples, FL 34116, United States","674G+8G Naples, Florida, USA",https://spsnaples.com/,+1 239-435-1822,,https://lh3.googleusercontent.com/p/AF1QipOl2K3umJ6mxfhpD7yX4um-w-np2BtYLk3vuHya=w408-h306-k-no,true,,,,,,,,"https://www.google.com/maps/search/plumbing++services+in+Naples+Naples+FL/@40.8517746,14.2681244,14z",2025-11-11T04:19:43.940Z,,,
https://www.google.com/maps/place/AIM+Plumbing+LLC/data=!4m7!3m6!1s0x88dae17155555555:0x893528d8c0b5abb1!8m2!3d26.158746!4d-81.677044!16s%2Fg%2F1tffvr7r!19sChIJVVVVVXHh2ogRsau1wNgoNYk,AIM Plumbing LLC,4.8,252,Plumber,"3558 Plover Ave #4, Naples, FL 34117, United States","585F+F5 Naples, Florida, USA",https://www.aimservicesofswfl.com/?utm_source=GBPlisting&utm_medium=organic,+1 239-348-7006,Open 24 hours,https://lh3.googleusercontent.com/p/AF1QipPBBPlkPGLlE0fLMjUjWKKTLS7GRQNmwuZF4c05=w408-h271-k-no,true,Open 24 hours,Open 24 hours,Open 24 hours,Open 24 hours,Open 24 hours,Open 24 hours,Open 24 hours,"https://www.google.com/maps/search/plumbing++services+in+Naples+Naples+FL/@40.8517746,14.2681244,14z",2025-11-11T04:19:48.814Z,,,
https://www.google.com/maps/place/Mike%27s+Plumbing+of+Southwest+Florida/data=!4m7!3m6!1s0x88db0143c4faa61b:0x7954d4c42ad0b597!8m2!3d26.195953!4d-81.7189296!16s%2Fg%2F11h15vxtc!19sChIJG6b6xEMB24gRl7XQKsTUVHk,Mike's Plumbing of Southwest Florida,4.9,347,Plumber,"1724 Santa Barbara Blvd unit a, Naples, FL 34116, United States","57WJ+9C Naples, Florida, USA",https://www.mikesplumbingswfl.com/,+1 239-208-0274,Closed ⋅ Opens 8 am Tue,https://lh3.googleusercontent.com/p/AF1QipPKTaejjds882qF9MIRb9t4KMqK5GzXyLQYurv1=w426-h240-k-no,true,8 am–4:30 pm,8 am–4:30 pm,8 am–4:30 pm,8 am–4:30 pm,8 am–4:30 pm,Closed,Closed,"https://www.google.com/maps/search/plumbing++services+in+Naples+Naples+FL/@40.8517746,14.2681244,14z",2025-11-11T04:19:53.912Z,LGBTQ+ friendly,,
https://www.google.com/maps/place/Bob+Hill+Plumbing/data=!4m7!3m6!1s0x88dae19bce313e5b:0xbe46036687b7dc8d!8m2!3d26.1466451!4d-81.7943895!16s%2Fg%2F1w347dw6!19sChIJWz4xzpvh2ogRjdy3h2YDRr4,Bob Hill Plumbing,4.6,112,Plumber,"985 1st Ave S, Naples, FL 34102, United States","46W4+M6 Naples, Florida, USA",https://bobhillplumbing.com/,+1 239-262-6119,Closed ⋅ Opens 8 am Tue,https://lh3.googleusercontent.com/p/AF1QipMzDNMtKIZ7q_mQ-9ofe401gv_eX0OTo910QBpG=w408-h306-k-no,true,8 am–4 pm,8 am–4 pm,8 am–4 pm,8 am–4 pm,8 am–4 pm,Closed,Closed,"https://www.google.com/maps/search/plumbing++services+in+Naples+Naples+FL/@40.8517746,14.2681244,14z",2025-11-11T04:19:58.845Z,,,
https://www.google.com/maps/place/Roto-Rooter+Plumbing+%26+Drain+Services/data=!4m7!3m6!1s0x88dae31447fdb075:0x1d079d9b76ed4372!8m2!3d26.1637993!4d-81.7584419!16s%2Fg%2F11x6z5jxc4!19sChIJdbD9RxTj2ogRckPtdpudBx0,Roto-Rooter Plumbing & Drain Services,4.8,21,Plumber,"1147 Industrial Blvd Ste B5, Naples, FL 34104, United States","567R+GJ Naples, Florida, USA",https://www.rotorooter.com/naplesfl/,+1 239-387-2141,Open 24 hours,https://lh3.googleusercontent.com/p/AF1QipODEcuwr6i5ryflCFw3_-449IzAuLMrBME-4e_6=w458-h240-k-no,true,Open 24 hours,Open 24 hours,Open 24 hours,Open 24 hours,Open 24 hours,Open 24 hours,Open 24 hours,"https://www.google.com/maps/search/plumbing++services+in+Naples+Naples+FL/@40.8517746,14.2681244,14z",2025-11-11T04:20:03.775Z,,,
https://www.google.com/maps/place/Tecnoservice+assistenza+caldaie+e+climatizzatori+plurimarche+Assistenza+sanitrit/data=!4m7!3m6!1s0x133b0f8d0a8611d7:0x2967a52bf60954b1!8m2!3d40.860708!4d14.228782!16s%2Fg%2F11n1s_pdcb!19sChIJ1xGGCo0POxMRsVQJ9iulZyk,Tecnoservice assistenza caldaie e climatizzatori plurimarche Assistenza sanitrit,4.9,185,Heating contractor,"Via Bernardo Cavallino, 61/D, 80131 Napoli NA, Italy","V66H+7G Naples, Metropolitan City of Naples, Italy",http://www.tecnoservice24.it/,+39 328 767 8096,Closed ⋅ Opens 8:30 am,https://lh3.googleusercontent.com/p/AF1QipPFNEsDsu_Z5Q6ckAyLr5sV8L69W28NgU7F5HMz=w408-h544-k-no,true,8:30 am–7 pm,8:30 am–7 pm,8:30 am–7 pm,8:30 am–7 pm,8:30 am–7 pm,8:30 am–2 pm,Closed,"https://www.google.com/maps/search/plumbing++services+in+Naples+Naples+FL/@40.8517746,14.2681244,14z",2025-11-11T04:20:08.611Z,,,
https://www.google.com/maps/place/A-1+Plumbing+%26+Gas+Inc./data=!4m7!3m6!1s0x88db45f570fe004b:0x499728d2c0968986!8m2!3d26.1578891!4d-81.6737685!16s%2Fg%2F11f7b_cypg!19sChIJSwD-cPVF24gRhomWwNIol0k,A-1 Plumbing & Gas Inc.,4.8,174,Plumber,"3522 Plover Ave, Naples, FL 34117, United States","585G+5F Naples, Florida, USA",https://www.a1plumbingfl.com/,+1 239-699-3144,Open 24 hours,https://lh3.googleusercontent.com/p/AF1QipN3NOIjAM4blcayIHfUQjLdjz9jgOOYBsvOJpAr=w426-h240-k-no,true,Open 24 hours,Open 24 hours,Open 24 hours,Open 24 hours,Open 24 hours,Open 24 hours,Open 24 hours,"https://www.google.com/maps/search/plumbing++services+in+Naples+Naples+FL/@40.8517746,14.2681244,14z",2025-11-11T04:20:13.663Z,Identifies as women-owned,,
https://www.google.com/maps/place/Charlies+Angels+Plumbing/data=!4m7!3m6!1s0x88dae215e1a97489:0xf1e081d9c50b1b69!8m2!3d26.1555151!4d-81.6978495!16s%2Fg%2F1tfn3k0w!19sChIJiXSp4RXi2ogRaRsLxdmB4PE,Charlies Angels Plumbing,4.9,544,Plumber,"739 Hadley Pl W, Naples, FL 34104, United States","5842+6V Naples, Florida, USA",http://www.charliesangelsplumbing.com/,+1 239-434-7586,Closed ⋅ Opens 7 am Tue,https://lh3.googleusercontent.com/gps-cs-s/AG0ilSzrhnQxhe7zXRsWsiguNx0lhunxKsVE4qiHkHZcKYaxYARF5FFa-RaN31Ibo5vV-YmiFZ9K70k1SgQwa4W_zy07z_DvSL2An3Syps3RKAntnJEOgPyNfGUXfdMK3UuWLRnP9-8_=w408-h605-k-no,true,7 am–3 pm,7 am–3 pm,7 am–3 pm,7 am–3 pm,7 am–3 pm,Closed,Closed,"https://www.google.com/maps/search/plumbing++services+in+Naples+Naples+FL/@40.8517746,14.2681244,14z",2025-11-11T04:20:18.757Z,,,
"https://www.google.com/maps/place/First+Class+Plumbing+of+Florida,+Inc./data=!4m7!3m6!1s0x88db1d686c34002b:0x61d73d8761d568e9!8m2!3d26.2208153!4d-81.7773667!16s%2Fg%2F11j6_1r1gg!19sChIJKwA0bGgd24gR6WjVYYc912E","First Class Plumbing of Florida, Inc.",4.0,60,Plumber,"6123 Lee Ann Ln, Naples, FL 34109, United States","66CF+83 Naples, Florida, USA",https://www.firstclassplumbinginc.com/,+1 239-597-9997,Open 24 hours,https://lh3.googleusercontent.com/p/AF1QipNs3aWNWVZVfORGjTEAdqdjiriL_CfsTuusedFz=w418-h240-k-no,true,Open 24 hours,Open 24 hours,Open 24 hours,Open 24 hours,Open 24 hours,Open 24 hours,Open 24 hours,"https://www.google.com/maps/search/plumbing++services+in+Naples+Naples+FL/@40.8517746,14.2681244,14z",2025-11-11T04:20:23.833Z,,,
"https://www.google.com/maps/place/Sunwest+All+Service,+Inc./data=!4m7!3m6!1s0x88dafd47dbe6821f:0xb0f3ab40d271b17c!8m2!3d26.1574875!4d-81.6799235!16s%2Fg%2F11c2q39fk_!19sChIJH4Lm20f92ogRfLFx0kCr87A","Sunwest All Service, Inc.",4.8,36,Plumber,"3945 Tollhouse Dr STE 901, Naples, FL 34114, United States","584C+X2 Naples, Florida, USA",https://www.sunwestplumbingservice.com/,+1 239-455-8353,Open 24 hours,https://lh3.googleusercontent.com/p/AF1QipMsX3DoH-T84j9WlS2mbiWE29u2q0-fLeGudd3J=w408-h253-k-no,true,Open 24 hours,Open 24 hours,Open 24 hours,Open 24 hours,Open 24 hours,Open 24 hours,Open 24 hours,"https://www.google.com/maps/search/plumbing++services+in+Naples+Naples+FL/@40.8517746,14.2681244,14z",2025-11-11T04:20:28.786Z,,,
https://www.google.com/maps/place/Leo%27s+Real+Plumbing/data=!4m7!3m6!1s0xa13faaf0a4d181f7:0xc18ca31f82a1bae2!8m2!3d26.1952943!4d-81.6759828!16s%2Fg%2F11q94ybnbz!19sChIJ94HRpPCqP6ER4rqhgh-jjME,Leo's Real Plumbing,5.0,23,Plumber,"3471 19th Ave SW, Naples, FL 34117, United States","58WF+4J Naples, Florida, USA",,+1 239-821-2648,Open 24 hours,https://lh3.googleusercontent.com/p/AF1QipNRBwvV07xrdbZo3MlFWSjZhYBhQ6MR_ZRRgTG5=w408-h306-k-no,true,Open 24 hours,Open 24 hours,Open 24 hours,Open 24 hours,Open 24 hours,Open 24 hours,Open 24 hours,"https://www.google.com/maps/search/plumbing++services+in+Naples+Naples+FL/@40.8517746,14.2681244,14z",2025-11-11T04:20:33.687Z,,,
https://www.google.com/maps/place/Ironclad+Plumbing/data=!4m7!3m6!1s0x88db05ee07e30ea1:0x90247fbe9cb4ae67!8m2!3d26.332801!4d-81.869277!16s%2Fg%2F11h_fth7lx!19sChIJoQ7jB-4F24gRZ660nL5_JJA,Ironclad Plumbing,5.0,1023,Plumber,,,,+1 239-289-4860,Closed ⋅ Opens 8 am Tue,https://lh3.googleusercontent.com/p/AF1QipP9vDF7aARHIzPABp33lqf-5o8Ih5licHPLUXmG=w408-h725-k-no,true,8 am–5 pm,8 am–5 pm,8 am–5 pm,8 am–5 pm,8 am–5 pm,Closed,Closed,"https://www.google.com/maps/search/plumbing++services+in+Naples+Naples+FL/@40.8517746,14.2681244,14z",2025-11-11T04:20:38.594Z,,,
https://www.google.com/maps/place/Hoosier+Plumbing/data=!4m7!3m6!1s0x88dae2155f081b7f:0x405d37f2d7755452!8m2!3d26.1597749!4d-81.7580205!16s%2Fg%2F1tr8mc_j!19sChIJfxsIXxXi2ogRUlR11_I3XUA,Hoosier Plumbing,4.8,28,Plumber,"4120 Enterprise Ave #107, Naples, FL 34104, United States","565R+WQ Naples, Florida, USA",https://www.hoosier-plumbing.com/,+1 239-430-9566,Open 24 hours,https://lh3.googleusercontent.com/p/AF1QipPwDIy7RoZcB3DfAfEoxftQqn4Xt6vvPdWuO8jS=w408-h270-k-no,true,Open 24 hours,Open 24 hours,Open 24 hours,Open 24 hours,Open 24 hours,Open 24 hours,Open 24 hours,"https://www.google.com/maps/search/plumbing++services+in+Naples+Naples+FL/@40.8517746,14.2681244,14z",2025-11-11T04:20:43.591Z,,,
https://www.google.com/maps/place/South+Florida+Plumbing/data=!4m7!3m6!1s0x88dae23c93876735:0xda664d18149b32c4!8m2!3d26.1557603!4d-81.766505!16s%2Fg%2F1v3gsqd7!19sChIJNWeHkzzi2ogRxDKbFBhNZto,South Florida Plumbing,4.2,14,Plumber,"299 Airport-Pulling Rd N, Naples, FL 34104, United States","564M+89 Naples, Florida, USA",https://southflorida-plumbing.com/,+1 239-544-5196,,https://streetviewpixels-pa.googleapis.com/v1/thumbnail?panoid=frgTHSVFoqs323f4aWB0uw&cb_client=search.gws-prod.gps&w=408&h=240&yaw=324.01172&pitch=0&thumbfov=100,true,,,,,,,,"https://www.google.com/maps/search/plumbing++services+in+Naples+Naples+FL/@40.8517746,14.2681244,14z",2025-11-11T04:20:46.409Z,,,
"https://www.google.com/maps/place/B+C+Plumbing+Service+of+Southwest+Florida,+Inc./data=!4m7!3m6!1s0x88db1d9fdef7bee1:0x1b8cb1ee2fce1e49!8m2!3d26.379852!4d-81.667283!16s%2Fg%2F11c5xplp7r!19sChIJ4b733p8d24gRSR7OL-6xjBs","B C Plumbing Service of Southwest Florida, Inc.",4.5,18,Plumber,,,http://bcplumbingswfl.com/,+1 239-455-5040,Open 24 hours,https://lh3.googleusercontent.com/p/AF1QipPV2PEmgQ2fOAKYelKp-OUnU35gCbCqwlRK78CJ=w426-h240-k-no,true,Open 24 hours,Open 24 hours,Open 24 hours,Open 24 hours,Open 24 hours,Open 24 hours,Open 24 hours,"https://www.google.com/maps/search/plumbing++services+in+Naples+Naples+FL/@40.8517746,14.2681244,14z",2025-11-11T04:20:51.202Z,,,
https://www.google.com/maps/place/Tuttocalor+S.r.l./data=!4m7!3m6!1s0x133b9eab12e354bd:0x9a01336a97ca0207!8m2!3d40.6217997!4d14.3771478!16s%2Fg%2F1vy5dczl!19sChIJvVTjEqueOxMRBwLKl2ozAZo,Tuttocalor S.r.l.,4.9,14,Plumber,"Via Santa Lucia, 15, 80067 Sorrento NA, Italy","J9CG+PV Sorrento, Metropolitan City of Naples, Italy",,+39 081 807 1123,Closed ⋅ Opens 8 am,https://streetviewpixels-pa.googleapis.com/v1/thumbnail?panoid=qZE6uyuCodk-Aus_zxI7VQ&cb_client=search.gws-prod.gps&w=408&h=240&yaw=41.782032&pitch=0&thumbfov=100,false,8 am–7 pm,8 am–7 pm,8 am–7 pm,8 am–7 pm,8 am–7 pm,8 am–1 pm,Closed,"https://www.google.com/maps/search/plumbing++services+in+Sorrento+Naples+FL/@40.6263969,14.3764167,14z",2025-11-11T04:21:06.537Z,,,
https://www.google.com/maps/place/TermoEvolution+-+Idraulico+Sorrento/data=!4m7!3m6!1s0x133b99d297bcff45:0x918d3f981ac52a59!8m2!3d40.6268946!4d14.4011709!16s%2Fg%2F11kl9lkqbs!19sChIJRf-8l9KZOxMRWSrFGpg_jZE,TermoEvolution - Idraulico Sorrento,5.0,25,Plumber,"Via Maiano Vecchio, 10, 80065 Sant'Agnello NA, Italy","JCG2+QF Sant'Agnello, Metropolitan City of Naples, Italy",https://www.termoevolution.it/,+39 339 896 2208,Closed ⋅ Opens 8 am,https://lh3.googleusercontent.com/p/AF1QipOe4nsEBa1t1C7Bu6lbTp9gCZ4LQL3ockail6lF=w530-h240-k-no,true,8 am–6 pm,8 am–6 pm,8 am–6 pm,8 am–6 pm,8 am–6 pm,Closed,Closed,"https://www.google.com/maps/search/plumbing++services+in+Sorrento+Naples+FL/@40.6263969,14.3764167,14z",2025-11-11T04:21:11.336Z,,,
https://www.google.com/maps/place/Pros+Plumbing+%26+Rooter/data=!4m7!3m6!1s0x8808d1d89b2c1bd:0xb82072d9f3a3dab4!8m2!3d26.1508918!4d-81.7634655!16s%2Fg%2F11ldvjfvtm!19sChIJvcGyiR2NgAgRtNqj89lyILg,Pros Plumbing & Rooter,5.0,86,Plumber,"3437 Westview Dr Suite 9, Naples, FL 34104, United States","562P+9J Naples, Florida, USA",https://prosplumbing.com/naples/,+1 239-977-7767,Open 24 hours,https://lh3.googleusercontent.com/p/AF1QipNSFqLWOIRtGUfwwcRf8EznBNtG-45xEbeDCXZG=w408-h306-k-no,true,Open 24 hours,Open 24 hours,Open 24 hours,Open 24 hours,Open 24 hours,Open 24 hours,Open 24 hours,"https://www.google.com/maps/search/plumbing++services+in+Sorrento+Naples+FL/@40.6263969,14.3764167,14z",2025-11-11T04:21:16.176Z,,,
https://www.google.com/maps/place/Big+Kahuna+Plumbing+Co./data=!4m7!3m6!1s0xa6edb12295bd245f:0x55c6935291a0ea4b!8m2!3d26.179692!4d-81.7246705!16s%2Fg%2F11vxzdnkkn!19sChIJXyS9lSKx7aYRS-qgkVKTxlU,Big Kahuna Plumbing Co.,5.0,116,Plumber,,,https://www.bigkahunaplumbing.com/,+1 239-350-3620,Open 24 hours,https://lh3.googleusercontent.com/gps-cs-s/AG0ilSxijwupl9VqXmGUDcSrQBn1Dn7fBC-zBPywV0svLLzrU8ZXoq4JG4eOQkypqbggDDMaQq4h1uLf4_VHF2B4_b7SlydsnLP2X4wFoDLRgBzqSNKE2INV2wIrxRZ47jjiPK0Ggy-iLXfY_3z3=w408-h306-k-no,true,Open 24 hours,Open 24 hours,Open 24 hours,Open 24 hours,Open 24 hours,Open 24 hours,Open 24 hours,"https://www.google.com/maps/search/plumbing++services+in+Sorrento+Naples+FL/@40.6263969,14.3764167,14z",2025-11-11T04:21:20.872Z,,,
https://www.google.com/maps/place/Strong+Plumbing+Solutions/data=!4m7!3m6!1s0x88db02f5c35f0a67:0x147ddbac3cf1646b!8m2!3d26.158927!4d-81.5587535!16s%2Fg%2F11g8w6739q!19sChIJZwpfw_UC24gRa2TxPKzbfRQ,Strong Plumbing Solutions,5.0,25,Plumber,,,https://strongplumbingsolutions.com/,+1 239-300-1991,Closed ⋅ Opens 8 am Tue,https://lh3.googleusercontent.com/p/AF1QipPdfmApZ7pgA_AuGbLLbHRXICC0-JhuC9xB7Kgy=w408-h309-k-no,true,8 am–5 pm,8 am–5 pm,8 am–5 pm,8 am–5 pm,8 am–5 pm,Closed,Closed,"https://www.google.com/maps/search/plumbing++services+in+Sorrento+Naples+FL/@40.6263969,14.3764167,14z",2025-11-11T04:21:25.507Z,,,
https://www.google.com/maps/place/balmore+plumbing+llc/data=!4m7!3m6!1s0x88dae36b082a655d:0xf9ca2ffb27eb9369!8m2!3d26.1236405!4d-81.7316214!16s%2Fg%2F11ftvq3f17!19sChIJXWUqCGvj2ogRaZPrJ_svyvk,balmore plumbing llc,4.9,184,Plumber,"5581 Wendy Ln, Naples, FL 34112, United States","47F9+F9 Naples, Florida, USA",https://balmoreplumbing.org/,+1 239-384-0404,Closed ⋅ Opens 8 am Tue,https://lh3.googleusercontent.com/p/AF1QipOlSuz0XXn1d4Ueq-2_V7E23pAPwsVcF2sV6AhO=w426-h240-k-no,true,8 am–5 pm,8 am–5 pm,8 am–5 pm,8 am–5 pm,8 am–5 pm,9 am–1 pm,Closed,"https://www.google.com/maps/search/plumbing++services+in+Sorrento+Naples+FL/@40.6263969,14.3764167,14z",2025-11-11T04:21:30.701Z,,,
https://www.google.com/maps/place/Ercolano+Impianti+Sorrento/data=!4m7!3m6!1s0xe5a11b7bce60093:0x344b702c4491f43!8m2!3d40.6313407!4d14.3929085!16s%2Fg%2F11swpglm9f!19sChIJkwDmvLcRWg4RQx9JxAK3RAM,Ercolano Impianti Sorrento,5.0,119,Electrician,,,https://ercolanoimpiantisorrento.it/,+39 331 335 4710,Open 24 hours,https://lh3.googleusercontent.com/p/AF1QipPgMl8MWMjT0uLh8eRTAI78dlQtPELsyL8sFCHq=w408-h484-k-no,true,Open 24 hours,Open 24 hours,Open 24 hours,Open 24 hours,Open 24 hours,Open 24 hours,Closed,"https://www.google.com/maps/search/plumbing++services+in+Sorrento+Naples+FL/@40.6263969,14.3764167,14z",2025-11-11T04:21:35.471Z,,,
https://www.google.com/maps/place/Royal+Plumbing+Solutions+LLC/data=!4m7!3m6!1s0xa47161ce79a67017:0x63114010672ba873!8m2!3d26.151674!4d-81.767342!16s%2Fg%2F11ydw3z3bn!19sChIJF3Cmec5hcaQRc6grZxBAEWM,Royal Plumbing Solutions LLC,5.0,11,Plumber,,,https://www.royalplumbingsolutionsllc.com/,+1 239-450-2209,Closed ⋅ Opens 8 am Tue,https://lh3.googleusercontent.com/p/AF1QipPhMU4fXuYAhL52MU5celj_ZhCbNOVFyPMXtojv=w408-h544-k-no,true,8 am–6 pm,8 am–6 pm,8 am–6 pm,8 am–6 pm,8 am–6 pm,9 am–4 pm,9 am–4 pm,"https://www.google.com/maps/search/plumbing++services+in+Sorrento+Naples+FL/@40.6263969,14.3764167,14z",2025-11-11T04:21:40.173Z,,,
https://www.google.com/maps/place/Esposito+Alberto/data=!4m7!3m6!1s0x133b9eab12e354bd:0x56cd927e8e1fad0b!8m2!3d40.6217997!4d14.3771478!16s%2Fg%2F1hc28_0sf!19sChIJvVTjEqueOxMRC60fjn6SzVY,Esposito Alberto,,,Plumber,"Via Santa Lucia, 15, 80067 Sorrento NA, Italy","J9CG+PV Sorrento, Metropolitan City of Naples, Italy",,+39 081 877 1890,Closed ⋅ Opens 8 am,https://streetviewpixels-pa.googleapis.com/v1/thumbnail?panoid=qZE6uyuCodk-Aus_zxI7VQ&cb_client=search.gws-prod.gps&w=408&h=240&yaw=41.782032&pitch=0&thumbfov=100,false,"8 am–1 pm, 3–6:30 pm","8 am–1 pm, 3–6:30 pm","8 am–1 pm, 3–6:30 pm","8 am–1 pm, 3–6:30 pm","8 am–1 pm, 3–6:30 pm",8 am–12 pm,Closed,"https://www.google.com/maps/search/plumbing++services+in+Sorrento+Naples+FL/@40.6263969,14.3764167,14z",2025-11-11T04:21:45.050Z,,,
https://www.google.com/maps/place/Trusted+Home+Watch+of+Naples/data=!4m7!3m6!1s0x88dae17315027793:0x89ff695f6128f4f6!8m2!3d26.182163!4d-81.803711!16s%2Fg%2F11l5rlldnq!19sChIJk3cCFXPh2ogR9vQoYV9p_4k,Trusted Home Watch of Naples,5.0,22,Property maintenance,"700 Ketch Dr, Naples, FL 34103, United States","55JW+VG Naples, Florida, USA",https://trustedhomewatchofnaples.com/,+1 239-227-8092,Closed ⋅ Opens 8:30 am Tue,https://streetviewpixels-pa.googleapis.com/v1/thumbnail?panoid=picMgqE8W77lv3Sr4X3hHg&cb_client=search.gws-prod.gps&w=408&h=240&yaw=185.13802&pitch=0&thumbfov=100,true,8:30 am–5 pm,8:30 am–5 pm,8:30 am–5 pm,8:30 am–5 pm,8:30 am–5 pm,Closed,Closed,"https://www.google.com/maps/search/plumbing++services+in+Amalfi+Naples+FL/@40.6338303,14.6027661,14z",2025-11-11T04:21:59.480Z,,,
https://www.google.com/maps/place/Bohall+Plumbing+Co/data=!4m7!3m6!1s0x88db1d3722995ef1:0x49cee05cea7db89a!8m2!3d26.1450745!4d-81.7935125!16s%2Fg%2F1th7z4hx!19sChIJ8V6ZIjcd24gRmrh96lzgzkk,Bohall Plumbing Co,5.0,20,Plumber,,,http://bohallplumbing.com/,+1 239-455-9520,,https://lh3.googleusercontent.com/p/AF1QipPlk4AQnq9XcPsVn7K-N4-rxSFOCuxGLAceQ16k=w408-h306-k-no,true,,,,,,,,"https://www.google.com/maps/search/plumbing++services+in+Amalfi+Naples+FL/@40.6338303,14.6027661,14z",2025-11-11T04:22:02.202Z,,,
https://www.google.com/maps/place/Treasure+Plumbing+LLC/data=!4m7!3m6!1s0x43c67c879fdc2ce3:0xa9cfe55169364153!8m2!3d26.1271407!4d-81.7534278!16s%2Fg%2F11l5bdlwvb!19sChIJ4yzcn4d8xkMRU0E2aVHlz6k,Treasure Plumbing LLC,5.0,70,Plumber,"4392 Beechwood Lake Dr, Naples, FL 34112, United States","46GW+VJ Naples, Florida, USA",https://www.treasureplumbing.com/,+1 239-315-9905,Open 24 hours,https://lh3.googleusercontent.com/p/AF1QipM-M9XrxXeFO2ZHvMatwx_6RJMERDq0jEWToO9V=w408-h544-k-no,true,Open 24 hours,Open 24 hours,Open 24 hours,Open 24 hours,Open 24 hours,Open 24 hours,Open 24 hours,"https://www.google.com/maps/search/plumbing++services+in+Amalfi+Naples+FL/@40.6338303,14.6027661,14z",2025-11-11T04:22:07.040Z,,,
https://www.google.com/maps/place/Naples+Plumbing+LLC/data=!4m7!3m6!1s0x88db070277513b5f:0x9c9816e4d635ab95!8m2!3d26.158927!4d-81.5587535!16s%2Fg%2F11bbrcgkfg!19sChIJXztRdwIH24gRlas11uQWmJw,Naples Plumbing LLC,5.0,5,Plumber,,,http://www.naplesplumbingllc.net/,+1 239-877-7075,Open 24 hours,https://lh3.googleusercontent.com/gps-cs-s/AG0ilSzNJmVYoVModGCF1DIsSjuVXEdB7wmWOEv4eEKFvFtJGH0cuEV9fjx9gsPNPgFbnahNwjcELddDD4sNl7P1pCitsb9UcidPbkHcM-d4U-710EtyxjQQg0eKvE3JwRBWbccSR4m0gw=w426-h240-k-no,true,Open 24 hours,Open 24 hours,Open 24 hours,Open 24 hours,Open 24 hours,Open 24 hours,Open 24 hours,"https://www.google.com/maps/search/plumbing++services+in+Amalfi+Naples+FL/@40.6338303,14.6027661,14z",2025-11-11T04:22:11.859Z,,,
https://www.google.com/maps/place/Liam+%26+Sons+Plumbing+%26+Air/data=!4m7!3m6!1s0x88dae342191e4373:0x43cac07483b1e24a!8m2!3d26.1615175!4d-81.7713558!16s%2Fg%2F11lf929p3t!19sChIJc0MeGULj2ogRSuKxg3TAykM,Liam & Sons Plumbing & Air,4.9,51,Plumber,"2940 Horseshoe Dr S #400, Naples, FL 34104, United States","566H+JF Naples, Florida, USA",https://floridaplumbingair.com/,+1 239-388-7100,Open 24 hours,https://lh3.googleusercontent.com/p/AF1QipNT0-8Bcjp0n3h7HQD2pK8e3Sc2ZHlmG72fZrGB=w408-h305-k-no,true,Open 24 hours,Open 24 hours,Open 24 hours,Open 24 hours,Open 24 hours,Open 24 hours,Open 24 hours,"https://www.google.com/maps/search/plumbing++services+in+Amalfi+Naples+FL/@40.6338303,14.6027661,14z",2025-11-11T04:22:16.797Z,,,
https://www.google.com/maps/place/Dorian+Plumbing/data=!4m7!3m6!1s0x88db1de057a29719:0xd907c133bc6a335f!8m2!3d26.158927!4d-81.5587535!16s%2Fg%2F11m7n1x6jt!19sChIJGZeiV-Ad24gRXzNqvDPBB9k,Dorian Plumbing,4.7,18,Plumber,,,http://www.dorianplumbing.com/,+1 239-232-2529,Closed ⋅ Opens 8 am Tue,https://lh3.googleusercontent.com/p/AF1QipPlX7YEvBADphJ8v1Txtybx74Lx4TtmYdcCYM4=w427-h240-k-no,true,8 am–5 pm,8 am–5 pm,8 am–5 pm,8 am–5 pm,8 am–5 pm,8 am–2 pm,Closed,"https://www.google.com/maps/search/plumbing++services+in+Amalfi+Naples+FL/@40.6338303,14.6027661,14z",2025-11-11T04:22:21.911Z,,,
https://www.google.com/maps/place/Bock+Plumbing+Inc/data=!4m7!3m6!1s0x8eb186b2102eeed:0xd1a7a98451fbe48b!8m2!3d26.151674!4d-81.767342!16s%2Fg%2F11w4m20d5s!19sChIJ7e4CIWsY6wgRi-T7UYSpp9E,Bock Plumbing Inc,5.0,127,Plumber,,,https://www.bockplumbinginc.com/,+1 239-737-7550,Closed ⋅ Opens 9 am Tue,https://lh3.googleusercontent.com/p/AF1QipPU4av2C_OmOgFgbW3z6_34vvf9PqAWYpOq-meJ=w408-h306-k-no,true,9 am–4:30 pm,9 am–4:30 pm,9 am–4:30 pm,9 am–4:30 pm,9 am–4:30 pm,Closed,Closed,"https://www.google.com/maps/search/plumbing++services+in+Amalfi+Naples+FL/@40.6338303,14.6027661,14z",2025-11-11T04:22:26.582Z,,,
https://www.google.com/maps/place/Lorenzo+Plumbing+Services+Corp./data=!4m7!3m6!1s0x88dae2a97fd4ffff:0xf698ee0137468122!8m2!3d26.1764663!4d-81.6966477!16s%2Fg%2F11hy9pdmwb!19sChIJ___Uf6ni2ogRIoFGNwHumPY,Lorenzo Plumbing Services Corp.,,,Building materials store,"4462 28th Ave SW, Naples, FL 34116, United States","58G3+H8 Naples, Florida, USA",,,Open 24 hours,https://streetviewpixels-pa.googleapis.com/v1/thumbnail?panoid=-5cf80H8sc_VutSu_XivMA&cb_client=search.gws-prod.gps&w=408&h=240&yaw=154.63455&pitch=0&thumbfov=100,false,Open 24 hours,Open 24 hours,Open 24 hours,Open 24 hours,Open 24 hours,Closed,Closed,"https://www.google.com/maps/search/plumbing++services+in+Amalfi+Naples+FL/@40.6338303,14.6027661,14z",2025-11-11T04:22:31.329Z,,,
"https://www.google.com/maps/place/Privette+Plumbing,+Inc./data=!4m7!3m6!1s0x88dae2170827d2fd:0x7bda31a38f1a5118!8m2!3d26.1585325!4d-81.7611157!16s%2Fg%2F11g9f3vfr0!19sChIJ_dInCBfi2ogRGFEaj6Mx2ns","Privette Plumbing, Inc.",4.3,42,Plumber,"3808 Exchange Ave, Naples, FL 34104, United States","565Q+CH Naples, Florida, USA",http://privetteplumbinginc.com/,+1 239-596-5533,Open 24 hours,https://streetviewpixels-pa.googleapis.com/v1/thumbnail?panoid=UKfsU-7tc2mVHelgeGMm6A&cb_client=search.gws-prod.gps&w=408&h=240&yaw=184.3178&pitch=0&thumbfov=100,true,Open 24 hours,Open 24 hours,Open 24 hours,Open 24 hours,Open 24 hours,Open 24 hours,Open 24 hours,"https://www.google.com/maps/search/plumbing++services+in+Amalfi+Naples+FL/@40.6338303,14.6027661,14z",2025-11-11T04:22:36.276Z,,,
https://www.google.com/maps/place/Hancock+Plumbing+Inc/data=!4m7!3m6!1s0x88dafd47d91d74d1:0xabacac0adb3abee5!8m2!3d26.1593093!4d-81.7538338!16s%2Fg%2F1tfk578r!19sChIJ0XQd2Uf92ogR5b462wqsrKs,Hancock Plumbing Inc,4.9,65,Plumber,"4573 Exchange Ave #6, Naples, FL 34104, United States","565W+PF Naples, Florida, USA",http://www.hancockplumbing.com/,+1 239-352-1853,Closed ⋅ Opens 7:45 am Tue,https://lh3.googleusercontent.com/p/AF1QipOuOUvBzLrROScNVcj0xjecDWms95_GCuX-kIUh=w408-h612-k-no,true,7:45 am–4:30 pm,7:45 am–4:30 pm,7:45 am–4:30 pm,7:45 am–4:30 pm,7:45 am–4:30 pm,Closed,Closed,"https://www.google.com/maps/search/plumbing++services+in+Positano+Naples+FL/@26.1391777,-81.7955475,14z",2025-11-11T04:22:53.713Z,,,
https://www.google.com/maps/place/JCP+Plumbing+Inc./data=!4m7!3m6!1s0x88dae23ffe9841fd:0x45cb8df4581018a8!8m2!3d26.1592483!4d-81.7570419!16s%2Fg%2F1tx164q2!19sChIJ_UGY_j_i2ogRqBgQWPSNy0U,JCP Plumbing Inc.,4.5,43,Plumber,"4277 Exchange Ave STE 4, Naples, FL 34104, United States","565V+M5 Naples, Florida, USA",http://jcpplumbingnaples.com/,+1 239-417-0163,Closed ⋅ Opens 8 am Tue,https://lh3.googleusercontent.com/p/AF1QipP0e2uhzRqOXHYo83dOH_TBGCMbxQLdk46SdYV7=w408-h306-k-no,true,8 am–4 pm,8 am–4 pm,8 am–4 pm,8 am–4 pm,8 am–4 pm,Closed,Closed,"https://www.google.com/maps/search/plumbing++services+in+Positano+Naples+FL/@26.1391777,-81.7955475,14z",2025-11-11T04:22:58.631Z,,,
https://www.google.com/maps/place/2nd+Century+Plumbing/data=!4m7!3m6!1s0x88dae19ff2cf5eb1:0x4f45512e23c28990!8m2!3d26.163084!4d-81.7593419!16s%2Fg%2F1tcxw0z0!19sChIJsV7P8p_h2ogRkInCIy5RRU8,2nd Century Plumbing,4.0,24,Plumber,"1070 Industrial Blvd, Naples, FL 34104, United States","567R+67 Naples, Florida, USA",,+1 239-353-7654,Closed ⋅ Opens 8 am Tue,https://lh3.googleusercontent.com/gps-cs-s/AG0ilSyImhWTLZ141TDRLyZ1ONvTW3Y6byYDD8Lg4pJEVC8Q8H-5SfGmHrsAnk40yASTJImTzWPqT-rFikqWMOzPXpBLbcW4gqUyAhWOFiMKQEQP1RLsB4wW2omglXcrlB2N1sFYPWg=w408-h410-k-no,false,8 am–4:30 pm,8 am–4:30 pm,8 am–4:30 pm,8 am–4:30 pm,8 am–4:30 pm,Closed,Closed,"https://www.google.com/maps/search/plumbing++services+in+Positano+Naples+FL/@26.1391777,-81.7955475,14z",2025-11-11T04:23:03.462Z,,,
https://www.google.com/maps/place/Daudert+Plumbing+Inc/data=!4m7!3m6!1s0x88dae37fc850d7ad:0x6fe1bcb47f3dac6f!8m2!3d26.1674404!4d-81.7605514!16s%2Fg%2F11j315nw08!19sChIJrddQyH_j2ogRb6w9f7S84W8,Daudert Plumbing Inc,5.0,14,Plumber,"3915 Arnold Ave B, Naples, FL 34104, United States","568Q+XQ Naples, Florida, USA",http://daudertplumbing.com/,+1 239-298-9914,Closed ⋅ Opens 7:30 am Tue,https://lh3.googleusercontent.com/p/AF1QipPx8ImYqGpnAcj8HRjzvtmx03cGsfTxzUWgqLme=w426-h240-k-no,true,7:30 am–4:30 pm,7:30 am–4:30 pm,7:30 am–4:30 pm,7:30 am–4:30 pm,7:30 am–4:30 pm,Closed,Closed,"https://www.google.com/maps/search/plumbing++services+in+Positano+Naples+FL/@26.1391777,-81.7955475,14z",2025-11-11T04:23:08.621Z,,,
"https://www.google.com/maps/place/Expert+Handyman+Services+of+Naples,+Inc./data=!4m7!3m6!1s0x88dae3acdaf35a81:0x51e8de126cf48a8d!8m2!3d26.2779956!4d-81.7659565!16s%2Fg%2F11lld3gxrc!19sChIJgVrz2qzj2ogRjYr0bBLe6FE","Expert Handyman Services of Naples, Inc.",4.9,30,Remodeler,,,https://flhandymansvcs.com/,+1 239-508-1525,Open 24 hours,https://lh3.googleusercontent.com/p/AF1QipM2GympZz35oqzi7MMvIjp5K0b7Q9jRAj01z7Yn=w408-h410-k-no,true,Open 24 hours,Open 24 hours,Open 24 hours,Open 24 hours,Open 24 hours,Open 24 hours,Open 24 hours,"https://www.google.com/maps/search/plumbing++services+in+Positano+Naples+FL/@26.1391777,-81.7955475,14z",2025-11-11T04:23:13.530Z,,,
"https://www.google.com/maps/place/Spot-On+Plumbing+Service,+Inc/data=!4m7!3m6!1s0x88dae24018471aab:0x5a23d4a2ac2d8d60!8m2!3d46.423669!4d-129.9427086!16s%2Fg%2F1tnl2658!19sChIJqxpHGEDi2ogRYI0trKLUI1o","Spot-On Plumbing Service, Inc",4.7,41,Plumber,,,,+1 239-777-3322,Closed ⋅ Opens 7 am Tue,https://lh3.googleusercontent.com/gps-cs-s/AG0ilSwUCs-fQe6EkllRivx5WMVOt_ZFZPs-0gJ8pWDoTn1U1Ba3Rv9sx1izHEo1NGv1T05PWGGGECyZ8wq4CGRQ-QbyFNn7RRnfwX54QzDuPaykZEsru5eR4FBmfHp8HUqF6SI4yOx98A=w408-h544-k-no,true,7 am–4 pm,7 am–4 pm,7 am–4 pm,7 am–4 pm,7 am–4 pm,Closed,Closed,"https://www.google.com/maps/search/plumbing++services+in+Positano+Naples+FL/@26.1391777,-81.7955475,14z",2025-11-11T04:23:18.419Z,,,
"https://www.google.com/maps/place/PlumbingPro+Naples/@26.1597572,-81.7584492,17z/data=!3m1!4b1!4m6!3m5!1s0x88dae376e2d0f23f:0x9c0ba130fe47ff94!8m2!3d26.1597572!4d-81.7584492!16s%2Fg%2F11yn4dgh52",PlumbingPro Naples,,,Plumber,"4110 Enterprise Ave Suite A-210, Naples, FL 34104, United States","565R+WJ Naples, Florida, USA",,+1 239-212-1120,Open 24 hours,,true,Open 24 hours,Open 24 hours,Open 24 hours,Open 24 hours,Open 24 hours,Open 24 hours,Open 24 hours,"https://www.google.com/maps/search/plumbing++services+in+Positano+Naples+FL/@26.1391777,-81.7955475,14z",2025-11-11T04:23:24.944Z,,,
https://www.google.com/maps/place/Local+Plumber+of+Naples/data=!4m7!3m6!1s0x2611fcc5fd3993f:0xaf0db2181dc4a4c7!8m2!3d26.1612386!4d-81.754147!16s%2Fg%2F11tjgdljh8!19sChIJP5nTX8wfYQIRx6TEHRiyDa8,Local Plumber of Naples,5.0,102,Plumber,"4573 Enterprise Ave Suite 2, Naples, FL 34104, United States","566W+F8 Naples, Florida, USA",http://local-plumber.com/,+1 239-439-7667,Closes soon ⋅ 12 am ⋅ Opens 12 am Wed,https://lh3.googleusercontent.com/p/AF1QipMJx5t51Y-LeAWJRVsyaPZyqfSOxbTgPPrPL8cq=w408-h306-k-no,true,Open 24 hours,Closed,Open 24 hours,Open 24 hours,Open 24 hours,Open 24 hours,Open 24 hours,"https://www.google.com/maps/search/plumbing++services+in+Positano+Naples+FL/@26.1391777,-81.7955475,14z",2025-11-11T04:23:29.925Z,,,
"https://www.google.com/maps/place/Mcgrath+Plumbing,+Drains+%26+Water+Heaters+Of+Naples/data=!4m7!3m6!1s0x88dae1a6ef586aad:0x81e8d63fb2be6ec3!8m2!3d26.1852933!4d-81.8003589!16s%2Fg%2F11y3qb_3sp!19sChIJrWpY76bh2ogRw26-sj_W6IE","Mcgrath Plumbing, Drains & Water Heaters Of Naples",5.0,62,Plumber,"3201 Tamiami Trl N, Naples, FL 34103, United States","55PX+4V Naples, Florida, USA",https://www.mcgrathplumbingnaples.com/?utm_campaign=gmb,+1 239-376-3077,Closed ⋅ Opens 7 am Tue,https://lh3.googleusercontent.com/p/AF1QipMmh88_uM594LZA4i3q3HEH12WDGkC5G8EO_SAN=w408-h342-k-no,true,7 am–9 pm,7 am–9 pm,7 am–9 pm,7 am–9 pm,7 am–9 pm,7 am–9 pm,7 am–9 pm,"https://www.google.com/maps/search/plumbing++services+in+Positano+Naples+FL/@26.1391777,-81.7955475,14z",2025-11-11T04:23:34.990Z,,,
https://www.google.com/maps/place/Running+Water+Plumbing+and+Drain+Cleaning/data=!4m7!3m6!1s0x88dae21a367556cd:0xbbbb85823319f1a!8m2!3d26.295168!4d-81.667283!16s%2Fg%2F1tfry8v1!19sChIJzVZ1Nhri2ogRGp8xI1i4uws,Running Water Plumbing and Drain Cleaning,4.6,8,Plumber,,,https://runningwaterplumbing.com/,+1 239-261-4215,,https://lh3.googleusercontent.com/p/AF1QipPdd_U6ZZFS9AF1646wk71t2KYwfZHyS2SsYoOE=w426-h240-k-no,true,,,,,,,,"https://www.google.com/maps/search/plumbing++services+in+Positano+Naples+FL/@26.1391777,-81.7955475,14z",2025-11-11T04:23:38.007Z,,,
https://www.google.com/maps/place/Solutions+Plumbing+Inc/data=!4m7!3m6!1s0x88dae214ebb85cfd:0xa2ef57bd47b3bce3!8m2!3d26.1641087!4d-81.7584845!16s%2Fg%2F1tfk578d!19sChIJ_Vy46xTi2ogR47yzR71X76I,Solutions Plumbing Inc,5.0,3,Plumber,"4166 Progress Ave, Naples, FL 34104, United States","567R+JJ Naples, Florida, USA",https://solutionsplumbing.com/,+1 239-643-5560,Closed ⋅ Opens 7 am Tue,https://streetviewpixels-pa.googleapis.com/v1/thumbnail?panoid=n68FziAw10n3W7ckztDxqw&cb_client=search.gws-prod.gps&w=408&h=240&yaw=251.55087&pitch=0&thumbfov=100,false,7 am–3:30 pm,7 am–3:30 pm,7 am–3:30 pm,7 am–3:30 pm,7 am–3:30 pm,Closed,Closed,"https://www.google.com/maps/search/plumbing++services+in+Positano+Naples+FL/@26.1391777,-81.7955475,14z",2025-11-11T04:23:42.705Z,,,
https://www.google.com/maps/place/Plumbing+services+24/data=!4m7!3m6!1s0x88dae1e70f6ba7fb:0x6932ced904bd61!8m2!3d26.1902466!4d-81.8006821!16s%2Fg%2F1vy7hcs0!19sChIJ-6drD-fh2ogRYb0E2c4yaQA,Plumbing services 24,5.0,4,Plumber,"3631 US-41, Naples, FL 34103, United States","55RX+3P Naples, Florida, USA",,+1 239-522-4923,Closed ⋅ Opens 6 am Tue,https://lh3.googleusercontent.com/p/AF1QipOB7MmzhfjdTafjFriutTgQvccHe5t7WEmTHo-m=w408-h272-k-no,true,6 am–11 pm,6 am–11 pm,6 am–11 pm,6 am–11 pm,6 am–11 pm,6 am–11 pm,6 am–11 pm,"https://www.google.com/maps/search/plumbing++services+in+Positano+Naples+FL/@26.1391777,-81.7955475,14z",2025-11-11T04:23:47.501Z,,,
https://www.google.com/maps/place/Golden+Plumbing/data=!4m7!3m6!1s0x88db471806153cdb:0xc9f23af87957091c!8m2!3d26.1777574!4d-81.7991782!16s%2Fg%2F11qh6hbn11!19sChIJ2zwVBhhH24gRHAlXefg68sk,Golden Plumbing,5.0,58,Plumber,"2614 9th St N #101, Naples, FL 34103, United States","56H2+48 Naples, Florida, USA",https://www.goldenplumbingfl.com/,+1 239-899-4653,Closed ⋅ Opens 9 am Tue,https://lh3.googleusercontent.com/p/AF1QipN1U3tWf9TMY63qpHba1zNMZsR-iU4kA3cPUvM4=w408-h276-k-no,true,9 am–5 pm,9 am–5 pm,9 am–5 pm,9 am–5 pm,9 am–5 pm,Closed,Closed,"https://www.google.com/maps/search/plumbing++services+in+Positano+Naples+FL/@26.1391777,-81.7955475,14z",2025-11-11T04:23:52.517Z,,,
https://www.google.com/maps/place/P+%26+E+Plumbing+Co+Inc/data=!4m7!3m6!1s0x88dae17155555555:0x14f18ab4096f1bfc!8m2!3d26.132441!4d-81.795118!16s%2Fg%2F1tftg3b8!19sChIJVVVVVXHh2ogR_BtvCbSK8RQ,P & E Plumbing Co Inc,,,Plumber,"Naples, FL 34102, United States","46J3+XX Naples, Florida, USA",,+1 239-262-3067,,https://streetviewpixels-pa.googleapis.com/v1/thumbnail?panoid=PHvPKOwMT4DGecury_mrjw&cb_client=search.gws-prod.gps&w=408&h=240&yaw=257.81937&pitch=0&thumbfov=100,false,,,,,,,,"https://www.google.com/maps/search/plumbing++services+in+Positano+Naples+FL/@26.1391777,-81.7955475,14z",2025-11-11T04:23:55.277Z,,,
https://www.google.com/maps/place/Monahan%27s+Plumbing+Inc/data=!4m7!3m6!1s0x88dae3ebc7f99b91:0xf895965a46697526!8m2!3d26.1095045!4d-81.760908!16s%2Fg%2F1w2yvpr2!19sChIJkZv5x-vj2ogRJnVpRlqWlfg,Monahan's Plumbing Inc,5.0,1,Plumber,"3615 Thomasson Dr, Naples, FL 34112, United States","465Q+RJ Naples, Florida, USA",http://www.monahansplumbing.com/,+1 239-417-8600,Closed ⋅ Opens 8 am Tue,https://streetviewpixels-pa.googleapis.com/v1/thumbnail?panoid=PuijlMQPhwocpzwW1YmliA&cb_client=search.gws-prod.gps&w=408&h=240&yaw=181.7597&pitch=0&thumbfov=100,false,8 am–12 pm,8 am–12 pm,8 am–12 pm,8 am–12 pm,8 am–12 pm,8 am–12 pm,8 am–12 pm,"https://www.google.com/maps/search/plumbing++services+in+Positano+Naples+FL/@26.1391777,-81.7955475,14z",2025-11-11T04:24:00.281Z,,,
"https://www.google.com/maps/place/Bard%27s+Plumbing+Services,+Inc/data=!4m7!3m6!1s0x88db1de51a77ffa5:0xfdae4b8f9c14a0c7!8m2!3d26.1994377!4d-81.7713085!16s%2Fg%2F1v44r6qq!19sChIJpf93GuUd24gRx6AUnI9Lrv0","Bard's Plumbing Services, Inc",5.0,3,Plumber,"2413 Pinewoods Cir, Naples, FL 34105, United States","56XH+QF Naples, Florida, USA",http://www.bardsplumbingservice.com/,+1 239-435-1233,Closed ⋅ Opens 8 am Tue,https://lh3.googleusercontent.com/p/AF1QipNw26VoLZmzEi8nSNSRMJoYrrvMYtlzl_T-npfP=w408-h306-k-no,true,8 am–5 pm,8 am–5 pm,8 am–5 pm,8 am–5 pm,8 am–5 pm,Closed,Closed,"https://www.google.com/maps/search/plumbing++services+in+Positano+Naples+FL/@26.1391777,-81.7955475,14z",2025-11-11T04:24:05.163Z,,,
https://www.google.com/maps/place/Buckeye+Plumbing+Of+Southwest+Florida+Inc/data=!4m7!3m6!1s0x88db1d38ff772155:0x21f01de77e47df12!8m2!3d26.332801!4d-81.7343355!16s%2Fg%2F11qqx895w3!19sChIJVSF3_zgd24gREt9Hfucd8CE,Buckeye Plumbing Of Southwest Florida Inc,4.5,46,Plumber,,,http://www.buckeyeplumbinginc.com/,+1 239-438-6662,Open 24 hours,https://lh3.googleusercontent.com/gps-cs-s/AG0ilSzD3dydtRuPOkO-wNO4S0l0cq1LTTIU3wmoaa8mx9sojgvcUuasgMK5qQgR5KsvhknxLy7QJWUXUJTO9-gHlyhnRslqtcO5ABihqxOEgEVF5ebzQxPdVuj0Tx2DTzPPcdob8hjacQ=w408-h544-k-no,true,Open 24 hours,Open 24 hours,Open 24 hours,Open 24 hours,Open 24 hours,Open 24 hours,Open 24 hours,"https://www.google.com/maps/search/plumbing++services+in+Positano+Naples+FL/@26.1391777,-81.7955475,14z",2025-11-11T04:24:09.960Z,,,
"https://www.google.com/maps/place/Duke's+Plumbing+Inc/@26.1557932,-81.7594832,17z/data=!3m1!4b1!4m6!3m5!1s0x88dae23f1bc298e1:0xbb0f94d20bdd1d7b!8m2!3d26.1557932!4d-81.7594832!16s%2Fg%2F1tdyx4xh",Duke's Plumbing Inc,5.0,1,Plumber,"222 Industrial Blvd, Naples, FL 34104, United States","564R+86 Naples, Florida, USA",,+1 239-649-1175,,,false,,,,,,,,"https://www.google.com/maps/search/plumbing++services+in+Positano+Naples+FL/@26.1391777,-81.7955475,14z",2025-11-11T04:24:14.668Z,,,
https://www.google.com/maps/place/Ace+Plumbing+of+Naples/data=!4m7!3m6!1s0x88dae23adcec9f15:0x9b8042ad8f7e2949!8m2!3d26.1615175!4d-81.7713558!16s%2Fg%2F1tdz0rxd!19sChIJFZ_s3Dri2ogRSSl-j61CgJs,Ace Plumbing of Naples,,,Plumber,"2940 Horseshoe Dr S #400, Naples, FL 34104, United States","566H+JF Naples, Florida, USA",,+1 239-692-9746,,https://streetviewpixels-pa.googleapis.com/v1/thumbnail?panoid=M_ATwK2v99bQ8Zj03yhx-Q&cb_client=search.gws-prod.gps&w=408&h=240&yaw=193.39679&pitch=0&thumbfov=100,false,,,,,,,,"https://www.google.com/maps/search/plumbing++services+in+Positano+Naples+FL/@26.1391777,-81.7955475,14z",2025-11-11T04:24:17.677Z,,,
https://www.google.com/maps/place/Jackson+Total+Services+Inc/data=!4m7!3m6!1s0x88dae21609185ead:0x5a239711f36658d3!8m2!3d26.1611617!4d-81.7625675!16s%2Fg%2F1tgw5v7h!19sChIJrV4YCRbi2ogR01hm8xGXI1o,Jackson Total Services Inc,3.6,46,HVAC contractor,"3727 Enterprise Ave # 2, Naples, FL 34104, United States","566P+FX Naples, Florida, USA",http://jacksontotal.com/,+1 239-643-0923,Closed ⋅ Opens 7 am Tue,https://lh3.googleusercontent.com/gps-cs-s/AG0ilSyIm-UrWA4rO6YN9sS5-084uowhmQFCXPlbOCeKQiv8P_19-xUC_TebJlkCYHfchNCB4r7hre1eHu2FFGpygae5v0bLM5VBUUM5JmJn-R1rvsMaGbWAXMH7ve6Ln5nPsi10U-D3=w408-h544-k-no,true,7 am–5 pm,7 am–5 pm,7 am–5 pm,7 am–5 pm,7 am–5 pm,Closed,Closed,"https://www.google.com/maps/search/plumbing++services+in+Positano+Naples+FL/@26.1391777,-81.7955475,14z",2025-11-11T04:24:22.858Z,,,
"https://www.google.com/maps/place/J.C.+Drainfield,+Inc./data=!4m7!3m6!1s0x88dae26a720118c5:0x6fb5b4c5872693f5!8m2!3d26.1599082!4d-81.753101!16s%2Fg%2F1tnblymf!19sChIJxRgBcmri2ogR9ZMmh8W0tW8","J.C. Drainfield, Inc.",4.9,96,Septic system service,"768 Commercial Blvd, Naples, FL 34104, United States","565W+XQ Naples, Florida, USA",http://jcdrainfield.com/,+1 239-434-9448,,https://streetviewpixels-pa.googleapis.com/v1/thumbnail?panoid=jOo7sggjA6q0VsoFdxe3NA&cb_client=search.gws-prod.gps&w=408&h=240&yaw=247.11618&pitch=0&thumbfov=100,true,Open 24 hours,Open 24 hours,Open 24 hours,Open 24 hours,Open 24 hours,Closed,Closed,"https://www.google.com/maps/search/plumbing++services+in+Positano+Naples+FL/@26.1391777,-81.7955475,14z",2025-11-11T04:24:27.796Z,,,
https://www.google.com/maps/place/Ferguson+Plumbing+Supply/data=!4m7!3m6!1s0x88dae217b0cb57c1:0xe3ff1bde4b4bfef!8m2!3d26.1619406!4d-81.765781!16s%2Fg%2F1td6h8qg!19sChIJwVfLsBfi2ogR77-05L3xPw4,Ferguson Plumbing Supply,4.4,50,Plumbing supply store,"3406 Domestic Ave, Naples, FL 34104, United States","566M+QM Naples, Florida, USA",https://www.ferguson.com/store/fl/naples/plumbingpvf-0134?utm_source=google&utm_medium=organic&utm_campaign=rt_lis_listingtraffic&utm_content=listing,+1 239-643-0070,Closed ⋅ Opens 6:30 am Tue,https://lh3.googleusercontent.com/gps-cs-s/AG0ilSxa0hE_8Pq5z3J-0n30xN8xzdC9ebyCAhFnOm_wRt6rvyXJtiYIXTfQ8xM4pQuGCfKF5mgZqOKM0aUJEe0OzhxJmMS_I1tfQ2pvl6pIf34ndxtyHJTSSEi2e1ITvGxoCXCeu3QCbw=w408-h544-k-no,true,6:30 am–4 pm,6:30 am–4 pm,6:30 am–4 pm,6:30 am–4 pm,6:30 am–4 pm,7:30–11 am,Closed,"https://www.google.com/maps/search/plumbing++services+in+Positano+Naples+FL/@26.1391777,-81.7955475,14z",2025-11-11T04:24:33.002Z,,"Waterworks company offering a wide inventory, including ductile iron, HDPE & custom fabrication. · In-store shopping · Kerbside pickup · Delivery",
https://www.google.com/maps/place/Bob%27s+Plumbing+%26+Repair/data=!4m7!3m6!1s0x88dae39632a10555:0xb252948ca0011e6f!8m2!3d26.111434!4d-81.748692!16s%2Fg%2F1x5fc4yc!19sChIJVQWhMpbj2ogRbx4BoIyUUrI,Bob's Plumbing & Repair,4.0,1,Plumber,"4820 Barcelona Cir, Naples, FL 34112, United States","4762+HG Naples, Florida, USA",,+1 239-774-4023,,https://streetviewpixels-pa.googleapis.com/v1/thumbnail?panoid=cH50X83LqC7KmqZvHbi8fw&cb_client=search.gws-prod.gps&w=408&h=240&yaw=203.5939&pitch=0&thumbfov=100,true,,,,,,,,"https://www.google.com/maps/search/plumbing++services+in+Positano+Naples+FL/@26.1391777,-81.7955475,14z",2025-11-11T04:24:35.771Z,,,
"https://www.google.com/maps/place/R+Acres+Plumbing+Co,+LLC/data=!4m7!3m6!1s0x88db1e762e4cca49:0xf540a27b325eefad!8m2!3d26.2157964!4d-81.7793437!16s%2Fg%2F1hc1fkbyq!19sChIJScpMLnYe24gRre9eMnuiQPU","R Acres Plumbing Co, LLC",4.6,30,Plumber,"5701 Houchin St Suite 1, Naples, FL 34109, United States","668C+87 Naples, Florida, USA",http://www.acresplumbing.com/,+1 239-598-0800,Closed ⋅ Opens 8 am Tue,https://lh3.googleusercontent.com/p/AF1QipPTsFNVc3FQMAyia8pWUgHkpal2DbHWLelAyAWv=w426-h240-k-no,true,8 am–4 pm,8 am–4 pm,8 am–4 pm,8 am–4 pm,8 am–4 pm,Closed,Closed,"https://www.google.com/maps/search/plumbing++services+in+Positano+Naples+FL/@26.1391777,-81.7955475,14z",2025-11-11T04:24:40.817Z,,,
https://www.google.com/maps/place/Reeves+Plumbing/data=!4m7!3m6!1s0x88dae19ff2cf5eb1:0xbbe647146f321ad3!8m2!3d26.1623855!4d-81.7910587!16s%2Fg%2F1tfgq5xd!19sChIJsV7P8p_h2ogR0xoybxRH5rs,Reeves Plumbing,,,Plumber,"Naples, FL 34101, United States",,,+1 239-566-1242,,https://streetviewpixels-pa.googleapis.com/v1/thumbnail?panoid=V6HOujrfxyfrmemEjqqyGA&cb_client=search.gws-prod.gps&w=408&h=240&yaw=192.81789&pitch=0&thumbfov=100,false,,,,,,,,"https://www.google.com/maps/search/plumbing++services+in+Positano+Naples+FL/@26.1391777,-81.7955475,14z",2025-11-11T04:24:43.676Z,,,
"https://www.google.com/maps/place/Pinnacle+Plumbing+%26+Mech+LLC/@26.1604342,-81.7482972,17z/data=!3m1!4b1!4m6!3m5!1s0x88dae26835dbd4d9:0x8cdef2ee03d84997!8m2!3d26.1604342!4d-81.7482972!16s%2Fg%2F1vmr25c6",Pinnacle Plumbing & Mech LLC,5.0,4,Plumber,"796 Briarwood Blvd, Naples, FL 34104, United States","5762+5M Naples, Florida, USA",,+1 239-261-2700,Closed ⋅ Opens 8 am Tue,,false,8 am–5 pm,8 am–5 pm,8 am–5 pm,8 am–5 pm,8 am–5 pm,Closed,Closed,"https://www.google.com/maps/search/plumbing++services+in+Positano+Naples+FL/@26.1391777,-81.7955475,14z",2025-11-11T04:24:50.401Z,,,
https://www.google.com/maps/place/Solimini+Enterprise+Inc/data=!4m7!3m6!1s0x88dae32f44620b01:0xe0f9410312299bd7!8m2!3d26.1206601!4d-81.7319639!16s%2Fg%2F11x5jg8727!19sChIJAQtiRC_j2ogR15spEgNB-eA,Solimini Enterprise Inc,5.0,4,Plumber,"5555 Cynthia Ln, Naples, FL 34112, United States","47C9+76 Naples, Florida, USA",http://www.drainyourpipe.com/,+1 239-888-4454,Closed ⋅ Opens 9 am Tue,https://lh3.googleusercontent.com/p/AF1QipNjfIpuJCxRfFA3xZkx1fxVJdpuea_07y9r2FCo=w408-h544-k-no,true,9 am–5 pm,9 am–5 pm,9 am–5 pm,9 am–5 pm,9 am–5 pm,9 am–5 pm,9 am–5 pm,"https://www.google.com/maps/search/plumbing++services+in+Positano+Naples+FL/@26.1391777,-81.7955475,14z",2025-11-11T04:24:55.311Z,,,
"https://www.google.com/maps/place/Dimitri+Plumbing+Services,+Inc./data=!4m7!3m6!1s0x88db1cf43405c62f:0xa85f6e6f23b39208!8m2!3d26.2469491!4d-81.731919!16s%2Fg%2F1tdkyh53!19sChIJL8YFNPQc24gRCJKzI29uX6g","Dimitri Plumbing Services, Inc.",5.0,7,Plumber,"6175 English Oaks Ln, Naples, FL 34119, United States","67W9+Q6 Naples, Florida, USA",,+1 239-734-0183,,https://lh3.googleusercontent.com/p/AF1QipPDO9ATPRnk0UY-0PrXjWe1CmaEZlPekBHSvFbM=w408-h306-k-no,true,,,,,,,,"https://www.google.com/maps/search/plumbing++services+in+Positano+Naples+FL/@26.1391777,-81.7955475,14z",2025-11-11T04:24:58.164Z,,,
https://www.google.com/maps/place/PBS+Contractors/data=!4m7!3m6!1s0x88dae23f67fc7f6b:0x5a673acfb327d659!8m2!3d26.1552923!4d-81.7576567!16s%2Fg%2F1vd76qmk!19sChIJa3_8Zz_i2ogRWdYns886Z1o,PBS Contractors,5.0,54,General contractor,"4395 Corporate Square, Naples, FL 34104, United States","564R+4W Naples, Florida, USA",http://pbscontractors.com/,+1 239-643-6527,Closed ⋅ Opens 8 am Tue,https://lh3.googleusercontent.com/p/AF1QipO46uwEIe1mqp68ISv-Y6ZOVcILTs0Tvj5RQvXv=w408-h272-k-no,true,8 am–5 pm,8 am–5 pm,8 am–5 pm,8 am–5 pm,8 am–5 pm,Closed,Closed,"https://www.google.com/maps/search/plumbing++services+in+Positano+Naples+FL/@26.1391777,-81.7955475,14z",2025-11-11T04:25:03.095Z,,,
"https://www.google.com/maps/place/Bear's+Plumbing+Inc/@26.2246868,-81.7789582,17z/data=!3m1!4b1!4m6!3m5!1s0x88db1e78a8908f3b:0x9c14daa8a729e063!8m2!3d26.2246868!4d-81.7789582!16s%2Fg%2F1tf_1wsg",Bear's Plumbing Inc,3.9,21,Plumber,"1900 Trade Center Way, Naples, FL 34109, United States","66FC+VC Naples, Florida, USA",https://www.bearsplumbing.com/,+1 239-597-2951,,,false,,,,,,,,"https://www.google.com/maps/search/plumbing++services+in+Positano+Naples+FL/@26.1391777,-81.7955475,14z",2025-11-11T04:25:08.038Z,,,
https://www.google.com/maps/place/RJ+SW+Home+Services/data=!4m7!3m6!1s0xab671567bb463705:0x278f428593b78a07!8m2!3d26.295168!4d-81.667283!16s%2Fg%2F11kq05hwq7!19sChIJBTdGu2cVZ6sRB4q3k4VCjyc,RJ SW Home Services,5.0,1,Plumber,,,https://rjswhomeservices.com/,+1 239-302-8698,Open 24 hours,https://lh3.googleusercontent.com/p/AF1QipN6AlO4jZ2haRLt4CgPn_Nq-95lDJ-iEKAPHmXp=w408-h306-k-no,true,Open 24 hours,Open 24 hours,Open 24 hours,Open 24 hours,Open 24 hours,Open 24 hours,Open 24 hours,"https://www.google.com/maps/search/plumbing++services+in+Positano+Naples+FL/@26.1391777,-81.7955475,14z",2025-11-11T04:25:12.879Z,Identifies as Latino-owned,,
https://www.google.com/maps/place/BC+PLUMBING+%26+DRAIN+INC./data=!4m7!3m6!1s0x88dafdebfcb219b3:0x4342aba5b38780f7!8m2!3d26.1561663!4d-81.6784351!16s%2Fg%2F11rq888l1s!19sChIJsxmy_Ov92ogR94CHs6WrQkM,BC PLUMBING & DRAIN INC.,4.7,50,Plumber,"3899 Mannix Dr Suite 421, Naples, FL 34114, United States","584C+FJ Naples, Florida, USA",https://www.bcplumbingswfl.com/,+1 239-455-5040,Open 24 hours,https://lh3.googleusercontent.com/gps-cs-s/AG0ilSy420ykLGDwbpCroD2cxJhN6-FmClsb2iIAvNBvCwfw1jYXXwL9UKAVTd61TSgWwlkWGeTNX0qlol47KWkdGWNR_CjHno_Jl-aEqY5LRdPeafu0GFERPXOU056ckoOAg_B25QfUvPjvF4M3=w408-h306-k-no,true,Open 24 hours,Open 24 hours,Open 24 hours,Open 24 hours,Open 24 hours,Open 24 hours,Open 24 hours,"https://www.google.com/maps/search/plumbing++services+in+Positano+Naples+FL/@26.1391777,-81.7955475,14z",2025-11-11T04:25:17.894Z,,,
https://www.google.com/maps/place/Ace+Handyman+Services+Naples/data=!4m7!3m6!1s0x88dae19640ccbe19:0x96293e5dc9580aa7!8m2!3d26.1489264!4d-81.7967233!16s%2Fg%2F11tdqzckc8!19sChIJGb7MQJbh2ogRpwpYyV0-KZY,Ace Handyman Services Naples,4.9,56,Handyman/Handywoman/Handyperson,"141 Tamiami Trl N, Naples, FL 34102, United States","46X3+H8 Naples, Florida, USA",https://www.acehandymanservices.com/offices/east-naples,+1 239-256-3214,Open ⋅ Closes 5 am Tue,https://lh3.googleusercontent.com/p/AF1QipOV5ThYRacBDpTDAwhO7sz1tlcaHekFOvPlUSLT=w408-h280-k-no,true,8 am–5 am,8 am–5 am,8 am–5 am,8 am–5 am,8 am–5 am,Closed,Closed,"https://www.google.com/maps/search/plumbing++services+in+Positano+Naples+FL/@26.1391777,-81.7955475,14z",2025-11-11T04:25:22.790Z,,,
https://www.google.com/maps/place/Gorman%27s+Kitchen+%26+Bath+Gallery/data=!4m7!3m6!1s0x88dae23fad6908a5:0x57b8262fb79c6317!8m2!3d26.157496!4d-81.7596986!16s%2Fg%2F1tp8_vs2!19sChIJpQhprT_i2ogRF2Octy8muFc,Gorman's Kitchen & Bath Gallery,4.4,27,Plumbing supply store,"3989 Prospect Ave, Naples, FL 34104, United States","564R+X4 Naples, Florida, USA",http://www.gormannaples.com/,+1 239-643-2929,Closed ⋅ Opens 6:30 am Tue,https://lh3.googleusercontent.com/p/AF1QipNGMyFI3-Ou2x7RjYNLas8NJDidQBbWQCut_Rqg=w426-h240-k-no,true,6:30 am–4:30 pm,6:30 am–4:30 pm,6:30 am–4:30 pm,6:30 am–4:30 pm,6:30 am–4:30 pm,Closed,Closed,"https://www.google.com/maps/search/plumbing++services+in+Positano+Naples+FL/@26.1391777,-81.7955475,14z",2025-11-11T04:25:27.681Z,,· In-store pick-up · Delivery,
https://www.google.com/maps/place/Better+Choice+Plumbing/data=!4m7!3m6!1s0x88dae248c9a45555:0x88f49e3f86038cae!8m2!3d26.1459558!4d-81.7518155!16s%2Fg%2F11fk0bhmy8!19sChIJVVWkyUji2ogRrowDhj-e9Ig,Better Choice Plumbing,,,Plumber,"804 Bluebird St, Naples, FL 34104, United States","46WX+97 Naples, Florida, USA",,+1 239-269-0043,,https://streetviewpixels-pa.googleapis.com/v1/thumbnail?panoid=g0X-bkqSkaez5KekifkCMA&cb_client=search.gws-prod.gps&w=408&h=240&yaw=90.016365&pitch=0&thumbfov=100,false,,,,,,,,"https://www.google.com/maps/search/plumbing++services+in+Positano+Naples+FL/@26.1391777,-81.7955475,14z",2025-11-11T04:25:30.563Z,,,
https://www.google.com/maps/place/Posh+Plumber/data=!4m7!3m6!1s0x88db1d14b3891ee1:0xb5cf04fa42afa70e!8m2!3d26.2235383!4d-81.7740389!16s%2Fg%2F11y1rfmrd6!19sChIJ4R6JsxQd24gRDqevQvoEz7U,Posh Plumber,5.0,1,Plumber,"2220 J and C Blvd, Naples, FL 34109, United States","66FG+C9 Naples, Florida, USA",https://poshplumber.net/,+1 239-438-8085,,https://lh3.googleusercontent.com/gps-cs-s/AG0ilSwLz7rnyTw4ydmD-tVid9y8_KXUPPJxAgojyjgUD--opjzjAdpCzCP8nLJDqlGVFCeAmiXrh7zxV58wPHg2yXKq1vrco0jLDa0QbBMke8O1DsMKpooD9wQ-qX0aMFODx-hI1-JP7w=w408-h873-k-no,true,,,,,,,,"https://www.google.com/maps/search/plumbing++services+in+Positano+Naples+FL/@26.1391777,-81.7955475,14z",2025-11-11T04:25:33.325Z,,,
https://www.google.com/maps/place/Best+Home+Services+-+Naples/data=!4m7!3m6!1s0x88db1e931242181d:0x1899a393e63da99b!8m2!3d26.3118225!4d-81.7886916!16s%2Fg%2F1tgcspnb!19sChIJHRhCEpMe24gRm6k95pOjmRg,Best Home Services - Naples,4.8,7128,Air conditioning contractor,"1455 Rail Head Blvd #1, Naples, FL 34110, United States","8666+PG Naples, Florida, USA",https://getbest.com/service-area/naples/?utm_source=google-gbp&utm_medium=organic&utm_campaign=*048*best-home-services-naples,+1 239-677-4312,Open 24 hours,https://lh3.googleusercontent.com/p/AF1QipNV-Vp6SxsGxS8i7XSXKvsUiSF0NUP3h3eFQwTG=w426-h240-k-no,true,Open 24 hours,Open 24 hours,Open 24 hours,Open 24 hours,Open 24 hours,Open 24 hours,Open 24 hours,"https://www.google.com/maps/search/plumbing++services+in+Positano+Naples+FL/@26.1391777,-81.7955475,14z",2025-11-11T04:25:38.303Z,,,
"https://www.google.com/maps/place/ASAP+Gas+Services,+LLC/data=!4m7!3m6!1s0x88db11baaaaed299:0x745aa4741703b741!8m2!3d26.15361!4d-81.720781!16s%2Fg%2F11cm3vq115!19sChIJmdKuqroR24gRQbcDF3SkWnQ","ASAP Gas Services, LLC",2.3,3,Plumber,"4001 Santa Barbara Blvd # 407, Naples, FL 34104, United States","573H+CM Naples, Florida, USA",,+1 239-223-5255,Open 24 hours,https://streetviewpixels-pa.googleapis.com/v1/thumbnail?panoid=XWSWqIbRhnIUyXK_jgzKgg&cb_client=search.gws-prod.gps&w=408&h=240&yaw=183.46901&pitch=0&thumbfov=100,false,Open 24 hours,Open 24 hours,Open 24 hours,Open 24 hours,Open 24 hours,Open 24 hours,Open 24 hours,"https://www.google.com/maps/search/plumbing++services+in+Positano+Naples+FL/@26.1391777,-81.7955475,14z",2025-11-11T04:25:43.286Z,,,
https://www.google.com/maps/place/Summers+Plumbing+Service/data=!4m7!3m6!1s0x88db1d1660d6e487:0x22d0abd474720339!8m2!3d26.21248!4d-81.7702476!16s%2Fg%2F11gr4lsz98!19sChIJh-TWYBYd24gROQNydNSr0CI,Summers Plumbing Service,3.0,2,Plumber,"5331 Airport-Pulling Rd APT 122, Naples, FL 34109, United States","666H+XW Naples, Florida, USA",http://www.spsnaples.com/,+1 239-435-1822,,https://streetviewpixels-pa.googleapis.com/v1/thumbnail?panoid=FQIRpgjCAu-AtFzILCnPqA&cb_client=search.gws-prod.gps&w=408&h=240&yaw=280.71042&pitch=0&thumbfov=100,true,,,,,,,,"https://www.google.com/maps/search/plumbing++services+in+Positano+Naples+FL/@26.1391777,-81.7955475,14z",2025-11-11T04:25:46.134Z,,,
,,,,,,,,,,,,,,,,,,,"https://www.google.com/maps/search/plumbing++services+in+Ravello+Naples+FL/@40.840431,14.3055374,14z",2025-11-11T04:25:55.261Z,,,No new results found
https://www.google.com/maps/place/Florida+Leak+Detection/data=!4m7!3m6!1s0x88db1d2b5271754d:0x57a879a6d1b4d7e8!8m2!3d26.2156573!4d-81.7769558!16s%2Fg%2F11m_jz9k99!19sChIJTXVxUisd24gR6Ne00aZ5qFc,Florida Leak Detection,5.0,4,Plumber,"5650 Yahl St Suite 1, Naples, FL 34109, United States","668F+76 Naples, Florida, USA",,,Open 24 hours,https://lh3.googleusercontent.com/p/AF1QipOafL6fd4XcqUqkyQ0FFJ7QTxnjfe_JWNESElla=w888-h240-k-no,true,Open 24 hours,Open 24 hours,Open 24 hours,Open 24 hours,Open 24 hours,Open 24 hours,Open 24 hours,"https://www.google.com/maps/search/plumbing++services+in+Pompeii+Naples+FL/@40.7496576,14.5053119,14z",2025-11-11T04:26:08.562Z,,,
"https://www.google.com/maps/place/Plumbing,+Cooling+%26+Electrical+Nerds/data=!4m7!3m6!1s0x88db3ecf64e0ec83:0x9c59be3ee046fc26!8m2!3d26.3884582!4d-81.8047664!16s%2Fg%2F1pp2tzxjd!19sChIJg-zgZM8-24gRJvxG4D6-WZw","Plumbing, Cooling & Electrical Nerds",4.7,1758,Plumber,"24120 Production Cir #6A, Bonita Springs, FL 34135, United States","95QW+93 Bonita Springs, Florida, USA",https://www.plumbingnerds.com/?utm_source=google&utm_medium=organic&utm_campaign=GMBListing-BONITA-SPRINGS-FL,+1 239-427-2107,Open 24 hours,https://lh3.googleusercontent.com/p/AF1QipNbipADRMNyzfWNon3v6E2Xr0vZ6FJOma7CINAa=w408-h306-k-no,true,Open 24 hours,Open 24 hours,Open 24 hours,Open 24 hours,Open 24 hours,Open 24 hours,Open 24 hours,"https://www.google.com/maps/search/plumbing++services+in+Pompeii+Naples+FL/@40.7496576,14.5053119,14z",2025-11-11T04:26:13.478Z,LGBTQ+ friendly,,
https://www.google.com/maps/place/Classic+Diamond+Plumbing/data=!4m7!3m6!1s0x88db1e7965ec8c21:0xcc189efba58fc32c!8m2!3d26.2240294!4d-81.7844554!16s%2Fg%2F1vljh475!19sChIJIYzsZXke24gRLMOPpfueGMw,Classic Diamond Plumbing,4.1,13,Plumber,"1717 J and C Blvd, Naples, FL 34109, United States","66F8+J6 Naples, Florida, USA",http://classicdiamondplumbing.com/,+1 239-591-4018,Closed ⋅ Opens 7:30 am Tue,https://lh3.googleusercontent.com/p/AF1QipMQzUnPSdYws2gj2ZymGFuv9im4J5Op2QDvCmZA=w408-h306-k-no,true,7:30 am–4:30 pm,7:30 am–4:30 pm,7:30 am–4:30 pm,7:30 am–4:30 pm,7:30 am–4:30 pm,Closed,Closed,"https://www.google.com/maps/search/plumbing++services+in+Herculaneum+Naples+FL/@40.8059253,14.3473869,14z",2025-11-11T04:26:27.101Z,Identifies as Latino-owned,,
https://www.google.com/maps/place/Classic+Diamond+Plumbing+Inc/data=!4m7!3m6!1s0x88db0174e83cba93:0x4e8e2105d2c7d79a!8m2!3d26.2236289!4d-81.5829942!16s%2Fg%2F11h3vbqvdx!19sChIJk7o86HQB24gRmtfH0gUhjk4,Classic Diamond Plumbing Inc,,,,"361 12th St SE, Naples, FL 34117, United States","6CF8+FR Naples, Florida, USA",,,Permanently closed,https://streetviewpixels-pa.googleapis.com/v1/thumbnail?panoid=t9WkRIZ0ilMDwo3s5MbX-A&cb_client=search.gws-prod.gps&w=408&h=240&yaw=271.7312&pitch=0&thumbfov=100,false,,,,,,,,"https://www.google.com/maps/search/plumbing++services+in+Herculaneum+Naples+FL/@40.8059253,14.3473869,14z",2025-11-11T04:26:31.750Z,,,
https://www.google.com/maps/place/Marco+Plumbing/data=!4m7!3m6!1s0x88db1f3213aa2f77:0x6e6f38213f4de74a!8m2!3d26.1553385!4d-81.678438!16s%2Fg%2F11jmz89bhb!19sChIJdy-qEzIf24gRSudNPyE4b24,Marco Plumbing,4.4,61,Plumber,"3887 Mannix Dr STE 624, Naples, FL 34114, United States","584C+4J Naples, Florida, USA",https://www.marcoplumbing.com/plumber-naples-fl,+1 239-529-5397,Open 24 hours,https://lh3.googleusercontent.com/p/AF1QipPvC7EuMB58YDVE-NnybcZ052RqV9SVdwrowZdy=w408-h311-k-no,true,Open 24 hours,Open 24 hours,Open 24 hours,Open 24 hours,Open 24 hours,Open 24 hours,Open 24 hours,"https://www.google.com/maps/search/plumbing++services+in+Capri+Naples+FL/@26.1391777,-81.7955475,14z",2025-11-11T04:26:52.964Z,LGBTQ+ friendly,,
https://www.google.com/maps/place/Naples+Plumbing+Studio/data=!4m7!3m6!1s0x88db1dd6a1672a7f:0x5469f90caecd48ab!8m2!3d26.2127515!4d-81.7840223!16s%2Fg%2F11bbwyyv_q!19sChIJfypnodYd24gRq0jNrgz5aVQ,Naples Plumbing Studio,5.0,9,Plumbing supply store,"5405 Taylor Rd Ste 6, Naples, FL 34109, United States","6678+49 Naples, Florida, USA",https://naplesplumbingstudio.com/,+1 239-631-5336,Closed ⋅ Opens 10 am Tue,https://lh3.googleusercontent.com/p/AF1QipPZgj8l1ALGpxlflKVaRej1MfZeZ0L3Y-JZyYw0=w408-h306-k-no,true,10 am–5 pm,10 am–5 pm,10 am–5 pm,10 am–5 pm,10 am–5 pm,Closed,Closed,"https://www.google.com/maps/search/plumbing++services+in+Capri+Naples+FL/@26.1391777,-81.7955475,14z",2025-11-11T04:26:57.912Z,,· Delivery,
https://www.google.com/maps/place/Sam+Plumbing+LLC/data=!4m7!3m6!1s0x8c2c8bba25414239:0xa4f5cc78e7f900fc!8m2!3d26.151674!4d-81.767342!16s%2Fg%2F11xwbd6v7l!19sChIJOUJBJbqLLIwR_AD553jM9aQ,Sam Plumbing LLC,5.0,3,Plumber,,,,+1 239-692-7127,Closed ⋅ Opens 8 am Tue,https://lh3.googleusercontent.com/p/AF1QipMvldzYepxwj3skkewlodUUyrjFQy7rCEFhL_Iv=w408-h520-k-no,true,8 am–5 pm,8 am–5 pm,8 am–5 pm,8 am–5 pm,8 am–5 pm,Closed,Closed,"https://www.google.com/maps/search/plumbing++services+in+Capri+Naples+FL/@26.1391777,-81.7955475,14z",2025-11-11T04:27:02.745Z,,,
https://www.google.com/maps/place/Naples+Plumbing+Studio/data=!4m7!3m6!1s0x88db1dd6a0dffab3:0x3e586bf89361f37a!8m2!3d26.2249047!4d-81.7743419!16s%2Fg%2F11ksh8g6mb!19sChIJs_rfoNYd24gRevNhk_hrWD4,Naples Plumbing Studio,,,Contractor,"North Naples, FL 34109, United States","66FG+X7 North Naples, Florida, USA",,,,https://streetviewpixels-pa.googleapis.com/v1/thumbnail?panoid=sBHih0bf8Vxr5OzKMAZPtA&cb_client=search.gws-prod.gps&w=408&h=240&yaw=197.93066&pitch=0&thumbfov=100,false,,,,,,,,"https://www.google.com/maps/search/plumbing++services+in+Capri+Naples+FL/@26.1391777,-81.7955475,14z",2025-11-11T04:27:05.443Z,,,
https://www.google.com/maps/place/Idraulica+Ischitana/data=!4m7!3m6!1s0x133b6aec86238087:0x45e42583187534ad!8m2!3d40.727478!4d13.9369982!16s%2Fg%2F1tfdvtr8!19sChIJh4AjhuxqOxMRrTR1GIMl5EU,Idraulica Ischitana,4.6,56,Plumber,"Via Fasolara, 29, 80077 Ischia NA, Italy","PWGP+XQ Ischia, Metropolitan City of Naples, Italy",https://www.idraulicourgente.com/idraulici/NA/idraulico-a-ischia.htm,+39 081 981759,,https://lh3.googleusercontent.com/gps-cs-s/AG0ilSxLcrKa0-nY9I7K_Cv4YBzyBheml4H_VbV0YXTyNjIe6zJMmseFFFwoUJLNs4zUaBZ7C7kXMpuQcragQxLGVnSE2D48416QXxXrgR6Ymksl73VC1iSczm_GXpNB9DkUhVCOi-0oaw=w408-h305-k-no,true,,,,,,,,"https://www.google.com/maps/search/plumbing++services+in+Ischia+Naples+FL/@40.7378738,13.9485287,14z",2025-11-11T04:27:16.788Z,,,
https://www.google.com/maps/place/Regine+Srl/data=!4m7!3m6!1s0x133b6ac1e2b799df:0xd2f67cb0b2dfeaee!8m2!3d40.7327888!4d13.9428838!16s%2Fg%2F11_0nn5p4!19sChIJ35m34sFqOxMR7urfsrB89tI,Regine Srl,4.6,61,Plumber,"Via delle Ginestre, 31, 80077 Ischia NA, Italy","PWMV+45 Ischia, Metropolitan City of Naples, Italy",,+39 081 507 4017,,https://lh3.googleusercontent.com/gps-cs-s/AG0ilSwg1YKmq3PAa9HLdGqMgWxdLYTd5bBrIR0y6b08lY4s8S24-qjWBz4D5xVzBZPEnsxo7Etk4yPf1ZfpQmI7QEvawuB1UiJLw_HfpDD41fMXmkHkF2YUKUcaIbm4QM57oY2WAXgY=w408-h306-k-no,false,,,,,,,,"https://www.google.com/maps/search/plumbing++services+in+Ischia+Naples+FL/@40.7378738,13.9485287,14z",2025-11-11T04:27:19.742Z,,,
https://www.google.com/maps/place/Termoidraulici+%28S.N.C.%29/data=!4m7!3m6!1s0x133b6aed8e2e010b:0x61c5a98e36b309ee!8m2!3d40.7281813!4d13.9429839!16s%2Fg%2F1tdrbbf3!19sChIJCwEuju1qOxMR7gmzNo6pxWE,Termoidraulici (S.N.C.),,,Plumber,"Via Michele Mazzella, 198, 80077 Ischia NA, Italy","PWHV+75 Ischia, Metropolitan City of Naples, Italy",,+39 081 901800,Closed ⋅ Opens 9 am,https://streetviewpixels-pa.googleapis.com/v1/thumbnail?panoid=gwbQe1F40NiDIqAOErz2rg&cb_client=search.gws-prod.gps&w=408&h=240&yaw=99.96952&pitch=0&thumbfov=100,false,"9 am–1:30 pm, 2:30–7 pm","9 am–1:30 pm, 2:30–7 pm","9 am–1:30 pm, 2:30–5 pm","9 am–1:30 pm, 2:30–7 pm","9 am–1:30 pm, 2:30–7 pm",9 am–1 pm,Closed,"https://www.google.com/maps/search/plumbing++services+in+Ischia+Naples+FL/@40.7378738,13.9485287,14z",2025-11-11T04:27:24.378Z,,,
https://www.google.com/maps/place/Incas+Plumbing+Inc./data=!4m7!3m6!1s0x88dae39cc61a099d:0x7a59636746f5c56d!8m2!3d26.1450745!4d-81.7935125!16s%2Fg%2F11gr2rn37b!19sChIJnQkaxpzj2ogRbcX1RmdjWXo,Incas Plumbing Inc.,5.0,39,Plumber,,,https://incasplumbing.com/?utm_source=omg-gbp&utm_medium=webclick,+1 239-284-4145,Closed ⋅ Opens 7 am Tue,https://lh3.googleusercontent.com/gps-cs-s/AG0ilSzgS-j_jc8NnpOZ81EqRef-6nQ-RKngv3fa04LS5BV8OIe4RQHRmdsqdMTkZQT_MBimxx-RTWRaEImK7ybE8Heal_Qty7p0Ttdilgs01xi1mLcFW7SJqeTUKEg5vh1OFxAaCmdwYg=w408-h306-k-no,true,7 am–6 pm,7 am–6 pm,7 am–6 pm,7 am–6 pm,7 am–6 pm,7 am–6 pm,Closed,"https://www.google.com/maps/search/plumbing++services+in+Ischia+Naples+FL/@40.7378738,13.9485287,14z",2025-11-11T04:27:29.452Z,LGBTQ+ friendly,,
https://www.google.com/maps/place/Simply+Plumbing/data=!4m7!3m6!1s0x62eeb923bb91a7dd:0xd0b16fe2882770ac!8m2!3d26.158927!4d-81.5587535!16s%2Fg%2F11k4_zfgdy!19sChIJ3aeRuyO57mIRrHAniOJvsdA,Simply Plumbing,5.0,3,Plumber,,,http://www.simplyplumbing.us/,+1 239-280-0474,Closed ⋅ Opens 8 am Tue,https://lh3.googleusercontent.com/p/AF1QipMZPSq2FNZv3gGrfCwu4OJ1Dm7phK97lRm3JrtZ=w408-h544-k-no,true,8 am–5 pm,8 am–5 pm,8 am–5 pm,8 am–5 pm,8 am–5 pm,Closed,Closed,"https://www.google.com/maps/search/plumbing++services+in+Ischia+Naples+FL/@40.7378738,13.9485287,14z",2025-11-11T04:27:34.707Z,,,
,,,,,,,,,,,,,,,,,,,"https://www.google.com/maps/search/plumbing++services+in+Procida+Naples+FL/@40.8517746,14.2681244,14z",2025-11-11T04:27:43.917Z,,,No new results found
"https://www.google.com/maps/place/South+Florida+Plumbing/@40.6813313,14.7743583,14z/data=!4m6!3m5!1s0x88dae23c93876735:0xda664d18149b32c4!8m2!3d26.1557603!4d-81.766505!16s%2Fg%2F1v3gsqd7",South Florida Plumbing,4.2,14,Plumber,"299 Airport-Pulling Rd N, Naples, FL 34104, United States","564M+89 Naples, Florida, USA",https://southflorida-plumbing.com/,+1 239-544-5196,,https://streetviewpixels-pa.googleapis.com/v1/thumbnail?panoid=frgTHSVFoqs323f4aWB0uw&cb_client=search.gws-prod.gps&w=408&h=240&yaw=324.01172&pitch=0&thumbfov=100,true,,,,,,,,"https://www.google.com/maps/search/plumbing++services+in+Salerno+Naples+FL/@40.6813313,14.7743583,14z",2025-11-11T04:27:50.692Z,,,Already found
https://www.google.com/maps/place/Hidrocalor/data=!4m7!3m6!1s0x133bc1bbf126113d:0x47a996ead33474f0!8m2!3d40.679223!4d14.722514!16s%2Fg%2F11gflz5d71!19sChIJPREm8bvBOxMR8HQ00-qWqUc,Hidrocalor,4.7,3,Plumbing supply store,"Via D'Amico, 2, 84019 Vietri sul Mare SA, Italy","MPHF+M2 Vietri sul Mare, Province of Salerno, Italy",https://m.facebook.com/pages/category/Home-Improvement/Hidrocalor-DI-Damico-Antonio-756881834414105/?locale2=it_IT,+39 089 761549,Closed ⋅ Opens 8 am,https://streetviewpixels-pa.googleapis.com/v1/thumbnail?panoid=9mUGM9pFEhi_4CjLUtLKiw&cb_client=search.gws-prod.gps&w=408&h=240&yaw=358.83655&pitch=0&thumbfov=100,false,"8 am–1 pm, 2:30–7 pm","8 am–1 pm, 2:30–7 pm","8 am–1 pm, 2:30–7 pm","8 am–1 pm, 2:30–7 pm","8 am–1 pm, 2:30–7 pm",8:30 am–1 pm,Closed,"https://www.google.com/maps/search/plumbing++services+in+Vietri+sul+Mare+Naples+FL/@40.6731641,14.7279275,14z",2025-11-11T04:28:04.095Z,,· Delivery,
https://www.google.com/maps/place/TERMOIDRAULICA+2000+di+Milito+Gennaro/data=!4m7!3m6!1s0x133bc105be4d242d:0xed6cf938940811df!8m2!3d40.6906797!4d14.7159449!16s%2Fg%2F11b7c219jz!19sChIJLSRNvgXBOxMR3xEIlDj5bO0,TERMOIDRAULICA 2000 di Milito Gennaro,5.0,1,Plumber,"Via Antonio Orilia, 12, 84013 Cava de' Tirreni SA, Italy","MPR8+79 Cava de' Tirreni, Province of Salerno, Italy",,+39 089 444864,Closed ⋅ Opens 8:30 am,https://streetviewpixels-pa.googleapis.com/v1/thumbnail?panoid=QVdepoYb8Bdw1kgPXHHnWA&cb_client=search.gws-prod.gps&w=408&h=240&yaw=43.07753&pitch=0&thumbfov=100,false,"8:30 am–1 pm, 4–7 pm","8:30 am–1 pm, 4:30–7 pm","8:30 am–1 pm, 4:30–7 pm","8:30 am–1 pm, 4:30–7 pm","8:30 am–1 pm, 4:30–7 pm",9 am–1 pm,Closed,"https://www.google.com/maps/search/plumbing++services+in+Vietri+sul+Mare+Naples+FL/@40.6731641,14.7279275,14z",2025-11-11T04:28:08.887Z,,,
https://www.google.com/maps/place/Idraulico+-+Bellavista+Ciro/data=!4m7!3m6!1s0x133bc23a80e88231:0xe6d6bbcf8ed9b692!8m2!3d40.6774241!4d14.7665105!16s%2Fg%2F11b70kqxvj!19sChIJMYLogDrCOxMRkrbZjs-71uY,Idraulico - Bellavista Ciro,4.0,3,Plumber,"Via Gian Vincenzo Quaranta, 3/BIS, 84123 Salerno SA, Italy","MQG8+XJ Salerno, Province of Salerno, Italy",,+39 338 277 7494,,https://streetviewpixels-pa.googleapis.com/v1/thumbnail?panoid=6ceZc7H5gii8EZwbwgB7BQ&cb_client=search.gws-prod.gps&w=408&h=240&yaw=163.74329&pitch=0&thumbfov=100,false,,,,,,,,"https://www.google.com/maps/search/plumbing++services+in+Vietri+sul+Mare+Naples+FL/@40.6731641,14.7279275,14z",2025-11-11T04:28:11.867Z,,,
https://www.google.com/maps/place/Idrotermica+Arechi+Sas/data=!4m7!3m6!1s0x133bc23384235faf:0x4fe689289f46c06!8m2!3d40.6843626!4d14.7691941!16s%2Fg%2F1ptxkkh6p!19sChIJr18jhDPCOxMRBmz0iZJo_gQ,Idrotermica Arechi Sas,4.8,54,Plumbing supply store,"Via Giovanni Lanzalone, 60, 84126 Salerno SA, Italy","MQM9+PM Salerno, Province of Salerno, Italy",,+39 089 238059,Closed ⋅ Opens 7 am,https://lh3.googleusercontent.com/p/AF1QipNLvqGmKlDY06BHW-rafNYJkfs8tL_c6XsjWgxb=w480-h240-k-no,true,"7 am–1 pm, 2:45–7 pm","7 am–1 pm, 2:45–7 pm","7 am–1 pm, 2:45–7 pm","7 am–1 pm, 2:45–7 pm","7 am–1 pm, 2:45–7 pm",7 am–1 pm,Closed,"https://www.google.com/maps/search/plumbing++services+in+Vietri+sul+Mare+Naples+FL/@40.6731641,14.7279275,14z",2025-11-11T04:28:16.808Z,,· In-store shopping · In-store pick-up · Delivery,
https://www.google.com/maps/place/IDRAULICA+SUD+S.R.L.S.+Installazioni+e+manutenzioni+di+impianti+termici+e+di+climatizzazione./data=!4m7!3m6!1s0x133bc234e8bbf135:0x5858c2d134754056!8m2!3d40.6861371!4d14.7729436!16s%2Fg%2F11c6056nfl!19sChIJNfG76DTCOxMRVkB1NNHCWFg,IDRAULICA SUD S.R.L.S. Installazioni e manutenzioni di impianti termici e di climatizzazione.,4.4,9,Heating contractor,"Via Gelso, 83, 84126 Salerno SA, Italy","MQPF+F5 Salerno, Province of Salerno, Italy",http://www.idraulicasud.it/,+39 327 752 1202,"Closed ⋅ Opens 9 am

Updated by this business 4 weeks ago",https://lh3.googleusercontent.com/p/AF1QipPxB9VWtO27XA3KuuH5igSjSg7VeoL7lXtyT8s4=w425-h240-k-no,true,9 am–6 pm,9 am–6 pm,9 am–6 pm,9 am–6 pm,9 am–6 pm,Closed,Closed,"https://www.google.com/maps/search/plumbing++services+in+Vietri+sul+Mare+Naples+FL/@40.6731641,14.7279275,14z",2025-11-11T04:28:21.540Z,,,
https://www.google.com/maps/place/Idraulica+E+Riscaldamento+Villani/data=!4m7!3m6!1s0x133bc24833aa7465:0x93f7aff7d7331345!8m2!3d40.678716!4d14.7763586!16s%2Fg%2F11cs2wzsv2!19sChIJZXSqM0jCOxMRRRMz1_ev95M,Idraulica E Riscaldamento Villani,5.0,1,Plumber,"Via Luigi Guercio, 21, 84134 Salerno SA, Italy","MQHG+FG Salerno, Province of Salerno, Italy",,+39 347 845 1554,Closed ⋅ Opens 8:30 am,https://streetviewpixels-pa.googleapis.com/v1/thumbnail?panoid=UHeNagT1t7q_QCxEZKoK7Q&cb_client=search.gws-prod.gps&w=408&h=240&yaw=89.85744&pitch=0&thumbfov=100,false,"8:30 am–12:45 pm, 4–7 pm","8:30 am–12:45 pm, 4:30–7 pm","8:30 am–12:45 pm, 4:30–7 pm","8:30 am–12:45 pm, 4:30–7 pm","8:30 am–12:45 pm, 4:30–7 pm",8 am–1 pm,Closed,"https://www.google.com/maps/search/plumbing++services+in+Vietri+sul+Mare+Naples+FL/@40.6731641,14.7279275,14z",2025-11-11T04:28:26.691Z,,,
https://www.google.com/maps/place/Marino+Impianti/data=!4m7!3m6!1s0x133bc2319e88e7b5:0xf581b9bd739870ad!8m2!3d40.6816723!4d14.7665311!16s%2Fg%2F1tqhm9vy!19sChIJteeInjHCOxMRrXCYc725gfU,Marino Impianti,2.5,4,Heating contractor,"Via Michele Vernieri, 49, 84125 Salerno SA, Italy","MQJ8+MJ Salerno, Province of Salerno, Italy",,+39 329 593 9783,Closed ⋅ Opens 8 am,https://streetviewpixels-pa.googleapis.com/v1/thumbnail?panoid=6ZT2UMKE-IrPhdYd2WV0rg&cb_client=search.gws-prod.gps&w=408&h=240&yaw=145.62593&pitch=0&thumbfov=100,true,"8 am–1 pm, 4–7 pm","8 am–1 pm, 4–7 pm","8 am–1 pm, 4–7 pm","8 am–1 pm, 4–7 pm","8 am–1 pm, 4–7 pm",Closed,Closed,"https://www.google.com/maps/search/plumbing++services+in+Vietri+sul+Mare+Naples+FL/@40.6731641,14.7279275,14z",2025-11-11T04:28:31.591Z,,,
https://www.google.com/maps/place/IDRAULICA+MASULLO/data=!4m7!3m6!1s0x133bc3db30a24589:0x675d6e7e298a56ce!8m2!3d40.6645815!4d14.8028428!16s%2Fg%2F11lgqm5w3m!19sChIJiUWiMNvDOxMRzlaKKX5uXWc,IDRAULICA MASULLO,1.0,2,Plumber,"L.go Degli Archeologi, 84132 Salerno SA, Italy","MR73+R4 Salerno, Province of Salerno, Italy",,+39 320 482 1091,,https://streetviewpixels-pa.googleapis.com/v1/thumbnail?panoid=NV2Eiu12icNgM375NXHklA&cb_client=search.gws-prod.gps&w=408&h=240&yaw=326.1863&pitch=0&thumbfov=100,false,,,,,,,,"https://www.google.com/maps/search/plumbing++services+in+Vietri+sul+Mare+Naples+FL/@40.6731641,14.7279275,14z",2025-11-11T04:28:34.345Z,,,
https://www.google.com/maps/place/S.A.T.+Clima+di+Ferarra+Vincenzo+e+C.+Sas/data=!4m7!3m6!1s0x133bbd462c046b69:0x5a7d7bea8b8e8103!8m2!3d40.7014084!4d14.4844102!16s%2Fg%2F11bz_4j292!19sChIJaWsELEa9OxMRA4GOi-p7fVo,S.A.T. Clima di Ferarra Vincenzo e C. Sas,4.4,16,Heating contractor,"S.da Rispoli, 30, 80053 Castellammare di Stabia NA, Italy","PF2M+HQ Castellammare di Stabia, Metropolitan City of Naples, Italy",,+39 081 872 5919,Closed ⋅ Opens 9 am,https://lh3.googleusercontent.com/p/AF1QipNhyJ4cpr0y_dSwPnwTaOUB7snqu_XXVcZ7tLH0=w775-h240-k-no,true,"9 am–1 pm, 2:30–6:30 pm","9 am–1 pm, 2:30–6:30 pm","9 am–1 pm, 2:30–6:30 pm","9 am–1 pm, 2:30–6:30 pm","9 am–1 pm, 2:30–6:30 pm",9 am–1 pm,Closed,"https://www.google.com/maps/search/plumbing++services+in+Castellammare+di+Stabia+Naples+FL/@40.6981057,14.4880402,14z",2025-11-11T04:28:48.388Z,,,
https://www.google.com/maps/place/L%27idraulico/data=!4m7!3m6!1s0x133bbd45ba0f074b:0x960e21801b06682c!8m2!3d40.6973092!4d14.4861208!16s%2Fg%2F11j3vcfky4!19sChIJSwcPukW9OxMRLGgGG4AhDpY,L'idraulico,,,Plumber,"Via Regina Margherita, 136, 80053 Castellammare di Stabia NA, Italy","MFWP+WC Castellammare di Stabia, Metropolitan City of Naples, Italy",,+39 339 302 6579,,https://streetviewpixels-pa.googleapis.com/v1/thumbnail?panoid=ISP0Z1BZwFUP603X_I1Ltw&cb_client=search.gws-prod.gps&w=408&h=240&yaw=159.25244&pitch=0&thumbfov=100,false,,,,,,,,"https://www.google.com/maps/search/plumbing++services+in+Castellammare+di+Stabia+Naples+FL/@40.6981057,14.4880402,14z",2025-11-11T04:28:51.044Z,,,
https://www.google.com/maps/place/Idrotermica+Sas+Di+Capitale+Luigi+E+C./data=!4m7!3m6!1s0x133bbd273545b709:0x8622819b32e91745!8m2!3d40.7219469!4d14.4880428!16s%2Fg%2F1hc2w42k7!19sChIJCbdFNSe9OxMRRRfpMpuBIoY,Idrotermica Sas Di Capitale Luigi E C.,,,Plumber,"I Traversa Pozzillo, 80053 Castellammare di Stabia NA, Italy","PFCQ+Q6 Castellammare di Stabia, Metropolitan City of Naples, Italy",,+39 081 870 7020,Closed ⋅ Opens 9 am,https://streetviewpixels-pa.googleapis.com/v1/thumbnail?panoid=dukFSAM83EhR7cb-NlNUTg&cb_client=search.gws-prod.gps&w=408&h=240&yaw=155.3635&pitch=0&thumbfov=100,false,"9 am–1 pm, 4–7:30 pm","9 am–1 pm, 4–7:30 pm","9 am–1 pm, 4–7:30 pm","9 am–1 pm, 4–7:30 pm","9 am–1 pm, 4–7:30 pm",9:30 am–1 pm,Closed,"https://www.google.com/maps/search/plumbing++services+in+Castellammare+di+Stabia+Naples+FL/@40.6981057,14.4880402,14z",2025-11-11T04:28:55.810Z,,,
https://www.google.com/maps/place/Di.+Ma.+Impianti+Di+Di+Maio+Giovanni/data=!4m7!3m6!1s0x133bbcde888f2321:0x3edf83e65888d8e7!8m2!3d40.7272978!4d14.4924475!16s%2Fg%2F12hsrqdfb!19sChIJISOPiN68OxMR59iIWOaD3z4,Di. Ma. Impianti Di Di Maio Giovanni,5.0,1,Plumber,"Via Vecchia Fontanelle, 25, 80053 Castellammare di Stabia NA, Italy","PFGR+WX Castellammare di Stabia, Metropolitan City of Naples, Italy",,+39 335 763 5826,Closed ⋅ Opens 9 am,https://streetviewpixels-pa.googleapis.com/v1/thumbnail?panoid=bVckdl7ecfwM_bbNMxX4DA&cb_client=search.gws-prod.gps&w=408&h=240&yaw=267.09427&pitch=0&thumbfov=100,false,"9 am–1 pm, 2:45–6 pm","9 am–1 pm, 2:45–6 pm","9 am–1 pm, 2:45–6 pm","9 am–1 pm, 2:45–6 pm","9 am–1 pm, 2:45–6 pm",Closed,Closed,"https://www.google.com/maps/search/plumbing++services+in+Castellammare+di+Stabia+Naples+FL/@40.6981057,14.4880402,14z",2025-11-11T04:29:00.730Z,,,
https://www.google.com/maps/place/Klimatherm+Assistenza+Caldaie+Baxi/data=!4m7!3m6!1s0x133bbd658a0f858f:0xd9a171a58d98d032!8m2!3d40.7017237!4d14.4852351!16s%2Fg%2F1tlk3sc4!19sChIJj4UPimW9OxMRMtCYjaVxodk,Klimatherm Assistenza Caldaie Baxi,,,Heating contractor,"Piazza Spartaco, 31A, 80053 Castellammare di Stabia NA, Italy","PF2P+M3 Castellammare di Stabia, Metropolitan City of Naples, Italy",https://www.klimatherm.it/,+39 081 394 1187,Closed ⋅ Opens 8:30 am,https://lh3.googleusercontent.com/gps-cs-s/AG0ilSzANVO-0IEZpIkMWaQWS4PA3LZ1_Rw303INKaBhknqE0E8ZajzaTCJAMN2t9rIMvVqAR9bgTVVd0ARCPh43GAOCRXOvmlPUxgVLUCNM5Hjz4JiR39SYVjjq_d6IWLYbGNPZHVPMadd3Lkj0=w408-h303-k-no,true,"8:30 am–1 pm, 3:30–7 pm","8:30 am–1 pm, 3:30–7:30 pm","8:30 am–1 pm, 3:30–7:30 pm","8:30 am–1 pm, 3:30–7:30 pm","8:30 am–1 pm, 3:30–7:30 pm",Closed,Closed,"https://www.google.com/maps/search/plumbing++services+in+Castellammare+di+Stabia+Naples+FL/@40.6981057,14.4880402,14z",2025-11-11T04:29:05.763Z,,,
https://www.google.com/maps/place/Plumex+Plumbing/data=!4m7!3m6!1s0x88db017bfa310095:0x2c90654b5a680a8!8m2!3d26.1450745!4d-81.7935125!16s%2Fg%2F11jmzgcfm9!19sChIJlQAx-nsB24gRqICmtVQGyQI,Plumex Plumbing,5.0,37,Plumber,,,https://plumexplumbing.com/,+1 239-877-1580,Closed ⋅ Opens 9 am Tue,https://lh3.googleusercontent.com/p/AF1QipPrgf1v4CZslFZEb_9TvDsWx5BwceoBfZaiJtdH=w477-h240-k-no,true,9 am–5 pm,9 am–5 pm,9 am–5 pm,9 am–5 pm,9 am–5 pm,Closed,Closed,"https://www.google.com/maps/search/plumbing++services+in+Castellammare+di+Stabia+Naples+FL/@40.6981057,14.4880402,14z",2025-11-11T04:29:10.690Z,,,
https://www.google.com/maps/place/Assistenza+tecnica+piccoli+elettrodomestici+Del+Sorbo+Giovanni/data=!4m7!3m6!1s0x133bbde432006699:0x8d5e05c6391b0724!8m2!3d40.6978307!4d14.4863602!16s%2Fg%2F11g24xk5wm!19sChIJmWYAMuS9OxMRJAcbOcYFXo0,Assistenza tecnica piccoli elettrodomestici Del Sorbo Giovanni,,,Appliances customer service,"Via Principe Amedeo, 50, 80053 Castellammare di Stabia NA, Italy","MFXP+4G Castellammare di Stabia, Metropolitan City of Naples, Italy",,+39 338 840 3734,Closed ⋅ Opens 9 am,https://streetviewpixels-pa.googleapis.com/v1/thumbnail?panoid=xlhne8Ghoo3LqNZXytCRyw&cb_client=search.gws-prod.gps&w=408&h=240&yaw=140.12053&pitch=0&thumbfov=100,true,9 am–1 pm,9 am–1 pm,9 am–1 pm,9 am–1 pm,9 am–1 pm,Closed,Closed,"https://www.google.com/maps/search/plumbing++services+in+Castellammare+di+Stabia+Naples+FL/@40.6981057,14.4880402,14z",2025-11-11T04:29:15.387Z,,,
https://www.google.com/maps/place/Termoidraulica+MA/data=!4m7!3m6!1s0x133bbdf91570f249:0x8f28dba7d8af05a6!8m2!3d40.688372!4d14.524331!16s%2Fg%2F11fmf41rmb!19sChIJSfJwFfm9OxMRpgWv2KfbKI8,Termoidraulica MA,3.0,2,Plumber,"Via Agerola, 7, 80054 Gragnano NA, Italy","MGQF+8P Gragnano, Metropolitan City of Naples, Italy",https://termoidraulicama.it/,+39 328 691 8592,Closed ⋅ Opens 8 am,https://lh3.googleusercontent.com/p/AF1QipMvkz5vU9Hy59SOt_CzUPudekvySzC8HgvmvTUT=w436-h240-k-no,true,8 am–8 pm,8 am–8 pm,8 am–8 pm,8 am–8 pm,8 am–8 pm,8 am–8 pm,Closed,"https://www.google.com/maps/search/plumbing++services+in+Gragnano+Naples+FL/@40.688303,14.5226346,14z",2025-11-11T04:29:28.772Z,,,
https://www.google.com/maps/place/IN.GI.+IMPIANTI+Assistenza+Caldaie+Savio/data=!4m7!3m6!1s0x133bbdf9ab579055:0x560275c21e4471ed!8m2!3d40.6935364!4d14.5072626!16s%2Fg%2F11h5rfjwtj!19sChIJVZBXq_m9OxMR7XFEHsJ1AlY,IN.GI. IMPIANTI Assistenza Caldaie Savio,5.0,8,Heating contractor,"Via Castellammare, 113, 80054 Gragnano NA, Italy","MGV4+CW Gragnano, Metropolitan City of Naples, Italy",https://www.facebook.com/ingimpianti/,+39 333 665 1684,Closed ⋅ Opens 8:30 am,https://lh3.googleusercontent.com/p/AF1QipM-l9n0bDkiDS-dG3iH0wbj4uUqM1Ouv56DJnk0=w408-h544-k-no,true,8:30 am–7:30 pm,8:30 am–8:30 pm,8:30 am–8:30 pm,8:30 am–8:30 pm,8:30 am–8:30 pm,8:30 am–1 pm,Closed,"https://www.google.com/maps/search/plumbing++services+in+Gragnano+Naples+FL/@40.688303,14.5226346,14z",2025-11-11T04:29:33.914Z,,,
https://www.google.com/maps/place/Doppia+L+Impiantistica+Generale/data=!4m7!3m6!1s0x133b9de2fa14aedb:0x985d6c05ef048084!8m2!3d40.6038552!4d14.3750037!16s%2Fg%2F11h8jkyhwy!19sChIJ264U-uKdOxMRhIAE7wVsXZg,Doppia L Impiantistica Generale,5.0,2,Plumber,"Via III, Via Pigna, 14, 80061 Massa Lubrense NA, Italy","J93G+G2 Massa Lubrense, Metropolitan City of Naples, Italy",https://doppialimpiantisticagenerale.it/,+39 081 1996 8419,Closed ⋅ Opens 8 am,https://lh3.googleusercontent.com/p/AF1QipPmCP_QrJf_ciyjo8muJL9ttRh9oNPTdVOSaaJ8=w408-h279-k-no,true,8 am–5 pm,8 am–5 pm,8 am–5 pm,8 am–5 pm,8 am–5 pm,Closed,Closed,"https://www.google.com/maps/search/plumbing++services+in+Massa+Lubrense+Naples+FL/@40.6108903,14.3449936,14z",2025-11-11T04:29:47.772Z,,,
https://www.google.com/maps/place/Lorenzo+Heating+%26+Plumbing/data=!4m7!3m6!1s0xac46497940ab4ef:0xa766955cdce1202e!8m2!3d41.8349585!4d-73.127685!16s%2Fg%2F11vh_8r3s_!19sChIJ77QKlJdkxAoRLiDh3FyVZqc,Lorenzo Heating & Plumbing,,,Plumber,,,https://lorenzo-plumbing.com/,+1 860-689-4227,Closed ⋅ Opens 6:30 am Tue,https://lh3.googleusercontent.com/p/AF1QipMpqlo9xNCKm9V5GaqrYa0ODupiIelYNlZZy-hm=w408-h544-k-no,true,6:30 am–5 pm,6:30 am–5 pm,6:30 am–5 pm,6:30 am–5 pm,6:30 am–5 pm,Closed,Closed,"https://www.google.com/maps/search/plumbing++services+in+Massa+Lubrense+Naples+FL/@40.6108903,14.3449936,14z",2025-11-11T04:29:52.344Z,,,
https://www.google.com/maps/place/The+Plumbing+%26+Drain+Company/data=!4m7!3m6!1s0x5490f9b0806c8f91:0x9f435355b7f22ffa!8m2!3d47.5184205!4d-122.3824534!16s%2Fg%2F11ggghr5yy!19sChIJkY9sgLD5kFQR-i_yt1VTQ58,The Plumbing & Drain Company,3.9,87,Plumber,,,http://www.theplumbinganddrainco.com/,+1 866-440-1234,Open 24 hours,https://lh3.googleusercontent.com/p/AF1QipPvsDpW2OtsOoucdEkpPwtTC7Ry7Po_555OK0OV=w426-h240-k-no,true,Open 24 hours,Open 24 hours,Open 24 hours,Open 24 hours,Open 24 hours,Open 24 hours,Open 24 hours,"https://www.google.com/maps/search/plumbing++services+in+Massa+Lubrense+Naples+FL/@40.6108903,14.3449936,14z",2025-11-11T04:29:57.420Z,,,
https://www.google.com/maps/place/Idraulica+Pollio/data=!4m7!3m6!1s0x133b9bd7ffb07c25:0x47ce083fa7d1ab2b!8m2!3d40.613521!4d14.4142836!16s%2Fg%2F11j8rk2cwk!19sChIJJXyw_9ebOxMRK6vRpz8Izkc,Idraulica Pollio,,,Plumber,"Via Lepantine, n°19, 80065 Sant'Agnello NA, Italy","JC77+CP Sant'Agnello, Metropolitan City of Naples, Italy",http://idraulicapollio.com/,+39 338 656 7768,,https://streetviewpixels-pa.googleapis.com/v1/thumbnail?panoid=FiM-cHAqj8hEvQaHlgFY4w&cb_client=search.gws-prod.gps&w=408&h=240&yaw=140.39299&pitch=0&thumbfov=100,true,,,,,,,,"https://www.google.com/maps/search/plumbing++services+in+Sant'Agnello+Naples+FL/@40.8517746,14.2681244,14z",2025-11-11T04:30:08.733Z,,,
"https://www.google.com/maps/place/TermoEvolution+-+Idraulico+Sorrento/@40.6428867,14.4173398,14z/data=!4m6!3m5!1s0x133b99d297bcff45:0x918d3f981ac52a59!8m2!3d40.6268946!4d14.4011709!16s%2Fg%2F11kl9lkqbs",TermoEvolution - Idraulico Sorrento,5.0,25,Plumber,"Via Maiano Vecchio, 10, 80065 Sant'Agnello NA, Italy","JCG2+QF Sant'Agnello, Metropolitan City of Naples, Italy",https://www.termoevolution.it/,+39 339 896 2208,Closed ⋅ Opens 8 am,https://lh3.googleusercontent.com/p/AF1QipOe4nsEBa1t1C7Bu6lbTp9gCZ4LQL3ockail6lF=w530-h240-k-no,true,8 am–6 pm,8 am–6 pm,8 am–6 pm,8 am–6 pm,8 am–6 pm,Closed,Closed,"https://www.google.com/maps/search/plumbing++services+in+Meta+Naples+FL/@40.6428867,14.4173398,14z",2025-11-11T04:30:17.100Z,,,Already found
,,,,,,,,,,,,,,,,,,,"https://www.google.com/maps/search/plumbing++services+in+Praiano+Naples+FL/@26.1391777,-81.7955475,14z",2025-11-11T04:30:27.465Z,,,No new results found
https://www.google.com/maps/place/Naples+Plumbing+Pros/data=!4m7!3m6!1s0x88db07b1165371a1:0xcdb59203f58f8be8!8m2!3d26.3038501!4d-81.55885!16s%2Fg%2F11fwg70pkx!19sChIJoXFTFrEH24gR6IuP9QOStc0,Naples Plumbing Pros,,,Plumber,"2445 39th Ave NE, Naples, FL 34120, United States","8C3R+GF Naples, Florida, USA",,+1 239-345-3134,Closed ⋅ Opens 8 am Tue,https://lh3.googleusercontent.com/p/AF1QipN7FAMzZiH7HlC3rjioxASbhwEkgjN_HHMuYu15=w408-h255-k-no,true,8 am–5 pm,8 am–5 pm,8 am–5 pm,8 am–5 am,8 am–5 pm,8 am–4 pm,Closed,"https://www.google.com/maps/search/plumbing++services+in+Furore+Naples+FL/@40.8517746,14.2681244,14z",2025-11-11T04:30:40.944Z,,,
"https://www.google.com/maps/place/T+Parke+Services,+Inc/data=!4m7!3m6!1s0xe7172671f4bfa77:0x4730bad1731c0d22!8m2!3d26.424486!4d-81.6898785!16s%2Fg%2F11v0rzqlnr!19sChIJd_pLH2dycQ4RIg0cc9G6MEc","T Parke Services, Inc",4.9,439,Plumber,,,,+1 239-910-5005,Open 24 hours,https://lh3.googleusercontent.com/p/AF1QipMIDlb7k4uyqCZgMGT2_L02ElIUpqTW0kioaxaT=w533-h240-k-no,true,Open 24 hours,Open 24 hours,Open 24 hours,Open 24 hours,Open 24 hours,Open 24 hours,Open 24 hours,"https://www.google.com/maps/search/plumbing++services+in+Furore+Naples+FL/@40.8517746,14.2681244,14z",2025-11-11T04:30:45.717Z,,,
https://www.google.com/maps/place/Legin+Plumbing+%26+Drains/data=!4m7!3m6!1s0x263c9e32af35a1a5:0xc4de2b69b2bf263a!8m2!3d26.285423!4d-81.5587535!16s%2Fg%2F11y6kpjsvz!19sChIJpaE1rzKePCYROia_smkr3sQ,Legin Plumbing & Drains,5.0,108,Plumber,,,http://leginplumbing.com/,+1 239-363-2454,Open 24 hours,https://lh3.googleusercontent.com/p/AF1QipP-RA5tb2Rhc2DyNEndmj6hDgd8eLMFqdeBNEdC=w408-h544-k-no,true,Open 24 hours,Open 24 hours,Open 24 hours,Open 24 hours,Open 24 hours,Open 24 hours,Open 24 hours,"https://www.google.com/maps/search/plumbing++services+in+Furore+Naples+FL/@40.8517746,14.2681244,14z",2025-11-11T04:30:50.678Z,,,
"https://www.google.com/maps/place/Aztec+Plumbing,+Inc/data=!4m7!3m6!1s0x88db3f5818dab69d:0xc79bad11ca4fe616!8m2!3d26.5620828!4d-81.8536729!16s%2Fg%2F124t2p6nw!19sChIJnbbaGFg_24gRFuZPyhGtm8c","Aztec Plumbing, Inc",4.8,5766,Plumber,"12410 Metro Pkwy, Fort Myers, FL 33966, United States","H46W+RG Fort Myers, Florida, USA",https://www.aztecplumbing.net/service-area/port-charlotte-fl/?utm_source=google&utm_medium=GBP,+1 941-216-1335,Open 24 hours,https://lh3.googleusercontent.com/p/AF1QipMad3C7ZkXwZ9u-UXCJXd-tuaklrymmRNDcb75F=w408-h272-k-no,true,Open 24 hours,Open 24 hours,Open 24 hours,Open 24 hours,Open 24 hours,Open 24 hours,Open 24 hours,"https://www.google.com/maps/search/plumbing++services+in+Furore+Naples+FL/@40.8517746,14.2681244,14z",2025-11-11T04:30:55.910Z,,,
https://www.google.com/maps/place/Termosoluzioni/data=!4m7!3m6!1s0x133ba4087537d791:0x967b8c267d146cb2!8m2!3d40.7768971!4d14.3908197!16s%2Fg%2F1td81fyq!19sChIJkdc3dQikOxMRsmwUfSaMe5Y,Termosoluzioni,4.5,31,Plumber,"Via Nazionale, 323, 80059 Torre del Greco NA, Italy","Q9GR+Q8 Torre del Greco, Metropolitan City of Naples, Italy",,+39 081 847 3972,Closed ⋅ Opens 7:30 am,https://streetviewpixels-pa.googleapis.com/v1/thumbnail?panoid=nngR5kb9x1vvahX-CJCDPg&cb_client=search.gws-prod.gps&w=408&h=240&yaw=212.38188&pitch=0&thumbfov=100,true,8 am–7 pm,7:30 am–7 pm,7:30 am–7 pm,7:30 am–7 pm,7:30 am–7 pm,7:30 am–1:30 pm,Closed,"https://www.google.com/maps/search/plumbing++services+in+Torre+del+Greco+Naples+FL/@40.7893347,14.3674804,14z",2025-11-11T04:31:09.313Z,,,
https://www.google.com/maps/place/Climatek+di+Giuseppe+Sdegno/data=!4m7!3m6!1s0x133ba75c677ce431:0x196204ddda355314!8m2!3d40.7908787!4d14.36503!16s%2Fg%2F11mc0jdldz!19sChIJMeR8Z1ynOxMRFFM12t0EYhk,Climatek di Giuseppe Sdegno,5.0,2,Water damage restoration service,"Corso Vittorio Emanuele, 141, 80059 Torre del Greco NA, Italy","Q9R8+92 Torre del Greco, Metropolitan City of Naples, Italy",,+39 081 1812 9330,Closed ⋅ Opens 10 am,https://lh3.googleusercontent.com/p/AF1QipOwNp3EEe97G-tEtsKGiqw0RAnzdgfaJTD-IhuN=w408-h306-k-no,true,"10 am–12:30 pm, 4:30–7 pm","10 am–12:30 pm, 4:30–7 pm","10 am–12:30 pm, 4:30–7 pm","10 am–12:30 pm, 4:30–7 pm","10 am–12:30 pm, 4:30–7 pm",Closed,Closed,"https://www.google.com/maps/search/plumbing++services+in+Torre+del+Greco+Naples+FL/@40.7893347,14.3674804,14z",2025-11-11T04:31:14.317Z,,,
https://www.google.com/maps/place/Dar+Impianti+-+Snc+Di+Palomba+Donato/data=!4m7!3m6!1s0x133ba6bae50caea9:0xc3b2ffffa2f76a4e!8m2!3d40.791593!4d14.364587!16s%2Fg%2F1td3tn5l!19sChIJqa4M5bqmOxMRTmr3ov__ssM,Dar Impianti - Snc Di Palomba Donato,,,Plumber,"Corso Vittorio Emanuele, 118, 80059 Torre del Greco NA, Italy","Q9R7+JR Torre del Greco, Metropolitan City of Naples, Italy",,+39 338 524 0067,,https://streetviewpixels-pa.googleapis.com/v1/thumbnail?panoid=i3Zsf5uR3kHsaL8qkZffcg&cb_client=search.gws-prod.gps&w=408&h=240&yaw=75.146996&pitch=0&thumbfov=100,false,,,,,,,,"https://www.google.com/maps/search/plumbing++services+in+Torre+del+Greco+Naples+FL/@40.7893347,14.3674804,14z",2025-11-11T04:31:17.296Z,,,
https://www.google.com/maps/place/Termoidraulica+Nazionale+Ciccio/data=!4m7!3m6!1s0x133ba406cb72a8bd:0x25ad407956ca181d!8m2!3d40.7798143!4d14.3852069!16s%2Fg%2F11gf0phpwt!19sChIJvahyywakOxMRHRjKVnlArSU,Termoidraulica Nazionale Ciccio,5.0,7,Plumbing supply store,"Via Nazionale, 160, 80059 Torre del Greco NA, Italy","Q9HP+W3 Torre del Greco, Metropolitan City of Naples, Italy",,+39 081 881 7924,Closed ⋅ Opens 7:30 am,https://lh3.googleusercontent.com/gps-cs-s/AG0ilSx1URBlkK_t032Jzq48KrqeGpN5iv71LHuWX63tnu6089OCC0pnM6xyZCF2ToQcxR2Zpu6tbeU_QQk503AQQuDzIDnm1LwokkxB4hhVcaStKySppMEyo06CmbunYh699ue-4VoItg=w408-h725-k-no,true,"7:30 am–1:15 pm, 3–7:45 pm","7:30 am–1:15 pm, 3–7:45 pm","7:30 am–1:15 pm, 3–7:45 pm","7:30 am–1:15 pm, 3–7:45 pm","7:30 am–1:15 pm, 3–7:45 pm",7:30 am–1:30 pm,Closed,"https://www.google.com/maps/search/plumbing++services+in+Torre+del+Greco+Naples+FL/@40.7893347,14.3674804,14z",2025-11-11T04:31:22.265Z,,· Delivery,