placeUrl,title,rating,reviewCount,category,address,plusCode,website,phoneNumber,currentStatus,imgUrl,isClaimed,tuesday,wednesday,thursday,friday,saturday,sunday,monday,query,timestamp,info,error,attributes
"https://www.google.com/maps/place/Lighthouse+Pediatrics+of+Naples,+LLC/data=!4m7!3m6!1s0x88dae217f4c47915:0x2ab561399e0b2d74!8m2!3d26.1615813!4d-81.767523!16s%2Fg%2F11b8_3hlhc!19sChIJFXnE9Bfi2ogRdC0LnjlhtSo","Lighthouse Pediatrics of Naples, LLC",3.7,51,Pediatrician,"3227 Horseshoe Dr S, Naples, FL 34104, United States","566J+JX Naples, Florida, USA",https://www.lighthousepedsnaples.com/,+1 239-449-9882,Closed · Opens 8:30 am Wed,https://lh3.googleusercontent.com/gps-cs-s/AHVAweqYk7qQnS6AvPPB6UBJXmBdGkZM7DJJ3T2VgGHyULB3Cmm6h9o22BPzhayCa-aUd2ifvZYfMV6T5ElWSTRsY-b70vTqaLaQKOFzanxnPTTslWqo0RjI8MExQJJeQnWUCzT4JHhJ=w408-h544-k-no,true,8:30 am–5 pm,8:30 am–5 pm,8:30 am–5 pm,8:30 am–5 pm,Closed,Closed,8:30 am–5 pm,"https://www.google.com/maps/search/pediatrician+in+Naples+Naples+FL/@40.8517746,14.2681244,14z",2026-02-10T22:44:08.942Z,,,
https://www.google.com/maps/place/None/data=!4m7!3m6!1s0x88dae15222614b09:0xe92914a32d1a5b8d!8m2!3d26.1520554!4d-81.7970511!16s%2Fg%2F11gtymrkjl!19sChIJCUthIlLh2ogRjVsaLaMUKek,None,5.0,10,Pediatrician,"400 8th St N, Naples, FL 34102, United States","5623+R5 Naples, Florida, USA",,+1 239-649-3323,,https://streetviewpixels-pa.googleapis.com/v1/thumbnail?panoid=3jPdKGVuxORm4d7Qwlt6fw&cb_client=search.gws-prod.gps&w=408&h=240&yaw=97.44833&pitch=0&thumbfov=100,false,,,,,,,,"https://www.google.com/maps/search/pediatrician+in+Naples+Naples+FL/@40.8517746,14.2681244,14z",2026-02-10T22:44:12.431Z,,,
https://www.google.com/maps/place/Dr.+Cordero+Pediatric+Office/data=!4m7!3m6!1s0x88dae192267070e5:0x1a75a1bc1ad4472c!8m2!3d26.1540509!4d-81.7928696!16s%2Fg%2F1tfp37v9!19sChIJ5XBwJpLh2ogRLEfUGryhdRo,Dr. Cordero Pediatric Office,3.4,65,Pediatrician,"1090 6th Ave N, Naples, FL 34102, United States","5634+JV Naples, Florida, USA",https://rymaps.org/business/dr-cordero-pediatric-office-6lrgrv,+1 239-213-9200,Closed · Opens 9 am Wed,https://streetviewpixels-pa.googleapis.com/v1/thumbnail?panoid=D3djxQMbXLFWyzvaCOc7zQ&cb_client=search.gws-prod.gps&w=408&h=240&yaw=182.15793&pitch=0&thumbfov=100,true,9 am–4 pm,9 am–4 pm,9 am–4 pm,9 am–12:30 pm,Closed,Closed,9 am–4 pm,"https://www.google.com/maps/search/pediatrician+in+Naples+Naples+FL/@40.8517746,14.2681244,14z",2026-02-10T22:44:17.996Z,,,
https://www.google.com/maps/place/East+Naples+Pediatrics/data=!4m7!3m6!1s0x88dae2ff693d79ff:0xf2cca4a88b0f25c!8m2!3d26.1372122!4d-81.7349438!16s%2Fg%2F1thhl9sm!19sChIJ_3k9af_i2ogRXPKwiErKLA8,East Naples Pediatrics,5.0,3,Medical clinic,"1755 Heritage Trail suite 601, Naples, FL 34104, United States","47P8+V2 Naples, Florida, USA",https://healthcareswfl.org/locations/hcn-childrens-care-east/,+1 239-775-2220,Closed · Opens 8 am Wed,https://streetviewpixels-pa.googleapis.com/v1/thumbnail?panoid=OiYl31ySQGg5owWqRDLP-A&cb_client=search.gws-prod.gps&w=408&h=240&yaw=279.54312&pitch=0&thumbfov=100,false,8 am–5 pm,8 am–5 pm,8 am–5 pm,8 am–5 pm,Closed,Closed,8 am–5 pm,"https://www.google.com/maps/search/pediatrician+in+Naples+Naples+FL/@40.8517746,14.2681244,14z",2026-02-10T22:44:22.653Z,,,
https://www.google.com/maps/place/Thornburg+Pediatrics/data=!4m7!3m6!1s0x88db1d3ccff6218f:0xe968edff653323f1!8m2!3d26.2139845!4d-81.7666078!16s%2Fg%2F1tcvvnvl!19sChIJjyH2zzwd24gR8SMzZf_taOk,Thornburg Pediatrics,4.9,12,Pediatrician,"5435 Park Central Ct, Naples, FL 34109, United States","667M+H9 Naples, Florida, USA",http://www.thornburgpediatrics.com/,+1 239-348-7337,Closed · Opens 9 am Wed,https://streetviewpixels-pa.googleapis.com/v1/thumbnail?panoid=S7xxB4SaJBbIZqNcUGKbnQ&cb_client=search.gws-prod.gps&w=408&h=240&yaw=101.24551&pitch=0&thumbfov=100,true,9 am–5 pm,9 am–5 pm,9 am–5 pm,9 am–1 pm,Closed,Closed,9 am–5 pm,"https://www.google.com/maps/search/pediatrician+in+Naples+Naples+FL/@40.8517746,14.2681244,14z",2026-02-10T22:44:27.299Z,,,
"https://www.google.com/maps/place/Dr.+Romilio+F.+Marques,+MD/@26.1138924,-81.7552496,17z/data=!3m1!4b1!4m6!3m5!1s0x88dae3bfc0bf0273:0x54b32fca3d7be9b1!8m2!3d26.1138924!4d-81.7552496!16s%2Fg%2F1v3gsqd9","Dr. Romilio F. Marques, MD",4.2,61,Pediatrician,"4330 Tamiami Trl E SUITE 200, Naples, FL 34112, United States","467V+HW Naples, Florida, USA",http://www.marquespediatrics.com/,+1 239-774-5437,Closed · Opens 9 am Wed,,false,9 am–5 pm,9 am–5 pm,9 am–5 pm,Closed,Closed,Closed,9 am–5 pm,"https://www.google.com/maps/search/pediatrician+in+Naples+Naples+FL/@40.8517746,14.2681244,14z",2026-02-10T22:44:34.187Z,,,
https://www.google.com/maps/place/Beachside+Pediatrics/data=!4m7!3m6!1s0x88db1c08d3b4c9e1:0x39b212bf528928e5!8m2!3d26.2718872!4d-81.7656337!16s%2Fg%2F1tj46qfq!19sChIJ4cm00wgc24gR5SiJUr8Ssjk,Beachside Pediatrics,3.9,31,Pediatrician,"2940 Immokalee Rd # 2, Naples, FL 34110, United States","76CM+QP Naples, Florida, USA",https://www.beachsidepedsnaples.com/,+1 239-598-5750,Closed · Opens 9 am Wed,https://streetviewpixels-pa.googleapis.com/v1/thumbnail?panoid=FRwYc39wdGxLThOXXYYgFA&cb_client=search.gws-prod.gps&w=408&h=240&yaw=265.68488&pitch=0&thumbfov=100,false,9 am–5 pm,9 am–5 pm,9 am–5 pm,9 am–5 pm,9 am–12 pm,Closed,9 am–5 pm,"https://www.google.com/maps/search/pediatrician+in+Naples+Naples+FL/@40.8517746,14.2681244,14z",2026-02-10T22:44:39.045Z,,,
https://www.google.com/maps/place/Dr.+Dulce+Dudley/data=!4m7!3m6!1s0x88dae217f4afffff:0x8e2674ecf4e1229d!8m2!3d26.161599!4d-81.7674499!16s%2Fg%2F11rwxfw_fl!19sChIJ__-v9Bfi2ogRnSLh9Ox0Jo4,Dr. Dulce Dudley,5.0,2,Pediatrician,"3227 Horseshoe Dr S, Naples, FL 34104, United States","566M+J2 Naples, Florida, USA",https://www.lighthousepedsnaples.com/our-doctors,+1 239-449-9882,,https://streetviewpixels-pa.googleapis.com/v1/thumbnail?panoid=AidlkqzGGhgum-JAT0tX6Q&cb_client=search.gws-prod.gps&w=408&h=240&yaw=30.60146&pitch=0&thumbfov=100,false,,,,,,,,"https://www.google.com/maps/search/pediatrician+in+Naples+Naples+FL/@40.8517746,14.2681244,14z",2026-02-10T22:44:42.498Z,,,
https://www.google.com/maps/place/KIDZ+Pediatric+Multispecialty+Practice+Naples/data=!4m7!3m6!1s0x88dae3baaaaaaaab:0xed9f6ee05e724464!8m2!3d26.272074!4d-81.7676092!16s%2Fg%2F1v6l8908!19sChIJq6qqqrrj2ogRZERyXuBun-0,KIDZ Pediatric Multispecialty Practice Naples,4.5,437,Pediatrician,"2600 Immokalee Rd, Naples, FL 34110, United States","76CJ+RX Naples, Florida, USA",https://www.kidzmedical.com/locations/immokalee-road-naples-fl/,+1 239-213-0690,Closed · Opens 8 am Wed,https://lh3.googleusercontent.com/p/AF1QipMvuteM3dTvOkhN73CcXwCRUk7q54korXLHdFaN=w408-h304-k-no,true,8 am–4:30 pm,8 am–4:30 pm,8 am–4:30 pm,8 am–4:30 pm,Closed,Closed,8 am–4:30 pm,"https://www.google.com/maps/search/pediatrician+in+Naples+Naples+FL/@40.8517746,14.2681244,14z",2026-02-10T22:44:47.982Z,,,
https://www.google.com/maps/place/After+Hours+Pediatrics+Urgent+Care+-+Naples/data=!4m7!3m6!1s0x88dae3e064f619d5:0x29db202a7e7e8eac!8m2!3d26.1382282!4d-81.7351724!16s%2Fg%2F11t_h3v7rl!19sChIJ1Rn2ZODj2ogRrI5-fiog2yk,After Hours Pediatrics Urgent Care - Naples,4.4,60,Urgent care center,"6400 Davis Blvd Suite 102, Naples, FL 34104, United States","47Q7+7W Naples, Florida, USA",https://www.afterhourspediatrics.com/locations/naples/,+1 239-799-1970,Open · Closes 11 pm,https://lh3.googleusercontent.com/p/AF1QipMmVsLR_vesdtYUtlNlLNx3uZJBF5m1ccKNi4FO=w533-h240-k-no,true,5–11 pm,5–11 pm,5–11 pm,5–11 pm,1–11 pm,1–11 pm,5–11 pm,"https://www.google.com/maps/search/pediatrician+in+Naples+Naples+FL/@40.8517746,14.2681244,14z",2026-02-10T22:44:52.998Z,,,
"https://www.google.com/maps/place/Dina+A.+Badra,+M.D/data=!4m7!3m6!1s0x88db1c248027fe1b:0x9b3ecef4902a3f77!8m2!3d26.2481754!4d-81.7703242!16s%2Fg%2F1th5k83j!19sChIJG_4ngCQc24gRdz8qkPTOPps","Dina A. Badra, M.D",3.8,49,Pediatrician,"9160 Galleria Ct, Naples, FL 34109, United States","66XH+7V Naples, Florida, USA",,+1 239-514-8787,Closed · Opens 8:30 am Thu,https://lh3.googleusercontent.com/p/AF1QipPrCk_2UbcCLfJX24f8NmBUM6NoZnBjzNWesYgC=w408-h306-k-no,true,8:30 am–4:30 pm,Closed,8:30 am–4:30 pm,8:30 am–4:30 pm,Closed,Closed,8:30 am–4:30 pm,"https://www.google.com/maps/search/pediatrician+in+Naples+Naples+FL/@40.8517746,14.2681244,14z",2026-02-10T22:44:58.192Z,,,
"https://www.google.com/maps/place/Diana+McLaughlin,+MD/data=!4m7!3m6!1s0x88db1c06a5cc3329:0x7afc8800d23ca41a!8m2!3d26.2710161!4d-81.7730363!16s%2Fg%2F1t_tl2tl!19sChIJKTPMpQYc24gRGqQ80gCI_Ho","Diana McLaughlin, MD",3.4,93,Pediatrician,"10661 Airport-Pulling Rd STE 9, Naples, FL 34109, United States","76CG+CQ Naples, Florida, USA",https://www.kidsmedicalcare.com/,+1 239-591-8481,Closed · Opens 9 am Wed,https://streetviewpixels-pa.googleapis.com/v1/thumbnail?panoid=yroIFx9NbSJZWM2t5VCeiw&cb_client=search.gws-prod.gps&w=408&h=240&yaw=252.13104&pitch=0&thumbfov=100,true,9 am–5 pm,9 am–5 pm,9 am–5 pm,9 am–5 pm,Closed,Closed,9 am–5 pm,"https://www.google.com/maps/search/pediatrician+in+Naples+Naples+FL/@40.8517746,14.2681244,14z",2026-02-10T22:45:03.493Z,,,
"https://www.google.com/maps/place/Paul+Irra,+MD/data=!4m7!3m6!1s0x88db1dc4b0b81f8b:0x9bceb5992244c26e!8m2!3d26.2139205!4d-81.7670059!16s%2Fg%2F1th0nq5n!19sChIJix-4sMQd24gRbsJEIpm1zps","Paul Irra, MD",3.8,30,Pediatrician,"5400 Park Central Ct #2, Naples, FL 34109, United States","667M+H5 Naples, Florida, USA",,+1 239-593-7000,Closed · Opens 8 am Wed,https://lh3.googleusercontent.com/gps-cs-s/AHVAwepTIZDpN5ByTq_0Y1fzGGxuEbx7es6MJEUOUQzNnsgwB3mLTc31vSiwP9sJSrIhQ8uBbjyg_H39GtprIeKk_Z_t4kpjFv8uq9Og1hjjE_8Xv81kIXR7Py-Mru7HCD-LwK6QkNhW=w408-h306-k-no,true,"8 am–1 pm, 2–5 pm","8 am–1 pm, 2–5 pm","8 am–1 pm, 2–5 pm","8 am–1 pm, 2–5 pm",Closed,Closed,"8 am–1 pm, 2–5 pm","https://www.google.com/maps/search/pediatrician+in+Naples+Naples+FL/@40.8517746,14.2681244,14z",2026-02-10T22:45:08.328Z,,,
"https://www.google.com/maps/place/Pediatric+Urgent+Care+%7C+Freddy+Solano,+MD/data=!4m7!3m6!1s0x88db1d1185a15b83:0xbdc5b3b176ea1c4a!8m2!3d26.2122875!4d-81.7507646!16s%2Fg%2F11k6b6yw08!19sChIJg1uhhREd24gRShzqdrGzxb0","Pediatric Urgent Care | Freddy Solano, MD",4.4,7,Pediatrician,"3361 Pine Ridge Rd, Naples, FL 34109, United States","666X+WM Naples, Florida, USA",https://www.leehealth.org/find-a-doctor/freddy-solano,+1 239-254-5920,,https://streetviewpixels-pa.googleapis.com/v1/thumbnail?panoid=vBSa1H-xISzXYF6eqqcrJg&cb_client=search.gws-prod.gps&w=408&h=240&yaw=188.35416&pitch=0&thumbfov=100,true,,,,,,,,"https://www.google.com/maps/search/pediatrician+in+Naples+Naples+FL/@40.8517746,14.2681244,14z",2026-02-10T22:45:10.942Z,,,
https://www.google.com/maps/place/Healthcare+Network+-+North+Naples+Pediatric+Center/data=!4m7!3m6!1s0x88db1c24807c2395:0x29710d6b6c1f6d3a!8m2!3d26.2485349!4d-81.770079!16s%2Fg%2F1t_tl2tn!19sChIJlSN8gCQc24gROm0fbGsNcSk,Healthcare Network - North Naples Pediatric Center,3.4,5,Pediatrician,"9160 Galleria Ct, Naples, FL 34109, United States","66XH+CX Naples, Florida, USA",https://healthcareswfl.org/locations/healthcare-network-at-north-naples-pediatric-center/,+1 239-658-3000,Closed · Opens 8:30 am Thu,https://lh3.googleusercontent.com/p/AF1QipOlplTWhQdrzHNPMXF-8zLpZbfJrV3lwb8rEbNw=w424-h240-k-no,true,8:30 am–4:30 pm,Closed,8:30 am–4:30 pm,8:30 am–4:30 pm,Closed,Closed,8:30 am–4:30 pm,"https://www.google.com/maps/search/pediatrician+in+Naples+Naples+FL/@40.8517746,14.2681244,14z",2026-02-10T22:45:16.282Z,,,
"https://www.google.com/maps/place/Dr.+Debra+G.+Shepard,+MD/data=!4m7!3m6!1s0x88dae1925d4e5ec1:0x24f5464f4d4e762!8m2!3d26.1615385!4d-81.767352!16s%2Fg%2F1tcxw0yy!19sChIJwV5OXZLh2ogRYufU9GRUTwI","Dr. Debra G. Shepard, MD",4.3,6,Pediatrician,"3227 Horseshoe Dr S, Naples, FL 34104, United States","566M+J3 Naples, Florida, USA",https://www.lighthousepedsnaples.com/our-doctors,+1 239-449-9882,Closed · Opens 8:30 am Wed,https://streetviewpixels-pa.googleapis.com/v1/thumbnail?panoid=AidlkqzGGhgum-JAT0tX6Q&cb_client=search.gws-prod.gps&w=408&h=240&yaw=45.20319&pitch=0&thumbfov=100,false,8:30 am–5 pm,8:30 am–5 pm,8:30 am–5 pm,8:30 am–5 pm,Closed,Closed,8:30 am–5 pm,"https://www.google.com/maps/search/pediatrician+in+Naples+Naples+FL/@40.8517746,14.2681244,14z",2026-02-10T22:45:21.482Z,,,
https://www.google.com/maps/place/East+Naples+Pediatrics/data=!4m7!3m6!1s0x88dae2559b21e847:0xfa1f5df4ac585f8d!8m2!3d26.1382121!4d-81.7356784!16s%2Fg%2F11f4qlr37k!19sChIJR-ghm1Xi2ogRjV9YrPRdH_o,East Naples Pediatrics,3.7,6,Doctor,"6350 Davis Blvd, Naples, FL 34104, United States","47Q7+7P Naples, Florida, USA",,,Closed · Opens 8 am Wed,https://lh3.googleusercontent.com/gps-cs-s/AHVAweqL4-PHP-n4H4A3WzqMdf5aX4qgcVswIvsy_d_bt0sfSCZzNDyyLTFbQ1lTcz9qfAwiS6XoN2DdS_d4NrGm3lWGmuD0TsSIptnzQpBnp_WgfIGmTBiOkchgYaWRvJZjPQEID9kasg=w408-h544-k-no,false,8 am–5 pm,8 am–5 pm,8 am–5 pm,8 am–5 pm,Closed,Closed,8 am–5 pm,"https://www.google.com/maps/search/pediatrician+in+Naples+Naples+FL/@40.8517746,14.2681244,14z",2026-02-10T22:45:26.597Z,,,
https://www.google.com/maps/place/Golisano+Kid%27s+Urgent+Care/data=!4m7!3m6!1s0x88db1dbb8bfa7c55:0x450750389ec17acf!8m2!3d26.2122982!4d-81.7507667!16s%2Fg%2F11c6cgy9df!19sChIJVXz6i7sd24gRz3rBnjhQB0U,Golisano Kid's Urgent Care,2.8,132,Urgent care center,"3361 Pine Ridge Rd #101, Naples, FL 34109, United States","666X+WM Naples, Florida, USA",https://www.leehealth.org/find-a-location/kids-urgent-care?utm_source=local-listing&utm_medium=organic&utm_campaign=website-link,+1 239-254-5920,Open · Closes 9 pm,https://lh3.googleusercontent.com/p/AF1QipN5Mb3uSKhGmcZzpEw2XTmxqGz80trPNkEhiaK8=w426-h240-k-no,true,10 am–9 pm,10 am–9 pm,10 am–9 pm,10 am–9 pm,10 am–9 pm,10 am–9 pm,10 am–9 pm,"https://www.google.com/maps/search/pediatrician+in+Naples+Naples+FL/@40.8517746,14.2681244,14z",2026-02-10T22:45:31.823Z,,,
https://www.google.com/maps/place/Lee+Health+Pediatric+Surgery+-+Golisano+Children%27s+Health+Center/data=!4m7!3m6!1s0x88db1ddfa3919db5:0x616c1d4243fd8d0d!8m2!3d26.2122874!4d-81.750764!16s%2Fg%2F1pp2vblwr!19sChIJtZ2Ro98d24gRDY39Q0IdbGE,Lee Health Pediatric Surgery - Golisano Children's Health Center,2.6,40,Surgeon,"3361 Pine Ridge Rd Suite 201, Naples, FL 34109, United States","666X+WM Naples, Florida, USA",https://www.leehealth.org/find-a-location/golisano-children-s-hospital-of-southwest-florida?utm_source=local-listing&utm_medium=organic&utm_campaign=website-link,+1 239-254-4270,,https://lh3.googleusercontent.com/p/AF1QipNREkGFGuhQRRYkeeVLJCxfTmmF_eEVPD-JXyUG=w426-h240-k-no,true,,,,,,,,"https://www.google.com/maps/search/pediatrician+in+Naples+Naples+FL/@40.8517746,14.2681244,14z",2026-02-10T22:45:34.589Z,,,
https://www.google.com/maps/place/Healthcare+Network+-+Children%27s+Care+East/data=!4m7!3m6!1s0x88dae3362eeca4e5:0xdbd16cad01535238!8m2!3d26.1383181!4d-81.7356748!16s%2Fg%2F11k6mfnsr7!19sChIJ5aTsLjbj2ogROFJTAa1s0ds,Healthcare Network - Children's Care East,2.2,13,Pediatrician,"6350 Davis Blvd #1001, Naples, FL 34104, United States","47Q7+8P Naples, Florida, USA",https://healthcareswfl.org/locations/hcn-childrens-care-east/,+1 239-658-3000,Closed · Opens 8 am Wed,https://lh3.googleusercontent.com/p/AF1QipNH8gWAnyvhyi9ZO92ue8vJG6rt10a8a0Dgs0mb=w424-h240-k-no,true,8 am–5 pm,8 am–5 pm,8 am–5 pm,8 am–5 pm,Closed,Closed,8 am–5 pm,"https://www.google.com/maps/search/pediatrician+in+Naples+Naples+FL/@40.8517746,14.2681244,14z",2026-02-10T22:45:39.500Z,,,
https://www.google.com/maps/place/Healthcare+Network+-+Nichols+Pediatric+at+YMCA+of+Collier+County/data=!4m7!3m6!1s0x88db1d918d8d2e65:0xffb5e5310a497649!8m2!3d26.2122913!4d-81.7657349!16s%2Fg%2F11k_54pwn5!19sChIJZS6NjZEd24gRSXZJCjHltf8,Healthcare Network - Nichols Pediatric at YMCA of Collier County,3.6,5,Pediatrician,"5450 YMCA Rd #102, Naples, FL 34109, United States","666M+WP Naples, Florida, USA",https://healthcareswfl.org/locations/hcn-nichols-pediatric-at-greater-naples-ymca/,+1 239-658-3000,Closed · Opens 8 am Wed,https://lh3.googleusercontent.com/p/AF1QipOojG54-aNZS2JoC2Z3o1z3awQ5es-vU4vXz87W=w424-h240-k-no,true,8 am–5 pm,8 am–5 pm,8 am–5 pm,8 am–5 pm,Closed,Closed,8 am–5 pm,"https://www.google.com/maps/search/pediatrician+in+Naples+Naples+FL/@40.8517746,14.2681244,14z",2026-02-10T22:45:44.837Z,,,
"https://www.google.com/maps/place/Dr.+Dawn+M.+Bertram-Stewart,+MD/data=!4m7!3m6!1s0x88dae2ff75eac3cb:0x7f295f0c10a7cb69!8m2!3d26.1527657!4d-81.7404134!16s%2Fg%2F1tg_xx2r!19sChIJy8Pqdf_i2ogRacunEAxfKX8","Dr. Dawn M. Bertram-Stewart, MD",4.4,7,Pediatrician,"1265 Creekside Parkway, Naples, FL 34104, United States","5735+4R Naples, Florida, USA",https://healthcareswfl.org/providers/dawn-m-bertram-stewart-md-faap/,+1 239-455-1882,Closed · Opens 9 am Wed,https://streetviewpixels-pa.googleapis.com/v1/thumbnail?panoid=QRRlYBrDyVx7Xf497UlVTg&cb_client=search.gws-prod.gps&w=408&h=240&yaw=346.7956&pitch=0&thumbfov=100,true,9 am–5 pm,9 am–5 pm,9 am–5 pm,9 am–5 pm,Closed,Closed,9 am–5 pm,"https://www.google.com/maps/search/pediatrician+in+Naples+Naples+FL/@40.8517746,14.2681244,14z",2026-02-10T22:45:50.290Z,,,
"https://www.google.com/maps/place/Melissa+D.+Silva,+MD+-+NCH+Medical+Group:+Pediatrics/data=!4m7!3m6!1s0x88dae1925d4e5ec1:0xe5b1cec31d5fcbf7!8m2!3d26.2733663!4d-81.7909522!16s%2Fg%2F1tdds_p0!19sChIJwV5OXZLh2ogR98tfHcPOseU","Melissa D. Silva, MD - NCH Medical Group: Pediatrics",4.0,24,Pediatrician,"11181 Health Park Blvd #1000, Naples, FL 34109, United States","76F5+8J Naples, Florida, USA",https://nchmd.org/nch-medical-group/,+1 239-624-0570,Closed · Opens 8:30 am Wed,https://streetviewpixels-pa.googleapis.com/v1/thumbnail?panoid=sJAI6SgvIfQvmDbePqtJhw&cb_client=search.gws-prod.gps&w=408&h=240&yaw=261.82736&pitch=0&thumbfov=100,true,8:30 am–5 pm,8:30 am–5 pm,8:30 am–5 pm,8:30 am–5 pm,Closed,Closed,8:30 am–5 pm,"https://www.google.com/maps/search/pediatrician+in+Naples+Naples+FL/@40.8517746,14.2681244,14z",2026-02-10T22:45:55.427Z,,,
"https://www.google.com/maps/place/Beachside+Pediatrics+of+Naples+%7C+Sobia+Najm+Masoud,+M.D./data=!4m7!3m6!1s0x88db1c08d3b4c9e1:0x116f70355b1efaa8!8m2!3d26.2719564!4d-81.7656146!16s%2Fg%2F1tdqj8tr!19sChIJ4cm00wgc24gRqPoeWzVwbxE","Beachside Pediatrics of Naples | Sobia Najm Masoud, M.D.",4.2,25,Pediatrician,"2940 Immokalee Rd # 2, Naples, FL 34110, United States","76CM+QQ Naples, Florida, USA",https://beachsidepedsofnaples.com/,+1 239-598-5750,Closed · Opens 8:30 am Wed,https://lh3.googleusercontent.com/gps-cs-s/AHVAweoeHBeQojOgTXw2apJlEywTixT2hjfhnDjRF4XT5CTaZ2-2NhBYoZsyVN6Q68VEEGo1epyYLy8klqL40qOwM5nWu86Z_3xt8dImDyYST9vBkvRKq5AwAqngdEhbS6YSJlUIGm0C=w408-h306-k-no,true,8:30 am–5 pm,8:30 am–5 pm,8:30 am–5 pm,8:30 am–5 pm,8:30–11 am,Closed,8:30 am–5 pm,"https://www.google.com/maps/search/pediatrician+in+Naples+Naples+FL/@40.8517746,14.2681244,14z",2026-02-10T22:46:00.888Z,,,
https://www.google.com/maps/place/Dr.+Douglas+Halbert/data=!4m7!3m6!1s0x88dae2559b59a643:0x1018123e69f97dba!8m2!3d26.1382121!4d-81.7356784!16s%2Fg%2F11tn9kvh09!19sChIJQ6ZZm1Xi2ogRun35aT4SGBA,Dr. Douglas Halbert,5.0,2,Pediatrician,"6350 Davis Blvd, Naples, FL 34104, United States","47Q7+7P Naples, Florida, USA",https://healthcareswfl.org/locations/hcn-childrens-care-east/,+1 239-658-3000,,https://streetviewpixels-pa.googleapis.com/v1/thumbnail?panoid=2ioLjrDLGzcxbFj0Icw85A&cb_client=search.gws-prod.gps&w=408&h=240&yaw=301.68274&pitch=0&thumbfov=100,false,,,,,,,,"https://www.google.com/maps/search/pediatrician+in+Naples+Naples+FL/@40.8517746,14.2681244,14z",2026-02-10T22:46:03.676Z,,,
https://www.google.com/maps/place/Lee+Health+Pediatric+Hematology%2FOncology+-+Golisano+Children%27s+Health+Center/data=!4m7!3m6!1s0x88db1d4647a5c1bb:0xb19c1d7ceb9db897!8m2!3d26.2122874!4d-81.750764!16s%2Fg%2F11syz5xqfk!19sChIJu8GlR0Yd24gRl7id63wdnLE,Lee Health Pediatric Hematology/Oncology - Golisano Children's Health Center,4.5,24,Hematologist,"3361 Pine Ridge Rd, Naples, FL 34109, United States","666X+WM Naples, Florida, USA",https://www.leehealth.org/our-services/pediatric-hematology-oncology?utm_source=local-listing&utm_medium=organic&utm_campaign=website-link,+1 239-254-4270,Closed · Opens 10 am Wed,https://lh3.googleusercontent.com/p/AF1QipOHLAPpCLNeljhjThsnudLUFXW3_j9wEI2F-hxF=w426-h240-k-no,true,10 am–4:30 pm,10 am–4:30 pm,10 am–4:30 pm,10 am–4:30 pm,Closed,Closed,10 am–4:30 pm,"https://www.google.com/maps/search/pediatrician+in+Naples+Naples+FL/@40.8517746,14.2681244,14z",2026-02-10T22:46:08.889Z,,,
https://www.google.com/maps/place/Pediatric+Orthopedics+of+Southwest+FL+-+Naples/data=!4m7!3m6!1s0x88db1d85bccc032d:0xb93b71801652076d!8m2!3d26.2122875!4d-81.7507646!16s%2Fg%2F11smqzr2dk!19sChIJLQPMvIUd24gRbQdSFoBxO7k,Pediatric Orthopedics of Southwest FL - Naples,3.8,24,Pediatric orthopedic surgeon,"3361 Pine Ridge Rd Suite 202, Naples, FL 34109, United States","666X+WM Naples, Florida, USA",https://pedsortho.net/,+1 239-432-5100,Closed · Opens 8 am Wed,https://streetviewpixels-pa.googleapis.com/v1/thumbnail?panoid=hSu_GMkJvpyZCqJzr8pKig&cb_client=search.gws-prod.gps&w=408&h=240&yaw=203.00693&pitch=0&thumbfov=100,true,8 am–4:30 pm,8 am–4:30 pm,8 am–4:30 pm,8 am–4:30 pm,Closed,Closed,8 am–4:30 pm,"https://www.google.com/maps/search/pediatrician+in+Naples+Naples+FL/@40.8517746,14.2681244,14z",2026-02-10T22:46:14.413Z,,,
https://www.google.com/maps/place/Kids%27+Medical+Care/data=!4m7!3m6!1s0x88db1c06a5cc3329:0xf78dfccc9e276635!8m2!3d26.2697486!4d-81.7709667!16s%2Fg%2F1tgpnv6m!19sChIJKTPMpQYc24gRNWYnnsz8jfc,Kids' Medical Care,2.8,23,Hospital,"10661 Airport-Pulling Rd, Naples, FL 34109, United States","769H+VJ Naples, Florida, USA",https://kidsmedicalcare.com/,+1 239-591-8481,Closed · Opens 9:30 am Wed,https://streetviewpixels-pa.googleapis.com/v1/thumbnail?panoid=RZZGJ5HhpWKpzgGHi2VumQ&cb_client=search.gws-prod.gps&w=408&h=240&yaw=101.984634&pitch=0&thumbfov=100,true,9:30 am–4:30 pm,9:30 am–2:30 pm,11:30 am–5:30 pm,8:30 am–1:30 pm,Closed,Closed,9:30 am–4:30 pm,"https://www.google.com/maps/search/pediatrician+in+Naples+Naples+FL/@40.8517746,14.2681244,14z",2026-02-10T22:46:19.372Z,,,
https://www.google.com/maps/place/Thornburg+Brian+DO+FAAP/data=!4m7!3m6!1s0x88db1d0ebbce7b27:0x33a92ed558f64674!8m2!3d26.2151257!4d-81.7664982!16s%2Fg%2F1tdl2ccq!19sChIJJ3vOuw4d24gRdEb2WNUuqTM,Thornburg Brian DO FAAP,5.0,3,Pediatrician,"5500 Bryson Dr #301, Naples, FL 34109, United States","668M+3C Naples, Florida, USA",http://www.thornburgpediatrics.com/,+1 239-348-7337,,https://streetviewpixels-pa.googleapis.com/v1/thumbnail?panoid=3TM9jhSYPXOjCuk-2ngEBA&cb_client=search.gws-prod.gps&w=408&h=240&yaw=94.19649&pitch=0&thumbfov=100,false,,,,,,,,"https://www.google.com/maps/search/pediatrician+in+Naples+Naples+FL/@40.8517746,14.2681244,14z",2026-02-10T22:46:21.925Z,,,
https://www.google.com/maps/place/Golden+Gate+Pediatrics/data=!4m7!3m6!1s0x88dae2a1fd9ae66d:0x33b597f7a7e935e0!8m2!3d26.1755458!4d-81.7122192!16s%2Fg%2F1tdmwf6f!19sChIJbeaa_aHi2ogR4DXpp_eXtTM,Golden Gate Pediatrics,2.2,6,Pediatrician,"5262 Golden Gate Pkwy #1, Naples, FL 34116, United States","57GQ+64 Naples, Florida, USA",,+1 239-455-5105,,https://streetviewpixels-pa.googleapis.com/v1/thumbnail?panoid=Qgjch6MmEfdhwdToijXyrQ&cb_client=search.gws-prod.gps&w=408&h=240&yaw=156.71172&pitch=0&thumbfov=100,false,,,,,,,,"https://www.google.com/maps/search/pediatrician+in+Naples+Naples+FL/@40.8517746,14.2681244,14z",2026-02-10T22:46:24.600Z,,,
https://www.google.com/maps/place/Dr.+Hugo+Perez+MD/data=!4m7!3m6!1s0x88db1c08a9eaaaab:0x5fef2a47fe0b15be!8m2!3d26.2720661!4d-81.7676791!16s%2Fg%2F11qgb7h0c1!19sChIJq6rqqQgc24gRvhUL_kcq718,Dr. Hugo Perez MD,4.9,139,Pediatrician,"2600 Immokalee Rd, Naples, FL 34110, United States","76CJ+RW Naples, Florida, USA",https://www.kidzmedical.com/,+1 239-213-0690,Closes soon · 6 pm · Opens 9 am Wed,https://lh3.googleusercontent.com/p/AF1QipPJwz9OeDP89tQ_RjbMRgTslcJ2nAPsgscjGPY=w408-h408-k-no,true,9 am–6 pm,9 am–6 pm,9 am–6 pm,9 am–6 pm,Closed,Closed,9 am–6 pm,"https://www.google.com/maps/search/pediatrician+in+Naples+Naples+FL/@40.8517746,14.2681244,14z",2026-02-10T22:46:29.406Z,,,
"https://www.google.com/maps/place/Dr.+Jose+Puell/@26.1374767,-81.7359566,17z/data=!3m1!4b1!4m6!3m5!1s0x88dae2557154d84d:0x6fb5a5d2ad2a90f8!8m2!3d26.1374767!4d-81.7359566!16s%2Fg%2F11rwxg8v0p",Dr. Jose Puell,1.0,2,Family practice physician,"6350 Davis Blvd #1001, Naples, FL 34104, United States","47P7+XJ Naples, Florida, USA",,+1 239-658-3000,Open 24 hours,,false,Open 24 hours,Open 24 hours,Open 24 hours,Open 24 hours,Open 24 hours,Open 24 hours,Open 24 hours,"https://www.google.com/maps/search/pediatrician+in+Naples+Naples+FL/@40.8517746,14.2681244,14z",2026-02-10T22:46:36.388Z,,,
https://www.google.com/maps/place/Kids+Pediatric+Center+of+Naple/data=!4m7!3m6!1s0x88db1dd07971a2cd:0xc15638059bb1da23!8m2!3d26.2149051!4d-81.7758049!16s%2Fg%2F1hc6djb14!19sChIJzaJxedAd24gRI9qxmwU4VsE,Kids Pediatric Center of Naple,,,Pediatrician,"5667 Naples Blvd, Naples, FL 34109, United States","667F+XM Naples, Florida, USA",,+1 239-596-5359,,https://streetviewpixels-pa.googleapis.com/v1/thumbnail?panoid=LD475VhPBzWRXfaVtV0z2Q&cb_client=search.gws-prod.gps&w=408&h=240&yaw=287.05368&pitch=0&thumbfov=100,false,,,,,,,,"https://www.google.com/maps/search/pediatrician+in+Naples+Naples+FL/@40.8517746,14.2681244,14z",2026-02-10T22:46:39.154Z,,,
https://www.google.com/maps/place/EMILIE+SY-TE/data=!4m7!3m6!1s0x88db1dbbf99511cb:0xcf2b7e22bdf7a3c4!8m2!3d26.2122874!4d-81.7507645!16s%2Fg%2F11txh_t9m9!19sChIJyxGV-bsd24gRxKP3vSJ-K88,EMILIE SY-TE,5.0,1,Pediatrician,"3361 Pine Ridge Rd Suite 201, Naples, FL 34109, United States","666X+WM Naples, Florida, USA",https://www.leehealth.org/find-a-doctor/emilie-sy-te,+1 239-254-4270,,https://streetviewpixels-pa.googleapis.com/v1/thumbnail?panoid=vBSa1H-xISzXYF6eqqcrJg&cb_client=search.gws-prod.gps&w=408&h=240&yaw=188.33781&pitch=0&thumbfov=100,false,,,,,,,,"https://www.google.com/maps/search/pediatrician+in+Naples+Naples+FL/@40.8517746,14.2681244,14z",2026-02-10T22:46:41.788Z,,,
"https://www.google.com/maps/place/NCH+Medical+Group:+Pediatrics+-+Andrea+Lewis,+DO/data=!4m7!3m6!1s0x88db1fc493973357:0xc834dab566d64626!8m2!3d26.2751507!4d-81.6881927!16s%2Fg%2F11lmmbmjg7!19sChIJVzOXk8Qf24gRJkbWZrXaNMg","NCH Medical Group: Pediatrics - Andrea Lewis, DO",5.0,1,Pediatrician,"15420 Collier Blvd 2nd Floor, Naples, FL 34120, United States","78G6+3P Naples, Florida, USA",https://nchmd.org/,+1 239-624-0570,Closed · Opens 8 am Wed,https://streetviewpixels-pa.googleapis.com/v1/thumbnail?panoid=CkfhpZPQ2V434WtIB5Npqw&cb_client=search.gws-prod.gps&w=408&h=240&yaw=355.35037&pitch=0&thumbfov=100,true,8 am–5 pm,8 am–5 pm,8 am–5 pm,8 am–5 pm,Closed,Closed,8 am–5 pm,"https://www.google.com/maps/search/pediatrician+in+Naples+Naples+FL/@40.8517746,14.2681244,14z",2026-02-10T22:46:46.345Z,,,
"https://www.google.com/maps/place/Dr.+Marilyne+Christian/@26.2010024,-81.6880655,17z/data=!3m1!4b1!4m6!3m5!1s0x88db02b5a21c5555:0x4c0cdffdca5d613f!8m2!3d26.2010024!4d-81.6880655!16s%2Fg%2F11p07b5d9n",Dr. Marilyne Christian,4.2,5,Pediatrician,"12655 Collier Blvd, Naples, FL 34116, United States","6826+CQ Naples, Florida, USA",https://healthcareswfl.org/providers/marilyne-christian/,+1 239-658-3000,,,false,,,,,,,,"https://www.google.com/maps/search/pediatrician+in+Naples+Naples+FL/@40.8517746,14.2681244,14z",2026-02-10T22:46:50.952Z,,,
https://www.google.com/maps/place/Healthcare+Network+at+Cordero+Pediatrics/data=!4m7!3m6!1s0x88dae1000a861a8d:0x5f452441cd396793!8m2!3d26.1540841!4d-81.7928074!16s%2Fg%2F11vx2ryy_c!19sChIJjRqGCgDh2ogRk2c5zUEkRV8,Healthcare Network at Cordero Pediatrics,,,Pediatrician,"1090 6th Ave N, Naples, FL 34102, United States","5634+JV Naples, Florida, USA",https://healthcareswfl.org/locations/hcn-at-cordero-pediatrics/,+1 239-658-3000,Closed · Opens 8 am Wed,https://streetviewpixels-pa.googleapis.com/v1/thumbnail?panoid=ym-i8r393UEHp6WlxdOOTQ&cb_client=search.gws-prod.gps&w=408&h=240&yaw=253.7559&pitch=0&thumbfov=100,true,8 am–5 pm,8 am–5 pm,8 am–5 pm,8 am–5 pm,Closed,Closed,8 am–5 pm,"https://www.google.com/maps/search/pediatrician+in+Naples+Naples+FL/@40.8517746,14.2681244,14z",2026-02-10T22:46:55.764Z,,,
https://www.google.com/maps/place/NCH+Pediatrics/data=!4m7!3m6!1s0x88db1ea967ccba53:0xaa27a6e41d3a3f73!8m2!3d26.2733663!4d-81.7909522!16s%2Fg%2F11fy4p_65h!19sChIJU7rMZ6ke24gRcz86HeSmJ6o,NCH Pediatrics,2.1,18,Pediatrician,"11181 Health Park Blvd #1000, Naples, FL 34110, United States","76F5+8J Naples, Florida, USA",http://nchmd.org/pediatrics,+1 239-624-0570,Closed · Opens 8:30 am Wed,https://streetviewpixels-pa.googleapis.com/v1/thumbnail?panoid=sJAI6SgvIfQvmDbePqtJhw&cb_client=search.gws-prod.gps&w=408&h=240&yaw=261.82736&pitch=0&thumbfov=100,true,8:30 am–4 pm,8:30 am–4 pm,8:30 am–4 pm,8:30 am–4 pm,Closed,Closed,8:30 am–4 pm,"https://www.google.com/maps/search/pediatrician+in+Naples+Naples+FL/@40.8517746,14.2681244,14z",2026-02-10T22:47:00.473Z,,,
https://www.google.com/maps/place/East+Naples+Pediatrics/data=!4m7!3m6!1s0x88dae39fa882a99f:0x2f019ca387af8451!8m2!3d26.109555!4d-81.7376149!16s%2Fg%2F1thx07j5!19sChIJn6mCqJ_j2ogRUYSvh6OcAS8,East Naples Pediatrics,,,Medical clinic,"5432 Rattlesnake Hammock Rd, Naples, FL 34113, United States","4756+RX Naples, Florida, USA",,+1 239-775-2220,,https://streetviewpixels-pa.googleapis.com/v1/thumbnail?panoid=q-TdcJzrHR6wo-szRHlYTA&cb_client=search.gws-prod.gps&w=408&h=240&yaw=303.1403&pitch=0&thumbfov=100,false,,,,,,,,"https://www.google.com/maps/search/pediatrician+in+Naples+Naples+FL/@40.8517746,14.2681244,14z",2026-02-10T22:47:02.968Z,,,
https://www.google.com/maps/place/Salvatore+Anzalone/data=!4m7!3m6!1s0x88db1dc3652c0001:0x46819aaa587e42ef!8m2!3d26.2123489!4d-81.7657746!16s%2Fg%2F11rwxg5xx6!19sChIJAQAsZcMd24gR70J-WKqagUY,Salvatore Anzalone,4.5,4,Pediatrician,"5450 YMCA Rd, Naples, FL 34109, United States","666M+WM Naples, Florida, USA",https://healthcareswfl.org/providers/salvatore-anzalone/,+1 239-591-1755,,https://streetviewpixels-pa.googleapis.com/v1/thumbnail?panoid=cOehLtV5FoS8OQbI4zebrA&cb_client=search.gws-prod.gps&w=408&h=240&yaw=85.30027&pitch=0&thumbfov=100,false,,,,,,,,"https://www.google.com/maps/search/pediatrician+in+Naples+Naples+FL/@40.8517746,14.2681244,14z",2026-02-10T22:47:05.730Z,,,
https://www.google.com/maps/place/Ava%E2%80%99s+Pediatrics/data=!4m7!3m6!1s0x88dae1afdb429269:0x2a2dba0407c3b3fe!8m2!3d26.1540874!4d-81.7928069!16s%2Fg%2F11fktg24cs!19sChIJaZJC26_h2ogR_rPDBwS6LSo,Ava’s Pediatrics,,,Doctor,"Naples, FL 34102, United States","5634+JV Naples, Florida, USA",,+1 239-213-9200,,https://streetviewpixels-pa.googleapis.com/v1/thumbnail?panoid=ym-i8r393UEHp6WlxdOOTQ&cb_client=search.gws-prod.gps&w=408&h=240&yaw=254.68002&pitch=0&thumbfov=100,false,,,,,,,,"https://www.google.com/maps/search/pediatrician+in+Naples+Naples+FL/@40.8517746,14.2681244,14z",2026-02-10T22:47:08.220Z,,,
"https://www.google.com/maps/place/Dr.+Scott+M.+Needle,+MD/data=!4m7!3m6!1s0x88db1eb1cf7cf29f:0xdaa4706f81608756!8m2!3d26.271751!4d-81.7909348!16s%2Fg%2F1vpptb2x!19sChIJn_J8z7Ee24gRVodggW9wpNo","Dr. Scott M. Needle, MD",3.3,4,Pediatrician,"1265 Creekside Blvd #208, Naples, FL 34108, United States","76C5+PJ Naples, Florida, USA",,+1 239-591-1755,,https://streetviewpixels-pa.googleapis.com/v1/thumbnail?panoid=nlt_ZIgNc9tYhhNKIxwBYA&cb_client=search.gws-prod.gps&w=408&h=240&yaw=154.96852&pitch=0&thumbfov=100,false,,,,,,,,"https://www.google.com/maps/search/pediatrician+in+Naples+Naples+FL/@40.8517746,14.2681244,14z",2026-02-10T22:47:10.792Z,,,
https://www.google.com/maps/place/Dr.+James+Thornburg/data=!4m7!3m6!1s0x88db1dc4c2d1f65d:0x547458cf7440836a!8m2!3d26.215093!4d-81.7665303!16s%2Fg%2F11p07bbvgg!19sChIJXfbRwsQd24gRaoNAdM9YdFQ,Dr. James Thornburg,,,Pediatrician,"5500 Bryson Dr #301, Naples, FL 34109, United States","668M+29 Naples, Florida, USA",,+1 239-348-7337,,https://streetviewpixels-pa.googleapis.com/v1/thumbnail?panoid=3TM9jhSYPXOjCuk-2ngEBA&cb_client=search.gws-prod.gps&w=408&h=240&yaw=106.630356&pitch=0&thumbfov=100,false,,,,,,,,"https://www.google.com/maps/search/pediatrician+in+Naples+Naples+FL/@40.8517746,14.2681244,14z",2026-02-10T22:47:13.266Z,,,
"https://www.google.com/maps/place/Angel+Herrera,+MD/data=!4m7!3m6!1s0x88dae1e52847138b:0xdb0ae3692126f526!8m2!3d26.1597403!4d-81.7870342!16s%2Fg%2F11bw20w69_!19sChIJixNHKOXh2ogRJvUmIWnjCts","Angel Herrera, MD",4.9,78,Family practice physician,"800 Goodlette Rd N Ste 200, Naples, FL 34102, United States","5657+V5 Naples, Florida, USA",https://millenniumphysician.com/doctor/angel-herrera-md/,+1 239-263-8222,,https://lh3.googleusercontent.com/p/AF1QipOnBMLNvZBa696UtpL2fDkD6HbmoZrxcGaQcH4P=w426-h240-k-no,true,,,,,,,,"https://www.google.com/maps/search/pediatrician+in+Naples+Naples+FL/@40.8517746,14.2681244,14z",2026-02-10T22:47:16.079Z,,,
https://www.google.com/maps/place/Kinjal+Suryawala+MD+-+Lucent+Physician+Group/data=!4m7!3m6!1s0x88db1c08a9eaaaab:0x956e36f2bc21b46a!8m2!3d26.1488823!4d-81.7951482!16s%2Fg%2F11p079sswn!19sChIJq6rqqQgc24gRarQhvPI2bpU,Kinjal Suryawala MD - Lucent Physician Group,4.9,60,Pediatric gastroenterologist,"130 9th St N Unit 100, Naples, FL 34102, United States","46X3+HW Naples, Florida, USA",https://www.lucentpg.com/,+1 239-540-8262,Closed · Opens 8 am Wed,https://lh3.googleusercontent.com/p/AF1QipPJl4h5oqZmv9FKnk3F2XRDkKhyQmHHiveTrJJX=w408-h612-k-no,true,8 am–4:30 pm,8 am–4:30 pm,8 am–4:30 pm,8 am–4:30 pm,Closed,Closed,8 am–4:30 pm,"https://www.google.com/maps/search/pediatrician+in+Naples+Naples+FL/@40.8517746,14.2681244,14z",2026-02-10T22:47:20.869Z,Identifies as women-owned,,
https://www.google.com/maps/place/Amazon+Clinic/data=!4m7!3m6!1s0x88db035490bba87b:0xa246aae8615c42db!8m2!3d26.2128124!4d-81.6894226!16s%2Fg%2F1tq8kbxy!19sChIJe6i7kFQD24gR20JcYeiqRqI,Amazon Clinic,3.8,52,Medical clinic,"4075 Pine Ridge Rd #2, Naples, FL 34119, United States","6876+46 Naples, Florida, USA",https://amazoncliniccare.com/,+1 239-963-9855,Closed · Opens 9 am Wed,https://lh3.googleusercontent.com/gps-cs-s/AHVAwephEYmEOPE4ouzyIEVQNEkBzgj12WNyy9ZQ50KdDrumsawX8y7VPqi3wJF-l49G7aZn3aYfBmK_b9CEJxo0xS2Tu_PmkSXZOfZrSB7-oimswAfvtN3Erxljw6_mmS4TDo8lHoWm3g=w408-h544-k-no,true,9 am–5 pm,9 am–5 pm,9 am–5 pm,9 am–5 pm,Closed,Closed,9 am–5 pm,"https://www.google.com/maps/search/pediatrician+in+Naples+Naples+FL/@40.8517746,14.2681244,14z",2026-02-10T22:47:25.762Z,,,
"https://www.google.com/maps/place/Fariba+Ghazizadeh,+MD/data=!4m7!3m6!1s0x88dae2ff75eac3cb:0xf5f38d64d44ce0f5!8m2!3d26.1380118!4d-81.7341154!16s%2Fg%2F1vd723px!19sChIJy8Pqdf_i2ogR9eBM1GSN8_U","Fariba Ghazizadeh, MD",5.0,38,Family practice physician,"6635 Hillway Cir Suite 400, Naples, FL 34112, United States","47Q8+69 Naples, Florida, USA",https://millenniumphysician.com/doctor/fariba-ghazizadeh-m-d/,+1 239-455-9550,,https://lh3.googleusercontent.com/p/AF1QipMKyDTBEKR7_K5OHuw70Quakf5W8jGJkLpfS-Df=w426-h240-k-no,true,,,,,,,,"https://www.google.com/maps/search/pediatrician+in+Naples+Naples+FL/@40.8517746,14.2681244,14z",2026-02-10T22:47:28.496Z,,,
https://www.google.com/maps/place/Dr.+Levi+Novero+MD/data=!4m7!3m6!1s0x88db1c060e1ac63b:0x42f46e4ed155fcf9!8m2!3d26.2720661!4d-81.7676791!16s%2Fg%2F1pv5y2xd7!19sChIJO8YaDgYc24gR-fxV0U5u9EI,Dr. Levi Novero MD,4.9,158,Pediatric cardiologist,"2600 Immokalee Rd, Naples, FL 34110, United States","76CJ+RW Naples, Florida, USA",https://www.kidzmedical.com/provider/levi-novero-md/,+1 239-213-0690,Closed · Opens 8 am Wed,https://lh3.googleusercontent.com/p/AF1QipO5MuPGsjgD4uTxMVd0BgnSpBigEs5NxKh8dANu=w408-h408-k-no,true,8 am–4:30 pm,8 am–4:30 pm,8 am–4:30 pm,8 am–4:30 pm,Closed,Closed,8 am–4:30 pm,"https://www.google.com/maps/search/pediatrician+in+Naples+Naples+FL/@40.8517746,14.2681244,14z",2026-02-10T22:47:33.100Z,,,
"https://www.google.com/maps/place/Dr.+Kelly+A.+Fontana,+MD/data=!4m7!3m6!1s0x88db1d09ac688f79:0x8820af9301b3d230!8m2!3d26.2119498!4d-81.7866644!16s%2Fg%2F1hc5f7nf_!19sChIJeY9orAkd24gRMNKzAZOvIIg","Dr. Kelly A. Fontana, MD",5.0,1,Internist,"1585 Pine Ridge Rd Suite 2, Naples, FL 34109, United States","6667+Q8 Naples, Florida, USA",http://www.rpcnaples.com/,+1 239-451-3143,,https://streetviewpixels-pa.googleapis.com/v1/thumbnail?panoid=i-VA9QwUXuilGedlFvNzGw&cb_client=search.gws-prod.gps&w=408&h=240&yaw=90.981316&pitch=0&thumbfov=100,false,,,,,,,,"https://www.google.com/maps/search/pediatrician+in+Naples+Naples+FL/@40.8517746,14.2681244,14z",2026-02-10T22:47:35.629Z,,,
"https://www.google.com/maps/place/Pediatric+Urgent+Care+%7C+Manuel+Castellanos,+MD/data=!4m7!3m6!1s0x88db1d65b13be6e5:0xad41a516fe86e8a4!8m2!3d26.2122875!4d-81.7507646!16s%2Fg%2F11jpkxcqfd!19sChIJ5eY7sWUd24gRpOiG_halQa0","Pediatric Urgent Care | Manuel Castellanos, MD",1.0,1,Medical office,"3361 Pine Ridge Rd, Naples, FL 34109, United States","666X+WM Naples, Florida, USA",,+1 239-254-5920,,https://streetviewpixels-pa.googleapis.com/v1/thumbnail?panoid=kb1f_AL0flMj2HAkwxyAaQ&cb_client=search.gws-prod.gps&w=408&h=240&yaw=1.4645917&pitch=0&thumbfov=100,true,,,,,,,,"https://www.google.com/maps/search/pediatrician+in+Naples+Naples+FL/@40.8517746,14.2681244,14z",2026-02-10T22:47:38.381Z,,,
"https://www.google.com/maps/place/Pediatric+Urgent+Care+%7C+Joseph+Peter,+MD/data=!4m7!3m6!1s0x88db1d38daec82c3:0x997ab18641bc86c!8m2!3d26.2122875!4d-81.7507646!16s%2Fg%2F11k6b5_xyp!19sChIJw4Ls2jgd24gRbMgbZBirlwk","Pediatric Urgent Care | Joseph Peter, MD",1.0,1,Medical office,"3361 Pine Ridge Rd, Naples, FL 34109, United States","666X+WM Naples, Florida, USA",,+1 239-254-5920,,https://streetviewpixels-pa.googleapis.com/v1/thumbnail?panoid=vBSa1H-xISzXYF6eqqcrJg&cb_client=search.gws-prod.gps&w=408&h=240&yaw=188.35416&pitch=0&thumbfov=100,false,,,,,,,,"https://www.google.com/maps/search/pediatrician+in+Naples+Naples+FL/@40.8517746,14.2681244,14z",2026-02-10T22:47:41.001Z,,,
"https://www.google.com/maps/place/NCH+Medical+Group:+Pediatrics-+Annie+Emmick,+MD/data=!4m7!3m6!1s0x88db1f9911aec9ef:0x3980a218045d12cf!8m2!3d26.2751507!4d-81.6881927!16s%2Fg%2F11vs51qk0j!19sChIJ78muEZkf24gRzxJdBBiigDk","NCH Medical Group: Pediatrics- Annie Emmick, MD",5.0,3,Pediatrician,"15420 Collier Blvd 2nd Floor, Naples, FL 34120, United States","78G6+3P Naples, Florida, USA",https://www.nchmd.org/,+1 239-624-0570,Closed · Opens 8 am Wed,https://streetviewpixels-pa.googleapis.com/v1/thumbnail?panoid=CkfhpZPQ2V434WtIB5Npqw&cb_client=search.gws-prod.gps&w=408&h=240&yaw=355.35037&pitch=0&thumbfov=100,true,8 am–5 pm,8 am–5 pm,8 am–5 pm,8 am–5 pm,Closed,Closed,8 am–5 pm,"https://www.google.com/maps/search/pediatrician+in+Naples+Naples+FL/@40.8517746,14.2681244,14z",2026-02-10T22:47:45.682Z,,,
https://www.google.com/maps/place/Golden+Gate+Family+Clinic/data=!4m7!3m6!1s0x88dae2993407c8db:0xb8d9d7f976eb3451!8m2!3d26.1749478!4d-81.7162659!16s%2Fg%2F1tffq4bl!19sChIJ28gHNJni2ogRUTTrdvnX2bg,Golden Gate Family Clinic,4.7,35,Medical clinic,"5475 Golden Gate Pkwy # 7, Naples, FL 34116, United States","57FM+XF Naples, Florida, USA",,+1 239-775-3100,Closed · Opens 8 am Wed,https://streetviewpixels-pa.googleapis.com/v1/thumbnail?panoid=YErTzDRkfWgK5y6XGtCbkA&cb_client=search.gws-prod.gps&w=408&h=240&yaw=350.86395&pitch=0&thumbfov=100,true,8 am–5 pm,8 am–5 pm,8 am–5 pm,8 am–5 pm,Closed,Closed,8 am–5 pm,"https://www.google.com/maps/search/pediatrician+in+Naples+Naples+FL/@40.8517746,14.2681244,14z",2026-02-10T22:47:50.421Z,,,
https://www.google.com/maps/place/Ncmd+Pediatrics/data=!4m7!3m6!1s0x88dafcb452dc168b:0xbe467ae76f50f40e!8m2!3d26.1058247!4d-81.6875731!16s%2Fg%2F1tz725x9!19sChIJixbcUrT82ogRDvRQb-d6Rr4,Ncmd Pediatrics,,,Medical clinic,"8360 Sierra Meadows Blvd, Naples, FL 34113, United States","4846+8X Naples, Florida, USA",,+1 239-403-6300,,https://streetviewpixels-pa.googleapis.com/v1/thumbnail?panoid=_ad__aI59pwZKPBvRlBA3Q&cb_client=search.gws-prod.gps&w=408&h=240&yaw=146.68367&pitch=0&thumbfov=100,false,,,,,,,,"https://www.google.com/maps/search/pediatrician+in+Naples+Naples+FL/@40.8517746,14.2681244,14z",2026-02-10T22:47:53.042Z,,,
https://www.google.com/maps/place/Gerardo+Santiago+DDS/data=!4m7!3m6!1s0x88dae20800fb3597:0xf496457e92e91282!8m2!3d26.1826602!4d-81.7678839!16s%2Fg%2F1td0z8kb!19sChIJlzX7AAji2ogRghLpkn5FlvQ,Gerardo Santiago DDS,4.7,28,Pediatric dentist,"3021 Airport-Pulling Rd STE 203, Naples, FL 34105, United States","56MJ+3R Naples, Florida, USA",http://www.zerocavity.com/,+1 239-262-3898,Closed · Opens 8 am Wed,https://lh3.googleusercontent.com/p/AF1QipOIVL6FdTbc3jxDbrUTjlgRijXEi0yqt3n0Y67l=w408-h266-k-no,true,8 am–4:30 pm,8 am–4:30 pm,8 am–4:30 pm,Closed,Closed,Closed,8 am–4:30 pm,"https://www.google.com/maps/search/pediatrician+in+Naples+Naples+FL/@40.8517746,14.2681244,14z",2026-02-10T22:47:57.687Z,,,
"https://www.google.com/maps/place/Ivana+Paz,+MD/data=!4m7!3m6!1s0x88dae359467a46e5:0xdfe78a122a38f3d7!8m2!3d26.1379966!4d-81.734137!16s%2Fg%2F11q33lslrj!19sChIJ5UZ6Rlnj2ogR1_M4KhKK598","Ivana Paz, MD",4.5,43,Family practice physician,"6615 Hillway Cir Unit 201, Naples, FL 34112, United States","47Q8+58 Naples, Florida, USA",https://millenniumphysician.com/doctor/ivana-paz-m-d/,+1 239-315-7541,,https://lh3.googleusercontent.com/p/AF1QipP7ly_jEMQoGOyQwyiqOpXSkny4d26iCsaciy_3=w408-h408-k-no,true,,,,,,,,"https://www.google.com/maps/search/pediatrician+in+Naples+Naples+FL/@40.8517746,14.2681244,14z",2026-02-10T22:48:00.653Z,,,
"https://www.google.com/maps/place/Elias+Shaheen,+MD/data=!4m7!3m6!1s0x880e57666dd8fcd1:0xbea0fc78908d9670!8m2!3d26.1635418!4d-81.7981299!16s%2Fg%2F12hk_0wn9!19sChIJ0fzYbWZXDogRcJaNkHj8oL4","Elias Shaheen, MD",4.9,48,Family practice physician,"1350 Tamiami Trl N, Naples, FL 34102, United States","5672+CP Naples, Florida, USA",http://gulfshoreconciergemedicine.com/,+1 239-325-1020,Closed · Opens 8:30 am Wed,https://lh3.googleusercontent.com/p/AF1QipMqtyWf-vBJBPzeTcmFDgEFvhV0dYsIM_Wo3syR=w408-h326-k-no,true,8:30 am–4:30 pm,8:30 am–4:30 pm,8:30 am–4:30 pm,8:30 am–4:30 pm,Closed,Closed,8:30 am–4:30 pm,"https://www.google.com/maps/search/pediatrician+in+Naples+Naples+FL/@40.8517746,14.2681244,14z",2026-02-10T22:48:05.333Z,,,
https://www.google.com/maps/place/Fantasea+Pediatric+Dentistry/data=!4m7!3m6!1s0x88db1eaf2ef2633b:0x91a36283513d4bbb!8m2!3d26.269157!4d-81.784634!16s%2Fg%2F1tfbczd5!19sChIJO2PyLq8e24gRu0s9UYNio5E,Fantasea Pediatric Dentistry,4.9,378,Pediatric dentist,"1890 SW Health Pkwy #104, Naples, FL 34109, United States","7698+M4 Naples, Florida, USA",https://www.fantaseapediatricdental.com/,+1 239-594-1171,Closed · Opens 9 am Wed,https://lh3.googleusercontent.com/gps-cs-s/AHVAwepqC-7g4T77Rh3_nk3R2SMN1eMmY0frSieOWEgtEUkEJM2cYXmGJSJwXtuc7MPeengG-aE2BoDT7OnAmA3Z3ply7PAURLcTcv_EtqMWdXxrWRrXVtgYWXZctUJXo5_Uiua7YjiIoosqCdg=w408-h544-k-no,true,9 am–5 pm,9 am–5 pm,9 am–5 pm,9 am–2 pm,Closed,Closed,9 am–5 pm,"https://www.google.com/maps/search/pediatrician+in+Naples+Naples+FL/@40.8517746,14.2681244,14z",2026-02-10T22:48:10.130Z,,,
"https://www.google.com/maps/place/Julia+Harris,+MD/data=!4m7!3m6!1s0x88dae3835dbba065:0xe13bc1149cae13db!8m2!3d26.1077701!4d-81.750885!16s%2Fg%2F1tnpltg0!19sChIJZaC7XYPj2ogR2xOunBTBO-E","Julia Harris, MD",4.6,90,Family practice physician,"4525 Thomasson Dr Ste 103, Naples, FL 34112, United States","465X+4J Naples, Florida, USA",https://millenniumphysician.com/doctor/julia-harris-md/,+1 239-732-1050,,https://lh3.googleusercontent.com/p/AF1QipNi8vZl5W8eLKu59WnU5idsGDWoKYDbP8u9_x4O=w426-h240-k-no,true,,,,,,,,"https://www.google.com/maps/search/pediatrician+in+Naples+Naples+FL/@40.8517746,14.2681244,14z",2026-02-10T22:48:17.163Z,,,
https://www.google.com/maps/place/Hester+Pediatric+Dentistry/data=!4m7!3m6!1s0x88dae1dcf8667c6d:0xa21dc59156af35a1!8m2!3d26.1626871!4d-81.7975245!16s%2Fg%2F11jsjj0xl2!19sChIJbXxm-Nzh2ogRoTWvVpHFHaI,Hester Pediatric Dentistry,5.0,69,Pediatric dentist,"1250 9th St N Unit 302, Naples, FL 34102, United States","5672+3X Naples, Florida, USA",https://hesterpediatricdentistry.com/,+1 239-234-6325,Closed · Opens 9 am Thu,https://lh3.googleusercontent.com/gps-cs-s/AHVAwerRUgEPrULH4EiXFiEvegfejWYKkFq0BJCfcIzyTUVU0OqssHu_rFWZwkFvQvtu0O-nM4zsdqIJ2zksfMeMaaQozFQVufsnWnepZPxENP-TjxNaQanij4ycSB-QwJkhtkLu4JHg=w408-h544-k-no,true,Closed,Closed,9 am–5 pm,9 am–5 pm,Closed,Closed,Closed,"https://www.google.com/maps/search/pediatrician+in+Naples+Naples+FL/@40.8517746,14.2681244,14z",2026-02-10T22:48:24.134Z,,,
https://www.google.com/maps/place/Pediatric+Dentistry+of+Naples/data=!4m7!3m6!1s0x88db1ea8e094d35d:0xa9beb1edefde50c1!8m2!3d26.2692705!4d-81.7825927!16s%2Fg%2F11cjhzcnqq!19sChIJXdOU4Kge24gRwVDe7-2xvqk,Pediatric Dentistry of Naples,4.9,211,Pediatric dentist,"1879 Veterans Park Dr #1203, Naples, FL 34109, United States","7698+PX Naples, Florida, USA",http://pediatricdentistryofnaples.com/,+1 239-260-7672,Closed · Opens 8 am Wed,https://lh3.googleusercontent.com/p/AF1QipPAwmn8Fj1EWxlM9MSFWoSLjc3tDqfHnd-D0bUF=w408-h382-k-no,true,8 am–5 pm,8 am–5 pm,8 am–5 pm,8 am–5 pm,Closed,Closed,8 am–5 pm,"https://www.google.com/maps/search/pediatrician+in+Naples+Naples+FL/@40.8517746,14.2681244,14z",2026-02-10T22:48:29.176Z,Identifies as women-owned,,
https://www.google.com/maps/place/Lee+Health+Family+Medicine+North+Naples+former+Prime+MD+of+Naples/data=!4m7!3m6!1s0x88db1d69077ebf17:0x122ce1da2e391e94!8m2!3d26.2747028!4d-81.7382716!16s%2Fg%2F11kxlg0k9s!19sChIJF79-B2kd24gRlB45LtrhLBI,Lee Health Family Medicine North Naples former Prime MD of Naples,4.4,74,Family practice physician,"2515 Northbrooke Plaza Dr #200, Naples, FL 34119, United States","77F6+VM Naples, Florida, USA",https://primemdofnaples.com/,,Closed · Opens 7:30 am Wed,https://lh3.googleusercontent.com/gps-cs-s/AHVAwer6HN3Z56TugOPvByblS8CN30a0l_9DonpQWTX7r7XpzC9FdK2DtOqQfMoNAWfkNLqsFEMrX9XJeVHUBZgYCZx-Lv-VHZL-lAVcy4kn3G2hhEvJ-PNouPdvNPfau5VLsVOXxGNSq1n5GL0=w408-h306-k-no,false,7:30 am–4 pm,7:30 am–4 pm,7:30 am–4 pm,7:30 am–4 pm,Closed,Closed,7:30 am–4 pm,"https://www.google.com/maps/search/pediatrician+in+Naples+Naples+FL/@40.8517746,14.2681244,14z",2026-02-10T22:48:33.919Z,,,
https://www.google.com/maps/place/Fidanli+Marie+C+MD/data=!4m7!3m6!1s0x88dae2a1fd9ae66d:0x615d81bad94ea939!8m2!3d26.1755585!4d-81.7122762!16s%2Fg%2F1tql5l97!19sChIJbeaa_aHi2ogROalO2bqBXWE,Fidanli Marie C MD,2.0,7,Pediatrician,"5262 Golden Gate Pkwy #1, Naples, FL 34116, United States","57GQ+63 Naples, Florida, USA",,+1 239-455-5105,,https://streetviewpixels-pa.googleapis.com/v1/thumbnail?panoid=Qgjch6MmEfdhwdToijXyrQ&cb_client=search.gws-prod.gps&w=408&h=240&yaw=176.9505&pitch=0&thumbfov=100,false,,,,,,,,"https://www.google.com/maps/search/pediatrician+in+Naples+Naples+FL/@40.8517746,14.2681244,14z",2026-02-10T22:48:36.592Z,,,
"https://www.google.com/maps/place/Paul+Shuster,+MD+-+NCH+Medical+Group:+Pediatrics/data=!4m7!3m6!1s0x88db1ea96634c991:0x4e830c5748c9f402!8m2!3d26.2733663!4d-81.7909522!16s%2Fg%2F11rwxfy_lj!19sChIJkck0Zqke24gRAvTJSFcMg04","Paul Shuster, MD - NCH Medical Group: Pediatrics",4.3,11,Pediatrician,"11181 Health Park Blvd #1000, Naples, FL 34110, United States","76F5+8J Naples, Florida, USA",https://nchmd.org/nch-medical-group/,+1 239-624-0570,Closed · Opens 8:30 am Wed,https://streetviewpixels-pa.googleapis.com/v1/thumbnail?panoid=sJAI6SgvIfQvmDbePqtJhw&cb_client=search.gws-prod.gps&w=408&h=240&yaw=261.82736&pitch=0&thumbfov=100,true,8:30 am–4 pm,8:30 am–4 pm,8:30 am–4 pm,8:30 am–4 pm,Closed,Closed,8:30 am–4 pm,"https://www.google.com/maps/search/pediatrician+in+Naples+Naples+FL/@40.8517746,14.2681244,14z",2026-02-10T22:48:41.300Z,,,
https://www.google.com/maps/place/Dr.+Jorge+Camina/data=!4m7!3m6!1s0x88dae2a1eef9aaab:0xa4d17001925cb0f5!8m2!3d26.1755331!4d-81.7121622!16s%2Fg%2F11p07b1grp!19sChIJq6r57qHi2ogR9bBckgFw0aQ,Dr. Jorge Camina,3.0,2,Pediatrician,"5262 Golden Gate Pkwy #1, Naples, FL 34116, United States","57GQ+64 Naples, Florida, USA",,+1 239-353-4101,Temporarily closed,https://streetviewpixels-pa.googleapis.com/v1/thumbnail?panoid=Qgjch6MmEfdhwdToijXyrQ&cb_client=search.gws-prod.gps&w=408&h=240&yaw=143.41702&pitch=0&thumbfov=100,false,,,,,,,,"https://www.google.com/maps/search/pediatrician+in+Naples+Naples+FL/@40.8517746,14.2681244,14z",2026-02-10T22:48:46.293Z,,,
"https://www.google.com/maps/place/Dr.+Michael+Y.+Wu,+MD/data=!4m7!3m6!1s0x88dae192c71b9617:0x415d784d02b416d4!8m2!3d26.1616492!4d-81.7905847!16s%2Fg%2F1tf7nc9b!19sChIJF5Ybx5Lh2ogR1Ba0Ak14XUE","Dr. Michael Y. Wu, MD",,,Pediatrician,"1112 Goodlette-Frank Rd, Naples, FL 34102, United States","5665+MQ Naples, Florida, USA",,+1 239-262-4519,Temporarily closed,https://streetviewpixels-pa.googleapis.com/v1/thumbnail?panoid=ojyMBwmD3KK9DhOpf1XUlQ&cb_client=search.gws-prod.gps&w=408&h=240&yaw=352.1743&pitch=0&thumbfov=100,false,,,,,,,,"https://www.google.com/maps/search/pediatrician+in+Naples+Naples+FL/@40.8517746,14.2681244,14z",2026-02-10T22:48:51.146Z,,,
https://www.google.com/maps/place/Apicella+Dr.+Costantino/data=!4m7!3m6!1s0x133b99524252afdd:0xc0119fab12614eba!8m2!3d40.6258039!4d14.3838518!16s%2Fg%2F1hc7rd2lf!19sChIJ3a9SQlKZOxMRuk5hEqufEcA,Apicella Dr. Costantino,4.0,4,Pediatrician,"80067 Piano di Sorrento, Metropolitan City of Naples, Italy","J9GM+8G Piano di Sorrento, Metropolitan City of Naples, Italy",,+39 081 877 2078,,https://streetviewpixels-pa.googleapis.com/v1/thumbnail?panoid=ymGGISpOYApz79Bfwi9EpA&cb_client=search.gws-prod.gps&w=408&h=240&yaw=73.230385&pitch=0&thumbfov=100,false,,,,,,,,"https://www.google.com/maps/search/pediatrician+in+Sorrento+Naples+FL/@40.6263969,14.3764167,14z",2026-02-10T22:49:02.185Z,,,
https://www.google.com/maps/place/Miraglia+Del+Giudice+Prof.+Maurizio/data=!4m7!3m6!1s0x133b994ed99ced67:0xb1599bd783afa014!8m2!3d40.6311996!4d14.3875371!16s%2Fg%2F1tcwc7s7!19sChIJZ-2c2U6ZOxMRFKCvg9ebWbE,Miraglia Del Giudice Prof. Maurizio,,,Pediatrician,"Via Bernardino Rota, 75, 80067 Sorrento NA, Italy","J9JQ+F2 Sorrento, Metropolitan City of Naples, Italy",,+39 081 878 2627,,https://streetviewpixels-pa.googleapis.com/v1/thumbnail?panoid=lUuPPqPM7O08LdLjmlqYQg&cb_client=search.gws-prod.gps&w=408&h=240&yaw=123.65886&pitch=0&thumbfov=100,false,,,,,,,,"https://www.google.com/maps/search/pediatrician+in+Sorrento+Naples+FL/@40.6263969,14.3764167,14z",2026-02-10T22:49:04.682Z,,,
https://www.google.com/maps/place/Murano+Dr.+Antonella/data=!4m7!3m6!1s0x133b9952945551b3:0xca29027fe214637b!8m2!3d40.626458!4d14.3788485!16s%2Fg%2F1hc1jf697!19sChIJs1FVlFKZOxMRe2MU4n8CKco,Murano Dr. Antonella,,,Pediatrician,"Corso Italia, 243, 80067 Sorrento NA, Italy","J9GH+HG Sorrento, Metropolitan City of Naples, Italy",,+39 081 807 3997,,https://streetviewpixels-pa.googleapis.com/v1/thumbnail?panoid=TKKrUYhBWKjQnVTmM_gIsQ&cb_client=search.gws-prod.gps&w=408&h=240&yaw=184.5025&pitch=0&thumbfov=100,false,,,,,,,,"https://www.google.com/maps/search/pediatrician+in+Sorrento+Naples+FL/@40.6263969,14.3764167,14z",2026-02-10T22:49:07.165Z,,,
https://www.google.com/maps/place/Sorrento+Hospital/data=!4m7!3m6!1s0x133b9945a266e2e5:0x43ee2be151e8b406!8m2!3d40.6246792!4d14.369478!16s%2Fg%2F11c4__wlsv!19sChIJ5eJmokWZOxMRBrToUeEr7kM,Sorrento Hospital,2.7,106,General hospital,"Corso Italia, 2, 80067 Sorrento NA, Italy","J9F9+VQ Sorrento, Metropolitan City of Naples, Italy",,+39 081 872 9111,,https://lh3.googleusercontent.com/gps-cs-s/AHVAweodoK30i_Tvs1jbw6XZ3jHlNOKZ1-WFB9tjudxwcLZoe_9PqHUkPRzKa4bF6jUDVPcfctq9duU6kbAIVMfFgySNpzaS-iI_jUuueeRH29OrIYkmV15SUvi5ZPOWvz7FEYOC_D4V0A=w408-h306-k-no,false,,,,,,,,"https://www.google.com/maps/search/pediatrician+in+Sorrento+Naples+FL/@40.6263969,14.3764167,14z",2026-02-10T22:49:10.136Z,,,
https://www.google.com/maps/place/Astarita+Prof.+Corrado+MD/data=!4m7!3m6!1s0x133b9eac93d48e53:0x6b8aec64bdbd3ad3!8m2!3d40.6249114!4d14.3771454!16s%2Fg%2F11b6h_mvgd!19sChIJU47Uk6yeOxMR0zq9vWTsims,Astarita Prof. Corrado MD,,,Doctor,"Via Fuorimura, 20/B, 80067 Sorrento NA, Italy","J9FG+XV Sorrento, Metropolitan City of Naples, Italy",https://www.profcorradoastarita.it/,+39 081 878 5663,,https://lh3.googleusercontent.com/p/AF1QipMGfWBBgVqR8JAFZbBFBRCtsoLAAAnZ8whvMiAd=w408-h506-k-no,true,,,,,,,,"https://www.google.com/maps/search/pediatrician+in+Sorrento+Naples+FL/@40.6263969,14.3764167,14z",2026-02-10T22:49:12.717Z,,,
,,,,,,,,,,,,,,,,,,,"https://www.google.com/maps/search/pediatrician+in+Amalfi+Naples+FL/@40.6338303,14.6027661,14z",2026-02-10T22:49:27.966Z,,No new results found,
"https://www.google.com/maps/place/Lighthouse+Pediatrics+of+Naples,+LLC/@26.1391777,-81.7955475,14z/data=!4m6!3m5!1s0x88dae217f4c47915:0x2ab561399e0b2d74!8m2!3d26.1615813!4d-81.767523!16s%2Fg%2F11b8_3hlhc","Lighthouse Pediatrics of Naples, LLC",3.7,51,Pediatrician,"3227 Horseshoe Dr S, Naples, FL 34104, United States","566J+JX Naples, Florida, USA",https://www.lighthousepedsnaples.com/,+1 239-449-9882,Closed · Opens 8:30 am Wed,https://lh3.googleusercontent.com/gps-cs-s/AHVAweqYk7qQnS6AvPPB6UBJXmBdGkZM7DJJ3T2VgGHyULB3Cmm6h9o22BPzhayCa-aUd2ifvZYfMV6T5ElWSTRsY-b70vTqaLaQKOFzanxnPTTslWqo0RjI8MExQJJeQnWUCzT4JHhJ=w408-h544-k-no,true,8:30 am–5 pm,8:30 am–5 pm,8:30 am–5 pm,8:30 am–5 pm,Closed,Closed,8:30 am–5 pm,"https://www.google.com/maps/search/pediatrician+in+Positano+Naples+FL/@26.1391777,-81.7955475,14z",2026-02-10T22:49:36.371Z,,Already found,
,,,,,,,,,,,,,,,,,,,"https://www.google.com/maps/search/pediatrician+in+Ravello+Naples+FL/@40.840431,14.3055374,14z",2026-02-10T22:49:51.248Z,,No new results found,
,,,,,,,,,,,,,,,,,,,"https://www.google.com/maps/search/pediatrician+in+Pompeii+Naples+FL/@40.7496576,14.5053119,14z",2026-02-10T22:50:06.165Z,,No new results found,
https://www.google.com/maps/place/Clinica+Hispana/data=!4m7!3m6!1s0x88dae5a5351fd751:0x7c4e5a3006f810b1!8m2!3d26.1788028!4d-81.7078885!16s%2Fg%2F1wj_v1_g!19sChIJUdcfNaXl2ogRsRD4BjBaTnw,Clinica Hispana,4.6,388,Doctor,"4990 Golden Gate Pkwy, Naples, FL 34116, United States","57HR+GR Naples, Florida, USA",https://chispana.com/,+1 239-692-8309,Closed · Opens 8 am Wed,https://lh3.googleusercontent.com/gps-cs-s/AHVAweri68moexDZEKx7rDeCgNHeMijGgNBOFvKcTtZoDXGdVHccHXULERIfrLQt0CKNwQgT7_pt_hTK76q3C7SKUre_PqEgjILpwtAchInyVvRyfE8I_u7vcsvGe0epdY4_EKAMqbFnfQ=w408-h271-k-no,true,8 am–5 pm,8 am–5 pm,8 am–5 pm,8 am–5 pm,Closed,Closed,8 am–5 pm,"https://www.google.com/maps/search/pediatrician+in+Herculaneum+Naples+FL/@40.8059253,14.3473869,14z",2026-02-10T22:50:35.445Z,LGBTQ+ friendly,,
"https://www.google.com/maps/place/Pediatric+Dentistry+of+Florida,+Dr.+Tim+Verwest+DMD+%26+Associates/data=!4m7!3m6!1s0x88db1dabdd1e9bf1:0xebcee6510adef316!8m2!3d26.2735323!4d-81.7721975!16s%2Fg%2F11hytgk7cy!19sChIJ8Zse3asd24gRFvPeClHmzus","Pediatric Dentistry of Florida, Dr. Tim Verwest DMD & Associates",4.7,413,Pediatric dentist,"1035 Piper Blvd Suite 103, Naples, FL 34110, United States","76FH+C4 Naples, Florida, USA",https://www.drverwest.com/,+1 239-482-2722,Closed · Opens 8 am Wed,https://lh3.googleusercontent.com/p/AF1QipO6-wycG4NQ87AUzV9PYpjkEpiiDN3sL1tfkVCl=w408-h272-k-no,true,8 am–5 pm,8 am–5 pm,8 am–5 pm,Closed,Closed,Closed,8 am–5 pm,"https://www.google.com/maps/search/pediatrician+in+Herculaneum+Naples+FL/@40.8059253,14.3473869,14z",2026-02-10T22:50:40.182Z,LGBTQ+ friendly,,
"https://www.google.com/maps/place/Catalina+Niculae,+M.D./data=!4m7!3m6!1s0x88db1d569f8d7607:0xbad8b6a5cff90a7c!8m2!3d26.2107344!4d-81.732094!16s%2Fg%2F11q58dyt9s!19sChIJB3aNn1Yd24gRfAr5z6W22Lo","Catalina Niculae, M.D.",5.0,651,Family practice physician,"6376 Pine Ridge Rd, Naples, FL 34119, United States","6769+75 Naples, Florida, USA",https://www.physiciansregionalmedicalgroup.com/doctors-providers/niculae-catalina-md-8427?utm_source=gmb&utm_medium=homepage&utm_campaign=biz-listings,+1 239-920-4503,Closed · Opens 8 am Wed,https://lh3.googleusercontent.com/p/AF1QipP_R-gPXTyo-v6oN74CDGWdJAFVt4kMTcgf5Ozh=w408-h270-k-no,true,8 am–5 pm,8 am–5 pm,8 am–5 pm,8 am–5 pm,Closed,Closed,8 am–5 pm,"https://www.google.com/maps/search/pediatrician+in+Herculaneum+Naples+FL/@40.8059253,14.3473869,14z",2026-02-10T22:50:45.284Z,,,
https://www.google.com/maps/place/Children%27s+Dentistry+of+Naples/data=!4m7!3m6!1s0x88dae20800fb3597:0x22146da0f686feb6!8m2!3d26.1826602!4d-81.7678839!16s%2Fg%2F1v3knwdk!19sChIJlzX7AAji2ogRtv6G9qBtFCI,Children's Dentistry of Naples,5.0,410,Pediatric dentist,"3021 Airport-Pulling Rd N Ste 203, Naples, FL 34105, United States","56MJ+3R Naples, Florida, USA",https://childrensdentistryofnaples.com/?utm_source=listings&utm_medium=organic&utm_campaign=gmb,+1 239-946-4649,Closed · Opens 8 am Wed,https://lh3.googleusercontent.com/p/AF1QipPszbLVR_WoMcnGgzWhCSA3U3M3VcldBx1baKk9=w426-h240-k-no,true,8 am–4:30 pm,8 am–4:30 pm,8 am–4:30 pm,Closed,Closed,Closed,8 am–4:30 pm,"https://www.google.com/maps/search/pediatrician+in+Herculaneum+Naples+FL/@40.8059253,14.3473869,14z",2026-02-10T22:50:50.142Z,,,
https://www.google.com/maps/place/Riverchase+Dermatology+-+Naples+Colonial+Square/data=!4m7!3m6!1s0x88dae18d139be90f:0x10f03ce4b12ad3be!8m2!3d26.1620731!4d-81.7906036!16s%2Fg%2F11g8bxlfgl!19sChIJD-mbE43h2ogRvtMqseQ88BA,Riverchase Dermatology - Naples Colonial Square,5.0,967,Dermatologist,"1108 Goodlette-Frank Rd, Naples, FL 34102, United States","5665+RQ Naples, Florida, USA",https://www.riverchasedermatology.com/location/naples-colonial-square/?utm_source=google&utm_medium=organic&utm_campaign=RCD_GMB_Colonial_Square&utm_id=01,+1 239-434-0303,Closed · Opens 8 am Wed,https://streetviewpixels-pa.googleapis.com/v1/thumbnail?panoid=ZczIiYLZBJb03DobK5Tf-w&cb_client=search.gws-prod.gps&w=408&h=240&yaw=96.38245&pitch=0&thumbfov=100,true,8 am–5 pm,8 am–5 pm,8 am–5 pm,8 am–5 pm,Closed,Closed,8 am–5 pm,"https://www.google.com/maps/search/pediatrician+in+Capri+Naples+FL/@26.1391777,-81.7955475,14z",2026-02-10T22:51:12.182Z,,,
https://www.google.com/maps/place/Main+Street+Children%27s+Dentistry+and+Orthodontics+of+Naples/data=!4m7!3m6!1s0x88db1dcd5c2a3e89:0xae284e4940d7de4a!8m2!3d26.228498!4d-81.76769!16s%2Fg%2F1tcv27n7!19sChIJiT4qXM0d24gRSt7XQElOKK4,Main Street Children's Dentistry and Orthodontics of Naples,4.6,763,Pediatric dentist,"6726 Lone Oak Blvd, Naples, FL 34109, United States","66HJ+9W Naples, Florida, USA",https://www.mainstreetsmiles.com/dentist-office/naples-fl-34109?utm_source=Google&utm_medium=KnowledgePanel&utm_campaign=Website,+1 239-230-2028,Closed · Opens 8 am Wed,https://lh3.googleusercontent.com/p/AF1QipPiTbuJGO9jhXKFOjtdgXcxEltartfica7qvmPa=w426-h240-k-no,true,8 am–5 pm,8 am–5 pm,8 am–6 pm,8 am–2 pm,Closed,Closed,8 am–5 pm,"https://www.google.com/maps/search/pediatrician+in+Capri+Naples+FL/@26.1391777,-81.7955475,14z",2026-02-10T22:51:16.947Z,,,
https://www.google.com/maps/place/Mark+A+Brown+MD/data=!4m7!3m6!1s0x88dae18ce741c2df:0x14f09abc0cb10916!8m2!3d26.1826621!4d-81.7678836!16s%2Fg%2F1tfs1wl_!19sChIJ38JB54zh2ogRFgmxDLya8BQ,Mark A Brown MD,3.0,16,Infectious disease physician,"3021 Airport-Pulling Rd N, Naples, FL 34105, United States","56MJ+3R Naples, Florida, USA",https://rymaps.xyz/business/mark-a-brown-md-v4xax9,+1 239-354-6000,Closed · Opens 8 am Wed,https://streetviewpixels-pa.googleapis.com/v1/thumbnail?panoid=MxiSMHvIa3cmmpIaXpDW6A&cb_client=search.gws-prod.gps&w=408&h=240&yaw=171.10509&pitch=0&thumbfov=100,true,8 am–5 pm,8 am–5 pm,8 am–5 pm,8 am–5 pm,Closed,Closed,8 am–5 pm,"https://www.google.com/maps/search/pediatrician+in+Capri+Naples+FL/@26.1391777,-81.7955475,14z",2026-02-10T22:51:21.520Z,,,
https://www.google.com/maps/place/Dr.+Thornburg+Wellness/data=!4m7!3m6!1s0x88db1d5b2e208521:0x5843a3a0ba3c3f93!8m2!3d26.2139845!4d-81.7666078!16s%2Fg%2F11gmby7kny!19sChIJIYUgLlsd24gRkz88uqCjQ1g,Dr. Thornburg Wellness,4.7,13,Vitamin & supplements store,"5435 Park Central Ct Suite 2, Naples, FL 34109, United States","667M+H9 Naples, Florida, USA",https://drthornburg.com/,,Closed · Opens 9 am Wed,https://lh3.googleusercontent.com/p/AF1QipMwPw6G4RGZ8E2ioz_lnF1o1Qqt7zAkMTCKtuRL=w427-h240-k-no,true,9 am–5 pm,9 am–5 pm,9 am–5 pm,9 am–5 pm,Closed,Closed,9 am–5 pm,"https://www.google.com/maps/search/pediatrician+in+Capri+Naples+FL/@26.1391777,-81.7955475,14z",2026-02-10T22:51:31.087Z,LGBTQ+ friendly,,· In-store pick-up
"https://www.google.com/maps/place/Michelle+Marie+Falcone,+MD/data=!4m7!3m6!1s0x88db1f579e9c4f5d:0xf83867267a8ee4cc!8m2!3d26.1930691!4d-81.7995638!16s%2Fg%2F11pv1gc_qn!19sChIJXU-cnlcf24gRzOSOeiZnOPg","Michelle Marie Falcone, MD",,,Pediatric ophthalmologist,"3880 Tamiami Trl N, Naples, FL 34103, United States","56V2+65 Naples, Florida, USA",https://doctors.umiamihealth.org/provider/Michelle+Marie+Falcone/1991662,+1 305-243-2020,Closed · Opens 8:30 am Wed,https://lh3.googleusercontent.com/p/AF1QipMl6fNMJO_JSNaQRAiQhISiNowcuE88kmfE_mN4=w426-h240-k-no,true,8:30 am–5 pm,8:30 am–5 pm,8:30 am–5 pm,8:30 am–5 pm,Closed,Closed,8:30 am–5 pm,"https://www.google.com/maps/search/pediatrician+in+Capri+Naples+FL/@26.1391777,-81.7955475,14z",2026-02-10T22:51:35.628Z,,,
https://www.google.com/maps/place/Dott.+Nicola+Impagliazzo+Pediatra+Ischia/data=!4m7!3m6!1s0x133b6ac32e972def:0x85cb583c4cbcc41c!8m2!3d40.7290333!4d13.9470839!16s%2Fg%2F1td8nzx2!19sChIJ7y2XLsNqOxMRHMS8TDxYy4U,Dott. Nicola Impagliazzo Pediatra Ischia,5.0,8,Pediatrician,"Via Leonardo Mazzella, 186, 80077 Ischia NA, Italy","PWHW+JR Ischia, Metropolitan City of Naples, Italy",,+39 339 534 7825,Closed · Opens 9 am Wed,https://lh3.googleusercontent.com/p/AF1QipPilthxzy_Hg2R09-AbD010USg23KvJrOUFFiM=w408-h544-k-no,true,9 am–8 pm,9 am–8 pm,9 am–8 pm,9 am–8 pm,9 am–8 pm,Closed,9 am–8 pm,"https://www.google.com/maps/search/pediatrician+in+Ischia+Naples+FL/@40.7378738,13.9485287,14z",2026-02-10T22:51:48.286Z,LGBTQ+ friendly,,
"https://www.google.com/maps/place/Dott.+Marco+Mazzella,+Endocrinologo/data=!4m7!3m6!1s0x133bbdcf7492cf03:0x2b80407f204581b1!8m2!3d40.7349927!4d13.9523858!16s%2Fg%2F11pysjkg9_!19sChIJA8-SdM-9OxMRsYFFIH9AgCs","Dott. Marco Mazzella, Endocrinologo",5.0,1,Endocrinologist,"Via Leonardo Mazzella, 7, 80077 Ischia NA, Italy","PXM2+XX Ischia, Metropolitan City of Naples, Italy",https://www.miodottore.it/marco-mazzella/endocrinologo-andrologo-diabetologo/castellammare-di-stabia?utm_source=google&utm_medium=gmb&utm_campaign=576156&utm_content=website,,,https://streetviewpixels-pa.googleapis.com/v1/thumbnail?panoid=QQPewQ7sKGz-aYp37c8WzA&cb_client=search.gws-prod.gps&w=408&h=240&yaw=25.393309&pitch=0&thumbfov=100,true,,,,,,,,"https://www.google.com/maps/search/pediatrician+in+Ischia+Naples+FL/@40.7378738,13.9485287,14z",2026-02-10T22:51:51.027Z,,,
"https://www.google.com/maps/place/Dott.ssa+Annalisa+Passariello,+Pediatra/data=!4m7!3m6!1s0x133b1372e6a69819:0x281780bef4017e96!8m2!3d40.7538635!4d14.0150714!16s%2Fg%2F11q2yspq31!19sChIJGZim5nITOxMRln4B9L6AFyg","Dott.ssa Annalisa Passariello, Pediatra",,,Pediatrician,"Via Lavadera, 80079 Procida NA, Italy","Q238+G2 Procida, Metropolitan City of Naples, Italy",https://www.miodottore.it/annalisa-passariello/pediatra/procida?utm_source=google&utm_medium=gmb&utm_campaign=516883&utm_content=website,,,https://lh3.googleusercontent.com/p/AF1QipO7xB5_8rcXEib5RdbRvNPX6E4w14_hUwBlxWMD=w408-h305-k-no,true,,,,,,,,"https://www.google.com/maps/search/pediatrician+in+Procida+Naples+FL/@40.8517746,14.2681244,14z",2026-02-10T22:52:01.438Z,,,
"https://www.google.com/maps/place/Dott.ssa+Annalisa+Passariello,+Pediatra/data=!4m7!3m6!1s0x133b0934bdb115bf:0x2fe2cc17f9b614ce!8m2!3d40.8345887!4d14.2261037!16s%2Fg%2F11h4c0hdvn!19sChIJvxWxvTQJOxMRzhS2-RfM4i8","Dott.ssa Annalisa Passariello, Pediatra",,,Pediatrician,"Via Andrea d'Isernia, 4/scala a sinistra 1 piano, 80121 Napoli NA, Italy","R6MG+RC Naples, Metropolitan City of Naples, Italy",https://www.miodottore.it/annalisa-passariello/pediatra/napoli?utm_source=google&utm_medium=gmb&utm_campaign=516883&utm_content=website,+39 081 1929 8124,,https://streetviewpixels-pa.googleapis.com/v1/thumbnail?panoid=a7BmYZtNnnPp-dugDzx6Sg&cb_client=search.gws-prod.gps&w=408&h=240&yaw=344.6538&pitch=0&thumbfov=100,false,,,,,,,,"https://www.google.com/maps/search/pediatrician+in+Procida+Naples+FL/@40.8517746,14.2681244,14z",2026-02-10T22:52:03.853Z,,,
https://www.google.com/maps/place/Studio+Dottor+Correra/data=!4m7!3m6!1s0x133b13ae79b54a47:0x7667bdf6f2f69402!8m2!3d40.7967932!4d14.0469525!16s%2Fg%2F11s94twclm!19sChIJR0q1ea4TOxMRApT28va9Z3Y,Studio Dottor Correra,,,Pediatrician,"Via Antonio Scialoia I Traversa, 12-42, 80070 Monte di Procida NA, Italy","Q2WW+PQ Monte di Procida, Metropolitan City of Naples, Italy",,,,https://streetviewpixels-pa.googleapis.com/v1/thumbnail?panoid=buW78rXDkzb8Vo60pGSw9Q&cb_client=search.gws-prod.gps&w=408&h=240&yaw=38.382874&pitch=0&thumbfov=100,false,,,,,,,,"https://www.google.com/maps/search/pediatrician+in+Procida+Naples+FL/@40.8517746,14.2681244,14z",2026-02-10T22:52:06.533Z,,,
"https://www.google.com/maps/place/Edward+Salerno,+MD/@40.6813313,14.7743583,14z/data=!4m6!3m5!1s0x88db1d3738854bd9:0x2ebe83fd5bd478ca!8m2!3d26.2107344!4d-81.732094!16s%2Fg%2F11sys_mqz3","Edward Salerno, MD",4.8,143,Pulmonologist,"6376 Pine Ridge Rd Ste 440, Naples, FL 34119, United States","6769+75 Naples, Florida, USA",https://millenniumphysician.com/doctor/edward-salerno-md-naples-pulmonologist/,+1 239-315-7123,,https://lh3.googleusercontent.com/p/AF1QipOah3EH1b83PVRv5UKOp57awDsCnkAeuv0_s8_j=w426-h240-k-no,true,,,,,,,,"https://www.google.com/maps/search/pediatrician+in+Salerno+Naples+FL/@40.6813313,14.7743583,14z",2026-02-10T22:52:12.856Z,,,
https://www.google.com/maps/place/Verga+Dr.+Maria/data=!4m7!3m6!1s0x133bc1c0065d4397:0x22a2ded7d76f43e5!8m2!3d40.6724148!4d14.7281505!16s%2Fg%2F1hc11xr22!19sChIJl0NdBsDBOxMR5UNv19feoiI,Verga Dr. Maria,5.0,5,Pediatrician,"Corso Umberto Iᵒ, 103, 84019 Vietri sul Mare SA, Italy","MPCH+X7 Vietri sul Mare, Province of Salerno, Italy",,+39 089 761354,Closed · Opens 4:30 pm Wed,https://streetviewpixels-pa.googleapis.com/v1/thumbnail?panoid=mj_ry55fU4uX2G0J04KSNA&cb_client=search.gws-prod.gps&w=408&h=240&yaw=146.47989&pitch=0&thumbfov=100,false,4:30–7:30 pm,4:30–7:30 pm,10 am–1 pm,9:30 am–12:30 pm,Closed,Closed,9:30 am–12:30 pm,"https://www.google.com/maps/search/pediatrician+in+Vietri+sul+Mare+Naples+FL/@40.6731641,14.7279275,14z",2026-02-10T22:52:25.276Z,,,
https://www.google.com/maps/place/Pio+Vicinanza/data=!4m7!3m6!1s0x133bc36e5b42fc6f:0xd310a8d29f1bfa8!8m2!3d40.6756902!4d14.7679958!16s%2Fg%2F11vdkgrsrm!19sChIJb_xCW27DOxMRqL_xKY0KMQ0,Pio Vicinanza,,,Pediatrician,"Corso Giuseppe Garibaldi, 148, 84123 Salerno SA, Italy","MQG9+75 Salerno, Province of Salerno, Italy",https://www.piovicinanza.com/,+39 338 624 0193,Closed · Opens 9:30 am Wed,https://lh3.googleusercontent.com/p/AF1QipMjxDZN7057OaK1nUpS1SHlGp52VJVT6Vg0LGWU=w408-h725-k-no,true,9:30 am–6:30 pm,9:30 am–6:30 pm,9:30 am–6 pm,9:30 am–6:30 pm,9:30 am–1 pm,Closed,9:30 am–6:30 pm,"https://www.google.com/maps/search/pediatrician+in+Vietri+sul+Mare+Naples+FL/@40.6731641,14.7279275,14z",2026-02-10T22:52:30.091Z,,,
https://www.google.com/maps/place/Doctor+Kids+il+Dentista+dei+Bambini+SALERNO/data=!4m7!3m6!1s0x133bc3d173906e89:0xb8d70404186f2dd3!8m2!3d40.6761694!4d14.7688213!16s%2Fg%2F11fq98ybxy!19sChIJiW6Qc9HDOxMR0y1vGAQE17g,Doctor Kids il Dentista dei Bambini SALERNO,5.0,21,Pediatric dentist,"Via Santi Martiri Salernitani, 15 57,68 Km, Piano 2 Int. 21, 84123 Salerno SA, Italy","MQG9+FG Salerno, Province of Salerno, Italy",http://www.doctorkids.it/,+39 347 660 4021,,https://lh3.googleusercontent.com/p/AF1QipNVk_jadgVeMGEKj86vIBC0qK-FZ0JsWLqzD6yn=w408-h544-k-no,true,,,,,,,,"https://www.google.com/maps/search/pediatrician+in+Vietri+sul+Mare+Naples+FL/@40.6731641,14.7279275,14z",2026-02-10T22:52:32.681Z,,,
https://www.google.com/maps/place/Dott.ssa+Federica+Civale/data=!4m7!3m6!1s0x133bbdc4fc0d1275:0x345264e7a86e51f9!8m2!3d40.711984!4d14.4801924!16s%2Fg%2F11ykn1ysxx!19sChIJdRIN_MS9OxMR-VFuqOdkUjQ,Dott.ssa Federica Civale,4.7,14,Pediatrician,"Str. Tavernola, 133, Corso Alcide de Gasperi, 233, 80053 Castellammare di Stabia NA, Italy","PF6J+Q3 Castellammare di Stabia, Metropolitan City of Naples, Italy",,+39 376 268 1331,,https://streetviewpixels-pa.googleapis.com/v1/thumbnail?panoid=Dwh-lkqe7mE8RDvS90TB8w&cb_client=search.gws-prod.gps&w=408&h=240&yaw=230.43546&pitch=0&thumbfov=100,true,,,,,,,,"https://www.google.com/maps/search/pediatrician+in+Castellammare+di+Stabia+Naples+FL/@40.6981057,14.4880402,14z",2026-02-10T22:52:43.643Z,,,
https://www.google.com/maps/place/Iaccarino+Dr.+Felicia/data=!4m7!3m6!1s0x133bbd39408e18a7:0x339ed71d49ae8e25!8m2!3d40.7032255!4d14.4863884!16s%2Fg%2F1tx12n07!19sChIJpxiOQDm9OxMRJY6uSR3XnjM,Iaccarino Dr. Felicia,5.0,5,Pediatrician,"Str. Tavernola, 39, 80053 Castellammare di Stabia NA, Italy","PF3P+7H Castellammare di Stabia, Metropolitan City of Naples, Italy",,+39 081 870 5623,Closed · Opens 3 pm Wed,https://streetviewpixels-pa.googleapis.com/v1/thumbnail?panoid=E2F7cpV3obU4WQL6gvXjvQ&cb_client=search.gws-prod.gps&w=408&h=240&yaw=310.64737&pitch=0&thumbfov=100,true,11 am–1 pm,3–6 pm,Closed,11 am–1 pm,Closed,Closed,3–6 pm,"https://www.google.com/maps/search/pediatrician+in+Castellammare+di+Stabia+Naples+FL/@40.6981057,14.4880402,14z",2026-02-10T22:52:48.484Z,,,
"https://www.google.com/maps/place/Dr.+Salvatore+Napodano,+Pediatra/data=!4m7!3m6!1s0x133bbdf108f2cdcb:0xdc48e050f3f4f466!8m2!3d40.696097!4d14.4848414!16s%2Fg%2F11lr9g9dfb!19sChIJy83yCPG9OxMRZvT081DgSNw","Dr. Salvatore Napodano, Pediatra",5.0,8,Pediatrician,"Via Salvatore di Giacomo, 15, 80053 Castellammare di Stabia NA, Italy","MFWM+CW Castellammare di Stabia, Metropolitan City of Naples, Italy",https://www.miodottore.it/salvatore-napodano-2/pediatra/castellammare-di-stabia?utm_source=google&utm_medium=gmb&utm_campaign=538339&utm_content=website,+39 351 824 2882,,https://streetviewpixels-pa.googleapis.com/v1/thumbnail?panoid=B1biu1LLcEXzUln3J6z7YQ&cb_client=search.gws-prod.gps&w=408&h=240&yaw=106.00645&pitch=0&thumbfov=100,true,,,,,,,,"https://www.google.com/maps/search/pediatrician+in+Castellammare+di+Stabia+Naples+FL/@40.6981057,14.4880402,14z",2026-02-10T22:52:51.161Z,,,
https://www.google.com/maps/place/Acampora+Giovanni/data=!4m7!3m6!1s0x133bbd45d51b9d3b:0x13725cc24e273f14!8m2!3d40.6987362!4d14.4867652!16s%2Fg%2F1hc2gyglf!19sChIJO50b1UW9OxMRFD8nTsJcchM,Acampora Giovanni,5.0,2,Pediatrician,"Via Nocera, 136, 80053 Castellammare di Stabia NA, Italy","MFXP+FP Castellammare di Stabia, Metropolitan City of Naples, Italy",,+39 081 871 5836,,https://streetviewpixels-pa.googleapis.com/v1/thumbnail?panoid=4lF7NXMXJsOpo9vJlndIwA&cb_client=search.gws-prod.gps&w=408&h=240&yaw=186.45013&pitch=0&thumbfov=100,false,,,,,,,,"https://www.google.com/maps/search/pediatrician+in+Castellammare+di+Stabia+Naples+FL/@40.6981057,14.4880402,14z",2026-02-10T22:52:53.978Z,,,
https://www.google.com/maps/place/Spagnuolo+Dr.+Licia/data=!4m7!3m6!1s0x133bbd4f6bdbd739:0x6942ebb305e08bd8!8m2!3d40.6979152!4d14.4828607!16s%2Fg%2F11hbnvb90c!19sChIJOdfba0-9OxMR2IvgBbPrQmk,Spagnuolo Dr. Licia,1.0,1,Pediatrician,"Traversa Domenico Benucci, 12, 80053 Castellammare di Stabia NA, Italy","MFXM+54 Castellammare di Stabia, Metropolitan City of Naples, Italy",,+39 081 871 8384,,https://streetviewpixels-pa.googleapis.com/v1/thumbnail?panoid=9B2y8O_g2OZZp3_HbSINqA&cb_client=search.gws-prod.gps&w=408&h=240&yaw=183.59526&pitch=0&thumbfov=100,true,,,,,,,,"https://www.google.com/maps/search/pediatrician+in+Castellammare+di+Stabia+Naples+FL/@40.6981057,14.4880402,14z",2026-02-10T22:52:56.644Z,,,
https://www.google.com/maps/place/Spagnuolo+Dr.+Licia/data=!4m7!3m6!1s0x133bbd4ff296d761:0x38da97cea2cf5b39!8m2!3d40.6953094!4d14.482975!16s%2Fg%2F1hc4ks41y!19sChIJYdeW8k-9OxMROVvPos6X2jg,Spagnuolo Dr. Licia,,,Pediatrician,"Piazza Unità d'Italia, 14, 80053 Castellammare di Stabia NA, Italy","MFWM+45 Castellammare di Stabia, Metropolitan City of Naples, Italy",,+39 081 871 8384,,https://streetviewpixels-pa.googleapis.com/v1/thumbnail?panoid=hL959_VAPNdTg-RPhvLGlQ&cb_client=search.gws-prod.gps&w=408&h=240&yaw=210.43968&pitch=0&thumbfov=100,false,,,,,,,,"https://www.google.com/maps/search/pediatrician+in+Castellammare+di+Stabia+Naples+FL/@40.6981057,14.4880402,14z",2026-02-10T22:52:59.104Z,,,
"https://www.google.com/maps/place/Dott.+Antonio+Piscitelli,+Pediatra/data=!4m7!3m6!1s0x133bbde0556f9d6b:0x32dc3826a8287201!8m2!3d40.6943332!4d14.4796359!16s%2Fg%2F11kf3054lk!19sChIJa51vVeC9OxMRAXIoqCY43DI","Dott. Antonio Piscitelli, Pediatra",,,Pediatrician,"Strada del Gesù, 7/9, 80053 Castellammare di Stabia NA, Italy","MFVH+PV Castellammare di Stabia, Metropolitan City of Naples, Italy",https://www.miodottore.it/antonio-piscitelli-3/pediatra/castellammare-di-stabia?utm_source=google&utm_medium=gmb&utm_campaign=532608&utm_content=website,,,https://streetviewpixels-pa.googleapis.com/v1/thumbnail?panoid=TdcX_fbhaCH6WANdf0WvkA&cb_client=search.gws-prod.gps&w=408&h=240&yaw=289.5411&pitch=0&thumbfov=100,true,,,,,,,,"https://www.google.com/maps/search/pediatrician+in+Castellammare+di+Stabia+Naples+FL/@40.6981057,14.4880402,14z",2026-02-10T22:53:01.564Z,,,
"https://www.google.com/maps/place/Chianese+Dr.+Pierluigi/@40.7039396,14.4875317,17z/data=!3m1!4b1!4m6!3m5!1s0x133bbd39408fe747:0xd455acbb5bed20f4!8m2!3d40.7039396!4d14.4875317!16s%2Fg%2F1hc36xpbv",Chianese Dr. Pierluigi,,,Pediatrician,"Via Don Minzoni, 80053 Castellammare di Stabia NA, Italy",,,+39 081 870 5623,,,false,,,,,,,,"https://www.google.com/maps/search/pediatrician+in+Castellammare+di+Stabia+Naples+FL/@40.6981057,14.4880402,14z",2026-02-10T22:53:06.061Z,,,
https://www.google.com/maps/place/Dr.Iasevoli+pediatra+a+domicilio/data=!4m7!3m6!1s0x133bbda3afe5c069:0xc372fc054452447c!8m2!3d40.7131819!4d14.4903845!16s%2Fg%2F11fsbc689q!19sChIJacDlr6O9OxMRfERSRAX8csM,Dr.Iasevoli pediatra a domicilio,,,Pediatrician,"Corso Italia, 80053 Castellammare di Stabia NA, Italy","PF7R+75 Castellammare di Stabia, Metropolitan City of Naples, Italy",,+39 345 809 2414,,https://streetviewpixels-pa.googleapis.com/v1/thumbnail?panoid=IkTu6_L0J5rPW0oX0rN3Nw&cb_client=search.gws-prod.gps&w=408&h=240&yaw=210.31094&pitch=0&thumbfov=100,false,,,,,,,,"https://www.google.com/maps/search/pediatrician+in+Castellammare+di+Stabia+Naples+FL/@40.6981057,14.4880402,14z",2026-02-10T22:53:08.691Z,,,
https://www.google.com/maps/place/Dott.+Vincenzo+Memoli/data=!4m7!3m6!1s0x133bbdde95733ceb:0x174337dda5d6fb4d!8m2!3d40.6943332!4d14.4796359!16s%2Fg%2F11ssyyw0t6!19sChIJ6zxzld69OxMRTfvWpd03Qxc,Dott. Vincenzo Memoli,,,Pediatrician,"Strada del Gesù, 7, 80053 Castellammare di Stabia NA, Italy","MFVH+PV Castellammare di Stabia, Metropolitan City of Naples, Italy",,+39 360 841 916,Closed · Opens 9 am Wed,https://streetviewpixels-pa.googleapis.com/v1/thumbnail?panoid=TdcX_fbhaCH6WANdf0WvkA&cb_client=search.gws-prod.gps&w=408&h=240&yaw=289.5411&pitch=0&thumbfov=100,true,9 am–5 pm,9 am–5 pm,9 am–5 pm,Closed,Closed,Closed,Closed,"https://www.google.com/maps/search/pediatrician+in+Castellammare+di+Stabia+Naples+FL/@40.6981057,14.4880402,14z",2026-02-10T22:53:13.477Z,,,
"https://www.google.com/maps/place/Dr.Iasevoli+Pediatra+a+domicilio/@40.6896859,14.5170929,17z/data=!3m1!4b1!4m6!3m5!1s0x133bbd3d05d868b9:0xab518f87c4a381e6!8m2!3d40.6896859!4d14.5170929!16s%2Fg%2F11gsly6pwj",Dr.Iasevoli Pediatra a domicilio,,,Pediatrician,"Via Roma, 80054 Gragnano NA, Italy","MGQ8+VR Gragnano, Metropolitan City of Naples, Italy",,+39 345 809 2414,Open 24 hours,,false,Open 24 hours,Open 24 hours,Open 24 hours,Open 24 hours,Open 24 hours,Open 24 hours,Open 24 hours,"https://www.google.com/maps/search/pediatrician+in+Castellammare+di+Stabia+Naples+FL/@40.6981057,14.4880402,14z",2026-02-10T22:53:20.052Z,,,
https://www.google.com/maps/place/dr.+Abele+Prota+-+Pediatra/data=!4m7!3m6!1s0x133bbd70de8f2855:0xe8f22de01e2f8384!8m2!3d40.692851!4d14.514298!16s%2Fg%2F1tj54rfp!19sChIJVSiP3nC9OxMRhIMvHuAt8ug,dr. Abele Prota - Pediatra,5.0,7,Pediatrician,"Via Santa Caterina, 29, 80054 Gragnano NA, Italy","MGV7+4P Gragnano, Metropolitan City of Naples, Italy",http://abeleprotapediatra.net/,+39 081 801 3680,,https://lh3.googleusercontent.com/p/AF1QipO18r5FAXoWkbtJNKtT1uNJH4QZtnOu2F3cMLjl=w408-h255-k-no,true,,,,,,,,"https://www.google.com/maps/search/pediatrician+in+Castellammare+di+Stabia+Naples+FL/@40.6981057,14.4880402,14z",2026-02-10T22:53:22.795Z,,,
https://www.google.com/maps/place/Dottore+Extension/data=!4m7!3m6!1s0x133bbdf84aaeb9af:0x23bfd2226b6ddefc!8m2!3d40.7153521!4d14.4820875!16s%2Fg%2F11fj6vp2ml!19sChIJr7muSvi9OxMR_N5tayLSvyM,Dottore Extension,5.0,17,Hair extension technician,"Via Napoli, 209, 80053 Castellammare di Stabia NA, Italy","PF8J+4R Castellammare di Stabia, Metropolitan City of Naples, Italy",http://www.dottorextension.it/,+39 340 385 6755,"Closed · Opens 9 am Wed

Updated by this business 7 days ago",https://lh3.googleusercontent.com/p/AF1QipOOwIGTmtpC1w1dzy7KgE3szJA-ahrgsIM5xDG5=w408-h408-k-no,true,"9 am–1 pm, 3–6 pm","9 am–1 pm, 3–6 pm","9 am–1 pm, 3–6 pm","9 am–1 pm, 3–6 pm",9 am–2 pm,Closed,Closed,"https://www.google.com/maps/search/pediatrician+in+Castellammare+di+Stabia+Naples+FL/@40.6981057,14.4880402,14z",2026-02-10T22:53:27.651Z,Identifies as women-owned,,
https://www.google.com/maps/place/Dott.ssa+Marika+Balestrieri/data=!4m7!3m6!1s0x133bbd0064805bd5:0x90d2a94ad187de5d!8m2!3d40.6977248!4d14.4862197!16s%2Fg%2F11ycdkz0ww!19sChIJ1VuAZAC9OxMRXd6H0Uqp0pA,Dott.ssa Marika Balestrieri,5.0,1,Family practice physician,"Via Principe Amedeo, 46, 80053 Castellammare di Stabia NA, Italy","MFXP+3F Castellammare di Stabia, Metropolitan City of Naples, Italy",https://www.doctolib.it/medico-di-medicina-generale/castellammare-di-stabia/marika-balestrieri,+39 379 291 3791,Closed · Opens 9:30 am Wed,https://streetviewpixels-pa.googleapis.com/v1/thumbnail?panoid=NXIHZJvuwKC0hqax2JCMuw&cb_client=search.gws-prod.gps&w=408&h=240&yaw=163.6069&pitch=0&thumbfov=100,true,4:30–6:30 pm,9:30–11:30 am,9:30–11:30 am,9:30–11:30 am,Closed,Closed,4:30–6:30 pm,"https://www.google.com/maps/search/pediatrician+in+Castellammare+di+Stabia+Naples+FL/@40.6981057,14.4880402,14z",2026-02-10T22:53:32.127Z,,,
https://www.google.com/maps/place/Palescandolo+Dr.+Michele/data=!4m7!3m6!1s0x133bbd9c45c465c9:0x406b759bedb18689!8m2!3d40.6924571!4d14.52267!16s%2Fg%2F1hc10d69q!19sChIJyWXERZy9OxMRiYax7Zt1a0A,Palescandolo Dr. Michele,5.0,2,Pediatrician,"Via Marianna Spagnuolo, 21, 80054 Gragnano NA, Italy","MGRF+X3 Gragnano, Metropolitan City of Naples, Italy",,+39 081 801 1969,,https://streetviewpixels-pa.googleapis.com/v1/thumbnail?panoid=A6UxZinZHSIIiDZbjzRy0Q&cb_client=search.gws-prod.gps&w=408&h=240&yaw=216.71216&pitch=0&thumbfov=100,false,,,,,,,,"https://www.google.com/maps/search/pediatrician+in+Gragnano+Naples+FL/@40.688303,14.5226346,14z",2026-02-10T22:53:42.842Z,,,
https://www.google.com/maps/place/Stile+Dr.+Vincenzo/data=!4m7!3m6!1s0x133bbd83161d034b:0x49e5d04a23df23af!8m2!3d40.688396!4d14.5228266!16s%2Fg%2F1hc17l9lk!19sChIJSwMdFoO9OxMRryPfI0rQ5Uk,Stile Dr. Vincenzo,,,Pediatrician,"Piazza Augusto Aubry, 80054 Gragnano NA, Italy","MGQF+94 Gragnano, Metropolitan City of Naples, Italy",,+39 081 801 3631,,https://streetviewpixels-pa.googleapis.com/v1/thumbnail?panoid=JzguBTTVF-3db54fSR-Yaw&cb_client=search.gws-prod.gps&w=408&h=240&yaw=26.8964&pitch=0&thumbfov=100,false,,,,,,,,"https://www.google.com/maps/search/pediatrician+in+Gragnano+Naples+FL/@40.688303,14.5226346,14z",2026-02-10T22:53:52.307Z,,,
"https://www.google.com/maps/place/Dott.ssa+Eleonora+Lalli,+Endocrinologo/data=!4m7!3m6!1s0x133bbd46954d6f05:0x22421cbf78a58ad9!8m2!3d40.6936845!4d14.5041483!16s%2Fg%2F11hv1f2lcp!19sChIJBW9NlUa9OxMR2YqleL8cQiI","Dott.ssa Eleonora Lalli, Endocrinologo",5.0,1,Endocrinologist,"Via Castellammare, 221, 80054 Gragnano NA, Italy","MGV3+FM Gragnano, Metropolitan City of Naples, Italy",https://www.miodottore.it/eleonora-lalli/endocrinologo-diabetologo/gragnano2?utm_source=google&utm_medium=gmb&utm_campaign=533309&utm_content=website,,,https://streetviewpixels-pa.googleapis.com/v1/thumbnail?panoid=7n5ZhYh7LTQMqHyyfkIUdQ&cb_client=search.gws-prod.gps&w=408&h=240&yaw=183.24211&pitch=0&thumbfov=100,true,,,,,,,,"https://www.google.com/maps/search/pediatrician+in+Gragnano+Naples+FL/@40.688303,14.5226346,14z",2026-02-10T22:53:54.851Z,,,
https://www.google.com/maps/place/Bernardo+Dr.+Nunzia+Sonia/data=!4m7!3m6!1s0x133b9c300a376e45:0xb11a544b9c8a1e38!8m2!3d40.6109784!4d14.3446885!16s%2Fg%2F1hc3hfhtc!19sChIJRW43CjCcOxMROB6KnEtUGrE,Bernardo Dr. Nunzia Sonia,,,Pediatrician,"Via Riccardo Filangieri, 24, 80061 Massa Lubrense NA, Italy","J86V+9V Massa Lubrense, Metropolitan City of Naples, Italy",,+39 081 808 9178,,https://streetviewpixels-pa.googleapis.com/v1/thumbnail?panoid=68sAUGLn-s1M3JP7hwvxXw&cb_client=search.gws-prod.gps&w=408&h=240&yaw=231.05629&pitch=0&thumbfov=100,false,,,,,,,,"https://www.google.com/maps/search/pediatrician+in+Massa+Lubrense+Naples+FL/@40.6108903,14.3449936,14z",2026-02-10T22:54:05.308Z,,,
https://www.google.com/maps/place/Dott+De+Rasis/data=!4m7!3m6!1s0x133b9c0ea20fa133:0xb25f594c92a21d1f!8m2!3d40.604302!4d14.3711899!16s%2Fg%2F11c6vcxfyd!19sChIJM6EPog6cOxMRHx2ikkxZX7I,Dott De Rasis,4.2,5,Doctor,"Via dei Campi, 26, 80061 Massa Lubrense NA, Italy","J93C+PF Massa Lubrense, Metropolitan City of Naples, Italy",https://www.salute.gov.it/imgs/C_17_minpag_1163_listaFile_itemName_0_file.pdf,+39 081 533 0236,Closed · Opens 9 am Wed,https://streetviewpixels-pa.googleapis.com/v1/thumbnail?panoid=sJWwz6eeVG4lkGWSbQltLQ&cb_client=search.gws-prod.gps&w=408&h=240&yaw=320.94937&pitch=0&thumbfov=100,true,9 am–12:30 pm,9 am–12:30 pm,9 am–12:30 pm,9 am–12:30 pm,Closed,Closed,9 am–12:30 pm,"https://www.google.com/maps/search/pediatrician+in+Massa+Lubrense+Naples+FL/@40.6108903,14.3449936,14z",2026-02-10T22:54:09.990Z,,,
https://www.google.com/maps/place/Bello+Dr.+Lorenzo/data=!4m7!3m6!1s0x133b99415f2363eb:0x1b1126030082e93a!8m2!3d40.6307123!4d14.3976492!16s%2Fg%2F1hc22fcsx!19sChIJ62MjX0GZOxMROumCAAMmERs,Bello Dr. Lorenzo,4.2,5,Doctor,"Via Don Minzoni, 31, 80065 Sant'Agnello NA, Italy","J9JX+73 Sant'Agnello, Metropolitan City of Naples, Italy",,+39 081 878 4729,,https://streetviewpixels-pa.googleapis.com/v1/thumbnail?panoid=dX1U9-3XFhpGoKDFxOEBSA&cb_client=search.gws-prod.gps&w=408&h=240&yaw=256.84015&pitch=0&thumbfov=100,false,,,,,,,,"https://www.google.com/maps/search/pediatrician+in+Sant'Agnello+Naples+FL/@40.8517746,14.2681244,14z",2026-02-10T22:54:20.799Z,,,
https://www.google.com/maps/place/Dr.+Salvatore+Anzalone/data=!4m7!3m6!1s0x88db1e1fc8299bc1:0x13a2de58e2fc47fe!8m2!3d26.1869517!4d-81.798597!16s%2Fg%2F11b7hh6bdp!19sChIJwZspyB8e24gR_kf84ljeohM,Dr. Salvatore Anzalone,3.9,37,,"3425 10th St N, Naples, FL 34103, United States","56P2+QH Naples, Florida, USA",,+1 239-262-3669,Permanently closed,https://streetviewpixels-pa.googleapis.com/v1/thumbnail?panoid=DEV7S3xrN22J3lDnO23jDQ&cb_client=search.gws-prod.gps&w=408&h=240&yaw=239.211&pitch=0&thumbfov=100,false,,,,,,,,"https://www.google.com/maps/search/pediatrician+in+Sant'Agnello+Naples+FL/@40.8517746,14.2681244,14z",2026-02-10T22:54:25.431Z,,,
"https://www.google.com/maps/place/Lighthouse+Pediatrics+of+Naples,+LLC/@40.6428867,14.4173398,14z/data=!4m6!3m5!1s0x88dae217f4c47915:0x2ab561399e0b2d74!8m2!3d26.1615813!4d-81.767523!16s%2Fg%2F11b8_3hlhc","Lighthouse Pediatrics of Naples, LLC",3.7,51,Pediatrician,"3227 Horseshoe Dr S, Naples, FL 34104, United States","566J+JX Naples, Florida, USA",https://www.lighthousepedsnaples.com/,+1 239-449-9882,Closed · Opens 8:30 am Wed,https://lh3.googleusercontent.com/gps-cs-s/AHVAweqYk7qQnS6AvPPB6UBJXmBdGkZM7DJJ3T2VgGHyULB3Cmm6h9o22BPzhayCa-aUd2ifvZYfMV6T5ElWSTRsY-b70vTqaLaQKOFzanxnPTTslWqo0RjI8MExQJJeQnWUCzT4JHhJ=w408-h544-k-no,true,8:30 am–5 pm,8:30 am–5 pm,8:30 am–5 pm,8:30 am–5 pm,Closed,Closed,8:30 am–5 pm,"https://www.google.com/maps/search/pediatrician+in+Meta+Naples+FL/@40.6428867,14.4173398,14z",2026-02-10T22:54:33.933Z,,Already found,
,,,,,,,,,,,,,,,,,,,"https://www.google.com/maps/search/pediatrician+in+Praiano+Naples+FL/@26.1391777,-81.7955475,14z",2026-02-10T22:54:50.386Z,,No new results found,
"https://www.google.com/maps/place/Acampora+Giovanni/@40.8517746,14.2681244,14z/data=!4m6!3m5!1s0x133bbd45d51b9d3b:0x13725cc24e273f14!8m2!3d40.6987362!4d14.4867652!16s%2Fg%2F1hc2gyglf",Acampora Giovanni,5.0,2,Pediatrician,"Via Nocera, 136, 80053 Castellammare di Stabia NA, Italy","MFXP+FP Castellammare di Stabia, Metropolitan City of Naples, Italy",,+39 081 871 5836,,https://streetviewpixels-pa.googleapis.com/v1/thumbnail?panoid=4lF7NXMXJsOpo9vJlndIwA&cb_client=search.gws-prod.gps&w=408&h=240&yaw=186.45013&pitch=0&thumbfov=100,false,,,,,,,,"https://www.google.com/maps/search/pediatrician+in+Furore+Naples+FL/@40.8517746,14.2681244,14z",2026-02-10T22:54:56.506Z,,Already found,
https://www.google.com/maps/place/Articolo+Dr.+Luigi/data=!4m7!3m6!1s0x133ba6af272710fd:0x905fae6408db6ea0!8m2!3d40.7856376!4d14.3724221!16s%2Fg%2F1hc729z9m!19sChIJ_RAnJ6-mOxMRoG7bCGSuX5A,Articolo Dr. Luigi,4.5,2,Pediatrician,"Piazza Luigi Palomba, 30, 80059 Torre del Greco NA, Italy","Q9PC+7X Torre del Greco, Metropolitan City of Naples, Italy",,+39 081 849 2450,,https://streetviewpixels-pa.googleapis.com/v1/thumbnail?panoid=qWa4n_SvB6CbgoxTh0653g&cb_client=search.gws-prod.gps&w=408&h=240&yaw=52.660244&pitch=0&thumbfov=100,false,,,,,,,,"https://www.google.com/maps/search/pediatrician+in+Torre+del+Greco+Naples+FL/@40.7893347,14.3674804,14z",2026-02-10T22:55:06.959Z,,,
https://www.google.com/maps/place/Speranza+Francesco+Saverio/data=!4m7!3m6!1s0x133ba6a5ea56120d:0xb529d4ca70094fff!8m2!3d40.7937948!4d14.3733912!16s%2Fg%2F1hc841zts!19sChIJDRJW6qWmOxMR_08JcMrUKbU,Speranza Francesco Saverio,5.0,1,Pediatrician,"Via Duca Lecco de Guevara, 1/C, 80059 Torre del Greco NA, Italy","Q9VF+G9 Torre del Greco, Metropolitan City of Naples, Italy",,+39 081 881 2372,,https://streetviewpixels-pa.googleapis.com/v1/thumbnail?panoid=M7QGUW322TbtD_x5JXjw_w&cb_client=search.gws-prod.gps&w=408&h=240&yaw=70.14975&pitch=0&thumbfov=100,true,,,,,,,,"https://www.google.com/maps/search/pediatrician+in+Torre+del+Greco+Naples+FL/@40.7893347,14.3674804,14z",2026-02-10T22:55:09.500Z,,,
https://www.google.com/maps/place/Molinaro+Maria+Francesca/data=!4m7!3m6!1s0x133ba6af299ed6a9:0x982828f70295bb56!8m2!3d40.7855878!4d14.3724302!16s%2Fg%2F1hc4b9h9_!19sChIJqdaeKa-mOxMRVruVAvcoKJg,Molinaro Maria Francesca,4.7,3,Pediatrician,"Piazza Luigi Palomba, 22, 80059 Torre del Greco NA, Italy","Q9PC+6X Torre del Greco, Metropolitan City of Naples, Italy",,+39 081 849 2589,,https://streetviewpixels-pa.googleapis.com/v1/thumbnail?panoid=eR2SnXBJNtbg9JqizzJy4w&cb_client=search.gws-prod.gps&w=408&h=240&yaw=32.533672&pitch=0&thumbfov=100,false,,,,,,,,"https://www.google.com/maps/search/pediatrician+in+Torre+del+Greco+Naples+FL/@40.7893347,14.3674804,14z",2026-02-10T22:55:12.099Z,,,
"https://www.google.com/maps/place/Sannoner+Dr.+Giuseppe/@40.790949,14.3673485,17z/data=!3m1!4b1!4m6!3m5!1s0x133ba6bac0ff8f05:0x68611befc121eec9!8m2!3d40.790949!4d14.3673485!16s%2Fg%2F1hc68237z",Sannoner Dr. Giuseppe,4.8,4,Family practice physician,"Via delle Forze Armate, 61, 80059 Torre del Greco NA, Italy","Q9R8+9W Torre del Greco, Metropolitan City of Naples, Italy",,+39 081 849 2023,,,false,,,,,,,,"https://www.google.com/maps/search/pediatrician+in+Torre+del+Greco+Naples+FL/@40.7893347,14.3674804,14z",2026-02-10T22:55:16.638Z,,,
"https://www.google.com/maps/place/Dott.ssa+Raffaella+Nocerino,+Pediatra/data=!4m7!3m6!1s0x133ba7ded45a3e23:0x11eaece534e83169!8m2!3d40.8120041!4d14.35571!16s%2Fg%2F11rj_t68kb!19sChIJIz5a1N6nOxMRaTHoNOXs6hE","Dott.ssa Raffaella Nocerino, Pediatra",5.0,1,Pediatrician,"Via Nicolò Marcello Venuti, 67, 80056 Ercolano NA, Italy","R964+R7 Ercolano, Metropolitan City of Naples, Italy",https://www.miodottore.it/raffaella-nocerino/pediatra/ercolano?utm_source=google&utm_medium=gmb&utm_campaign=559415&utm_content=website,,,https://streetviewpixels-pa.googleapis.com/v1/thumbnail?panoid=HB7SUhPexm2uMxQnjtrLYw&cb_client=search.gws-prod.gps&w=408&h=240&yaw=48.557713&pitch=0&thumbfov=100,true,,,,,,,,"https://www.google.com/maps/search/pediatrician+in+Torre+del+Greco+Naples+FL/@40.7893347,14.3674804,14z",2026-02-10T22:55:19.201Z,,,