placeUrl,title,rating,reviewCount,category,address,plusCode,website,phoneNumber,currentStatus,imgUrl,isClaimed,tuesday,wednesday,thursday,friday,saturday,sunday,monday,query,timestamp,info,error
https://www.google.com/maps/place/South+Valley+Vein+Center/data=!4m7!3m6!1s0x80ea417a5d245cbd:0x5088fe2e3a7fbf88!8m2!3d35.341761!4d-119.1008307!16s%2Fg%2F1tfvhj9m!19sChIJvVwkXXpB6oARiL9_Oi7-iFA,South Valley Vein Center,,,Medical Center,"1500 Haggin Oaks Blvd #202, Bakersfield, CA 93311, United States","8VRX+PM Bakersfield, California, USA",,+1 661-654-8346,Open · Closes 5 pm,https://streetviewpixels-pa.googleapis.com/v1/thumbnail?panoid=KgLhNW5_S82fVVsyFp7_eA&cb_client=search.gws-prod.gps&w=408&h=240&yaw=40.582912&pitch=0&thumbfov=100,false,9 am–5 pm,9 am–5 pm,9 am–5 pm,9 am–5 pm,Closed,Closed,9 am–5 pm,"https://www.google.com/maps/search/vein+clinics+in+Bakersfield+Bakersfield+CA/@35.3735112,-119.0204707,14z",2025-12-16T21:57:20.636Z,,
https://www.google.com/maps/place/Southern+California+Vascular+Institute/data=!4m7!3m6!1s0x80ea41f100f5a7cf:0x1e14954c37ac8580!8m2!3d35.3533496!4d-119.060729!16s%2Fg%2F11nmmy0gh9!19sChIJz6f1APFB6oARgIWsN0yVFB4,Southern California Vascular Institute,5.0,1,Medical clinic,"110 New Stine Rd, Bakersfield, CA 93309, United States","9W3Q+8P Bakersfield, California, USA",http://calvascular.net/contact-us/,+1 661-665-6075,Open · Closes 6 pm,https://streetviewpixels-pa.googleapis.com/v1/thumbnail?panoid=R14ygmjA-rTr17QQFbFRUg&cb_client=search.gws-prod.gps&w=408&h=240&yaw=99.61764&pitch=0&thumbfov=100,true,8 am–6 pm,8 am–6 pm,8 am–6 pm,8 am–6 pm,Closed,Closed,8 am–6 pm,"https://www.google.com/maps/search/vein+clinics+in+Bakersfield+Bakersfield+CA/@35.3735112,-119.0204707,14z",2025-12-16T21:57:26.037Z,,
https://www.google.com/maps/place/Clinica+Sierra+Vista+-+Delano+Walk-In+Clinic/data=!4m7!3m6!1s0x80eae586bcf73fa9:0x8e89624e77d9c638!8m2!3d35.7544021!4d-119.2507629!16s%2Fg%2F1v_vt6mh!19sChIJqT_3vIbl6oAROMbZd05iiY4,Clinica Sierra Vista - Delano Walk-In Clinic,2.4,38,Walk-in clinic,"425 Del Sol Pkwy, Delano, CA 93215, United States","QP3X+QM Delano, California, USA",https://www.clinicasierravista.org/?utm_source=LOCAL&utm_medium=organic&utm_campaign=GMB,+1 661-725-4780,Open · Closes 8 pm,https://lh3.googleusercontent.com/p/AF1QipNh2BjlHL37KAxvMaKS2_6IBRNJ8oFAy8BfXlrl=w408-h306-k-no,true,8 am–8 pm,8 am–8 pm,8 am–8 pm,8 am–8 pm,8 am–8 pm,Closed,8 am–8 pm,"https://www.google.com/maps/search/vein+clinics+in+Delano+Bakersfield+CA/@35.773398,-119.2709888,14z",2025-12-16T21:57:39.870Z,LGBTQ+ friendly,
https://www.google.com/maps/place/Kern+Vascular+Center/data=!4m7!3m6!1s0x80ea431d7278e0fd:0x6af0bcb2455682e4!8m2!3d35.4039294!4d-119.0928482!16s%2Fg%2F1tjt27hp!19sChIJ_eB4ch1D6oAR5IJWRbK88Go,Kern Vascular Center,3.0,66,Medical Center,"4825 Coffee Rd, Bakersfield, CA 93308, United States","CW34+HV Bakersfield, California, USA",http://www.kernvascularcenter.com/,+1 661-387-8333,Open · Closes 5 pm,https://lh3.googleusercontent.com/p/AF1QipMQI9rKbTYzvC1hTRrdoVANkeCJfY7qBWw8eGxN=w408-h272-k-no,true,8 am–5 pm,8 am–5 pm,8 am–5 pm,8 am–5 pm,9 am–12 pm,Closed,8 am–5 pm,"https://www.google.com/maps/search/vein+clinics+in+Delano+Bakersfield+CA/@35.773398,-119.2709888,14z",2025-12-16T21:57:44.778Z,,
https://www.google.com/maps/place/West+Medical+Bakersfield/data=!4m7!3m6!1s0x80ea43d1e0520a75:0x3e1f0a8c63c9ba68!8m2!3d35.4046197!4d-119.1112124!16s%2Fg%2F11h3tnf359!19sChIJdQpS4NFD6oARaLrJY4wKHz4,West Medical Bakersfield,4.8,38,Doctor,"4927 Calloway Dr #102, Bakersfield, CA 93312, United States","CV3Q+RG Bakersfield, California, USA",https://westmedical.com/,+1 661-451-7911,Open · Closes 5 pm,https://streetviewpixels-pa.googleapis.com/v1/thumbnail?panoid=FsoeUU_Ei2_37BTu8R1Ehw&cb_client=search.gws-prod.gps&w=408&h=240&yaw=187.99944&pitch=0&thumbfov=100,true,9 am–5 pm,9 am–5 pm,9 am–5 pm,9 am–5 pm,Closed,Closed,9 am–5 pm,"https://www.google.com/maps/search/vein+clinics+in+Delano+Bakersfield+CA/@35.773398,-119.2709888,14z",2025-12-16T21:57:49.725Z,,
https://www.google.com/maps/place/Renew+Med+Spa/data=!4m7!3m6!1s0x80eae5b3e78f0bab:0xba1391080852872e!8m2!3d35.7620041!4d-119.240218!16s%2Fg%2F11vptfrksm!19sChIJqwuP57Pl6oARLodSCAiRE7o,Renew Med Spa,5.0,4,Medical spa,"1205 Garces Hwy STE 303, Delano, CA 93215, United States","QQ65+RW Delano, California, USA",https://therenewmedspa.com/,+1 661-725-4847,Open · Closes 5 pm,https://lh3.googleusercontent.com/p/AF1QipMYBZgeysV5UhDLq1tjugFIEhfdUrdARsK_3JFp=w408-h544-k-no,true,8 am–5 pm,8 am–5 pm,8 am–5 pm,8 am–5 pm,Closed,Closed,8 am–5 pm,"https://www.google.com/maps/search/vein+clinics+in+Delano+Bakersfield+CA/@35.773398,-119.2709888,14z",2025-12-16T21:57:54.703Z,LGBTQ+ friendly,
https://www.google.com/maps/place/Vh+Vein+%26+Vascular+Center/data=!4m7!3m6!1s0x80eae591cc6e9c4b:0x81375c5810bae208!8m2!3d35.7658054!4d-119.2447301!16s%2Fg%2F11h5vz1wjw!19sChIJS5xuzJHl6oARCOK6EFhcN4E,Vh Vein & Vascular Center,,,,"714 Main St, Delano, CA 93215, United States","QQ84+84 Delano, California, USA",,,Permanently closed,https://streetviewpixels-pa.googleapis.com/v1/thumbnail?panoid=aI4I64K6-yO9-CuhZock0Q&cb_client=search.gws-prod.gps&w=408&h=240&yaw=65.93836&pitch=0&thumbfov=100,false,,,,,,,,"https://www.google.com/maps/search/vein+clinics+in+Delano+Bakersfield+CA/@35.773398,-119.2709888,14z",2025-12-16T21:57:59.308Z,,
https://www.google.com/maps/place/Heart+Vascular+and+Leg+Center/data=!4m7!3m6!1s0x80ea421b3023babd:0x61075882a159d1bc!8m2!3d35.368363!4d-119.0582753!16s%2Fg%2F1thffrrx!19sChIJvbojMBtC6oARvNFZoYJYB2E,Heart Vascular and Leg Center,4.7,464,Cardiologist,"5020 Commerce Dr, Bakersfield, CA 93309, United States","9W9R+8M Bakersfield, California, USA",https://www.heartandleg.com/,+1 661-324-4100,Open · Closes 6 pm,https://lh3.googleusercontent.com/gps-cs-s/AG0ilSylzvrs2GcUUGtitSKJoU7EEL6xDH464of656VLnkBsG6-c-iusmSugi0cPsu0YfoLkh_Eg90GWC2_svkd6KlI6WcAN4-QeX5RptIJ27Q1bziBsdI7EYBfbU5jD_12IqFOTC18=w408-h544-k-no,true,8 am–6 pm,8 am–6 pm,8 am–6 pm,8 am–5 pm,Closed,Closed,8 am–6 pm,"https://www.google.com/maps/search/vein+clinics+in+Shafter+Bakersfield+CA/@35.2232212,-118.9676636,14z",2025-12-16T21:58:12.690Z,,
"https://www.google.com/maps/place/Thatipelli+Mallik+MD,+RVT/data=!4m7!3m6!1s0x80ea6996aaaaaaab:0xace23afe8389ccf4!8m2!3d35.3852124!4d-119.0229887!16s%2Fg%2F1tdpmd47!19sChIJq6qqqpZp6oAR9MyJg_464qw","Thatipelli Mallik MD, RVT",4.7,13,Cardiologist,"2808 F St suite a, Bakersfield, CA 93301, United States","9XPG+3R Bakersfield, California, USA",http://www.calvascular.com/,+1 661-873-4216,Open · Closes 5 am Wed,https://lh3.googleusercontent.com/p/AF1QipNQORlYr2dM8ITdTqTbJ8sfF6F9e2YgLvWwt0qc=w408-h725-k-no,true,9 am–5 am,9 am–5 am,9 am–5 am,9 am–5 am,9 am–1 pm,Closed,9 am–5 am,"https://www.google.com/maps/search/vein+clinics+in+Shafter+Bakersfield+CA/@35.2232212,-118.9676636,14z",2025-12-16T21:58:17.747Z,,
"https://www.google.com/maps/place/Vascular+and+Interventional+Physician+Partners,+LLC./data=!4m7!3m6!1s0x80ea421c7eea9895:0x737e26740b241858!8m2!3d35.3671032!4d-119.0595843!16s%2Fg%2F11cly5k2z5!19sChIJlZjqfhxC6oARWBgkC3QmfnM","Vascular and Interventional Physician Partners, LLC.",4.5,2,Medical clinic,"1408 Commercial Way A, Bakersfield, CA 93309, United States","9W8R+R5 Bakersfield, California, USA",http://viphysicianpartners.com/,+1 661-377-2841,Open · Closes 5 pm,https://streetviewpixels-pa.googleapis.com/v1/thumbnail?panoid=oCg4-AeUXSw12gc0Xxkr5Q&cb_client=search.gws-prod.gps&w=408&h=240&yaw=127.87287&pitch=0&thumbfov=100,false,8 am–5 pm,8 am–5 pm,8 am–5 pm,8 am–5 pm,Closed,Closed,8 am–5 pm,"https://www.google.com/maps/search/vein+clinics+in+Shafter+Bakersfield+CA/@35.2232212,-118.9676636,14z",2025-12-16T21:58:22.578Z,,
https://www.google.com/maps/place/Dr.+Allan+Capote/data=!4m7!3m6!1s0x80ea431d6d9aaaab:0x6759a0301a07dc17!8m2!3d35.4041938!4d-119.0937969!16s%2Fg%2F11p07bc9cr!19sChIJq6qabR1D6oARF9wHGjCgWWc,Dr. Allan Capote,5.0,3,Vascular surgeon,"4901 Centennial Plaza Way, Bakersfield, CA 93312, United States","CW34+MF Bakersfield, California, USA",https://www.kernvascular.com/meet-our-providers/,+1 661-387-8333,,https://streetviewpixels-pa.googleapis.com/v1/thumbnail?panoid=LhTADp-1fLevXJs-4EE3AA&cb_client=search.gws-prod.gps&w=408&h=240&yaw=250.53166&pitch=0&thumbfov=100,false,,,,,,,,"https://www.google.com/maps/search/vein+clinics+in+Shafter+Bakersfield+CA/@35.2232212,-118.9676636,14z",2025-12-16T21:58:25.383Z,,
"https://www.google.com/maps/place/Dr.+Javier+E.+Miro,+MD/data=!4m7!3m6!1s0x80ea69988748a79f:0x30cab292939588b2!8m2!3d35.394301!4d-119.0077463!16s%2Fg%2F1tzzvtq1!19sChIJn6dIh5hp6oARsoiVk5KyyjA","Dr. Javier E. Miro, MD",4.0,1,Vascular surgeon,"3838 San Dimas St Ste B-231, Bakersfield, CA 93301, United States","9XVR+PW Bakersfield, California, USA",,+1 661-665-0505,,https://streetviewpixels-pa.googleapis.com/v1/thumbnail?panoid=tR09sRm7vUCc44SnBcaWWA&cb_client=search.gws-prod.gps&w=408&h=240&yaw=248.30423&pitch=0&thumbfov=100,false,,,,,,,,"https://www.google.com/maps/search/vein+clinics+in+Wasco+Bakersfield+CA/@35.3735112,-119.0204707,14z",2025-12-16T21:58:39.059Z,,
https://www.google.com/maps/place/Beautologie+Cosmetic+Surgery+%26+Medical+Aesthetics/data=!4m7!3m6!1s0x80ea420517e523ab:0x440e75f5e9919541!8m2!3d35.3703572!4d-119.055777!16s%2Fg%2F1tfcj1r9!19sChIJqyPlFwVC6oARQZWR6fV1DkQ,Beautologie Cosmetic Surgery & Medical Aesthetics,4.7,492,Plastic surgeon,"4850 Commerce Dr, Bakersfield, CA 93309, United States","9WCV+4M Bakersfield, California, USA",https://www.beautologie.com/,+1 661-327-3800,Open · Closes 5 pm,https://lh3.googleusercontent.com/p/AF1QipMlX0n7fDFDcw5rXzvdrKLRsyQwm9OZShAm0MET=w408-h306-k-no,true,8:30 am–5 pm,8:30 am–5 pm,8:30 am–5 pm,8:30 am–5 pm,Closed,Closed,8:30 am–5 pm,"https://www.google.com/maps/search/vein+clinics+in+Wasco+Bakersfield+CA/@35.3735112,-119.0204707,14z",2025-12-16T21:58:44.222Z,,
https://www.google.com/maps/place/Truxtun+Surgery+Center/data=!4m7!3m6!1s0x80ea42062d7f1417:0x95983b19c6109a7b!8m2!3d35.3732376!4d-119.0486602!16s%2Fg%2F1tngqlv_!19sChIJFxR_LQZC6oARe5oQxhk7mJU,Truxtun Surgery Center,4.9,1016,Surgical center,"4260 Truxtun Ave STE 120, Bakersfield, CA 93309, United States","9XF2+7G Bakersfield, California, USA",https://healthy.kaiserpermanente.org/southern-california/facilities/truxtun-surgery-center-430128,+1 661-327-3636,Open · Closes 5 pm,https://streetviewpixels-pa.googleapis.com/v1/thumbnail?panoid=2ix41MdS96b0I3l3ynUpFg&cb_client=search.gws-prod.gps&w=408&h=240&yaw=42.942352&pitch=0&thumbfov=100,false,9 am–5 pm,9 am–5 pm,9 am–5 pm,9 am–5 pm,Closed,Closed,9 am–5 pm,"https://www.google.com/maps/search/vein+clinics+in+Wasco+Bakersfield+CA/@35.3735112,-119.0204707,14z",2025-12-16T21:58:49.153Z,,
https://www.google.com/maps/place/Centennial+Medical+Group/data=!4m7!3m6!1s0x80ea69f535a7a597:0x50fa3cf4119b0169!8m2!3d35.3721313!4d-119.0229873!16s%2Fg%2F1vppsv9g!19sChIJl6WnNfVp6oARaQGbEfQ8-lA,Centennial Medical Group,4.8,228,Plastic surgeon,"1801 16th St, Bakersfield, CA 93301, United States","9XCG+VR Bakersfield, California, USA",http://cmg.md/,+1 661-326-8989,Open · Closes 5 pm,https://lh3.googleusercontent.com/gps-cs-s/AG0ilSyuzYmw-uuXMRkOvpG2GBIn5wIwN6mAM0UxMI4lwr7PkNWzMMTZ30ig1VQ7wOfCchLoN-Tz3X-g53laqgF-dcUs8-UbQEhojhVe-Mpx57gO0bdfGTGXhsL_ulzl2UCQz37yfR2C9Q=w408-h544-k-no,true,8 am–5 pm,8 am–5 pm,8 am–5 pm,8 am–5 pm,Closed,Closed,8 am–5 pm,"https://www.google.com/maps/search/vein+clinics+in+Wasco+Bakersfield+CA/@35.3735112,-119.0204707,14z",2025-12-16T21:58:54.219Z,,
https://www.google.com/maps/place/Southern+Ca+Vascular+Institute+%26+Vn/data=!4m7!3m6!1s0x80ea69eccbe9f38d:0x46549279702e5551!8m2!3d35.3843235!4d-119.0231631!16s%2Fg%2F12613xgrs!19sChIJjfPpy-xp6oARUVUucHmSVEY,Southern Ca Vascular Institute & Vn,,,Medical clinic,"2700 F St #100, Bakersfield, CA 93301, United States","9XMG+PP Bakersfield, California, USA",,+1 661-864-7575,Open · Closes 5 pm,https://streetviewpixels-pa.googleapis.com/v1/thumbnail?panoid=sHHyEuJgD085djz9qTluHw&cb_client=search.gws-prod.gps&w=408&h=240&yaw=95.38436&pitch=0&thumbfov=100,false,8 am–5 pm,8 am–5 pm,8 am–5 pm,8 am–5 pm,Closed,Closed,8 am–5 pm,"https://www.google.com/maps/search/vein+clinics+in+Wasco+Bakersfield+CA/@35.3735112,-119.0204707,14z",2025-12-16T21:58:58.972Z,,
https://www.google.com/maps/place/Empire+Aesthetic+Center/data=!4m7!3m6!1s0x80ea43e8165e5ba1:0xa473fcef6ae6e419!8m2!3d35.3739731!4d-119.0468564!16s%2Fg%2F11t6zc3484!19sChIJoVteFuhD6oARGeTmau_8c6Q,Empire Aesthetic Center,4.9,158,Medical spa,"4101 Empire Dr #120, Bakersfield, CA 93309, United States","9XF3+H7 Bakersfield, California, USA",https://empireaestheticcenter.com/,+1 661-825-4569,Open · Closes 5 pm,https://lh3.googleusercontent.com/p/AF1QipPKcQFhbDBnKaqzNIvRh-Ug6hJFEEUi64113GIx=w426-h240-k-no,true,8 am–5 pm,8 am–5 pm,8 am–5 pm,8 am–4:30 pm,Closed,Closed,Closed,"https://www.google.com/maps/search/vein+clinics+in+Wasco+Bakersfield+CA/@35.3735112,-119.0204707,14z",2025-12-16T21:59:04.052Z,,
https://www.google.com/maps/place/Adventist+Health+Specialty+Bakersfield/data=!4m7!3m6!1s0x80ea69e0cad0d1dd:0x16c3293b991a2fbc!8m2!3d35.3849159!4d-119.0399798!16s%2Fm%2F04g39k3!19sChIJ3dHQyuBp6oARvC8amTspwxY,Adventist Health Specialty Bakersfield,4.6,3107,Hospital,"3001 Sillect Ave, Bakersfield, CA 93308, United States","9XM6+X2 Bakersfield, California, USA",https://www.adventisthealth.org/specialty-bakersfield/,+1 661-316-6000,Open 24 hours,https://lh3.googleusercontent.com/p/AF1QipPDJ9VCPX20ffS__MJMv15ClTq17mnQW0mtsxOr=w408-h271-k-no,true,Open 24 hours,Open 24 hours,Open 24 hours,Open 24 hours,Open 24 hours,Open 24 hours,Open 24 hours,"https://www.google.com/maps/search/vein+clinics+in+Wasco+Bakersfield+CA/@35.3735112,-119.0204707,14z",2025-12-16T21:59:09.149Z,,
https://www.google.com/maps/place/Renove+Aesthetics+%26+Wellness/data=!4m7!3m6!1s0x80ea695d7f087365:0xe70f6bf68969d6bb!8m2!3d35.3818157!4d-119.0214411!16s%2Fg%2F11pd0q012m!19sChIJZXMIf11p6oARu9ZpifZrD-c,Renove Aesthetics & Wellness,5.0,5,Medical spa,"2427 H St, Bakersfield, CA 93301, United States","9XJH+PC Bakersfield, California, USA",,+1 661-636-5072,Open · Closes 7 pm,https://lh3.googleusercontent.com/p/AF1QipOnAegudSY401_JatX-OJIoTDCf1PS8ksS0ztOa=w408-h467-k-no,true,10 am–7 pm,10 am–7 pm,10 am–7 pm,10 am–7 pm,10 am–5 pm,Closed,Closed,"https://www.google.com/maps/search/vein+clinics+in+Wasco+Bakersfield+CA/@35.3735112,-119.0204707,14z",2025-12-16T21:59:14.035Z,LGBTQ+ friendly,
https://www.google.com/maps/place/Wound+Care+%26+Hyperbaric+Therapy:+Adventist+Health+Bakersfield/data=!4m7!3m6!1s0x80ea696f19912dd7:0xc56e5cad44453a08!8m2!3d35.3832366!4d-119.0214656!16s%2Fg%2F11jp03zt8n!19sChIJ1y2RGW9p6oARCDpFRK1cbsU,Wound Care & Hyperbaric Therapy: Adventist Health Bakersfield,4.9,59,Medical office,"2603 H St, Bakersfield, CA 93301, United States","9XMH+7C Bakersfield, California, USA",https://www.adventisthealth.org/bakersfield/services/wound-care/,+1 661-863-2620,Open · Closes 5 pm,https://lh3.googleusercontent.com/p/AF1QipOtsoewP_symKVpAUl4dItQN5mTR849krFFClh2=w408-h306-k-no,true,8 am–5 pm,8 am–5 pm,8 am–5 pm,8 am–5 pm,Closed,Closed,8 am–5 pm,"https://www.google.com/maps/search/vein+clinics+in+Wasco+Bakersfield+CA/@35.3735112,-119.0204707,14z",2025-12-16T21:59:19.006Z,,
https://www.google.com/maps/place/Truxtun+Foot+%26+Ankle+Specialists/data=!4m7!3m6!1s0x80ea4382f4b2cb53:0xe8ead7796c440907!8m2!3d35.3684301!4d-119.0582661!16s%2Fg%2F11k74dwy45!19sChIJU8uy9IJD6oARBwlEbHnX6ug,Truxtun Foot & Ankle Specialists,4.8,141,Podiatrist,"5020 Commerce Dr Suite B, Bakersfield, CA 93309, United States","9W9R+9M Bakersfield, California, USA",https://www.footandwound.com/,+1 661-727-0000,Open · Closes 6 pm,https://streetviewpixels-pa.googleapis.com/v1/thumbnail?panoid=BK-JXJPRRAnxiF4oR3dikw&cb_client=search.gws-prod.gps&w=408&h=240&yaw=300.2867&pitch=0&thumbfov=100,true,8 am–6 pm,8 am–6 pm,8 am–6 pm,8 am–5 pm,Closed,Closed,8 am–6 pm,"https://www.google.com/maps/search/vein+clinics+in+Wasco+Bakersfield+CA/@35.3735112,-119.0204707,14z",2025-12-16T21:59:24.020Z,,
https://www.google.com/maps/place/FPA+Women%27s+Health/data=!4m7!3m6!1s0x80ea699297c0c58f:0x7287566b211727ec!8m2!3d35.3823436!4d-119.0208291!16s%2Fg%2F1tgp137k!19sChIJj8XAl5Jp6oAR7CcXIWtWh3I,FPA Women's Health,4.5,338,Women's health clinic,"2500 H St, Bakersfield, CA 93301, United States","9XJH+WM Bakersfield, California, USA",https://www.fpawomenshealth.com/?utm_source=gmb_auth,+1 661-633-5266,Open · Closes 5 pm,https://lh3.googleusercontent.com/gps-cs-s/AG0ilSy55pVnIJmVufgTBtlRzBpvQcffLNwzsAytVH44oAc9hmssmj3xMHwFp-5_iTL6OC5AA03ZohvwIttqZd3wbOKzWsBLv5ez2oAP8EucUbH2tghf4dMWQoUZX7K4xkvJZphxFAXZ=w408-h306-k-no,true,8 am–5 pm,8 am–5 pm,8 am–5 pm,8 am–5 pm,Closed,Closed,8 am–5 pm,"https://www.google.com/maps/search/vein+clinics+in+Wasco+Bakersfield+CA/@35.3735112,-119.0204707,14z",2025-12-16T21:59:29.170Z,,
https://www.google.com/maps/place/Empire+Eye+and+Laser+Center/data=!4m7!3m6!1s0x80ea4207fb5e72b9:0x41902274315fe066!8m2!3d35.3740932!4d-119.0466559!16s%2Fg%2F1tz71q7x!19sChIJuXJe-wdC6oARZuBfMXQikEE,Empire Eye and Laser Center,4.8,789,Ophthalmologist,"4105 Empire Dr, Bakersfield, CA 93309, United States","9XF3+J8 Bakersfield, California, USA",http://www.empireeyeandlaser.com/,+1 661-325-3937,Open · Closes 5 pm,https://lh3.googleusercontent.com/p/AF1QipPqSHmI0kI8b-HnhrDUPaOR6gTSf7jAJG-DKJw3=w408-h270-k-no,true,7 am–5 pm,7 am–5 pm,7 am–5 pm,7 am–4:30 pm,Closed,Closed,7 am–5 pm,"https://www.google.com/maps/search/vein+clinics+in+Wasco+Bakersfield+CA/@35.3735112,-119.0204707,14z",2025-12-16T21:59:34.077Z,,
https://www.google.com/maps/place/Beyond+Charms+%26+Curves/data=!4m7!3m6!1s0x80ea69f529e13445:0xd3ba2997abb5e086!8m2!3d35.3731392!4d-119.0231641!16s%2Fg%2F11p73qhzb8!19sChIJRTThKfVp6oARhuC1q5cputM,Beyond Charms & Curves,5.0,25,Medical spa,"1831 Truxtun Ave # 115, Bakersfield, CA 93301, United States","9XFG+7P Bakersfield, California, USA",https://beyondcharmscurves.com/home,+1 661-489-1019,"Open · Closes 6 pm

Updated by this business 7 weeks ago",https://lh3.googleusercontent.com/p/AF1QipPAIM1H9U5osG6BxpnzMIeewPNSZT3G8se_RldF=w408-h544-k-no,true,9 am–6 pm,9 am–6 pm,9 am–6 pm,9 am–6 pm,2–4 pm,Closed,2–6 pm,"https://www.google.com/maps/search/vein+clinics+in+Wasco+Bakersfield+CA/@35.3735112,-119.0204707,14z",2025-12-16T21:59:39.008Z,,
https://www.google.com/maps/place/Anti-Aging+%26+Wellness+Center/data=!4m7!3m6!1s0x80ea41fb6d0edb83:0x45110c558bbc8203!8m2!3d35.3544464!4d-119.0527114!16s%2Fg%2F1tc_wxs1!19sChIJg9sObftB6oARA4K8i1UMEUU,Anti-Aging & Wellness Center,4.8,86,Wellness center,"4000 Stockdale Hwy STE D, Bakersfield, CA 93309, United States","9W3W+QW Bakersfield, California, USA",https://www.antiagingwellnesscenter.com/,+1 661-325-7452,"Open · Closes 4:30 pm

Updated by this business 4 weeks ago",https://streetviewpixels-pa.googleapis.com/v1/thumbnail?panoid=kEfkhG7XQ7y9g-aH7q4RbA&cb_client=search.gws-prod.gps&w=408&h=240&yaw=195.74615&pitch=0&thumbfov=100,true,8:30 am–4:30 pm,8:30 am–4:30 pm,8:30 am–4:30 pm,8:30 am–3 pm,Closed,Closed,8:30 am–4:30 pm,"https://www.google.com/maps/search/vein+clinics+in+Wasco+Bakersfield+CA/@35.3735112,-119.0204707,14z",2025-12-16T21:59:43.822Z,,
https://www.google.com/maps/place/California+Institute+of+Cosmetic+%26+Reconstructive+Surgery/data=!4m7!3m6!1s0x80ea695feb9320fd:0x42354566ea47968a!8m2!3d35.3854356!4d-119.0391531!16s%2Fg%2F11mb1dk_jm!19sChIJ_SCT619p6oARipZH6mZFNUI,California Institute of Cosmetic & Reconstructive Surgery,4.6,26,Plastic surgeon,"2901 Sillect Ave Ste 201, Bakersfield, CA 93308, United States","9XP6+58 Bakersfield, California, USA",https://doctorytrust.com/bakersfield/plastic-surgeons/california-institute-of-cosmetic-reconstructive-surgery,+1 661-327-2101,"Open · Closes 5 pm

Confirmed by this business 10 weeks ago",https://streetviewpixels-pa.googleapis.com/v1/thumbnail?panoid=RZwtdXLGqbeW6tCbB-obIQ&cb_client=search.gws-prod.gps&w=408&h=240&yaw=94.64301&pitch=0&thumbfov=100,true,8 am–5 pm,8 am–5 pm,8 am–5 pm,8 am–5 pm,Closed,Closed,8 am–5 pm,"https://www.google.com/maps/search/vein+clinics+in+Wasco+Bakersfield+CA/@35.3735112,-119.0204707,14z",2025-12-16T21:59:48.840Z,,
https://www.google.com/maps/place/Dignity+Health+-+Memorial+Hospital/data=!4m7!3m6!1s0x80ea699920e77f3f:0xa04b4e60b3cb5c9e!8m2!3d35.3914547!4d-119.0068539!16s%2Fm%2F04g3llb!19sChIJP3_nIJlp6oARnlzLs2BOS6A,Dignity Health - Memorial Hospital,4.1,2360,General hospital,"420 34th St, Bakersfield, CA 93301, United States","9XRV+H7 Bakersfield, California, USA",https://locations.dignityhealth.org/dignity-health-memorial-hospital,+1 661-327-4647,,https://lh3.googleusercontent.com/p/AF1QipOdxuMxzUaSD71q0etEh75U5WHFnjLGD3QQ8zY=w426-h240-k-no,true,Open 24 hours,Open 24 hours,Open 24 hours,Open 24 hours,Open 24 hours,Open 24 hours,Open 24 hours,"https://www.google.com/maps/search/vein+clinics+in+Wasco+Bakersfield+CA/@35.3735112,-119.0204707,14z",2025-12-16T21:59:54.163Z,,
https://www.google.com/maps/place/Bakersfield+Med+Spa/data=!4m7!3m6!1s0x80ea69eccbe9f38d:0x94aecfdfac28d7d6!8m2!3d35.384228!4d-119.0231941!16s%2Fg%2F1261_2jkz!19sChIJjfPpy-xp6oAR1tcorN_PrpQ,Bakersfield Med Spa,3.7,9,Medical spa,"2700 F St #100, Bakersfield, CA 93301, United States","9XMG+MP Bakersfield, California, USA",https://www.drtiwanamd.com/medspa,+1 661-325-7600,Open · Closes 5 pm,https://streetviewpixels-pa.googleapis.com/v1/thumbnail?panoid=JxK9_tORlNuO4yrW_w3alw&cb_client=search.gws-prod.gps&w=408&h=240&yaw=20.318375&pitch=0&thumbfov=100,true,8:30 am–5 pm,8:30 am–5 pm,8:30 am–5 pm,8:30 am–5 pm,Closed,Closed,8:30 am–5 pm,"https://www.google.com/maps/search/vein+clinics+in+Wasco+Bakersfield+CA/@35.3735112,-119.0204707,14z",2025-12-16T21:59:59.179Z,,
https://www.google.com/maps/place/Kern+Radiology+San+Dimas/data=!4m7!3m6!1s0x80ea69988748a79f:0x7b9a6f5d757e9a38!8m2!3d35.3946456!4d-119.0075149!16s%2Fg%2F1tf6xnsj!19sChIJn6dIh5hp6oAROJp-dV1vmns,Kern Radiology San Dimas,4.7,5812,Medical diagnostic imaging center,"3838 San Dimas St a120, Bakersfield, CA 93301, United States","9XVR+VX Bakersfield, California, USA",https://www.radnet.com/kern-radiology/locations/kern-radiology-memorial-medical-plaza?utm_source=GMB&utm_medium=Kern_San_Dimas&utm_campaign=GMB_Kern_San_Dimas,+1 661-326-9600,Open · Closes 6 pm,https://lh3.googleusercontent.com/gps-cs-s/AG0ilSyZ8lnQ69PKCZgHsvostYVyoShfjjxjAIs39Q4gZZVTg5wEQD_tUZWCq8m5PYOkuqy-wcE7Nf2LSEudlDzMTasJsK_MRzuYYBeT0dnkpNV_Syig-t7of3j0mxb_l2BD3_NqjNc0gDIGc4IE=w408-h544-k-no,true,6 am–6 pm,6 am–6 pm,6 am–6 pm,6 am–6 pm,8 am–1:30 pm,Closed,6 am–6 pm,"https://www.google.com/maps/search/vein+clinics+in+Wasco+Bakersfield+CA/@35.3735112,-119.0204707,14z",2025-12-16T22:00:04.064Z,,
https://www.google.com/maps/place/Vipmd+Cardiology/data=!4m7!3m6!1s0x80ea69e75a19e677:0x35d185d7af8d622c!8m2!3d35.3968553!4d-119.0091549!16s%2Fg%2F11mq3710gt!19sChIJd-YZWudp6oARLGKNr9eF0TU,Vipmd Cardiology,4.5,2,Cardiologist,"4000 Physicians Blvd bldg e ste 101, Bakersfield, CA 93301, United States","9XWR+P8 Bakersfield, California, USA",https://drcynthia.com/,+1 661-327-0807,Open · Closes 4:30 pm,https://lh3.googleusercontent.com/p/AF1QipNpgpoRLkThQYM05-5yfgaPDdqczzVCQhdoShgc=w408-h307-k-no,true,"8 am–12 pm, 1–4:30 pm","8 am–12 pm, 1–4:30 pm","8 am–12 pm, 1–4:30 pm","8 am–12 pm, 1–4:30 pm",Closed,Closed,"8 am–12 pm, 1–4:30 pm","https://www.google.com/maps/search/vein+clinics+in+Wasco+Bakersfield+CA/@35.3735112,-119.0204707,14z",2025-12-16T22:00:08.797Z,,
https://www.google.com/maps/place/Bakersfield+Family+Medical+Center/data=!4m7!3m6!1s0x80ea4203c7797c27:0x56445f90b104a766!8m2!3d35.3664478!4d-119.0534023!16s%2Fg%2F1tdsk2mp!19sChIJJ3x5xwNC6oARZqcEsZBfRFY,Bakersfield Family Medical Center,2.9,84,Urgent care center,"4580 California Ave, Bakersfield, CA 93309, United States","9W8W+HJ Bakersfield, California, USA",http://www.bfmc.com/,+1 661-327-4411,Open · Closes 8 pm,https://lh3.googleusercontent.com/gps-cs-s/AG0ilSx1HBzkrOgH2cQQNodIkhFHJgSrrBuS8MwALSpJURBrhKfInQDLaQJenJ78Vgf8p6fsQICpaBCocMRAv4_98sGawxRztCA4ePYDCIa0ldy6j1XUUpbySpTJzMJXDoIZfrZid4Ny=w503-h240-k-no,true,8 am–8 pm,8 am–8 pm,8 am–8 pm,8 am–8 pm,8 am–8 pm,8 am–8 pm,8 am–8 pm,"https://www.google.com/maps/search/vein+clinics+in+Wasco+Bakersfield+CA/@35.3735112,-119.0204707,14z",2025-12-16T22:00:13.790Z,,
https://www.google.com/maps/place/Healing+Arts+Surgery+Center/data=!4m7!3m6!1s0x80ea69eccbe9f38d:0x659bbd1af8dfc27c!8m2!3d35.384228!4d-119.0231941!16s%2Fg%2F1tjxfzmq!19sChIJjfPpy-xp6oARfMLf-Bq9m2U,Healing Arts Surgery Center,2.0,1,Surgical center,"2700 F St # 101, Bakersfield, CA 93301, United States","9XMG+MP Bakersfield, California, USA",,+1 661-322-4325,Open · Closes 5 pm,https://streetviewpixels-pa.googleapis.com/v1/thumbnail?panoid=lQFPLRGQU98ZAzD9NW_pOQ&cb_client=search.gws-prod.gps&w=408&h=240&yaw=59.31141&pitch=0&thumbfov=100,false,9 am–5 pm,9 am–5 pm,9 am–5 pm,9 am–5 pm,Closed,Closed,9 am–5 pm,"https://www.google.com/maps/search/vein+clinics+in+Wasco+Bakersfield+CA/@35.3735112,-119.0204707,14z",2025-12-16T22:00:18.853Z,,
"https://www.google.com/maps/place/Vinod+Kumar,+MD,+FACC/data=!4m7!3m6!1s0x80ea421b3e1091cf:0xab6fad70ed74cd30!8m2!3d35.3683114!4d-119.0582531!16s%2Fg%2F1hc1y2rv1!19sChIJz5EQPhtC6oARMM107XCtb6s","Vinod Kumar, MD, FACC",4.6,90,Cardiologist,"5020 Commerce Dr, Bakersfield, CA 93309, United States","9W9R+8M Bakersfield, California, USA",https://www.heartandleg.com/,+1 661-324-4100,Open · Closes 6 pm,https://lh3.googleusercontent.com/p/AF1QipPHZzaWW73weFyzTogBHemBkWbxfME_Usjjb829=w486-h240-k-no,true,8 am–6 pm,8 am–6 pm,8 am–6 pm,8 am–6 pm,Closed,Closed,8 am–6 pm,"https://www.google.com/maps/search/vein+clinics+in+Wasco+Bakersfield+CA/@35.3735112,-119.0204707,14z",2025-12-16T22:00:23.806Z,,
https://www.google.com/maps/place/Skinsation+Medical+Aesthetics+%2B+Wellness/data=!4m7!3m6!1s0x80ea4179e47088b7:0x279259dd6142594!8m2!3d35.3417615!4d-119.1008309!16s%2Fg%2F12hpqzs1b!19sChIJt4hw5HlB6oARlCUU1p0leQI,Skinsation Medical Aesthetics + Wellness,4.6,23,Medical spa,"1500 Haggin Oaks Blvd Ste 100, Bakersfield, CA 93311, United States","8VRX+PM Bakersfield, California, USA",https://www.skinsationmedical.com/?utm_source=google&utm_medium=organic&utm_campaign=gbp,+1 661-617-6101,Open · Closes 5 pm,https://lh3.googleusercontent.com/gps-cs-s/AG0ilSyM6I-6D44Vx5jWvkV2tFWvUldIRV3kAKcrqLhag6jIB-69TYrl6R9dQwRHs0Fyj5yYLleyDpWQnJKIPOuejB0Ct8HPkJIKciqvfMJ54_9DCwOawvUJdXtDVr-_OtEz5-9902Jnrw=w408-h307-k-no,true,9 am–5 pm,9 am–5 pm,9 am–5 pm,9 am–2 pm,Closed,Closed,9 am–5 pm,"https://www.google.com/maps/search/vein+clinics+in+Wasco+Bakersfield+CA/@35.3735112,-119.0204707,14z",2025-12-16T22:00:28.788Z,,
https://www.google.com/maps/place/Dignity+Health+-+Mercy+Hospital+Downtown/data=!4m7!3m6!1s0x80ea69f69c69081b:0x2e59e7db42a1426!8m2!3d35.3731412!4d-119.0271451!16s%2Fg%2F1q5ccg7xj!19sChIJGwhpnPZp6oARJhQqtH2e5QI,Dignity Health - Mercy Hospital Downtown,4.0,856,General hospital,"2215 Truxtun Ave, Bakersfield, CA 93301, United States","9XFF+74 Bakersfield, California, USA",https://locations.dignityhealth.org/dignity-health-mercy-hospital-downtown,+1 661-632-5000,,https://lh3.googleusercontent.com/p/AF1QipO2tmwx1r13AhS4qV7jMJ7cG31HBYoTWSJrrVaJ=w426-h240-k-no,true,Open 24 hours,Open 24 hours,Open 24 hours,Open 24 hours,Open 24 hours,Open 24 hours,Open 24 hours,"https://www.google.com/maps/search/vein+clinics+in+Wasco+Bakersfield+CA/@35.3735112,-119.0204707,14z",2025-12-16T22:00:33.996Z,,
https://www.google.com/maps/place/Divina+Medical+Spa/data=!4m7!3m6!1s0x80ea698224370d61:0xf78381c71a3c8356!8m2!3d35.3966438!4d-119.0078407!16s%2Fg%2F11vyx01jmb!19sChIJYQ03JIJp6oARVoM8GseBg_c,Divina Medical Spa,5.0,5,Medical spa,"4040 San Dimas St # B, Bakersfield, CA 93301, United States","9XWR+MV Bakersfield, California, USA",https://www.divinamedspa.com/,+1 661-525-9942,Open · Closes 5 pm,https://lh3.googleusercontent.com/p/AF1QipN_Z35zJW3gBOt4heht4Onwft6eyKgk6V8_WV1E=w408-h306-k-no,true,8 am–5 pm,8 am–5 pm,8 am–5 pm,8 am–5 pm,Closed,Closed,8 am–5 pm,"https://www.google.com/maps/search/vein+clinics+in+Wasco+Bakersfield+CA/@35.3735112,-119.0204707,14z",2025-12-16T22:00:39.172Z,,
https://www.google.com/maps/place/California+Retina+Consultants/data=!4m7!3m6!1s0x80ea41f61c178c77:0xb298479b072c6501!8m2!3d35.356676!4d-119.059876!16s%2Fg%2F1v3h_8xt!19sChIJd4wXHPZB6oARAWUsB5tHmLI,California Retina Consultants,4.7,299,Eye care center,"5555 Business Park S STE 100, Bakersfield, CA 93309, United States","9W4R+M2 Bakersfield, California, USA",http://californiaretina.com/,+1 661-325-4393,,https://lh3.googleusercontent.com/gps-cs-s/AG0ilSztyiEBfY4f9BMyTSsUmgN6Qpv0xszeF3V9F9hp5msj9yqxtIwvCvdSkDhn7GW2IjeQO5vKXPivQQsSiFUiqreYcet099pKnhbpIOpJbkboKfO1WADeV1looLPOn6QHC5dVfPRrMA=w408-h725-k-no,true,,,,,,,,"https://www.google.com/maps/search/vein+clinics+in+Wasco+Bakersfield+CA/@35.3735112,-119.0204707,14z",2025-12-16T22:00:42.077Z,,
https://www.google.com/maps/place/Industrial+Medical+Group/data=!4m7!3m6!1s0x80ea6992ca7cd91f:0xb0a098c869f2e8eb!8m2!3d35.3821404!4d-119.0225225!16s%2Fg%2F1tc_rb31!19sChIJH9l8ypJp6oAR6-jyaciYoLA,Industrial Medical Group,1.4,148,Medical clinic,"2501 G St, Bakersfield, CA 93301, United States","9XJG+VX Bakersfield, California, USA",http://industrial-group.poi.place/,+1 661-327-2225,Open · Closes 5:30 pm,https://lh3.googleusercontent.com/gps-cs-s/AG0ilSxcuR41qCnzbAMFDM3AHHsVULcFPrdg3VlkKkkNZqIpdr5nvnwj_BJ9bEv450FZ4gGWWRJuAMFEm_zuweKeNNl_ujEtJT9H-siyqUsngVAPTgI_3_CCPSfSkdhViHMWXqtZuQIi1w=w408-h317-k-no,false,8 am–5:30 pm,8 am–5:30 pm,8 am–5:30 pm,8 am–5:30 pm,Closed,Closed,8 am–5:30 pm,"https://www.google.com/maps/search/vein+clinics+in+Wasco+Bakersfield+CA/@35.3735112,-119.0204707,14z",2025-12-16T22:00:47.177Z,,
"https://www.google.com/maps/place/Dr.+Tien+Nguyen,+MD/data=!4m7!3m6!1s0x80ea431d7278e0fd:0xf9b1dff169f1a7dd!8m2!3d35.4041719!4d-119.0938314!16s%2Fg%2F1tfg3ddy!19sChIJ_eB4ch1D6oAR3afxafHfsfk","Dr. Tien Nguyen, MD",3.4,10,Vascular surgeon,"4901 Centennial Plaza Way, Bakersfield, CA 93312, United States","CW34+MF Bakersfield, California, USA",https://www.dignityhealth.org/ourdoctors/1013923481-tien-nguyen,+1 661-387-8333,,https://streetviewpixels-pa.googleapis.com/v1/thumbnail?panoid=nwpvOn30VEeyyS79pAQrkw&cb_client=search.gws-prod.gps&w=408&h=240&yaw=272.43582&pitch=0&thumbfov=100,false,,,,,,,,"https://www.google.com/maps/search/vein+clinics+in+Wasco+Bakersfield+CA/@35.3735112,-119.0204707,14z",2025-12-16T22:00:50.169Z,,
https://www.google.com/maps/place/Phlebotomy+Training+Specialists/data=!4m7!3m6!1s0x80ea43dd1dcff4c3:0x5f20324af4172eca!8m2!3d35.36732!4d-119.0539493!16s%2Fg%2F11rd01f0pc!19sChIJw_TPHd1D6oARyi4X9EoyIF8,Phlebotomy Training Specialists,4.9,186,Vocational school,"4560 California Ave Suite 205, Bakersfield, CA 93309, United States","9W8W+WC Bakersfield, California, USA",https://www.phlebotomyusa.com/california/bakersfield-phlebotomy-school-classes/?c=bakersfield,+1 701-404-9434,,https://lh3.googleusercontent.com/p/AF1QipOSbB29XlsfLbi4yjExOgb2A36acFGQdJrm4tMb=w427-h240-k-no,true,,,,,,,,"https://www.google.com/maps/search/vein+clinics+in+Wasco+Bakersfield+CA/@35.3735112,-119.0204707,14z",2025-12-16T22:00:54.995Z,,
https://www.google.com/maps/place/River+Walk+Surgical+Associates/data=!4m7!3m6!1s0x80ea69989cccfb8f:0x359c71ec32d48dd0!8m2!3d35.3940322!4d-119.0074386!16s%2Fg%2F1hc7n5j70!19sChIJj_vMnJhp6oAR0I3UMuxxnDU,River Walk Surgical Associates,3.0,5,Surgical center,"3838 San Dimas St, Bakersfield, CA 93301, United States","9XVV+J2 Bakersfield, California, USA",http://www.riverwalksurgery.com/,+1 661-665-0505,Open · Closes 5 pm,https://streetviewpixels-pa.googleapis.com/v1/thumbnail?panoid=3zLwKJvrqwqp28pT4ZsSWQ&cb_client=search.gws-prod.gps&w=408&h=240&yaw=148.82912&pitch=0&thumbfov=100,true,8:30 am–5 pm,8:30 am–5 pm,8:30 am–5 pm,8:30 am–5 pm,Closed,Closed,8:30 am–5 pm,"https://www.google.com/maps/search/vein+clinics+in+Wasco+Bakersfield+CA/@35.3735112,-119.0204707,14z",2025-12-16T22:01:00.028Z,,
"https://www.google.com/maps/place/Advanced+Oral+Surgery,+Bakersfield/data=!4m7!3m6!1s0x80ea43448cda227f:0x833764a33804efb4!8m2!3d35.3650768!4d-119.0649492!16s%2Fg%2F11t80myv6j!19sChIJfyLajERD6oARtO8EOKNkN4M","Advanced Oral Surgery, Bakersfield",4.5,257,Oral and maxillofacial surgeon,"5555 Truxtun Ave Suite 200, Bakersfield, CA 93309, United States","9W8P+22 Bakersfield, California, USA",http://www.aosbakersfield.com/,+1 661-863-9995,Open · Closes 3:30 pm,https://lh3.googleusercontent.com/p/AF1QipMWITyFc40BkAGCIcvhchT_lUSrrcnG1ztTf9DM=w408-h543-k-no,true,7 am–3:30 pm,7 am–3:30 pm,7 am–3:30 pm,7 am–3:30 pm,Closed,Closed,7 am–3:30 pm,"https://www.google.com/maps/search/vein+clinics+in+Wasco+Bakersfield+CA/@35.3735112,-119.0204707,14z",2025-12-16T22:01:05.142Z,,
https://www.google.com/maps/place/Bellissima+Medical+Aesthetics/data=!4m7!3m6!1s0x80ea42217e0de5a9:0x81641e18e7b5460e!8m2!3d35.3622816!4d-119.0717655!16s%2Fg%2F11bbwppl_0!19sChIJqeUNfiFC6oARDka15xgeZIE,Bellissima Medical Aesthetics,4.6,61,Wellness center,"6001 Truxtun Ave Building C Suite 320, Bakersfield, CA 93309, United States","9W6H+W7 Bakersfield, California, USA",https://www.bellissimamed.com/,+1 661-384-8461,Open · Closes 5 pm,https://lh3.googleusercontent.com/p/AF1QipMbDqERWh6rddP3U7uuf59Kk1-8aqyuSFAfa4IE=w408-h306-k-no,true,9 am–5 pm,9 am–7 pm,9 am–5 pm,9 am–5 pm,10 am–3 pm,Closed,9 am–5 pm,"https://www.google.com/maps/search/vein+clinics+in+Wasco+Bakersfield+CA/@35.3735112,-119.0204707,14z",2025-12-16T22:01:10.208Z,,
https://www.google.com/maps/place/San+Joaquin+Valley+Surgery+Center+LLC/data=!4m7!3m6!1s0x80ea6996ba3ae3ef:0x33b273099f57dd77!8m2!3d35.383569!4d-119.017902!16s%2Fg%2F11st58y3r4!19sChIJ7-M6upZp6oARd91XnwlzsjM,San Joaquin Valley Surgery Center LLC,3.0,1,Surgical center,"2620 Chester Ave suite 400, Bakersfield, CA 93304, United States","9XMJ+CR Bakersfield, California, USA",https://sjvsurgerycenter.com/,+1 661-243-3334,Open · Closes 5 pm,https://lh3.googleusercontent.com/p/AF1QipOIMvJ_Tb3VPA2lkPcnqEFif7lGd38LxZt07gbG=w408-h272-k-no,true,6 am–5 pm,6 am–5 pm,6 am–5 pm,6 am–5 pm,Closed,Closed,6 am–5 pm,"https://www.google.com/maps/search/vein+clinics+in+Wasco+Bakersfield+CA/@35.3735112,-119.0204707,14z",2025-12-16T22:01:15.112Z,,
https://www.google.com/maps/place/Elite+Aesthetics+and+Dermatology/data=!4m7!3m6!1s0x80ea436d48c00297:0xd3c8ec9d8779e8d9!8m2!3d35.3915545!4d-119.1112018!16s%2Fg%2F11kjm3c56q!19sChIJlwLASG1D6oAR2eh5h53syNM,Elite Aesthetics and Dermatology,5.0,35,Medical spa,"3409 Calloway Dr UNIT 602, Bakersfield, CA 93312, United States","9VRQ+JG Bakersfield, California, USA",https://www.eliteaestheticsandderm.com/,+1 661-218-9923,Open · Closes 5 pm,https://lh3.googleusercontent.com/gps-cs-s/AG0ilSzgDfJ3B0qntMVZ3KVQQVe-r3yKR5iJRVsZiKgPhHWXQ_I5Yy_jEhwff8oqWap3DU3KTHujQ2VHisSUCuy8SAOD-AWGbwBY3ntBsic9iUvYhMYEowzx920gt8U2c9avNyQ-06IcIA=w408-h307-k-no,true,9 am–5 pm,9 am–5 pm,9 am–5 pm,9 am–5 pm,Closed,Closed,9 am–5 pm,"https://www.google.com/maps/search/vein+clinics+in+Wasco+Bakersfield+CA/@35.3735112,-119.0204707,14z",2025-12-16T22:01:20.145Z,,
https://www.google.com/maps/place/Bakersfield+Oral+Surgery+and+Implant+Center/data=!4m7!3m6!1s0x80ea6a15b6770e11:0x785dcbcdab4143b4!8m2!3d35.353653!4d-119.025248!16s%2Fg%2F11c609zn6_!19sChIJEQ53thVq6oARtENBq83LXXg,Bakersfield Oral Surgery and Implant Center,4.4,315,Oral surgeon,"2023 Brundage Ln, Bakersfield, CA 93304, United States","9X3F+FW Bakersfield, California, USA",http://www.bakersfieldoralsurgerycenter.com/,+1 661-324-1725,Open · Closes 3:30 pm,https://lh3.googleusercontent.com/p/AF1QipOsXMp6kuvJNIHrH7aDWXBMXwW98xtoMX3NtNiI=w408-h277-k-no,true,7 am–3:30 pm,7 am–3:30 pm,7 am–3:30 pm,7 am–3:30 pm,Closed,Closed,7 am–3:30 pm,"https://www.google.com/maps/search/vein+clinics+in+Wasco+Bakersfield+CA/@35.3735112,-119.0204707,14z",2025-12-16T22:01:25.249Z,,
https://www.google.com/maps/place/Labcorp/data=!4m7!3m6!1s0x80ea699833f028b5:0xed7b81ec0585c768!8m2!3d35.3919935!4d-119.0102225!16s%2Fg%2F11bwqfq8zg!19sChIJtSjwM5hp6oARaMeFBeyBe-0,Labcorp,3.7,88,Medical laboratory,"3550 Q St Ste 102, Bakersfield, CA 93301, United States","9XRQ+QW Bakersfield, California, USA",https://locations.labcorp.com/ca/bakersfield/24611/,+1 661-323-3353,"Closes soon · 3 pm · Opens 7 am Wed

Updated by this business 2 weeks ago",https://lh3.googleusercontent.com/p/AF1QipOUD4kYKVroSyVuqPUEdQaYemsJBRo922QXxRDb=w408-h272-k-no,true,7 am–3 pm,7 am–3 pm,7 am–3 pm,7 am–3 pm,Closed,Closed,7 am–3 pm,"https://www.google.com/maps/search/vein+clinics+in+Wasco+Bakersfield+CA/@35.3735112,-119.0204707,14z",2025-12-16T22:01:30.318Z,,
https://www.google.com/maps/place/Eshoe+Lorence+M+MD/data=!4m7!3m6!1s0x80ea4203c7797c27:0xecfc8795436ca58d!8m2!3d35.3664146!4d-119.0534406!16s%2Fg%2F1tmz77fl!19sChIJJ3x5xwNC6oARjaVsQ5WH_Ow,Eshoe Lorence M MD,,,Vascular surgeon,"4580 California Ave, Bakersfield, CA 93309, United States","9W8W+HJ Bakersfield, California, USA",,+1 661-327-4411,,https://streetviewpixels-pa.googleapis.com/v1/thumbnail?panoid=-ugzl1NEpYWedRBr4BxCjQ&cb_client=search.gws-prod.gps&w=408&h=240&yaw=61.764645&pitch=0&thumbfov=100,false,,,,,,,,"https://www.google.com/maps/search/vein+clinics+in+Wasco+Bakersfield+CA/@35.3735112,-119.0204707,14z",2025-12-16T22:01:33.157Z,,
https://www.google.com/maps/place/skinmedology/data=!4m7!3m6!1s0x80ea692d8d2ce435:0x35423970917cfea7!8m2!3d35.3764963!4d-119.0216541!16s%2Fg%2F11vwh_51r8!19sChIJNeQsjS1p6oARp_58kXA5QjU,skinmedology,5.0,2,Medical office,"1712 19th St Ste 109, Bakersfield, CA 93301, United States","9XGH+H8 Bakersfield, California, USA",,+1 805-386-6698,Temporarily closed,https://lh3.googleusercontent.com/p/AF1QipMGyMiX4-c11Fvwc6TUjmOjnmz1zi4Pn46RT4ph=w408-h544-k-no,true,,,,,,,,"https://www.google.com/maps/search/vein+clinics+in+Wasco+Bakersfield+CA/@35.3735112,-119.0204707,14z",2025-12-16T22:01:37.893Z,,
"https://www.google.com/maps/place/South+Valley+Vein+Center/@35.4232501,-119.0278799,14z/data=!4m6!3m5!1s0x80ea417a5d245cbd:0x5088fe2e3a7fbf88!8m2!3d35.341761!4d-119.1008307!16s%2Fg%2F1tfvhj9m",South Valley Vein Center,,,Medical Center,"1500 Haggin Oaks Blvd #202, Bakersfield, CA 93311, United States","8VRX+PM Bakersfield, California, USA",,+1 661-654-8346,Open · Closes 5 pm,https://streetviewpixels-pa.googleapis.com/v1/thumbnail?panoid=KgLhNW5_S82fVVsyFp7_eA&cb_client=search.gws-prod.gps&w=408&h=240&yaw=40.582912&pitch=0&thumbfov=100,false,9 am–5 pm,9 am–5 pm,9 am–5 pm,9 am–5 pm,Closed,Closed,9 am–5 pm,"https://www.google.com/maps/search/vein+clinics+in+Arvin+Bakersfield+CA/@35.4232501,-119.0278799,14z",2025-12-16T22:01:46.368Z,,Already found
https://www.google.com/maps/place/Desired+Beauty+Surgical+Medical+Center:+Dr.+Farzin+Kerendian/data=!4m7!3m6!1s0x80ea69f2f71a79ab:0x618e7a8f99c0b3a5!8m2!3d35.3784627!4d-119.0253204!16s%2Fg%2F1trxd__n!19sChIJq3ka9_Jp6oARpbPAmY96jmE,Desired Beauty Surgical Medical Center: Dr. Farzin Kerendian,4.6,19,Cosmetic surgeon,"2020 21st St, Bakersfield, CA 93301, United States","9XHF+9V Bakersfield, California, USA",https://www.desiredbeauty.com/,+1 661-327-4400,Open · Closes 5 pm,https://streetviewpixels-pa.googleapis.com/v1/thumbnail?panoid=r2XSPFY5onZ7KleYQu5uCQ&cb_client=search.gws-prod.gps&w=408&h=240&yaw=353.1083&pitch=0&thumbfov=100,true,9 am–5 pm,9 am–5 pm,9 am–5 pm,9 am–5 pm,Closed,Closed,9 am–5 pm,"https://www.google.com/maps/search/vein+clinics+in+Tehachapi+Bakersfield+CA/@35.3735112,-119.0204707,14z",2025-12-16T22:02:00.100Z,LGBTQ+ friendly,
https://www.google.com/maps/place/Alvarez+Healthcare+Lamont+Clinic/data=!4m7!3m6!1s0x80ea124cbdd2c219:0x6034c60c94c50db2!8m2!3d35.2666096!4d-118.9050036!16s%2Fg%2F11hy9nm92q!19sChIJGcLSvUwS6oARsg3FlAzGNGA,Alvarez Healthcare Lamont Clinic,4.1,16,Medical clinic,"8929 Panama Rd, Lamont, CA 93241, United States","738V+JX Lamont, California, USA",http://www.alvarezhealthcare.com/,+1 661-489-5999,,https://lh3.googleusercontent.com/gps-cs-s/AG0ilSwod-N5QfzdTaIDrEAumjjz7eUmrqgcJGHUhc8c6jYtNwzcAA3RTXccD_S4hdUupnymaV-g90wjIW67yuWsNigFYojKpa2i0H3IbV3GOObnxTNXvW9Wg1I3Lp8S0RjfnBFttBzX=w408-h905-k-no,false,,,,,,,,"https://www.google.com/maps/search/vein+clinics+in+Lamont+Bakersfield+CA/@35.2596833,-118.9142666,14z",2025-12-16T22:02:11.508Z,,
,,,,,,,,,,,,,,,,,,,"https://www.google.com/maps/search/vein+clinics+in+McFarland+Bakersfield+CA/@35.3735112,-119.0204707,14z",2025-12-16T22:02:21.871Z,,No new results found
https://www.google.com/maps/place/Hao+Bui+MD/data=!4m7!3m6!1s0x80ea43bf3dc1a3c5:0xd212ef84420c441f!8m2!3d35.403925!4d-119.0928249!16s%2Fg%2F1264df611!19sChIJxaPBPb9D6oARH0QMQoTvEtI,Hao Bui MD,5.0,3,Vascular surgeon,"4825 Coffee Rd, Bakersfield, CA 93312, United States","CW34+HV Bakersfield, California, USA",,+1 661-588-1150,Open · Closes 5 pm,https://streetviewpixels-pa.googleapis.com/v1/thumbnail?panoid=6XMpX2plWgX9tFaD38RMuw&cb_client=search.gws-prod.gps&w=408&h=240&yaw=257.45914&pitch=0&thumbfov=100,false,8 am–5 pm,8 am–5 pm,8 am–5 pm,8 pm–12 am,12 am–5 pm,Closed,8 am–5 pm,"https://www.google.com/maps/search/vein+clinics+in+Buttonwillow+Bakersfield+CA/@35.3735112,-119.0204707,14z",2025-12-16T22:02:36.526Z,,
https://www.google.com/maps/place/Glow+Bar+Medical+Aesthetics/data=!4m7!3m6!1s0x80ea4127a04b8215:0x19a3dd4abf0a6dd9!8m2!3d35.296191!4d-119.0531801!16s%2Fg%2F11kj232h9l!19sChIJFYJLoCdB6oAR2W0Kv0rdoxk,Glow Bar Medical Aesthetics,5.0,11,Medical spa,"4550 Panama Ln Ste 100, Bakersfield, CA 93313, United States","7WWW+FP Bakersfield, California, USA",http://glowbarbakersfield.com/,+1 661-735-3229,Open · Closes 5 pm,https://lh3.googleusercontent.com/p/AF1QipOZPt4udwcy2uNApeWRxt94vNBxvDt-A9MRo88p=w408-h483-k-no,true,9 am–5 pm,9 am–5 pm,9 am–5 pm,9 am–5 pm,9 am–5 pm,Closed,9 am–5 pm,"https://www.google.com/maps/search/vein+clinics+in+Taft+Bakersfield+CA/@35.2671335,-119.0783672,14z",2025-12-16T22:02:50.160Z,,
https://www.google.com/maps/place/The+Skin+Lab+Med+Spa/data=!4m7!3m6!1s0x80ea436fe2172677:0xd7574fa6e7c7cb49!8m2!3d35.3124818!4d-119.1351868!16s%2Fg%2F11tx67hn10!19sChIJdyYX4m9D6oARScvH56ZPV9c,The Skin Lab Med Spa,5.0,141,Medical spa,"11905 Bolthouse Dr Suite 700, Bakersfield, CA 93311, United States","8V67+XW Bakersfield, California, USA",https://www.theskinlabmedicalspa.com/,+1 661-270-2593,Open · Closes 7 pm,https://lh3.googleusercontent.com/p/AF1QipOj4ehl-B-m1Fbydh3PRrEYm7ier7IdifkyrtOw=w408-h408-k-no,true,10 am–7 pm,Closed,10 am–7 pm,10 am–7 pm,10 am–7 pm,Closed,10 am–7 pm,"https://www.google.com/maps/search/vein+clinics+in+Ridgecrest+Bakersfield+CA/@35.2756745,-119.0631163,14z",2025-12-16T22:03:03.821Z,Identifies as women-owned,
https://www.google.com/maps/place/Youthology+Medical+Aesthetics/data=!4m7!3m6!1s0x80ea432c3660ed03:0x5314f3ef93ffea7!8m2!3d35.3030022!4d-119.0990989!16s%2Fg%2F11grv7tj5c!19sChIJA-1gNixD6oARp_4_-T5PMQU,Youthology Medical Aesthetics,4.4,122,Medical spa,"5701 Young St BLDG B302, Bakersfield, CA 93311, United States","8W32+69 Bakersfield, California, USA",http://theyouthology.com/,+1 661-829-7415,"Open · Closes 5 pm

Updated by this business 3 weeks ago",https://lh3.googleusercontent.com/gps-cs-s/AG0ilSzs5U9b2WLYy0WAw8Saw1sAYtVKXTlWDTzGVh7LXj9nZSe9bm7kw05uHBXPGUNlHwS6IOEj2IaS44YwsLcLxbvTTy1P0H2eagMmUm1YtkGYWP1kbjDXeCHLb7Ww2svsPxTk2EwwnQ=w408-h544-k-no,true,9 am–5 pm,9 am–5 pm,9 am–5 pm,9 am–5 pm,9 am–1 pm,Closed,9 am–5 pm,"https://www.google.com/maps/search/vein+clinics+in+Ridgecrest+Bakersfield+CA/@35.2756745,-119.0631163,14z",2025-12-16T22:03:09.067Z,,
,,,,,,,,,,,,,,,,,,,"https://www.google.com/maps/search/vein+clinics+in+Maricopa+Bakersfield+CA/@35.3735112,-119.0204707,14z",2025-12-16T22:03:19.137Z,,No new results found
https://www.google.com/maps/place/Neuva+Aesthetics/data=!4m7!3m6!1s0x80ea69f28aa58d41:0x53206fe5052914e2!8m2!3d35.3721542!4d-119.0225982!16s%2Fg%2F1tctm2vm!19sChIJQY2livJp6oAR4hQpBeVvIFM,Neuva Aesthetics,4.7,58,Medical spa,"1801 16th St STE C, Bakersfield, CA 93301, United States","9XCG+VX Bakersfield, California, USA",https://neuvaaesthetics.com/,+1 661-323-2884,Open · Closes 5 pm,https://lh3.googleusercontent.com/p/AF1QipPjTCcMSbUthKLIBlRpbl-Rnfia4K0w145iC_ns=w408-h272-k-no,true,9 am–5 pm,9 am–5 pm,9 am–5 pm,9 am–5 pm,Closed,Closed,9 am–5 pm,"https://www.google.com/maps/search/vein+clinics+in+Frazier+Park+Bakersfield+CA/@35.3735112,-119.0204707,14z",2025-12-16T22:03:33.647Z,,
,,,,,,,,,,,,,,,,,,,"https://www.google.com/maps/search/vein+clinics+in+Lake+Isabella+Bakersfield+CA/@35.3735112,-119.0204707,14z",2025-12-16T22:03:42.067Z,,No new results found
https://www.google.com/maps/place/California+Cardiovascular+Institute/data=!4m7!3m6!1s0x80ea43dcdbba3189:0x80782bba069be7a1!8m2!3d35.3644175!4d-119.0959404!16s%2Fg%2F11tp3159kc!19sChIJiTG629xD6oARoeebBroreIA,California Cardiovascular Institute,4.9,1596,Cardiologist,"8337 Brimhall Rd Building 1200, Bakersfield, CA 93312, United States","9W73+QJ Bakersfield, California, USA",https://cacvinst.com/,+1 661-443-0088,Open · Closes 5 pm,https://lh3.googleusercontent.com/p/AF1QipNVNtVL5ea_ziERm8vJCwjSHYZXUo1Dohm349ZR=w408-h612-k-no,true,8 am–5 pm,8 am–5 pm,8 am–5 pm,8 am–5 pm,Closed,Closed,8 am–5 pm,"https://www.google.com/maps/search/vein+clinics+in+California+City+Bakersfield+CA/@35.3735112,-119.0204707,14z",2025-12-16T22:03:56.275Z,,
https://www.google.com/maps/place/Cardiothoracic+Surgery:+Adventist+Health+Physicians+Network/data=!4m7!3m6!1s0x80ea690e4030624d:0x20e467a14d9f2594!8m2!3d35.3841802!4d-119.0192272!16s%2Fg%2F11tx9ldwr7!19sChIJTWIwQA5p6oARlCWfTaFn5CA,Cardiothoracic Surgery: Adventist Health Physicians Network,5.0,16,Surgeon,"2701 Chester Ave #102, Bakersfield, CA 93301, United States","9XMJ+M8 Bakersfield, California, USA",https://www.adventisthealth.org/bakersfield/services/heart-institute/cardiothoracic-surgery/,+1 661-241-6700,Open · Closes 5 pm,https://streetviewpixels-pa.googleapis.com/v1/thumbnail?panoid=KCZ6z9365WrT31Od_hu1Xw&cb_client=search.gws-prod.gps&w=408&h=240&yaw=188.57417&pitch=0&thumbfov=100,true,8 am–5 pm,8 am–5 pm,8 am–5 pm,8 am–4 pm,Closed,Closed,8 am–5 pm,"https://www.google.com/maps/search/vein+clinics+in+California+City+Bakersfield+CA/@35.3735112,-119.0204707,14z",2025-12-16T22:04:01.096Z,,
,,,,,,,,,,,,,,,,,,,"https://www.google.com/maps/search/vein+clinics+in+Mojave+Bakersfield+CA/@35.3735112,-119.0204707,14z",2025-12-16T22:04:11.096Z,,No new results found
https://www.google.com/maps/place/Golden+Valley+Medical+Associates/data=!4m7!3m6!1s0x80ea431d5c32eb8d:0xef206ed874082187!8m2!3d35.403611!4d-119.0932263!16s%2Fg%2F11b6srn09v!19sChIJjesyXB1D6oARhyEIdNhuIO8,Golden Valley Medical Associates,4.2,48,Medical clinic,"4813 Coffee Rd Ste 200, Bakersfield, CA 93308, United States","CW34+CP Bakersfield, California, USA",https://rymap.org/business/golden-valley-medical-associates-4e8xjy,+1 661-664-0252,Open · Closes 5 pm,https://lh3.googleusercontent.com/gps-cs-s/AG0ilSy6raOp2AUsRNyM2rBEcotsZBnhCqsxnN2FvXVZamXYsGzAVVUgZ-3ZCawqMKM2sEuqH0r_7axTXceHEHzntdaobQYyT1uT-SlgPruRT50DVBrAeMmtwF7l8gbZDoiR-vduZNA1WQ=w408-h306-k-no,true,8 am–5 pm,8 am–5 pm,8 am–5 pm,7:30 am–2 pm,Closed,Closed,8 am–5 pm,"https://www.google.com/maps/search/vein+clinics+in+Pinon+Hills+Bakersfield+CA/@35.4161586,-119.0971447,14z",2025-12-16T22:04:26.099Z,,
https://www.google.com/maps/place/Onyx+Aesthetics+%26+Wellness/data=!4m7!3m6!1s0x80ea43459b4b9573:0xff5311299178f204!8m2!3d35.3672926!4d-119.0959439!16s%2Fg%2F11j7y32y8g!19sChIJc5VLm0VD6oARBPJ4kSkRU_8,Onyx Aesthetics & Wellness,4.9,238,Medical spa,"8327 Brimhall Rd Suite 702, Bakersfield, CA 93312, United States","9W83+WJ Bakersfield, California, USA",https://www.onyxaw.com/,+1 661-535-4536,Open · Closes 5 pm,https://lh3.googleusercontent.com/p/AF1QipPJlmC-egHbcjMgU1aeu9qMCce_aPONkZi0-hU=w408-h269-k-no,true,8:15 am–5 pm,8:15 am–5 pm,8:15 am–5 pm,8:15 am–5 pm,Closed,Closed,8:15 am–5 pm,"https://www.google.com/maps/search/vein+clinics+in+Pinon+Hills+Bakersfield+CA/@35.4161586,-119.0971447,14z",2025-12-16T22:04:31.157Z,Identifies as veteran-owned,
https://www.google.com/maps/place/Dr.+Sara+Honari/data=!4m7!3m6!1s0x80ea431d6d9aaaab:0xdb39941ef31d59fd!8m2!3d35.4041938!4d-119.0937969!16s%2Fg%2F11qgb7dcm7!19sChIJq6qabR1D6oAR_Vkd8x6UOds,Dr. Sara Honari,4.8,5,Surgeon,"4901 Centennial Plaza Way, Bakersfield, CA 93312, United States","CW34+MF Bakersfield, California, USA",https://doctors.adventisthealth.org/provider/Sara+Honari/1342587,+1 661-387-8333,,https://streetviewpixels-pa.googleapis.com/v1/thumbnail?panoid=LhTADp-1fLevXJs-4EE3AA&cb_client=search.gws-prod.gps&w=408&h=240&yaw=250.53166&pitch=0&thumbfov=100,false,,,,,,,,"https://www.google.com/maps/search/vein+clinics+in+Pinon+Hills+Bakersfield+CA/@35.4161586,-119.0971447,14z",2025-12-16T22:04:34.064Z,,
https://www.google.com/maps/place/Cardenas+Ana+A+MD/data=!4m7!3m6!1s0x80ea43097450019b:0x912e313a87310b9!8m2!3d35.3913915!4d-119.1096014!16s%2Fg%2F1tgpyhyb!19sChIJmwFQdAlD6oARuRBzqBPjEgk,Cardenas Ana A MD,3.1,40,Dermatologist,"3400 Calloway Dr STE 200, Bakersfield, CA 93312, United States","9VRR+H5 Bakersfield, California, USA",http://www.acdmd.com/,+1 661-410-7546,Open · Closes 5 pm,https://streetviewpixels-pa.googleapis.com/v1/thumbnail?panoid=M3uB4pJD0LnLo63splee6w&cb_client=search.gws-prod.gps&w=408&h=240&yaw=251.89232&pitch=0&thumbfov=100,true,8 am–5 pm,8 am–5 pm,8 am–5 pm,8 am–5 pm,Closed,Closed,8 am–5 pm,"https://www.google.com/maps/search/vein+clinics+in+Pinon+Hills+Bakersfield+CA/@35.4161586,-119.0971447,14z",2025-12-16T22:04:39.107Z,,
https://www.google.com/maps/place/Noor+Aesthetics+and+Wellness+Spa/data=!4m7!3m6!1s0x80ea411ee1990ee9:0xdbec8c035f92afac!8m2!3d35.3135199!4d-119.129284!16s%2Fg%2F11vkc6tqqf!19sChIJ6Q6Z4R5B6oARrK-SXwOM7Ns,Noor Aesthetics and Wellness Spa,4.8,25,Medical spa,"4605 Buena Vista Rd Suite 640, Bakersfield, CA 93311, United States","8V7C+C7 Bakersfield, California, USA",https://noorsevenoaks.com/,+1 661-306-4001,Open · Closes 5 pm,https://lh3.googleusercontent.com/p/AF1QipMwIK6sG09XX8IkrYmDDHM-qLYOMQH67ZOfu4kX=w408-h560-k-no,true,9 am–5 pm,9 am–5 pm,9 am–5 pm,9 am–5 pm,Closed,Closed,9 am–5 pm,"https://www.google.com/maps/search/vein+clinics+in+Pinon+Hills+Bakersfield+CA/@35.4161586,-119.0971447,14z",2025-12-16T22:04:44.194Z,LGBTQ+ friendly,
,,,,,,,,,,,,,,,,,,,"https://www.google.com/maps/search/vein+clinics+in+Bear+Valley+Springs+Bakersfield+CA/@35.3225319,-119.041955,14z",2025-12-16T22:04:52.991Z,,No new results found
,,,,,,,,,,,,,,,,,,,"https://www.google.com/maps/search/vein+clinics+in+Pine+Mountain+Club+Bakersfield+CA/@35.3735112,-119.0204707,14z",2025-12-16T22:05:01.235Z,,No new results found
,,,,,,,,,,,,,,,,,,,"https://www.google.com/maps/search/vein+clinics+in+Weldon+Bakersfield+CA/@35.4055838,-119.083323,14z",2025-12-16T22:05:09.312Z,,No new results found