placeUrl,title,rating,reviewCount,category,address,plusCode,website,phoneNumber,currentStatus,imgUrl,isClaimed,tuesday,wednesday,thursday,friday,saturday,sunday,monday,query,timestamp,info,attributes,error
https://www.google.com/maps/place/St.+Peter%27s+Vascular+Associates+-+Albany/data=!4m7!3m6!1s0x89de0b0404e3f083:0x946490d512f9107f!8m2!3d42.655306!4d-73.804878!16s%2Fg%2F11gxn5c5xn!19sChIJg_DjBAQL3okRfxD5EtWQZJQ,St. Peter's Vascular Associates - Albany,5.0,4,Hospital,"319 S Manning Blvd #110b, Albany, NY 12208, United States","M54W+42 Albany, New York, USA",https://www.sphp.com/location/st-peters-vascular-associates-2,+1 518-525-8220,Closes soon · 5 pm · Opens 8 am Wed,https://streetviewpixels-pa.googleapis.com/v1/thumbnail?panoid=09aN44UOtolmRX5JRIEW5Q&cb_client=search.gws-prod.gps&w=408&h=240&yaw=121.53336&pitch=0&thumbfov=100,true,8 am–5 pm,8 am–5 pm,8 am–5 pm,8 am–5 pm,Closed,Closed,8 am–5 pm,"https://www.google.com/maps/search/vein+clinics+in+Altamont+Albany+NY/@42.7006324,-74.0337382,14z",2025-12-16T21:56:59.045Z,,,
https://www.google.com/maps/place/Community+Vein+Care/data=!4m7!3m6!1s0x89de0dbbe0c12a4d:0xa6c5ea62f3db37b6!8m2!3d42.7665603!4d-73.7595562!16s%2Fg%2F1tcy9x75!19sChIJTSrB4LsN3okRtjfb82LqxaY,Community Vein Care,,,Radiologist,"West Entrance, 6 Wellness Wy Suite G05, Latham, NY 12110, United States","Q68R+J5 Latham, New York, USA",https://veincare.communitycare.com/,+1 518-262-5149,Closed · Opens 8 am Wed,https://lh3.googleusercontent.com/p/AF1QipNG0jzlZwVbLDh-5chLNfXyfwDuFzw6cFSfD-0Z=w408-h241-k-no,true,8 am–4:30 pm,8 am–4:30 pm,8 am–4:30 pm,8 am–4:30 pm,Closed,Closed,8 am–4:30 pm,"https://www.google.com/maps/search/vein+clinics+in+Altamont+Albany+NY/@42.7006324,-74.0337382,14z",2025-12-16T21:57:04.037Z,,,
"https://www.google.com/maps/place/John+Taggert,+MD/data=!4m7!3m6!1s0x89de0a46c65d0d65:0xc28aa4c44da8fd4b!8m2!3d42.6552063!4d-73.8050947!16s%2Fg%2F1vspshbx!19sChIJZQ1dxkYK3okRS_2oTcSkisI","John Taggert, MD",4.9,73,Vascular surgeon,"319 S Manning Blvd #110b, Albany, NY 12208, United States","M54V+3X Albany, New York, USA",https://www.sphp.com/provider/john-battista-taggert-md-vascular-surgery,+1 518-525-8220,,https://streetviewpixels-pa.googleapis.com/v1/thumbnail?panoid=58WTRP0e52MPkmDdfd30Iw&cb_client=search.gws-prod.gps&w=408&h=240&yaw=118.96554&pitch=0&thumbfov=100,true,,,,,,,,"https://www.google.com/maps/search/vein+clinics+in+Altamont+Albany+NY/@42.7006324,-74.0337382,14z",2025-12-16T21:57:07.332Z,,,
"https://www.google.com/maps/place/Adriana+Laser,+MD/data=!4m7!3m6!1s0x89de0b67dd6097bb:0x64309ef0b05ee03d!8m2!3d42.6539996!4d-73.7747442!16s%2Fg%2F11g_rmkfsm!19sChIJu5dg3WcL3okRPeBesPCeMGQ","Adriana Laser, MD",3.3,3,Vascular surgeon,"391 Myrtle Ave Suite 5, Albany, NY 12208, United States","M63G+H4 Albany, New York, USA",http://www.amc.edu/PhysicianDirectory/index.cfm?event=showPhysicianDetail&PRACT_ID=22725,+1 518-262-5640,,https://streetviewpixels-pa.googleapis.com/v1/thumbnail?panoid=rZHLFvRs5WvgOcYtrj-U2g&cb_client=search.gws-prod.gps&w=408&h=240&yaw=65.182976&pitch=0&thumbfov=100,true,,,,,,,,"https://www.google.com/maps/search/vein+clinics+in+Altamont+Albany+NY/@42.7006324,-74.0337382,14z",2025-12-16T21:57:10.067Z,,,
"https://www.google.com/maps/place/Yaron+Sternbach,+MD/data=!4m7!3m6!1s0x89de0a46c65d0d65:0xa8d414aa0fb04810!8m2!3d42.6553273!4d-73.80487!16s%2Fg%2F1thlp1wq!19sChIJZQ1dxkYK3okREEiwD6oU1Kg","Yaron Sternbach, MD",4.8,56,Vascular surgeon,"319 S Manning Blvd #110b, Albany, NY 12208, United States","M54W+43 Albany, New York, USA",https://www.sphp.com/provider/yaron-sternbach-md-vascular-surgery,+1 518-525-8220,,https://streetviewpixels-pa.googleapis.com/v1/thumbnail?panoid=mfH754ue8HGlhYyofkXINw&cb_client=search.gws-prod.gps&w=408&h=240&yaw=266.97485&pitch=0&thumbfov=100,true,,,,,,,,"https://www.google.com/maps/search/vein+clinics+in+Altamont+Albany+NY/@42.7006324,-74.0337382,14z",2025-12-16T21:57:12.831Z,,,
"https://www.google.com/maps/place/Theta+Pattison,+MD/data=!4m7!3m6!1s0x89de7419041e651b:0xef577b0106cebbbc!8m2!3d42.7109748!4d-73.9272194!16s%2Fg%2F1tdl73nq!19sChIJG2UeBBl03okRvLvOBgF7V-8","Theta Pattison, MD",4.3,113,Dermatologist,"2508 Western Ave, Altamont, NY 12009, United States","P36F+94 Altamont, New York, USA",https://www.schweigerderm.com/providers/theta-pattison-m-d/,+1 844-337-6362,Open · Closes 6 pm,https://lh3.googleusercontent.com/p/AF1QipNAxQ0fPqvBDeoDZdH3scXomEkuo_G3aO0zto30=w408-h306-k-no,true,9 am–6 pm,9 am–6 pm,9 am–6 pm,9 am–6 pm,Closed,Closed,9 am–6 pm,"https://www.google.com/maps/search/vein+clinics+in+Altamont+Albany+NY/@42.7006324,-74.0337382,14z",2025-12-16T21:57:18.589Z,,,
"https://www.google.com/maps/place/Kathleen+Ozsvath,+MD/data=!4m7!3m6!1s0x89de0b9ac7074fbb:0xeedc3975a19243fb!8m2!3d42.655306!4d-73.804878!16s%2Fg%2F11vk_7d2dv!19sChIJu08Hx5oL3okR-0OSoXU53O4","Kathleen Ozsvath, MD",4.8,51,Vascular surgeon,"319 S Manning Blvd #110b, Albany, NY 12208, United States","M54W+42 Albany, New York, USA",https://www.sphp.com/provider/kathleen-juliette-ozsvath-md-vascular-surgery,+1 518-525-8220,,https://lh3.googleusercontent.com/gps-cs-s/AG0ilSxplChGUfSbcLyWKMwnU29DBK_qYD_pb1vwIIn_CInItjGX9rbvWMAiHiWX6DhdBV0MiY9s-VYqweL9RFqS5ursSI9P_uFLwIVzRgR9U8zXzYbYB8N1TKDIibFfKnwA7NIMR7G-=w408-h544-k-no,true,,,,,,,,"https://www.google.com/maps/search/vein+clinics+in+Altamont+Albany+NY/@42.7006324,-74.0337382,14z",2025-12-16T21:57:21.365Z,,,
"https://www.google.com/maps/place/Skin+Specialists+of+the+Capital+Region,+PLLC/data=!4m7!3m6!1s0x89de74bc69371bb9:0xcdb5f749b82d60d8!8m2!3d42.7048374!4d-73.8606976!16s%2Fg%2F11b73qddm1!19sChIJuRs3abx03okR2GAtuEn3tc0","Skin Specialists of the Capital Region, PLLC",4.8,882,Dermatologist,"264 Washington Ave Ext #201, Albany, NY 12203, United States","P43Q+WP Albany, New York, USA",http://skinspecialistscr.com/,+1 518-452-1928,Closed · Opens 6:30 am Wed,https://lh3.googleusercontent.com/p/AF1QipPMO-S7L2sZZ92oyqGwWlUDdfBqdPfDiUZrmMtn=w408-h306-k-no,true,6:30 am–4 pm,6:30 am–4 pm,7 am–4 pm,7:30 am–12 pm,Closed,Closed,6:30 am–4 pm,"https://www.google.com/maps/search/vein+clinics+in+Altamont+Albany+NY/@42.7006324,-74.0337382,14z",2025-12-16T21:57:26.283Z,LGBTQ+ friendly,,
https://www.google.com/maps/place/Albany+Med+Vascular+Surgery/data=!4m7!3m6!1s0x89de0a46c65d0d65:0xd51843845f7409f0!8m2!3d42.6539996!4d-73.7747442!16s%2Fg%2F1tffvyjt!19sChIJZQ1dxkYK3okR8Al0X4RDGNU,Albany Med Vascular Surgery,3.8,16,Vascular surgeon,"391 Myrtle Ave Suite 5, Albany, NY 12208, United States","M63G+H4 Albany, New York, USA",https://www.albanymed.org/location/vascular-surgery-myrtle-avenue/,+1 518-262-5640,Closed · Opens 7:30 am Wed,https://lh3.googleusercontent.com/gps-cs-s/AG0ilSzt62k-GdqP5d4RxxGP551eAxGBuRveUcDmkIW7auPbpZSYwxeKnmy0AMIH9aXib3t3UIahtAdiJu2il9wRCABEeefywbiJdQg8DflteXYbVOD0GRA-qCMDExPzrrEAT-9oJwg=w408-h725-k-no,true,7:30 am–4 pm,7:30 am–4 pm,7:30 am–4 pm,7:30 am–4 pm,Closed,Closed,7:30 am–4 pm,"https://www.google.com/maps/search/vein+clinics+in+Altamont+Albany+NY/@42.7006324,-74.0337382,14z",2025-12-16T21:57:31.373Z,,,
https://www.google.com/maps/place/Vascular+Health+Partners+-+Latham/data=!4m7!3m6!1s0x89de0dbea14a543d:0xd9b0530c16752caa!8m2!3d42.7666396!4d-73.7592183!16s%2Fg%2F11dfj51_jz!19sChIJPVRKob4N3okRqix1FgxTsNk,Vascular Health Partners - Latham,2.8,9,Surgical center,"West Entrance, 6 Wellness Wy Suite G02, Latham, NY 12110, United States","Q68R+M8 Latham, New York, USA",https://vhp.communitycare.com/,+1 518-782-3900,Closed · Opens 8 am Wed,https://lh3.googleusercontent.com/p/AF1QipPKpBD8NtkoD6Gtv5ts9Jco54wA1Ybry4eS25K5=w408-h272-k-no,true,8 am–4:30 pm,8 am–4:30 pm,8 am–4:30 pm,8 am–4:30 pm,Closed,Closed,8 am–4:30 pm,"https://www.google.com/maps/search/vein+clinics+in+Altamont+Albany+NY/@42.7006324,-74.0337382,14z",2025-12-16T21:57:36.328Z,,,
https://www.google.com/maps/place/Vein-U+Mobile+Blood+Draw/data=!4m7!3m6!1s0x89de0dc4f03f2c6f:0xc4a9968b8372cb84!8m2!3d42.8932304!4d-74.007822!16s%2Fg%2F11pwsqcsby!19sChIJbyw_8MQN3okRhMtyg4uWqcQ,Vein-U Mobile Blood Draw,5.0,53,Home health care service,,,https://www.veinublooddraw.com/,+1 518-386-8678,,https://lh3.googleusercontent.com/p/AF1QipP5KrYF2XspWh2t3X8wFfLm9Hk4MdlxSVY_AVBu=w408-h271-k-no,true,,,,,,,,"https://www.google.com/maps/search/vein+clinics+in+Altamont+Albany+NY/@42.7006324,-74.0337382,14z",2025-12-16T21:57:41.214Z,Identifies as women-owned,,
https://www.google.com/maps/place/Albany+Med+Vascular+Surgery/data=!4m7!3m6!1s0x89de61ef7d037de9:0xe6fde74f4ff48758!8m2!3d42.9677537!4d-74.1890817!16s%2Fg%2F11g_r5nwbg!19sChIJ6X0Dfe9h3okRWIf0T0_n_eY,Albany Med Vascular Surgery,1.0,1,Doctor,"375 Golf Course Rd, Amsterdam, NY 12010, United States","XR96+49 Amsterdam, New York, USA",http://www.amc.edu/patient/services/Surgery/endovascular_surgery/vascular_surgery/,+1 518-262-5640,,https://lh3.googleusercontent.com/gps-cs-s/AG0ilSzG2S2hgBlTl2BOuj4L64jai1iDW3CU_zdAkay5czeHmODKxFEKMPeNgb18X_0X0ccicPih1QHJCypFElOre4VNVfH9QJiHnxOkaSy3sFmxo3uAR8iyqeJEsbHE9mjC2t_KArwr=w408-h306-k-no,true,,,,,,,,"https://www.google.com/maps/search/vein+clinics+in+Altamont+Albany+NY/@42.7006324,-74.0337382,14z",2025-12-16T21:57:43.947Z,,,
https://www.google.com/maps/place/Community+Vein+Care:+Sansivero+Gail+E+MD/data=!4m7!3m6!1s0x89de0dbbe0c12a4d:0x32f0b01673032efb!8m2!3d42.7580565!4d-73.7773591!16s%2Fg%2F1tdlw87k!19sChIJTSrB4LsN3okR-y4Dcxaw8DI,Community Vein Care: Sansivero Gail E MD,,,Doctor,"711 Troy-Schenectady Rd Suite 103, Latham, NY 12110, United States","Q65F+63 Latham, New York, USA",https://communitycare.com/practices/community-vein-care/,+1 518-262-5149,,https://streetviewpixels-pa.googleapis.com/v1/thumbnail?panoid=x-B-0KGc85xHsZGvClGB4Q&cb_client=search.gws-prod.gps&w=408&h=240&yaw=4.4305434&pitch=0&thumbfov=100,false,,,,,,,,"https://www.google.com/maps/search/vein+clinics+in+Altamont+Albany+NY/@42.7006324,-74.0337382,14z",2025-12-16T21:57:46.760Z,,,
https://www.google.com/maps/place/Palisades+Vein+Center+%26+Medical+Spa+%28Fishkill%29/data=!4m7!3m6!1s0x89dd37aaa7f59027:0x60bca25925ef2c61!8m2!3d41.5273135!4d-73.8968506!16s%2Fg%2F11fj6jw9pq!19sChIJJ5D1p6o33YkRYSzvJVmivGA,Palisades Vein Center & Medical Spa (Fishkill),5.0,24,Vascular surgeon,"200 Westage Business Center Dr Suite 119, Fishkill, NY 12524, United States","G4G3+W7 Fishkill, New York, USA",https://www.palisadesveincenter.com/?utm_source=GMB&utm_medium=organic,+1 845-362-5200,Closes soon · 5 pm · Opens 9 am Wed,https://lh3.googleusercontent.com/gps-cs-s/AG0ilSyaFG9c_FDNyF7W3uv2Rq85NYTU2EMWPxVeCEI7fwb1pmXG8E78_-MX6tCBni5Ch-f8U2bKjoZy1On6-hycH4Z_S8ImM0vi9QycjKL25jdBQJOq6Cf0K2x1oL91_jSvBDEKIYXYoA=w408-h544-k-no,true,9 am–5 pm,9 am–5 pm,9 am–5 pm,9 am–5 pm,Closed,Closed,9 am–5 pm,"https://www.google.com/maps/search/vein+clinics+in+Altamont+Albany+NY/@42.7006324,-74.0337382,14z",2025-12-16T21:57:51.644Z,,,
https://www.google.com/maps/place/Hudson+Valley+Vein+and+Aesthetic+Center/data=!4m7!3m6!1s0x89dd36fd8efffff9:0xad487b58a7cb04d0!8m2!3d41.5273954!4d-73.8968272!16s%2Fg%2F11gs5fy8sb!19sChIJ-f__jv023YkR0ATLp1h7SK0,Hudson Valley Vein and Aesthetic Center,4.0,4,Medical office,"200 Westage Business Center Dr #320, Fishkill, NY 12524, United States","G4G3+X7 Fishkill, New York, USA",https://www.hudsonvalleyveincenter.com/,+1 845-831-0471,Closes soon · 5 pm · Opens 9:30 am Wed,https://streetviewpixels-pa.googleapis.com/v1/thumbnail?panoid=72wZtOZGNph3oDPhsPOcjQ&cb_client=search.gws-prod.gps&w=408&h=240&yaw=3.3024433&pitch=0&thumbfov=100,true,9:30 am–5 pm,9:30 am–5 pm,9:30 am–5 pm,9:30 am–5 pm,Closed,Closed,9:30 am–5 pm,"https://www.google.com/maps/search/vein+clinics+in+Altamont+Albany+NY/@42.7006324,-74.0337382,14z",2025-12-16T21:57:56.431Z,,,
https://www.google.com/maps/place/St.+Peter%27s+Vascular+Associates/data=!4m7!3m6!1s0x89de15d70cab7063:0xdda770c4a559b0c6!8m2!3d42.8683242!4d-73.7713775!16s%2Fg%2F11r_dqr5dk!19sChIJY3CrDNcV3okRxrBZpcRwp90,St. Peter's Vascular Associates,4.0,3,Surgical center,"1735 US-9, Clifton Park, NY 12065, United States","V69H+8C Clifton Gardens, New York, USA",,+1 518-525-8220,Closes soon · 5 pm · Opens 8 am Wed,https://streetviewpixels-pa.googleapis.com/v1/thumbnail?panoid=Igy4Gi5oph2Kq9iByQNpzQ&cb_client=search.gws-prod.gps&w=408&h=240&yaw=170.69875&pitch=0&thumbfov=100,true,8 am–5 pm,8 am–5 pm,8 am–5 pm,8 am–5 pm,Closed,Closed,8 am–5 pm,"https://www.google.com/maps/search/vein+clinics+in+Altamont+Albany+NY/@42.7006324,-74.0337382,14z",2025-12-16T21:58:01.291Z,,,
https://www.google.com/maps/place/Albany+Med+Cardiothoracic+Surgery/data=!4m7!3m6!1s0x89c6c0c66644507d:0xbd4047626818db29!8m2!3d42.6520775!4d-73.7743626!16s%2Fg%2F1vn_zxwc!19sChIJfVBEZsbAxokRKdsYaGJHQL0,Albany Med Cardiothoracic Surgery,5.0,2,Surgeon,"50 New Scotland Ave 3rd Floor, Albany, NY 12208, United States","M62G+R7 Albany, New York, USA",https://www.albanymed.org/location/cardiac-surgery/,+1 518-262-9777,Closes soon · 5 pm · Opens 8 am Wed,https://streetviewpixels-pa.googleapis.com/v1/thumbnail?panoid=i8hGYIQ29Uv8SbHCjAMwzQ&cb_client=search.gws-prod.gps&w=408&h=240&yaw=232.27058&pitch=0&thumbfov=100,true,8 am–5 pm,8 am–5 pm,8 am–5 pm,8 am–5 pm,Closed,Closed,8 am–5 pm,"https://www.google.com/maps/search/vein+clinics+in+Altamont+Albany+NY/@42.7006324,-74.0337382,14z",2025-12-16T21:58:06.156Z,,,
https://www.google.com/maps/place/Dunham+Integrative+Health+and+Aesthetics/data=!4m7!3m6!1s0x89de157bdb5ec395:0xa7cb3ba68522d691!8m2!3d42.8687459!4d-73.9269348!16s%2Fg%2F11fslnpq0j!19sChIJlcNe23sV3okRkdYihaY7y6c,Dunham Integrative Health and Aesthetics,4.9,112,Medical spa,"19 Glenridge Rd, Schenectady, NY 12302, United States","V39F+F6 Schenectady, New York, USA",https://dunhamintegrativefh.com/,+1 518-579-0012,Closed · Opens 9 am Wed,https://lh3.googleusercontent.com/p/AF1QipMNccsdkB9uriZGsIugZCvbKpPrv0Lb_n89QeW_=w408-h544-k-no,true,9 am–4 pm,9 am–4 pm,9 am–7 pm,9 am–4 pm,Closed,Closed,Closed,"https://www.google.com/maps/search/vein+clinics+in+Altamont+Albany+NY/@42.7006324,-74.0337382,14z",2025-12-16T21:58:11.260Z,LGBTQ+ friendly,,
"https://www.google.com/maps/place/Vein+Treatment+Clinic+%7C+Hartsdale,+NY/data=!4m7!3m6!1s0x89c295790fe40a47:0x12579bed7fc0309e!8m2!3d41.0263388!4d-73.7911472!16s%2Fg%2F11k9ffnfkv!19sChIJRwrkD3mVwokRnjDAf-2bVxI","Vein Treatment Clinic | Hartsdale, NY",5.0,75,Medical Center,"280 N Central Ave Suite 450, Hartsdale, NY 10530, United States","26G5+GG Hartsdale, New York, USA",https://www.veintreatmentclinic.com/locations/locations-new-york/hartsdale/?utm_source=google&utm_medium=gmb&utm_campaign=Hartsdale%20GMB,+1 914-581-9483,Open · Closes 7 pm,https://lh3.googleusercontent.com/p/AF1QipMfgdYcdXyOk--n6dV1PBk_Jf2r58hFSgzR8vPD=w408-h305-k-no,true,9 am–7 pm,9 am–7 pm,8 am–6 pm,9 am–7 pm,Closed,Closed,9 am–7 pm,"https://www.google.com/maps/search/vein+clinics+in+Altamont+Albany+NY/@42.7006324,-74.0337382,14z",2025-12-16T21:58:16.329Z,,,
https://www.google.com/maps/place/Vigour+Aesthetics+%26+Wellness/data=!4m7!3m6!1s0x89de0bfbeb0a3907:0x8b29f0fc3c8a568c!8m2!3d42.6850031!4d-73.8405413!16s%2Fg%2F11w4h1d5g2!19sChIJBzkK6_sL3okRjFaKPPzwKYs,Vigour Aesthetics & Wellness,5.0,127,Medical spa,"1475 Western Ave, Albany, NY 12203, United States","M5P5+2Q Albany, New York, USA",https://vigourny.com/,+1 518-801-0599,"Open · Closes 7 pm

Confirmed by phone call 4 weeks ago",https://lh3.googleusercontent.com/p/AF1QipNta0J3Qwp4EswPV_Jf0MiiC2RysAs-LAQep2N3=w408-h403-k-no,true,9 am–7 pm,9 am–7 pm,9 am–7 pm,9 am–7 pm,9 am–5 pm,10 am–5 pm,9 am–7 pm,"https://www.google.com/maps/search/vein+clinics+in+Altamont+Albany+NY/@42.7006324,-74.0337382,14z",2025-12-16T21:58:21.442Z,,,
"https://www.google.com/maps/place/Kathleen+J.+Ozsvath,+MD/data=!4m7!3m6!1s0x89de0fb52965038d:0x21d0a7e7087564f0!8m2!3d42.7396732!4d-73.6739199!16s%2Fg%2F11hdvmgqbf!19sChIJjQNlKbUP3okR8GR1COen0CE","Kathleen J. Ozsvath, MD",5.0,7,Vascular surgeon,"2 New Hampshire Ave, Troy, NY 12180, United States","P8QG+VC Troy, New York, USA",https://www.sphp.com/provider/kathleen-ozsvath-md-vascular-surgery?utm_source=google&utm_medium=business_listing&utm_campaign=provider_profile,+1 518-525-8220,Closes soon · 5 pm · Opens 8 am Wed,https://streetviewpixels-pa.googleapis.com/v1/thumbnail?panoid=uaqHiWDDnTK9vogi-HB0HQ&cb_client=search.gws-prod.gps&w=408&h=240&yaw=229.80289&pitch=0&thumbfov=100,true,8 am–5 pm,8 am–5 pm,8 am–5 pm,8 am–5 pm,Closed,Closed,8 am–5 pm,"https://www.google.com/maps/search/vein+clinics+in+Altamont+Albany+NY/@42.7006324,-74.0337382,14z",2025-12-16T21:58:26.168Z,,,
https://www.google.com/maps/place/SKIN+Specialists+of+the+Capital+Region+and+Med+Spa/data=!4m7!3m6!1s0x89de0b2d97e3c0ed:0x5dd0a1f5759fa46c!8m2!3d42.6846466!4d-73.8378524!16s%2Fg%2F1tsjfn13!19sChIJ7cDjly0L3okRbKSfdfWh0F0,SKIN Specialists of the Capital Region and Med Spa,3.9,151,Dermatologist,"2 Executive Park Dr, Albany, NY 12203, United States","M5M6+VV Albany, New York, USA",https://skinspecialistscr.com/,+1 518-452-1928,Closed · Opens 8:15 am Wed,https://lh3.googleusercontent.com/gps-cs-s/AG0ilSySpVnbX4bErWiuE7nS5q4atKyabIXh9MPHsTHf_T3lzU5kEJjuiV9xv7aRKKyzQ7FFA3duzNK3bbDTh9-fHHyVjeGXuHcDmXydwwkPOb9PVr-1nhUUqxAn2B2cB1-Fzj4Y_5hN=w408-h305-k-no,false,8:15 am–4 pm,8:15 am–4:30 pm,8:15 am–4 pm,8:15 am–12:30 pm,Closed,Closed,8:15 am–4:30 pm,"https://www.google.com/maps/search/vein+clinics+in+Altamont+Albany+NY/@42.7006324,-74.0337382,14z",2025-12-16T21:58:31.200Z,,,
https://www.google.com/maps/place/Rejuvn8+Aesthetics+-+Albany/data=!4m7!3m6!1s0x89de0d664c687dc7:0x8094c3a2ac465370!8m2!3d42.7363293!4d-73.7631671!16s%2Fg%2F11st8h5q30!19sChIJx31oTGYN3okRcFNGrKLDlIA,Rejuvn8 Aesthetics - Albany,5.0,231,Medical spa,"664 Loudon Rd Suite 360, Latham, NY 12110, United States","P6PP+GP Latham, New York, USA",https://www.rejuvn8.com/,+1 315-932-6869,"Open · Closes 6 pm

Updated by this business 11 weeks ago",https://lh3.googleusercontent.com/p/AF1QipNrNQuHUjybvkSJUwEtClXIHzVU8jAzhuy3egZk=w408-h272-k-no,true,10 am–6 pm,10 am–6 pm,10 am–6 pm,9 am–5 pm,Closed,Closed,10 am–6 pm,"https://www.google.com/maps/search/vein+clinics+in+Altamont+Albany+NY/@42.7006324,-74.0337382,14z",2025-12-16T21:58:36.752Z,,,
"https://www.google.com/maps/place/Paul+B.+Kreienberg,+MD/data=!4m7!3m6!1s0x89de0a46c65d0d65:0x1a54c023417a3b84!8m2!3d42.6539996!4d-73.7747442!16s%2Fg%2F1tfb2_bz!19sChIJZQ1dxkYK3okRhDt6QSPAVBo","Paul B. Kreienberg, MD",5.0,1,Vascular surgeon,"391 Myrtle Ave Floor 5, Albany, NY 12208, United States","M63G+H4 Albany, New York, USA",https://www.albanymed.org/physician/paul-kreienberg/,+1 518-262-5640,,https://streetviewpixels-pa.googleapis.com/v1/thumbnail?panoid=rZHLFvRs5WvgOcYtrj-U2g&cb_client=search.gws-prod.gps&w=408&h=240&yaw=65.182976&pitch=0&thumbfov=100,true,,,,,,,,"https://www.google.com/maps/search/vein+clinics+in+Altamont+Albany+NY/@42.7006324,-74.0337382,14z",2025-12-16T21:58:40.169Z,,,
"https://www.google.com/maps/place/Lalithapriya+Jayakumar,+MD/data=!4m7!3m6!1s0x865c5dacfc1519b1:0x4d749ccdb4e91895!8m2!3d42.7668255!4d-73.7604655!16s%2Fg%2F11fm6v93pk!19sChIJsRkV_KxdXIYRlRjptM2cdE0","Lalithapriya Jayakumar, MD",5.0,1,Vascular surgeon,"6 Wellness Wy Suite G02, Latham, NY 12110, United States","Q68Q+PR Latham, New York, USA",https://communitycare.com/doctors/priya-jayakumar/,+1 518-782-3900,Closed · Opens 8 am Wed,https://lh3.googleusercontent.com/p/AF1QipNKMHN9zhcl4auuuqcaZKTnIyxpm88zeCx0BIiM=w408-h571-k-no,true,8 am–4:30 pm,8 am–4:30 pm,8 am–4:30 pm,8 am–4:30 pm,Closed,Closed,8 am–4:30 pm,"https://www.google.com/maps/search/vein+clinics+in+Altamont+Albany+NY/@42.7006324,-74.0337382,14z",2025-12-16T21:58:45.923Z,,,
"https://www.google.com/maps/place/Courtney+Warner,+MD/data=!4m7!3m6!1s0x4cb4b5e643792c79:0xd43da5fa3335ce8!8m2!3d42.6539996!4d-73.7747442!16s%2Fg%2F1tcz_3d4!19sChIJeSx5Q-a1tEwR6Fwzo1_aQw0","Courtney Warner, MD",,,Vascular surgeon,"391 Myrtle Ave Suite 5, Albany, NY 12208, United States","M63G+H4 Albany, New York, USA",http://www.amc.edu/PhysicianDirectory/index.cfm?event=showPhysicianDetail&PRACT_ID=21226,+1 518-262-5640,,https://streetviewpixels-pa.googleapis.com/v1/thumbnail?panoid=rZHLFvRs5WvgOcYtrj-U2g&cb_client=search.gws-prod.gps&w=408&h=240&yaw=65.182976&pitch=0&thumbfov=100,true,,,,,,,,"https://www.google.com/maps/search/vein+clinics+in+Altamont+Albany+NY/@42.7006324,-74.0337382,14z",2025-12-16T21:58:48.979Z,,,
https://www.google.com/maps/place/Center+For+Vascular+Awareness/data=!4m7!3m6!1s0x89de0c907cce9b71:0x116f6bee7f127717!8m2!3d42.7587126!4d-73.7769171!16s%2Fg%2F11bxbb14y6!19sChIJcZvOfJAM3okRF3cSf-5rbxE,Center For Vascular Awareness,,,Non-profit organization,"713 Troy-Schenectady Rd Suite 125, Latham, NY 12110, United States","Q65F+F6 Latham, New York, USA",http://www.myvascularhealth.org/,+1 518-482-4025,,https://streetviewpixels-pa.googleapis.com/v1/thumbnail?panoid=Qe4BNJIKkjZ0Ga8NUyG_dw&cb_client=search.gws-prod.gps&w=408&h=240&yaw=305.9911&pitch=0&thumbfov=100,true,,,,,,,,"https://www.google.com/maps/search/vein+clinics+in+Altamont+Albany+NY/@42.7006324,-74.0337382,14z",2025-12-16T21:58:52.622Z,,,
https://www.google.com/maps/place/K+Plastic+Surgery/data=!4m7!3m6!1s0x89de0dbbe0c12a4d:0xcea7a14278f5aa93!8m2!3d42.757831!4d-73.7767721!16s%2Fg%2F1thhlh_g!19sChIJTSrB4LsN3okRk6r1eEKhp84,K Plastic Surgery,4.9,147,Plastic surgeon,"711 Troy-Schenectady Rd #206, Latham, NY 12110, United States","Q65F+47 Latham, New York, USA",https://kplasticsurgery.com/?utm_source=google_search&utm_medium=google_business_profile&utm_campaign=website_button,+1 518-674-9060,Closed · Opens 8 am Wed,https://lh3.googleusercontent.com/p/AF1QipOM0RUANxadh4Nd1CRvsB-Ri2P5AQ2S00e3CAfi=w851-h240-k-no,true,8 am–4 pm,8 am–4 pm,8 am–4 pm,8 am–4 pm,Closed,Closed,8 am–4 pm,"https://www.google.com/maps/search/vein+clinics+in+Altamont+Albany+NY/@42.7006324,-74.0337382,14z",2025-12-16T21:58:58.080Z,,,
https://www.google.com/maps/place/Community+Care+Rotterdam/data=!4m7!3m6!1s0x89de7196ccb405d5:0x81ca4745032607cb!8m2!3d42.7798881!4d-73.955255!16s%2Fg%2F1td01h3d!19sChIJ1QW0zJZx3okRywcmA0VHyoE,Community Care Rotterdam,3.5,95,Family practice physician,"1925 Curry Rd, Schenectady, NY 12303, United States","Q2HV+XV Schenectady, New York, USA",https://communitycare.com/practices/capitalcare-family-practice-rotterdam/,+1 518-356-5377,Open · Closes 6 pm,https://streetviewpixels-pa.googleapis.com/v1/thumbnail?panoid=0sHAJAYp56FafQBx5LZd7w&cb_client=search.gws-prod.gps&w=408&h=240&yaw=297.13742&pitch=0&thumbfov=100,true,7 am–6 pm,7 am–6 pm,7 am–6 pm,7 am–4:30 pm,Closed,Closed,7 am–6 pm,"https://www.google.com/maps/search/vein+clinics+in+Altamont+Albany+NY/@42.7006324,-74.0337382,14z",2025-12-16T21:59:03.660Z,,,
https://www.google.com/maps/place/Schweiger+Dermatology+Group+-+Cobleskill/data=!4m7!3m6!1s0x89dc27b056ef7ef7:0x8a7687b84f6cbbdf!8m2!3d42.6793359!4d-74.4649893!16s%2Fg%2F11tfsybh_x!19sChIJ937vVrAn3IkR37tsT7iHdoo,Schweiger Dermatology Group - Cobleskill,5.0,46,Dermatologist,"980 E Main St Suite 3, Cobleskill, NY 12043, United States","MGHP+P2 Cobleskill, New York, USA",https://www.schweigerderm.com/location/new-york/cobleskill/,+1 518-823-4122,Closed · Opens 8 am Wed,https://lh3.googleusercontent.com/gps-cs-s/AG0ilSzbq3CaEUvT4NUAiB13xj6hyBNlBhcd7EwNEqHql1bxdpeaWxzTL-unpx_q3wKoD7wTJxpd-5EeOVOlVy4kq57wNOdp6yWA4eQkDgV84r6dKAXMS5aq6qP3o2_okKSZxIPYALo=w408-h306-k-no,true,Closed,8 am–4:30 pm,Closed,Closed,Closed,Closed,Closed,"https://www.google.com/maps/search/vein+clinics+in+Altamont+Albany+NY/@42.7006324,-74.0337382,14z",2025-12-16T21:59:09.739Z,LGBTQ+ friendly,,
https://www.google.com/maps/place/Vascular+Health+Partners-+Amsterdam/data=!4m7!3m6!1s0x89def3945267736b:0x2df3eeaa072eca14!8m2!3d42.9363926!4d-74.1901728!16s%2Fg%2F11bwfky32x!19sChIJa3NnUpTz3okRFMouB6ru8y0,Vascular Health Partners- Amsterdam,3.0,2,Surgical center,"2520 Riverfront Center, Amsterdam, NY 12010, United States","WRP5+HW Amsterdam, New York, USA",https://communitycare.com/what-we-offer/telehealth/,+1 518-782-3900,Closed · Opens 8 am Wed,https://streetviewpixels-pa.googleapis.com/v1/thumbnail?panoid=pD-NBWZWYwkf-kimWywviA&cb_client=search.gws-prod.gps&w=408&h=240&yaw=202.2454&pitch=0&thumbfov=100,true,8 am–4:30 pm,8 am–4:30 pm,8 am–4:30 pm,8 am–4:30 pm,Closed,Closed,8 am–4:30 pm,"https://www.google.com/maps/search/vein+clinics+in+Altamont+Albany+NY/@42.7006324,-74.0337382,14z",2025-12-16T21:59:14.997Z,,,
"https://www.google.com/maps/place/Spa+Vein+Center/@43.0869256,-73.8070549,17z/data=!3m1!4b1!4m6!3m5!1s0x89de3826176f0937:0x2fd13d91895cb48e!8m2!3d43.0869256!4d-73.8070549!16s%2Fg%2F1v6wqb0r",Spa Vein Center,,,Doctor,"6 Care Ln, Saratoga Springs, NY 12866, United States","35PV+Q5 Saratoga Springs, New York, USA",,+1 518-587-7625,,,true,,,,,,,,"https://www.google.com/maps/search/vein+clinics+in+Altamont+Albany+NY/@42.7006324,-74.0337382,14z",2025-12-16T21:59:20.420Z,,,
https://www.google.com/maps/place/Putnam+Westchester+Vein+Center/data=!4m7!3m6!1s0x89dd4d5033b6624f:0x902cf0bfb16e5ed9!8m2!3d41.3861285!4d-73.6647899!16s%2Fg%2F113frc601!19sChIJT2K2M1BN3YkR2V5usb_wLJA,Putnam Westchester Vein Center,,,Surgical center,"672 Stoneleigh Ave, Carmel Hamlet, NY 10512, United States","98PP+F3 Carmel Hamlet, New York, USA",,+1 845-582-0911,,https://streetviewpixels-pa.googleapis.com/v1/thumbnail?panoid=wmIeAemeZIxXi7PzKl95QA&cb_client=search.gws-prod.gps&w=408&h=240&yaw=260.36383&pitch=0&thumbfov=100,false,,,,,,,,"https://www.google.com/maps/search/vein+clinics+in+Altamont+Albany+NY/@42.7006324,-74.0337382,14z",2025-12-16T21:59:23.863Z,,,
"https://www.google.com/maps/place/Manish+Mehta+MD,+MPH,+FACS/data=!4m7!3m6!1s0x89de0a46c65d0d65:0xf1143684ca2b8a4c!8m2!3d42.7666396!4d-73.7592183!16s%2Fg%2F1tj2c_g7!19sChIJZQ1dxkYK3okRTIoryoQ2FPE","Manish Mehta MD, MPH, FACS",4.2,10,Vascular surgeon,"West Entrance, 6 Wellness Wy Suite G02, Latham, NY 12110, United States","Q68R+M8 Latham, New York, USA",https://communitycare.com/doctors/manish-mehta/,+1 518-782-3900,Closed · Opens 8 am Wed,https://lh3.googleusercontent.com/p/AF1QipN8QqkEppLjc09x4O57mBEZzSWOA5tp_BLhm7Ic=w408-h272-k-no,true,8 am–4:30 pm,8 am–4:30 pm,8 am–4:30 pm,8 am–4:30 pm,Closed,Closed,8 am–4:30 pm,"https://www.google.com/maps/search/vein+clinics+in+Altamont+Albany+NY/@42.7006324,-74.0337382,14z",2025-12-16T21:59:29.620Z,,,
https://www.google.com/maps/place/Berkshire+Vein+Center/data=!4m7!3m6!1s0x89e74e6c759011a7:0x2b4fe6532bbc38d8!8m2!3d42.460582!4d-73.248757!16s%2Fg%2F1tl_mrbd!19sChIJpxGQdWxO54kR2Di8K1PmTys,Berkshire Vein Center,,,Medical clinic,"777 North St # 407, Pittsfield, MA 01201, United States","FQ62+6F Pittsfield, Massachusetts, USA",,+1 413-445-6422,,https://streetviewpixels-pa.googleapis.com/v1/thumbnail?panoid=EAOs56v2Q-mbraEXRI7SNA&cb_client=search.gws-prod.gps&w=408&h=240&yaw=199.13968&pitch=0&thumbfov=100,false,,,,,,,,"https://www.google.com/maps/search/vein+clinics+in+Altamont+Albany+NY/@42.7006324,-74.0337382,14z",2025-12-16T21:59:33.007Z,,,
https://www.google.com/maps/place/New+York+Vascular+Group/data=!4m7!3m6!1s0x89dd2daf1f52c3c7:0x8a0809e7289a540b!8m2!3d41.4353371!4d-74.0421415!16s%2Fg%2F11rwp49pc7!19sChIJx8NSH68t3YkRC1SaKOcJCIo,New York Vascular Group,4.7,7,Surgical center,"19 Laurel Ave SUITE 102, Cornwall, NY 12518, United States","CXP5+44 Firthcliffe, New York, USA",https://www.newyorkvasculargroup.com/,+1 845-822-8100,Closes soon · 5 pm · Opens 8 am Wed,https://lh3.googleusercontent.com/p/AF1QipPtauhBdV2MQQ3KN0Tr-EGLVpV_9z1hX1nhXrHj=w408-h274-k-no,true,8 am–5 pm,8 am–5 pm,8 am–5 pm,8 am–5 pm,Closed,Closed,8 am–5 pm,"https://www.google.com/maps/search/vein+clinics+in+Altamont+Albany+NY/@42.7006324,-74.0337382,14z",2025-12-16T21:59:38.575Z,,,
https://www.google.com/maps/place/CSL+Plasma/data=!4m7!3m6!1s0x89de737a48b912cf:0x67a42f01d3c2f94b!8m2!3d42.7862029!4d-73.9125938!16s%2Fg%2F11gyqnkzq1!19sChIJzxK5SHpz3okRS_nC0wEvpGc,CSL Plasma,3.4,133,Blood donation center,"1594 State St, Schenectady, NY 12304, United States","Q3PP+FX Schenectady, New York, USA",https://www.cslplasma.com/center/229,+1 518-347-9168,Open · Closes 7 pm,https://lh3.googleusercontent.com/p/AF1QipMLgML-PYoZHNOHaHSMpxifYBmP8IE6-y0LDBxy=w426-h240-k-no,true,7 am–7 pm,7 am–7 pm,7 am–7 pm,7 am–7 pm,7 am–3 pm,Closed,7 am–7 pm,"https://www.google.com/maps/search/vein+clinics+in+Altamont+Albany+NY/@42.7006324,-74.0337382,14z",2025-12-16T21:59:43.975Z,,,
https://www.google.com/maps/place/Vein+Treatment+Clinic/data=!4m7!3m6!1s0x89c25906e08b160d:0x96aed78d7d0bb88f!8m2!3d40.7518956!4d-73.980294!16s%2Fg%2F11f3219yc1!19sChIJDRaL4AZZwokRj7gLfY3XrpY,Vein Treatment Clinic,5.0,305,Medical Center,"290 Madison Ave Floor 2, New York, NY 10017, United States","Q229+QV New York, USA",https://www.veintreatmentclinic.com/locations/new-york/manhattan/midtown/?utm_source=google&utm_medium=gmb&utm_campaign=manhattan%20GMB,+1 646-631-3516,Open · Closes 7 pm,https://lh3.googleusercontent.com/p/AF1QipOF5rUzGqcjgwalRdnE4c-7HyHZd0hEKUFIO2UM=w408-h305-k-no,true,9 am–7 pm,9 am–7 pm,9 am–7 pm,9 am–7 pm,Closed,Closed,9 am–7 pm,"https://www.google.com/maps/search/vein+clinics+in+Altamont+Albany+NY/@42.7006324,-74.0337382,14z",2025-12-16T21:59:49.615Z,,,
https://www.google.com/maps/place/Dr.+Pamela+Telisky/data=!4m7!3m6!1s0x89de0b563108c993:0xa0bf6cff6bb92a40!8m2!3d42.6838267!4d-73.771249!16s%2Fg%2F11s5vxxpsr!19sChIJk8kIMVYL3okRQCq5a_9sv6A,Dr. Pamela Telisky,5.0,105,Cardiologist,"7 Southwoods Blvd, Albany, NY 12211, United States","M6MH+GG Albany, New York, USA",http://www.capitalcardiology.com/,+1 518-292-6000,Closed · Opens 8 am Wed,https://streetviewpixels-pa.googleapis.com/v1/thumbnail?panoid=tkeMdMYe-JTTA5uVYj7w9w&cb_client=search.gws-prod.gps&w=408&h=240&yaw=228.04906&pitch=0&thumbfov=100,true,8 am–4:30 pm,8 am–4:30 pm,8 am–4:30 pm,8 am–4:30 pm,Closed,Closed,8 am–4:30 pm,"https://www.google.com/maps/search/vein+clinics+in+Altamont+Albany+NY/@42.7006324,-74.0337382,14z",2025-12-16T21:59:55.397Z,,,
https://www.google.com/maps/place/Capital+Skin+Medical+Spa/data=!4m7!3m6!1s0x89de1158ef5b3557:0x9e01677f1cbbd3d!8m2!3d42.8405724!4d-73.7456516!16s%2Fg%2F1thz2nq5!19sChIJVzVb71gR3okRPb3L8XcW4Ak,Capital Skin Medical Spa,4.7,323,Medical spa,"1520 US-9, Clifton Park, NY 12065, United States","R7R3+6P Crescent, New York, USA",https://capitalskinspa.com/?utm_source=google&utm_medium=organic&utm_campaign=GBP,+1 518-458-7546,Closes soon · 5 pm · Opens 10 am Wed,https://lh3.googleusercontent.com/p/AF1QipM8T4j_aBqgrgDVyrvDuWwXqJ56AMV4LwDh6XNL=w408-h269-k-no,true,10 am–5 pm,10 am–5 pm,10 am–5 pm,10 am–5 pm,Closed,Closed,10 am–5 pm,"https://www.google.com/maps/search/vein+clinics+in+Altamont+Albany+NY/@42.7006324,-74.0337382,14z",2025-12-16T22:00:01.023Z,LGBTQ+ friendly,,
https://www.google.com/maps/place/William+Raible/data=!4m7!3m6!1s0x89de0af25d681521:0xa2e9b35d4f2cd48c!8m2!3d42.6552063!4d-73.8050947!16s%2Fg%2F11rkj9k_k2!19sChIJIRVoXfIK3okRjNQsT12z6aI,William Raible,5.0,2,Surgeon,"319 S Manning Blvd, Albany, NY 12208, United States",,https://www.sphp.com/provider/william-edward-raible-iii-md-vascular-surgery,+1 518-525-8220,,https://streetviewpixels-pa.googleapis.com/v1/thumbnail?panoid=58WTRP0e52MPkmDdfd30Iw&cb_client=search.gws-prod.gps&w=408&h=240&yaw=118.96554&pitch=0&thumbfov=100,false,,,,,,,,"https://www.google.com/maps/search/vein+clinics+in+Altamont+Albany+NY/@42.7006324,-74.0337382,14z",2025-12-16T22:00:04.218Z,,,
https://www.google.com/maps/place/St.+Peter%27s+Hospital/data=!4m7!3m6!1s0x89de0af184344367:0xe754ea2f7f241ef8!8m2!3d42.6561908!4d-73.8037049!16s%2Fg%2F1tdkc1qy!19sChIJZ0M0hPEK3okR-B4kfy_qVOc,St. Peter's Hospital,2.7,653,Hospital,"315 S Manning Blvd, Albany, NY 12208, United States","M54W+FG Albany, New York, USA",https://www.sphp.com/location/st-peters-hospital,+1 518-525-1550,,https://lh3.googleusercontent.com/p/AF1QipP26LDIsE06g-jJ9vtns1k4ONF4O6Cq4fMzh7E-=w408-h291-k-no,true,Open 24 hours,Open 24 hours,Open 24 hours,Open 24 hours,Open 24 hours,Open 24 hours,Open 24 hours,"https://www.google.com/maps/search/vein+clinics+in+Altamont+Albany+NY/@42.7006324,-74.0337382,14z",2025-12-16T22:00:10.050Z,,,
https://www.google.com/maps/place/Capital+Cardiology+Associates/data=!4m7!3m6!1s0x89de0bc078192b49:0xfb514ccdb53a244a!8m2!3d42.6836088!4d-73.7711861!16s%2Fg%2F1tl8lq76!19sChIJSSsZeMAL3okRSiQ6tc1MUfs,Capital Cardiology Associates,4.9,2853,Medical clinic,"7 Southwoods Blvd, Albany, NY 12211, United States","M6MH+CG Albany, New York, USA",http://www.capitalcardiology.com/,+1 518-292-6000,Closed · Opens 8 am Wed,https://lh3.googleusercontent.com/p/AF1QipN2n7UeamxofhyaNcfuTBBev4b_R542VS_D2uXx=w408-h306-k-no,true,8 am–4:30 pm,8 am–4:30 pm,8 am–4:30 pm,8 am–4:30 pm,Closed,Closed,8 am–4:30 pm,"https://www.google.com/maps/search/vein+clinics+in+Altamont+Albany+NY/@42.7006324,-74.0337382,14z",2025-12-16T22:00:15.725Z,Identifies as veteran-owned,,
"https://www.google.com/maps/place/Lucie+Capek,+MD+Plastic+Surgery+%26+MedSpa/data=!4m7!3m6!1s0x89de0dbbdd85beeb:0xab2aff2a410057ee!8m2!3d42.7728674!4d-73.7518901!16s%2Fg%2F1tdx53qm!19sChIJ676F3bsN3okR7lcAQSr_Kqs","Lucie Capek, MD Plastic Surgery & MedSpa",4.6,107,Plastic surgeon,"1003 Loudon Rd Suite 101, Latham, NY 12047, United States","Q6FX+46 Latham, New York, USA",https://www.capekplasticsurgery.com/,+1 518-786-1700,Closed · Opens 8:30 am Wed,https://lh3.googleusercontent.com/p/AF1QipP6oAKcQC3U3WWsqI1i3UHD5ve5VyVUgfVxyqf_=w427-h240-k-no,true,8:30 am–5 pm,8:30 am–4:30 pm,8:30 am–6 pm,8 am–3 pm,Closed,Closed,8:30 am–4:30 pm,"https://www.google.com/maps/search/vein+clinics+in+Altamont+Albany+NY/@42.7006324,-74.0337382,14z",2025-12-16T22:00:21.169Z,LGBTQ+ friendly,,
https://www.google.com/maps/place/Renew+Medical+Aesthetics+%26+Wellness/data=!4m7!3m6!1s0x89de75c1997ea671:0x93ec2edd7ab471c!8m2!3d42.8672362!4d-73.8054885!16s%2Fg%2F11t_ky3lhz!19sChIJcaZ-mcF13okRHEer1-3CPgk,Renew Medical Aesthetics & Wellness,5.0,43,Medical spa,"952 NY-146 Ste 2, Clifton Park, NY 12065, United States","V58V+VR Clifton Knolls-Mill Creek, New York, USA",https://www.renewmedicalny.com/,+1 518-357-3012,Closed · Opens 9 am Wed,https://lh3.googleusercontent.com/p/AF1QipOgY71mCFGZedHMJHA9P47brNVjN_9Qu9rq7wd1=w408-h510-k-no,true,9 am–4 pm,9 am–4 pm,9 am–4 pm,9 am–4 pm,Closed,Closed,9 am–4 pm,"https://www.google.com/maps/search/vein+clinics+in+Altamont+Albany+NY/@42.7006324,-74.0337382,14z",2025-12-16T22:00:26.867Z,,,
https://www.google.com/maps/place/Vein+Treatment+Clinic/data=!4m7!3m6!1s0x8640c14a67f2dcf7:0x1d63008e890deb7f!8m2!3d40.7098196!4d-74.0053695!16s%2Fg%2F11fk5kl6nc!19sChIJ99zyZ0rBQIYRf-sNiY4AYx0,Vein Treatment Clinic,5.0,329,Medical Center,"156 William St Suite 302, New York, NY 10038, United States","PX5V+WV New York, USA",https://www.veintreatmentclinic.com/locations/new-york/manhattan/fidi/?utm_source=google&utm_medium=gmb&utm_campaign=fidi%20GMB,+1 917-933-0427,Open · Closes 7 pm,https://lh3.googleusercontent.com/p/AF1QipO-DTeugW4WhqDJULG0b4nuTF-VitlxXM2jWX0S=w408-h305-k-no,true,9 am–7 pm,9 am–7 pm,9 am–7 pm,9 am–7 pm,Closed,Closed,9 am–7 pm,"https://www.google.com/maps/search/vein+clinics+in+Altamont+Albany+NY/@42.7006324,-74.0337382,14z",2025-12-16T22:00:32.480Z,,,
"https://www.google.com/maps/place/VIP+Medical+Group/@40.7518956,-73.980294,17z/data=!3m1!4b1!4m6!3m5!1s0x89c25906e08b15d5:0xee7fca70d318ee99!8m2!3d40.7518956!4d-73.980294!16s%2Fg%2F11c1lykb4c",VIP Medical Group,4.8,105,Medical clinic,"290 Madison Ave Floor 2, New York, NY 10017, United States","Q229+QV New York, USA",https://www.vipmedicalgroup.com/locations/new-york/manhattan/?utm_source=google&utm_medium=gmb&utm_campaign=manhattan%20GMB,+1 646-631-2485,Open · Closes 7 pm,https://lh3.googleusercontent.com/p/AF1QipNJMZS7j7meaKYqujXwHkmAz81R4AIM2zQtwUjX=w408-h305-k-no,true,9 am–7 pm,9 am–7 pm,9 am–7 pm,9 am–7 pm,Closed,Closed,9 am–7 pm,"https://www.google.com/maps/search/vein+clinics+in+Altamont+Albany+NY/@42.7006324,-74.0337382,14z",2025-12-16T22:00:40.508Z,,,
https://www.google.com/maps/place/Specialty+Infusion+Centers+-+Albany/data=!4m7!3m6!1s0x89de0b4d29dbe2b3:0xa85fe9213f78d939!8m2!3d42.6860862!4d-73.8122087!16s%2Fg%2F11kj02nskh!19sChIJs-LbKU0L3okROdl4PyHpX6g,Specialty Infusion Centers - Albany,4.7,7,Medical clinic,"1365 Washington Ave #102a, Albany, NY 12206, United States","M5PQ+C4 Albany, New York, USA",https://vivoinfusion.com/,+1 518-801-9075,"Closed · Opens 9 am Wed

Updated by others 5 weeks ago",https://streetviewpixels-pa.googleapis.com/v1/thumbnail?panoid=YTvp8fMYVo_3RZr0yN0IKg&cb_client=search.gws-prod.gps&w=408&h=240&yaw=32.470795&pitch=0&thumbfov=100,true,Closed,9 am–6 pm,9 am–6 pm,9 am–6 pm,Closed,Closed,Closed,"https://www.google.com/maps/search/vein+clinics+in+Altamont+Albany+NY/@42.7006324,-74.0337382,14z",2025-12-16T22:00:45.858Z,,,
"https://www.google.com/maps/place/Sean+P.+Roddy,+MD/data=!4m7!3m6!1s0x89de0f996971014f:0x9be50562dca7156c!8m2!3d42.6539996!4d-73.7747442!16s%2Fg%2F1td0byd8!19sChIJTwFxaZkP3okRbBWn3GIF5Zs","Sean P. Roddy, MD",2.3,3,Vascular surgeon,"391 Myrtle Ave Suite 5, Albany, NY 12208, United States","M63G+H4 Albany, New York, USA",http://www.amc.edu/PhysicianDirectory/index.cfm?event=showPhysicianDetail&PRACT_ID=863,+1 518-262-5640,,https://streetviewpixels-pa.googleapis.com/v1/thumbnail?panoid=rZHLFvRs5WvgOcYtrj-U2g&cb_client=search.gws-prod.gps&w=408&h=240&yaw=65.182976&pitch=0&thumbfov=100,true,,,,,,,,"https://www.google.com/maps/search/vein+clinics+in+Altamont+Albany+NY/@42.7006324,-74.0337382,14z",2025-12-16T22:00:50.182Z,,,
https://www.google.com/maps/place/Ania+Hair+Studio+%26+Spa/data=!4m7!3m6!1s0x89de74dc9c70aea5:0x56f1626991398246!8m2!3d42.6873626!4d-73.8585891!16s%2Fg%2F1tf0rmb3!19sChIJpa5wnNx03okRRoI5kWli8VY,Ania Hair Studio & Spa,4.5,226,Hair salon,"1704 Western Ave, Albany, NY 12203, United States","M4PR+WH Albany, New York, USA",https://aniahairstudio.com/,+1 518-456-8822,"Open · Closes 8 pm

Confirmed by phone call 10 weeks ago",https://lh3.googleusercontent.com/p/AF1QipOe6suhaTUVek_YzPOU1sft9XckxipqjdvCMG-5=w408-h271-k-no,true,10 am–8 pm,10 am–8 pm,10 am–8 pm,10 am–6 pm,9 am–5 pm,Closed,10 am–7 pm,"https://www.google.com/maps/search/vein+clinics+in+Altamont+Albany+NY/@42.7006324,-74.0337382,14z",2025-12-16T22:00:56.089Z,LGBTQ+ friendly,,
https://www.google.com/maps/place/Interventional+Care+-+Albany/data=!4m7!3m6!1s0x89de0a46b177b895:0x7e4c1faf9431135a!8m2!3d42.6531715!4d-73.7761001!16s%2Fg%2F1tp_7d7d!19sChIJlbh3sUYK3okRWhMxlK8fTH4,Interventional Care - Albany,,,Radiologist,"47 New Scotland Ave, Albany, NY 12208, United States","M63F+7H Albany, New York, USA",https://www.albanyir.com/,+1 518-262-5149,Closed · Opens 8 am Wed,https://streetviewpixels-pa.googleapis.com/v1/thumbnail?panoid=ZICXpJVHtA8kEhtz6Dnr6g&cb_client=search.gws-prod.gps&w=408&h=240&yaw=2.2636745&pitch=0&thumbfov=100,true,8 am–4:30 pm,8 am–4:30 pm,8 am–4:30 pm,8 am–4:30 pm,Closed,Closed,8 am–4:30 pm,"https://www.google.com/maps/search/vein+clinics+in+Altamont+Albany+NY/@42.7006324,-74.0337382,14z",2025-12-16T22:01:01.392Z,,,
"https://www.google.com/maps/place/The+Vascular+Group,+PLLC/data=!4m7!3m6!1s0x89de0bc078192b49:0xb826d4d3c64f9b60!8m2!3d42.6837804!4d-73.7712843!16s%2Fg%2F1261gg246!19sChIJSSsZeMAL3okRYJtPxtPUJrg","The Vascular Group, PLLC",,,Heart hospital,"7 Southwoods Blvd, Albany, NY 12211, United States","M6MH+GF Albany, New York, USA",,+1 518-262-5640,,https://streetviewpixels-pa.googleapis.com/v1/thumbnail?panoid=cR1tjp1ktfUksySrqNqbuQ&cb_client=search.gws-prod.gps&w=408&h=240&yaw=344.75674&pitch=0&thumbfov=100,false,,,,,,,,"https://www.google.com/maps/search/vein+clinics+in+Altamont+Albany+NY/@42.7006324,-74.0337382,14z",2025-12-16T22:01:04.416Z,,,
https://www.google.com/maps/place/Plastic+Surgery/data=!4m7!3m6!1s0x89de0a412eb4b4ed:0x32eb84d66be08420!8m2!3d42.6520775!4d-73.7743626!16s%2Fg%2F11b7c2sxpz!19sChIJ7bS0LkEK3okRIITga9aE6zI,Plastic Surgery,2.9,19,Plastic surgeon,"50 New Scotland Ave 1st Floor, Albany, NY 12208, United States","M62G+R7 Albany, New York, USA",https://www.albanymed.org/location/plastic-surgery/,+1 518-262-2229,Closed · Opens 8:30 am Wed,https://lh3.googleusercontent.com/gps-cs-s/AG0ilSx18_Q_FgOJk3KAv_n7UlcqOBj1Rc_PKdOkhW4IsjVvfvoyplQBDEz0OQzaTR6-9RBqONejLepIvXtgh97CCQ02l5wBbJt4OXUquKHtTyIn5_IEytYb53dEiSJzw-_DINB_bEKJ=w408-h614-k-no,true,8:30 am–4:30 pm,8:30 am–4:30 pm,8:30 am–4:30 pm,8:30 am–4:30 pm,Closed,Closed,8:30 am–4:30 pm,"https://www.google.com/maps/search/vein+clinics+in+Altamont+Albany+NY/@42.7006324,-74.0337382,14z",2025-12-16T22:01:09.901Z,,,
https://www.google.com/maps/place/Vascular+Care/data=!4m7!3m6!1s0x89de6df257892b77:0x6827eeab80a27d05!8m2!3d42.809331!4d-73.915532!16s%2Fg%2F1tgnsnk0!19sChIJdyuJV_Jt3okRBX2igKvuJ2g,Vascular Care,,,Surgical center,"1367 Union St, Schenectady, NY 12308, United States","R35M+PQ Schenectady, New York, USA",,,,https://streetviewpixels-pa.googleapis.com/v1/thumbnail?panoid=tJvI3S0Gx4ZF_mo3Ib4EDA&cb_client=search.gws-prod.gps&w=408&h=240&yaw=20.700882&pitch=0&thumbfov=100,false,,,,,,,,"https://www.google.com/maps/search/vein+clinics+in+Altamont+Albany+NY/@42.7006324,-74.0337382,14z",2025-12-16T22:01:12.865Z,,,
"https://www.google.com/maps/place/Dr.+Ian+H+Santoro,+MD,+FACC,+FHRS/data=!4m7!3m6!1s0x89de0bc078192b49:0x444e47299696876d!8m2!3d42.6838281!4d-73.7712281!16s%2Fg%2F1tfrsy3m!19sChIJSSsZeMAL3okRbYeWlilHTkQ","Dr. Ian H Santoro, MD, FACC, FHRS",4.8,270,Cardiologist,"7 Southwoods Blvd, Albany, NY 12211, United States","M6MH+GG Albany, New York, USA",https://www.capitalcardiology.com/doctor-bios/ian-santoro-md-facc/,+1 518-292-6004,Closed · Opens 8 am Wed,https://streetviewpixels-pa.googleapis.com/v1/thumbnail?panoid=tkeMdMYe-JTTA5uVYj7w9w&cb_client=search.gws-prod.gps&w=408&h=240&yaw=225.73866&pitch=0&thumbfov=100,true,8 am–4:30 pm,8 am–4:30 pm,8 am–4:30 pm,8 am–4:30 pm,Closed,Closed,8 am–4:30 pm,"https://www.google.com/maps/search/vein+clinics+in+Altamont+Albany+NY/@42.7006324,-74.0337382,14z",2025-12-16T22:01:18.519Z,,,
https://www.google.com/maps/place/All+In+Aesthetics+Studio+LLC/data=!4m7!3m6!1s0x89de6e09b05a5555:0x134f2591435579b!8m2!3d42.812488!4d-73.937624!16s%2Fg%2F11g8yl7jpk!19sChIJVVVasAlu3okRm1c1FFnyNAE,All In Aesthetics Studio LLC,5.0,17,Skin care clinic,"600 Franklin St #114, Schenectady, NY 12305, United States","R366+XX Schenectady, New York, USA",https://allinaesthetics.com/,+1 518-542-5477,Open · Closes 7 pm,https://lh3.googleusercontent.com/p/AF1QipMS4SgOuCul8nz55XBMkt-qOqPHUi3IbIYtrvDT=w513-h240-k-no,true,10 am–7 pm,10 am–6 pm,10 am–7 pm,10 am–5 pm,10 am–2 pm,Closed,10 am–6 pm,"https://www.google.com/maps/search/vein+clinics+in+Altamont+Albany+NY/@42.7006324,-74.0337382,14z",2025-12-16T22:01:23.852Z,LGBTQ+ friendly,,
https://www.google.com/maps/place/Center+for+Wound+Care+%26+Hyperbaric+Medicine/data=!4m7!3m6!1s0x89de0bd86d673f1d:0xe3dedd4c8ec17e8c!8m2!3d42.6741302!4d-73.748474!16s%2Fg%2F1tdzxqql!19sChIJHT9nbdgL3okRjH7Bjkzd3uM,Center for Wound Care & Hyperbaric Medicine,3.0,12,Doctor,"600 Northern Blvd, Albany, NY 12204, United States","M7F2+MJ Albany, New York, USA",,+1 518-471-3650,Closed · Opens 7:30 am Wed,https://lh3.googleusercontent.com/gps-cs-s/AG0ilSx6SqmCYSTFU3onviw0w9_5ia-1-1xY1aga6o0e1Iy5q8u-m_1efm0TlRoU8jBQoYk8HhKfpggLmM5tOcNNsJBDqRx_grSoaN64A9BocWAjeiQn2sZY4_Z8hh0soo5WKfqKRv4oFg=w408-h355-k-no,true,7:30 am–4:30 pm,7:30 am–4:30 pm,7:30 am–4:30 pm,7:30 am–4:30 pm,Closed,Closed,7:30 am–4:30 pm,"https://www.google.com/maps/search/vein+clinics+in+Altamont+Albany+NY/@42.7006324,-74.0337382,14z",2025-12-16T22:01:29.286Z,,,
https://www.google.com/maps/place/Albany+Med+Internal+Medicine+Group/data=!4m7!3m6!1s0x89de0b29896ceba3:0x7e66270fe6142e18!8m2!3d42.6997763!4d-73.852271!16s%2Fg%2F1v7pzgtk!19sChIJo-tsiSkL3okRGC4U5g8nZn4,Albany Med Internal Medicine Group,2.8,68,Medical clinic,"178 Washington Ave Ext, Albany, NY 12203, United States","M4XX+W3 Albany, New York, USA",https://www.albanymed.org/location/internal-medicine-178-washington-ave-ext/,+1 518-262-5735,Closed · Opens 8 am Wed,https://lh3.googleusercontent.com/gps-cs-s/AG0ilSzdSyt9hiATW4I2DmufmisyZuVg9d7cOCgId9tlt6lxlmGKeiu2lPBYSZglnm7XkZFlnldfAv5-qhQHeBWSjv3azRhICaiCRTskpGk1DVZArGmpY0eLix6LIOO6prgTc3FO_pRu=w408-h544-k-no,true,8 am–4:30 pm,8 am–4:30 pm,8 am–4:30 pm,8 am–4:30 pm,Closed,Closed,8 am–4:30 pm,"https://www.google.com/maps/search/vein+clinics+in+Altamont+Albany+NY/@42.7006324,-74.0337382,14z",2025-12-16T22:01:34.631Z,,,
"https://www.google.com/maps/place/Burnt+Hills+Laser/@42.9092846,-73.899155,17z/data=!3m1!4b1!4m6!3m5!1s0x89de6badb00ec107:0x682ff1fb7dc7cacf!8m2!3d42.9092846!4d-73.899155!16s%2Fg%2F11cmsjg46k",Burnt Hills Laser,4.9,8,Laser hair removal service,"NY-50, Burnt Hills, NY 12027, United States","W452+P8 Burnt Hills, Ballston, NY, USA",,+1 518-791-8590,Closed · Opens 9 am Wed,,true,9 am–5 pm,9 am–5 pm,9 am–5 pm,9 am–5 pm,9 am–5 pm,9 am–5 pm,9 am–5 pm,"https://www.google.com/maps/search/vein+clinics+in+Altamont+Albany+NY/@42.7006324,-74.0337382,14z",2025-12-16T22:01:42.404Z,,,
"https://www.google.com/maps/place/Benjamin+Laser,+MD/data=!4m7!3m6!1s0x89de0f99451cea69:0x5ba0a037994ab54c!8m2!3d42.6838404!4d-73.8032724!16s%2Fg%2F1ptyb0f8d!19sChIJaeocRZkP3okRTLVKmTegoFs","Benjamin Laser, MD",4.9,11,Oncologist,"400 Patroon Creek Blvd Suite 1, Albany, NY 12206, United States","M5MW+GM Albany, New York, USA",https://newyorkoncology.com/our-team/physicians/benjamin-laser/?utm_campaign=business&utm_source=local-listings&utm_medium=google,+1 518-489-0044,Closed · Opens 8 am Wed,https://streetviewpixels-pa.googleapis.com/v1/thumbnail?panoid=ZopyXr2ce4wmKvklL11yaw&cb_client=search.gws-prod.gps&w=408&h=240&yaw=231.43047&pitch=0&thumbfov=100,true,8 am–4 pm,8 am–4 pm,8 am–4 pm,8 am–4 pm,Closed,Closed,8 am–4 pm,"https://www.google.com/maps/search/vein+clinics+in+Altamont+Albany+NY/@42.7006324,-74.0337382,14z",2025-12-16T22:01:47.430Z,,,
"https://www.google.com/maps/place/Xzabia+Caliste,+MD/data=!4m7!3m6!1s0x89de0b5fbd1b1699:0x53b4aed210c85ab!8m2!3d42.6539996!4d-73.7747442!16s%2Fg%2F11fjn3ctr5!19sChIJmRYbvV8L3okRq4UMIe1KOwU","Xzabia Caliste, MD",,,Vascular surgeon,"391 Myrtle Ave Suite 5, Albany, NY 12208, United States","M63G+H4 Albany, New York, USA",http://www.amc.edu/PhysicianDirectory/index.cfm?event=showPhysicianDetail&PRACT_ID=22751,+1 518-262-5640,,https://streetviewpixels-pa.googleapis.com/v1/thumbnail?panoid=rZHLFvRs5WvgOcYtrj-U2g&cb_client=search.gws-prod.gps&w=408&h=240&yaw=65.182976&pitch=0&thumbfov=100,true,,,,,,,,"https://www.google.com/maps/search/vein+clinics+in+Altamont+Albany+NY/@42.7006324,-74.0337382,14z",2025-12-16T22:01:50.415Z,,,
"https://www.google.com/maps/place/Vascular+Group:+Shah+Dhirahj+M+MD/@42.6536323,-73.7767884,17z/data=!3m1!4b1!4m6!3m5!1s0x89de0a46c65d0d65:0xfc2c345ed96257d5!8m2!3d42.6536323!4d-73.7767884!16s%2Fg%2F1tdsksn2",Vascular Group: Shah Dhirahj M MD,,,Vascular surgeon,"43 New Scotland Ave, Albany, NY 12208, United States","M63F+F7 Albany, New York, USA",,+1 518-262-5640,,,false,,,,,,,,"https://www.google.com/maps/search/vein+clinics+in+Altamont+Albany+NY/@42.7006324,-74.0337382,14z",2025-12-16T22:01:55.342Z,,,
https://www.google.com/maps/place/The+Rejuva+Center+at+Williams+Latham/data=!4m7!3m6!1s0x89de0d130ebc5f39:0xa9c960255dc09130!8m2!3d42.7646459!4d-73.8112242!16s%2Fg%2F1tnmsqsc!19sChIJOV-8DhMN3okRMJHAXSVgyak,The Rejuva Center at Williams Latham,4.9,338,Medical spa,"1072 Troy-Schenectady Rd #102, Latham, NY 12110, United States","Q57Q+VG Latham, New York, USA",https://www.rejuvacenters.com/med-spa-new-york/latham/?utm_source=google&utm_medium=organic&utm_campaign=gbpLatham&utm_content=website,+1 518-861-3795,Open · Closes 8 pm,https://lh3.googleusercontent.com/p/AF1QipP9R-8J48DJ52He3Tk9zHPG8s9udUDqeidBKM87=w408-h612-k-no,true,8:30 am–8 pm,8:30 am–8 pm,8:30 am–8 pm,8:30 am–4:30 pm,8:30 am–1:30 pm,Closed,8:30 am–4:30 pm,"https://www.google.com/maps/search/vein+clinics+in+Voorheesville+Albany+NY/@42.653967,-73.9287365,14z",2025-12-16T22:02:12.534Z,,,
https://www.google.com/maps/place/Revive+and+Bloom+Aesthetics+%2B+Wellness/data=!4m7!3m6!1s0x89de0dd2a5608a15:0xae62fb1de2096dcf!8m2!3d42.6149281!4d-73.852356!16s%2Fg%2F11l6gxx3s2!19sChIJFYpgpdIN3okRz20J4h37Yq4,Revive and Bloom Aesthetics + Wellness,5.0,293,Medical spa,"636 Delaware Ave Suite 2, Delmar, NY 12054, United States","J47X+X3 Delmar, Bethlehem, NY, USA",https://www.reviveandbloomaesthetics.com/,+1 518-308-8111,"Open · Closes 7 pm

Updated by this business 1 week ago",https://lh3.googleusercontent.com/gps-cs-s/AG0ilSygcYKf746-hvf-A4LvGvSgLKJS3WW29HCwxplBG-0-LzYFatoy7UsKuU8M2mgdiW3Hf3Gd6SakgBGpW-zhX20CrEnX-_ab_odqco20ARNJUTnmFld62SAy3OmpRcQ3_LlMFVNKcQ=w408-h306-k-no,true,11 am–7 pm,9 am–4 pm,Closed,9 am–3 pm,Closed,9 am–4 pm,9 am–4 pm,"https://www.google.com/maps/search/vein+clinics+in+Voorheesville+Albany+NY/@42.653967,-73.9287365,14z",2025-12-16T22:02:17.546Z,,,
https://www.google.com/maps/place/Albany+Medical+Center/data=!4m7!3m6!1s0x89de0a46b177b895:0xd2651da19fb0d9e7!8m2!3d42.6531159!4d-73.7760539!16s%2Fm%2F04g3qrm!19sChIJlbh3sUYK3okR59mwn6EdZdI,Albany Medical Center,2.4,1124,Medical Center,"43 New Scotland Ave, Albany, NY 12208, United States","M63F+6H Albany, New York, USA",http://www.albanymed.org/,+1 518-262-3125,,https://lh3.googleusercontent.com/gps-cs-s/AG0ilSz6Ywqrh4TVtCuMGLfXhjbyHGCyreDozSiYPJ0nyI-_qZ66ZKgD-O0kP0vn1hZrVgXcjlZmJQoy2eMmKN_cOb-rMEbbJKCPULLfxOwqD4k62koLwmPzp0I7iJpauN3gTIJOR-gcog=w408-h306-k-no,true,Open 24 hours,Open 24 hours,Open 24 hours,Open 24 hours,Open 24 hours,Open 24 hours,Open 24 hours,"https://www.google.com/maps/search/vein+clinics+in+Voorheesville+Albany+NY/@42.653967,-73.9287365,14z",2025-12-16T22:02:22.951Z,,,
https://www.google.com/maps/place/St+Peter%27s+Health+Partners/data=!4m7!3m6!1s0x89de0b2be3b2cee5:0x7f7d6d3ab62941ed!8m2!3d42.6799938!4d-73.8363114!16s%2Fg%2F11fy4qr0cl!19sChIJ5c6y4ysL3okR7UEptjptfX8,St Peter's Health Partners,2.1,24,Medical Center,"1444 Western Ave B, Albany, NY 12203, United States","M5H7+XF Albany, New York, USA",https://www.sphp.com/,+1 518-489-2812,,https://streetviewpixels-pa.googleapis.com/v1/thumbnail?panoid=4Eq13_6TX_LQjgrvnJ0QvQ&cb_client=search.gws-prod.gps&w=408&h=240&yaw=318.31287&pitch=0&thumbfov=100,false,,,,,,,,"https://www.google.com/maps/search/vein+clinics+in+Voorheesville+Albany+NY/@42.653967,-73.9287365,14z",2025-12-16T22:02:25.994Z,,,
https://www.google.com/maps/place/Devon+Bock/data=!4m7!3m6!1s0x89de0a46e71eaaab:0x35111976ad58f6f9!8m2!3d42.6539996!4d-73.7747442!16s%2Fg%2F11sc_yztyp!19sChIJq6oe50YK3okR-fZYrXYZETU,Devon Bock,,,Vascular surgeon,"391 Myrtle Ave, Albany, NY 122083835, United States",,,+1 518-262-5640,,https://streetviewpixels-pa.googleapis.com/v1/thumbnail?panoid=rZHLFvRs5WvgOcYtrj-U2g&cb_client=search.gws-prod.gps&w=408&h=240&yaw=65.182976&pitch=0&thumbfov=100,false,,,,,,,,"https://www.google.com/maps/search/vein+clinics+in+Voorheesville+Albany+NY/@42.653967,-73.9287365,14z",2025-12-16T22:02:28.835Z,,,
https://www.google.com/maps/place/Vascular+Group:+Mason+Robert+A+MD/data=!4m7!3m6!1s0x89de0a46c65d0d65:0xb504b2d9c39c1887!8m2!3d42.6525206!4d-73.7748864!16s%2Fg%2F1wg5y_y9!19sChIJZQ1dxkYK3okRhxicw9myBLU,Vascular Group: Mason Robert A MD,,,Vascular surgeon,"43 New Scotland Ave, Albany, NY 12208, United States","M63G+22 Albany, New York, USA",,+1 518-262-5640,,https://streetviewpixels-pa.googleapis.com/v1/thumbnail?panoid=bjKouvuXPojjpdSdj2GQUg&cb_client=search.gws-prod.gps&w=408&h=240&yaw=171.63303&pitch=0&thumbfov=100,false,,,,,,,,"https://www.google.com/maps/search/vein+clinics+in+Voorheesville+Albany+NY/@42.653967,-73.9287365,14z",2025-12-16T22:02:40.950Z,,,
"https://www.google.com/maps/place/Dr.+Carl+A.+Heinecke,+MD,+MPH/data=!4m7!3m6!1s0x89de0bc07820f1bf:0x98dad749f1beda6a!8m2!3d42.6837407!4d-73.7711689!16s%2Fg%2F11f40q162v!19sChIJv_EgeMAL3okRatq-8UnX2pg","Dr. Carl A. Heinecke, MD, MPH",4.9,290,Cardiologist,"Southwoods Blvd #7, Albany, NY 12211, United States","M6MH+FG Albany, New York, USA",https://www.capitalcardiology.com/doctor-bios/dr-carl-alexander-heinecke/,+1 518-292-6004,Closed · Opens 8 am Wed,https://lh3.googleusercontent.com/p/AF1QipNvy4Dy79_pRakqiUm2i2_i2OdVl8jaxlyP_aEA=w408-h306-k-no,true,8 am–4:30 pm,8 am–4:30 pm,8 am–4:30 pm,8 am–4:30 pm,Closed,Closed,8 am–4:30 pm,"https://www.google.com/maps/search/vein+clinics+in+Menands+Albany+NY/@42.6920233,-73.7245639,14z",2025-12-16T22:02:57.002Z,,,
https://www.google.com/maps/place/LabCare+of+Community+Care+Physicians+-+Albany/data=!4m7!3m6!1s0x89de0a46dddb2b65:0x936c8009c1ca520c!8m2!3d42.6540108!4d-73.7745683!16s%2Fg%2F11cjhmjz20!19sChIJZSvb3UYK3okRDFLKwQmAbJM,LabCare of Community Care Physicians - Albany,4.9,264,Laboratory,"391 Myrtle Ave, Albany, NY 12208, United States","M63G+J5 Albany, New York, USA",https://labcare.communitycare.com/,+1 518-213-0448,"Closed · Opens 8 am Wed

Updated by others 7 days ago",https://lh3.googleusercontent.com/gps-cs-s/AG0ilSzSWRDO9jWOZz3UCnEz0XPQcJolcKUFi6k5D6319o5wFv-4YSOKRQMrivxmng_R4kNufymGyvyNUwb69NbGkJlxRQDeVXybLas6ScB46fjM4UIAnpKA0Vv2JWJYFcIeXHV-_8298AeOdsE=w408-h544-k-no,true,"8 am–12:30 pm, 1:30–3:30 pm","8 am–12:30 pm, 1:30–3:30 pm","8 am–12:30 pm, 1:30–3:30 pm","8 am–12:30 pm, 1:30–3:30 pm",Closed,Closed,"8 am–12:30 pm, 1:30–3:30 pm","https://www.google.com/maps/search/vein+clinics+in+Menands+Albany+NY/@42.6920233,-73.7245639,14z",2025-12-16T22:03:02.039Z,,,
"https://www.google.com/maps/place/Jessix+MedSpa/@42.6950661,-73.688524,17z/data=!3m1!4b1!4m6!3m5!1s0x89de0f1684bc07f7:0x6c0bdedaf5046ec2!8m2!3d42.6950661!4d-73.688524!16s%2Fg%2F11x63swf95",Jessix MedSpa,,,Medical spa,"16 N Greenbush Rd Suite 204, Troy, NY 12180, United States","M8W6+2H Troy, New York, USA",,,,,true,,,,,,,,"https://www.google.com/maps/search/vein+clinics+in+Menands+Albany+NY/@42.6920233,-73.7245639,14z",2025-12-16T22:03:06.740Z,,,
https://www.google.com/maps/place/Labcorp/data=!4m7!3m6!1s0x89de0b402d29d505:0x8ea9f05bef083271!8m2!3d42.6705059!4d-73.7793196!16s%2Fg%2F11rd5r7vvv!19sChIJBdUpLUAL3okRcTII71vwqY4,Labcorp,4.4,51,Medical laboratory,"526 Central Ave, Albany, NY 12206, United States","M6CC+67 Albany, New York, USA",https://locations.labcorp.com/ny/albany/37399/,+1 518-612-7006,"Closed · Opens 7:30 am Wed

Updated by this business 2 weeks ago",https://lh3.googleusercontent.com/p/AF1QipNHxrpHiLOCBP8v0TuQywqIB7T-7_Pakc2ekm3d=w408-h272-k-no,true,"7:30 am–12 pm, 1–4 pm","7:30 am–12 pm, 1–4 pm","7:30 am–12 pm, 1–4 pm","7:30 am–12 pm, 1–4 pm",Closed,Closed,"7:30 am–12 pm, 1–4 pm","https://www.google.com/maps/search/vein+clinics+in+Menands+Albany+NY/@42.6920233,-73.7245639,14z",2025-12-16T22:03:11.608Z,,,
https://www.google.com/maps/place/Capital+Cardiology+Associates+%7C+Troy/data=!4m7!3m6!1s0x89de0f996971014f:0xcb944a3692e9e78c!8m2!3d42.7328227!4d-73.6712013!16s%2Fg%2F1tvymsl4!19sChIJTwFxaZkP3okRjOfpkjZKlMs,Capital Cardiology Associates | Troy,4.8,1044,Medical clinic,"2200 Burdett Ave, Troy, NY 12180, United States","P8MH+4G Troy, New York, USA",https://capitalcardiology.com/,+1 518-292-6200,Closed · Opens 8 am Wed,https://lh3.googleusercontent.com/gps-cs-s/AG0ilSxdAfYeoSkqHCW9TgmyeKjTWHA4_3atl22NC3sDuhcmzVaH92_vL2b1kbMMmm0aGZT3OkQjJ8G8UoDuvvBRdE_zga6uYAn5IgIEpPRnsFcerN1EKC_VXnF4phT5I99rgPeMBbjY=w408-h544-k-no,true,8 am–4:30 pm,8 am–4:30 pm,8 am–4:30 pm,8 am–4:30 pm,Closed,Closed,8 am–4:30 pm,"https://www.google.com/maps/search/vein+clinics+in+Menands+Albany+NY/@42.6920233,-73.7245639,14z",2025-12-16T22:03:16.615Z,,,
https://www.google.com/maps/place/SL+Mclaughlin+Funeral+Home/data=!4m7!3m6!1s0x89de09650bf4e3b9:0xb24246974f9bea1f!8m2!3d42.6732533!4d-73.7378019!16s%2Fg%2F11gr14js4s!19sChIJueP0C2UJ3okRH-qbT5dGQrI,SL Mclaughlin Funeral Home,4.8,34,Funeral home,"1226 Broadway, Albany, NY 12204, United States","M7F6+8V Albany, New York, USA",https://www.slmclaughlinfuneralhome.com/about-us,+1 518-465-2000,,https://lh3.googleusercontent.com/gps-cs-s/AG0ilSzfEp_W2XNSHpxgUeY861gvkAJUqfiZUcvIGGKjSC5yxfu64HqHxgydSHdkT86V-lX1tQ_YL1Ukr27mJI80EPVBmtH83dzMD6TDHXoe78RlwBUBjqKBn2MuGznasFkzJQ4ZUTug=w408-h306-k-no,false,,,,,,,,"https://www.google.com/maps/search/vein+clinics+in+Menands+Albany+NY/@42.6920233,-73.7245639,14z",2025-12-16T22:03:19.500Z,,,
"https://www.google.com/maps/place/Dr.+William+J.+Byrne,+MD/@42.6534119,-73.7764248,17z/data=!3m1!4b1!4m6!3m5!1s0x89de0a46c65d0d65:0xaecf0ed52af749e8!8m2!3d42.6534119!4d-73.7764248!16s%2Fg%2F1tf494bq","Dr. William J. Byrne, MD",,,Vascular surgeon,"43 New Scotland Ave, Albany, NY 12208, United States","M63F+9C Albany, New York, USA",,+1 518-262-5640,,,false,,,,,,,,"https://www.google.com/maps/search/vein+clinics+in+Menands+Albany+NY/@42.6920233,-73.7245639,14z",2025-12-16T22:03:29.208Z,,,
https://www.google.com/maps/place/Albany+Med+Vascular+Surgery/data=!4m7!3m6!1s0x89de6d532c8f4a3f:0xeceda972680bec2a!8m2!3d42.8021659!4d-73.8982762!16s%2Fg%2F11g_r5pvfs!19sChIJP0qPLFNt3okRKuwLaHKp7ew,Albany Med Vascular Surgery,,,Vascular surgeon,"1769 Union St 2nd floor, Niskayuna, NY 12309, United States","R422+VM Niskayuna, New York, USA",http://www.amc.edu/patient/services/Surgery/endovascular_surgery/vascular_surgery/,+1 518-262-5640,,https://streetviewpixels-pa.googleapis.com/v1/thumbnail?panoid=qqV8hQsGTfBCk_UBExmZaA&cb_client=search.gws-prod.gps&w=408&h=240&yaw=342.4645&pitch=0&thumbfov=100,true,,,,,,,,"https://www.google.com/maps/search/vein+clinics+in+Menands+Albany+NY/@42.6920233,-73.7245639,14z",2025-12-16T22:03:31.917Z,,,
https://www.google.com/maps/place/Planned+Parenthood+-+Albany+Health+Center/data=!4m7!3m6!1s0x89de0ba66c911591:0x7987a5f3cde4debd!8m2!3d42.6808045!4d-73.7885034!16s%2Fg%2F1tdvw998!19sChIJkRWRbKYL3okRvd7kzfOlh3k,Planned Parenthood - Albany Health Center,2.9,81,Reproductive health clinic,"855 Central Ave, Albany, NY 12206, United States","M6J6+8H Albany, New York, USA",https://www.plannedparenthood.org/health-center/new-york/albany/12206/albany-health-center-3336-91020?utm_campaign=albany-health-center&utm_medium=organic&utm_source=local-listing,+1 518-434-5678,Closed · Opens 11:30 am Wed,https://streetviewpixels-pa.googleapis.com/v1/thumbnail?panoid=EhogS9nUrjUmB72KlGVWKg&cb_client=search.gws-prod.gps&w=408&h=240&yaw=146.49773&pitch=0&thumbfov=100,true,9 am–5 pm,11:30 am–7:30 pm,11:30 am–7:30 pm,9 am–5 pm,Closed,Closed,8 am–4 pm,"https://www.google.com/maps/search/vein+clinics+in+Menands+Albany+NY/@42.6920233,-73.7245639,14z",2025-12-16T22:03:37.163Z,,,
"https://www.google.com/maps/place/Everett+Red+Cross+Blood,+Platelet+and+Plasma+Donation+Center/data=!4m7!3m6!1s0x89de0b9688a36fdb:0x538cf1b10e69486b!8m2!3d42.6893021!4d-73.7776974!16s%2Fg%2F1tp093rs!19sChIJ22-jiJYL3okRa0hpDrHxjFM","Everett Red Cross Blood, Platelet and Plasma Donation Center",4.6,69,Blood donation center,"33 Everett Rd, Albany, NY 12205, United States","M6QC+PW Albany, New York, USA",https://www.redcrossblood.org/local-homepage/location/everett-american-red-cross.html?utm_source=GMBlisting&utm_medium=organic,+1 800-733-2767,"Open · Closes 7:30 pm

Updated by this business 6 weeks ago",https://lh3.googleusercontent.com/gps-cs-s/AG0ilSyrY1Nf_MgmJW1nzxowxLpP8Zri37EinH2EiIaGXlqryXEOzP_g_s-uXk4GLKPtC0N7DEvvQpYZDR1xN74R-i5SWeap6axGPGeaT-NthYPwBc1naiAETZC4IsI7RC_QOAfENoPjSw=w408-h544-k-no,true,11:30 am–7:30 pm,11:30 am–7 pm,10:30 am–6:30 pm,7 am–3 pm,7 am–3 pm,7 am–3 pm,7 am–3 pm,"https://www.google.com/maps/search/vein+clinics+in+Menands+Albany+NY/@42.6920233,-73.7245639,14z",2025-12-16T22:03:42.571Z,,,
https://www.google.com/maps/place/Spirig+Andreas+M+MD/data=!4m7!3m6!1s0x89de0a46c65d0d65:0x9862b35660b49f60!8m2!3d42.6527889!4d-73.7749157!16s%2Fg%2F1td_65c0!19sChIJZQ1dxkYK3okRYJ-0YFazYpg,Spirig Andreas M MD,,,Vascular surgeon,"43 New Scotland Ave, Albany, NY 12208, United States","M63G+42 Albany, New York, USA",,+1 518-262-5640,,https://streetviewpixels-pa.googleapis.com/v1/thumbnail?panoid=_goFgMT2ra0tKh5FladfXA&cb_client=search.gws-prod.gps&w=408&h=240&yaw=319.12384&pitch=0&thumbfov=100,false,,,,,,,,"https://www.google.com/maps/search/vein+clinics+in+Menands+Albany+NY/@42.6920233,-73.7245639,14z",2025-12-16T22:03:45.326Z,,,
https://www.google.com/maps/place/Melissa+Shah/data=!4m7!3m6!1s0x89de0a46e71eaaab:0xec7e271c8ca81786!8m2!3d42.6539996!4d-73.7747442!16s%2Fg%2F11tn6lbg2j!19sChIJq6oe50YK3okRhheojBwnfuw,Melissa Shah,3.0,2,Vascular surgeon,"391 Myrtle Ave, Albany, NY 122083835, United States",,,+1 518-262-4942,,https://streetviewpixels-pa.googleapis.com/v1/thumbnail?panoid=rZHLFvRs5WvgOcYtrj-U2g&cb_client=search.gws-prod.gps&w=408&h=240&yaw=65.182976&pitch=0&thumbfov=100,false,,,,,,,,"https://www.google.com/maps/search/vein+clinics+in+Park+South+Albany+NY/@42.6542887,-73.7735262,14z",2025-12-16T22:04:00.343Z,,,
https://www.google.com/maps/place/Dhiraj+Shah/data=!4m7!3m6!1s0x89de0a46b3ffffff:0xa6f9fddcc7a50341!8m2!3d42.6531715!4d-73.7761001!16s%2Fg%2F11tn6ldvky!19sChIJ____s0YK3okRQQOlx9z9-aY,Dhiraj Shah,5.0,1,Vascular surgeon,"47 New Scotland Ave, Albany, NY 12208, United States",,,+1 518-262-3131,,https://streetviewpixels-pa.googleapis.com/v1/thumbnail?panoid=ZICXpJVHtA8kEhtz6Dnr6g&cb_client=search.gws-prod.gps&w=408&h=240&yaw=2.2636745&pitch=0&thumbfov=100,false,,,,,,,,"https://www.google.com/maps/search/vein+clinics+in+Park+South+Albany+NY/@42.6542887,-73.7735262,14z",2025-12-16T22:04:03.324Z,,,
https://www.google.com/maps/place/Ascend+Wellness+MD/data=!4m7!3m6!1s0x89de0df996042493:0xa94fef3f574a7c9f!8m2!3d42.6514047!4d-73.7508532!16s%2Fg%2F11h0y9029l!19sChIJkyQElvkN3okRn3xKVz_vT6k,Ascend Wellness MD,4.9,39,Wellness center,"59 N Pearl St Suite #2, Albany, NY 12207, United States","M62X+HM Albany, New York, USA",https://www.ascendwellnessmd.com/,+1 518-286-6698,Closed · Opens 11 am Wed,https://lh3.googleusercontent.com/p/AF1QipMzydmtdMejuE4waF09ZufqbMAc21oqSotiKnsZ=w408-h272-k-no,true,9:30 am–2:30 pm,11 am–7 pm,9:30 am–4:30 pm,9:30 am–2:30 pm,10 am–1 pm,Closed,10 am–3 pm,"https://www.google.com/maps/search/vein+clinics+in+Park+South+Albany+NY/@42.6542887,-73.7735262,14z",2025-12-16T22:04:08.231Z,Identifies as women-owned,,
https://www.google.com/maps/place/Albany+Med+General+Surgery:+Brian+Valerian+MD/data=!4m7!3m6!1s0x89de0a46b177b895:0xb1fd7e60ab745543!8m2!3d42.652537!4d-73.774817!16s%2Fg%2F1tw_p7lw!19sChIJlbh3sUYK3okRQ1V0q2B-_bE,Albany Med General Surgery: Brian Valerian MD,4.3,11,Surgeon,"50 New Scotland Ave 5th floor, Albany, NY 12208, United States","M63G+23 Albany, New York, USA",https://www.albanymed.org/physician/brian-valerian/,+1 518-262-0940,,https://streetviewpixels-pa.googleapis.com/v1/thumbnail?panoid=hP0XEQVrglaYVWApS4mZ5g&cb_client=search.gws-prod.gps&w=408&h=240&yaw=267.14032&pitch=0&thumbfov=100,true,,,,,,,,"https://www.google.com/maps/search/vein+clinics+in+Park+South+Albany+NY/@42.6542887,-73.7735262,14z",2025-12-16T22:04:11.349Z,,,
https://www.google.com/maps/place/Albany+Medical+Center/data=!4m7!3m6!1s0x89dde0264046431b:0x7d853735c2156092!8m2!3d42.6302114!4d-73.8078981!16s%2Fg%2F11j4sw_z82!19sChIJG0NGQCbg3YkRkmAVwjU3hX0,Albany Medical Center,5.0,1,Medical Center,"99 Delaware Ave, Delmar, NY 12054, United States","J5JR+3R Delmar, Bethlehem, NY, USA",https://www.albanymed.org/location/albany-bariatric-surgery/,+1 518-262-0942,Closed · Opens 8 am Wed,https://streetviewpixels-pa.googleapis.com/v1/thumbnail?panoid=EDEN8H6QeCrDXfDsdSz1hA&cb_client=search.gws-prod.gps&w=408&h=240&yaw=12.247483&pitch=0&thumbfov=100,false,8 am–5 pm,8 am–5 pm,8 am–5 pm,8 am–5 pm,Closed,Closed,8 am–5 pm,"https://www.google.com/maps/search/vein+clinics+in+Park+South+Albany+NY/@42.6542887,-73.7735262,14z",2025-12-16T22:04:26.366Z,,,
https://www.google.com/maps/place/Corning+Preserve/data=!4m7!3m6!1s0x89de0988453b4aff:0x90211c4ea134e9f2!8m2!3d42.6517757!4d-73.745947!16s%2Fg%2F1tdbgfc8!19sChIJ_0o7RYgJ3okR8uk0oU4cIZA,Corning Preserve,4.5,435,Park,"Quay St, Albany, NY 12207, United States","M723+PJ Albany, New York, USA",https://www.albany.org/listing/albany-corning-preserve-jennings-landing/1954/,,Open 24 hours,https://lh3.googleusercontent.com/gps-cs-s/AG0ilSxozfee4DXYim_e4K8peE1C2JJyFmPZ9nfsezBzq9sBnK3uVukf39ilWRYoeR3EbNl6SJnjKtnEywbtk6Fgf8uwDtbzKMIKuv_Vwm2Y6RcSFcG0shEcWg0qCuFsnsyaRNcs3eke=w408-h408-k-no,false,Open 24 hours,Open 24 hours,Open 24 hours,Open 24 hours,Open 24 hours,Open 24 hours,Open 24 hours,"https://www.google.com/maps/search/vein+clinics+in+Park+South+Albany+NY/@42.6542887,-73.7735262,14z",2025-12-16T22:04:31.873Z,,"Park space beside the Hudson River, featuring a hiking/running trail, boat launch & amphitheater. · Dogs allowed",
https://www.google.com/maps/place/Albany+Med+General+Surgery:+Steven+Stain+MD/data=!4m7!3m6!1s0x89de0a46b177b895:0x777c334c14243bea!8m2!3d42.6524805!4d-73.7746753!16s%2Fg%2F1tgp1t6z!19sChIJlbh3sUYK3okR6jskFEwzfHc,Albany Med General Surgery: Steven Stain MD,5.0,1,Surgeon,"50 New Scotland Ave, Albany, NY 12208, United States","M62G+X4 Albany, New York, USA",http://www.amc.edu/PhysicianDirectory/index.cfm?event=showPhysicianDetail&PRACT_ID=4942,+1 518-262-0940,,https://streetviewpixels-pa.googleapis.com/v1/thumbnail?panoid=et6Tt33MbCSZmQYdXi83Bg&cb_client=search.gws-prod.gps&w=408&h=240&yaw=97.3456&pitch=0&thumbfov=100,true,,,,,,,,"https://www.google.com/maps/search/vein+clinics+in+Park+South+Albany+NY/@42.6542887,-73.7735262,14z",2025-12-16T22:04:34.945Z,,,
https://www.google.com/maps/place/Christie+Bialowas/data=!4m7!3m6!1s0x89de0a412c6fffff:0xabccb284ff0fde22!8m2!3d42.6524805!4d-73.7746753!16s%2Fg%2F11rwxg3vm9!19sChIJ__9vLEEK3okRIt4P_4SyzKs,Christie Bialowas,3.0,4,Surgeon,"50 New Scotland Ave, Albany, NY 12208, United States","M62G+X4 Albany, New York, USA",https://www.albanymed.org/physician/christie-bialowas/,+1 508-262-2229,,https://streetviewpixels-pa.googleapis.com/v1/thumbnail?panoid=et6Tt33MbCSZmQYdXi83Bg&cb_client=search.gws-prod.gps&w=408&h=240&yaw=97.3456&pitch=0&thumbfov=100,false,,,,,,,,"https://www.google.com/maps/search/vein+clinics+in+Park+South+Albany+NY/@42.6542887,-73.7735262,14z",2025-12-16T22:04:38.122Z,,,
"https://www.google.com/maps/place/R.+Clement+Darling,+III,+MD/data=!4m7!3m6!1s0x89de0a46c65d0d65:0xbb1c38ff2b29cd79!8m2!3d42.6539996!4d-73.7747442!16s%2Fg%2F1tggvj3p!19sChIJZQ1dxkYK3okRec0pK_84HLs","R. Clement Darling, III, MD",,,Vascular surgeon,"391 Myrtle Ave Floor 5, Albany, NY 12208, United States","M63G+H4 Albany, New York, USA",https://www.albanymed.org/physician/r-clement-darling/,+1 518-262-5640,,https://streetviewpixels-pa.googleapis.com/v1/thumbnail?panoid=rZHLFvRs5WvgOcYtrj-U2g&cb_client=search.gws-prod.gps&w=408&h=240&yaw=65.182976&pitch=0&thumbfov=100,true,,,,,,,,"https://www.google.com/maps/search/vein+clinics+in+Park+South+Albany+NY/@42.6542887,-73.7735262,14z",2025-12-16T22:04:41.415Z,,,
https://www.google.com/maps/place/St.+Peter%27s+Hospital+Emergency+Room/data=!4m7!3m6!1s0x89de0af234d7e4ad:0x4a4cfa00f0858a06!8m2!3d42.6555041!4d-73.8032632!16s%2Fg%2F11c74x6v06!19sChIJreTXNPIK3okRBoqF8AD6TEo,St. Peter's Hospital Emergency Room,2.4,144,Emergency room,"315 S Manning Blvd, Albany, NY 12208, United States","M54W+6M Albany, New York, USA",https://www.sphp.com/location/emergency-department-st-peters-hospital,+1 518-525-1550,"Open 24 hours

Confirmed by this business 2 weeks ago",https://lh3.googleusercontent.com/gps-cs-s/AG0ilSynhuHaV0lkdfbYhqvX0gbHfm6C6ns0U_VLfOy0bBuOqJAtujGi3QNS-Vtl_CqDTp0BRtkccQBUt_M5m5lQnDBNI-jg9BHjy6o2L1dYhm73dflfYK499LqoypWo6ZVMQr-4Ca2QxA=w426-h240-k-no,true,Open 24 hours,Open 24 hours,Open 24 hours,Open 24 hours,Open 24 hours,Open 24 hours,Open 24 hours,"https://www.google.com/maps/search/vein+clinics+in+Park+South+Albany+NY/@42.6542887,-73.7735262,14z",2025-12-16T22:04:46.768Z,,,
https://www.google.com/maps/place/Enhanced+Cardiac+Access+-+Capital+Cardiology/data=!4m7!3m6!1s0x89de0bc078192b49:0x93fcbb0233ad883d!8m2!3d42.6837882!4d-73.7710037!16s%2Fg%2F1q5gnhdfn!19sChIJSSsZeMAL3okRPYitMwK7_JM,Enhanced Cardiac Access - Capital Cardiology,3.7,3,Medical clinic,"7 Southwoods Blvd, Albany, NY 12211, United States","M6MH+GH Albany, New York, USA",https://www.capitalcardiology.com/enhanced-cardiac-access/,+1 518-292-6090,Closed · Opens 8:30 am Wed,https://lh3.googleusercontent.com/p/AF1QipMzHPt5lI3o2paSQH-Is3tOulEqY40KujxkOPb7=w408-h301-k-no,true,8:30 am–4 pm,8:30 am–4 pm,8:30 am–4 pm,8:30 am–4 pm,Closed,Closed,8:30 am–4 pm,"https://www.google.com/maps/search/vein+clinics+in+Park+South+Albany+NY/@42.6542887,-73.7735262,14z",2025-12-16T22:04:51.635Z,Identifies as veteran-owned,,
https://www.google.com/maps/place/St.+Peter%27s+Health+Partners/data=!4m7!3m6!1s0x89de0b146063a035:0x8afb994937df1ab9!8m2!3d42.6558325!4d-73.8037182!16s%2Fg%2F11f01hf5kd!19sChIJNaBjYBQL3okRuRrfN0mZ-4o,St. Peter's Health Partners,1.0,1,Medical group,"315 S Manning Blvd, Albany, NY 12208, United States","M54W+8G Albany, New York, USA",http://www.sphp.com/,+1 518-525-1111,,https://streetviewpixels-pa.googleapis.com/v1/thumbnail?panoid=ObgYw3xRbMUGCcgsnRIldA&cb_client=search.gws-prod.gps&w=408&h=240&yaw=46.91898&pitch=0&thumbfov=100,true,,,,,,,,"https://www.google.com/maps/search/vein+clinics+in+Park+South+Albany+NY/@42.6542887,-73.7735262,14z",2025-12-16T22:04:54.316Z,,,
https://www.google.com/maps/place/Labcorp/data=!4m7!3m6!1s0x89dde024052f1fdf:0xc733e24a2d86a3e!8m2!3d42.63009!4d-73.8115334!16s%2Fg%2F1v_z9xbc!19sChIJ3x8vBSTg3YkRPmrYoiQ-cww,Labcorp,2.8,57,Medical laboratory,"2 Normanskill Blvd Ste 203, Delmar, NY 12054, United States","J5JQ+29 Delmar, Bethlehem, NY, USA",https://locations.labcorp.com/ny/delmar/602/,+1 518-475-1560,"Closed · Opens 6:30 am Wed

Updated by this business 2 weeks ago",https://lh3.googleusercontent.com/p/AF1QipMPo03onAQB1n4RBfCZKEzbDHaT71vTEwfE-Cob=w408-h272-k-no,true,"6:30 am–12 pm, 12:30–3 pm","6:30 am–12 pm, 12:30–3 pm","6:30 am–12 pm, 12:30–3 pm","6:30 am–12 pm, 12:30–3 pm",Closed,Closed,"6:30 am–12 pm, 12:30–3 pm","https://www.google.com/maps/search/vein+clinics+in+Park+South+Albany+NY/@42.6542887,-73.7735262,14z",2025-12-16T22:04:59.829Z,,,
"https://www.google.com/maps/place/Melissa+Veino,+MD/data=!4m7!3m6!1s0x89dde026b747a267:0x846dc8e57565e644!8m2!3d42.6837962!4d-73.8032392!16s%2Fg%2F1hc3srpb1!19sChIJZ6JHtybg3YkRROZldeXIbYQ","Melissa Veino, MD",5.0,18,Pediatrician,"400 Patroon Creek Blvd #200, Albany, NY 12206, United States","M5MW+GP Albany, New York, USA",https://www.sphp.com/provider/melissa-j-veino-md-pediatrics,+1 518-525-2445,Closed · Opens 8:30 am Wed,https://lh3.googleusercontent.com/p/AF1QipM2GIVIyPqNpNyfvg6pMjeRuvhTFGe8e3qJZScp=w427-h240-k-no,true,8:30 am–4:30 pm,8:30 am–4:30 pm,8:30 am–4:30 pm,8:30 am–4:30 pm,Closed,Closed,8:30 am–4:30 pm,"https://www.google.com/maps/search/vein+clinics+in+Park+South+Albany+NY/@42.6542887,-73.7735262,14z",2025-12-16T22:05:04.955Z,,,
https://www.google.com/maps/place/Retro+Fitness+Albany+State+Concourse/data=!4m7!3m6!1s0x89de0b4dffc999a9:0x5c1040eeeac9936a!8m2!3d42.6500868!4d-73.7615301!16s%2Fg%2F11h71480dx!19sChIJqZnJ_00L3okRapPJ6u5AEFw,Retro Fitness Albany State Concourse,4.2,41,Gym,"100 S Mall Arterial, Albany, NY 12242, United States","M62Q+29 Albany, New York, USA",https://retrofitness.com/location/albanynystate/?utm_source=gmb&utm_medium=organic&utm_campaign=albanystateconcourse&y_source=1_MTQ1MDU3MzEtNzE1LWxvY2F0aW9uLndlYnNpdGU=,+1 518-599-0175,Open · Closes 8 pm,https://lh3.googleusercontent.com/gps-cs-s/AG0ilSwjV-yAQ45yUlvi7q2lb04rQO6mbgog1aiQ4fYhR_TctO5dTyYJS0S09KfhZ32mdfYaFXXRqOKWnap8D9BxWad1wO7JID7993OmtWp_JwOzQMWnRzVC-yggr4LW9_0-x0RP-sczow=w426-h240-k-no,true,6 am–8 pm,6 am–8 pm,6 am–8 pm,6 am–8 pm,7 am–3 pm,Closed,6 am–8 pm,"https://www.google.com/maps/search/vein+clinics+in+Park+South+Albany+NY/@42.6542887,-73.7735262,14z",2025-12-16T22:05:10.035Z,,,
https://www.google.com/maps/place/Labcorp/data=!4m7!3m6!1s0x89de0b05d29a4c01:0x4d99a77452d1c29a!8m2!3d42.6837759!4d-73.8032184!16s%2Fg%2F1w1135dy!19sChIJAUya0gUL3okRmsLRUnSnmU0,Labcorp,2.9,27,Medical laboratory,"400 Patroon Creek Blvd #101, Albany, NY 12206, United States","M5MW+GP Albany, New York, USA",https://locations.labcorp.com/ny/albany/23116/,+1 518-616-0093,"Closed · Opens 7:30 am Wed

Updated by this business 2 weeks ago",https://lh3.googleusercontent.com/p/AF1QipMWC6cY_Pri5A8xk-Jrue5EHnv-FwbudP51Y0M-=w408-h272-k-no,true,"7:30 am–12 pm, 12:30–3:30 pm","7:30 am–12 pm, 12:30–3:30 pm","7:30 am–12 pm, 12:30–3:30 pm","7:30 am–12 pm, 12:30–3:30 pm",Closed,Closed,"7:30 am–12 pm, 12:30–3:30 pm","https://www.google.com/maps/search/vein+clinics+in+Park+South+Albany+NY/@42.6542887,-73.7735262,14z",2025-12-16T22:05:14.844Z,,,
https://www.google.com/maps/place/Albany+Advanced+Imaging/data=!4m7!3m6!1s0x89de0b95d2dcfdef:0x7c6c0cac1406ac1c!8m2!3d42.6885638!4d-73.7751305!16s%2Fg%2F12639h3d2!19sChIJ7_3c0pUL3okRHKwGFKwMbHw,Albany Advanced Imaging,4.3,39,Hospital,"3 Atrium Dr A 160, Albany, NY 12205, United States","M6QF+CW Albany, New York, USA",https://www.sphp.com/location/albany-advanced-imaging,+1 518-438-0600,"Closed · Opens 7 am Wed

Updated by others 3 weeks ago",https://streetviewpixels-pa.googleapis.com/v1/thumbnail?panoid=gIjlAl-Dpy7QHxlFAKS2Aw&cb_client=search.gws-prod.gps&w=408&h=240&yaw=228.07658&pitch=0&thumbfov=100,true,7 am–5 pm,7 am–5 pm,7 am–5 pm,7 am–5 pm,Closed,Closed,7 am–5 pm,"https://www.google.com/maps/search/vein+clinics+in+Park+South+Albany+NY/@42.6542887,-73.7735262,14z",2025-12-16T22:05:20.101Z,,,
https://www.google.com/maps/place/Dr.+Shai+Posner/data=!4m7!3m6!1s0x89de0baa0381a431:0x24f0360598b9900!8m2!3d42.6866278!4d-73.8135499!16s%2Fg%2F11rwj_tn3g!19sChIJMaSBA6oL3okRAJmLWWADTwI,Dr. Shai Posner,4.9,69,Gastroenterologist,"1375 Washington Ave Suite 101, Albany, NY 12206, United States","M5PP+MH Albany, New York, USA",https://albanygi.com/physicians/shai-posner-md/,+1 518-533-5000,Closed · Opens 7:30 am Wed,https://streetviewpixels-pa.googleapis.com/v1/thumbnail?panoid=7xeZfbj1S2r4XU80aZZaGQ&cb_client=search.gws-prod.gps&w=408&h=240&yaw=40.565567&pitch=0&thumbfov=100,true,7:30 am–5 pm,7:30 am–5 pm,7:30 am–5 pm,7:30 am–4 pm,Closed,Closed,7:30 am–5 pm,"https://www.google.com/maps/search/vein+clinics+in+Park+South+Albany+NY/@42.6542887,-73.7735262,14z",2025-12-16T22:05:25.051Z,,,
https://www.google.com/maps/place/Labcorp/data=!4m7!3m6!1s0x89de0b16a3772529:0x79f032464a4085a6!8m2!3d42.686678!4d-73.8135252!16s%2Fg%2F1vnrrm2t!19sChIJKSV3oxYL3okRpoVASkYy8Hk,Labcorp,2.6,103,Medical laboratory,"1375 Washington Ave Ste 103, Albany, NY 12206, United States","M5PP+MH Albany, New York, USA",https://locations.labcorp.com/ny/albany/3366/,+1 518-458-1786,"Closed · Opens 6:30 am Wed

Updated by this business 2 weeks ago",https://lh3.googleusercontent.com/gps-cs-s/AG0ilSx00CW6-dbrRMToWZtZjyjxuLHsdxHNS53feDjPXtsGDOZ8a77vEeaklDHc9ZyAipUhu40JzhjIPsO8Q8HiQ0J9jWDjfOSXk-GFUewqfN0TxxdmbGaYB1sEYT7Si8bR8JXyN-eh=w408-h612-k-no,true,6:30 am–5 pm,6:30 am–5 pm,6:30 am–5 pm,6:30 am–5 pm,7–11 am,Closed,6:30 am–5 pm,"https://www.google.com/maps/search/vein+clinics+in+Park+South+Albany+NY/@42.6542887,-73.7735262,14z",2025-12-16T22:05:29.841Z,,,
https://www.google.com/maps/place/Quest+Diagnostics/data=!4m7!3m6!1s0x89de0b2d97e3c0ed:0x36fea35ee33d2ce1!8m2!3d42.6847124!4d-73.8377249!16s%2Fg%2F1tdsksn5!19sChIJ7cDjly0L3okR4Sw9416j_jY,Quest Diagnostics,3.9,67,Medical laboratory,"2 Executive Park Dr 2nd Fl, Albany, NY 12203, United States","M5M6+VW Albany, New York, USA",https://locations.questdiagnostics.com/ny/albany/2-executive-park-dr,+1 518-438-3388,Closed · Opens 7:30 am Wed,https://lh3.googleusercontent.com/p/AF1QipM7IGdTthxzKPTeZDAkfBk1n0A1MT_NTq7RrgH8=w426-h240-k-no,true,"7:30 am–1 pm, 2–3:30 pm","7:30 am–1 pm, 2–3:30 pm","7:30 am–1 pm, 2–3:30 pm","7:30 am–1 pm, 2–3:30 pm",7:30 am–12 pm,Closed,"7:30 am–1 pm, 2–3:30 pm","https://www.google.com/maps/search/vein+clinics+in+Park+South+Albany+NY/@42.6542887,-73.7735262,14z",2025-12-16T22:05:34.856Z,,,
https://www.google.com/maps/place/Robinson+Square+Apartments/data=!4m7!3m6!1s0x89de0a3b8d6a9e37:0xa98e560d654f3484!8m2!3d42.6516269!4d-73.7638736!16s%2Fg%2F1ts30853!19sChIJN55qjTsK3okRhDRPZQ1Wjqk,Robinson Square Apartments,5.0,8,Apartment building,"325 Hamilton St, Albany, NY 12210, United States","M62P+MF Albany, New York, USA",http://www.robinsonsquarealbany.com/,+1 518-463-5327,Closed · Opens 8 am Wed,https://lh3.googleusercontent.com/gps-cs-s/AG0ilSxQGTXI4rGnMBRoyHB6Wg3FKC7dQ3bl--cuT_8T9xPW0azO91RWUbrmkJiQ5LEW7rKyYAPY9J4eB4uLgaCgUpOR-cKoCS1NuRMm5WPcju4K7qnoT_7PVK-lA44m--VKM4IyljI=w408-h306-k-no,true,8 am–4:30 pm,8 am–4:30 pm,8 am–4:30 pm,8 am–4:30 pm,Closed,Closed,8 am–4:30 pm,"https://www.google.com/maps/search/vein+clinics+in+Center+Square+Albany+NY/@42.6530084,-73.7647013,14z",2025-12-16T22:05:50.612Z,,,
https://www.google.com/maps/place/Albany+Semaglutide+Injections+Center/data=!4m7!3m6!1s0x89de0bf4a5f61765:0xd55a3c0aa8c80e44!8m2!3d42.6784946!4d-73.7959281!16s%2Fg%2F11wwf_vklz!19sChIJZRf2pfQL3okRRA7IqAo8WtU,Albany Semaglutide Injections Center,,,Medical clinic,"30 Colvin Ave, Albany, NY 12206, United States","M6H3+9J Albany, New York, USA",https://fitfutureclinic.com/?utm_source=albany,,,https://streetviewpixels-pa.googleapis.com/v1/thumbnail?panoid=Es_eV3YiFgHSpuQsHZzjSA&cb_client=search.gws-prod.gps&w=408&h=240&yaw=266.25113&pitch=0&thumbfov=100,false,,,,,,,,"https://www.google.com/maps/search/vein+clinics+in+Center+Square+Albany+NY/@42.6530084,-73.7647013,14z",2025-12-16T22:05:53.436Z,,,
"https://www.google.com/maps/place/Chin-Chin+Yeh,+MD/data=!4m7!3m6!1s0x89de0bd2e895b6ad:0x69bab9c2b542edb8!8m2!3d42.6539996!4d-73.7747442!16s%2Fg%2F11h32zb2qj!19sChIJrbaV6NIL3okRuO1CtcK5umk","Chin-Chin Yeh, MD",,,Vascular surgeon,"391 Myrtle Ave Suite 5, Albany, NY 12208, United States","M63G+H4 Albany, New York, USA",http://www.amc.edu/PhysicianDirectory/index.cfm?event=showPhysicianDetail&PRACT_ID=16486,+1 518-262-5640,,https://streetviewpixels-pa.googleapis.com/v1/thumbnail?panoid=rZHLFvRs5WvgOcYtrj-U2g&cb_client=search.gws-prod.gps&w=408&h=240&yaw=65.182976&pitch=0&thumbfov=100,true,,,,,,,,"https://www.google.com/maps/search/vein+clinics+in+Center+Square+Albany+NY/@42.6530084,-73.7647013,14z",2025-12-16T22:06:05.331Z,,,
https://www.google.com/maps/place/Semblance+Medspa/data=!4m7!3m6!1s0x89de0b211b55d367:0xb39f2ae9d10921df!8m2!3d42.6514047!4d-73.7508532!16s%2Fg%2F11hyhnmwnl!19sChIJZ9NVGyEL3okR3yEJ0ekqn7M,Semblance Medspa,4.3,41,,"59 N Pearl St Suite #2, Albany, NY 12207, United States","M62X+HM Albany, New York, USA",,+1 518-949-2619,Permanently closed,https://lh3.googleusercontent.com/gps-cs-s/AG0ilSwGjCYliSchefNf-DXMCXquC-5bsJtbPrBK3RlfjyRyjl3U29_cXPGCjK1MCm7fAqj9EtTkLZ09XQnRBs_iKE-avpOGz9qJG-qCCulNG7gAbMz1ZyUJmYmJjeT2u5Z2Yzl_k0CwTg=w426-h240-k-no,false,,,,,,,,"https://www.google.com/maps/search/vein+clinics+in+Center+Square+Albany+NY/@42.6530084,-73.7647013,14z",2025-12-16T22:06:10.342Z,,,
"https://www.google.com/maps/place/No+Filter+Needed,+Skin+Rejuvenation/data=!4m7!3m6!1s0x89de759575834e61:0xf1bf9492869cf94f!8m2!3d42.6890626!4d-73.8634364!16s%2Fg%2F11ln_bxzr0!19sChIJYU6DdZV13okRT_mchpKUv_E","No Filter Needed, Skin Rejuvenation",5.0,34,Medical spa,"1758 Western Ave fl2, Albany, NY 12203, United States","M4QP+JJ Albany, New York, USA",http://www.nofilterneeded518.com/,+1 838-262-1611,Open · Closes 6:30 pm,https://lh3.googleusercontent.com/p/AF1QipMTj4ISC_wi_iCYLiN5OS6YqGEluOjg6VKuwcz9=w408-h544-k-no,true,12:30–6:30 pm,9 am–6:30 pm,9 am–6:30 pm,9 am–6:30 pm,9 am–2:30 pm,9 am–2:30 pm,9 am–6:30 pm,"https://www.google.com/maps/search/vein+clinics+in+Westmere+Albany+NY/@42.6911891,-73.8687343,14z",2025-12-16T22:06:25.866Z,Identifies as women-owned,,
https://www.google.com/maps/place/Albany+Stratton+VA+Medical+Center/data=!4m7!3m6!1s0x89de0a40eba1e43d:0x35781c52e47d7d16!8m2!3d42.6508724!4d-73.7719553!16s%2Fg%2F1trc5z8n!19sChIJPeSh60AK3okRFn195FIceDU,Albany Stratton VA Medical Center,3.8,180,Veterans hospital,"113 Holland Ave, Albany, NY 12208, United States","M62H+86 Albany, New York, USA",https://www.albany.va.gov/,+1 518-626-5000,Open 24 hours,https://lh3.googleusercontent.com/gps-cs-s/AG0ilSyEqfT4y-d_8Abc0hN534UGNZ6i279SDGMDq8DTn-bx0qAssR9NNy-NzpYrMI3Pt7cVJTeIxJ-QZFE_zQ125r3MZw2ckqNdDDKhCY5QvVabd5OSLJNnKXhd3_2Auf5wWjmgz4lC=w408-h271-k-no,false,Open 24 hours,Open 24 hours,Open 24 hours,Open 24 hours,Open 24 hours,Open 24 hours,Open 24 hours,"https://www.google.com/maps/search/vein+clinics+in+Country+Knolls+Albany+NY/@42.6518095,-73.7544707,14z",2025-12-16T22:07:06.021Z,,,
https://www.google.com/maps/place/Albany+VA+Hospital/data=!4m7!3m6!1s0x89de0b2bcf2595cb:0x7541a0c979cd031c!8m2!3d42.6496712!4d-73.7744933!16s%2Fg%2F11grbvccvw!19sChIJy5UlzysL3okRHAPNecmgQXU,Albany VA Hospital,3.7,10,Medical Center,"113 Holland Ave # C 323, Albany, NY 12208, United States","J6XG+V6 Albany, New York, USA",https://www.va.gov/albany-health-care/,+1 518-626-5000,,https://streetviewpixels-pa.googleapis.com/v1/thumbnail?panoid=fhZMHiKvKVukZ_YkB86pfQ&cb_client=search.gws-prod.gps&w=408&h=240&yaw=75.01095&pitch=0&thumbfov=100,false,,,,,,,,"https://www.google.com/maps/search/vein+clinics+in+Country+Knolls+Albany+NY/@42.6518095,-73.7544707,14z",2025-12-16T22:07:13.615Z,,,
https://www.google.com/maps/place/Greenbush+Skin+Care+Center/data=!4m7!3m6!1s0x89dde303172306ed:0x8d291a04964c0f12!8m2!3d42.5843468!4d-73.6714385!16s%2Fg%2F11p4s2vg60!19sChIJ7QYjFwPj3YkREg9MlgQaKY0,Greenbush Skin Care Center,5.0,21,Medical spa,"2500 Pond View Ste 202, Ste 202, Castleton-On-Hudson, NY 12033, United States","H8MH+PC Castleton-On-Hudson, New York, USA",https://www.greenbushskincarecenter.com/,+1 518-391-2889,Closed · Opens 9 am Wed,https://lh3.googleusercontent.com/p/AF1QipOWEQyfJ0X5Vx9DLWfh9Vni9m8CRyMSy6SPaomR=w408-h306-k-no,true,8 am–4 pm,9 am–4 pm,8 am–4 pm,8 am–4 pm,Closed,Closed,8 am–4 pm,"https://www.google.com/maps/search/vein+clinics+in+Hampton+Manor+Albany+NY/@42.6518095,-73.7544707,14z",2025-12-16T22:07:43.486Z,LGBTQ+ friendly,,
"https://www.google.com/maps/place/Benjamin+Chang,+MD/data=!4m7!3m6!1s0x89dd0fa49421014b:0xd3aee5b7f03a7955!8m2!3d42.6539996!4d-73.7747442!16s%2Fg%2F1tlvqjg3!19sChIJSwEhlKQP3YkRVXk68LflrtM","Benjamin Chang, MD",,,Vascular surgeon,"391 Myrtle Ave Suite 5, Albany, NY 12208, United States","M63G+H4 Albany, New York, USA",http://www.amc.edu/PhysicianDirectory/index.cfm?event=showPhysicianDetail&PRACT_ID=43,+1 518-262-5640,,https://streetviewpixels-pa.googleapis.com/v1/thumbnail?panoid=rZHLFvRs5WvgOcYtrj-U2g&cb_client=search.gws-prod.gps&w=408&h=240&yaw=65.182976&pitch=0&thumbfov=100,true,,,,,,,,"https://www.google.com/maps/search/vein+clinics+in+Melrose+Albany+NY/@42.6741115,-73.7992634,14z",2025-12-16T22:08:02.009Z,,,
"https://www.google.com/maps/place/Dialysis+Clinic,+Inc./data=!4m7!3m6!1s0x89de0bf598475777:0x4e5032bc63f5dfa9!8m2!3d42.6312251!4d-73.7730785!16s%2Fg%2F11h5996bt3!19sChIJd1dHmPUL3okRqd_1Y7wyUE4","Dialysis Clinic, Inc.",4.8,8,Dialysis center,"270 Mt Hope Dr, Albany, NY 12202, United States","J6JG+FQ Albany, New York, USA",https://www.dciinc.org/location/mt-hope,+1 518-419-6350,Open · Closes 9 pm,https://lh3.googleusercontent.com/p/AF1QipPU47bNLOk3qEfvzyHpnuu-lj36cKXsiOED7Gs2=w408-h272-k-no,true,5:30 am–9 pm,5:30 am–9 pm,5:30 am–9 pm,5:30 am–9 pm,5:30 am–9 pm,Closed,5:30 am–9 pm,"https://www.google.com/maps/search/vein+clinics+in+Hudson+Park+Albany+NY/@42.6530084,-73.7647013,14z",2025-12-16T22:08:34.428Z,,,
https://www.google.com/maps/place/Vein+Treatment+Clinic/data=!4m7!3m6!1s0x89c257a086dcb809:0xbff9881d98e26f11!8m2!3d40.736151!4d-74.0304282!16s%2Fg%2F11y9xl8_9m!19sChIJCbjchqBXwokREW_imB2I-b8,Vein Treatment Clinic,5.0,18,Medical Center,"70 Hudson St Lower Level, Hoboken, NJ 07030, United States","PXP9+FR Hoboken, New Jersey, USA",https://www.veintreatmentclinic.com/locations/new-jersey/Hoboken/?utm_source=google&utm_medium=gmb&utm_campaign=gmb+hoboken,+1 551-550-1151,Open · Closes 7 pm,https://lh3.googleusercontent.com/p/AF1QipO-kzqpN_7h5xPj0GPFYVdM85LhJ9DYh4o78agT=w408-h306-k-no,true,9 am–7 pm,9 am–7 pm,9 am–7 pm,9 am–7 pm,Closed,Closed,9 am–7 pm,"https://www.google.com/maps/search/vein+clinics+in+Hudson+Park+Albany+NY/@42.6530084,-73.7647013,14z",2025-12-16T22:08:39.665Z,,,
https://www.google.com/maps/place/The+Vein+Center+at+DRA+Imaging/data=!4m7!3m6!1s0x89dd3dd627875abd:0xf357c51c68cfcca2!8m2!3d41.6950705!4d-73.9357788!16s%2Fg%2F1vhq4q2z!19sChIJvVqHJ9Y93YkRoszPaBzFV_M,The Vein Center at DRA Imaging,,,Home health care service,"1 Columbia St, Poughkeepsie, NY 12601, United States","M3W7+2M Poughkeepsie, New York, USA",,+1 845-454-4700,,https://streetviewpixels-pa.googleapis.com/v1/thumbnail?panoid=CbhWlf9U9mtxLOoWNqkQYg&cb_client=search.gws-prod.gps&w=408&h=240&yaw=273.85168&pitch=0&thumbfov=100,false,,,,,,,,"https://www.google.com/maps/search/vein+clinics+in+Hudson+Park+Albany+NY/@42.6530084,-73.7647013,14z",2025-12-16T22:08:42.844Z,,,
"https://www.google.com/maps/place/Stephen+Sipperly,+DO/data=!4m7!3m6!1s0x89de74d3ef5da959:0x370d86a7ed434f3a!8m2!3d42.6832954!4d-73.846759!16s%2Fg%2F1td7_2g4!19sChIJWald79N03okROk9D7aeGDTc","Stephen Sipperly, DO",3.8,33,Family practice physician,"100 Great Oaks Blvd #105, Albany, NY 12203, United States","M5M3+87 Albany, New York, USA",https://communitycare.com/doctors/stephen-sipperly/,+1 518-869-8007,Closes soon · 6 pm · Opens 7:30 am Wed,https://streetviewpixels-pa.googleapis.com/v1/thumbnail?panoid=nmrHxLWAfFtz4i9cg6gNaQ&cb_client=search.gws-prod.gps&w=408&h=240&yaw=82.28411&pitch=0&thumbfov=100,true,8 am–6 pm,7:30 am–6 pm,7:30 am–6 pm,7:30 am–5:30 pm,9 am–1 pm,Closed,8 am–8 pm,"https://www.google.com/maps/search/vein+clinics+in+Hudson+Park+Albany+NY/@42.6530084,-73.7647013,14z",2025-12-16T22:08:47.832Z,,,
,,,,,,,,,,,,,,,,,,,"https://www.google.com/maps/search/vein+clinics+in+Union+Street+Albany+NY/@42.7075397,-89.4307961,14z",2025-12-16T22:08:55.730Z,,,No new results found
"https://www.google.com/maps/place/Vascular+Health+Partners+%E2%80%93+Saratoga+Springs/@43.0846952,-73.8052742,17z/data=!3m1!4b1!4m6!3m5!1s0x89de39edb0c2c7d7:0xcab24a5ef8eeb381!8m2!3d43.0846952!4d-73.8052742!16s%2Fg%2F11vx728v54",Vascular Health Partners – Saratoga Springs,,,Vascular surgeon,"1 West Ave Apartment 330, Saratoga Springs, NY 12866, United States","35MV+VV Saratoga Springs, New York, USA",https://communitycare.com/practices/vascular-health-partners/saratoga-springs/,+1 518-782-3900,Closed · Opens 8 am Fri,,true,Closed,Closed,Closed,8 am–4:30 pm,Closed,Closed,Closed,"https://www.google.com/maps/search/vein+clinics+in+Saratoga+Springs+Albany+NY/@42.6518095,-73.7544707,14z",2025-12-16T22:09:15.825Z,,,
https://www.google.com/maps/place/Albany+Med+Vascular+Surgery/data=!4m7!3m6!1s0x89de393d241f04ab:0x334798942c4feaae!8m2!3d43.0862629!4d-73.8162291!16s%2Fg%2F11h32hl6d6!19sChIJqwQfJD053okRrupPLJSYRzM,Albany Med Vascular Surgery,,,Vascular surgeon,"377 Church St 2nd floor, Saratoga Springs, NY 12866, United States","35PM+GG Saratoga Springs, New York, USA",http://www.amc.edu/patient/services/Surgery/endovascular_surgery/vascular_surgery/,+1 518-792-7122,,https://streetviewpixels-pa.googleapis.com/v1/thumbnail?panoid=BSNsjrIDs-da5WXeDBdpWQ&cb_client=search.gws-prod.gps&w=408&h=240&yaw=359.5221&pitch=0&thumbfov=100,true,,,,,,,,"https://www.google.com/maps/search/vein+clinics+in+Saratoga+Springs+Albany+NY/@42.6518095,-73.7544707,14z",2025-12-16T22:09:18.788Z,,,