placeUrl,title,rating,reviewCount,category,address,plusCode,website,phoneNumber,currentStatus,imgUrl,isClaimed,tuesday,wednesday,thursday,friday,saturday,sunday,monday,query,timestamp,error,info,isBlackOwned
https://www.google.com/maps/place/Varicosity+Vein+Center/data=!4m7!3m6!1s0x88626ccc33cbb177:0x305ade4ed7cab173!8m2!3d34.6957207!4d-86.584818!16s%2Fg%2F11gg717vsy!19sChIJd7HLM8xsYogRc7HK107eWjA,Varicosity Vein Center,5.0,314,Vascular surgeon,"2010 Southpoint Park Circle #170, Huntsville, AL 35801, United States","MCW8+73 Huntsville, Alabama, USA",https://varicosityveincenter.com/?utm_source=google&utm_medium=organic&utm_campaign=gbp&utm_content=huntsville,+1 256-258-9940,Closes soon · 5 pm · Opens 7 am Wed,https://lh3.googleusercontent.com/p/AF1QipP6N0AlPKiBa_Jem2PMPUJZVvpLOkH2wyKXuhYC=w408-h408-k-no,true,7 am–5 pm,7 am–5 pm,7 am–5 pm,8 am–12 pm,Closed,Closed,8 am–5 pm,"https://www.google.com/maps/search/vein+clinics+in+Athens+Huntsville+AL/@34.7295497,-86.5853155,14z",2025-12-16T22:14:17.113Z,,,
https://www.google.com/maps/place/Crestwood+Vein+Center+-+Huntsville/data=!4m7!3m6!1s0x8862132fc72c7b07:0xdf6486b4b12a879d!8m2!3d34.6945046!4d-86.570197!16s%2Fg%2F11b6xgmm57!19sChIJB3ssxy8TYogRnYcqsbSGZN8,Crestwood Vein Center - Huntsville,2.0,6,Medical clinic,"185 Whitesport Dr SW STE 2, Huntsville, AL 35801, United States","MCVH+RW Huntsville, Alabama, USA",https://www.crestwoodmedcenter.com/vein-care-center?utm_source=gmb&utm_medium=homepage&utm_campaign=biz-listings,+1 256-429-5346,Closes soon · 4:30 pm · Opens 7 am Wed,https://lh3.googleusercontent.com/gps-cs-s/AG0ilSwyxUysUyHXtjU4IA0WWMfqkU866RCUtg_KgTzeTzZfMjNDqk58tSwrBIDQnhvs1tOk9-NfhWsdkU83rl3Frk8Jdc7rKhtfkSi-NDkUah9VT4Dgsen29JbzoXqcQufMPBpw_OJriQ=w408-h306-k-no,true,7 am–4:30 pm,7 am–4:30 pm,7 am–4:30 pm,7 am–4:30 pm,Closed,Closed,7 am–4:30 pm,"https://www.google.com/maps/search/vein+clinics+in+Athens+Huntsville+AL/@34.7295497,-86.5853155,14z",2025-12-16T22:14:22.530Z,,,
https://www.google.com/maps/place/Madison+Hospital+Vein+Center/data=!4m7!3m6!1s0x8862666c87231cc7:0xf61f52bca255f966!8m2!3d34.7488907!4d-86.763493!16s%2Fg%2F12hl5zrlg!19sChIJxxwjh2xmYogRZvlVorxSH_Y,Madison Hospital Vein Center,4.7,53,Specialized clinic,"8371 Hwy 72 W Suite 100, Madison, AL 35758, United States","P6XP+HJ Madison, Alabama, USA",http://www.madisonalhospital.org/services/vein-center,+1 256-817-8346,Closes soon · 4:30 pm · Opens 8 am Wed,https://lh3.googleusercontent.com/p/AF1QipOPhaOMAUe0YFJTsRTgM_x7xXv2Yy0ZgiJ9Ebc=w426-h240-k-no,true,8 am–4:30 pm,8 am–4:30 pm,8 am–4:30 pm,8 am–4:30 pm,Closed,Closed,8 am–4:30 pm,"https://www.google.com/maps/search/vein+clinics+in+Athens+Huntsville+AL/@34.7295497,-86.5853155,14z",2025-12-16T22:14:28.022Z,,,
"https://www.google.com/maps/place/Huntsville+Hospital+Iliac+Vein+Compression+Services/@34.7207705,-86.5784764,17z/data=!3m1!4b1!4m6!3m5!1s0x8862138374cd6ea3:0xc1572ccb05d96c96!8m2!3d34.7207705!4d-86.5784764!16s%2Fg%2F11sqqclqjr",Huntsville Hospital Iliac Vein Compression Services,,,Specialized clinic,"930 Franklin St SE, Huntsville, AL 35801, United States","PCCC+8J Huntsville, Alabama, USA",https://www.theheartcenter.md/services/vein,+1 256-801-6911,Closes soon · 4:30 pm · Opens 7:30 am Wed,,true,7:30 am–4:30 pm,7:30 am–4:30 pm,7:30 am–4:30 pm,7:30 am–4:30 pm,Closed,Closed,7:30 am–4:30 pm,"https://www.google.com/maps/search/vein+clinics+in+Athens+Huntsville+AL/@34.7295497,-86.5853155,14z",2025-12-16T22:14:34.606Z,,,
https://www.google.com/maps/place/Valley+Vein+%26+Cosmetics/data=!4m7!3m6!1s0x88621333270177c1:0x6e07b9d3ec221887!8m2!3d34.6960329!4d-86.5796388!16s%2Fg%2F1tqclyvb!19sChIJwXcBJzMTYogRhxgi7NO5B24,Valley Vein & Cosmetics,,,Surgical center,"Saint Fennell Building, 4000 Balmoral Dr SW UNIT 101, Huntsville, AL 35801, United States","MCWC+C4 Huntsville, Alabama, USA",,+1 256-881-0020,,https://streetviewpixels-pa.googleapis.com/v1/thumbnail?panoid=UgJamxGjQD5PJkcn0PWWSw&cb_client=search.gws-prod.gps&w=408&h=240&yaw=137.83258&pitch=0&thumbfov=100,false,,,,,,,,"https://www.google.com/maps/search/vein+clinics+in+Athens+Huntsville+AL/@34.7295497,-86.5853155,14z",2025-12-16T22:14:37.753Z,,,
https://www.google.com/maps/place/Varicosity+Vein+Center/data=!4m7!3m6!1s0x886267e5164f7189:0x45f38ea54ecd256!8m2!3d34.7457549!4d-86.7668671!16s%2Fg%2F11ldlj93t8!19sChIJiXFPFuVnYogRVtLsVOo4XwQ,Varicosity Vein Center,4.9,118,Vascular surgeon,"1041 Balch Rd Suite 375, Madison, AL 35758, United States","P6WM+87 Madison, Alabama, USA",https://varicosityveincenter.com/?utm_source=google&utm_medium=organic&utm_campaign=gbp&utm_content=madison,+1 256-258-9940,Closes soon · 5 pm · Opens 7 am Wed,https://lh3.googleusercontent.com/p/AF1QipN9md6hWS06KRHZbmhW22fAG7loMBLssn_f6maO=w408-h272-k-no,true,7 am–5 pm,7 am–5 pm,7 am–5 pm,Closed,Closed,Closed,7 am–5 pm,"https://www.google.com/maps/search/vein+clinics+in+Athens+Huntsville+AL/@34.7295497,-86.5853155,14z",2025-12-16T22:14:42.952Z,,,
https://www.google.com/maps/place/Knott+Andrew+W+MD/data=!4m7!3m6!1s0x8862132fdf0b0883:0xaca0333854403184!8m2!3d34.720781!4d-86.5820624!16s%2Fg%2F1tm0tw_z!19sChIJgwgL3y8TYogRhDFAVDgzoKw,Knott Andrew W MD,4.5,19,Vascular surgeon,"201 Sivley Rd SW #530, Huntsville, AL 35801, United States","PCC9+85 Huntsville, Alabama, USA",,+1 256-265-7480,"Closes soon · 5 pm · Opens 7 am Wed

Updated by others 9 weeks ago",https://streetviewpixels-pa.googleapis.com/v1/thumbnail?panoid=ZGFmHM5B2LVHeaDcpTzpjQ&cb_client=search.gws-prod.gps&w=408&h=240&yaw=136.49216&pitch=0&thumbfov=100,false,7 am–5 pm,7 am–5 pm,7 am–5 pm,7 am–4 pm,Closed,Closed,7 am–5 pm,"https://www.google.com/maps/search/vein+clinics+in+Athens+Huntsville+AL/@34.7295497,-86.5853155,14z",2025-12-16T22:14:48.743Z,,,
"https://www.google.com/maps/place/United+Vascular+of+Huntsville/@34.6958357,-86.5691806,17z/data=!3m1!4b1!4m6!3m5!1s0x886213f8a364911f:0x9751f7b95e9c8fdc!8m2!3d34.6958357!4d-86.5691806!16s%2Fg%2F11s7shdxgh",United Vascular of Huntsville,5.0,1,Surgical center,"4700 Whitesburg Dr, Huntsville, AL 35802, United States","MCWJ+88 Huntsville, Alabama, USA",https://www.unitedvascularhuntsville.com/?utm_source=gmb&utm_medium=homepage&utm_campaign=biz-listings,+1 256-692-5100,Closed · Opens 7 am Wed,,true,7 am–4 pm,7 am–4 pm,7 am–4 pm,7 am–4 pm,Closed,Closed,7 am–4 pm,"https://www.google.com/maps/search/vein+clinics+in+Athens+Huntsville+AL/@34.7295497,-86.5853155,14z",2025-12-16T22:14:56.104Z,,,
"https://www.google.com/maps/place/Valley+Vascular+Consultants,+P.C./data=!4m7!3m6!1s0x88626cac9e56accb:0xe35d5be794ad19ab!8m2!3d34.7207169!4d-86.5815174!16s%2Fg%2F11c38jmk4d!19sChIJy6xWnqxsYogRqxmtlOdbXeM","Valley Vascular Consultants, P.C.",2.8,29,Medical clinic,"201 Sivley Rd SW #530, Huntsville, AL 35801, United States","PCC9+79 Huntsville, Alabama, USA",https://valleyvascular.net/,+1 256-265-7480,"Closed · Opens 7 am Wed

Updated by others 5 weeks ago",https://streetviewpixels-pa.googleapis.com/v1/thumbnail?panoid=ZGFmHM5B2LVHeaDcpTzpjQ&cb_client=search.gws-prod.gps&w=408&h=240&yaw=114.532875&pitch=0&thumbfov=100,true,7 am–4 pm,7 am–4 pm,7 am–4 pm,7 am–4 pm,Closed,Closed,7 am–4 pm,"https://www.google.com/maps/search/vein+clinics+in+Athens+Huntsville+AL/@34.7295497,-86.5853155,14z",2025-12-16T22:15:01.051Z,,,
https://www.google.com/maps/place/Varicose+Veins+Etcetera/data=!4m7!3m6!1s0x8862132fe28bb70f:0xe3b60c471f833707!8m2!3d34.6932857!4d-86.5710006!16s%2Fg%2F1tf_j41h!19sChIJD7eL4i8TYogRBzeDH0cMtuM,Varicose Veins Etcetera,,,Doctor,"333 Whitesport Cir SW UNIT 204, Huntsville, AL 35801, United States","MCVH+8H Huntsville, Alabama, USA",,+1 256-880-8346,Temporarily closed,https://streetviewpixels-pa.googleapis.com/v1/thumbnail?panoid=aF7k3Ia1xKo8mKDJPhV8xA&cb_client=search.gws-prod.gps&w=408&h=240&yaw=274.81757&pitch=0&thumbfov=100,false,,,,,,,,"https://www.google.com/maps/search/vein+clinics+in+Athens+Huntsville+AL/@34.7295497,-86.5853155,14z",2025-12-16T22:15:05.826Z,,,
https://www.google.com/maps/place/Varicose+Vein+Center/data=!4m7!3m6!1s0x88626cb1195cddf9:0x8bca4e77aa76474c!8m2!3d34.7120094!4d-86.5878401!16s%2Fg%2F1tqtyl_4!19sChIJ-d1cGbFsYogRTEd2qndOyos,Varicose Vein Center,,,Surgical center,"900 Bob Wallace Ave SW # 114, Huntsville, AL 35801, United States","PC66+RV Huntsville, Alabama, USA",,+1 256-883-8222,Temporarily closed,https://streetviewpixels-pa.googleapis.com/v1/thumbnail?panoid=Ko0jhCXSMi1dEQAlS6tYHQ&cb_client=search.gws-prod.gps&w=408&h=240&yaw=82.14953&pitch=0&thumbfov=100,false,,,,,,,,"https://www.google.com/maps/search/vein+clinics+in+Athens+Huntsville+AL/@34.7295497,-86.5853155,14z",2025-12-16T22:15:10.841Z,,,
https://www.google.com/maps/place/Advanced+Life+Clinic/data=!4m7!3m6!1s0x8862132d64c1f997:0xf0abb77c3e44e56!8m2!3d34.6900904!4d-86.5744896!16s%2Fg%2F1tj_5zf8!19sChIJl_nBZC0TYogRVk7kw3e7Cg8,Advanced Life Clinic,4.9,827,Medical spa,"115 Queensbury Dr SW, Huntsville, AL 35802, United States","MCRG+26 Huntsville, Alabama, USA",https://advancedlifeclinic.com/?utm_source=gmb&utm_medium=organic,+1 256-882-6555,"Closes soon · 5 pm · Opens 8:30 am Wed

Updated by others 11 weeks ago",https://lh3.googleusercontent.com/p/AF1QipN4Vj8gJRuTbsKSbh3nauAORNrIHWrpvQ4bOm1P=w408-h611-k-no,true,8:30 am–5 pm,8:30 am–5 pm,8:30 am–5 pm,8:30 am–5 pm,Closed,Closed,Closed,"https://www.google.com/maps/search/vein+clinics+in+Athens+Huntsville+AL/@34.7295497,-86.5853155,14z",2025-12-16T22:15:16.267Z,,,
https://www.google.com/maps/place/Vibrant+Hydration+%26+Wellness/data=!4m7!3m6!1s0x88626d61c9f4ee8f:0x7ee1d20340da9403!8m2!3d34.7097009!4d-86.5878427!16s%2Fg%2F11h7nz41kt!19sChIJj-70yWFtYogRA5TaQAPS4X4,Vibrant Hydration & Wellness,4.8,218,Health spa,"812 Regal Dr SW, Huntsville, AL 35801, United States","PC56+VV Huntsville, Alabama, USA",http://vibranthuntsville.com/,+1 256-964-8177,Closes soon · 5 pm · Opens 10 am Wed,https://lh3.googleusercontent.com/p/AF1QipNuTPMXG590UyGqSuemZ0C231xoHHyfZxNtTTLu=w408-h294-k-no,true,10 am–5 pm,10 am–5 pm,10 am–5 pm,10 am–5 pm,9 am–5 pm,Closed,10 am–5 pm,"https://www.google.com/maps/search/vein+clinics+in+Athens+Huntsville+AL/@34.7295497,-86.5853155,14z",2025-12-16T22:15:21.276Z,,,
https://www.google.com/maps/place/Crestwood+Medical+Center/data=!4m7!3m6!1s0x886213304bd2bae9:0xac6f6b327b0df94f!8m2!3d34.693382!4d-86.572518!16s%2Fm%2F04g39xq!19sChIJ6brSSzATYogRT_kNezJrb6w,Crestwood Medical Center,4.6,10979,Hospital,"1 Hospital Drive Southwest, Huntsville, AL 35801, United States","MCVG+9X Huntsville, Alabama, USA",https://www.crestwoodmedcenter.com/?utm_source=gmb&utm_medium=homepage&utm_campaign=biz-listings,+1 256-429-4000,,https://lh3.googleusercontent.com/gps-cs-s/AG0ilSzFMwIBTuz0utE2FpVspW018TI63auREBNkKgVHPZGxDkxNQP7xUT_fxlKyTqp6bk-lXQNhoNrs0b8qBfiTCwJJavuxo0b_zkmi06gtforSHl-zlgD6ZRqTMmyPSgluoDkflVQ=w408-h306-k-no,true,Open 24 hours,Open 24 hours,Open 24 hours,Open 24 hours,Open 24 hours,Open 24 hours,Open 24 hours,"https://www.google.com/maps/search/vein+clinics+in+Athens+Huntsville+AL/@34.7295497,-86.5853155,14z",2025-12-16T22:15:26.474Z,,,
https://www.google.com/maps/place/Huntsville+Hospital+Spine+%26+Neuro+Center/data=!4m7!3m6!1s0x88626cacb071fcd3:0x878ea76c7c3ef289!8m2!3d34.7192175!4d-86.581551!16s%2Fg%2F1wfvncqx!19sChIJ0_xxsKxsYogRifI-fGynjoc,Huntsville Hospital Spine & Neuro Center,4.7,2366,Neurosurgeon,"201 Governors Dr SW First Floor, Huntsville, AL 35801, United States","PC99+M9 Huntsville, Alabama, USA",https://spineandneuro.org/,+1 256-533-1600,Closed · Opens 7 am Wed,https://lh3.googleusercontent.com/p/AF1QipPjQrnc_KBZ5kz1MOSCZ93xcUxx2r1dR4JRwk82=w408-h614-k-no,true,7 am–3:30 pm,7 am–3:30 pm,7 am–3:30 pm,7 am–3:30 pm,Closed,Closed,7 am–3:30 pm,"https://www.google.com/maps/search/vein+clinics+in+Athens+Huntsville+AL/@34.7295497,-86.5853155,14z",2025-12-16T22:15:31.607Z,,,
https://www.google.com/maps/place/Dr.+Benjamin+Shepherd/data=!4m7!3m6!1s0x886213308d4ae907:0x3beb926552a4e16d!8m2!3d34.6962559!4d-86.5716114!16s%2Fg%2F11k3_klfwc!19sChIJB-lKjTATYogRbeGkUmWS6zs,Dr. Benjamin Shepherd,4.0,4,Vascular surgeon,"4810 Whitesport Cir SW UNIT 204, Huntsville, AL 35801, United States","MCWH+G9 Huntsville, Alabama, USA",,+1 256-265-7480,,https://streetviewpixels-pa.googleapis.com/v1/thumbnail?panoid=UBGpR48RKSqgIAjBCFHL_w&cb_client=search.gws-prod.gps&w=408&h=240&yaw=322.84244&pitch=0&thumbfov=100,false,,,,,,,,"https://www.google.com/maps/search/vein+clinics+in+Athens+Huntsville+AL/@34.7295497,-86.5853155,14z",2025-12-16T22:15:34.360Z,,,
"https://www.google.com/maps/place/Huntsville+Cardiovascular+Clinic,+P.C./data=!4m7!3m6!1s0x8862133bcbbf61ad:0x59261efeb07d49b8!8m2!3d34.6971586!4d-86.5675974!16s%2Fg%2F1ts3gbhr!19sChIJrWG_yzsTYogRuEl9sP4eJlk","Huntsville Cardiovascular Clinic, P.C.",3.7,72,Cardiologist,"4601 Whitesburg Dr UNIT 201, Huntsville, AL 35802, United States","MCWJ+VX Huntsville, Alabama, USA",http://www.hsvheartmds.com/,+1 256-880-1050,"Closes soon · 5 pm · Opens 7 am Wed

Updated by this business 6 weeks ago",https://lh3.googleusercontent.com/gps-cs-s/AG0ilSzjJl11Cy0cI-ijZ7uykABBrDezywgXkJFAW5Z9RhxEjkDVP8Dt-B-08KEwJJm4PBqDExPLnIzTqE-g5iEgvEduNAxtu_KuS5kaqFm3SMuR41fMAKiZ1nNwSuwYrzbTKVE-1pgUCw=w408-h306-k-no,true,7 am–5 pm,7 am–5 pm,7 am–5 pm,7 am–5 pm,Closed,Closed,7 am–5 pm,"https://www.google.com/maps/search/vein+clinics+in+Athens+Huntsville+AL/@34.7295497,-86.5853155,14z",2025-12-16T22:15:39.569Z,,,
https://www.google.com/maps/place/Huntsville+Hospital+Lab+Patient+Service+Center/data=!4m7!3m6!1s0x88626db74d3ba61d:0x8a38b1efa4c3a4c!8m2!3d34.7215696!4d-86.5916406!16s%2Fg%2F11rr2x4hd4!19sChIJHaY7TbdtYogRTDpM-h6Lowg,Huntsville Hospital Lab Patient Service Center,4.9,53,Laboratory,"1963 Memorial Pkwy SW Suite 5, Huntsville, AL 35801, United States","PCC5+J8 Huntsville, Alabama, USA",https://www.huntsvillehospital.org/patient-service-center-locations,+1 256-265-2522,Open · Closes 7 pm,https://streetviewpixels-pa.googleapis.com/v1/thumbnail?panoid=G7UafaoQJocZTdzEEcI73A&cb_client=search.gws-prod.gps&w=408&h=240&yaw=277.12213&pitch=0&thumbfov=100,true,6 am–7 pm,6 am–7 pm,6 am–7 pm,6 am–7 pm,7 am–1 pm,Closed,6 am–7 pm,"https://www.google.com/maps/search/vein+clinics+in+Athens+Huntsville+AL/@34.7295497,-86.5853155,14z",2025-12-16T22:15:44.452Z,,,
"https://www.google.com/maps/place/Heart+and+Vascular+Clinic:+Anand+Balachandran,+MD/data=!4m7!3m6!1s0x88626cc9e0deccd1:0xd9b0c2b7d9951ce6!8m2!3d34.6920494!4d-86.5711924!16s%2Fg%2F11c74z3w9w!19sChIJ0cze4MlsYogR5hyV2bfCsNk","Heart and Vascular Clinic: Anand Balachandran, MD",4.5,110,Cardiologist,"400 Whitesport Dr SW suite 103, Huntsville, AL 35801, United States","MCRH+RG Huntsville, Alabama, USA",https://www.heartsvascularclinic.com/?utm_source=gmb_auth,+1 256-799-2509,Closes soon · 5 pm · Opens 8 am Wed,https://lh3.googleusercontent.com/p/AF1QipNe4VFCUVrDi4wTLeT7JXOc0f-VdxPglwCb2vPR=w408-h553-k-no,true,8 am–5 pm,8 am–5 pm,8 am–5 pm,8 am–5 pm,8:30 am–12 pm,Closed,8 am–5 pm,"https://www.google.com/maps/search/vein+clinics+in+Athens+Huntsville+AL/@34.7295497,-86.5853155,14z",2025-12-16T22:15:49.377Z,,,
"https://www.google.com/maps/place/Dr.+Fred+S.+Stucky+III,+MD/data=!4m7!3m6!1s0x88621356a60cb715:0x96f44eff71dc17ab!8m2!3d34.7196291!4d-86.5818423!16s%2Fg%2F1tgxv8ly!19sChIJFbcMplYTYogRqxfccf9O9JY","Dr. Fred S. Stucky III, MD",4.6,7,Vascular surgeon,"201 Sivley Rd SW #305, Huntsville, AL 35801, United States","PC99+V7 Huntsville, Alabama, USA",,+1 256-265-7480,,https://streetviewpixels-pa.googleapis.com/v1/thumbnail?panoid=zbuD0LrgtAmEGJH7F7GVVg&cb_client=search.gws-prod.gps&w=408&h=240&yaw=191.16824&pitch=0&thumbfov=100,false,,,,,,,,"https://www.google.com/maps/search/vein+clinics+in+Athens+Huntsville+AL/@34.7295497,-86.5853155,14z",2025-12-16T22:15:52.367Z,,,
https://www.google.com/maps/place/Huntsville+Hospital+Heart+Center/data=!4m7!3m6!1s0x88621354836d54b3:0xc3a7a40a6be15cbb!8m2!3d34.7207705!4d-86.5784764!16s%2Fg%2F1tvm3hcn!19sChIJs1Rtg1QTYogRu1zhawqkp8M,Huntsville Hospital Heart Center,3.9,145,Cardiologist,"930 Franklin St SE, Huntsville, AL 35801, United States","PCCC+8J Huntsville, Alabama, USA",https://www.theheartcenter.md/locations/huntsville,+1 256-533-3388,Closes soon · 5 pm · Opens 7 am Wed,https://lh3.googleusercontent.com/p/AF1QipNqul2_nisDkST-Eb_2dsLvzVTeRinyGSHIfaXE=w408-h306-k-no,true,7 am–5 pm,7 am–5 pm,7 am–5 pm,7 am–5 pm,Closed,Closed,7 am–5 pm,"https://www.google.com/maps/search/vein+clinics+in+Athens+Huntsville+AL/@34.7295497,-86.5853155,14z",2025-12-16T22:15:57.367Z,,,
"https://www.google.com/maps/place/Marco+Cioppi,+M.D./data=!4m7!3m6!1s0x88626cac9e56accb:0x31dcc3a147a2e5e5!8m2!3d34.7205358!4d-86.5820825!16s%2Fg%2F1w0sdln5!19sChIJy6xWnqxsYogR5eWiR6HD3DE","Marco Cioppi, M.D.",3.6,14,Vascular surgeon,"201 Sivley Rd SW #305, Huntsville, AL 35801, United States","PCC9+65 Huntsville, Alabama, USA",,+1 256-265-7480,,https://streetviewpixels-pa.googleapis.com/v1/thumbnail?panoid=qVCLPOVxgPGFxwsdteGA4A&cb_client=search.gws-prod.gps&w=408&h=240&yaw=252.41086&pitch=0&thumbfov=100,false,,,,,,,,"https://www.google.com/maps/search/vein+clinics+in+Athens+Huntsville+AL/@34.7295497,-86.5853155,14z",2025-12-16T22:16:00.148Z,,,
,,,,,,,,,,,,,,,,,,,"https://www.google.com/maps/search/vein+clinics+in+Harvest+Huntsville+AL/@45.3096317,-79.2438555,14z",2025-12-16T22:16:22.558Z,No new results found,,
https://www.google.com/maps/place/Huntsville+Hospital+Urgent+Care+-+Hazel+Green/data=!4m7!3m6!1s0x8862398325cac653:0xaee4797799930bb!8m2!3d34.9404907!4d-86.5722806!16s%2Fg%2F11jz1pg26f!19sChIJU8bKJYM5YogRuzCZeZdH7go,Huntsville Hospital Urgent Care - Hazel Green,4.6,1041,Urgent care center,"14451 US-231 431 N. Suite 100, Hazel Green, AL 35750, United States","WCRH+53 Hazel Green, Alabama, USA",https://www.urgentteam.com/locations/huntsville-hospital-urgent-care-hazel-green-al/,+1 256-829-6025,Open · Closes 8 pm,https://lh3.googleusercontent.com/p/AF1QipOZ49ZxqBsCU2FE8ueLIpQ0Sb1y0QWo5R2Bslg=w426-h240-k-no,true,8 am–8 pm,8 am–8 pm,8 am–8 pm,8 am–8 pm,9 am–5 pm,1–5 pm,8 am–8 pm,"https://www.google.com/maps/search/vein+clinics+in+Meridianville+Huntsville+AL/@34.8699372,-86.571385,14z",2025-12-16T22:16:49.358Z,,,
https://www.google.com/maps/place/In+Vein+Studios/data=!4m7!3m6!1s0x88621322ea17af93:0x2559f1a41399a0ec!8m2!3d34.66203!4d-86.5715146!16s%2Fg%2F11gl1xw_9c!19sChIJk68X6iITYogR7KCZE6TxWSU,In Vein Studios,,,Home health care service,"7910 Memorial Pkwy SW B, Huntsville, AL 35802, United States","MC6H+R9 Huntsville, Alabama, USA",,+1 256-515-4777,,https://lh3.googleusercontent.com/gps-cs-s/AG0ilSwZKjldkuy_DZDYEJCr0hru1plKVhHELL0tYA1oYko8wanFYUgxt_wmB2DQKTYqxNEy20Tg10zrB2BABEDZg4Uz_AwG1UTcSnnPTz8rQ5bTOM1PXK221QM-w8Eux8UqcAJz6R8SqQ=w408-h318-k-no,true,,,,,,,,"https://www.google.com/maps/search/vein+clinics+in+Meridianville+Huntsville+AL/@34.8699372,-86.571385,14z",2025-12-16T22:16:52.452Z,,,
https://www.google.com/maps/place/Vitals+N+Veins+LLC/data=!4m7!3m6!1s0x40a3f3dbc32678cb:0xe979052239242e70!8m2!3d33.41134!4d-85.9786956!16s%2Fg%2F11vx5_d8w4!19sChIJy3gmw9vzo0ARcC4kOSIFeek,Vitals N Veins LLC,5.0,217,Medical laboratory,,,https://vitalsnveins.com/,+1 256-388-1362,Open 24 hours,https://lh3.googleusercontent.com/p/AF1QipPY3PzyrbmbEOxpSF1NcIjDFy1q-EkKGnV4S7CD=w408-h612-k-no,true,Open 24 hours,Open 24 hours,Open 24 hours,Open 24 hours,Open 24 hours,Open 24 hours,Open 24 hours,"https://www.google.com/maps/search/vein+clinics+in+Meridianville+Huntsville+AL/@34.8699372,-86.571385,14z",2025-12-16T22:16:57.223Z,,Identifies as women-owned,true
,,,,,,,,,,,,,,,,,,,"https://www.google.com/maps/search/vein+clinics+in+Madison+Huntsville+AL/@34.7295497,-86.5853155,14z",2025-12-16T22:17:12.552Z,No new results found,,
"https://www.google.com/maps/place/Dr.+Mell+B.+Welborn+III,+MD/data=!4m7!3m6!1s0x88626cab5c37fea9:0x49ed5cd77c8c1a8f!8m2!3d34.7207674!4d-86.5815175!16s%2Fg%2F1vhq4fmk!19sChIJqf43XKtsYogRjxqMfNdc7Uk","Dr. Mell B. Welborn III, MD",4.0,8,Vascular surgeon,"201 Sivley Rd SW #530, Huntsville, AL 35802, United States","PCC9+89 Huntsville, Alabama, USA",http://www.valley-vascular.com/?page_id=18,+1 256-265-7480,,https://streetviewpixels-pa.googleapis.com/v1/thumbnail?panoid=Hv5Ra4n8DFDnyNM_YhB3uw&cb_client=search.gws-prod.gps&w=408&h=240&yaw=248.68282&pitch=0&thumbfov=100,false,,,,,,,,"https://www.google.com/maps/search/vein+clinics+in+New+Market+Huntsville+AL/@34.7295497,-86.5853155,14z",2025-12-16T22:17:39.691Z,,,
https://www.google.com/maps/place/Vascon+Vascular+Access+Center/data=!4m7!3m6!1s0x88626b5f3a55aa0d:0x5aeab52291301c61!8m2!3d34.7465306!4d-86.6017938!16s%2Fg%2F1tff8bh0!19sChIJDapVOl9rYogRYRwwkSK16lo,Vascon Vascular Access Center,3.5,6,Dialysis center,"1311 Memorial Pkwy NW #300, Huntsville, AL 35801, United States","P9WX+J7 Huntsville, Alabama, USA",,+1 256-535-5008,,https://lh3.googleusercontent.com/gps-cs-s/AG0ilSzkjE3uYb76GID55ROc85gtmompqWkcMD9D2eJMtX6BT35AZhpINqn4gwe0NncauCoqOREaVy-_PibTRx-H9rb_1X_nwMezpIUIryNY0b6Z_NbI4FnRKRt_U0bZIV79wORYYfmaGQ=w493-h240-k-no,false,,,,,,,,"https://www.google.com/maps/search/vein+clinics+in+New+Market+Huntsville+AL/@34.7295497,-86.5853155,14z",2025-12-16T22:17:42.597Z,,,
https://www.google.com/maps/place/Pearl+Skin+Aesthetics/data=!4m7!3m6!1s0x88626b6af44fe441:0x1d0b3cb88d2bb9ee!8m2!3d34.7345083!4d-86.5921298!16s%2Fg%2F11l39468xc!19sChIJQeRP9GprYogR7rkrjbg8Cx0,Pearl Skin Aesthetics,4.8,118,Medical spa,"415 Church St NW Suite C, Huntsville, AL 35801, United States","PCM5+R4 Huntsville, Alabama, USA",https://psamedspa.com/?y_source=1_MTA0MzU4NzE3Ni03MTUtbG9jYXRpb24ud2Vic2l0ZQ%3D%3D,+1 256-936-4770,"Open · Closes 7 pm

Updated by this business 1 week ago",https://lh3.googleusercontent.com/p/AF1QipOxYKKFBzG-mZWH4Xx9TRfNX-M563gCgYrWagzW=w408-h612-k-no,true,9 am–7 pm,9 am–7 pm,9 am–7 pm,9 am–7 pm,11 am–3 pm,Closed,9 am–7 pm,"https://www.google.com/maps/search/vein+clinics+in+New+Market+Huntsville+AL/@34.7295497,-86.5853155,14z",2025-12-16T22:17:47.643Z,,LGBTQ+ friendly,
https://www.google.com/maps/place/Renew+Medical+Spa/data=!4m7!3m6!1s0x88626cb61a357e85:0xf41f25f30678e6d6!8m2!3d34.7050312!4d-86.5863779!16s%2Fg%2F11f0ky38w5!19sChIJhX41GrZsYogR1uZ4BvMlH_Q,Renew Medical Spa,4.6,22,Medical spa,"507 Drake Ave SW UNIT E, Huntsville, AL 35801, United States","PC47+2C Huntsville, Alabama, USA",http://www.renewhuntsville.com/,+1 256-489-4808,Closes soon · 5 pm · Opens 9 am Wed,https://streetviewpixels-pa.googleapis.com/v1/thumbnail?panoid=i9XjTEY_Bn5xR4TDWTHUww&cb_client=search.gws-prod.gps&w=408&h=240&yaw=169.9554&pitch=0&thumbfov=100,true,9 am–5 pm,9 am–5 pm,9 am–5 pm,9 am–5 pm,Closed,Closed,9 am–5 pm,"https://www.google.com/maps/search/vein+clinics+in+New+Market+Huntsville+AL/@34.7295497,-86.5853155,14z",2025-12-16T22:17:52.483Z,,,
https://www.google.com/maps/place/Dr.+Mell+Burress+Welborn+III/data=!4m7!3m6!1s0x88621356a8b1d875:0x9b87fa7e45f629ab!8m2!3d34.721237!4d-86.5751129!16s%2Fg%2F11b6hp4vrj!19sChIJddixqFYTYogRqyn2RX76h5s,Dr. Mell Burress Welborn III,3.0,2,Vascular surgeon,"420 Lowell Dr SE, Huntsville, AL 35801, United States","PCCF+FX Huntsville, Alabama, USA",,+1 256-265-7480,,https://streetviewpixels-pa.googleapis.com/v1/thumbnail?panoid=2Zuuthx4GXYjGxId_sKbwg&cb_client=search.gws-prod.gps&w=408&h=240&yaw=339.93884&pitch=0&thumbfov=100,false,,,,,,,,"https://www.google.com/maps/search/vein+clinics+in+New+Market+Huntsville+AL/@34.7295497,-86.5853155,14z",2025-12-16T22:17:55.295Z,,,
https://www.google.com/maps/place/Path+Group+Patient+Services+Center/data=!4m7!3m6!1s0x8862134dfca84811:0x60e1b5bedb53e3cd!8m2!3d34.7146272!4d-86.5755358!16s%2Fg%2F1tdmwbs4!19sChIJEUio_E0TYogRzeNT27614WA,Path Group Patient Services Center,4.8,31,Laboratory,"2329 Whitesburg Dr, Huntsville, AL 35801, United States","PC7F+VQ Huntsville, Alabama, USA",http://www.pathgroup.com/,+1 629-236-4823,Closes soon · 4:30 pm · Opens 7:30 am Wed,https://streetviewpixels-pa.googleapis.com/v1/thumbnail?panoid=cWvjAfF-3Uy2eZZ93-NQQw&cb_client=search.gws-prod.gps&w=408&h=240&yaw=105.19677&pitch=0&thumbfov=100,false,"7:30 am–12 pm, 1–4:30 pm","7:30 am–12 pm, 1–4:30 pm","7:30 am–12 pm, 1–4:30 pm","7:30 am–12 pm, 1–4:30 pm",Closed,Closed,"7:30 am–12 pm, 1–4:30 pm","https://www.google.com/maps/search/vein+clinics+in+New+Market+Huntsville+AL/@34.7295497,-86.5853155,14z",2025-12-16T22:18:00.378Z,,,
"https://www.google.com/maps/place/Dr.+Ronny+C.+Johnson,+MD/data=!4m7!3m6!1s0x88621356a60cb715:0x40bfb5f6993fe067!8m2!3d34.721364!4d-86.57511!16s%2Fg%2F1tc_07j8!19sChIJFbcMplYTYogRZ-A_mfa1v0A","Dr. Ronny C. Johnson, MD",3.7,6,Vascular surgeon,"201 Sivley Rd SW #530, Huntsville, AL 35801, United States","PCCF+GX Huntsville, Alabama, USA",,+1 256-265-7480,,https://streetviewpixels-pa.googleapis.com/v1/thumbnail?panoid=iQ_aDOldoxScUWCNAB1XHQ&cb_client=search.gws-prod.gps&w=408&h=240&yaw=229.28947&pitch=0&thumbfov=100,false,,,,,,,,"https://www.google.com/maps/search/vein+clinics+in+New+Market+Huntsville+AL/@34.7295497,-86.5853155,14z",2025-12-16T22:18:03.382Z,,,
https://www.google.com/maps/place/Huntsville+Hospital+Medical+Mall/data=!4m7!3m6!1s0x88626ca5e803629f:0xb507db834ba695e4!8m2!3d34.7215696!4d-86.5916406!16s%2Fg%2F1wj_6rz9!19sChIJn2ID6KVsYogR5JWmS4PbB7U,Huntsville Hospital Medical Mall,3.4,132,Medical Center,"1963 Memorial Pkwy SW Suite 5, Huntsville, AL 35801, United States","PCC5+J8 Huntsville, Alabama, USA",https://www.huntsvillehospital.org/locations,+1 256-265-1000,Open · Closes 7:30 pm,https://lh3.googleusercontent.com/p/AF1QipMqe1ffYqDBr9BfoVBZxRkt5IIRE4m8_i7guG87=w408-h305-k-no,true,6 am–7:30 pm,6 am–7:30 pm,6 am–7:30 pm,6 am–7:30 pm,7 am–7 pm,7:30 am–7 pm,6 am–7:30 pm,"https://www.google.com/maps/search/vein+clinics+in+New+Market+Huntsville+AL/@34.7295497,-86.5853155,14z",2025-12-16T22:18:08.699Z,,,
https://www.google.com/maps/place/Crestwood+Wound+Care+%26+Hyperbaric+Medicine/data=!4m7!3m6!1s0x88621330f2bb6539:0x7327a21c161d08dd!8m2!3d34.6963255!4d-86.5716812!16s%2Fg%2F11c5gdhy_1!19sChIJOWW78jATYogR3QgdFhyiJ3M,Crestwood Wound Care & Hyperbaric Medicine,4.1,15,Medical clinic,"4810 Whitesport Cir SW #105, Huntsville, AL 35801, United States","MCWH+G8 Huntsville, Alabama, USA",https://www.crestwoodmedcenter.com/wound-care-service?utm_source=gmb&utm_medium=homepage&utm_campaign=biz-listings,+1 256-429-5390,Closes soon · 4:30 pm · Opens 8 am Wed,https://streetviewpixels-pa.googleapis.com/v1/thumbnail?panoid=cIE1oQO5rHffUZEdOqkrsw&cb_client=search.gws-prod.gps&w=408&h=240&yaw=25.216251&pitch=0&thumbfov=100,true,8 am–4:30 pm,8 am–4:30 pm,8 am–4:30 pm,8 am–12 pm,Closed,Closed,8 am–4:30 pm,"https://www.google.com/maps/search/vein+clinics+in+New+Market+Huntsville+AL/@34.7295497,-86.5853155,14z",2025-12-16T22:18:14.116Z,,,
https://www.google.com/maps/place/Labcorp/data=!4m7!3m6!1s0x88626d7ced3aac0f:0x8243a8a191b820c3!8m2!3d34.7194684!4d-86.583664!16s%2Fg%2F11ff0vz9k8!19sChIJD6w67XxtYogRwyC4kaGoQ4I,Labcorp,3.8,43,Medical laboratory,"301 Governors Dr SW, Huntsville, AL 35801, United States","PC98+QG Huntsville, Alabama, USA",https://locations.labcorp.com/al/huntsville/21192/,+1 256-551-4547,"Closes soon · 5 pm · Opens 7:30 am Wed

Updated by this business 2 weeks ago",https://lh3.googleusercontent.com/gps-cs-s/AG0ilSxZyWjwxdsWXY_KqGXwJedY4RXB1Dhe6kNMtf8Pwo8NsgMjVGiO-Xc46GgvwfOIjjnyKfZ4mF7WFquM_jjnITWwE-fQlHMvPsLDdOw6QYy9nYCyjoksL8SVwtbf6G0D3rV0r7SXtw=w408-h441-k-no,true,7:30 am–5 pm,7:30 am–5 pm,7:30 am–5 pm,7:30 am–5 pm,Closed,Closed,7:30 am–5 pm,"https://www.google.com/maps/search/vein+clinics+in+New+Market+Huntsville+AL/@34.7295497,-86.5853155,14z",2025-12-16T22:18:19.237Z,,,
"https://www.google.com/maps/place/Jose+Antonio+Lulli+Cantoni,+MD/data=!4m7!3m6!1s0x8862135412b9b447:0xba418a831cb3d109!8m2!3d34.7207991!4d-86.5784488!16s%2Fg%2F11w805lvng!19sChIJR7S5ElQTYogRCdGzHIOKQbo","Jose Antonio Lulli Cantoni, MD",5.0,3,Cardiologist,"930 Franklin St SE, Huntsville, AL 35801, United States","PCCC+8J Huntsville, Alabama, USA",https://theheartcenter.md/provider-directory/lulli-cantoni-jose-antonio-md,+1 256-533-3388,Closes soon · 5 pm · Opens 7 am Wed,https://lh3.googleusercontent.com/p/AF1QipMz6SVAYs1_AvixUogxUoLqRtGvG860vCdmDDiL=w426-h240-k-no,true,7 am–5 pm,7 am–5 pm,7 am–5 pm,7 am–5 pm,Closed,Closed,7 am–5 pm,"https://www.google.com/maps/search/vein+clinics+in+New+Market+Huntsville+AL/@34.7295497,-86.5853155,14z",2025-12-16T22:18:24.069Z,,,
https://www.google.com/maps/place/CNAHSI/data=!4m7!3m6!1s0x88626b5d5beaaaab:0x77a4517a5d9931a7!8m2!3d34.7369107!4d-86.6002174!16s%2Fg%2F11g0k0zmjj!19sChIJq6rqW11rYogRpzGZXXpRpHc,CNAHSI,2.4,7,Doctor,"751 NW Pleasant Row, Huntsville, AL 35816, United States","P9PX+QW Huntsville, Alabama, USA",https://www.cnahsi.com/,+1 866-497-4242,Open · Closes 6 pm,https://streetviewpixels-pa.googleapis.com/v1/thumbnail?panoid=On7-jVniWg1R53TYHm8ERg&cb_client=search.gws-prod.gps&w=408&h=240&yaw=4.83898&pitch=0&thumbfov=100,false,8 am–6 pm,8 am–5 pm,8 am–5 pm,8 am–5 pm,Closed,Closed,8 am–6 pm,"https://www.google.com/maps/search/vein+clinics+in+New+Market+Huntsville+AL/@34.7295497,-86.5853155,14z",2025-12-16T22:18:29.017Z,,,
https://www.google.com/maps/place/Surgical+Dermatology+Group+-+Huntsville/data=!4m7!3m6!1s0x886213306188ab3f:0x331a57ca275674b6!8m2!3d34.6962603!4d-86.5716962!16s%2Fg%2F1hc4kymc_!19sChIJP6uIYTATYogRtnRWJ8pXGjM,Surgical Dermatology Group - Huntsville,4.9,1148,Dermatologist,"4810 Whitesport Cir SW Suite 110, Huntsville, AL 35801, United States","MCWH+G8 Huntsville, Alabama, USA",https://surgicaldermatology.com/location/huntsville-al/?utm_source=Google&utm_medium=Organic&utm_campaign=GMB_Huntsville,+1 205-977-9876,"Closed · Opens 8 am Wed

Updated by this business 1 week ago",https://lh3.googleusercontent.com/gps-cs-s/AG0ilSyrteOhWv-9MDNc2uobFJ-ourWE2beiRlFhl31bQ3Up4YYZkpooyG_6s4PaCmAzVNJ2kZWGRo-J6H1LLOtDIaB4UV_gaOkKWHQm7LmqYm8IutWhzZK-cqW116QW4MxCJitc-qxC1g=w408-h306-k-no,true,8 am–4 pm,8 am–4 pm,8 am–4 pm,8 am–4 pm,Closed,Closed,8 am–4 pm,"https://www.google.com/maps/search/vein+clinics+in+New+Market+Huntsville+AL/@34.7295497,-86.5853155,14z",2025-12-16T22:18:34.047Z,,,
https://www.google.com/maps/place/Blackwell+Medical+Tower/data=!4m7!3m6!1s0x88626cac9e56accb:0x3c38d8888be2eeb4!8m2!3d34.7206953!4d-86.5820748!16s%2Fg%2F11cmtb3ghj!19sChIJy6xWnqxsYogRtO7ii4jYODw,Blackwell Medical Tower,3.9,37,Medical Center,"201 Sivley Rd SW, Huntsville, AL 35801, United States","PCC9+75 Huntsville, Alabama, USA",https://www.huntsvillehospital.org/locations,+1 256-265-1000,Closes soon · 5 pm · Opens 7 am Wed,https://streetviewpixels-pa.googleapis.com/v1/thumbnail?panoid=ZGFmHM5B2LVHeaDcpTzpjQ&cb_client=search.gws-prod.gps&w=408&h=240&yaw=145.9958&pitch=0&thumbfov=100,true,7 am–5 pm,7 am–5 pm,7 am–5 pm,7 am–5 pm,7 am–5 pm,7 am–5 pm,7 am–5 pm,"https://www.google.com/maps/search/vein+clinics+in+New+Market+Huntsville+AL/@34.7295497,-86.5853155,14z",2025-12-16T22:18:39.414Z,,,
https://www.google.com/maps/place/Alabama+Women%27s+Healthcare+OBGYN/data=!4m7!3m6!1s0x88621356a60cb715:0x9c351f74ff1b4be7!8m2!3d34.721364!4d-86.57511!16s%2Fg%2F1tcxqdfl!19sChIJFbcMplYTYogR50sb_3QfNZw,Alabama Women's Healthcare OBGYN,3.5,8,Women's health clinic,"420 Lowell Dr SE STE 400, Huntsville, AL 35801, United States","PCCF+GX Huntsville, Alabama, USA",https://www.alabamawomenshealth.com/?utm_source=GMBlisting&utm_medium=organic,+1 256-265-2555,Closes soon · 5 pm · Opens 8 am Wed,https://streetviewpixels-pa.googleapis.com/v1/thumbnail?panoid=iQ_aDOldoxScUWCNAB1XHQ&cb_client=search.gws-prod.gps&w=408&h=240&yaw=229.28947&pitch=0&thumbfov=100,true,8 am–5 pm,8 am–12 pm,8 am–5 pm,Closed,Closed,Closed,8 am–12 pm,"https://www.google.com/maps/search/vein+clinics+in+New+Market+Huntsville+AL/@34.7295497,-86.5853155,14z",2025-12-16T22:18:44.409Z,,,
https://www.google.com/maps/place/BV+Medical+Solutions/data=!4m7!3m6!1s0x88626bbef3c9fc65:0x34a34776bfb5d53d!8m2!3d34.7309895!4d-86.5866225!16s%2Fg%2F11l20qdtw6!19sChIJZfzJ875rYogRPdW1v3ZHozQ,BV Medical Solutions,5.0,4,Weight loss service,"100 Jefferson St S STE 101, Huntsville, AL 35801, United States","PCJ7+99 Huntsville, Alabama, USA",https://www.bvmedsol.com/,+1 256-770-0565,"Open · Closes 7 pm

Confirmed by phone call 6 weeks ago",https://lh3.googleusercontent.com/p/AF1QipO44FoTUrSMQ_f7-wBecAjKpD1z5OPeB88wKA6O=w408-h510-k-no,true,10 am–7 pm,9 am–5 pm,9 am–5 pm,9 am–12 pm,Closed,Closed,9 am–5 pm,"https://www.google.com/maps/search/vein+clinics+in+New+Market+Huntsville+AL/@34.7295497,-86.5853155,14z",2025-12-16T22:18:49.173Z,,,
https://www.google.com/maps/place/Huntsville+Hospital/data=!4m7!3m6!1s0x8862129922c49b27:0x11129cf7f3e1f3c!8m2!3d34.7211561!4d-86.5807587!16s%2Fg%2F1tdhfr16!19sChIJJ5vEIpkSYogRPB8-f88pEQE,Huntsville Hospital,4.4,5970,Hospital,"101 Sivley Rd SW, Huntsville, AL 35801, United States","PCC9+FM Huntsville, Alabama, USA",https://www.huntsvillehospital.org/,+1 256-265-1000,,https://lh3.googleusercontent.com/p/AF1QipM7iqR8oHBj36ryq-FuHwAj8tR10NqvteSxIzBb=w426-h240-k-no,true,Open 24 hours,Open 24 hours,Open 24 hours,Open 24 hours,Open 24 hours,Open 24 hours,Open 24 hours,"https://www.google.com/maps/search/vein+clinics+in+New+Market+Huntsville+AL/@34.7295497,-86.5853155,14z",2025-12-16T22:18:54.089Z,,,
https://www.google.com/maps/place/Alabama+Surgical+Associates/data=!4m7!3m6!1s0x88621331cf90282d:0x47fb254b18a7f3fc!8m2!3d34.6938053!4d-86.573521!16s%2Fg%2F1tpbcqb7!19sChIJLSiQzzETYogR_POnGEsl-0c,Alabama Surgical Associates,4.6,96,Weight loss service,"250 Chateau Dr SW #105, Huntsville, AL 35801, United States","MCVG+GH Huntsville, Alabama, USA",https://www.alweightlosscenter.com/?utm_source=googlemybusiness&utm_medium=organic&utm_campaign=alabama+surgical+associates+huntsville,+1 256-880-1977,Closes soon · 5 pm · Opens 8 am Wed,https://lh3.googleusercontent.com/p/AF1QipP6WSRhjXm54VfukY9fYbb0nzwrXZc0GI1ihFsC=w648-h240-k-no,true,"8 am–12 pm, 1–5 pm","8 am–12 pm, 1–5 pm","8 am–12 pm, 1–5 pm",Closed,Closed,Closed,"8 am–12 pm, 1–5 pm","https://www.google.com/maps/search/vein+clinics+in+New+Market+Huntsville+AL/@34.7295497,-86.5853155,14z",2025-12-16T22:18:59.116Z,,LGBTQ+ friendly,
https://www.google.com/maps/place/Mell+Welborn/data=!4m7!3m6!1s0x8862133039555555:0x9dc17ec031664670!8m2!3d34.6939279!4d-86.5719324!16s%2Fg%2F11kjq6f4s3!19sChIJVVVVOTATYogRcEZmMcB-wZ0,Mell Welborn,1.0,1,Vascular surgeon,"1 Hospital Drive Southwest Ste 300, Huntsville, AL 358013495, United States","MCVH+H6 Huntsville, Alabama, USA",,+1 256-265-7480,,https://streetviewpixels-pa.googleapis.com/v1/thumbnail?panoid=eS4iM18HIDclwtGI0etowQ&cb_client=search.gws-prod.gps&w=408&h=240&yaw=24.459915&pitch=0&thumbfov=100,false,,,,,,,,"https://www.google.com/maps/search/vein+clinics+in+New+Market+Huntsville+AL/@34.7295497,-86.5853155,14z",2025-12-16T22:19:01.834Z,,,
"https://www.google.com/maps/place/Central+North+Alabama+Health+Services,+Inc./data=!4m7!3m6!1s0x88626b53e6b34d3f:0xb09f7807f926d843!8m2!3d34.7353285!4d-86.5851336!16s%2Fg%2F1v_z9mzk!19sChIJP02z5lNrYogRQ9gm-Qd4n7A","Central North Alabama Health Services, Inc.",2.8,50,Corporate office,"110 Walker Ave NE, Huntsville, AL 35801, United States","PCP7+4W Huntsville, Alabama, USA",http://www.cnahsi.com/,+1 256-534-8659,Closes soon · 5 pm · Opens 8 am Wed,https://lh3.googleusercontent.com/p/AF1QipMe0UsvLFOWtuwfoCoirnIb2lE6R4LLF_8H93nW=w408-h272-k-no,true,8 am–5 pm,8 am–5 pm,8 am–5 pm,8 am–5 pm,Closed,Closed,8 am–5 pm,"https://www.google.com/maps/search/vein+clinics+in+New+Market+Huntsville+AL/@34.7295497,-86.5853155,14z",2025-12-16T22:19:06.746Z,,,
https://www.google.com/maps/place/New+Market+Clinic/data=!4m7!3m6!1s0x88623b50846392c1:0x1499fe01d7f997bd!8m2!3d34.9064774!4d-86.4280429!16s%2Fg%2F1tfnz9v1!19sChIJwZJjhFA7YogRvZf51wH-mRQ,New Market Clinic,2.8,10,Medical clinic,"110 Clinic St, New Market, AL 35761, United States","WH4C+HQ New Market, Alabama, USA",https://www.cnahsi.com/locations/new-market-clinic/,+1 256-379-2101,Closes soon · 5 pm · Opens 8 am Wed,https://lh3.googleusercontent.com/p/AF1QipM8Bh6zNE0rfqS3KPMxgCHvHKW8U1lhR2QW2AzO=w408-h272-k-no,true,8 am–5 pm,8 am–5 pm,8 am–5 pm,8 am–5 pm,Closed,Closed,8 am–5 pm,"https://www.google.com/maps/search/vein+clinics+in+New+Market+Huntsville+AL/@34.7295497,-86.5853155,14z",2025-12-16T22:19:11.660Z,,,
https://www.google.com/maps/place/Revive+Clinic+HSV/data=!4m7!3m6!1s0x88621597961e691d:0xb1b335c80257e08!8m2!3d34.7710227!4d-86.5374758!16s%2Fg%2F11vyx98cqx!19sChIJHWkelpcVYogRCH4lgFwzGws,Revive Clinic HSV,5.0,21,Medical clinic,"3490 Harris Hill Blvd NE Unit B, Huntsville, AL 35811, United States","QFC7+C2 Huntsville, Alabama, USA",https://www.revivehsv.com/,+1 256-203-2178,Closes soon · 5 pm · Opens 9 am Wed,https://lh3.googleusercontent.com/p/AF1QipPyAqmnYk3LEWpf612-MzcyG0cYFkEUFewUPd4M=w408-h544-k-no,true,9 am–5 pm,9 am–5 pm,9 am–5 pm,9 am–1 pm,Closed,Closed,9 am–5 pm,"https://www.google.com/maps/search/vein+clinics+in+New+Market+Huntsville+AL/@34.7295497,-86.5853155,14z",2025-12-16T22:19:16.465Z,,,
https://www.google.com/maps/place/Huntsville+Family+Health+Center/data=!4m7!3m6!1s0x88626b5d59407c37:0xc08fb89b5cc2e41b!8m2!3d34.7369304!4d-86.6003054!16s%2Fg%2F1tjcq577!19sChIJN3xAWV1rYogRG-TCXJu4j8A,Huntsville Family Health Center,3.2,147,Medical Center,"751 NW Pleasant Row, Huntsville, AL 35816, United States","P9PX+QV Huntsville, Alabama, USA",http://www.cnahsi.com/,+1 256-533-6311,Open · Closes 6 pm,https://lh3.googleusercontent.com/p/AF1QipPsTThLhtP7jpJtgTwx9_ynGtPQX9I55yjZJfMR=w408-h306-k-no,true,8 am–6 pm,8 am–5 pm,8 am–5 pm,8 am–5 pm,Closed,Closed,8 am–6 pm,"https://www.google.com/maps/search/vein+clinics+in+New+Market+Huntsville+AL/@34.7295497,-86.5853155,14z",2025-12-16T22:19:21.253Z,,,
https://www.google.com/maps/place/Advanced+Dermatology+Huntsville/data=!4m7!3m6!1s0x886213f0bd0c02d9:0xa07845cd78aadf0d!8m2!3d34.6951923!4d-86.5782928!16s%2Fg%2F11n976lrpg!19sChIJ2QIMvfATYogRDd-qeM1FeKA,Advanced Dermatology Huntsville,3.8,83,Dermatologist,"4021 Balmoral Dr SW, Huntsville, AL 35801, United States","MCWC+3M Huntsville, Alabama, USA",https://www.advanceddermatologyhsv.com/,+1 256-539-2741,Closes soon · 5 pm · Opens 8 am Wed,https://lh3.googleusercontent.com/p/AF1QipPn2d80VX2oA5wHM3IklWd1lD8-hOzeJ8hNFAUq=w498-h240-k-no,true,8 am–5 pm,8 am–5 pm,8 am–5 pm,Closed,Closed,Closed,8 am–5 pm,"https://www.google.com/maps/search/vein+clinics+in+New+Market+Huntsville+AL/@34.7295497,-86.5853155,14z",2025-12-16T22:19:26.106Z,,,
https://www.google.com/maps/place/Robert+J.+Knowling+M.D./data=!4m7!3m6!1s0x88621332fd318ea3:0xc87d2d2361666258!8m2!3d34.6958202!4d-86.5785895!16s%2Fg%2F1td4kvwt!19sChIJo44x_TITYogRWGJmYSMtfcg,Robert J. Knowling M.D.,4.1,45,Plastic surgeon,"4011 Balmoral Dr SW, Huntsville, AL 35801, United States","MCWC+8H Huntsville, Alabama, USA",http://www.drknowling.com/,+1 256-881-2220,Closes soon · 5 pm · Opens 8 am Wed,https://lh3.googleusercontent.com/p/AF1QipPrlg96tS2me8RmyTZO3toMtblfjiLxoP_shCMf=w408-h612-k-no,true,8 am–5 pm,8 am–5 pm,8 am–5 pm,8 am–5 pm,Closed,Closed,8 am–5 pm,"https://www.google.com/maps/search/vein+clinics+in+New+Market+Huntsville+AL/@34.7295497,-86.5853155,14z",2025-12-16T22:19:31.196Z,,,
https://www.google.com/maps/place/Affinity+Primary+Care/data=!4m7!3m6!1s0x886213e25d8adbfd:0x2bd4936e0ecbbb8e!8m2!3d34.6914648!4d-86.5781776!16s%2Fg%2F11kbbbvz74!19sChIJ_duKXeITYogRjrvLDm6T1Cs,Affinity Primary Care,4.9,343,Doctor,"1010 Airport Rd SW suite c, Huntsville, AL 35802, United States","MCRC+HP Huntsville, Alabama, USA",http://affinityprimarycare.com/,+1 256-824-9966,Closes soon · 4:30 pm · Opens 7:30 am Wed,https://lh3.googleusercontent.com/gps-cs-s/AG0ilSxY7JpfgcAVk_UMyZvnqPoDZotocLk7OWYyPnHgP1nN05cUIljoNTNtSlDjErTm3TyxFsW4ZC_fZNzRzdNT0Kys6gvkrObt_7MGOA4dbApDdmCtgH3XeIOuFMeB-gtputSYUxM=w408-h544-k-no,true,7:30 am–4:30 pm,7:30 am–4:30 pm,7:30 am–4:30 pm,7:30 am–4:30 pm,Closed,Closed,7:30 am–4:30 pm,"https://www.google.com/maps/search/vein+clinics+in+New+Market+Huntsville+AL/@34.7295497,-86.5853155,14z",2025-12-16T22:19:36.126Z,,,
https://www.google.com/maps/place/Dr.+Jennifer+Kiessling/data=!4m7!3m6!1s0x8862133bcbbf61ad:0x318dc6ab20254b98!8m2!3d34.6972484!4d-86.5675445!16s%2Fg%2F11b6tys46b!19sChIJrWG_yzsTYogRmEslIKvGjTE,Dr. Jennifer Kiessling,4.1,14,Cardiologist,"4601 Whitesburg Dr UNIT 201, Huntsville, AL 35802, United States","MCWJ+VX Huntsville, Alabama, USA",http://www.hsvheartmds.com/,+1 256-880-1050,,https://streetviewpixels-pa.googleapis.com/v1/thumbnail?panoid=gcfpGwHdH0KiX2TO9fTeXA&cb_client=search.gws-prod.gps&w=408&h=240&yaw=248.38672&pitch=0&thumbfov=100,false,,,,,,,,"https://www.google.com/maps/search/vein+clinics+in+New+Market+Huntsville+AL/@34.7295497,-86.5853155,14z",2025-12-16T22:19:39.225Z,,,
"https://www.google.com/maps/place/Ugheoke+E+Anthony+MD/@34.6917577,-86.5720066,17z/data=!3m1!4b1!4m6!3m5!1s0x8862132ffb460f9b:0x527d044b47947938!8m2!3d34.6917577!4d-86.5720066!16s%2Fg%2F1tlz_xtg",Ugheoke E Anthony MD,3.4,37,Gastroenterologist,"610 Airport Rd SW #210, Huntsville, AL 35802, United States","MCRH+P5 Huntsville, Alabama, USA",http://aigastro.net/,+1 256-883-0098,Closes soon · 5 pm · Opens 8 am Wed,,false,8 am–5 pm,8 am–5 pm,8 am–5 pm,8 am–12 pm,Closed,Closed,8 am–5 pm,"https://www.google.com/maps/search/vein+clinics+in+New+Market+Huntsville+AL/@34.7295497,-86.5853155,14z",2025-12-16T22:19:46.088Z,,,
https://www.google.com/maps/place/The+Huntsville+Hospital+Heliport+AL36/data=!4m7!3m6!1s0x88626cab538deebb:0xe591de72bec6156d!8m2!3d34.7211801!4d-86.5807548!16s%2Fg%2F1yglpdbwm!19sChIJu-6NU6tsYogRbRXGvnLekeU,The Huntsville Hospital Heliport AL36,3.0,2,Heliport,"101 Sivley Rd SW, Huntsville, AL 35801, United States","PCC9+FM Huntsville, Alabama, USA",http://www.huntsvillehospital.org/contact-us,+1 256-265-1000,,https://streetviewpixels-pa.googleapis.com/v1/thumbnail?panoid=iQ5egQGHq1i1DnHmHHA4Lg&cb_client=search.gws-prod.gps&w=408&h=240&yaw=80.569626&pitch=0&thumbfov=100,false,,,,,,,,"https://www.google.com/maps/search/vein+clinics+in+New+Market+Huntsville+AL/@34.7295497,-86.5853155,14z",2025-12-16T22:19:48.844Z,,,
"https://www.google.com/maps/place/Dr.+Robert+W.+Calcote,+MD/data=!4m7!3m6!1s0x88621353c6a01287:0xf0885bff00a56114!8m2!3d34.7188529!4d-86.5765304!16s%2Fg%2F1tjwjgw0!19sChIJhxKgxlMTYogRFGGlAP9biPA","Dr. Robert W. Calcote, MD",2.9,38,Dermatologist,"201A Longwood Dr SE, Huntsville, AL 35801, United States","PC9F+G9 Huntsville, Alabama, USA",https://mydermspecialists.com/about-us/our-providers/robert-calcote-md/,+1 256-533-1160,,https://streetviewpixels-pa.googleapis.com/v1/thumbnail?panoid=ukZehc-XOShqS6V795kTCg&cb_client=search.gws-prod.gps&w=408&h=240&yaw=356.08347&pitch=0&thumbfov=100,true,,,,,,,,"https://www.google.com/maps/search/vein+clinics+in+New+Market+Huntsville+AL/@34.7295497,-86.5853155,14z",2025-12-16T22:19:52.097Z,,,
https://www.google.com/maps/place/Benjamin+Shepherd/data=!4m7!3m6!1s0x8862133a7d73b469:0x88423c01f99edfca!8m2!3d34.6956665!4d-86.5698535!16s%2Fg%2F11sc_y_1g3!19sChIJabRzfToTYogRyt-e-QE8Qog,Benjamin Shepherd,,,Vascular surgeon,"4700 Whitesburg Dr UNIT 300, Huntsville, AL 358021685, United States","MCWJ+73 Huntsville, Alabama, USA",,+1 804-655-6150,,https://streetviewpixels-pa.googleapis.com/v1/thumbnail?panoid=ChAryqS6pEYWIQ-GMwH-cw&cb_client=search.gws-prod.gps&w=408&h=240&yaw=349.3597&pitch=0&thumbfov=100,false,,,,,,,,"https://www.google.com/maps/search/vein+clinics+in+New+Market+Huntsville+AL/@34.7295497,-86.5853155,14z",2025-12-16T22:19:54.626Z,,,
"https://www.google.com/maps/place/Lowery+Tracy+MD/@34.6767238,-86.5173869,17z/data=!3m1!4b1!4m6!3m5!1s0x88621235ade806c7:0x75b080e8f195a28d!8m2!3d34.6767238!4d-86.5173869!16s%2Fg%2F1261wl873",Lowery Tracy MD,,,Doctor,"1 Muirfield Ln, Huntsville, AL 35802, United States","MFGM+M2 Huntsville, Alabama, USA",,+1 256-881-0020,,,false,,,,,,,,"https://www.google.com/maps/search/vein+clinics+in+Hampton+Cove+Huntsville+AL/@34.6673996,-86.4885985,14z",2025-12-16T22:20:14.736Z,,,
https://www.google.com/maps/place/Huntsville+Hospital+Physician+Care+at+Hampton+Cove/data=!4m7!3m6!1s0x88621192f93e3d3b:0x6910a0693c40f458!8m2!3d34.6581036!4d-86.4905307!16s%2Fg%2F1tflgz78!19sChIJOz0--ZIRYogRWPRAPGmgEGk,Huntsville Hospital Physician Care at Hampton Cove,4.7,263,Family practice physician,"262 Sutton Rd, Owens Cross Roads, AL 35763, United States","MG55+6Q Owens Cross Roads, Alabama, USA",https://www.huntsvillehospital.org/physician-care-at-hampton-cove,+1 256-265-0350,Closes soon · 4:30 pm · Opens 7 am Wed,https://lh3.googleusercontent.com/gps-cs-s/AG0ilSxsuClgoMS4Gpf6kfSWebI4b_BhqbsD73bsXeNwvV1s2nz7GF5by8qFSDLNOo8cpL-cv9OGbsY9y3QVHZlvEs630KnL5KPsa2C0rQav3gwEJ4q1t2zguxrC8khqll2euXtRx3Mq3g=w408-h306-k-no,true,"7 am–12 pm, 1–4:30 pm","7 am–12 pm, 1–4:30 pm","7 am–12 pm, 1–4:30 pm","7 am–12 pm, 1–4:30 pm",Closed,Closed,"7 am–12 pm, 1–4:30 pm","https://www.google.com/maps/search/vein+clinics+in+Hampton+Cove+Huntsville+AL/@34.6673996,-86.4885985,14z",2025-12-16T22:20:19.809Z,,,
https://www.google.com/maps/place/Redefine+Wellness+Institute/data=!4m7!3m6!1s0x8862111cb35162a7:0xca0ffd57d7168d22!8m2!3d34.674713!4d-86.493727!16s%2Fg%2F11wnf60fqw!19sChIJp2JRsxwRYogRIo0W11f9D8o,Redefine Wellness Institute,5.0,2,Medical spa,"284 Miller Ln, Owens Cross Roads, AL 35763, United States","MGF4+VG Owens Cross Roads, Alabama, USA",https://redefinewellnessinstitute.com/,+1 938-225-9409,Closes soon · 5 pm · Opens 9 am Wed,https://lh3.googleusercontent.com/p/AF1QipMm-0JFN_mh_gtoCr7Q5ojG64dOdAa2OaMMgqw-=w408-h596-k-no,true,9 am–5 pm,9 am–5 pm,9 am–5 pm,9 am–5 pm,9 am–5 pm,9 am–5 pm,9 am–5 pm,"https://www.google.com/maps/search/vein+clinics+in+Hampton+Cove+Huntsville+AL/@34.6673996,-86.4885985,14z",2025-12-16T22:20:24.778Z,,,
"https://www.google.com/maps/place/Robinson+Tommie+M+MD/@34.6581312,-86.490516,17z/data=!3m1!4b1!4m6!3m5!1s0x88621192f9399415:0x75024ff4f06a60d0!8m2!3d34.6581312!4d-86.490516!16s%2Fg%2F12601d_q9",Robinson Tommie M MD,,,Vascular surgeon,"262 Mountain Cove Blvd SE, Owens Cross Roads, AL 35763, United States","MG55+7Q Owens Cross Roads, Alabama, USA",http://www.huntsvillehospital.org/,+1 256-265-0350,,,false,,,,,,,,"https://www.google.com/maps/search/vein+clinics+in+Hampton+Cove+Huntsville+AL/@34.6673996,-86.4885985,14z",2025-12-16T22:20:36.262Z,,,
https://www.google.com/maps/place/Synergy+Med-Spa/data=!4m7!3m6!1s0x886213983c3b8d21:0x1f44dabba1e8c447!8m2!3d34.6734998!4d-86.5375679!16s%2Fg%2F11tdxns16f!19sChIJIY07PJgTYogRR8ToobvaRB8,Synergy Med-Spa,4.8,56,Medical spa,"7105 Bailey Creek Cir SE Suite B, Huntsville, AL 35802, United States","MFF6+9X Huntsville, Alabama, USA",https://synergymedspa.net/,+1 256-763-4154,Closes soon · 5 pm · Opens 9 am Wed,https://lh3.googleusercontent.com/p/AF1QipMF6C8cNkqYmD-H2rG9sORo8cgy92AnUrwRIf9m=w408-h298-k-no,true,9 am–5 pm,9 am–5 pm,9 am–5 pm,9 am–5 pm,Closed,Closed,9 am–5 pm,"https://www.google.com/maps/search/vein+clinics+in+Hampton+Cove+Huntsville+AL/@34.6673996,-86.4885985,14z",2025-12-16T22:20:41.694Z,,,
"https://www.google.com/maps/place/Russell+Brown+Medical+Park/@34.6581036,-86.4905307,17z/data=!3m1!4b1!4m6!3m5!1s0x886211e67d666e6d:0x79ac9082c4bdb515!8m2!3d34.6581036!4d-86.4905307!16s%2Fg%2F11rr2x7qs1",Russell Brown Medical Park,5.0,1,Medical Center,"262 Sutton Rd, Owens Cross Roads, AL 35763, United States","MG55+6Q Owens Cross Roads, Alabama, USA",https://www.huntsvillehospital.org/locations,+1 256-265-1000,Closes soon · 5 pm · Opens 7 am Wed,,true,7 am–5 pm,7 am–5 pm,7 am–5 pm,7 am–5 pm,Closed,Closed,7 am–5 pm,"https://www.google.com/maps/search/vein+clinics+in+Hampton+Cove+Huntsville+AL/@34.6673996,-86.4885985,14z",2025-12-16T22:20:48.443Z,,,
https://www.google.com/maps/place/Decatur+Morgan+Hospital+-+The+Vein+Center/data=!4m7!3m6!1s0x886287772cbf9a47:0x1648200277ab3450!8m2!3d34.590414!4d-86.972417!16s%2Fg%2F11f5tgsz9n!19sChIJR5q_LHeHYogRUDSrdwIgSBY,Decatur Morgan Hospital - The Vein Center,,,Medical office,"1201 7th St SE, Decatur, AL 35601, United States","H2RH+52 Decatur, Alabama, USA",,+1 256-973-2892,,https://streetviewpixels-pa.googleapis.com/v1/thumbnail?panoid=szvbHR5UJ8tV2u9MLZEn6Q&cb_client=search.gws-prod.gps&w=408&h=240&yaw=95.27898&pitch=0&thumbfov=100,true,,,,,,,,"https://www.google.com/maps/search/vein+clinics+in+Decatur+Huntsville+AL/@34.7295497,-86.5853155,14z",2025-12-16T22:21:12.840Z,,,
https://www.google.com/maps/place/Huntsville+Hospital+Physician+Care+at+Hazel+Green/data=!4m7!3m6!1s0x88854bfd15c5525b:0xc0b2537c967405e8!8m2!3d34.9109464!4d-86.5709597!16s%2Fg%2F11qh3qcp2l!19sChIJW1LFFf1LhYgR6AV0lnxTssA,Huntsville Hospital Physician Care at Hazel Green,4.5,50,Family practice physician,"13596 US-431 #4, Hazel Green, AL 35750, United States","WC6H+9J Hazel Green, Alabama, USA",https://www.huntsvillehospital.org/hazel-green-primary-care,+1 256-428-4990,"Closes soon · 5 pm · Opens 8 am Wed

Updated by this business 7 weeks ago",https://streetviewpixels-pa.googleapis.com/v1/thumbnail?panoid=CTNPd0kOB7W4xIByvL-imw&cb_client=search.gws-prod.gps&w=408&h=240&yaw=13.209442&pitch=0&thumbfov=100,true,"8 am–12 pm, 1–5 pm","8 am–12 pm, 1–5 pm","8 am–12 pm, 1–5 pm",8 am–12 pm,Closed,Closed,"8 am–12 pm, 1–5 pm","https://www.google.com/maps/search/vein+clinics+in+Hazel+Green+Huntsville+AL/@34.9323102,-86.5719383,14z",2025-12-16T22:21:40.952Z,,,
https://www.google.com/maps/place/Ideal+Wellness+and+Aesthetics/data=!4m7!3m6!1s0x88623fb8a9fc6cc5:0xf05ada9aa66a3a5a!8m2!3d34.8902268!4d-86.5703833!16s%2Fg%2F11t2fd7n8s!19sChIJxWz8qbg_YogRWjpqppraWvA,Ideal Wellness and Aesthetics,5.0,7,Medical spa,"12935 Hwy 231-431 N, Hazel Green, AL 35750, United States","VCRH+3R Hazel Green, Alabama, USA",http://www.iwamedspa.com/,+1 888-499-9355,Closes soon · 5 pm · Opens 8 am Wed,https://streetviewpixels-pa.googleapis.com/v1/thumbnail?panoid=l8u_i1KPOrqw2-yDsJYYvg&cb_client=search.gws-prod.gps&w=408&h=240&yaw=271.36118&pitch=0&thumbfov=100,true,8 am–5 pm,8 am–5 pm,8 am–5 pm,8 am–5 pm,Closed,Closed,8 am–5 pm,"https://www.google.com/maps/search/vein+clinics+in+Hazel+Green+Huntsville+AL/@34.9323102,-86.5719383,14z",2025-12-16T22:21:45.903Z,,,
"https://www.google.com/maps/place/Huntsville+Hospital+Lab+Patient+Service+Center/@34.9109464,-86.5709597,17z/data=!3m1!4b1!4m6!3m5!1s0x8862395ed4ca43cf:0x30785d69ef7ae5fc!8m2!3d34.9109464!4d-86.5709597!16s%2Fg%2F11p_2fgfw0",Huntsville Hospital Lab Patient Service Center,5.0,12,Laboratory,"13596 US-431 231 Suite 4, Hazel Green, AL 35750, United States","WC6H+9J Hazel Green, Alabama, USA",https://www.huntsvillehospital.org/patient-service-center-locations,+1 256-265-2522,Closed · Opens 7 am Wed,,true,"7 am–12 pm, 1–4 pm","7 am–12 pm, 1–4 pm","7 am–12 pm, 1–4 pm","7 am–12 pm, 1–4 pm",Closed,Closed,"7 am–12 pm, 1–4 pm","https://www.google.com/maps/search/vein+clinics+in+Hazel+Green+Huntsville+AL/@34.9323102,-86.5719383,14z",2025-12-16T22:21:52.748Z,,,
"https://www.google.com/maps/place/Brandi+Harbin,+CRNP/data=!4m7!3m6!1s0x88621287df9aaaab:0x78edd8a43d64dfb9!8m2!3d34.9109464!4d-86.5709598!16s%2Fg%2F11rkj9bn7q!19sChIJq6qa34cSYogRud9kPaTY7Xg","Brandi Harbin, CRNP",4.8,72,Nurse practitioner,"13596 US-231 431 Suite 4, Hazel Green, AL 35750, United States","WC6H+9J Hazel Green, Alabama, USA",https://www.huntsvillehospital.org/hazel-green-primary-care,+1 256-428-4990,"Closes soon · 5 pm · Opens 8 am Wed

Updated by this business 7 weeks ago",https://lh3.googleusercontent.com/p/AF1QipNGb6PaUZB_sghePnVJQ71AXwXwuEmfgXkx9JkR=w426-h240-k-no,true,"8 am–12 pm, 1–5 pm","8 am–12 pm, 1–5 pm","8 am–12 pm, 1–5 pm",8 am–12 pm,Closed,Closed,"8 am–12 pm, 1–5 pm","https://www.google.com/maps/search/vein+clinics+in+Hazel+Green+Huntsville+AL/@34.9323102,-86.5719383,14z",2025-12-16T22:21:57.637Z,,,
https://www.google.com/maps/place/Varicosity+Vein+Center/data=!4m7!3m6!1s0x88891bb620d677ad:0x32a9afee82c6128a!8m2!3d33.4826576!4d-86.78787!16s%2Fg%2F1tnctnw5!19sChIJrXfWILYbiYgRihLGgu6vqTI,Varicosity Vein Center,5.0,284,Surgical center,"2704 20th St S #100, Homewood, AL 35209, United States","F6M6+3V Homewood, Alabama, USA",https://varicosityveincenter.com/?utm_source=google&utm_medium=organic&utm_campaign=gbp&utm_content=homewood,+1 205-592-1800,Closes soon · 5 pm · Opens 7:30 am Wed,https://lh3.googleusercontent.com/p/AF1QipO2wt9v2WTrQ2lGK2lEgfc5KsUrk4unk-I5dBF4=w408-h271-k-no,true,7:30 am–5 pm,7:30 am–5 pm,7:30 am–5 pm,7:30 am–12 pm,Closed,Closed,7:30 am–5 pm,"https://www.google.com/maps/search/vein+clinics+in+Hazel+Green+Huntsville+AL/@34.9323102,-86.5719383,14z",2025-12-16T22:22:02.484Z,,,
"https://www.google.com/maps/place/Northeast+Alabama+Vascular+%26+Vein+Specialist+%E2%80%93+Alan+Willis,+MD/@34.221688,-86.1607098,17z/data=!3m1!4b1!4m6!3m5!1s0x8889f937704d03c5:0x95e44f2f032a94d7!8m2!3d34.221688!4d-86.1607098!16s%2Fg%2F1tr18bcj","Northeast Alabama Vascular & Vein Specialist – Alan Willis, MD",4.3,18,Vascular surgeon,"2505 US-431, Boaz, AL 35957, United States","6RCQ+MP Boaz, Alabama, USA",https://www.mmcenters.com/facilities/northeast-alabama-vascular-vein-specialist,+1 256-894-6800,Closes soon · 5 pm · Opens 7:30 am Wed,,true,7:30 am–5 pm,7:30 am–5 pm,7:30 am–5 pm,7:30 am–2 pm,Closed,Closed,8 am–5 pm,"https://www.google.com/maps/search/vein+clinics+in+Hazel+Green+Huntsville+AL/@34.9323102,-86.5719383,14z",2025-12-16T22:22:09.319Z,,,
https://www.google.com/maps/place/American+Family+Care+Meridianville/data=!4m7!3m6!1s0x88623f89ce2c013f:0xc7528231e289b06f!8m2!3d34.8707742!4d-86.5721295!16s%2Fg%2F1263hfhyc!19sChIJPwEszok_YogRb7CJ4jGCUsc,American Family Care Meridianville,4.6,1965,Urgent care center,"12287 US-231, Meridianville, AL 35759, United States","VCCH+84 Meridianville, Alabama, USA",https://www.afcurgentcare.com/meridianville/,+1 256-828-1154,"Open · Closes 7 pm

Updated by this business 6 weeks ago",https://lh3.googleusercontent.com/p/AF1QipPfzKWr_wiZOjkt8WM9MtObMNwbIkkfueSrvNZ3=w408-h243-k-no,true,8 am–7 pm,8 am–7 pm,8 am–7 pm,8 am–7 pm,9 am–6 pm,9 am–6 pm,8 am–7 pm,"https://www.google.com/maps/search/vein+clinics+in+Hazel+Green+Huntsville+AL/@34.9323102,-86.5719383,14z",2025-12-16T22:22:14.550Z,,LGBTQ+ friendly,
https://www.google.com/maps/place/Azia+Henderson+%7C+Laser+Hair+Removal/data=!4m7!3m6!1s0x88626f2f4a071dfb:0xa2cd087252053f06!8m2!3d34.7198641!4d-86.7072478!16s%2Fg%2F11rkj9g03s!19sChIJ-x0HSi9vYogRBj8FUnIIzaI,Azia Henderson | Laser Hair Removal,5.0,301,Laser hair removal service,"844 Slaughter Rd Suite A, Madison, AL 35758, United States","P79V+W4 Madison, Alabama, USA",https://madisonfamilycare.com/azia-henderson/?utm_source=GBPEprompt,+1 256-722-0555,"Closes soon · 5 pm · Opens 8 am Wed

Updated by this business 10 weeks ago",https://lh3.googleusercontent.com/p/AF1QipOIeJcdPEh61TgBVM9jgC5EMnpjAtgj21R1-vyn=w408-h353-k-no,true,8 am–5 pm,8 am–5 pm,8 am–5 pm,8 am–5 pm,9 am–1 pm,Closed,8 am–5 pm,"https://www.google.com/maps/search/vein+clinics+in+Hazel+Green+Huntsville+AL/@34.9323102,-86.5719383,14z",2025-12-16T22:22:19.487Z,,LGBTQ+ friendly,
https://www.google.com/maps/place/Alabama+Vein+%26+Restoration+Medspa/data=!4m7!3m6!1s0x8889191cc43fbc3d:0xd4bfca5804e058ad!8m2!3d33.3683777!4d-86.8012314!16s%2Fg%2F1tjl6p6_!19sChIJPbw_xBwZiYgRrVjgBFjKv9Q,Alabama Vein & Restoration Medspa,4.9,345,Vascular surgeon,"4721 Chace Cir, Hoover, AL 35244, United States","959X+9G Hoover, Alabama, USA",https://www.alabamaveincenter.com/?utm_source=gmb_auth,+1 205-823-0151,Closes soon · 5 pm · Opens 7:30 am Wed,https://lh3.googleusercontent.com/gps-cs-s/AG0ilSzWywInrexpk66BWre3lyqWhecbgdUtJHvNqnP49vH9Eos9q4G9kRrk0EFzXYHt0go2QayfOLt561eqX88k4o6-fX81KHQVmjqYKdaaiDRNCoYXyRHOB_6HvvycnOOtlXj8-tfi4A=w427-h240-k-no,true,7:30 am–5 pm,7:30 am–5 pm,7:30 am–5 pm,7:30 am–12 pm,Closed,Closed,7:30 am–5 pm,"https://www.google.com/maps/search/vein+clinics+in+Hazel+Green+Huntsville+AL/@34.9323102,-86.5719383,14z",2025-12-16T22:22:24.370Z,,,
https://www.google.com/maps/place/Center+for+Vein+Restoration+%7C+Dr.+Mohamed+Hassan/data=!4m7!3m6!1s0x88890b922ff83935:0xa7d44efa498bd5f4!8m2!3d33.6601151!4d-86.5830992!16s%2Fg%2F11rcncf070!19sChIJNTn4L5ILiYgR9NWLSfpO1Kc,Center for Vein Restoration | Dr. Mohamed Hassan,4.9,118,Vascular surgeon,"7101 Happy Hollow Rd Suite 101, Trussville, AL 35173, United States","MC68+2Q Trussville, Alabama, USA",https://www.centerforvein.com/our-clinics/locations/trussville-alabama,+1 334-259-3580,"Closes soon · 5 pm · Opens 6 am Wed

Updated by this business 4 weeks ago",https://lh3.googleusercontent.com/p/AF1QipPTalATPBQKvByUkKuChfKqpZEjRPdo4Gu4Zh2N=w426-h240-k-no,true,6 am–5 pm,6 am–5 pm,6 am–5 pm,6 am–5 pm,Closed,Closed,6 am–5 pm,"https://www.google.com/maps/search/vein+clinics+in+Hazel+Green+Huntsville+AL/@34.9323102,-86.5719383,14z",2025-12-16T22:22:29.341Z,,,
https://www.google.com/maps/place/Trident+Vein+Center+Spring+Hill/data=!4m7!3m6!1s0x8863795123e0e2f1:0xcd2396817c956fc7!8m2!3d35.7361155!4d-86.9116488!16s%2Fg%2F11mpcv87bw!19sChIJ8eLgI1F5Y4gRx2-VfIGWI80,Trident Vein Center Spring Hill,4.9,224,Medical office,"2040 Reserve Blvd Suite B, Spring Hill, TN 37174, United States","P3PQ+C8 Spring Hill, Tennessee, USA",https://www.tridentvein.com/locations/spring-hill/?utm_campaign=gmb,+1 629-468-3743,Closes soon · 5 pm · Opens 7 am Wed,https://lh3.googleusercontent.com/p/AF1QipOsAYowXah1J6LmwVdGAeW_MR36GVLCbwNbuNlN=w408-h272-k-no,true,7 am–5 pm,7 am–4 pm,7 am–4 pm,7 am–12 pm,Closed,Closed,7 am–5 pm,"https://www.google.com/maps/search/vein+clinics+in+Hazel+Green+Huntsville+AL/@34.9323102,-86.5719383,14z",2025-12-16T22:22:34.239Z,,,
"https://www.google.com/maps/place/Chad+J.+Gilliam,+PA-C/data=!4m7!3m6!1s0x886268d2555074db:0x4687b021221d8ea7!8m2!3d34.7197781!4d-86.7072114!16s%2Fg%2F1tfbtm34!19sChIJ23RQVdJoYogRp44dIiGwh0Y","Chad J. Gilliam, PA-C",4.9,336,Physician assistant,"844 Slaughter Rd Suite A, Madison, AL 35758, United States","P79V+W4 Madison, Alabama, USA",https://madisonfamilycare.com/chad-gilliam/?utm_source=GBPEprompt,+1 256-722-0555,"Closes soon · 5 pm · Opens 8 am Wed

Updated by this business 10 weeks ago",https://lh3.googleusercontent.com/p/AF1QipODSUA8gS6qh_KedFZbuMEFtM-WmWdcUv0af5Jv=w408-h408-k-no,true,8 am–5 pm,8 am–5 pm,8 am–5 pm,8 am–5 pm,9 am–1 pm,Closed,8 am–5 pm,"https://www.google.com/maps/search/vein+clinics+in+Hazel+Green+Huntsville+AL/@34.9323102,-86.5719383,14z",2025-12-16T22:22:39.387Z,,LGBTQ+ friendly,
https://www.google.com/maps/place/Huntsville+Hospital+Heart+Center+Cardiothoracic+Surgeons/data=!4m7!3m6!1s0x88626d24529312f9:0x5caf33d4a727f88a!8m2!3d34.7206953!4d-86.5820748!16s%2Fg%2F11r2rz9ndv!19sChIJ-RKTUiRtYogRivgnp9Qzr1w,Huntsville Hospital Heart Center Cardiothoracic Surgeons,4.9,211,Specialized clinic,"201 Sivley Rd SW UNIT 300, Huntsville, AL 35801, United States","PCC9+75 Huntsville, Alabama, USA",https://www.theheartcenter.md/locations/cardiothoracic-surgeons,+1 256-536-5594,Closes soon · 5 pm · Opens 8 am Wed,https://streetviewpixels-pa.googleapis.com/v1/thumbnail?panoid=ZGFmHM5B2LVHeaDcpTzpjQ&cb_client=search.gws-prod.gps&w=408&h=240&yaw=145.9958&pitch=0&thumbfov=100,true,8 am–5 pm,8 am–5 pm,8 am–5 pm,8 am–5 pm,Closed,Closed,8 am–5 pm,"https://www.google.com/maps/search/vein+clinics+in+Hazel+Green+Huntsville+AL/@34.9323102,-86.5719383,14z",2025-12-16T22:22:44.355Z,,,
https://www.google.com/maps/place/Varicosity+Vein+Center/data=!4m7!3m6!1s0x8889c985a5626fc5:0xf4a1fe48edfcd315!8m2!3d34.1993768!4d-86.80183!16s%2Fg%2F11wtky1yqv!19sChIJxW9ipYXJiYgRFdP87Uj-ofQ,Varicosity Vein Center,,,Medical Center,"Regional Orthopedic and Sports Medicine Complex, 1942 AL-157, Cullman, AL 35058, United States","55XX+Q7 Cullman, Alabama, USA",https://varicosityveincenter.com/locations/cullman/,+1 256-787-2240,Closed · Opens 7:30 am Fri,https://lh3.googleusercontent.com/p/AF1QipMzasqMtiZ7JTY8SSoPwq6zAalf8_PHnuLIHvtz=w426-h240-k-no,true,Closed,Closed,Closed,7:30 am–5 pm,Closed,Closed,Closed,"https://www.google.com/maps/search/vein+clinics+in+Hazel+Green+Huntsville+AL/@34.9323102,-86.5719383,14z",2025-12-16T22:22:48.994Z,,,
https://www.google.com/maps/place/Growing+Younger+Clinic/data=!4m7!3m6!1s0x88626617a34aee83:0xcbc1fa2e44eab136!8m2!3d34.750922!4d-86.753264!16s%2Fg%2F1263pd7nf!19sChIJg-5KoxdmYogRNrHqRC76wcs,Growing Younger Clinic,4.7,300,Medical spa,"8103 Hwy 72 W, Madison, AL 35758, United States","Q62W+9M Madison, Alabama, USA",https://www.growingyoungerclinic.com/,+1 256-325-6398,,https://lh3.googleusercontent.com/p/AF1QipMcyCoMSNXSRWGs_xc4pbtyfYC-UmgWP4o2mTLQ=w408-h306-k-no,true,1–2 pm,1–2 pm,1–2 pm,Closed,Closed,Closed,Closed,"https://www.google.com/maps/search/vein+clinics+in+Hazel+Green+Huntsville+AL/@34.9323102,-86.5719383,14z",2025-12-16T22:22:53.764Z,,LGBTQ+ friendly,
,,,,,,,,,,,,,,,,,,,"https://www.google.com/maps/search/vein+clinics+in+South+Huntsville+Huntsville+AL/@34.7295497,-86.5853155,14z",2025-12-16T22:23:09.265Z,No new results found,,