placeUrl,title,rating,reviewCount,category,address,plusCode,website,phoneNumber,currentStatus,imgUrl,isClaimed,tuesday,wednesday,thursday,friday,saturday,sunday,monday,query,timestamp,info,error,attributes
https://www.google.com/maps/place/Vein+Clinic+of+Monterey+Bay:+Santa+Cruz+Office/data=!4m7!3m6!1s0x808e3fe4d686e79b:0x196145d25158d927!8m2!3d36.9901773!4d-121.9811233!16s%2Fg%2F1tdzrcg_!19sChIJm-eG1uQ_joARJ9lYUdJFYRk,Vein Clinic of Monterey Bay: Santa Cruz Office,5.0,1,Medical clinic,"1668 Dominican Wy, Santa Cruz, CA 95065, United States","X2R9+3H Santa Cruz, California, USA",http://www.veinclinicmb.com/,+1 831-464-9962,Open · Closes 5 pm,https://streetviewpixels-pa.googleapis.com/v1/thumbnail?panoid=I7IZU6EcqUxcuftW8qYx7g&cb_client=search.gws-prod.gps&w=408&h=240&yaw=203.5861&pitch=0&thumbfov=100,false,8:30 am–5 pm,8:30 am–5 pm,8:30 am–5 pm,8:30 am–5 pm,Closed,Closed,8:30 am–5 pm,"https://www.google.com/maps/search/vein+clinics+in+Santa+Cruz+Santa+Cruz+CA/@36.9741275,-122.028807,14z",2025-12-16T22:53:48.497Z,,,
"https://www.google.com/maps/place/South+Bay+Vascular+Center+and+Vein+Institute/@36.9906736,-121.9812749,17z/data=!3m1!4b1!4m6!3m5!1s0x808e3f39eaaa72ef:0x352303b3277543d7!8m2!3d36.9906736!4d-121.9812749!16s%2Fg%2F11mlxbqsml",South Bay Vascular Center and Vein Institute,5.0,1,Vascular surgeon,"1667 Dominican Wy # 130, Santa Cruz, CA 95065, United States","X2R9+7F Santa Cruz, California, USA",https://www.southbayvascular.com/,+1 408-376-3626,"Open · Closes 5 pm

Confirmed by this business 1 week ago",,true,8:30 am–5 pm,8:30 am–5 pm,8:30 am–5 pm,8:30 am–5 pm,Closed,Closed,8:30 am–5 pm,"https://www.google.com/maps/search/vein+clinics+in+Santa+Cruz+Santa+Cruz+CA/@36.9741275,-122.028807,14z",2025-12-16T22:53:55.708Z,,,
https://www.google.com/maps/place/Hill+Vascular+and+Vein+Center/data=!4m7!3m6!1s0x808e3fe11a248d0b:0x56f95288dbde3fda!8m2!3d36.9894131!4d-121.9826962!16s%2Fg%2F11zk4nm1zd!19sChIJC40kGuE_joAR2j_e24hS-VY,Hill Vascular and Vein Center,,,Vascular surgeon,"1595 Soquel Dr # 150, Santa Cruz, CA 95065, United States","X2Q8+QW Santa Cruz, California, USA",https://www.hillvascular.com/,+1 408-770-4455,"Open · Closes 5 pm

Updated by this business 8 weeks ago",https://lh3.googleusercontent.com/p/AF1QipPTQaBRgjt9F9MHmE9o7SvVvMbSBSu07pWqtGAL=w408-h306-k-no,true,8:30 am–5 pm,8:30 am–5 pm,8:30 am–5 pm,8:30 am–5 pm,Closed,Closed,8:30 am–5 pm,"https://www.google.com/maps/search/vein+clinics+in+Santa+Cruz+Santa+Cruz+CA/@36.9741275,-122.028807,14z",2025-12-16T22:54:00.870Z,,,
https://www.google.com/maps/place/Surgical+Associates+of+Monterey+Bay:+Santa+Cruz+Office/data=!4m7!3m6!1s0x808e3fe4d686e79b:0xb9b59ab0c7274b05!8m2!3d36.9901504!4d-121.9810912!16s%2Fg%2F1vwlpc7q!19sChIJm-eG1uQ_joARBUsnx7Catbk,Surgical Associates of Monterey Bay: Santa Cruz Office,4.7,56,Surgical center,"1668 Dominican Wy, Santa Cruz, CA 95065, United States","X2R9+3H Santa Cruz, California, USA",http://www.surgicalassociatesmb.com/,+1 831-464-9962,"Open · Closes 5 pm

Confirmed by this business 5 weeks ago",https://streetviewpixels-pa.googleapis.com/v1/thumbnail?panoid=0wvbgJx6TDe43l_3Fx6mhA&cb_client=search.gws-prod.gps&w=408&h=240&yaw=134.12079&pitch=0&thumbfov=100,true,8:30 am–5 pm,8:30 am–5 pm,8:30 am–5 pm,8:30 am–5 pm,Closed,Closed,8:30 am–5 pm,"https://www.google.com/maps/search/vein+clinics+in+Capitola+Santa+Cruz+CA/@36.9752283,-121.953293,14z",2025-12-16T22:54:16.082Z,,,
"https://www.google.com/maps/place/Louis+C.+Lee,+MD,+FACS/data=!4m7!3m6!1s0x808e3fe4c9f72177:0x95ecff3ef322d98b!8m2!3d36.9901847!4d-121.9810626!16s%2Fg%2F11qgb78p70!19sChIJdyH3yeQ_joARi9ki8z7_7JU","Louis C. Lee, MD, FACS",4.8,19,Surgeon,"1668 Dominican Wy, Santa Cruz, CA 95065, United States","X2R9+3H Santa Cruz, California, USA",http://www.surgicalassociatesmb.com/,+1 831-464-9962,Open · Closes 5 pm,https://lh3.googleusercontent.com/p/AF1QipOzmwyshJBJVL6IIBpIFfG8hvCLoxgdVQj_-PXn=w408-h408-k-no,true,8:30 am–5 pm,8:30 am–5 pm,8:30 am–5 pm,8:30 am–5 pm,Closed,Closed,8:30 am–5 pm,"https://www.google.com/maps/search/vein+clinics+in+Capitola+Santa+Cruz+CA/@36.9752283,-121.953293,14z",2025-12-16T22:54:21.075Z,,,
https://www.google.com/maps/place/Monterey+Bay+Vascular/data=!4m7!3m6!1s0x808e15d981100001:0x694205d3aae2a2e1!8m2!3d36.979449!4d-121.9072636!16s%2Fg%2F11kc8mpbpg!19sChIJAQAQgdkVjoAR4aLiqtMFQmk,Monterey Bay Vascular,4.8,38,Doctor,"3275 Aptos Rancho Rd, Aptos, CA 95003, United States","X3HV+Q3 Aptos, California, USA",https://montereybayvascular.com/contact-us/,+1 831-318-0010,Open · Closes 5 pm,https://lh3.googleusercontent.com/p/AF1QipOebW2TNZlHzSYGamnfsT1ADRGFTrzzOBNWLoPg=w408-h272-k-no,true,8 am–5 pm,8 am–5 pm,8 am–5 pm,8 am–5 pm,Closed,Closed,8 am–5 pm,"https://www.google.com/maps/search/vein+clinics+in+Capitola+Santa+Cruz+CA/@36.9752283,-121.953293,14z",2025-12-16T22:54:32.950Z,,,
https://www.google.com/maps/place/Rejuvenate+Medi-Spa+%26+Wellness/data=!4m7!3m6!1s0x808e41012a5c15dd:0x707d5984d17d5903!8m2!3d36.9727167!4d-121.967612!16s%2Fg%2F11ghtr7ryq!19sChIJ3RVcKgFBjoARA1l90YRZfXA,Rejuvenate Medi-Spa & Wellness,4.9,130,Medical spa,"1595 38th Ave, Capitola, CA 95010, United States","X2FJ+3X Capitola, California, USA",http://www.rejuvenatemedi-spa.com/,+1 831-226-2108,Open · Closes 7:30 pm,https://lh3.googleusercontent.com/p/AF1QipO9A4ju2XD0iH42mIO-12nvxOFawg4Whd_eSi7i=w408-h432-k-no,true,8:30 am–7:30 pm,8:30 am–7:30 pm,8:30 am–6 pm,8:30 am–6 pm,10 am–4 pm,10 am–6 pm,8:30 am–6 pm,"https://www.google.com/maps/search/vein+clinics+in+Capitola+Santa+Cruz+CA/@36.9752283,-121.953293,14z",2025-12-16T22:54:38.034Z,LGBTQ+ friendly,,
https://www.google.com/maps/place/Harbor+Health+Center/data=!4m7!3m6!1s0x808e15135c5a9155:0xd63b84e90087b9b7!8m2!3d36.9733544!4d-121.9601689!16s%2Fg%2F11vr5vkqm2!19sChIJVZFaXBMVjoARt7mHAOmEO9Y,Harbor Health Center,5.0,16,Medical spa,"Suite 105, 4450 Capitola Rd STE 105, Capitola, CA 95010, United States","X2FQ+8W Capitola, California, USA",https://www.harborhealthcenter.com/,+1 831-278-8800,Open · Closes 5 pm,https://streetviewpixels-pa.googleapis.com/v1/thumbnail?panoid=KK3p-062Q-l6ks-mRtZKnQ&cb_client=search.gws-prod.gps&w=408&h=240&yaw=10.148583&pitch=0&thumbfov=100,true,9 am–5 pm,9 am–5 pm,9 am–5 pm,Closed,Closed,Closed,9 am–5 pm,"https://www.google.com/maps/search/vein+clinics+in+Capitola+Santa+Cruz+CA/@36.9752283,-121.953293,14z",2025-12-16T22:54:43.849Z,,,
"https://www.google.com/maps/place/BeWell+IV,+Capitola,+California/data=!4m7!3m6!1s0x808e1526fac52537:0x4ffdbe8a6d404504!8m2!3d36.9733173!4d-121.9640736!16s%2Fg%2F11tggq8zt2!19sChIJNyXF-iYVjoARBEVAbYq-_U8","BeWell IV, Capitola, California",4.9,91,Medical spa,"4140 Capitola Rd, Capitola, CA 95010, United States","X2FP+89 Capitola, California, USA",http://bewelliv.com/,+1 831-854-2004,"Open · Closes 5 pm

Confirmed by phone call 8 weeks ago",https://lh3.googleusercontent.com/gps-cs-s/AG0ilSyqh1FtRDiEhDvMPn1CNIFdrVSdI7241V2ZwsuZc4Zl-zjkPjX9bVAqA7EHzurzEmrn0cT1wI0nc9pgSuqaqu7EDlPJCOfmP_cFxc1_aYss8CpC4BrtypJrwQCltt3WbM6eO80E9A=w408-h544-k-no,true,10 am–5 pm,10 am–5 pm,10 am–5 pm,10 am–5 pm,10 am–5 pm,10 am–5 pm,10 am–5 pm,"https://www.google.com/maps/search/vein+clinics+in+Capitola+Santa+Cruz+CA/@36.9752283,-121.953293,14z",2025-12-16T22:54:49.121Z,,,
https://www.google.com/maps/place/RSMD+Medical+Aesthetics+%28by+Rebecca+Small+MD%29/data=!4m7!3m6!1s0x808e1570875d3997:0xd5369f64e59279cb!8m2!3d36.9820003!4d-121.9559764!16s%2Fg%2F1tzlz5r_!19sChIJlzldh3AVjoARy3mS5WSfNtU,RSMD Medical Aesthetics (by Rebecca Small MD),4.9,109,Medical spa,"828 Bay Ave, Capitola, CA 95010, United States","X2JV+RJ Capitola, California, USA",https://rsmdmedspa.com/,+1 831-475-1077,"Open · Closes 5 pm

Updated by this business 12 weeks ago",https://lh3.googleusercontent.com/p/AF1QipPB9L1uxmREJdnKOssFkB7440p6y-VqlvtIM5xh=w408-h306-k-no,true,9 am–5 pm,9 am–5 pm,9 am–5 pm,9 am–5 pm,Closed,Closed,9 am–5 pm,"https://www.google.com/maps/search/vein+clinics+in+Capitola+Santa+Cruz+CA/@36.9752283,-121.953293,14z",2025-12-16T22:54:54.061Z,LGBTQ+ friendly,,
https://www.google.com/maps/place/Capitola+Center/data=!4m7!3m6!1s0x808e15707d660f75:0x1e8a8875f14a55d7!8m2!3d36.9809701!4d-121.9573984!16s%2Fg%2F11bw65th08!19sChIJdQ9mfXAVjoAR11VK8XWIih4,Capitola Center,4.5,2,Medical clinic,"815 Bay Ave, Capitola, CA 95010, United States","X2JV+92 Capitola, California, USA",https://www.sutterhealth.org/find-location/facility/capitola-center-1043247182,+1 831-460-7333,"Open · Closes 5 pm

Confirmed by this business 5 weeks ago",https://streetviewpixels-pa.googleapis.com/v1/thumbnail?panoid=iN0CmgsM_HK_7K6goGArng&cb_client=search.gws-prod.gps&w=408&h=240&yaw=303.87827&pitch=0&thumbfov=100,true,8 am–5 pm,8 am–5 pm,8 am–5 pm,8 am–5 pm,Closed,Closed,8 am–5 pm,"https://www.google.com/maps/search/vein+clinics+in+Capitola+Santa+Cruz+CA/@36.9752283,-121.953293,14z",2025-12-16T22:54:58.973Z,,,
https://www.google.com/maps/place/West+Cliff+Physical+Therapy+and+Lymphedema+Care/data=!4m7!3m6!1s0x808e6b40830edf4f:0xc5af9734c0f7e2a6!8m2!3d36.9690942!4d-121.9642799!16s%2Fg%2F11nlgfrl5p!19sChIJT98Og0BrjoARpuL3wDSXr8U,West Cliff Physical Therapy and Lymphedema Care,5.0,34,Physical therapist,"1220 41st Ave ste i, Capitola, CA 95010, United States","X29P+J7 Capitola, California, USA",https://westcliffpt.com/,+1 831-225-0776,"Open · Closes 5 pm

Confirmed by phone call 8 weeks ago",https://lh3.googleusercontent.com/p/AF1QipN0qn1Kuvx83_-HyH1zOrEidz9R6efZIKqe3hTB=w408-h272-k-no,true,9 am–5 pm,9 am–5 pm,9 am–5 pm,9 am–3 pm,Closed,Closed,9 am–5 pm,"https://www.google.com/maps/search/vein+clinics+in+Capitola+Santa+Cruz+CA/@36.9752283,-121.953293,14z",2025-12-16T22:55:03.939Z,Identifies as women-owned,,
https://www.google.com/maps/place/Santa+Cruz+Cardiothoracic+Surgery+%26+Infectious+Disease/data=!4m7!3m6!1s0x808e3ffb6dce41db:0x9b7767a332123c02!8m2!3d36.9907288!4d-121.9811973!16s%2Fg%2F11cfd1rqh!19sChIJ20HObfs_joARAjwSMqNnd5s,Santa Cruz Cardiothoracic Surgery & Infectious Disease,,,Medical clinic,"1667 Dominican Wy 2nd 230, Santa Cruz, CA 95065, United States","X2R9+7G Santa Cruz, California, USA",https://www.sutterhealth.org/find-location/facility/santa-cruz-cardiothoracic-surgery-1043247371,+1 831-458-6240,Open · Closes 5 pm,https://lh3.googleusercontent.com/p/AF1QipM6RyJTvvV7i9lxteIhKbO_32avc3ZVHUoq-sII=w427-h240-k-no,true,8 am–5 pm,8 am–5 pm,8 am–5 pm,8 am–5 pm,Closed,Closed,8 am–5 pm,"https://www.google.com/maps/search/vein+clinics+in+Capitola+Santa+Cruz+CA/@36.9752283,-121.953293,14z",2025-12-16T22:55:08.747Z,,,
https://www.google.com/maps/place/Dignity+Health+%E2%80%93+Dominican+Hospital/data=!4m7!3m6!1s0x808e3ffb04e9831b:0x697b6497ef4761f9!8m2!3d36.9895715!4d-121.9837499!16s%2Fm%2F04g3mk5!19sChIJG4PpBPs_joAR-WFH75dke2k,Dignity Health – Dominican Hospital,4.0,935,Hospital,"1555 Soquel Dr, Santa Cruz, CA 95065, United States","X2Q8+RG Santa Cruz, California, USA",https://locations.dignityhealth.org/dominican-hospital,+1 831-462-7700,,https://lh3.googleusercontent.com/p/AF1QipPQDrkaXzIo1yislg9Fy04Xee0-e9Ey9OXIIQJS=w426-h240-k-no,true,Open 24 hours,Open 24 hours,Open 24 hours,Open 24 hours,Open 24 hours,Open 24 hours,Open 24 hours,"https://www.google.com/maps/search/vein+clinics+in+Capitola+Santa+Cruz+CA/@36.9752283,-121.953293,14z",2025-12-16T22:55:13.821Z,,,
https://www.google.com/maps/place/Capitola+Surgery+Center/data=!4m7!3m6!1s0x808e156663c983f5:0xb908769c9d9c4158!8m2!3d36.981388!4d-121.9653611!16s%2Fg%2F11b8b37t8l!19sChIJ9YPJY2YVjoARWEGcnZx2CLk,Capitola Surgery Center,4.5,4,Surgical center,"2265 41st Ave, Capitola, CA 95010, United States","X2JM+HV Capitola, California, USA",http://capitolasurgerycenter.com/,+1 831-462-2252,,https://lh3.googleusercontent.com/gps-cs-s/AG0ilSzJkFJefhb6TRRo0k3Sss_JiY4kuwdopgg_FRaU8THi0J-SiSlZTDE_R6H5Z3X1NrMtMJMyU-G-6RfsFzNk-wS11Qot9ACwlux1o0nV2aOXF63E0hgNF5X9tla2Q5JuwSEPxog4=w408-h306-k-no,false,,,,,,,,"https://www.google.com/maps/search/vein+clinics+in+Capitola+Santa+Cruz+CA/@36.9752283,-121.953293,14z",2025-12-16T22:55:16.740Z,,,
"https://www.google.com/maps/place/Dr.+Rebecca+Small,+MD/data=!4m7!3m6!1s0x808e1570875d3997:0xf722abc7676abf2b!8m2!3d36.9820163!4d-121.956015!16s%2Fg%2F1tfwkl89!19sChIJlzldh3AVjoARK79qZ8erIvc","Dr. Rebecca Small, MD",4.8,26,Medical spa,"828 Bay Ave, Capitola, CA 95010, United States","X2JV+RH Capitola, California, USA",https://www.rsmdmedspa.com/,+1 831-475-1077,Open · Closes 5 pm,https://streetviewpixels-pa.googleapis.com/v1/thumbnail?panoid=vtnxCrlJi3gL1okdEJaRJw&cb_client=search.gws-prod.gps&w=408&h=240&yaw=271.36237&pitch=0&thumbfov=100,true,9 am–5 pm,9 am–5 pm,9 am–5 pm,9 am–5 pm,Closed,Closed,9 am–5 pm,"https://www.google.com/maps/search/vein+clinics+in+Capitola+Santa+Cruz+CA/@36.9752283,-121.953293,14z",2025-12-16T22:55:21.547Z,,,
https://www.google.com/maps/place/ASHLEY+HAUT+AESTHETICS+%7C+formerly+Santa+Cruz+Hydrafacial/data=!4m7!3m6!1s0x808e15bd2e9ebb5b:0x46930e9c91d7d0bf!8m2!3d36.969686!4d-121.9640635!16s%2Fg%2F11ksq3xy0p!19sChIJW7ueLr0VjoARv9DXkZwOk0Y,ASHLEY HAUT AESTHETICS | formerly Santa Cruz Hydrafacial,5.0,16,Skin care clinic,"1220 A 41st Ave STUDIO 11, Capitola, CA 95010, United States","X29P+V9 Capitola, California, USA",https://linktr.ee/ashleyhautaesthetics,+1 831-325-2903,Open · Closes 6 pm,https://lh3.googleusercontent.com/p/AF1QipPV1ZhiGKCsKuCT_8mfqn96EIGQKYzG5iOMuYse=w408-h272-k-no,true,9 am–6 pm,9 am–6 pm,9 am–6 pm,9 am–6 pm,9 am–6 pm,9 am–6 pm,9 am–6 pm,"https://www.google.com/maps/search/vein+clinics+in+Capitola+Santa+Cruz+CA/@36.9752283,-121.953293,14z",2025-12-16T22:55:26.465Z,Identifies as women-owned,,
https://www.google.com/maps/place/Inner+Beauty+Sanctuary/data=!4m7!3m6!1s0x808e157532e89ecf:0x91bfbeefb65f2c95!8m2!3d36.9734273!4d-121.9528103!16s%2Fg%2F11ld5gfl_k!19sChIJz57oMnUVjoARlSxftu--v5E,Inner Beauty Sanctuary,5.0,3,Medical spa,"321 Capitola Ave, Capitola, CA 95010, United States","X2FW+9V Capitola, California, USA",,+1 831-480-3309,Open · Closes 7 pm,https://streetviewpixels-pa.googleapis.com/v1/thumbnail?panoid=9SqVIJZJuN4EfHtkSm0FRg&cb_client=search.gws-prod.gps&w=408&h=240&yaw=215.58528&pitch=0&thumbfov=100,true,9 am–7 pm,9 am–7 pm,9 am–7 pm,9 am–7 pm,10 am–5 pm,Closed,9 am–7 pm,"https://www.google.com/maps/search/vein+clinics+in+Capitola+Santa+Cruz+CA/@36.9752283,-121.953293,14z",2025-12-16T22:55:31.379Z,,,
https://www.google.com/maps/place/Capitola+VA+Clinic/data=!4m7!3m6!1s0x808e156ca656f64b:0x763ce262efe1bebe!8m2!3d36.9705299!4d-121.9642828!16s%2Fg%2F1vqmjlnn!19sChIJS_ZWpmwVjoARvr7h72LiPHY,Capitola VA Clinic,3.7,7,Medical clinic,"1350 41st Ave #102, Capitola, CA 95010, United States","X2CP+67 Capitola, California, USA",https://www.va.gov/palo-alto-health-care/locations/capitola-va-clinic/,+1 831-464-5519,Open · Closes 4:30 pm,https://lh3.googleusercontent.com/p/AF1QipO9ngGeakY_v-K145z5wVufLptF2yTp_BWgkWma=w408-h408-k-no,true,8 am–4:30 pm,8 am–4:30 pm,8 am–4:30 pm,8 am–4:30 pm,Closed,Closed,8 am–4:30 pm,"https://www.google.com/maps/search/vein+clinics+in+Capitola+Santa+Cruz+CA/@36.9752283,-121.953293,14z",2025-12-16T22:55:36.401Z,LGBTQ+ friendly,,
https://www.google.com/maps/place/Derm-Essence/data=!4m7!3m6!1s0x808e3ffb50c20f1d:0xf6d5c6841945dd8d!8m2!3d36.9895577!4d-121.9821381!16s%2Fg%2F1tf6gwd4!19sChIJHQ_CUPs_joARjd1FGYTG1fY,Derm-Essence,4.7,55,Cosmetics industry,"1661 Soquel Dr STE C, Santa Cruz, CA 95065, United States","X2Q9+R4 Santa Cruz, California, USA",http://www.scderm.com/derm-essence.html,+1 831-476-3376,Open · Closes 5 pm,https://streetviewpixels-pa.googleapis.com/v1/thumbnail?panoid=7uPB59_SCfwP-0Th6Uw-0A&cb_client=search.gws-prod.gps&w=408&h=240&yaw=331.9473&pitch=0&thumbfov=100,true,8 am–5 pm,8 am–6:30 pm,8 am–5 pm,8 am–5 pm,Closed,Closed,8 am–5 pm,"https://www.google.com/maps/search/vein+clinics+in+Capitola+Santa+Cruz+CA/@36.9752283,-121.953293,14z",2025-12-16T22:55:41.362Z,,,
https://www.google.com/maps/place/Navigator+Medical+Consultancy/data=!4m7!3m6!1s0x808e40288aae1d51:0x5170d6cd421229b1!8m2!3d36.9727205!4d-121.9676171!16s%2Fg%2F11c58nz2_n!19sChIJUR2uiihAjoARsSkSQs3WcFE,Navigator Medical Consultancy,5.0,4,Doctor,"1595 38th Ave, Capitola, CA 95010, United States","X2FJ+3X Capitola, California, USA",https://www.rejuvenatemedi-spa.com/,+1 831-226-2108,Open · Closes 8 pm,https://lh3.googleusercontent.com/p/AF1QipP_ifjCXOV1qQVUFw_ox6shKGbhXmXWN5jFnp1O=w408-h306-k-no,true,8 am–8 pm,8 am–8 pm,8 am–5 pm,8 am–5 pm,9 am–5 pm,Closed,8 am–5 pm,"https://www.google.com/maps/search/vein+clinics+in+Capitola+Santa+Cruz+CA/@36.9752283,-121.953293,14z",2025-12-16T22:55:46.285Z,,,
https://www.google.com/maps/place/Santa+Cruz+Surgery+Center/data=!4m7!3m6!1s0x808e3ffbee4dfc45:0x30209ac77ee08864!8m2!3d36.9881961!4d-121.9860664!16s%2Fg%2F1tj52v46!19sChIJRfxN7vs_joARZIjgfseaIDA,Santa Cruz Surgery Center,4.1,28,Surgical center,"3003 Paul Sweet Rd, Santa Cruz, CA 95065, United States","X2Q7+7H Santa Cruz, California, USA",http://www.santacruzsurgery.com/,+1 831-462-5512,Open · Closes 5 pm,https://streetviewpixels-pa.googleapis.com/v1/thumbnail?panoid=5C0Z-JgigGltK5FEurO5QA&cb_client=search.gws-prod.gps&w=408&h=240&yaw=301.71014&pitch=0&thumbfov=100,true,7 am–5 pm,7 am–5 pm,7 am–5 pm,7 am–5 pm,Closed,Closed,7 am–5 pm,"https://www.google.com/maps/search/vein+clinics+in+Capitola+Santa+Cruz+CA/@36.9752283,-121.953293,14z",2025-12-16T22:55:51.234Z,,,
https://www.google.com/maps/place/Dr.+Mazen+Hashisho/data=!4m7!3m6!1s0x808df8ab94556bd3:0x24d56a1758dd366a!8m2!3d36.9793893!4d-121.9072016!16s%2Fg%2F11ty7tpn0f!19sChIJ02tVlKv4jYARajbdWBdq1SQ,Dr. Mazen Hashisho,3.7,3,Vascular surgeon,"3275 Aptos Rancho Rd STE 1A, Aptos, CA 95003, United States","X3HV+Q4 Aptos, California, USA",https://montereybayvascular.com/our-physicians/,+1 831-755-4156,,https://streetviewpixels-pa.googleapis.com/v1/thumbnail?panoid=2CU21uv3XNv8ltpNO4E3ig&cb_client=search.gws-prod.gps&w=408&h=240&yaw=349.4438&pitch=0&thumbfov=100,false,,,,,,,,"https://www.google.com/maps/search/vein+clinics+in+Capitola+Santa+Cruz+CA/@36.9752283,-121.953293,14z",2025-12-16T22:55:54.062Z,,,
https://www.google.com/maps/place/VIP+Vein+Center+-+Vascular+interventional+Partners/data=!4m7!3m6!1s0x808e344c9ac5ba99:0xdf66b2fb49de700b!8m2!3d37.2508213!4d-121.9451343!16s%2Fg%2F1tcvznd2!19sChIJmbrFmkw0joARC3DeSfuyZt8,VIP Vein Center - Vascular interventional Partners,5.0,49,Medical clinic,"2410 Samaritan Dr #102, San Jose, CA 95124, United States","7323+8W San Jose, California, USA",http://www.vipveincenter.com/,+1 408-371-8346,Open · Closes 4:30 pm,https://streetviewpixels-pa.googleapis.com/v1/thumbnail?panoid=-YfFNBwyjo1gxNIu2th15w&cb_client=search.gws-prod.gps&w=408&h=240&yaw=139.64326&pitch=0&thumbfov=100,false,8:30 am–4:30 pm,8:30 am–4:30 pm,8:30 am–4:30 pm,8:30 am–4:30 pm,Closed,Closed,8:30 am–4:30 pm,"https://www.google.com/maps/search/vein+clinics+in+Capitola+Santa+Cruz+CA/@36.9752283,-121.953293,14z",2025-12-16T22:55:59.133Z,,,
https://www.google.com/maps/place/Monterey+Bay+Cardiovascular+Center/data=!4m7!3m6!1s0x808e3ffb41775833:0x3135fbcf170fc829!8m2!3d36.9893955!4d-121.9826601!16s%2Fg%2F1td338kl!19sChIJM1h3Qfs_joARKcgPF8_7NTE,Monterey Bay Cardiovascular Center,,,Medical clinic,"1595 Soquel Dr, Santa Cruz, CA 95065, United States","X2Q8+QW Santa Cruz, California, USA",http://www.mbcvc.com/,+1 831-479-9500,Open · Closes 5 pm,https://lh3.googleusercontent.com/p/AF1QipPlBIZq8FXO5-nVNNqv9AQmt-02g_PZ5hC-khK7=w408-h298-k-no,true,9 am–5 pm,9 am–5 pm,9 am–5 pm,9 am–5 pm,Closed,Closed,9 am–5 pm,"https://www.google.com/maps/search/vein+clinics+in+Capitola+Santa+Cruz+CA/@36.9752283,-121.953293,14z",2025-12-16T22:56:03.808Z,,,
https://www.google.com/maps/place/South+Bay+Vascular+Center+and+Vein+Institute/data=!4m7!3m6!1s0x808e34eecfbc0653:0xb9aa2de7f50ba6a5!8m2!3d37.2827373!4d-121.9323641!16s%2Fg%2F1tczkq9n!19sChIJUwa8z-40joARpaYL9ectqrk,South Bay Vascular Center and Vein Institute,4.9,388,Surgical center,"2255 S Bascom Ave STE 200, Campbell, CA 95008, United States","73M9+33 Campbell, California, USA",https://www.southbayvascular.com/,+1 408-376-3626,Open · Closes 5 pm,https://lh3.googleusercontent.com/p/AF1QipMPtz0Psx-UDurZyrIArPhR4NCCyob1Xit38kT_=w408-h304-k-no,true,8:30 am–5 pm,8:30 am–5 pm,8:30 am–5 pm,8:30 am–5 pm,Closed,Closed,8:30 am–5 pm,"https://www.google.com/maps/search/vein+clinics+in+Capitola+Santa+Cruz+CA/@36.9752283,-121.953293,14z",2025-12-16T22:56:08.637Z,,,
https://www.google.com/maps/place/Labcorp/data=!4m7!3m6!1s0x808e3ffb9a97ef8d:0xb56c5c05c174cb06!8m2!3d36.9884562!4d-121.9850338!16s%2Fg%2F11bwdlw4cd!19sChIJje-Xmvs_joARBst0wQVcbLU,Labcorp,4.2,26,Medical laboratory,"1505 Soquel Dr Ste 3, Santa Cruz, CA 95065, United States","X2Q7+9X Santa Cruz, California, USA",https://locations.labcorp.com/ca/santa-cruz/23290/,+1 831-477-0387,"Closes soon · 3:30 pm · Opens 7 am Wed

Updated by this business 2 weeks ago",https://lh3.googleusercontent.com/p/AF1QipOTY8uxy41FxMTplD8IXsQy5HNsPl2FyPHVhm-R=w408-h272-k-no,true,"7 am–12 pm, 1–3:30 pm","7 am–12 pm, 1–3:30 pm","7 am–12 pm, 1–3:30 pm","7 am–12 pm, 1–3:30 pm",Closed,Closed,"7 am–12 pm, 1–3:30 pm","https://www.google.com/maps/search/vein+clinics+in+Capitola+Santa+Cruz+CA/@36.9752283,-121.953293,14z",2025-12-16T22:56:13.713Z,,,
"https://www.google.com/maps/place/Brian+J.+Waddle,+MD,+FACS%E2%80%8B/data=!4m7!3m6!1s0x808e3fe4d686e79b:0xd075738995a06747!8m2!3d36.9901504!4d-121.9810911!16s%2Fg%2F1vljgkhq!19sChIJm-eG1uQ_joARR2eglYlzddA","Brian J. Waddle, MD, FACS​",5.0,12,Surgeon,"1668 Dominican Wy, Santa Cruz, CA 95065, United States","X2R9+3H Santa Cruz, California, USA",http://www.surgicalassociatesmb.com/,+1 831-464-9962,Open · Closes 5 pm,https://lh3.googleusercontent.com/p/AF1QipN3Eiemr8qGRCvP5f38LradlzzJZ6FTbg-VnYd9=w408-h408-k-no,true,8:30 am–5 pm,8:30 am–5 pm,8:30 am–5 pm,8:30 am–5 pm,Closed,Closed,8:30 am–5 pm,"https://www.google.com/maps/search/vein+clinics+in+Capitola+Santa+Cruz+CA/@36.9752283,-121.953293,14z",2025-12-16T22:56:18.619Z,,,
https://www.google.com/maps/place/Pacific+Coast+Aesthetics/data=!4m7!3m6!1s0x808e178c86320b59:0xda01e48298b822db!8m2!3d36.952904!4d-121.876939!16s%2Fg%2F11flc3_ymp!19sChIJWQsyhowXjoAR2yK4mILkAdo,Pacific Coast Aesthetics,5.0,673,Medical spa,"28 Seascape Village, Aptos, CA 95003, United States","X43F+56 Aptos, California, USA",https://pacificcoastaesthetics.com/,+1 831-288-8201,Open · Closes 5 pm,https://lh3.googleusercontent.com/p/AF1QipOYXqHRBNjOhbJrKVxnL3mZNdgxOPhNpeKfSk8p=w408-h319-k-no,true,10 am–5 pm,10 am–5 pm,10 am–7 pm,10 am–5 pm,Closed,Closed,10 am–5 pm,"https://www.google.com/maps/search/vein+clinics+in+Capitola+Santa+Cruz+CA/@36.9752283,-121.953293,14z",2025-12-16T22:56:23.870Z,LGBTQ+ friendly,,
https://www.google.com/maps/place/Santa+Cruz+Med+Spa/data=!4m7!3m6!1s0x808e401966a94d4b:0x120160d8ac502178!8m2!3d36.9783087!4d-122.0269712!16s%2Fg%2F12ll5nbh8!19sChIJS02pZhlAjoAReCFQrNhgARI,Santa Cruz Med Spa,4.5,15,Medical spa,"2030 N Pacific Ave e, Santa Cruz, CA 95060, United States","XXHF+86 Santa Cruz, California, USA",http://santacruzmedspa.com/,+1 831-515-8118,Closed · Opens 12 pm Wed,https://lh3.googleusercontent.com/gps-cs-s/AG0ilSw7AJUITzEdA47-6jBuTvfALcUN2xMk98Vvo_0yIyAvXKu5JYFMQ8CyZ7pBZ-FFv7gjAhZDBAPH-eIVgc53sMUtzpAZDj1PtOLW6ItNJeAPUYZ8k_CUQIJvHmcJk_Iy8CE8WpM=w408-h306-k-no,true,Closed,12–7 pm,Closed,Closed,Closed,Closed,9 am–2 pm,"https://www.google.com/maps/search/vein+clinics+in+Capitola+Santa+Cruz+CA/@36.9752283,-121.953293,14z",2025-12-16T22:56:28.742Z,,,
https://www.google.com/maps/place/Infusion+Center:+Commercial+Crossing+Office:+Palo+Alto+Medical+Foundation/data=!4m7!3m6!1s0x808e3ffca5bb5aad:0xf59f18a1295aebb1!8m2!3d36.988159!4d-121.98226!16s%2Fg%2F1jkvhhd38!19sChIJrVq7pfw_joARsetaKaEYn_U,Infusion Center: Commercial Crossing Office: Palo Alto Medical Foundation,5.0,8,Cancer treatment center,"2850 Commercial Crossing, Santa Cruz, CA 95065, United States","X2Q9+73 Santa Cruz, California, USA",http://www.pamf.org/oncology/?utm_medium=local&utm_source=google_plus-local&utm_campaign=local-Santa-Cruz-PAMF-92,+1 831-460-7355,Open · Closes 5 pm,https://streetviewpixels-pa.googleapis.com/v1/thumbnail?panoid=gCw6luKCoL65xt28MCbmpw&cb_client=search.gws-prod.gps&w=408&h=240&yaw=93.18683&pitch=0&thumbfov=100,true,8 am–5 pm,8 am–5 pm,8 am–5 pm,8 am–5 pm,Closed,Closed,8 am–5 pm,"https://www.google.com/maps/search/vein+clinics+in+Capitola+Santa+Cruz+CA/@36.9752283,-121.953293,14z",2025-12-16T22:56:33.664Z,,,
https://www.google.com/maps/place/Dominican+Hospital+Imaging+%26+Radiology+Department/data=!4m7!3m6!1s0x808e3ffb08a0b36b:0x7a6286ec65cce9cd!8m2!3d36.9898604!4d-121.9839902!16s%2Fg%2F11fxyk32yn!19sChIJa7OgCPs_joARzenMZeyGYno,Dominican Hospital Imaging & Radiology Department,2.6,7,Medical diagnostic imaging center,"1555 Soquel Dr, Santa Cruz, CA 95065, United States","X2Q8+WC Santa Cruz, California, USA",https://locations.dignityhealth.org/dominican-hospital-imaging-&-radiology-department,+1 831-462-7716,Open · Closes 5 pm,https://lh3.googleusercontent.com/p/AF1QipNglKEVblUH22-YCHSyqEDKNgXOa2Lsnw1s2T2j=w426-h240-k-no,true,7:30 am–5 pm,7:30 am–5 pm,7:30 am–5 pm,7:30 am–5 pm,Closed,Closed,7:30 am–5 pm,"https://www.google.com/maps/search/vein+clinics+in+Capitola+Santa+Cruz+CA/@36.9752283,-121.953293,14z",2025-12-16T22:56:38.532Z,,,
https://www.google.com/maps/place/South+Bay+Vascular+Center+%26+Vein+Institute/data=!4m7!3m6!1s0x8091e3d3d5c7bacd:0x38d4e22fe6180110!8m2!3d37.0200053!4d-121.5766451!16s%2Fg%2F11fqtm5brc!19sChIJzbrH1dPjkYAREAEY5i_i1Dg,South Bay Vascular Center & Vein Institute,5.0,1,Surgical center,"8420 Church St, Gilroy, CA 95020, United States","2CCF+28 Gilroy, California, USA",https://www.southbayvascular.com/,+1 408-376-3626,Open · Closes 5 pm,https://streetviewpixels-pa.googleapis.com/v1/thumbnail?panoid=mLaJAXJTFQmjXtbB3vPcIA&cb_client=search.gws-prod.gps&w=408&h=240&yaw=85.65149&pitch=0&thumbfov=100,true,8:30 am–5 pm,8:30 am–5 pm,8:30 am–5 pm,8:30 am–5 pm,Closed,Closed,8:30 am–5 pm,"https://www.google.com/maps/search/vein+clinics+in+Capitola+Santa+Cruz+CA/@36.9752283,-121.953293,14z",2025-12-16T22:56:43.241Z,,,
https://www.google.com/maps/place/Vein+Specialists+of+Monterey+%26+Salinas/data=!4m7!3m6!1s0x808de42667443d05:0xe7197d0baf4f0481!8m2!3d36.5933497!4d-121.8968044!16s%2Fg%2F1vfwd27l!19sChIJBT1EZybkjYARgQRPrwt9Gec,Vein Specialists of Monterey & Salinas,3.3,7,Doctor,"243 El Dorado St Suite 200, Monterey, CA 93940, United States","H4V3+87 Monterey, California, USA",https://www.veinspecialistsofmonterey.com/,+1 831-646-8346,Open · Closes 5 pm,https://streetviewpixels-pa.googleapis.com/v1/thumbnail?panoid=4Eamryp-lMLGiAfViFGs1w&cb_client=search.gws-prod.gps&w=408&h=240&yaw=175.04294&pitch=0&thumbfov=100,true,8:30 am–5 pm,8:30 am–5 pm,8:30 am–5 pm,Closed,Closed,Closed,8:30 am–5 pm,"https://www.google.com/maps/search/vein+clinics+in+Capitola+Santa+Cruz+CA/@36.9752283,-121.953293,14z",2025-12-16T22:56:48.368Z,,,
"https://www.google.com/maps/place/Vein+Clinic+of+Monterey+Bay:+Watsonville+Office/@36.927175,-121.793002,17z/data=!3m1!4b1!4m6!3m5!1s0x808e1b94d82f4d61:0x9e533eba88b4444e!8m2!3d36.927175!4d-121.793002!16s%2Fg%2F11ghn50pdb",Vein Clinic of Monterey Bay: Watsonville Office,,,Pain management physician,"75 Nielson St, Watsonville, CA 95076, United States","W6G4+VQ Watsonville, California, USA",http://www.veinclinicmb.com/,+1 831-464-9962,,,false,,,,,,,,"https://www.google.com/maps/search/vein+clinics+in+Capitola+Santa+Cruz+CA/@36.9752283,-121.953293,14z",2025-12-16T22:56:53.118Z,,,
https://www.google.com/maps/place/VIP+Fibroid+Center/data=!4m7!3m6!1s0x808e344c84b00001:0xf285bf0040279336!8m2!3d37.250821!4d-121.945134!16s%2Fg%2F11h5q8b44f!19sChIJAQCwhEw0joARNpMnQAC_hfI,VIP Fibroid Center,5.0,11,Vascular surgeon,"2410 Samaritan Dr #102, San Jose, CA 95124, United States","7323+8W San Jose, California, USA",https://vipfibroidcenter.com/location/fibroid-center-in-san-jose-ca/,+1 408-371-8346,Open · Closes 4:30 pm,https://streetviewpixels-pa.googleapis.com/v1/thumbnail?panoid=-YfFNBwyjo1gxNIu2th15w&cb_client=search.gws-prod.gps&w=408&h=240&yaw=139.64326&pitch=0&thumbfov=100,true,8:30 am–4:30 pm,8:30 am–4:30 pm,8:30 am–4:30 pm,8:30 am–4:30 pm,Closed,Closed,8:30 am–4:30 pm,"https://www.google.com/maps/search/vein+clinics+in+Scotts+Valley+Santa+Cruz+CA/@37.048345,-122.0168296,14z",2025-12-16T22:57:07.298Z,,,
https://www.google.com/maps/place/Scotts+Valley+El+Rancho+Drive+Center/data=!4m7!3m6!1s0x808e410405f5a3af:0xf23054c4e4e1a260!8m2!3d37.0336122!4d-122.0211113!16s%2Fg%2F11hzsvjm2t!19sChIJr6P1BQRBjoARYKLh5MRUMPI,Scotts Valley El Rancho Drive Center,3.5,11,Medical clinic,"2980 El Rancho Dr, Scotts Valley, CA 95060, United States","2XMH+CH Scotts Valley, California, USA",https://www.sutterhealth.org/find-location/facility/scotts-valley-el-rancho-drive-center-1043247401,+1 831-438-1430,"Open · Closes 5 pm

Confirmed by this business 5 weeks ago",https://streetviewpixels-pa.googleapis.com/v1/thumbnail?panoid=wrwV4WgGhdrYunqRhCNeKw&cb_client=search.gws-prod.gps&w=408&h=240&yaw=109.684845&pitch=0&thumbfov=100,true,8 am–5 pm,8 am–5 pm,8 am–5 pm,8 am–5 pm,Closed,Closed,8 am–5 pm,"https://www.google.com/maps/search/vein+clinics+in+Scotts+Valley+Santa+Cruz+CA/@37.048345,-122.0168296,14z",2025-12-16T22:57:18.941Z,,,
https://www.google.com/maps/place/Santa+Cruz+Medical+Clinic:+Volpe+Janet+M+MD/data=!4m7!3m6!1s0x808e40cabb28ed01:0x7cb5def24ca7cc2d!8m2!3d37.0498498!4d-122.0160641!16s%2Fg%2F1tfrxqjb!19sChIJAe0ou8pAjoARLcynTPLetXw,Santa Cruz Medical Clinic: Volpe Janet M MD,,,Doctor,"Center, 4663 Scotts Valley Dr 2nd Floor, Scotts Valley, CA 95066, United States","2XXM+WH Scotts Valley, California, USA",,+1 831-458-6330,,https://streetviewpixels-pa.googleapis.com/v1/thumbnail?panoid=F255hPCyBbu23quFMTFa-A&cb_client=search.gws-prod.gps&w=408&h=240&yaw=337.90833&pitch=0&thumbfov=100,false,,,,,,,,"https://www.google.com/maps/search/vein+clinics+in+Scotts+Valley+Santa+Cruz+CA/@37.048345,-122.0168296,14z",2025-12-16T22:57:21.609Z,,,
https://www.google.com/maps/place/Santa+Cruz+Can+AM+Med+Group/data=!4m7!3m6!1s0x808e40d27e187aeb:0xd01d4be29294cc26!8m2!3d37.044908!4d-122.0271905!16s%2Fg%2F1260bljdz!19sChIJ63oYftJAjoARJsyUkuJLHdA,Santa Cruz Can AM Med Group,,,Plastic surgeon,"223 Mt Hermon Rd A, Scotts Valley, CA 95066, United States","2XVF+X4 Scotts Valley, California, USA",,+1 831-462-0815,,https://streetviewpixels-pa.googleapis.com/v1/thumbnail?panoid=gIJFSZe2whxoZlkiJ_3YsQ&cb_client=search.gws-prod.gps&w=408&h=240&yaw=311.18173&pitch=0&thumbfov=100,false,,,,,,,,"https://www.google.com/maps/search/vein+clinics+in+Scotts+Valley+Santa+Cruz+CA/@37.048345,-122.0168296,14z",2025-12-16T22:57:24.257Z,,,
https://www.google.com/maps/place/Scotts+Valley+Veterinary+Clinic/data=!4m7!3m6!1s0x808e40cb8b5e382f:0xf6758a35fdac35fc!8m2!3d37.0461012!4d-122.0207115!16s%2Fg%2F1tf2y0hr!19sChIJLzhei8tAjoAR_DWs_TWKdfY,Scotts Valley Veterinary Clinic,4.9,139,Veterinarian,"4257 Scotts Valley Dr, Scotts Valley, CA 95066, United States","2XWH+CP Scotts Valley, California, USA",https://scottsvalleyvet.com/,+1 831-438-2600,Open · Closes 5 pm,https://lh3.googleusercontent.com/gps-cs-s/AG0ilSwBb53iDhq69gKxrUz3lfqDz7UVj-SH_rNEl3N9LnBlRwXuN7XSZYpRaDLcGXFp__k_BHiXH0b2WVNceWeRxvU4sl9-zcaP1EHm9YUiLjyqwAB0PUy_Za6wfY9PSij3A5hrPM6G3g=w426-h240-k-no,true,7:30 am–5 pm,7:30 am–5 pm,7:30 am–5 pm,7:30 am–5 pm,Closed,Closed,7:30 am–5 pm,"https://www.google.com/maps/search/vein+clinics+in+Scotts+Valley+Santa+Cruz+CA/@37.048345,-122.0168296,14z",2025-12-16T22:57:29.177Z,,,
https://www.google.com/maps/place/Vein+Specialty+Medical+Clinic/data=!4m7!3m6!1s0x808e3504dc7c9ae9:0x442df0f31476300e!8m2!3d37.2707004!4d-121.9553931!16s%2Fg%2F1tfj3d4h!19sChIJ6Zp83AQ1joARDjB2FPPwLUQ,Vein Specialty Medical Clinic,5.0,9,Surgical center,"2951 S Winchester Blvd, Campbell, CA 95008, United States","72CV+7R Campbell, California, USA",http://www.veinsweb.com/,+1 408-378-3467,Open · Closes 5 pm,https://lh3.googleusercontent.com/gps-cs-s/AG0ilSwquI0jsNa0t89eA9o1Y_Gp3guu8YhyUYass7o4U9potTwaCMfQSmwxd12Z0UUXftXvCaxqPnU9ix5d4xKacICcFnaImhYKeA5c49yJpkTqK7x9AYGXIvR6Q20YQIKhI0qt7KzM=w408-h544-k-no,true,"9 am–12:30 pm, 2–5 pm","9 am–12:30 pm, 2–5 pm",9:30–11:45 am,9:30–11:45 am,Closed,Closed,"9 am–12:30 pm, 2–5 pm","https://www.google.com/maps/search/vein+clinics+in+Scotts+Valley+Santa+Cruz+CA/@37.048345,-122.0168296,14z",2025-12-16T22:57:34.120Z,,,
https://www.google.com/maps/place/Vein+Treatment+Clinic/data=!4m7!3m6!1s0x808e35e38e2e2515:0xc3978f9ed5ba64d2!8m2!3d37.3021532!4d-121.949502!16s%2Fg%2F11nm9nrtjs!19sChIJFSUujuM1joAR0mS61Z6Pl8M,Vein Treatment Clinic,4.9,133,Medical Center,"1270 S Winchester Blvd # 102, San Jose, CA 95128, United States","8322+V5 San Jose, California, USA",https://www.veintreatmentclinic.com/locations/california/san-jose/?utm_source=google&utm_medium=gmb&utm_campaign=san%20jose%20GMB,+1 669-341-2584,Closed · Opens 9 am Wed,https://lh3.googleusercontent.com/p/AF1QipPJg144WGHbFfVUCyW_1AE3C0pqUIq5WWsaTQ9m=w408-h305-k-no,true,Closed,9 am–7 pm,9 am–7 pm,9 am–7 pm,Closed,Closed,9 am–7 pm,"https://www.google.com/maps/search/vein+clinics+in+Scotts+Valley+Santa+Cruz+CA/@37.048345,-122.0168296,14z",2025-12-16T22:57:39.106Z,,,
https://www.google.com/maps/place/Valley+Oak+Veterinary+Clinic/data=!4m7!3m6!1s0x808e40ca9d4e96a7:0xf90f466a14c92bd5!8m2!3d37.0491998!4d-122.0156601!16s%2Fg%2F1tlbpcpz!19sChIJp5ZOncpAjoAR1SvJFGpGD_k,Valley Oak Veterinary Clinic,5.0,62,Veterinarian,"4650 Scotts Valley Dr, Scotts Valley, CA 95066, United States","2XXM+MP Scotts Valley, California, USA",https://valleyoakvets.com/,+1 831-438-6546,Open · Closes 5 pm,https://lh3.googleusercontent.com/p/AF1QipO-W_F7aerekLweLrnfl3Uulalxq0cei3zioc3a=w408-h306-k-no,true,8 am–5 pm,8 am–6 pm,8 am–6 pm,8 am–6 pm,8 am–6 pm,8 am–6 pm,8 am–5 pm,"https://www.google.com/maps/search/vein+clinics+in+Scotts+Valley+Santa+Cruz+CA/@37.048345,-122.0168296,14z",2025-12-16T22:57:44.239Z,Identifies as women-owned,,
"https://www.google.com/maps/place/Vein+Specialty+Medical+Clinic,+Dr.+Khalil+Fattahi,+MD/data=!4m7!3m6!1s0x808e3504dc7c9ae9:0x80fd6f3f3df45351!8m2!3d37.2706986!4d-121.9553642!16s%2Fg%2F1tdbl6tc!19sChIJ6Zp83AQ1joARUVP0PT9v_YA","Vein Specialty Medical Clinic, Dr. Khalil Fattahi, MD",4.4,27,Doctor,"2951 S Winchester Blvd, Campbell, CA 95008, United States","72CV+7V Campbell, California, USA",http://www.veinsweb.com/,+1 408-378-3467,Open · Closes 5 pm,https://lh3.googleusercontent.com/p/AF1QipMF7CaKBOlmlFq5I7-d9d1-kzS3apYBdOEa2kqI=w408-h270-k-no,true,9 am–5 pm,9 am–5 am,9:30 am–12 pm,9:30–11:30 am,Closed,Closed,9 am–5 pm,"https://www.google.com/maps/search/vein+clinics+in+Scotts+Valley+Santa+Cruz+CA/@37.048345,-122.0168296,14z",2025-12-16T22:57:49.267Z,,,
https://www.google.com/maps/place/Hill+Vascular+and+Vein+Center/data=!4m7!3m6!1s0x808fb5863408cf15:0xfcfadbf225f25276!8m2!3d37.259293!4d-121.947953!16s%2Fg%2F1wc48659!19sChIJFc8INIa1j4ARdlLyJfLb-vw,Hill Vascular and Vein Center,4.8,23,Vascular surgeon,"3803 S Bascom Ave #204, Campbell, CA 95008, United States","7352+PR Campbell, California, USA",https://hillvascular.com/,+1 408-770-4455,Open · Closes 5 pm,https://lh3.googleusercontent.com/p/AF1QipPGItL4lxcArjSAL82PVdJdREVbxKQ-umWy_KbD=w408-h306-k-no,true,8:30 am–5 pm,8:30 am–5 pm,8:30 am–5 pm,8:30 am–5 pm,Closed,Closed,8:30 am–5 pm,"https://www.google.com/maps/search/vein+clinics+in+Scotts+Valley+Santa+Cruz+CA/@37.048345,-122.0168296,14z",2025-12-16T22:57:54.331Z,LGBTQ+ friendly,,
https://www.google.com/maps/place/Stanford+Vascular+and+Vein+Clinic/data=!4m7!3m6!1s0x808fa540de1fc38b:0xab4996d6690a60cd!8m2!3d37.3988195!4d-122.1929233!16s%2Fg%2F11by_lvmlc!19sChIJi8Mf3kClj4ARzWAKadaWSas,Stanford Vascular and Vein Clinic,5.0,5,Medical clinic,"3260 Alpine Rd, Portola Valley, CA 94028, United States","9RX4+GR Portola Valley, California, USA",https://stanfordhealthcare.org/medical-clinics/vascular-vein-clinic.html?cid=clinic%7Clocal%7CGoogle,+1 650-498-8981,,https://streetviewpixels-pa.googleapis.com/v1/thumbnail?panoid=MTDhIkAh1N8r67W8FDZTNQ&cb_client=search.gws-prod.gps&w=408&h=240&yaw=256.02423&pitch=0&thumbfov=100,true,,,,,,,,"https://www.google.com/maps/search/vein+clinics+in+Scotts+Valley+Santa+Cruz+CA/@37.048345,-122.0168296,14z",2025-12-16T22:57:57.388Z,,,
https://www.google.com/maps/place/NorCal+Vein+Specialists/data=!4m7!3m6!1s0x88d9b36f219b0ed5:0x7621459a9324964c!8m2!3d37.6917338!4d-121.930179!16s%2Fg%2F1hm2gg4f2!19sChIJ1Q6bIW-z2YgRTJYkk5pFIXY,NorCal Vein Specialists,4.9,335,Vascular surgeon,"5700 Stoneridge Mall Rd #120, Pleasanton, CA 94588, United States","M3R9+MW Pleasanton, California, USA",https://www.norcalvein.com/specialist-pleasanton-ca/,+1 925-494-0898,Open · Closes 4 pm,https://lh3.googleusercontent.com/p/AF1QipPnBQnrkvEbbaTOniuXU_R6sXHAl20AobiN0A5j=w426-h240-k-no,true,9 am–4 pm,9 am–4 pm,9 am–4 pm,9 am–4 pm,Closed,Closed,9 am–4 pm,"https://www.google.com/maps/search/vein+clinics+in+Scotts+Valley+Santa+Cruz+CA/@37.048345,-122.0168296,14z",2025-12-16T22:58:02.410Z,LGBTQ+ friendly,,
https://www.google.com/maps/place/California+Vein+%26+Vascular+Centers/data=!4m7!3m6!1s0x808e350ca5552c35:0x1f7460407af0552f!8m2!3d37.2299799!4d-121.9819466!16s%2Fg%2F11b7q1lcs1!19sChIJNSxVpQw1joARL1XwekBgdB8,California Vein & Vascular Centers,5.0,2,Vascular surgeon,"246 Saratoga-Los Gatos Rd, Los Gatos, CA 95030, United States","62H9+X6 Los Gatos, California, USA",https://www.cvvcenters.com/,+1 650-209-5843,"Open · Closes 4 pm

Updated by this business 4 weeks ago",https://lh3.googleusercontent.com/p/AF1QipNcvw7EqqJsv4WWNqSoY4AVFxC0sqbrPsYX1n5u=w408-h280-k-no,true,8:30 am–4 pm,8:30 am–4 pm,8:30 am–4 pm,8:30 am–4 pm,Closed,Closed,8:30 am–4 pm,"https://www.google.com/maps/search/vein+clinics+in+Scotts+Valley+Santa+Cruz+CA/@37.048345,-122.0168296,14z",2025-12-16T22:58:07.282Z,,,
https://www.google.com/maps/place/Vein+Treatment+Clinic/data=!4m7!3m6!1s0x808fbb5ec2688013:0x54cb93b85b6b4dee!8m2!3d37.4295552!4d-122.1441123!16s%2Fg%2F11v0tnfsr3!19sChIJE4Bowl67j4AR7k1rW7iTy1Q,Vein Treatment Clinic,5.0,52,Medical Center,"2248 Park Blvd, Palo Alto, CA 94306, United States","CVH4+R9 Palo Alto, California, USA",https://www.veintreatmentclinic.com/locations/california/palo-alto/?utm_source=google&utm_medium=gmb&utm_campaign=palo%20alto%20GMB,+1 650-702-4544,Open · Closes 4 pm,https://lh3.googleusercontent.com/p/AF1QipP39JmzzmSsv3bWyDJCJLswAhtWfAxlaMGISo3A=w408-h305-k-no,true,8 am–4 pm,9 am–7 pm,9 am–7 pm,9 am–7 pm,Closed,Closed,9 am–7 pm,"https://www.google.com/maps/search/vein+clinics+in+Scotts+Valley+Santa+Cruz+CA/@37.048345,-122.0168296,14z",2025-12-16T22:58:12.243Z,,,
,,,,,,,,,,,,,,,,,,,"https://www.google.com/maps/search/vein+clinics+in+Watsonville+Santa+Cruz+CA/@36.910231,-121.7568946,14z",2025-12-16T22:58:29.554Z,,No new results found,
,,,,,,,,,,,,,,,,,,,"https://www.google.com/maps/search/vein+clinics+in+Live+Oak+Santa+Cruz+CA/@36.9835611,-121.9805165,14z",2025-12-16T22:58:44.761Z,,No new results found,
,,,,,,,,,,,,,,,,,,,"https://www.google.com/maps/search/vein+clinics+in+Soquel+Santa+Cruz+CA/@36.9881855,-121.9573713,14z",2025-12-16T22:58:59.639Z,,No new results found,
,,,,,,,,,,,,,,,,,,,"https://www.google.com/maps/search/vein+clinics+in+Felton+Santa+Cruz+CA/@37.0513374,-122.0732973,14z",2025-12-16T22:59:19.087Z,,No new results found,
"https://www.google.com/maps/place/Vein+Clinic+of+Monterey+Bay:+Santa+Cruz+Office/@37.1260578,-122.1221869,14z/data=!4m6!3m5!1s0x808e3fe4d686e79b:0x196145d25158d927!8m2!3d36.9901773!4d-121.9811233!16s%2Fg%2F1tdzrcg_",Vein Clinic of Monterey Bay: Santa Cruz Office,5.0,1,Medical clinic,"1668 Dominican Wy, Santa Cruz, CA 95065, United States","X2R9+3H Santa Cruz, California, USA",http://www.veinclinicmb.com/,+1 831-464-9962,Open · Closes 5 pm,https://streetviewpixels-pa.googleapis.com/v1/thumbnail?panoid=I7IZU6EcqUxcuftW8qYx7g&cb_client=search.gws-prod.gps&w=408&h=240&yaw=203.5861&pitch=0&thumbfov=100,false,8:30 am–5 pm,8:30 am–5 pm,8:30 am–5 pm,8:30 am–5 pm,Closed,Closed,8:30 am–5 pm,"https://www.google.com/maps/search/vein+clinics+in+Boulder+Creek+Santa+Cruz+CA/@37.1260578,-122.1221869,14z",2025-12-16T22:59:27.314Z,,Already found,
https://www.google.com/maps/place/Beauty+Lounge+Med+Spa+Inc./data=!4m7!3m6!1s0x808e171779892a37:0xdb0090a593b1849f!8m2!3d36.97842!4d-121.9003598!16s%2Fg%2F11qgk866g9!19sChIJNyqJeRcXjoARn4Sxk6WQANs,Beauty Lounge Med Spa Inc.,4.9,52,Medical spa,"151 Aptos Vlg Wy Suite 306, Aptos, CA 95003, United States","X3HX+9V Aptos, California, USA",http://www.beautyloungemed.com/,+1 831-251-6264,Closed · Opens 10 am Wed,https://lh3.googleusercontent.com/p/AF1QipOwDGinvsmpLxZUNru_seDzE7li6g3Ow5TvOKtM=w408-h272-k-no,true,10 am–2:30 pm,10 am–5 pm,10 am–5 pm,10 am–2:30 pm,Closed,Closed,10 am–4:30 pm,"https://www.google.com/maps/search/vein+clinics+in+Rio+Del+Mar+Santa+Cruz+CA/@36.9597903,-121.8847222,14z",2025-12-16T22:59:47.992Z,LGBTQ+ friendly,,
https://www.google.com/maps/place/Monterey+Bay+Vascular/data=!4m7!3m6!1s0x808e1593b64db13f:0x4f42967e2efef5be!8m2!3d36.6552695!4d-121.6379707!16s%2Fg%2F11t6967y1r!19sChIJP7FNtpMVjoARvvX-Ln6WQk8,Monterey Bay Vascular,4.8,72,Vascular surgeon,"945 Blanco Cir ste a, Salinas, CA 93901, United States","M946+4R Salinas, California, USA",https://montereybayvascular.com/?utm_campaign=gmb,+1 831-318-0010,Open · Closes 5 pm,https://lh3.googleusercontent.com/p/AF1QipMR-CdoQwad5NxVsI6CZ7dF-ZRmH3Adt0KRGOZY=w408-h306-k-no,true,8 am–5 pm,8 am–5 pm,8 am–5 pm,8 am–5 pm,Closed,Closed,8 am–5 pm,"https://www.google.com/maps/search/vein+clinics+in+Rio+Del+Mar+Santa+Cruz+CA/@36.9597903,-121.8847222,14z",2025-12-16T22:59:57.559Z,,,
https://www.google.com/maps/place/California+Vein+and+Vascular+Center/data=!4m7!3m6!1s0x808e1a5189d3ec0f:0xc26a0f66c45e6214!8m2!3d36.9388791!4d-121.7708586!16s%2Fg%2F11bycl5frp!19sChIJD-zTiVEajoARFGJexGYPasI,California Vein and Vascular Center,,,Surgical center,"243 Green Valley Rd, Freedom, CA 95019, United States","W6QH+HM Freedom, California, USA",http://www.cvvcenters.com/,+1 650-375-2331,Open · Closes 4:30 pm,https://lh3.googleusercontent.com/p/AF1QipOxGvjl4kS_ErgynS_DlFrSEblohxEVKfTGSvo6=w430-h240-k-no,true,8:30 am–4:30 pm,8:30 am–4:30 pm,8:30 am–4:30 pm,8:30 am–4:30 pm,Closed,Closed,8:30 am–4:30 pm,"https://www.google.com/maps/search/vein+clinics+in+Rio+Del+Mar+Santa+Cruz+CA/@36.9597903,-121.8847222,14z",2025-12-16T23:00:02.298Z,,,
https://www.google.com/maps/place/Doctors+on+Duty/data=!4m7!3m6!1s0x808e15eb9aaffcbf:0xd1491a30ed9e07b8!8m2!3d36.9869719!4d-121.9210031!16s%2Fg%2F1td2mql3!19sChIJv_yvmusVjoARuAee7TAaSdE,Doctors on Duty,4.3,68,Walk-in clinic,"6800 Soquel Dr, Aptos, CA 95003, United States","X3PH+QH Aptos, California, USA",https://www.doctorsonduty.com/,+1 831-662-3611,Closed · Opens 9 am Wed,https://lh3.googleusercontent.com/gps-cs-s/AG0ilSymTfI_VAiURWMftQkgrNGPljpQpzlLGuhKaX3RJl2UfzavS3AHGZTpZEOHWfnEzsVU99bRfxfcvSoPBKAAzCBlLv5u4ZTUzJCwA08c8rt3OLC6jpOywsn9mno0tGZCoKoI1-tHqw=w408-h306-k-no,true,9 am–3 pm,9 am–3 pm,8 am–4 pm,8 am–4 pm,Closed,Closed,9 am–3 pm,"https://www.google.com/maps/search/vein+clinics+in+Aptos+Santa+Cruz+CA/@36.9771729,-121.8994016,14z",2025-12-16T23:00:22.488Z,,,
https://www.google.com/maps/place/Aptos+Medical+Aesthetics/data=!4m7!3m6!1s0x808e167ccf31acc7:0xb0060e27bc6b98ed!8m2!3d36.9769168!4d-121.9006775!16s%2Fg%2F11b6hnk_7d!19sChIJx6wxz3wWjoAR7ZhrvCcOBrA,Aptos Medical Aesthetics,4.7,13,Medical spa,"8048 Soquel Dr, Aptos, CA 95003, United States","X3GX+QP Aptos, California, USA",http://www.aptosmedical.com/,+1 831-662-1301,,https://streetviewpixels-pa.googleapis.com/v1/thumbnail?panoid=OEFvVvZfPpEVDJC7NNTuBQ&cb_client=search.gws-prod.gps&w=408&h=240&yaw=205.5129&pitch=0&thumbfov=100,true,,,,,,,,"https://www.google.com/maps/search/vein+clinics+in+Aptos+Santa+Cruz+CA/@36.9771729,-121.8994016,14z",2025-12-16T23:00:25.437Z,,,
"https://www.google.com/maps/place/Alexis+Lane,+MD,+Inc%2F+Your+Natural+Look/data=!4m7!3m6!1s0x808e167855a03d59:0x6775832b74530c15!8m2!3d36.9774434!4d-121.8991175!16s%2Fg%2F1td0b4xz!19sChIJWT2gVXgWjoARFQxTdCuDdWc","Alexis Lane, MD, Inc/ Your Natural Look",5.0,9,Otolaryngology clinic,"8055 Valencia St, Aptos, CA 95003, United States","X4G2+X9 Aptos, California, USA",https://www.sutterhealth.org/find-provider/dr-alexis-lane-1046232215,+1 831-688-8333,Open · Closes 5 pm,https://lh3.googleusercontent.com/p/AF1QipOs1W0SKBbtv1o3-7qQDNszCsluQjFYWUQAsvOd=w408-h272-k-no,true,9 am–5 pm,9 am–5 pm,9 am–5 pm,9 am–2 pm,Closed,Closed,9 am–5 pm,"https://www.google.com/maps/search/vein+clinics+in+Aptos+Santa+Cruz+CA/@36.9771729,-121.8994016,14z",2025-12-16T23:00:30.290Z,,,
https://www.google.com/maps/place/Aptos+Medical+Arts/data=!4m7!3m6!1s0x808e15c5544ee96b:0x99dda19840e47d2a!8m2!3d36.9756256!4d-121.9134856!16s%2Fg%2F1tdl1sx6!19sChIJa-lOVMUVjoARKn3kQJih3Zk,Aptos Medical Arts,3.0,2,Day spa,"245 Sea Ridge Rd STE A, Aptos, CA 95003, United States","X3GP+7J Aptos, California, USA",,+1 831-689-9600,Temporarily closed,https://streetviewpixels-pa.googleapis.com/v1/thumbnail?panoid=O-E_iWez3xhSFcZ7MoyuNQ&cb_client=search.gws-prod.gps&w=408&h=240&yaw=226.21698&pitch=0&thumbfov=100,false,,,,,,,,"https://www.google.com/maps/search/vein+clinics+in+Aptos+Santa+Cruz+CA/@36.9771729,-121.8994016,14z",2025-12-16T23:00:35.080Z,,,
https://www.google.com/maps/place/Ophthalmology+For+Animals/data=!4m7!3m6!1s0x808e3fe1b04647d5:0xa3e7c84cd6e8a0d!8m2!3d36.9777505!4d-121.8989579!16s%2Fg%2F1tklqsl_!19sChIJ1UdGsOE_joARDYpuzYR8Pgo,Ophthalmology For Animals,4.9,64,Veterinarian,"8053 Valencia St, Aptos, CA 95003, United States","X4H2+4C Aptos, California, USA",http://ofora.com/,+1 831-685-3321,Open · Closes 5 pm,https://lh3.googleusercontent.com/p/AF1QipN2pbzMkqUoARH73hf-5wkc7Z8Cjs57gy_mHMHe=w408-h543-k-no,true,9 am–5 pm,9 am–5 pm,9 am–5 pm,9 am–5 pm,Closed,Closed,9 am–5 pm,"https://www.google.com/maps/search/vein+clinics+in+Aptos+Santa+Cruz+CA/@36.9771729,-121.8994016,14z",2025-12-16T23:00:40.227Z,LGBTQ+ friendly,,
,,,,,,,,,,,,,,,,,,,"https://www.google.com/maps/search/vein+clinics+in+La+Selva+Beach+Santa+Cruz+CA/@36.9405963,-121.8590912,14z",2025-12-16T23:01:04.187Z,,No new results found,
https://www.google.com/maps/place/Loch+Lomond+Recreation+Area/data=!4m7!3m6!1s0x808e4623a723e6c1:0x41ae2377c02a5395!8m2!3d37.1108917!4d-122.0645898!16s%2Fg%2F1td00qgy!19sChIJweYjpyNGjoARlVMqwHcjrkE,Loch Lomond Recreation Area,4.7,635,Hiking area,"100 Loch Lomond Way, Felton, CA 95018, United States","4W6P+95 Felton, California, USA",https://www.santacruzca.gov/Things-to-Do/Loch-Lomond,+1 831-335-7424,Open · Closes 7:30 pm,https://lh3.googleusercontent.com/gps-cs-s/AG0ilSxvJRGOGJtJFD00ydsp_WciuMiAqGo-bedlpoRwfGEpzKI3D2xQjl1rrhM1imaJUFToSLZp4-H9JfzOqV0iecv46YD8QRNF0CAJtxPMz-9KsiR2zlwBWiVfYGIk0vZbBHU8XhomRA=w426-h240-k-no,true,7 am–7:30 pm,Closed,7 am–7:30 pm,7 am–7:30 pm,7 am–7:30 pm,7 am–7 pm,7 am–7:30 pm,"https://www.google.com/maps/search/vein+clinics+in+Ben+Lomond+Santa+Cruz+CA/@37.0891143,-122.0863528,14z",2025-12-16T23:01:25.331Z,,,"Scenic 175-acre reservoir park for fishing, boating & hiking (seasonal & can be closed by drought). · Dogs allowed"
https://www.google.com/maps/place/MISS+l+Varicose+Vein+Clinic/data=!4m7!3m6!1s0x808fcb225bd63add:0x60c8f5c8bf11dfd!8m2!3d37.3258495!4d-121.9327066!16s%2Fg%2F11vd61vl7x!19sChIJ3TrWWyLLj4AR_R3xi1yPDAY,MISS l Varicose Vein Clinic,5.0,2,Doctor,"105 N Bascom Ave #104, San Jose, CA 95128, United States","83G8+8W San Jose, California, USA",https://www.arashpadidar.com/varicose-veins.php,+1 408-918-0405,Open · Closes 5 pm,https://lh3.googleusercontent.com/p/AF1QipOZEht_J3sk2BCFgZZAVDBFmHYOjVnwrOXSPUl-=w408-h306-k-no,true,8 am–5 pm,8 am–5 pm,8 am–5 pm,8 am–5 pm,Closed,Closed,8 am–5 pm,"https://www.google.com/maps/search/vein+clinics+in+Ben+Lomond+Santa+Cruz+CA/@37.0891143,-122.0863528,14z",2025-12-16T23:01:30.017Z,,,
https://www.google.com/maps/place/California+Vein+%26+Vascular+Centers/data=!4m7!3m6!1s0x808e20b6d440aa37:0x2d7f3481dc805038!8m2!3d37.154243!4d-121.6454895!16s%2Fg%2F1hm41wzbn!19sChIJN6pA1LYgjoAROFCA3IE0fy0,California Vein & Vascular Centers,5.0,1,Medical clinic,"18511 Mission View Dr, Morgan Hill, CA 95037, United States","5933+MR Morgan Hill, California, USA",https://www.cvvcenters.com/,+1 650-209-5843,Closes soon · 4 pm · Opens 8:30 am Wed,https://streetviewpixels-pa.googleapis.com/v1/thumbnail?panoid=mIY0I7-ktWy9o3GTxazdIA&cb_client=search.gws-prod.gps&w=408&h=240&yaw=241.72946&pitch=0&thumbfov=100,false,8:30 am–4 pm,8:30 am–4 pm,8:30 am–4 pm,8:30 am–4 pm,Closed,Closed,8:30 am–4 pm,"https://www.google.com/maps/search/vein+clinics+in+Ben+Lomond+Santa+Cruz+CA/@37.0891143,-122.0863528,14z",2025-12-16T23:01:34.858Z,,,
https://www.google.com/maps/place/BASS+Vein+Center/data=!4m7!3m6!1s0x808561af873933e3:0x28d07e58dd9a48b5!8m2!3d37.9258473!4d-122.0217666!16s%2Fg%2F11k63xvjyj!19sChIJ4zM5h69hhYARtUia3Vh-0Cg,BASS Vein Center,4.8,781,Vascular surgeon,"2637 Shadelands Dr Suite A, Walnut Creek, CA 94598, United States","WXGH+87 Walnut Creek, California, USA",https://www.bassveincenter.com/?utm_source=google&utm_medium=organic&utm_campaign=gmb&utm_content=business-profile,+1 925-477-3030,Open · Closes 5 pm,https://lh3.googleusercontent.com/p/AF1QipPLGCQOZzE1ynJUYk4Pc7kBLhgn533ez1M4u3ud=w408-h272-k-no,true,9 am–5 pm,9 am–5 pm,9 am–5 pm,9 am–5 pm,Closed,Closed,9 am–5 pm,"https://www.google.com/maps/search/vein+clinics+in+Ben+Lomond+Santa+Cruz+CA/@37.0891143,-122.0863528,14z",2025-12-16T23:01:44.261Z,LGBTQ+ friendly,,
https://www.google.com/maps/place/Dr.+Polyxene+Kokinos/data=!4m7!3m6!1s0x808e34eecfd439c1:0xef753dee709b4a9e!8m2!3d37.2827373!4d-121.9323641!16s%2Fg%2F11p0791b7x!19sChIJwTnUz-40joARnkqbcO49de8,Dr. Polyxene Kokinos,5.0,1,Vascular surgeon,"2255 S Bascom Ave STE 200, Campbell, CA 95008, United States","73M9+33 Campbell, California, USA",https://www.southbayvascular.com/,+1 408-376-3626,Open · Closes 5 pm,https://lh3.googleusercontent.com/p/AF1QipMEG0jNl-AciT4dMXJy08exG8x8MlW43bAKF34_=w408-h272-k-no,true,8:30 am–5 pm,8:30 am–5 pm,8:30 am–5 pm,8:30 am–5 pm,Closed,Closed,8:30 am–5 pm,"https://www.google.com/maps/search/vein+clinics+in+Ben+Lomond+Santa+Cruz+CA/@37.0891143,-122.0863528,14z",2025-12-16T23:01:49.214Z,,,
https://www.google.com/maps/place/Cosmetic+Vein+Treatment:+Los+Gatos+Ctr+%28Winchester%29:+Palo+Alto+Med+Foundation/data=!4m7!3m6!1s0x808e3593f16aac15:0x20f4923bbe5b5504!8m2!3d37.2403134!4d-121.976198!16s%2Fg%2F11b5wnp9__!19sChIJFaxq8ZM1joARBFVbvjuS9CA,Cosmetic Vein Treatment: Los Gatos Ctr (Winchester): Palo Alto Med Foundation,,,Skin care clinic,"15720 Winchester Blvd, Los Gatos, CA 95030, United States","62RF+4G Los Gatos, California, USA",,+1 650-934-7000,Open · Closes 5 pm,https://lh3.googleusercontent.com/gps-cs-s/AG0ilSwmJhYeUIgXyRA2SaebTifgPqCybXyKW43fvd-7j8cSFASqYi0U1Bs3k-y_TA4ZfzCUQ1EnLTwwrB9jHMidfdvv68sHnQhsHKqC90qyHaZFK04FFN9aFt7tmNF184EhyARtwhND=w408-h306-k-no,true,8 am–5 pm,Closed,8 am–5 pm,8 am–5 pm,Closed,Closed,8 am–5 pm,"https://www.google.com/maps/search/vein+clinics+in+Ben+Lomond+Santa+Cruz+CA/@37.0891143,-122.0863528,14z",2025-12-16T23:01:54.074Z,,,
,,,,,,,,,,,,,,,,,,,"https://www.google.com/maps/search/vein+clinics+in+Brookdale+Santa+Cruz+CA/@37.1062446,-122.106181,14z",2025-12-16T23:02:14.083Z,,No new results found,
https://www.google.com/maps/place/One+Point+Six+Aesthetics/data=!4m7!3m6!1s0x808e40204e340001:0xe230b5c0a2403e9f!8m2!3d36.9756373!4d-122.0171972!16s%2Fg%2F11rxh_09ph!19sChIJAQA0TiBAjoARnz5AosC1MOI,One Point Six Aesthetics,5.0,196,Medical spa,"526 Soquel Ave # B, Santa Cruz, CA 95062, United States","XXGM+74 Santa Cruz, California, USA",https://www.onepointsixaesthetics.com/,+1 831-471-8276,Closes soon · 4 pm · Opens 12 pm Wed,https://lh3.googleusercontent.com/p/AF1QipOe930TeHVkmusT4rrWdB66epRkXkx_yU1nLKoT=w408-h611-k-no,true,9 am–4 pm,12–6 pm,9 am–5 pm,9 am–3 pm,Closed,Closed,12–5 pm,"https://www.google.com/maps/search/vein+clinics+in+Paradise+Park+Santa+Cruz+CA/@37.0049663,-122.0420248,14z",2025-12-16T23:02:34.267Z,,,
https://www.google.com/maps/place/Sutter+Urgent+Care/data=!4m7!3m6!1s0x808e4001663972d3:0xfbaf0fd39f25893d!8m2!3d36.9824679!4d-121.9977967!16s%2Fg%2F1tdwvy3h!19sChIJ03I5ZgFAjoARPYkln9MPr_s,Sutter Urgent Care,4.5,982,Urgent care center,"2025 Soquel Ave 2nd Floor, Santa Cruz, CA 95062, United States","X2J2+XV Santa Cruz, California, USA",https://www.sutterhealth.org/find-location/facility/1043246611,+1 831-458-5537,"Open · Closes 8 pm

Confirmed by this business 5 weeks ago",https://lh3.googleusercontent.com/gps-cs-s/AG0ilSxzgVIH_5jWFFmXhRwirAk8WeyHaPUAHW7LYN4VdTkLNG2oPFVHRDfsblf1wWl1dVfQMXMzRoAe1lLvr7JTd3PWJeM30leVQxqEBKNxu8ZR1sW7-B0Clut9gGCXV1Qz8PE2C3kTOg=w408-h320-k-no,true,8 am–8 pm,8 am–8 pm,8 am–8 pm,8 am–8 pm,8 am–8 pm,8 am–8 pm,8 am–8 pm,"https://www.google.com/maps/search/vein+clinics+in+Paradise+Park+Santa+Cruz+CA/@37.0049663,-122.0420248,14z",2025-12-16T23:02:39.336Z,,,
https://www.google.com/maps/place/Ivy+Wellness+Center/data=!4m7!3m6!1s0x808e401cd55e78f5:0x986e8bc3beec1ef5!8m2!3d36.9794331!4d-122.0041234!16s%2Fg%2F1tf5kwp4!19sChIJ9Xhe1RxAjoAR9R7svsOLbpg,Ivy Wellness Center,5.0,13,Wellness center,"612 Frederick St, Santa Cruz, CA 95062, United States","XXHW+Q9 Santa Cruz, California, USA",http://www.ivywellnesscenter.com/,+1 831-426-5460,Open · Closes 5 pm,https://lh3.googleusercontent.com/gps-cs-s/AG0ilSyCr-7yUAKmlj-xYoENSLPJHAfNVAJOweEQO6o63wOCF90WVU6ghqaXTYq13gcKnWndXvdkZnVbiFuY9mjUmXWv5etokM6GryIJCDnTiwNr1yZjO6EH5eEuq_m3gdx_xTvEpMn1mWThDY7H=w408-h306-k-no,true,10 am–5 pm,10 am–5 pm,10 am–5 pm,10 am–5 pm,12–3 pm,Closed,10 am–5 pm,"https://www.google.com/maps/search/vein+clinics+in+Paradise+Park+Santa+Cruz+CA/@37.0049663,-122.0420248,14z",2025-12-16T23:02:44.256Z,,,
"https://www.google.com/maps/place/Dr.+Joseph+M.+Fabry,+MD/data=!4m7!3m6!1s0x808e4001663972d3:0x865925591db1d005!8m2!3d36.9822978!4d-121.9977542!16s%2Fg%2F1v_snggk!19sChIJ03I5ZgFAjoARBdCxHVklWYY","Dr. Joseph M. Fabry, MD",,,Vascular surgeon,"2025 Soquel Ave, Santa Cruz, CA 95062, United States","X2J2+WV Santa Cruz, California, USA",,+1 831-423-4111,,https://streetviewpixels-pa.googleapis.com/v1/thumbnail?panoid=0_yHsHVIrXAoqHV94rs40w&cb_client=search.gws-prod.gps&w=408&h=240&yaw=110.4846&pitch=0&thumbfov=100,false,,,,,,,,"https://www.google.com/maps/search/vein+clinics+in+Paradise+Park+Santa+Cruz+CA/@37.0049663,-122.0420248,14z",2025-12-16T23:02:47.000Z,,,
,,,,,,,,,,,,,,,,,,,"https://www.google.com/maps/search/vein+clinics+in+Santa+Cruz+Gardens+Santa+Cruz+CA/@37.0038004,-121.9778441,14z",2025-12-16T23:03:02.100Z,,No new results found,
https://www.google.com/maps/place/Laser+Nail+Therapy/data=!4m7!3m6!1s0x808e3344fc878d0b:0xd577040938d8cea9!8m2!3d37.27621!4d-121.878295!16s%2Fg%2F11rhwg26qm!19sChIJC42H_EQzjoARqc7YOAkEd9U,Laser Nail Therapy,5.0,1,Medical clinic,"3150 Almaden Expy #205, San Jose, CA 95118, United States","74GC+FM San Jose, California, USA",https://lasernailtherapy.com/,+1 408-610-2188,Open · Closes 9 pm,https://lh3.googleusercontent.com/p/AF1QipN_HS2ywI8NeKaUm4WSLbh9yiPI-Sl7T98IbekE=w408-h306-k-no,true,7 am–9 pm,7 am–9 pm,7 am–9 pm,7 am–9 pm,7 am–9 pm,7 am–9 pm,7 am–9 pm,"https://www.google.com/maps/search/vein+clinics+in+Zayante+Santa+Cruz+CA/@37.092043,-122.0434568,14z",2025-12-16T23:03:16.089Z,LGBTQ+ friendly,,
,,,,,,,,,,,,,,,,,,,"https://www.google.com/maps/search/vein+clinics+in+Corralitos+Santa+Cruz+CA/@36.988562,-121.8063418,14z",2025-12-16T23:03:47.689Z,,No new results found,
https://www.google.com/maps/place/Mount+Hermon+Adventures/data=!4m7!3m6!1s0x808e46c6a7c352ff:0x5cd98e490101d021!8m2!3d37.0522518!4d-122.0558202!16s%2Fg%2F12hkgm139!19sChIJ_1LDp8ZGjoARIdABAUmO2Vw,Mount Hermon Adventures,4.8,894,Outdoor activity organiser,"17 Conference Dr, Felton, CA 95018, United States","3W2V+WM Felton, California, USA",https://mounthermonadventures.com/,+1 831-430-4357,"Closed · Opens 9 am Wed

Updated by this business 3 weeks ago",https://lh3.googleusercontent.com/p/AF1QipNCzO7rLfW4BRcP6XTe8dug_uFYY6oSc2jGjx4R=w408-h510-k-no,true,Closed,9 am–4:30 pm,10 am–12:30 pm,9:45 am–3:15 pm,9:15 am–3:45 pm,10:45 am–5 pm,9:15 am–3:30 pm,"https://www.google.com/maps/search/vein+clinics+in+Mount+Hermon+Santa+Cruz+CA/@37.0525246,-122.0543268,14z",2025-12-16T23:04:08.858Z,,,
https://www.google.com/maps/place/Mount+Hermon+Camp+%26+Conference+Center/data=!4m7!3m6!1s0x808e46c720618afd:0x86fdc799e5cfbcae!8m2!3d37.0516379!4d-122.0579701!16s%2Fg%2F1tfydtbh!19sChIJ_YphIMdGjoARrrzP5ZnH_YY,Mount Hermon Camp & Conference Center,4.9,526,Conference center,"37 Conference Dr, Mt Hermon, CA 95018, United States","3W2R+MR Mt Hermon, California, USA",https://www.mounthermon.org/,+1 831-335-4466,Open · Closes 5 pm,https://lh3.googleusercontent.com/p/AF1QipOQzZFWqoIKl6tuy6Fsr255PQEqSEzBs0iZ84bD=w426-h240-k-no,true,8 am–5 pm,8 am–5 pm,8 am–5 pm,8 am–5 pm,Closed,Closed,8 am–5 pm,"https://www.google.com/maps/search/vein+clinics+in+Mount+Hermon+Santa+Cruz+CA/@37.0525246,-122.0543268,14z",2025-12-16T23:04:13.938Z,,,
,,,,,,,,,,,,,,,,,,,"https://www.google.com/maps/search/vein+clinics+in+Lompico+Santa+Cruz+CA/@37.0993205,-122.0474732,14z",2025-12-16T23:04:33.723Z,,No new results found,
https://www.google.com/maps/place/Duke+Vascular/data=!4m7!3m6!1s0x808e6a768099f1cd:0x70c0b48dbeba4ced!8m2!3d36.9594094!4d-122.0550882!16s%2Fg%2F11gs5_vdrf!19sChIJzfGZgHZqjoAR7Uy6vo20wHA,Duke Vascular,,,Medical clinic,"2829 Mission St, Santa Cruz, CA 95060, United States","XW5V+QX Santa Cruz, California, USA",http://dukevascular.com/,+1 888-780-3853,,https://streetviewpixels-pa.googleapis.com/v1/thumbnail?panoid=2C44tk2bpAgP96Bqrft7Iw&cb_client=search.gws-prod.gps&w=408&h=240&yaw=175.86331&pitch=0&thumbfov=100,false,,,,,,,,"https://www.google.com/maps/search/vein+clinics+in+Branciforte+Santa+Cruz+CA/@36.9741275,-122.028807,14z",2025-12-16T23:04:44.780Z,,,
"https://www.google.com/maps/place/Jessica+Santillano,+MD,+FACS/data=!4m7!3m6!1s0x808e3fe4c9f72177:0xe983f317cf5074e7!8m2!3d36.9901847!4d-121.9810626!16s%2Fg%2F11rwxf_1_s!19sChIJdyH3yeQ_joAR53RQzxfzg-k","Jessica Santillano, MD, FACS",5.0,21,Surgeon,"1668 Dominican Wy, Santa Cruz, CA 95065, United States","X2R9+3H Santa Cruz, California, USA",http://www.surgicalassociatesmb.com/,+1 831-464-9962,Open · Closes 5 pm,https://streetviewpixels-pa.googleapis.com/v1/thumbnail?panoid=0wvbgJx6TDe43l_3Fx6mhA&cb_client=search.gws-prod.gps&w=408&h=240&yaw=123.555595&pitch=0&thumbfov=100,true,8:30 am–5 pm,8:30 am–5 pm,8:30 am–5 pm,8:30 am–5 pm,Closed,Closed,8:30 am–5 pm,"https://www.google.com/maps/search/vein+clinics+in+Branciforte+Santa+Cruz+CA/@36.9741275,-122.028807,14z",2025-12-16T23:04:49.803Z,,,
"https://www.google.com/maps/place/Shilpa+Vichare,+MS,+PA-C/data=!4m7!3m6!1s0x808e3f52f4d35d31:0xe3e2c795e9141884!8m2!3d36.9895577!4d-121.9821381!16s%2Fg%2F11y5grvmcc!19sChIJMV3T9FI_joARhBgU6ZXH4uM","Shilpa Vichare, MS, PA-C",5.0,55,Medical spa,"1661 Soquel Dr STE C, Santa Cruz, CA 95065, United States","X2Q9+R4 Santa Cruz, California, USA",https://www.scderm.com/derm-essence,+1 831-476-2444,,https://streetviewpixels-pa.googleapis.com/v1/thumbnail?panoid=7uPB59_SCfwP-0Th6Uw-0A&cb_client=search.gws-prod.gps&w=408&h=240&yaw=331.9473&pitch=0&thumbfov=100,true,,,,,,,,"https://www.google.com/maps/search/vein+clinics+in+Branciforte+Santa+Cruz+CA/@36.9741275,-122.028807,14z",2025-12-16T23:04:52.852Z,,,
https://www.google.com/maps/place/Coastal+Cardiac+Surgery/data=!4m7!3m6!1s0x808e3ffb6dce41db:0x85bc8ea93d24f77e!8m2!3d36.9894008!4d-121.9832293!16s%2Fg%2F1tmpw680!19sChIJ20HObfs_joARfvckPamOvIU,Coastal Cardiac Surgery,,,Cardiovascular and thoracic surgeon,"1575 Soquel Dr # C, Santa Cruz, CA 95065, United States","X2Q8+QP Santa Cruz, California, USA",,+1 831-475-7530,,https://streetviewpixels-pa.googleapis.com/v1/thumbnail?panoid=wSzrmEjzH5CPZRtncsn-RQ&cb_client=search.gws-prod.gps&w=408&h=240&yaw=307.0171&pitch=0&thumbfov=100,false,,,,,,,,"https://www.google.com/maps/search/vein+clinics+in+Branciforte+Santa+Cruz+CA/@36.9741275,-122.028807,14z",2025-12-16T23:04:55.470Z,,,
https://www.google.com/maps/place/Dignity+Health+Medical+Group+-+Dominican+-+Plastic+Surgery/data=!4m7!3m6!1s0x808e3ffb419f21cf:0x8270ca7d64b9cfb0!8m2!3d36.9893973!4d-121.9826455!16s%2Fg%2F11cm078_gj!19sChIJzyGfQfs_joARsM-5ZH3KcII,Dignity Health Medical Group - Dominican - Plastic Surgery,,,Plastic surgery clinic,"1595 Soquel Dr #310, Santa Cruz, CA 95065, United States","X2Q8+QW Santa Cruz, California, USA",https://www.dignityhealth.org/dhmf/locations/santa-cruz-plastic-surgery,+1 831-464-8880,Open · Closes 5 pm,https://streetviewpixels-pa.googleapis.com/v1/thumbnail?panoid=dDnWd-2cEBM6tyeNnqY3ew&cb_client=search.gws-prod.gps&w=408&h=240&yaw=9.735447&pitch=0&thumbfov=100,true,8:30 am–5 pm,8:30 am–5 pm,8:30 am–5 pm,8:30 am–5 pm,Closed,Closed,8:30 am–5 pm,"https://www.google.com/maps/search/vein+clinics+in+Branciforte+Santa+Cruz+CA/@36.9741275,-122.028807,14z",2025-12-16T23:05:00.547Z,,,