placeUrl,title,rating,reviewCount,category,address,plusCode,website,phoneNumber,currentStatus,imgUrl,isClaimed,wednesday,thursday,friday,saturday,sunday,monday,tuesday,query,timestamp,error
"https://www.google.com/maps/place/Sycamore+Pain+%26+Wellness,+a+service+of+Horizon+Health/data=!4m7!3m6!1s0x886d71fc103b12a3:0xe4bf1f407f52b830!8m2!3d39.4488863!4d-87.3312128!16s%2Fg%2F11rk8lh8xm!19sChIJoxI7EPxxbYgRMLhSf0Afv-Q","Sycamore Pain & Wellness, a service of Horizon Health",4.9,968,Pain management physician,"1378 IN-46, Terre Haute, IN 47803, United States","CMX9+HG Terre Haute, Indiana, USA",https://www.myhorizonhealth.org/sycamore-pain-wellness/?utm_source=GMBSocialClimb&utm_medium=SycamorePain%26Wellness%2CaserviceofHorizonHealth,+1 812-877-3310,Open · Closes 5 pm,https://lh3.googleusercontent.com/p/AF1QipMegu7otSj3GK1dc-70lLSxrGG81Wn7UVm-721W=w426-h240-k-no,true,8 am–5 pm,8 am–5 pm,8 am–5 pm,Closed,Closed,8 am–5 pm,8 am–5 pm,"https://www.google.com/maps/search/pain+management+physician+in+Crawfordsville+Terra+Haute+IN/@39.4654441,-87.4139427,14z",2026-01-28T19:32:14.031Z,
"https://www.google.com/maps/place/Thomas+Pendergast,+MD/data=!4m7!3m6!1s0x886d6516c9e87227:0x8c6568f7ff542a6c!8m2!3d39.4495636!4d-87.3321249!16s%2Fg%2F1vntkmxk!19sChIJJ3LoyRZlbYgRbCpU__doZYw","Thomas Pendergast, MD",4.9,246,Pain management physician,"1378 IN-46, Terre Haute, IN 47803, United States","CMX9+R5 Terre Haute, Indiana, USA","https://www.myhorizonhealth.org/find-a-doctor/thomas-pendergast-md/?utm_source=GMBSocialClimb&utm_medium=ThomasPendergast,MD",+1 812-877-3310,Open · Closes 5 pm,https://lh3.googleusercontent.com/p/AF1QipOe86jPgfaFlAYZ1GQDLCHHbI3PTsuBc9HsraQ7=w408-h507-k-no,true,8 am–5 pm,8 am–5 pm,8 am–5 pm,Closed,Closed,8 am–5 pm,8 am–5 pm,"https://www.google.com/maps/search/pain+management+physician+in+Crawfordsville+Terra+Haute+IN/@39.4654441,-87.4139427,14z",2026-01-28T19:32:19.522Z,
"https://www.google.com/maps/place/Daxton+Duncan,+APRN,+FNP/data=!4m7!3m6!1s0x886d7130d4188c7b:0xe129022079a4ea25!8m2!3d39.4492978!4d-87.3320057!16s%2Fg%2F11rpdbxrss!19sChIJe4wY1DBxbYgRJeqkeSACKeE","Daxton Duncan, APRN, FNP",4.9,207,Pain management physician,"1378 IN-46, Terre Haute, IN 47803, United States","CMX9+P5 Terre Haute, Indiana, USA",https://www.myhorizonhealth.org/find-a-doctor/daxton-duncan-aprn-fnp/?utm_source=GMBSocialClimb&utm_medium=DaxtonDuncan%2CAPRN%2CFNP,+1 812-877-3310,Open · Closes 5 pm,https://lh3.googleusercontent.com/p/AF1QipMLQxRGHwkrfo93Gxuf_P5ZZ3FOq9vqd7u-jI89=w408-h513-k-no,true,8 am–5 pm,8 am–5 pm,8 am–5 pm,Closed,Closed,8 am–5 pm,8 am–5 pm,"https://www.google.com/maps/search/pain+management+physician+in+Crawfordsville+Terra+Haute+IN/@39.4654441,-87.4139427,14z",2026-01-28T19:32:24.857Z,
https://www.google.com/maps/place/Wellspring+Pain+Solutions+-+Terre+Haute/data=!4m7!3m6!1s0x886d7b19cfd33dc1:0xc8f423325e7b6070!8m2!3d39.421042!4d-87.4125058!16s%2Fg%2F11ry8kzvn8!19sChIJwT3Tzxl7bYgRcGB7XjIj9Mg,Wellspring Pain Solutions - Terre Haute,4.7,29,Pain control clinic,"3740 S 4th St, Terre Haute, IN 47802, United States","CHCP+CX Terre Haute, Indiana, USA",https://wellspringpainsolutions.com/wellspring-pain-solutions-terre-haute-in/,+1 812-238-3030,Open · Closes 4 pm,https://streetviewpixels-pa.googleapis.com/v1/thumbnail?panoid=WIMlu3DJ3ZCWYIbFfA-2PA&cb_client=search.gws-prod.gps&w=408&h=240&yaw=118.12775&pitch=0&thumbfov=100,true,8 am–4 pm,Closed,Closed,Closed,Closed,8 am–4 pm,Closed,"https://www.google.com/maps/search/pain+management+physician+in+Crawfordsville+Terra+Haute+IN/@39.4654441,-87.4139427,14z",2026-01-28T19:32:29.682Z,
https://www.google.com/maps/place/Union+Medical+Group+Pain+Clinic/data=!4m7!3m6!1s0x886d65b018ebd2d7:0x152baf793e303663!8m2!3d39.4841032!4d-87.4085882!16s%2Fg%2F11j0d949s3!19sChIJ19LrGLBlbYgRYzYwPnmvKxU,Union Medical Group Pain Clinic,5.0,4,Pain management physician,"1513 N 6th 1/2 St, Terre Haute, IN 47804, United States","FHMR+JH Terre Haute, Indiana, USA",http://myunionhealth.org/,+1 812-231-4797,Open · Closes 5 pm,https://lh3.googleusercontent.com/p/AF1QipM7mt0meWIpyw1GTJRK0cQ_g5d0fNYlYKGAiEVS=w408-h273-k-no,true,8 am–5 pm,8 am–5 pm,8 am–5 pm,8 am–5 pm,Closed,8 am–5 pm,8 am–5 pm,"https://www.google.com/maps/search/pain+management+physician+in+Crawfordsville+Terra+Haute+IN/@39.4654441,-87.4139427,14z",2026-01-28T19:32:34.580Z,
"https://www.google.com/maps/place/Robin+Smiddy,+APRN,+FNP/data=!4m7!3m6!1s0x886d715d476e274b:0x96be06d985b9ead7!8m2!3d39.4495636!4d-87.3321249!16s%2Fg%2F11sl61q067!19sChIJSyduR11xbYgR1-q5hdkGvpY","Robin Smiddy, APRN, FNP",4.8,156,Pain management physician,"1378 IN-46, Terre Haute, IN 47803, United States","CMX9+R5 Terre Haute, Indiana, USA",https://www.myhorizonhealth.org/find-a-doctor/robin-smiddy-aprn-fnp/?utm_source=GMBSocialClimb&utm_medium=RobinSmiddy%2CAPRN%2CFNP,+1 812-877-3310,Open · Closes 5 pm,https://lh3.googleusercontent.com/p/AF1QipMckUEskmFjbi1z70IV7Jxx-Wy4TSyeXqlNDBqi=w408-h517-k-no,true,8 am–5 pm,8 am–5 pm,8 am–5 pm,Closed,Closed,8 am–5 pm,8 am–5 pm,"https://www.google.com/maps/search/pain+management+physician+in+Crawfordsville+Terra+Haute+IN/@39.4654441,-87.4139427,14z",2026-01-28T19:32:39.475Z,
https://www.google.com/maps/place/Dr.+Irving+Haber/data=!4m7!3m6!1s0x886d65e01746959f:0xc544123fd878c131!8m2!3d39.4875872!4d-87.4145494!16s%2Fg%2F11fj5ng3c2!19sChIJn5VGF-BlbYgRMcF42D8SRMU,Dr. Irving Haber,4.0,44,Pain management physician,"1818 N 3rd St, Terre Haute, IN 47804, United States","FHQP+25 Terre Haute, Indiana, USA",https://rymap.org/business/dr-irving-haber-cqnbk9,+1 812-478-9494,Open · Closes 5 pm,https://streetviewpixels-pa.googleapis.com/v1/thumbnail?panoid=v5e_w5TWeKp445CDL-Ds9g&cb_client=search.gws-prod.gps&w=408&h=240&yaw=238.37471&pitch=0&thumbfov=100,true,9 am–5 pm,9 am–5 pm,9 am–5 pm,Closed,Closed,9 am–5 pm,9 am–5 pm,"https://www.google.com/maps/search/pain+management+physician+in+Crawfordsville+Terra+Haute+IN/@39.4654441,-87.4139427,14z",2026-01-28T19:32:44.218Z,
"https://www.google.com/maps/place/Kacy+Jo+Rogers,+APRN,+FNP,+CNPM/data=!4m7!3m6!1s0x886d711e288de0f9:0xc84e5dfc293f03ad!8m2!3d39.4495636!4d-87.3321249!16s%2Fg%2F11pyc14tb0!19sChIJ-eCNKB5xbYgRrQM_KfxdTsg","Kacy Jo Rogers, APRN, FNP, CNPM",5.0,12,Pain management physician,"1378 IN-46, Terre Haute, IN 47803, United States","CMX9+R5 Terre Haute, Indiana, USA",https://www.myhorizonhealth.org/find-a-doctor/kacy-jo-rogers-aprn-fnp-cnpm/?utm_source=GMBSocialClimb&utm_medium=KacyJoRogers%2CAPRN%2CFNP%2CCNPM,+1 812-877-3310,Open · Closes 5 pm,https://lh3.googleusercontent.com/p/AF1QipMGMHBqxT3WPM0iZ86de7RMfT28t1T7_DVD3ch-=w408-h510-k-no,true,8 am–5 pm,8 am–5 pm,8 am–5 pm,Closed,Closed,8 am–5 pm,8 am–5 pm,"https://www.google.com/maps/search/pain+management+physician+in+Crawfordsville+Terra+Haute+IN/@39.4654441,-87.4139427,14z",2026-01-28T19:32:49.169Z,
"https://www.google.com/maps/place/Jessica+Walker,+APRN,+FNP/data=!4m7!3m6!1s0x886d71859b12a7ad:0xaab1f0bd05814eff!8m2!3d39.4495636!4d-87.3321249!16s%2Fg%2F11l5_crq46!19sChIJracSm4VxbYgR_06BBb3wsao","Jessica Walker, APRN, FNP",4.9,80,Pain management physician,"1378 IN-46, Terre Haute, IN 47803, United States","CMX9+R5 Terre Haute, Indiana, USA",https://www.myhorizonhealth.org/find-a-doctor/jessica-walker-aprn-fnp/?utm_source=GMBSocialClimb&utm_medium=JessicaWalker%2CAPRN%2CFNP,+1 812-877-3310,Open · Closes 5 pm,https://lh3.googleusercontent.com/p/AF1QipMsyL2vtVGeLEjk2CkMUtKvnaCoQkCLqKNvSnhw=w408-h508-k-no,true,8 am–5 pm,8 am–5 pm,8 am–5 pm,Closed,Closed,8 am–5 pm,8 am–5 pm,"https://www.google.com/maps/search/pain+management+physician+in+Crawfordsville+Terra+Haute+IN/@39.4654441,-87.4139427,14z",2026-01-28T19:32:54.042Z,
"https://www.google.com/maps/place/Chantelle+Allen,+APRN,+FNP/data=!4m7!3m6!1s0x886d71769667fbab:0xa3db41ffbaa4d1f3!8m2!3d39.4495636!4d-87.3321249!16s%2Fg%2F11rlm616qz!19sChIJq_tnlnZxbYgR89Gkuv9B26M","Chantelle Allen, APRN, FNP",4.8,100,Pain management physician,"1378 IN-46, Terre Haute, IN 47803, United States","CMX9+R5 Terre Haute, Indiana, USA",https://www.myhorizonhealth.org/find-a-doctor/chantelle-allen-aprn-fnp/?utm_source=GMBSocialClimb&utm_medium=ChantelleAllen%2CAPRN%2CFNP,+1 812-877-3310,Open · Closes 5 pm,https://lh3.googleusercontent.com/p/AF1QipPvujafGicOZI1pLTKnmyT7SZpY_8lPbIQd_-Zv=w408-h525-k-no,true,8 am–5 pm,8 am–5 pm,8 am–5 pm,Closed,Closed,8 am–5 pm,8 am–5 pm,"https://www.google.com/maps/search/pain+management+physician+in+Crawfordsville+Terra+Haute+IN/@39.4654441,-87.4139427,14z",2026-01-28T19:32:58.820Z,
https://www.google.com/maps/place/Meet+Dr.+Haber/data=!4m7!3m6!1s0x886d651b3fbf8d2d:0x18028f7b2b2c08a!8m2!3d39.4876287!4d-87.4145058!16s%2Fg%2F11c604k7dw!19sChIJLY2_PxtlbYgRisCysvcogAE,Meet Dr. Haber,3.5,45,Pain management physician,"1818 N 3rd St, Terre Haute, IN 47804, United States","FHQP+35 Terre Haute, Indiana, USA",http://dochaber.com/contact.html,+1 812-478-9494,Open · Closes 5 pm,https://streetviewpixels-pa.googleapis.com/v1/thumbnail?panoid=n7WX2-gipDiL1ysEwPVQmA&cb_client=search.gws-prod.gps&w=408&h=240&yaw=260.0674&pitch=0&thumbfov=100,false,9 am–5 pm,9 am–5 pm,9 am–5 pm,Closed,Closed,9 am–5 pm,9 am–5 pm,"https://www.google.com/maps/search/pain+management+physician+in+Crawfordsville+Terra+Haute+IN/@39.4654441,-87.4139427,14z",2026-01-28T19:33:03.634Z,
https://www.google.com/maps/place/Dr.+Allan+MacKay+M.D/data=!4m7!3m6!1s0x40705f87833343e5:0xf9cb6957a1c2344d!8m2!3d39.4341696!4d-87.3977927!16s%2Fg%2F11b6_hc523!19sChIJ5UMzg4dfcEARTTTCoVdpy_k,Dr. Allan MacKay M.D,3.5,17,Pain management physician,"2955 S 13th St, Terre Haute, IN 47802, United States","CJM2+MV Terre Haute, Indiana, USA",,+1 812-232-1488,Closed · Opens 8 am Thu,https://streetviewpixels-pa.googleapis.com/v1/thumbnail?panoid=w8Hopht5uphr27Anf78pFg&cb_client=search.gws-prod.gps&w=408&h=240&yaw=359.8772&pitch=0&thumbfov=100,false,Closed,8 am–4:30 pm,Closed,Closed,Closed,Closed,Closed,"https://www.google.com/maps/search/pain+management+physician+in+Crawfordsville+Terra+Haute+IN/@39.4654441,-87.4139427,14z",2026-01-28T19:33:08.467Z,
https://www.google.com/maps/place/SCCH+Center+for+Pain+Management+%28Terre+Haute%29/data=!4m7!3m6!1s0x886d7ba9af7d4107:0xe5bff2b9ed602edb!8m2!3d39.4171388!4d-87.4062506!16s%2Fg%2F11ychgnh8c!19sChIJB0F9r6l7bYgR2y5g7bnyv-U,SCCH Center for Pain Management (Terre Haute),3.0,2,Pain management physician,"4146 S 7th St ste b, Terre Haute, IN 47802, United States","CH8V+VF Terre Haute, Indiana, USA",https://scch.health/,+1 812-281-2243,Closed · Opens 8 am Thu,https://streetviewpixels-pa.googleapis.com/v1/thumbnail?panoid=FyyY2rJnWlSHwmllopgjHg&cb_client=search.gws-prod.gps&w=408&h=240&yaw=92.45529&pitch=0&thumbfov=100,true,Closed,"8 am–12 pm, 1–6 pm",Closed,Closed,Closed,"8 am–12 pm, 1–6 pm","8 am–12 pm, 1–6 pm","https://www.google.com/maps/search/pain+management+physician+in+Crawfordsville+Terra+Haute+IN/@39.4654441,-87.4139427,14z",2026-01-28T19:33:13.276Z,
"https://www.google.com/maps/place/Joy+Whitt,+APRN,+FNP/data=!4m7!3m6!1s0x886d71b3777150bb:0xbe399626c5e0afa6!8m2!3d39.4495636!4d-87.3321249!16s%2Fg%2F11k9p3_mzw!19sChIJu1Bxd7NxbYgRpq_gxSaWOb4","Joy Whitt, APRN, FNP",4.9,133,Family practice physician,"1378 IN-46, Terre Haute, IN 47803, United States","CMX9+R5 Terre Haute, Indiana, USA",https://www.myhorizonhealth.org/find-a-doctor/joy-whitt-aprn-fnp/?utm_source=GMBSocialClimb&utm_medium=JoyWhitt%2CAPRN%2CFNP,+1 812-877-3310,Open · Closes 5 pm,https://lh3.googleusercontent.com/p/AF1QipPD9tM2XAYynx4jDR75TG-2ZYMfN8B9L9xRYu7f=w408-h511-k-no,true,8 am–5 pm,8 am–5 pm,8 am–5 pm,Closed,Closed,8 am–5 pm,8 am–5 pm,"https://www.google.com/maps/search/pain+management+physician+in+Crawfordsville+Terra+Haute+IN/@39.4654441,-87.4139427,14z",2026-01-28T19:33:17.986Z,
"https://www.google.com/maps/place/Donna+J.+Purviance,+NP/data=!4m7!3m6!1s0x886d651af9a352db:0x2f5e518329e05803!8m2!3d39.4868145!4d-87.4124235!16s%2Fg%2F1vlk29dc!19sChIJ21Kj-RplbYgRA1jgKYNRXi8","Donna J. Purviance, NP",3.7,3,Pain management physician,"1739 N 4th St, Terre Haute, IN 47804, United States","FHPQ+P2 Terre Haute, Indiana, USA",http://www.uapclinic.com/,+1 812-242-3125,,https://streetviewpixels-pa.googleapis.com/v1/thumbnail?panoid=EVuVwdsYdbIxKVIn5su6JQ&cb_client=search.gws-prod.gps&w=408&h=240&yaw=96.239876&pitch=0&thumbfov=100,false,,,,,,,,"https://www.google.com/maps/search/pain+management+physician+in+Crawfordsville+Terra+Haute+IN/@39.4654441,-87.4139427,14z",2026-01-28T19:33:20.782Z,
https://www.google.com/maps/place/Indiana+Spine+Group:+Dr.+Jason+Ye+and+Dr.+Lori+Kiefer/data=!4m7!3m6!1s0x886d7b3137552463:0xea85ef4e419cd7d9!8m2!3d39.4325424!4d-87.4142734!16s%2Fg%2F11vhyc_9ph!19sChIJYyRVNzF7bYgR2decQU7vheo,Indiana Spine Group: Dr. Jason Ye and Dr. Lori Kiefer,5.0,120,Orthopedic surgeon,"3051 S US Hwy 41, Terre Haute, IN 47802, United States","CHMP+27 Terre Haute, Indiana, USA",https://www.indianaspinegroup.com/,+1 317-564-6830,Open · Closes 5 pm,https://streetviewpixels-pa.googleapis.com/v1/thumbnail?panoid=Ie7hxqiPISBphxt6wSpR0Q&cb_client=search.gws-prod.gps&w=408&h=240&yaw=271.74365&pitch=0&thumbfov=100,true,8 am–5 pm,8 am–5 pm,8 am–5 pm,Closed,Closed,8 am–5 pm,8 am–5 pm,"https://www.google.com/maps/search/pain+management+physician+in+Crawfordsville+Terra+Haute+IN/@39.4654441,-87.4139427,14z",2026-01-28T19:33:25.658Z,
https://www.google.com/maps/place/Southwick+David+A+DO/data=!4m7!3m6!1s0x886d6510e5e4a193:0xf25caf1c43c5785e!8m2!3d39.4851826!4d-87.4089324!16s%2Fg%2F1260j21jy!19sChIJk6Hk5RBlbYgRXnjFQxyvXPI,Southwick David A DO,3.0,1,Pain management physician,"1606 N 7th St, Terre Haute, IN 47804, United States","FHPR+3C Terre Haute, Indiana, USA",http://myunionhospital.org/,+1 812-238-7000,,https://lh3.googleusercontent.com/gps-cs-s/AHVAweojZ6WShzzZCbYO5DZubDPOaZZSYdvVIa7pPLE1oUp2eXTMOW8f4r9EYiG8GSHq5Kggb1N-3rRc1x1jfWBJXKW-GMdJ1lgYMiKN5emfciYOG7t1utGrGFIKUqBvK5agGncXosDA=w408-h725-k-no,false,,,,,,,,"https://www.google.com/maps/search/pain+management+physician+in+Crawfordsville+Terra+Haute+IN/@39.4654441,-87.4139427,14z",2026-01-28T19:33:28.650Z,
"https://www.google.com/maps/place/Henry+Davis,+MD/@39.4378502,-87.4075533,17z/data=!3m1!4b1!4m6!3m5!1s0x886d7ac20c369d4b:0x3d976f0ba727f6a9!8m2!3d39.4378502!4d-87.4075533!16s%2Fg%2F1tr7k3_h","Henry Davis, MD",4.9,27,Rheumatologist,"2723 S 7th St p, Terre Haute, IN 47802, United States","CHQR+4X Terre Haute, Indiana, USA",http://www.provmed.com/,+1 812-232-8594,Open · Closes 4 pm,,true,8 am–4 pm,8 am–4 pm,8 am–12 pm,Closed,Closed,8 am–4 pm,8 am–4 pm,"https://www.google.com/maps/search/pain+management+physician+in+Crawfordsville+Terra+Haute+IN/@39.4654441,-87.4139427,14z",2026-01-28T19:33:36.082Z,
"https://www.google.com/maps/place/Ashley+Delaunois,+APRN,+PMHNP/data=!4m7!3m6!1s0x886d718dcb803c21:0x23cb9ee98e0f6289!8m2!3d39.4495636!4d-87.3321249!16s%2Fg%2F11sn_5kr0n!19sChIJITyAy41xbYgRiWIPjumeyyM","Ashley Delaunois, APRN, PMHNP",5.0,28,Pain management physician,"1378 IN-46, Terre Haute, IN 47803, United States","CMX9+R5 Terre Haute, Indiana, USA",https://www.myhorizonhealth.org/find-a-doctor/ashley-delaunois-aprn-pmhnp/?utm_source=GMBSocialClimb&utm_medium=AshleyDelaunois%2CAPRN%2CPMHNP,+1 812-877-3310,Open · Closes 5 pm,https://lh3.googleusercontent.com/p/AF1QipMosx7HzdyY1attSjiuyWgNtbUx_KO-drNPl8eE=w408-h508-k-no,true,8 am–5 pm,8 am–5 pm,8 am–5 pm,Closed,Closed,8 am–5 pm,8 am–5 pm,"https://www.google.com/maps/search/pain+management+physician+in+Crawfordsville+Terra+Haute+IN/@39.4654441,-87.4139427,14z",2026-01-28T19:33:40.931Z,
https://www.google.com/maps/place/UAP+Clinic/data=!4m7!3m6!1s0x886d651af1e665bb:0xe6c4c9b37cfd81b!8m2!3d39.4870373!4d-87.412459!16s%2Fg%2F11c5s_b25m!19sChIJu2Xm8RplbYgRG9jPN5tMbA4,UAP Clinic,,,Medical clinic,"1739 N 4th St, Terre Haute, IN 47804, United States","FHPQ+R2 Terre Haute, Indiana, USA",http://uapclinic.com/,+1 812-242-1000,,https://streetviewpixels-pa.googleapis.com/v1/thumbnail?panoid=EVuVwdsYdbIxKVIn5su6JQ&cb_client=search.gws-prod.gps&w=408&h=240&yaw=56.98736&pitch=0&thumbfov=100,false,,,,,,,,"https://www.google.com/maps/search/pain+management+physician+in+Crawfordsville+Terra+Haute+IN/@39.4654441,-87.4139427,14z",2026-01-28T19:33:43.841Z,
https://www.google.com/maps/place/Brain+%26+Spine+Center+in+collaboration+with+Goodman+Campbell+Brain+%26+Spine/data=!4m7!3m6!1s0x886d650040f88979:0xbabd058c3378b7ac!8m2!3d39.4841032!4d-87.4085882!16s%2Fg%2F11w8drw2rs!19sChIJeYn4QABlbYgRrLd4M4wFvbo,Brain & Spine Center in collaboration with Goodman Campbell Brain & Spine,1.0,5,Medical clinic,"1513 N 6th 1/2 St, Terre Haute, IN 47807, United States","FHMR+JH Terre Haute, Indiana, USA",,,"Open · Closes 5 pm

Updated by others 10 weeks ago",https://streetviewpixels-pa.googleapis.com/v1/thumbnail?panoid=HIUL0wjNIOVYjx7Au1RxHQ&cb_client=search.gws-prod.gps&w=408&h=240&yaw=81.33544&pitch=0&thumbfov=100,false,8 am–5 pm,8 am–5 pm,8 am–5 pm,Closed,Closed,8 am–5 pm,8 am–5 pm,"https://www.google.com/maps/search/pain+management+physician+in+Crawfordsville+Terra+Haute+IN/@39.4654441,-87.4139427,14z",2026-01-28T19:33:48.858Z,
https://www.google.com/maps/place/Body+Balance+Physical+Medicine/data=!4m7!3m6!1s0x886d65303a7102a1:0x925b3ee7859f42ce!8m2!3d39.466116!4d-87.410112!16s%2Fg%2F1vk6zz_1!19sChIJoQJxOjBlbYgRzkKfhec-W5I,Body Balance Physical Medicine,4.8,136,Chiropractor,"17 S 6th St, Terre Haute, IN 47807, United States","FH8Q+CX Terre Haute, Indiana, USA",http://www.chiropracticterrehaute.com/,+1 812-230-4070,Open · Closes 5 pm,https://streetviewpixels-pa.googleapis.com/v1/thumbnail?panoid=yFEGF7oTyQEz0Ix5GNRxrw&cb_client=search.gws-prod.gps&w=408&h=240&yaw=295.71323&pitch=0&thumbfov=100,true,9 am–5 pm,10 am–5 pm,9 am–5 pm,Closed,Closed,9 am–5 pm,10 am–5 pm,"https://www.google.com/maps/search/pain+management+physician+in+Crawfordsville+Terra+Haute+IN/@39.4654441,-87.4139427,14z",2026-01-28T19:33:53.994Z,
"https://www.google.com/maps/place/Millie+Kooistra,+APRN,+FNP/data=!4m7!3m6!1s0x886d71df689cb2e5:0x66c26ab0c3128bde!8m2!3d39.4495636!4d-87.3321249!16s%2Fg%2F11sdwpyn0n!19sChIJ5bKcaN9xbYgR3osSw7BqwmY","Millie Kooistra, APRN, FNP",4.9,111,Nurse practitioner,"1378 IN-46, Terre Haute, IN 47803, United States","CMX9+R5 Terre Haute, Indiana, USA",https://www.myhorizonhealth.org/find-a-doctor/millie-kooistra-aprn-fnp/?utm_source=GMBSocialClimb&utm_medium=MillieKooistra%2CAPRN%2CFNP,+1 812-877-3310,Open · Closes 5 pm,https://streetviewpixels-pa.googleapis.com/v1/thumbnail?panoid=jsBZbF3L-Z7rC3dRQprydA&cb_client=search.gws-prod.gps&w=408&h=240&yaw=87.90387&pitch=0&thumbfov=100,true,8 am–5 pm,8 am–5 pm,8 am–5 pm,Closed,Closed,8 am–5 pm,8 am–5 pm,"https://www.google.com/maps/search/pain+management+physician+in+Crawfordsville+Terra+Haute+IN/@39.4654441,-87.4139427,14z",2026-01-28T19:33:59.052Z,
"https://www.google.com/maps/place/Pain+Management+Clinic,+a+service+of+Horizon+Health/data=!4m7!3m6!1s0x88729840125ebba1:0xe74b7abee12c5a93!8m2!3d39.6048233!4d-87.6781373!16s%2Fg%2F11hbt5z0b4!19sChIJobteEkCYcogRk1os4b56S-c","Pain Management Clinic, a service of Horizon Health",4.8,70,Pain management physician,"15317 US-150, Paris, IL 61944, United States","J83C+WP Paris, Illinois, USA",https://www.myhorizonhealth.org/services/pain-management/?utm_source=GMBSocialClimb&utm_medium=PainManagementClinic,+1 217-466-4226,Open · Closes 4 pm,https://lh3.googleusercontent.com/p/AF1QipOM9aVKgZRaiYCXhK1aeSI5yGp54ChvFJYKvv-z=w426-h240-k-no,true,8 am–4 pm,8 am–4 pm,8 am–4 pm,Closed,Closed,8 am–4 pm,8 am–4 pm,"https://www.google.com/maps/search/pain+management+physician+in+Crawfordsville+Terra+Haute+IN/@39.4654441,-87.4139427,14z",2026-01-28T19:34:04.055Z,
https://www.google.com/maps/place/Union+Medical+Group+%28UAP+Clinic%29+Rheumatology/data=!4m7!3m6!1s0x886d651a8839b39d:0xb9176c7639c8e44c!8m2!3d39.486848!4d-87.407657!16s%2Fg%2F1t_tl0xb!19sChIJnbM5iBplbYgRTOTIOXZsF7k,Union Medical Group (UAP Clinic) Rheumatology,5.0,8,Medical clinic,"1711 N 6th 1/2 St #302, Terre Haute, IN 47804, United States","FHPR+PW Terre Haute, Indiana, USA",http://www.uapclinic.com/services/rheumatology,+1 812-244-5097,,https://streetviewpixels-pa.googleapis.com/v1/thumbnail?panoid=qFek3zWVwgkGN-drzO0jRA&cb_client=search.gws-prod.gps&w=408&h=240&yaw=90.69586&pitch=0&thumbfov=100,true,,,,,,,,"https://www.google.com/maps/search/pain+management+physician+in+Crawfordsville+Terra+Haute+IN/@39.4654441,-87.4139427,14z",2026-01-28T19:34:06.875Z,
https://www.google.com/maps/place/Indiana+Orthopedic+Institute+-+Terre+Haute/data=!4m7!3m6!1s0x886d65a25769af2d:0x3384bfa64912d2d3!8m2!3d39.4867875!4d-87.4111373!16s%2Fg%2F11s4mt2lqh!19sChIJLa9pV6JlbYgR09ISSaa_hDM,Indiana Orthopedic Institute - Terre Haute,4.8,20,Orthopedic clinic,"1725 N 5th St, Terre Haute, IN 47804, United States","FHPQ+PG Terre Haute, Indiana, USA",https://indianaortho.com/,+1 317-620-0232,Open · Closes 5 pm,https://streetviewpixels-pa.googleapis.com/v1/thumbnail?panoid=6-WRJNahPuNOPRueyo701Q&cb_client=search.gws-prod.gps&w=408&h=240&yaw=45.382256&pitch=0&thumbfov=100,true,8 am–5 pm,8 am–5 pm,8 am–5 pm,Closed,Closed,8 am–5 pm,8 am–5 pm,"https://www.google.com/maps/search/pain+management+physician+in+Crawfordsville+Terra+Haute+IN/@39.4654441,-87.4139427,14z",2026-01-28T19:34:11.969Z,
https://www.google.com/maps/place/Valley+Professionals+Community+Health+Center/data=!4m7!3m6!1s0x886d7a5b742edd7b:0xef16f6141506da9f!8m2!3d39.4088354!4d-87.4075057!16s%2Fg%2F1xn_p3q9!19sChIJe90udFt6bYgRn9oGFRT2Fu8,Valley Professionals Community Health Center,4.9,359,Medical clinic,"4757 S 7th St, Terre Haute, IN 47802, United States","CH5R+GX Terre Haute, Indiana, USA",http://valleyprohealth.org/,+1 812-234-2289,Open · Closes 8 pm,https://lh3.googleusercontent.com/p/AF1QipMWT3uN0K9qh9ymFktlbOqysMycT_mFqGt9KE21=w408-h276-k-no,true,8 am–8 pm,8 am–5 pm,8 am–5 pm,Closed,Closed,8 am–5 pm,8 am–5 pm,"https://www.google.com/maps/search/pain+management+physician+in+Crawfordsville+Terra+Haute+IN/@39.4654441,-87.4139427,14z",2026-01-28T19:34:16.893Z,
https://www.google.com/maps/place/Union+Medical+Group+Bone+%26+Joint+Center/data=!4m7!3m6!1s0x886d651a8839b457:0xafb3efe0c7b96a23!8m2!3d39.4866723!4d-87.4110544!16s%2Fg%2F1v8gcsth!19sChIJV7Q5iBplbYgRI2q5x-Dvs68,Union Medical Group Bone & Joint Center,2.9,80,Orthopedic clinic,"1725 N 5th St, Terre Haute, IN 47804, United States","FHPQ+MH Terre Haute, Indiana, USA",https://www.union.health/find-a-location/bone-joint-center,+1 812-242-3005,Open · Closes 5 pm,https://lh3.googleusercontent.com/p/AF1QipMOtTSP9C0erdfXUH2b5g6SGaf8qUccA7Q1tXLs=w408-h270-k-no,true,8 am–5 pm,8 am–5 pm,8 am–5 pm,Closed,Closed,8 am–5 pm,8 am–5 pm,"https://www.google.com/maps/search/pain+management+physician+in+Crawfordsville+Terra+Haute+IN/@39.4654441,-87.4139427,14z",2026-01-28T19:34:21.868Z,
"https://www.google.com/maps/place/Bone+%26+Joint+Center:+Flak,+Keith+MD/data=!4m7!3m6!1s0x886d651173c561c7:0x9ca1c5f367b00b40!8m2!3d39.4865548!4d-87.4112288!16s%2Fg%2F11f_f3nd8f!19sChIJx2HFcxFlbYgRQAuwZ_PFoZw","Bone & Joint Center: Flak, Keith MD",4.8,21,Orthopedic surgeon,"1725 N 5th St, Terre Haute, IN 47804, United States","FHPQ+JG Terre Haute, Indiana, USA",,+1 812-242-3005,Open · Closes 5 pm,https://streetviewpixels-pa.googleapis.com/v1/thumbnail?panoid=6-WRJNahPuNOPRueyo701Q&cb_client=search.gws-prod.gps&w=408&h=240&yaw=72.99574&pitch=0&thumbfov=100,false,8 am–5 pm,8 am–5 pm,8 am–5 pm,Closed,Closed,8 am–5 pm,8 am–5 pm,"https://www.google.com/maps/search/pain+management+physician+in+Crawfordsville+Terra+Haute+IN/@39.4654441,-87.4139427,14z",2026-01-28T19:34:26.625Z,
https://www.google.com/maps/place/Indiana+Hand+to+Shoulder+Center/data=!4m7!3m6!1s0x886d651074362b49:0x888e1073c56fca5a!8m2!3d39.4197265!4d-87.4076583!16s%2Fg%2F1tdygclx!19sChIJSSs2dBBlbYgRWspvxXMQjog,Indiana Hand to Shoulder Center,4.9,251,Orthopedic clinic,"3903 S 7th St, Terre Haute, IN 47802, United States","CH9R+VW Terre Haute, Indiana, USA",https://indianahandtoshoulder.com/,+1 812-234-8840,Open · Closes 5 pm,https://lh3.googleusercontent.com/gps-cs-s/AHVAwerX1Ut0NKNMQu7yFfFMp6eqFenHWfI1LQ_B1G4kOAR6SjLPme-o_t1Fh1F8JAvRjJrAGbFeI2enLHHS8kuLODheS9AdzwAWt2YOD2c-2hyZP_8ej1M-xtl_jvAmJ75LHY3eJze0=w408-h306-k-no,true,8 am–5 pm,8 am–5 pm,8 am–5 pm,Closed,Closed,8 am–5 pm,8 am–5 pm,"https://www.google.com/maps/search/pain+management+physician+in+Crawfordsville+Terra+Haute+IN/@39.4654441,-87.4139427,14z",2026-01-28T19:34:31.413Z,
https://www.google.com/maps/place/Valley+Rehabilitation+%26+Performance/data=!4m7!3m6!1s0x886d650cd694f341:0xd538111387bfecae!8m2!3d39.4652904!4d-87.398828!16s%2Fg%2F11lflf06m3!19sChIJQfOU1gxlbYgRruy_hxMRONU,Valley Rehabilitation & Performance,5.0,52,Physical therapist,"1219 Ohio St, Terre Haute, IN 47807, United States","FJ82+4F Terre Haute, Indiana, USA",https://www.valley.rehab/,+1 812-645-7100,Open · Closes 5 pm,https://lh3.googleusercontent.com/p/AF1QipOd90-ZK_ggDdHTP0tI4Bp5pytyC0VWLeZDJXVd=w408-h271-k-no,true,7 am–5 pm,7 am–5 pm,7 am–5 pm,Closed,Closed,7 am–5 pm,7 am–5 pm,"https://www.google.com/maps/search/pain+management+physician+in+Crawfordsville+Terra+Haute+IN/@39.4654441,-87.4139427,14z",2026-01-28T19:34:36.326Z,
https://www.google.com/maps/place/Lamb+Fred+K+MD/data=!4m7!3m6!1s0x886d7a5e3d007107:0x8e7a79a0ccb06b5e!8m2!3d39.412097!4d-87.4013888!16s%2Fg%2F1x5fc33n!19sChIJB3EAPV56bYgRXmuwzKB5eo4,Lamb Fred K MD,2.2,10,Pain management physician,"1019 E Springhill Dr, Terre Haute, IN 47802, United States","CH6X+RC Terre Haute, Indiana, USA",,+1 812-298-9797,,https://streetviewpixels-pa.googleapis.com/v1/thumbnail?panoid=SVAqUG3ieSRSnEiJddlBIQ&cb_client=search.gws-prod.gps&w=408&h=240&yaw=288.57004&pitch=0&thumbfov=100,false,,,,,,,,"https://www.google.com/maps/search/pain+management+physician+in+Crawfordsville+Terra+Haute+IN/@39.4654441,-87.4139427,14z",2026-01-28T19:34:39.317Z,
"https://www.google.com/maps/place/Kathryn+M.+Peck,+MD/data=!4m7!3m6!1s0x886d65a13f7bad79:0xe544dcc11bcb4e6e!8m2!3d39.4859597!4d-87.410654!16s%2Fg%2F11h6mvwtj2!19sChIJea17P6FlbYgRbk7LG8HcROU","Kathryn M. Peck, MD",5.0,250,Orthopedic surgeon,"1801 N 6th St Suite 300, Terre Haute, IN 47804, United States","FHPQ+9P Terre Haute, Indiana, USA",https://www.indianahandtoshoulder.com/kathryn-m-peck-md,+1 812-234-8840,Open · Closes 5 pm,https://lh3.googleusercontent.com/p/AF1QipM2Z5zYC9lOAzU63kV916l6KaT3RHRAPfatCyVu=w426-h240-k-no,true,8 am–5 pm,8 am–5 pm,Closed,Closed,Closed,8 am–5 pm,8 am–5 pm,"https://www.google.com/maps/search/pain+management+physician+in+Crawfordsville+Terra+Haute+IN/@39.4654441,-87.4139427,14z",2026-01-28T19:34:44.122Z,
https://www.google.com/maps/place/Union+Health+Neurology/data=!4m7!3m6!1s0x886d651af9a352db:0x37dfad468a996205!8m2!3d39.4845296!4d-87.4077746!16s%2Fg%2F1tgnsdn0!19sChIJ21Kj-RplbYgRBWKZikat3zc,Union Health Neurology,2.9,14,Medical clinic,"1530 N 7th St, Terre Haute, IN 47807, United States","FHMR+RV Terre Haute, Indiana, USA",,+1 812-242-3125,Open · Closes 5 pm,https://lh3.googleusercontent.com/gps-cs-s/AHVAwerkRH_1xMDdRzRENLqwbh8WlfAv--VLnkY8ilklo0QvrYl5G4xfUQWD5iJ8suzrkR50TkqKXdYlQGcNr-1rafSoQ05ZdYr2Gma8RK5Okew-dOWzIKV_MoxVYa2HM17jLLpRBQyi=w408-h544-k-no,false,8 am–5 pm,8 am–5 pm,8 am–5 pm,Closed,Closed,8 am–5 pm,8 am–5 pm,"https://www.google.com/maps/search/pain+management+physician+in+Crawfordsville+Terra+Haute+IN/@39.4654441,-87.4139427,14z",2026-01-28T19:34:49.287Z,
https://www.google.com/maps/place/Gregory+Schmidt+MD/data=!4m7!3m6!1s0x886d7be2a69c4a1f:0xc725e742226f8361!8m2!3d39.4197265!4d-87.4076583!16s%2Fg%2F11w96z1vy_!19sChIJH0qcpuJ7bYgRYYNvIkLnJcc,Gregory Schmidt MD,4.8,127,Doctor,"3903 S 7th St Suite 2A, Terre Haute, IN 47802, United States","CH9R+VW Terre Haute, Indiana, USA",https://www.indianahandtoshoulder.com/,+1 317-875-9105,Open · Closes 5 pm,https://streetviewpixels-pa.googleapis.com/v1/thumbnail?panoid=5KYl1kRgVObcFbE1mRVTog&cb_client=search.gws-prod.gps&w=408&h=240&yaw=180.16612&pitch=0&thumbfov=100,true,8 am–5 pm,8 am–5 pm,Closed,Closed,Closed,8 am–5 pm,8 am–5 pm,"https://www.google.com/maps/search/pain+management+physician+in+Crawfordsville+Terra+Haute+IN/@39.4654441,-87.4139427,14z",2026-01-28T19:34:54.212Z,
https://www.google.com/maps/place/Highland+Retina+Associates/data=!4m7!3m6!1s0x886d65113b1434e1:0x362d70569eaae1a0!8m2!3d39.4336531!4d-87.3464832!16s%2Fg%2F11c6yz_qcy!19sChIJ4TQUOxFlbYgRoOGqnlZwLTY,Highland Retina Associates,4.8,175,Ophthalmology clinic,"4621 E Margaret Dr, Terre Haute, IN 47803, United States","CMM3+FC Terre Haute, Indiana, USA",http://www.highlandretina.com/,+1 812-281-2608,Open · Closes 5 pm,https://lh3.googleusercontent.com/p/AF1QipPbN3tI_Y4rUGal-toSCIGib4S_BDH4jn68-bB3=w408-h272-k-no,true,8 am–5 pm,8 am–5 pm,8 am–5 pm,Closed,Closed,8 am–5 pm,8 am–5 pm,"https://www.google.com/maps/search/pain+management+physician+in+Crawfordsville+Terra+Haute+IN/@39.4654441,-87.4139427,14z",2026-01-28T19:34:59.093Z,
https://www.google.com/maps/place/Union+Medical+Group+%28UAP+Clinic%29+-+Downtown/data=!4m7!3m6!1s0x886d6531c2fc6e0d:0x890a77127c4a35ed!8m2!3d39.4638818!4d-87.4108661!16s%2Fg%2F11bbw_ky_m!19sChIJDW78wjFlbYgR7TVKfBJ3Cok,Union Medical Group (UAP Clinic) - Downtown,3.2,114,Medical clinic,"221 S 6th St, Terre Haute, IN 47807, United States","FH7Q+HM Terre Haute, Indiana, USA",http://myunionhealth.org/,+1 812-242-3737,"Open · Closes 8 pm

Updated by this business 3 weeks ago",https://lh3.googleusercontent.com/gps-cs-s/AHVAwervGx225ZHDVWuHs7qqOisl_WBVECQYFM-hjFKrLl2tKQSe06Vd9uf2H0fED-p6mTyf5X1evWtm6Kdf16XiPOnEKTTbVBIiaSBORKNIEEezievRjxiZli1EgoyEa8Dv8Wf_11NDmw=w493-h240-k-no,true,8 am–8 pm,8 am–8 pm,8 am–8 pm,9 am–6 pm,8 am–5 pm,8 am–8 pm,8 am–8 pm,"https://www.google.com/maps/search/pain+management+physician+in+Crawfordsville+Terra+Haute+IN/@39.4654441,-87.4139427,14z",2026-01-28T19:35:04.204Z,
https://www.google.com/maps/place/Miranda+Lively/data=!4m7!3m6!1s0x886d6510d73fffff:0x6b9aad826db1acfe!8m2!3d39.4841032!4d-87.4085882!16s%2Fg%2F11sd2x6j3k!19sChIJ__8_1xBlbYgR_qyxbYKtmms,Miranda Lively,2.3,3,Nurse practitioner,"1513 N 6th 1/2 St, Terre Haute, IN 47807, United States","FHMR+JH Terre Haute, Indiana, USA",,+1 812-238-7000,,https://streetviewpixels-pa.googleapis.com/v1/thumbnail?panoid=HIUL0wjNIOVYjx7Au1RxHQ&cb_client=search.gws-prod.gps&w=408&h=240&yaw=81.33544&pitch=0&thumbfov=100,false,,,,,,,,"https://www.google.com/maps/search/pain+management+physician+in+Crawfordsville+Terra+Haute+IN/@39.4654441,-87.4139427,14z",2026-01-28T19:35:06.986Z,
https://www.google.com/maps/place/Midwest+Center+for+Joint+Replacement/data=!4m7!3m6!1s0x886d7bdb6ce941c9:0xbdc95cdc6819bb6b!8m2!3d39.4325544!4d-87.4142833!16s%2Fg%2F11whmprns0!19sChIJyUHpbNt7bYgRa7sZaNxcyb0,Midwest Center for Joint Replacement,5.0,1,Medical clinic,"3051 S US Hwy 41, Terre Haute, IN 47802, United States","CHMP+27 Terre Haute, Indiana, USA",https://www.mcjr.com/,+1 317-455-1064,Closed · Opens 8 am Thu,https://streetviewpixels-pa.googleapis.com/v1/thumbnail?panoid=PAkAlXy-irYwsiGUTF6CAg&cb_client=search.gws-prod.gps&w=408&h=240&yaw=115.04362&pitch=0&thumbfov=100,true,Closed,8 am–4 pm,Closed,Closed,Closed,Closed,Closed,"https://www.google.com/maps/search/pain+management+physician+in+Crawfordsville+Terra+Haute+IN/@39.4654441,-87.4139427,14z",2026-01-28T19:35:12.118Z,
"https://www.google.com/maps/place/Terre+Haute+Specialty+Clinic,+a+service+of+Horizon+Health/data=!4m7!3m6!1s0x886d7b9a2d65c849:0x9d13475f49a36567!8m2!3d39.4211094!4d-87.4120547!16s%2Fg%2F11rsfvhx99!19sChIJSchlLZp7bYgRZ2WjSV9HE50","Terre Haute Specialty Clinic, a service of Horizon Health",4.6,34,Medical clinic,"3736 S 4th St, Terre Haute, IN 47802, United States","CHCQ+C5 Terre Haute, Indiana, USA",https://www.myhorizonhealth.org/locations/terre-haute-specialty-clinic/?utm_source=GMBSocialClimb&utm_medium=TerreHauteSpecialtyClinic,+1 812-237-1411,Closed · Opens 8 am Thu,https://lh3.googleusercontent.com/p/AF1QipOBUW0-KpmnYRHGYQV-LxPZSDlg6RcqRzCI8WiY=w408-h348-k-no,true,Closed,8 am–5 pm,8 am–5 pm,Closed,Closed,8 am–5 pm,8 am–5 pm,"https://www.google.com/maps/search/pain+management+physician+in+Crawfordsville+Terra+Haute+IN/@39.4654441,-87.4139427,14z",2026-01-28T19:35:16.830Z,
https://www.google.com/maps/place/Balmaseda+Ofelia+B+MD/data=!4m7!3m6!1s0x886d7a5b76846f5b:0x6881445c41c2afaf!8m2!3d39.407224!4d-87.4063338!16s%2Fg%2F1tlgypsz!19sChIJW2-Edlt6bYgRr6_CQVxEgWg,Balmaseda Ofelia B MD,2.1,7,Pain management physician,"4812 S 7th St, Terre Haute, IN 47802, United States","CH4V+VF Terre Haute, Indiana, USA",,+1 812-299-7422,Open · Closes 5 pm,https://streetviewpixels-pa.googleapis.com/v1/thumbnail?panoid=nyuBzF2rSJvsEHrFHMSaIg&cb_client=search.gws-prod.gps&w=408&h=240&yaw=94.780556&pitch=0&thumbfov=100,false,9 am–5 pm,9 am–5 pm,9 am–5 pm,Closed,Closed,Closed,9 am–5 pm,"https://www.google.com/maps/search/pain+management+physician+in+Crawfordsville+Terra+Haute+IN/@39.4654441,-87.4139427,14z",2026-01-28T19:35:21.738Z,
https://www.google.com/maps/place/Wellspring+Pain+Solutions+-+Bloomington/data=!4m7!3m6!1s0x886b0aa6ce5c5307:0x45f26751cf840f75!8m2!3d39.1623658!4d-86.5545578!16s%2Fg%2F1tp2807d!19sChIJB1NczqYKa4gRdQ-Ez1Fn8kU,Wellspring Pain Solutions - Bloomington,4.6,128,Pain control clinic,"455 S Landmark Ave, Bloomington, IN 47403, United States","5C6W+W5 Bloomington, Indiana, USA",https://wellspringpainsolutions.com/wellspring-pain-solutions-bloomington-in/,+1 812-269-7674,Open · Closes 4 pm,https://lh3.googleusercontent.com/p/AF1QipMGehDmf8otFSWnK11qgMpPIhkLvp9lZcEZo-oM=w408-h272-k-no,true,8 am–4 pm,8 am–4 pm,8 am–12 pm,Closed,Closed,8 am–4 pm,8 am–4 pm,"https://www.google.com/maps/search/pain+management+physician+in+Bloomington+Terra+Haute+IN/@39.4654441,-87.4139427,14z",2026-01-28T19:35:39.767Z,
"https://www.google.com/maps/place/Dr.+Brian+Adams,+MD/data=!4m7!3m6!1s0x886c67cce78ee285:0xf818f6655d0e38ed!8m2!3d39.160328!4d-86.5535967!16s%2Fg%2F11vdw2sjjc!19sChIJheKO58xnbIgR7TgOXWX2GPg","Dr. Brian Adams, MD",5.0,178,Pain management physician,"541 S Landmark Ave, Bloomington, IN 47403, United States","5C6W+4H Bloomington, Indiana, USA",http://www.indianaspinegroup.com/adams,+1 812-650-0500,Open · Closes 4:30 pm,https://streetviewpixels-pa.googleapis.com/v1/thumbnail?panoid=nzJ_KBitse7tSYD_TokvaA&cb_client=search.gws-prod.gps&w=408&h=240&yaw=126.44258&pitch=0&thumbfov=100,true,8 am–4:30 pm,8 am–4:30 pm,8 am–4:30 pm,Closed,Closed,8 am–4:30 pm,8 am–4:30 pm,"https://www.google.com/maps/search/pain+management+physician+in+Bloomington+Terra+Haute+IN/@39.4654441,-87.4139427,14z",2026-01-28T19:35:51.860Z,
"https://www.google.com/maps/place/R.+Michael+Meneghini,+MD/data=!4m7!3m6!1s0x8814ca0734796367:0x13df20f1c49d53f9!8m2!3d39.4868377!4d-87.4111018!16s%2Fg%2F1z44yqx92!19sChIJZ2N5NAfKFIgR-VOdxPEg3xM","R. Michael Meneghini, MD",4.8,38,Orthopedic surgeon,"1725 N 5th St, Terre Haute, IN 47804, United States","FHPQ+PH Terre Haute, Indiana, USA",http://meneghinimd.com/,+1 317-620-0232,Open · Closes 5 pm,https://streetviewpixels-pa.googleapis.com/v1/thumbnail?panoid=6-WRJNahPuNOPRueyo701Q&cb_client=search.gws-prod.gps&w=408&h=240&yaw=43.456078&pitch=0&thumbfov=100,true,8 am–5 pm,8 am–5 pm,8 am–5 pm,Closed,Closed,8 am–5 pm,8 am–5 pm,"https://www.google.com/maps/search/pain+management+physician+in+Bloomington+Terra+Haute+IN/@39.4654441,-87.4139427,14z",2026-01-28T19:35:56.876Z,
"https://www.google.com/maps/place/Bone+%26+Joint+Center:+Palmer,+Jeremiah+MD/data=!4m7!3m6!1s0x886d651173c561c7:0x90d044d2c940dc0e!8m2!3d39.4865532!4d-87.4111925!16s%2Fg%2F11gczzt085!19sChIJx2HFcxFlbYgRDtxAydJE0JA","Bone & Joint Center: Palmer, Jeremiah MD",4.5,8,Orthopedic surgeon,"1725 N 5th St, Terre Haute, IN 47804, United States","FHPQ+JG Terre Haute, Indiana, USA",https://care.myunionhealth.org/ortho-appointment/?utm_source=tnc&utm_medium=paid_search&utm_campaign=ortho-apt&utm_term=bone%20and%20joint%20center&gclid=CjwKCAjwsMGYBhAEEiwAGUXJaYSYdWHHQBzQFVuy0e-rzOxXggR7aPgRzkQ5Ghwj9XV-jvy76bEahhoCTQIQAvD_BwE,+1 812-242-3005,Open · Closes 5 pm,https://lh3.googleusercontent.com/p/AF1QipMYOyFZddZMQkJyJUctJiWraT6nC69JzdgU-Y7e=w408-h308-k-no,true,8 am–5 pm,8 am–5 pm,8 am–5 pm,Closed,Closed,8 am–5 pm,8 am–5 pm,"https://www.google.com/maps/search/pain+management+physician+in+Bloomington+Terra+Haute+IN/@39.4654441,-87.4139427,14z",2026-01-28T19:36:01.796Z,
"https://www.google.com/maps/place/Kyle+Stoops,+MD/data=!4m7!3m6!1s0x886d658b8a934d39:0x52f8787b77eda22b!8m2!3d39.4867939!4d-87.4110946!16s%2Fg%2F11xcj8l0b8!19sChIJOU2TiotlbYgRK6Ltd3t4-FI","Kyle Stoops, MD",4.9,19,Orthopedic surgeon,"1725 N 5th St, Terre Haute, IN 47804, United States","FHPQ+PH Terre Haute, Indiana, USA",https://www.kylestoopsmd.com/,+1 812-900-7544,Open · Closes 5 pm,https://lh3.googleusercontent.com/p/AF1QipO3NXKQ0XjUPFVlesZ9Ag6IBVPB5MYGFg71ttxb=w408-h408-k-no,true,8 am–5 pm,8 am–5 pm,8 am–5 pm,Closed,Closed,8 am–5 pm,8 am–5 pm,"https://www.google.com/maps/search/pain+management+physician+in+Bloomington+Terra+Haute+IN/@39.4654441,-87.4139427,14z",2026-01-28T19:36:06.671Z,
"https://www.google.com/maps/place/Bone+%26+Joint+Center:+Jaafar,+Sami+MD/data=!4m7!3m6!1s0x886d651173c561c7:0xe6e7862813c8d8b2!8m2!3d39.4865219!4d-87.4112422!16s%2Fg%2F11f_d837ct!19sChIJx2HFcxFlbYgRstjIEyiG5-Y","Bone & Joint Center: Jaafar, Sami MD",2.9,8,Orthopedic surgeon,"1725 N 5th St, Terre Haute, IN 47804, United States","FHPQ+JG Terre Haute, Indiana, USA",https://www.myunionhealth.org/services/orthopedics/conditions-we-treat/,+1 812-242-3005,Open · Closes 5:30 pm,https://lh3.googleusercontent.com/p/AF1QipN8ciRDmAh3EoxbKvcSPkW7te5-N547Q6A6OweO=w408-h308-k-no,true,8 am–5:30 pm,8 am–5 pm,8 am–5 pm,Closed,Closed,8 am–5 pm,8 am–5 pm,"https://www.google.com/maps/search/pain+management+physician+in+Bloomington+Terra+Haute+IN/@39.4654441,-87.4139427,14z",2026-01-28T19:36:11.572Z,
"https://www.google.com/maps/place/Daewoong+Lee,+MD+-+IU+Health+Pain+Management+-+Bloomington/data=!4m7!3m6!1s0x886c6519f5393a17:0x7e09ec9ebf2dcace!8m2!3d39.160769!4d-86.4902134!16s%2Fg%2F11y6gcg6w4!19sChIJFzo59RllbIgRzsotv57sCX4","Daewoong Lee, MD - IU Health Pain Management - Bloomington",5.0,3,Pain management physician,"583 S Clarizz Blvd, Bloomington, IN 47401, United States","5G65+8W Bloomington, Indiana, USA",https://iuhealth.org/find-providers/provider/daewoong-lee-md-1948169?utm_source=Google&utm_medium=Yext&y_source=1_MTA1ODEyMjg2Ny03MTUtbG9jYXRpb24ud2Vic2l0ZQ%3D%3D,+1 812-353-2700,Open · Closes 4:30 pm,https://lh3.googleusercontent.com/p/AF1QipMqj4Y9Ke6EO1wJmyWweyKzqHrf1ndo4vpk4wtd=w426-h240-k-no,true,8 am–4:30 pm,8 am–4:30 pm,8 am–4:30 pm,Closed,Closed,8 am–4:30 pm,8 am–4:30 pm,"https://www.google.com/maps/search/pain+management+physician+in+Bloomington+Terra+Haute+IN/@39.4654441,-87.4139427,14z",2026-01-28T19:36:16.389Z,
https://www.google.com/maps/place/Etheridge+Gene+DC/data=!4m7!3m6!1s0x886d6fff03fe7349:0xf854f0940780e7e8!8m2!3d39.4596394!4d-87.3790894!16s%2Fg%2F1tf610ns!19sChIJSXP-A_9vbYgR6OeAB5TwVPg,Etheridge Gene DC,4.9,28,Chiropractor,"631 S 25th St, Terre Haute, IN 47803, United States","FJ5C+V9 Terre Haute, Indiana, USA",,+1 812-232-8803,,https://streetviewpixels-pa.googleapis.com/v1/thumbnail?panoid=z587ep0b6fT9z2me-_u_IQ&cb_client=search.gws-prod.gps&w=408&h=240&yaw=269.92078&pitch=0&thumbfov=100,false,,,,,,,,"https://www.google.com/maps/search/pain+management+physician+in+Bloomington+Terra+Haute+IN/@39.4654441,-87.4139427,14z",2026-01-28T19:36:19.297Z,
https://www.google.com/maps/place/Cosmetic+Alternatives+Nonsurgical+Cosmetic+Services/data=!4m7!3m6!1s0x886d651b166b6e61:0x251f0d567cacf1d2!8m2!3d39.4876061!4d-87.414533!16s%2Fg%2F1tcx_l5v!19sChIJYW5rFhtlbYgR0vGsfFYNHyU,Cosmetic Alternatives Nonsurgical Cosmetic Services,3.1,19,Cosmetic surgeon,"1818 N 3rd St, Terre Haute, IN 47804, United States","FHQP+25 Terre Haute, Indiana, USA",http://www.dochaber.com/,+1 812-478-9494,Open · Closes 5 pm,https://lh3.googleusercontent.com/gps-cs-s/AHVAwepex7tkGswCGl0PHmJaOMt4Cehiv6bVp7qqbwNoMsx1oi444qGvLoTK59nbcF_JgoHF1bECg0mGqa7PmQrPmbhKkYA5wJgMN3YdeuFawcAoJQEEErRuBcGFM_2MEQd_Xj8qvLF4My21DOY=w408-h544-k-no,false,9 am–5 pm,9 am–5 pm,9 am–5 pm,Closed,Closed,9 am–5 pm,9 am–5 pm,"https://www.google.com/maps/search/pain+management+physician+in+Bloomington+Terra+Haute+IN/@39.4654441,-87.4139427,14z",2026-01-28T19:36:24.251Z,
"https://www.google.com/maps/place/Dr.+Douglas+H.+Paine,+MD/data=!4m7!3m6!1s0x886d7b002b60e2f7:0xf9b17b926d07f0c5!8m2!3d39.4378435!4d-87.4076583!16s%2Fg%2F1tdn9f3t!19sChIJ9-JgKwB7bYgRxfAHbZJ7sfk","Dr. Douglas H. Paine, MD",2.3,6,Neurologist,"2723 S 7th St #1, Terre Haute, IN 47802, United States","CHQR+4W Terre Haute, Indiana, USA",http://www.provmed.com/,+1 812-232-8292,Open · Closes 4:30 pm,https://streetviewpixels-pa.googleapis.com/v1/thumbnail?panoid=SwDdgKlw1ab4Cl8YB01HgA&cb_client=search.gws-prod.gps&w=408&h=240&yaw=199.02463&pitch=0&thumbfov=100,false,8:30 am–4:30 pm,8:30 am–4:30 pm,8:30 am–4:30 pm,Closed,Closed,8:30 am–4:30 pm,8:30 am–4:30 pm,"https://www.google.com/maps/search/pain+management+physician+in+Bloomington+Terra+Haute+IN/@39.4654441,-87.4139427,14z",2026-01-28T19:36:29.138Z,
https://www.google.com/maps/place/Union+Hospital/data=!4m7!3m6!1s0x886d6510878b164b:0x27f147556a138687!8m2!3d39.4856183!4d-87.406951!16s%2Fg%2F1th294bt!19sChIJSxaLhxBlbYgRh4YTalVH8Sc,Union Hospital,2.5,366,Hospital,"1606 N 7th St, Terre Haute, IN 47804, United States","FHPV+66 Terre Haute, Indiana, USA",http://union.health/,+1 812-238-7000,,https://lh3.googleusercontent.com/p/AF1QipN4NiYCkH5adZ6me5bRRF6SGC3NA_2X-D-vaxqB=w426-h240-k-no,true,Open 24 hours,Open 24 hours,Open 24 hours,Open 24 hours,Open 24 hours,Open 24 hours,Open 24 hours,"https://www.google.com/maps/search/pain+management+physician+in+Bloomington+Terra+Haute+IN/@39.4654441,-87.4139427,14z",2026-01-28T19:36:34.115Z,
https://www.google.com/maps/place/IU+Health+Pain+Procedure+Center+-+Bloomington/data=!4m7!3m6!1s0x886c65a4ab34d609:0x4bfb1891cecf59fb!8m2!3d39.156066!4d-86.4964298!16s%2Fg%2F1tvtc2f_!19sChIJCdY0q6RlbIgR-1nPzpEY-0s,IU Health Pain Procedure Center - Bloomington,3.0,35,Pain control clinic,"888 S Auto Mall Rd, Bloomington, IN 47401, United States","5G43+CC Bloomington, Indiana, USA",https://iuhealth.org/find-locations/iu-health-pain-procedure-center-888-s-auto-mall-rd-bloomington?utm_source=Google&utm_medium=Yext&y_source=1_MTE5NDIzMzgtNzE1LWxvY2F0aW9uLndlYnNpdGU%3D,+1 812-353-2711,"Open · Closes 4:30 pm

Confirmed by this business 9 weeks ago",https://lh3.googleusercontent.com/p/AF1QipPUAzjs3wB2DHSv6pqtQi85Yb_0VzmQdZQjzIXV=w426-h240-k-no,true,8 am–4:30 pm,8 am–4:30 pm,8 am–4:30 pm,Closed,Closed,8 am–4:30 pm,8 am–4:30 pm,"https://www.google.com/maps/search/pain+management+physician+in+Bloomington+Terra+Haute+IN/@39.4654441,-87.4139427,14z",2026-01-28T19:36:39.174Z,
"https://www.google.com/maps/place/Lynch+Surgical+Group,+PC/data=!4m7!3m6!1s0x886d6510752134c1:0x6847ff6120485142!8m2!3d39.4874266!4d-87.4108739!16s%2Fg%2F1tflss2k!19sChIJwTQhdRBlbYgRQlFIIGH_R2g","Lynch Surgical Group, PC",4.8,285,Surgeon,"1818 N 6th St, Terre Haute, IN 47804, United States","FHPQ+XM Terre Haute, Indiana, USA",https://www.lynchsurgicalgroup.com/,+1 812-232-1123,Open · Closes 4:30 pm,https://streetviewpixels-pa.googleapis.com/v1/thumbnail?panoid=1h9sWXX_Pu8OMouIfYzd8Q&cb_client=search.gws-prod.gps&w=408&h=240&yaw=216.73354&pitch=0&thumbfov=100,true,9 am–4:30 pm,9 am–4:30 pm,9 am–4:30 pm,Closed,Closed,9 am–4:30 pm,9 am–4:30 pm,"https://www.google.com/maps/search/pain+management+physician+in+Bloomington+Terra+Haute+IN/@39.4654441,-87.4139427,14z",2026-01-28T19:36:43.950Z,
https://www.google.com/maps/place/Kennedy+Foot+Care/data=!4m7!3m6!1s0x886d7acd6d7ecb53:0x46ee2a37081e657e!8m2!3d39.4495701!4d-87.4071663!16s%2Fg%2F1tlqqr2l!19sChIJU8t-bc16bYgRfmUeCDcq7kY,Kennedy Foot Care,3.6,11,Medical clinic,"1543 S 7th St, Terre Haute, IN 47802, United States","CHXV+R4 Terre Haute, Indiana, USA",https://rymap.org/business/kennedy-foot-care-rzm5ld,+1 812-232-3338,Closes soon · 3 pm · Opens 9 am Thu,https://streetviewpixels-pa.googleapis.com/v1/thumbnail?panoid=IX1AMMudlSazn6vyPwmARw&cb_client=search.gws-prod.gps&w=408&h=240&yaw=259.37677&pitch=0&thumbfov=100,false,9 am–3 pm,9 am–3 pm,Closed,Closed,Closed,9 am–3 pm,9 am–3 pm,"https://www.google.com/maps/search/pain+management+physician+in+Bloomington+Terra+Haute+IN/@39.4654441,-87.4139427,14z",2026-01-28T19:36:48.768Z,
"https://www.google.com/maps/place/Dr.+Lisa+C.+Ferguson,+MD/data=!4m7!3m6!1s0x886d6511aaaaaaab:0x4e526916ef609fb4!8m2!3d39.4637739!4d-87.4108526!16s%2Fg%2F11k6l_rw2v!19sChIJq6qqqhFlbYgRtJ9g7xZpUk4","Dr. Lisa C. Ferguson, MD",5.0,4,Nurse practitioner,"221 S 6th St, Terre Haute, IN 47807, United States","FH7Q+GM Terre Haute, Indiana, USA",http://www.myunionhospital.org/,+1 812-242-3120,,https://streetviewpixels-pa.googleapis.com/v1/thumbnail?panoid=CQApc2McpPU6sM7g7nJjDg&cb_client=search.gws-prod.gps&w=408&h=240&yaw=258.5723&pitch=0&thumbfov=100,false,,,,,,,,"https://www.google.com/maps/search/pain+management+physician+in+Bloomington+Terra+Haute+IN/@39.4654441,-87.4139427,14z",2026-01-28T19:36:51.530Z,
https://www.google.com/maps/place/Mackay+Allan+MD/data=!4m7!3m6!1s0x886c5df529ecabff:0xe28c09439eae459!8m2!3d39.1675122!4d-86.5826152!16s%2Fg%2F1tff8bzp!19sChIJ_6vsKfVdbIgRWeTqOZTAKA4,Mackay Allan MD,4.0,21,Pain management physician,"100 N Curry Pike, Bloomington, IN 47404, United States","5C98+2X Bloomington, Indiana, USA",https://neuropathyandpaincenter.com/,+1 812-339-5424,,https://streetviewpixels-pa.googleapis.com/v1/thumbnail?panoid=OtlhIgfW-T26sIZeiO69pg&cb_client=search.gws-prod.gps&w=408&h=240&yaw=63.66163&pitch=0&thumbfov=100,false,,,,,,,,"https://www.google.com/maps/search/pain+management+physician+in+Bloomington+Terra+Haute+IN/@39.4654441,-87.4139427,14z",2026-01-28T19:36:54.334Z,
https://www.google.com/maps/place/Wilson+Andrew+G+MD/data=!4m7!3m6!1s0x886d651137ba1f87:0x141cda18acb9ce34!8m2!3d39.4841032!4d-87.4085882!16s%2Fg%2F1tcxv_45!19sChIJhx-6NxFlbYgRNM65rBjaHBQ,Wilson Andrew G MD,3.4,22,Neurosurgeon,"1513 N 6th 1/2 St building 8, Terre Haute, IN 47807, United States","FHMR+JH Terre Haute, Indiana, USA",,+1 812-238-4900,,https://streetviewpixels-pa.googleapis.com/v1/thumbnail?panoid=HIUL0wjNIOVYjx7Au1RxHQ&cb_client=search.gws-prod.gps&w=408&h=240&yaw=81.33544&pitch=0&thumbfov=100,false,,,,,,,,"https://www.google.com/maps/search/pain+management+physician+in+Bloomington+Terra+Haute+IN/@39.4654441,-87.4139427,14z",2026-01-28T19:36:57.192Z,
"https://www.google.com/maps/place/Bone+%26+Joint+Center:+McGuirk,+Douglas+MD/data=!4m7!3m6!1s0x886d651a8839b39d:0xde985a044571ea26!8m2!3d39.4866415!4d-87.4113334!16s%2Fg%2F1tmz7pf5!19sChIJnbM5iBplbYgRJupxRQRamN4","Bone & Joint Center: McGuirk, Douglas MD",4.0,12,Hand surgeon,"1725 N 5th St, Terre Haute, IN 47804, United States","FHPQ+MF Terre Haute, Indiana, USA",http://www.uapclinic.com/,+1 812-242-3005,Open · Closes 5 pm,https://lh3.googleusercontent.com/p/AF1QipOgykprSj8jxc08TsucBCoJGOUOxH4YSHLuu3ga=w408-h308-k-no,true,8 am–5 pm,8 am–5 pm,8 am–5 pm,Closed,Closed,8 am–5 pm,8 am–5 pm,"https://www.google.com/maps/search/pain+management+physician+in+Bloomington+Terra+Haute+IN/@39.4654441,-87.4139427,14z",2026-01-28T19:37:02.120Z,
https://www.google.com/maps/place/Commonwealth+Pain+and+Spine+-+Vincennes/data=!4m7!3m6!1s0x886dff79147b111f:0x11d5b5c97a2e3e55!8m2!3d38.6727584!4d-87.5329401!16s%2Fg%2F11gbkzl5zp!19sChIJHxF7FHn_bYgRVT4uesm11RE,Commonwealth Pain and Spine - Vincennes,4.7,470,Pain management physician,"520 S 7th St, Vincennes, IN 47591, United States","MFF8+4R Vincennes, Indiana, USA",https://www.mypainsolution.com/?utm_source=gmb_auth,+1 812-316-0327,Open · Closes 4:30 pm,https://lh3.googleusercontent.com/gps-cs-s/AHVAweoCV-_u8aaAFEXoagkzArRE1dk-_ZNwPyOylx9wVITExXzYjnsujnlTpUwhv4j0W5Vx38HzbG8aeAFlwwkhhnnI1xO4av2SVfjtIhnPB0RcyYsxXU3rPD6ITdsDFnGFlwT9_woo=w408-h306-k-no,true,7:30 am–4:30 pm,7:30 am–4:30 pm,Closed,Closed,Closed,7:30 am–4:30 pm,7:30 am–4:30 pm,"https://www.google.com/maps/search/pain+management+physician+in+Bloomington+Terra+Haute+IN/@39.4654441,-87.4139427,14z",2026-01-28T19:37:07.061Z,
"https://www.google.com/maps/place/Jeff+Bollenbacher,+DO/data=!4m7!3m6!1s0x886d7b3d458c1051:0x30f3d236b8587f7a!8m2!3d39.4211094!4d-87.4120547!16s%2Fg%2F11p11ql3j8!19sChIJURCMRT17bYgRen9YuDbS8zA","Jeff Bollenbacher, DO",4.9,205,Orthopedic surgeon,"3736 S 4th St, Terre Haute, IN 47802, United States","CHCQ+C5 Terre Haute, Indiana, USA",https://www.myhorizonhealth.org/find-a-doctor/jeff-bollenbacher-do/?utm_source=GMBSocialClimb&utm_medium=JeffBollenbacher%2CDO,+1 812-237-1411,Closed · Opens 8 am Fri,https://lh3.googleusercontent.com/p/AF1QipNFgZPCDn2wh-LXR7wlDT4eb5dvZshQZ0pKNvhw=w408-h516-k-no,true,Closed,Closed,8 am–5 pm,Closed,Closed,8 am–5 pm,8 am–5 pm,"https://www.google.com/maps/search/pain+management+physician+in+Bloomington+Terra+Haute+IN/@39.4654441,-87.4139427,14z",2026-01-28T19:37:11.798Z,
https://www.google.com/maps/place/Therapy+Alternatives+Rehab+Services/data=!4m7!3m6!1s0x886d651b166b6e61:0xfec66e49553954b1!8m2!3d39.4876349!4d-87.4145684!16s%2Fg%2F1tdxlmkm!19sChIJYW5rFhtlbYgRsVQ5VUluxv4,Therapy Alternatives Rehab Services,3.0,2,Physical therapy clinic,"1818 N 3rd St, Terre Haute, IN 47804, United States","FHQP+35 Terre Haute, Indiana, USA",,+1 812-478-9494,,https://streetviewpixels-pa.googleapis.com/v1/thumbnail?panoid=n7WX2-gipDiL1ysEwPVQmA&cb_client=search.gws-prod.gps&w=408&h=240&yaw=262.42334&pitch=0&thumbfov=100,false,,,,,,,,"https://www.google.com/maps/search/pain+management+physician+in+Bloomington+Terra+Haute+IN/@39.4654441,-87.4139427,14z",2026-01-28T19:37:14.441Z,
https://www.google.com/maps/place/Dr.+Travis+Maiers/data=!4m7!3m6!1s0x886d651175000001:0xd4e3d6086465f910!8m2!3d39.4859256!4d-87.406961!16s%2Fg%2F11ss_4qsp5!19sChIJAQAAdRFlbYgREPllZAjW49Q,Dr. Travis Maiers,5.0,1,Emergency care physician,"1606 N 7th St, Terre Haute, IN 47804, United States",,,+1 812-238-7000,,https://streetviewpixels-pa.googleapis.com/v1/thumbnail?panoid=SJbplfr3ZlPAxqCxL42vXg&cb_client=search.gws-prod.gps&w=408&h=240&yaw=323.59604&pitch=0&thumbfov=100,false,,,,,,,,"https://www.google.com/maps/search/pain+management+physician+in+Bloomington+Terra+Haute+IN/@39.4654441,-87.4139427,14z",2026-01-28T19:37:17.178Z,
https://www.google.com/maps/place/Mackay+Pain+Clinic/data=!4m7!3m6!1s0x886c5df529ecabff:0x82de4bd5c6901d5c!8m2!3d39.1675338!4d-86.5826568!16s%2Fg%2F113flyb4j!19sChIJ_6vsKfVdbIgRXB2QxtVL3oI,Mackay Pain Clinic,3.3,9,Pain control clinic,"100 N Curry Pike, Bloomington, IN 47404, United States","5C98+2W Bloomington, Indiana, USA",http://www.mackaypaincenter.com/,+1 812-339-5424,Closed · Opens 8 am Fri,https://streetviewpixels-pa.googleapis.com/v1/thumbnail?panoid=OtlhIgfW-T26sIZeiO69pg&cb_client=search.gws-prod.gps&w=408&h=240&yaw=56.8422&pitch=0&thumbfov=100,false,Closed,Closed,8 am–5 pm,Closed,Closed,Closed,Closed,"https://www.google.com/maps/search/pain+management+physician+in+Bloomington+Terra+Haute+IN/@39.4654441,-87.4139427,14z",2026-01-28T19:37:22.082Z,
https://www.google.com/maps/place/Terre+Haute+Neurosurgical+And+Spine+Clinic+LLC/data=!4m7!3m6!1s0x886d651137ba1f87:0xfc8fde1639e89edf!8m2!3d39.4841032!4d-87.4085882!16s%2Fg%2F1vhq4g3w!19sChIJhx-6NxFlbYgR357oORbej_w,Terre Haute Neurosurgical And Spine Clinic LLC,,,Medical clinic,"1513 N 6th 1/2 St building 3, Terre Haute, IN 47807, United States","FHMR+JH Terre Haute, Indiana, USA",,+1 812-238-4900,,https://streetviewpixels-pa.googleapis.com/v1/thumbnail?panoid=HIUL0wjNIOVYjx7Au1RxHQ&cb_client=search.gws-prod.gps&w=408&h=240&yaw=81.33544&pitch=0&thumbfov=100,true,,,,,,,,"https://www.google.com/maps/search/pain+management+physician+in+Bloomington+Terra+Haute+IN/@39.4654441,-87.4139427,14z",2026-01-28T19:37:24.636Z,
"https://www.google.com/maps/place/Narotam+Pradeep+MD/@39.4844633,-87.4077844,17z/data=!3m1!4b1!4m6!3m5!1s0x886d651137ba1f87:0xae0461da2b4005d2!8m2!3d39.4844633!4d-87.4077844!16s%2Fg%2F1wk7rm0n",Narotam Pradeep MD,3.8,6,Neurosurgeon,"1530 N 7th St #500, Terre Haute, IN 47807, United States","FHMR+QV Terre Haute, Indiana, USA",,+1 812-238-4555,,,false,,,,,,,,"https://www.google.com/maps/search/pain+management+physician+in+Bloomington+Terra+Haute+IN/@39.4654441,-87.4139427,14z",2026-01-28T19:37:29.306Z,
"https://www.google.com/maps/place/Dr.+Custodio+L.+Lim,+MD/data=!4m7!3m6!1s0x886d65588b68117b:0x68b6571fdc466ba4!8m2!3d39.4700712!4d-87.382103!16s%2Fg%2F1tdd5_zk!19sChIJexFoi1hlbYgRpGtG3B9Xtmg","Dr. Custodio L. Lim, MD",4.4,13,Surgeon,"2235 Wabash Ave, Terre Haute, IN 47807, United States","FJC9+25 Terre Haute, Indiana, USA",https://www.limlasercenter.com/doctor-and-staff/3820985,+1 812-234-5273,Open · Closes 5 pm,https://streetviewpixels-pa.googleapis.com/v1/thumbnail?panoid=o4O9aeLPDnGVP3yg24Jonw&cb_client=search.gws-prod.gps&w=408&h=240&yaw=144.13219&pitch=0&thumbfov=100,false,9 am–5 pm,9 am–5 pm,9 am–5 pm,Closed,Closed,9 am–5 pm,9 am–5 pm,"https://www.google.com/maps/search/pain+management+physician+in+Bloomington+Terra+Haute+IN/@39.4654441,-87.4139427,14z",2026-01-28T19:37:34.310Z,
"https://www.google.com/maps/place/Daniel+Callahan/@39.1251779,-87.4117255,17z/data=!3m1!4b1!4m6!3m5!1s0x886d8f8821dcb6f3:0xf72dd31bd13f4daf!8m2!3d39.1251779!4d-87.4117255!16s%2Fg%2F11pkfr13dd",Daniel Callahan,4.1,27,Pain management physician,"2200 N Section St, Sullivan, IN 47882, United States","4HGQ+38 Sullivan, Indiana, USA",https://scch.health/services/pain-management/,+1 812-268-2556,,,false,,,,,,,,"https://www.google.com/maps/search/pain+management+physician+in+Bloomington+Terra+Haute+IN/@39.4654441,-87.4139427,14z",2026-01-28T19:37:39.103Z,
"https://www.google.com/maps/place/George+Saliba/@39.621285,-86.8476013,17z/data=!3m1!4b1!4m6!3m5!1s0x886cde3b65aaaaab:0x672357199b0dbaf0!8m2!3d39.621285!4d-86.8476013!16s%2Fg%2F11qgb725zj",George Saliba,5.0,2,Pain management physician,"1542 S Bloomington St, Greencastle, IN 46135, United States",,https://splinternetmarketing.com/local-pros/indiana/greencastle/george-saliba/,+1 765-301-7300,,,false,,,,,,,,"https://www.google.com/maps/search/pain+management+physician+in+Greencastle+Terra+Haute+IN/@39.4654441,-87.4139427,14z",2026-01-28T19:38:02.176Z,
https://www.google.com/maps/place/Center+For+Pain/data=!4m7!3m6!1s0x88529a7463e7bd9d:0x771d74ce623c6948!8m2!3d36.6966894!4d-79.8551506!16s%2Fg%2F11c2nprgvq!19sChIJnb3nY3SaUogRSGk8Ys50HXc,Center For Pain,,,Pain management physician,"445 Commonwealth Blvd E, Martinsville, VA 24112, United States","M4WV+MW Martinsville, Virginia, USA",,,,https://streetviewpixels-pa.googleapis.com/v1/thumbnail?panoid=Q13EIFnUzFDIbrBwGfjvGw&cb_client=search.gws-prod.gps&w=408&h=240&yaw=312.27786&pitch=0&thumbfov=100,false,,,,,,,,"https://www.google.com/maps/search/pain+management+physician+in+Martinsville+Terra+Haute+IN/@36.6915262,-79.8725386,14z",2026-01-28T19:38:18.689Z,
"https://www.google.com/maps/place/James+Adam+Dailey/@36.6808787,-79.8525631,17z/data=!3m1!4b1!4m6!3m5!1s0x88529097fb0fffff:0x7262677b4a80da8!8m2!3d36.6808787!4d-79.8525631!16s%2Fg%2F11kjq67xt8",James Adam Dailey,5.0,2,Sports medicine physician,"1075 Spruce St, Martinsville, VA 24112, United States","M4JW+9X Martinsville, Virginia, USA",,+1 276-790-3233,,,false,,,,,,,,"https://www.google.com/maps/search/pain+management+physician+in+Martinsville+Terra+Haute+IN/@36.6915262,-79.8725386,14z",2026-01-28T19:38:23.327Z,
https://www.google.com/maps/place/Sovah+Occupational+Medicine+-+Martinsville/data=!4m7!3m6!1s0x88529be83cdc0ea7:0x2bcf61c51497c7dd!8m2!3d36.6987281!4d-79.8647147!16s%2Fg%2F11g03yw62q!19sChIJpw7cPOibUogR3ceXFMVhzys,Sovah Occupational Medicine - Martinsville,2.0,1,Medical office,"319 Hospital Dr #107, Martinsville, VA 24112, United States","M4XP+F4 Martinsville, Virginia, USA",https://sovahphysicians.com/sovah-occupational-medicine,+1 276-666-7865,Open · Closes 4 pm,https://streetviewpixels-pa.googleapis.com/v1/thumbnail?panoid=aBj_FTvQKg_5-ekA0TDmgA&cb_client=search.gws-prod.gps&w=408&h=240&yaw=46.71123&pitch=0&thumbfov=100,true,8 am–4 pm,8 am–4 pm,8 am–4 pm,Closed,Closed,8 am–4 pm,8 am–4 pm,"https://www.google.com/maps/search/pain+management+physician+in+Martinsville+Terra+Haute+IN/@36.6915262,-79.8725386,14z",2026-01-28T19:38:28.247Z,
https://www.google.com/maps/place/Sovah+Orthopedics+%26+Sports+Medicine+-+Martinsville/data=!4m7!3m6!1s0x88529a099669d751:0xcc946bfbd4ae5fe1!8m2!3d36.6925615!4d-79.8448612!16s%2Fg%2F1260z38bq!19sChIJUddplgmaUogR4V-u1PtrlMw,Sovah Orthopedics & Sports Medicine - Martinsville,4.0,45,Medical office,"1100 Church St E, Martinsville, VA 24112, United States","M5V4+23 Martinsville, Virginia, USA",https://sovahphysicians.com/sovah-orthopedics-sports-medicine-martinsville,+1 276-638-2354,Open · Closes 5 pm,https://streetviewpixels-pa.googleapis.com/v1/thumbnail?panoid=Pxfqo4QEShpFFpeFHyAU-A&cb_client=search.gws-prod.gps&w=408&h=240&yaw=65.77945&pitch=0&thumbfov=100,true,8:30 am–5 pm,8:30 am–5 pm,8:30 am–5 pm,Closed,Closed,8:30 am–5 pm,8:30 am–5 pm,"https://www.google.com/maps/search/pain+management+physician+in+Martinsville+Terra+Haute+IN/@36.6915262,-79.8725386,14z",2026-01-28T19:38:33.078Z,
https://www.google.com/maps/place/Dr.LeGrant+Chiropractic+Back+and+Neck+Pain+Relief+Center/data=!4m7!3m6!1s0x88529136a4b6bb09:0x661d4e76c4e1fe55!8m2!3d36.655695!4d-79.876405!16s%2Fg%2F11h94_djny!19sChIJCbu2pDaRUogRVf7hxHZOHWY,Dr.LeGrant Chiropractic Back and Neck Pain Relief Center,5.0,7,Chiropractor,"2549 Greensboro Rd, Martinsville, VA 24112, United States","M44F+7C Martinsville, Virginia, USA",https://legrantchiropractic.com/,+1 276-632-3334,Open · Closes 6 pm,https://lh3.googleusercontent.com/p/AF1QipO-yUthfq5iipLJN2ClFJv2kR7Rn9QVW_SL5G5n=w425-h240-k-no,true,8 am–6 pm,8 am–6 pm,Closed,Closed,Closed,8 am–6 pm,8 am–12 pm,"https://www.google.com/maps/search/pain+management+physician+in+Martinsville+Terra+Haute+IN/@36.6915262,-79.8725386,14z",2026-01-28T19:38:38.014Z,
https://www.google.com/maps/place/Hamdy+Medical+Center/data=!4m7!3m6!1s0x8852909de8549f93:0x944de1b8c55cd40!8m2!3d36.6962989!4d-79.8754975!16s%2Fg%2F1tf24sm2!19sChIJk59U6J2QUogRQM1VjBveRAk,Hamdy Medical Center,4.6,28,Surgical center,"110 Commonwealth Blvd W, Martinsville, VA 24112, United States","M4WF+GR Martinsville, Virginia, USA",https://sovahphysicians.com/news/sovah-physician-practices-welcomes-dr-kareem-hamdy,+1 276-634-5003,Open · Closes 5 pm,https://lh3.googleusercontent.com/gps-cs-s/AHVAwepYMjPrhwblBH7cnTthGIjtj_j8nO1ybmemqb0fL0uJw87IKqLGJn_X0NTWwasxa6It_47YYwloebFQgrq9YaiLV_DXHmTxL_krsPyazEWH1P1aLO6HwNPihpQkeAzOx4wEyXH4Ag=w408-h543-k-no,true,"9 am–12 pm, 2–5 pm","9 am–12 pm, 2–5 pm","9 am–12 pm, 2–5 pm",Closed,Closed,"9 am–12 pm, 2–5 pm","9 am–12 pm, 2–5 pm","https://www.google.com/maps/search/pain+management+physician+in+Martinsville+Terra+Haute+IN/@36.6915262,-79.8725386,14z",2026-01-28T19:38:42.851Z,
https://www.google.com/maps/place/Piedmont+Pain+Medicine/data=!4m7!3m6!1s0x8852ba68849351d3:0x267ca0b1ad554c6c!8m2!3d36.6145543!4d-79.5793662!16s%2Fg%2F1tk1npmn!19sChIJ01GThGi6UogRbExVrbGgfCY,Piedmont Pain Medicine,4.5,8,Pain control clinic,"10384 Martinsville Hwy, Danville, VA 24541, United States","JC7C+R7 Danville, Virginia, USA",https://weence.com/medical/doctors/danville-5/piedmont-pain-medicine/,+1 434-685-7855,Open · Closes 6 pm,https://streetviewpixels-pa.googleapis.com/v1/thumbnail?panoid=TOOZdpD6wzgPs8G8_sgqAw&cb_client=search.gws-prod.gps&w=408&h=240&yaw=7.5954556&pitch=0&thumbfov=100,false,8 am–6 pm,Closed,Closed,Closed,Closed,8 am–6 pm,8 am–6 pm,"https://www.google.com/maps/search/pain+management+physician+in+Martinsville+Terra+Haute+IN/@36.6915262,-79.8725386,14z",2026-01-28T19:38:47.607Z,
https://www.google.com/maps/place/John+Velyvis+M.D./data=!4m7!3m6!1s0x88529bb9cb44cdcf:0x99844087aca4a7d1!8m2!3d36.6925615!4d-79.8448612!16s%2Fg%2F11t05bl9w0!19sChIJz81Ey7mbUogR0aekrIdAhJk,John Velyvis M.D.,4.4,21,Orthopedic surgeon,"1100 Church St E, Martinsville, VA 24112, United States","M5V4+23 Martinsville, Virginia, USA",https://sovahphysicians.com/,+1 276-638-2354,Open · Closes 5 pm,https://lh3.googleusercontent.com/gps-cs-s/AHVAweoN2FHMpM1VEBLTCRFlcgA7eWQaMkBhPItDAX3ifI3-e11fu4ug8vMDTSW_SassUc475xNQqQ1Aj6D5jIbjpkebbDHkUdpfOmXqQWeob9tQV2lJVJNXm2iUqMZ7VK97l8D9McEnMg=w408-h544-k-no,true,8:30 am–5 pm,8:30 am–5 pm,8:30 am–5 pm,Closed,Closed,8:30 am–5 pm,8:30 am–5 pm,"https://www.google.com/maps/search/pain+management+physician+in+Martinsville+Terra+Haute+IN/@36.6915262,-79.8725386,14z",2026-01-28T19:38:52.610Z,
https://www.google.com/maps/place/Patrick+Szukics+DO/data=!4m7!3m6!1s0x88529b4021535cbd:0xa90a585f2215ce79!8m2!3d36.6925715!4d-79.8448781!16s%2Fg%2F11wc3nd6tt!19sChIJvVxTIUCbUogRec4VIl9YCqk,Patrick Szukics DO,5.0,14,Orthopedic surgeon,"1100 Church St E, Martinsville, VA 24112, United States","M5V4+22 Martinsville, Virginia, USA",https://sovahphysicians.com/,+1 276-638-2354,Open · Closes 5 pm,https://lh3.googleusercontent.com/p/AF1QipO5kuj-EOUINKQ6nD5H-6_Ip8ZU-vCesER0Gi9d=w408-h612-k-no,true,8 am–5 pm,8 am–5 pm,8 am–5 pm,Closed,Closed,8 am–5 pm,8 am–5 pm,"https://www.google.com/maps/search/pain+management+physician+in+Martinsville+Terra+Haute+IN/@36.6915262,-79.8725386,14z",2026-01-28T19:38:57.478Z,
https://www.google.com/maps/place/Sovah+ENT+%26+Allergy+-+Martinsville/data=!4m7!3m6!1s0x88529b2a567f8a85:0x986e8cf6add3692e!8m2!3d36.6987281!4d-79.8647147!16s%2Fg%2F11b6xjghmc!19sChIJhYp_ViqbUogRLmnTrfaMbpg,Sovah ENT & Allergy - Martinsville,3.4,25,Medical office,"319 Hospital Dr Suite 204, Martinsville, VA 24112, United States","M4XP+F4 Martinsville, Virginia, USA",https://sovahphysicians.com/sovah-ent-allergy-martinsville,+1 276-666-6673,Open · Closes 5 pm,https://streetviewpixels-pa.googleapis.com/v1/thumbnail?panoid=6sz9w84YHKuqOoqu64uxEQ&cb_client=search.gws-prod.gps&w=408&h=240&yaw=33.88517&pitch=0&thumbfov=100,true,8:30 am–5 pm,8:30 am–5 pm,8:30 am–5 pm,Closed,Closed,8:30 am–5 pm,8:30 am–5 pm,"https://www.google.com/maps/search/pain+management+physician+in+Martinsville+Terra+Haute+IN/@36.6915262,-79.8725386,14z",2026-01-28T19:39:02.272Z,
https://www.google.com/maps/place/Martinsville+Dermatology+and+Skin+Surgery+Center/data=!4m7!3m6!1s0x88529b87c8f05e93:0x800033ff45ec7f0d!8m2!3d36.6955909!4d-79.8595657!16s%2Fg%2F11fn4dypk8!19sChIJk17wyIebUogRDX_sRf8zAIA,Martinsville Dermatology and Skin Surgery Center,4.8,310,Dermatologist,"312 Fairy St Ext #201, Martinsville, VA 24112, United States","M4WR+65 Martinsville, Virginia, USA",http://www.skinsurgerycenter.net/locations/martinsville-dermatology-and-skin-surgery-center/?y_source=1_MTAwODkyODk2Ny03MTUtbG9jYXRpb24ud2Vic2l0ZQ%3D%3D,+1 276-632-6496,"Open · Closes 5 pm

Confirmed by this business 2 weeks ago",https://lh3.googleusercontent.com/gps-cs-s/AHVAwepu3hXAIQN883UQF-PUBC2vGYn8RfTAZUvEKniEsMds7cMWUCsRjMVzkEO-LfFDKXFZeUbdCNANXqrg-MZnMDAIVGMqu_xYml_1GOZTU5sjklbvi-VceY5InboQcTacCn-pnJPU=w408-h724-k-no,true,8 am–5 pm,8 am–5 pm,8 am–5 pm,Closed,Closed,8 am–5 pm,8 am–5 pm,"https://www.google.com/maps/search/pain+management+physician+in+Martinsville+Terra+Haute+IN/@36.6915262,-79.8725386,14z",2026-01-28T19:39:11.968Z,
https://www.google.com/maps/place/Martinsville+Chiropractic+Center/data=!4m7!3m6!1s0x88529a75e18eb3d9:0xba4d23d8c33e289!8m2!3d36.6944341!4d-79.8570549!16s%2Fg%2F1v_0kfsv!19sChIJ2bOO4XWaUogRieIzjD3SpAs,Martinsville Chiropractic Center,5.0,99,Chiropractor,"425 Commonwealth Blvd E, Martinsville, VA 24112, United States","M4VV+Q5 Martinsville, Virginia, USA",https://www.martinsvillechirocenter.com/,+1 276-632-2226,Open · Closes 5:30 pm,https://lh3.googleusercontent.com/p/AF1QipOCR2A0IBIp8xGz5kCl7IPGYDO3gh4ON5MafgPl=w408-h281-k-no,true,8 am–5:30 pm,8 am–5:30 pm,Closed,Closed,Closed,8 am–5:30 pm,8 am–12 pm,"https://www.google.com/maps/search/pain+management+physician+in+Martinsville+Terra+Haute+IN/@36.6915262,-79.8725386,14z",2026-01-28T19:39:17.020Z,
"https://www.google.com/maps/place/Michael+Wenkstern,+MD/data=!4m7!3m6!1s0x88529a099669ca9b:0xa5268298008f9076!8m2!3d36.6925615!4d-79.8448612!16s%2Fg%2F1tdygb3b!19sChIJm8pplgmaUogRdpCPAJiCJqU","Michael Wenkstern, MD",4.0,6,Orthopedic surgeon,"1100 Church St E, Martinsville, VA 24112, United States","M5V4+23 Martinsville, Virginia, USA",http://sovahphysicians.com/providers.cfm#WenksternMichael,+1 276-638-2354,Open · Closes 5 pm,https://streetviewpixels-pa.googleapis.com/v1/thumbnail?panoid=fHgQJ3HRhn5yM5-KlzWTYw&cb_client=search.gws-prod.gps&w=408&h=240&yaw=51.903248&pitch=0&thumbfov=100,false,8 am–5 pm,8 am–5 pm,8 am–5 pm,Closed,Closed,8 am–5 pm,8 am–5 pm,"https://www.google.com/maps/search/pain+management+physician+in+Martinsville+Terra+Haute+IN/@36.6915262,-79.8725386,14z",2026-01-28T19:39:22.071Z,
"https://www.google.com/maps/place/Amanda+W.+Pallone,+MD/data=!4m7!3m6!1s0x885290bcf58989c5:0xc4631b0d1258b0e2!8m2!3d36.6785278!4d-79.8486366!16s%2Fg%2F11dfj12ztr!19sChIJxYmJ9byQUogR4rBYEg0bY8Q","Amanda W. Pallone, MD",5.0,9,Family practice physician,"1107A Brookdale St, Martinsville, VA 24112, United States","M5H2+CG Martinsville, Virginia, USA",https://www.carilionclinic.org/providers/amanda-w-pallone-md?utm_source=local-listing&utm_medium=organic&utm_campaign=website-link,+1 276-670-3300,Open · Closes 5 pm,https://lh3.googleusercontent.com/p/AF1QipMFRtpJtq3609jYNvk-U_hJfXYqwaRakt8bXTJy=w426-h240-k-no,true,7:30 am–5 pm,7:30 am–5 pm,7:30 am–5 pm,Closed,Closed,7:30 am–5 pm,7:30 am–5 pm,"https://www.google.com/maps/search/pain+management+physician+in+Martinsville+Terra+Haute+IN/@36.6915262,-79.8725386,14z",2026-01-28T19:39:26.886Z,
https://www.google.com/maps/place/Sovah+Health+-+Martinsville/data=!4m7!3m6!1s0x88529a7bc868665f:0xfd7073c05828a5d3!8m2!3d36.6992976!4d-79.8671055!16s%2Fg%2F1tj80p24!19sChIJX2ZoyHuaUogR06UoWMBzcP0,Sovah Health - Martinsville,2.8,295,General hospital,"320 Hospital Dr, Martinsville, VA 24112, United States","M4XM+P5 Martinsville, Virginia, USA",https://www.sovahhealth.com/martinsville?utm_campaign=gmb&utm_medium=organic&utm_source=local,+1 276-666-7200,,https://lh3.googleusercontent.com/p/AF1QipNKq4KruPCzBD2T-HEnuC648lb3gLTQO38xyeqn=w408-h272-k-no,true,Open 24 hours,Open 24 hours,Open 24 hours,Open 24 hours,Open 24 hours,Open 24 hours,Open 24 hours,"https://www.google.com/maps/search/pain+management+physician+in+Martinsville+Terra+Haute+IN/@36.6915262,-79.8725386,14z",2026-01-28T19:39:31.923Z,
"https://www.google.com/maps/place/Bell+III+Maurice+H+MD/@36.6988137,-79.8666207,17z/data=!3m1!4b1!4m6!3m5!1s0x88529a782c58cf1d:0xe994f4f9b9c11d61!8m2!3d36.6988137!4d-79.8666207!16s%2Fg%2F1tvgw0z1",Bell III Maurice H MD,,,Anesthesiologist,"320 Hospital Dr, Martinsville, VA 24112, United States","M4XM+G9 Martinsville, Virginia, USA",http://www.martinsvillehospital.com/,+1 276-634-4971,,,false,,,,,,,,"https://www.google.com/maps/search/pain+management+physician+in+Martinsville+Terra+Haute+IN/@36.6915262,-79.8725386,14z",2026-01-28T19:39:36.469Z,
"https://www.google.com/maps/place/Paul+R.+Eason,+MD/data=!4m7!3m6!1s0x884d0d0bcb6bde8f:0xeaf1e3bf7b47652a!8m2!3d36.6785278!4d-79.8486366!16s%2Fg%2F11dfj1_bbf!19sChIJj95rywsNTYgRKmVHe7_j8eo","Paul R. Eason, MD",5.0,7,Family practice physician,"1107A Brookdale St, Martinsville, VA 24112, United States","M5H2+CG Martinsville, Virginia, USA",https://www.carilionclinic.org/providers/paul-r-eason-md?utm_source=local-listing&utm_medium=organic&utm_campaign=website-link,+1 276-670-3300,Open · Closes 5 pm,https://lh3.googleusercontent.com/p/AF1QipPiJxegJaDCMozyKe7JD72ytmAoiXkkwgCFbJ5y=w426-h240-k-no,true,7:30 am–5 pm,7:30 am–5 pm,7:30 am–5 pm,Closed,Closed,7:30 am–5 pm,7:30 am–5 pm,"https://www.google.com/maps/search/pain+management+physician+in+Martinsville+Terra+Haute+IN/@36.6915262,-79.8725386,14z",2026-01-28T19:39:42.067Z,
https://www.google.com/maps/place/the+pain+clinic+-+Roger+Bailey+MD/data=!4m7!3m6!1s0x886d7af98595f0b1:0x61f9c7d83470e112!8m2!3d39.4210607!4d-87.4120966!16s%2Fg%2F1tfg3vdg!19sChIJsfCVhfl6bYgREuFwNNjH-WE,the pain clinic - Roger Bailey MD,4.5,4,,"3740 S 4th St, Terre Haute, IN 47802, United States","CHCQ+C5 Terre Haute, Indiana, USA",https://www.doximity.com/pub/roger-bailey-md,+1 812-238-3030,Permanently closed,https://streetviewpixels-pa.googleapis.com/v1/thumbnail?panoid=Qj2C9qAypMKqvL4CazbeZA&cb_client=search.gws-prod.gps&w=408&h=240&yaw=91.57525&pitch=0&thumbfov=100,true,,,,,,,,"https://www.google.com/maps/search/pain+management+physician+in+Martinsville+Terra+Haute+IN/@36.6915262,-79.8725386,14z",2026-01-28T19:39:47.072Z,
"https://www.google.com/maps/place/Dr.+Eduardo+Fraifeld/@36.6808787,-79.8525631,17z/data=!3m1!4b1!4m6!3m5!1s0x88529097fb0fffff:0x4249d95f1a532cb9!8m2!3d36.6808787!4d-79.8525631!16s%2Fg%2F11rwxgbr43",Dr. Eduardo Fraifeld,,,Pain management physician,"1075 Spruce St, Martinsville, VA 24112, United States","M4JW+9X Martinsville, Virginia, USA",,+1 276-790-3232,Temporarily closed,,false,,,,,,,,"https://www.google.com/maps/search/pain+management+physician+in+Martinsville+Terra+Haute+IN/@36.6915262,-79.8725386,14z",2026-01-28T19:39:54.457Z,
"https://www.google.com/maps/place/Dr.+Pragnaben+S.+Patel,+MD/data=!4m7!3m6!1s0x886d6510e5e4a193:0x9e2b051e7984b535!8m2!3d39.4853869!4d-87.4087827!16s%2Fg%2F1v5_b5bv!19sChIJk6Hk5RBlbYgRNbWEeR4FK54","Dr. Pragnaben S. Patel, MD",5.0,2,Sports medicine physician,"1606 N 7th St, Terre Haute, IN 47804, United States","FHPR+5F Terre Haute, Indiana, USA",,+1 812-238-7000,,https://streetviewpixels-pa.googleapis.com/v1/thumbnail?panoid=mi4tFljyy_U5qlG6UnEc3w&cb_client=search.gws-prod.gps&w=408&h=240&yaw=93.2501&pitch=0&thumbfov=100,true,,,,,,,,"https://www.google.com/maps/search/pain+management+physician+in+Washington+Terra+Haute+IN/@39.4510076,-87.3996765,14z",2026-01-28T19:40:07.926Z,
https://www.google.com/maps/place/Center+for+Pain+Management/data=!4m7!3m6!1s0x886e2b46c61c209f:0xe751ff956a98d6ed!8m2!3d37.9617718!4d-87.4965313!16s%2Fg%2F11kjtsyfmg!19sChIJnyAcxkYrbogR7daYapX_Uec,Center for Pain Management,4.4,92,Pain management physician,"4411 Washington Ave #101, Evansville, IN 47714, United States","XG63+P9 Evansville, Indiana, USA",http://www.evansvillepain.com/,+1 812-437-7246,"Open · Closes 5 pm

Updated by others 11 weeks ago",https://lh3.googleusercontent.com/p/AF1QipMAG8S6QSQJB6AyWcw6nJxKhuG_uRXfU-4MrIlw=w408-h370-k-no,true,9 am–5 pm,9 am–5 pm,9 am–5 pm,Closed,Closed,9 am–5 pm,9 am–5 pm,"https://www.google.com/maps/search/pain+management+physician+in+Washington+Terra+Haute+IN/@39.4510076,-87.3996765,14z",2026-01-28T19:40:13.206Z,
https://www.google.com/maps/place/UAP+Clinic-Endocrinology/data=!4m7!3m6!1s0x886d65175742c881:0x4c26c3299908a521!8m2!3d39.4833227!4d-87.4098279!16s%2Fg%2F11b7xs6rg5!19sChIJgchCVxdlbYgRIaUImSnDJkw,UAP Clinic-Endocrinology,2.7,7,Medical clinic,"1429 N 6th St, Terre Haute, IN 47807, United States","FHMR+83 Terre Haute, Indiana, USA",,+1 812-244-5055,,https://streetviewpixels-pa.googleapis.com/v1/thumbnail?panoid=VGSePh-8qdwhFhywvLaRmQ&cb_client=search.gws-prod.gps&w=408&h=240&yaw=185.83856&pitch=0&thumbfov=100,false,,,,,,,,"https://www.google.com/maps/search/pain+management+physician+in+Washington+Terra+Haute+IN/@39.4510076,-87.3996765,14z",2026-01-28T19:40:20.841Z,
https://www.google.com/maps/place/SCCH+Center+for+Pain+Management/data=!4m7!3m6!1s0x886d8fe525451fc9:0xd170b8542fabe41a!8m2!3d39.1243192!4d-87.4100807!16s%2Fg%2F11vjl6q99k!19sChIJyR9FJeWPbYgRGuSrL1S4cNE,SCCH Center for Pain Management,5.0,1,Pain control clinic,"2120 N Section St, Sullivan, IN 47882, United States","4HFQ+PX Sullivan, Indiana, USA",https://scch.health/locations/pain-management-sullivan/?utm_source=Google&utm_medium=Organic&utm_campaign=gmb-listing,+1 812-268-2556,Open · Closes 6 pm,https://streetviewpixels-pa.googleapis.com/v1/thumbnail?panoid=4oBNE5Q52R-_FwJmRQfnEg&cb_client=search.gws-prod.gps&w=408&h=240&yaw=274.00763&pitch=0&thumbfov=100,true,"8 am–12 pm, 1–6 pm","8 am–12 pm, 1–6 pm",Closed,Closed,Closed,"8 am–12 pm, 1–6 pm","8 am–12 pm, 1–6 pm","https://www.google.com/maps/search/pain+management+physician+in+Washington+Terra+Haute+IN/@39.4510076,-87.3996765,14z",2026-01-28T19:40:25.708Z,
https://www.google.com/maps/place/Medical+Pain+Clinic/data=!4m7!3m6!1s0x886e2b2fd548c2bb:0xa72b47a1b2eca39c!8m2!3d37.959747!4d-87.490675!16s%2Fg%2F11cm_tclrq!19sChIJu8JI1S8rbogRnKPssqFHK6c,Medical Pain Clinic,4.7,3,Pain management physician,"1208 Washington Square, Evansville, IN 47715, United States","XG55+VP Evansville, Indiana, USA",http://www.medicalpainclinic.com/,+1 812-425-2662,Open · Closes 5 pm,https://streetviewpixels-pa.googleapis.com/v1/thumbnail?panoid=RCAd6nmdm95RE1ifUuUJbQ&cb_client=search.gws-prod.gps&w=408&h=240&yaw=269.05557&pitch=0&thumbfov=100,false,7 am–5 pm,Closed,7 am–5 pm,Closed,Closed,7 am–5 pm,Closed,"https://www.google.com/maps/search/pain+management+physician+in+Washington+Terra+Haute+IN/@39.4510076,-87.3996765,14z",2026-01-28T19:40:30.766Z,
"https://www.google.com/maps/place/Dr.+Paul+D.+West,+MD/data=!4m7!3m6!1s0x886d6510e5e4a193:0xb9a1bd5139180bfb!8m2!3d39.4853869!4d-87.4087827!16s%2Fg%2F1td0tn0y!19sChIJk6Hk5RBlbYgR-wsYOVG9obk","Dr. Paul D. West, MD",,,Anesthesiologist,"1606 N 7th St, Terre Haute, IN 47804, United States","FHPR+5F Terre Haute, Indiana, USA",,+1 812-238-7000,,https://streetviewpixels-pa.googleapis.com/v1/thumbnail?panoid=mi4tFljyy_U5qlG6UnEc3w&cb_client=search.gws-prod.gps&w=408&h=240&yaw=93.2501&pitch=0&thumbfov=100,false,,,,,,,,"https://www.google.com/maps/search/pain+management+physician+in+Washington+Terra+Haute+IN/@39.4510076,-87.3996765,14z",2026-01-28T19:40:34.158Z,
"https://www.google.com/maps/place/Dr.+Nicolaus+Winters,+Anesthesiology/@38.6727584,-87.5329401,17z/data=!3m1!4b1!4m6!3m5!1s0x886dffb5a05c4285:0x925abed6910f7d1c!8m2!3d38.6727584!4d-87.5329401!16s%2Fg%2F11h7d9vc6j","Dr. Nicolaus Winters, Anesthesiology",4.7,15,Pain management physician,"520 S 7th St, Vincennes, IN 47591, United States","MFF8+4R Vincennes, Indiana, USA",https://www.gshvin.org/find-a-provider/w/nicolaus-d-winters-md/,+1 812-316-0327,Open · Closes 4:30 pm,,false,7:30 am–4:30 pm,7:30 am–4:30 pm,Closed,Closed,Closed,7:30 am–4:30 pm,7:30 am–4:30 pm,"https://www.google.com/maps/search/pain+management+physician+in+Vincennes+Terra+Haute+IN/@38.677269,-87.5286325,14z",2026-01-28T19:40:49.221Z,
https://www.google.com/maps/place/Harper+Tonya+J/data=!4m7!3m6!1s0x886dff6f78607eb9:0xddf32f4607edfc5a!8m2!3d38.682091!4d-87.529222!16s%2Fg%2F1thqhhsm!19sChIJuX5geG__bYgRWvztB0Yv890,Harper Tonya J,5.0,1,Pain management physician,"328 N 2nd St #200, Vincennes, IN 47591, United States","MFJC+R8 Vincennes, Indiana, USA",,+1 812-885-0680,,https://streetviewpixels-pa.googleapis.com/v1/thumbnail?panoid=BiwdQD8sA70E5BR4PrHBZQ&cb_client=search.gws-prod.gps&w=408&h=240&yaw=327.41486&pitch=0&thumbfov=100,false,,,,,,,,"https://www.google.com/maps/search/pain+management+physician+in+Vincennes+Terra+Haute+IN/@38.677269,-87.5286325,14z",2026-01-28T19:40:52.436Z,
https://www.google.com/maps/place/Dr.+Mahendra+Sanapati/data=!4m7!3m6!1s0x886dff7e8dfaaaab:0xaef8c8a330900307!8m2!3d38.673284!4d-87.5365333!16s%2Fg%2F11k3_klk5z!19sChIJq6r6jX7_bYgRBwOQMKPI-K4,Dr. Mahendra Sanapati,1.0,1,Pain management physician,"545 Willow St, Vincennes, IN 47591, United States","MFF7+89 Vincennes, Indiana, USA",,+1 812-477-7246,,https://streetviewpixels-pa.googleapis.com/v1/thumbnail?panoid=51xMi0wqksV1y7_VhD6RUA&cb_client=search.gws-prod.gps&w=408&h=240&yaw=218.35263&pitch=0&thumbfov=100,false,,,,,,,,"https://www.google.com/maps/search/pain+management+physician+in+Vincennes+Terra+Haute+IN/@38.677269,-87.5286325,14z",2026-01-28T19:40:55.006Z,
"https://www.google.com/maps/place/Dedelow+Jeffrey+A+MD/@38.672928,-87.5326879,17z/data=!3m1!4b1!4m6!3m5!1s0x886dff7972cc7ebd:0x21be43d3848750b9!8m2!3d38.672928!4d-87.5326879!16s%2Fg%2F1v3gsngc",Dedelow Jeffrey A MD,5.0,1,Pain management physician,"520 S 7th St, Vincennes, IN 47591, United States","MFF8+5W Vincennes, Indiana, USA",,+1 812-885-3292,,,false,,,,,,,,"https://www.google.com/maps/search/pain+management+physician+in+Vincennes+Terra+Haute+IN/@38.677269,-87.5286325,14z",2026-01-28T19:40:59.851Z,
https://www.google.com/maps/place/Bear+Johnny+MD/data=!4m7!3m6!1s0x886dff6f653481f3:0xddc532cb3b49fc5f!8m2!3d38.68294!4d-87.5292447!16s%2Fg%2F1vtqwvpp!19sChIJ84E0ZW__bYgRX_xJO8syxd0,Bear Johnny MD,,,Pain management physician,"406 N 1st St l, Vincennes, IN 47591, United States","MFMC+58 Vincennes, Indiana, USA",http://www.gshvin.org/,+1 812-885-0520,,https://streetviewpixels-pa.googleapis.com/v1/thumbnail?panoid=zGYlBFuQ-dhqA9QmxOsT7g&cb_client=search.gws-prod.gps&w=408&h=240&yaw=327.5429&pitch=0&thumbfov=100,false,,,,,,,,"https://www.google.com/maps/search/pain+management+physician+in+Vincennes+Terra+Haute+IN/@38.677269,-87.5286325,14z",2026-01-28T19:41:02.520Z,
"https://www.google.com/maps/place/Stephen+K.+Young,+MD/@38.6727584,-87.5329401,17z/data=!3m1!4b1!4m6!3m5!1s0x886dff0eec17fe71:0x3dcf9421b58de2f4!8m2!3d38.6727584!4d-87.5329401!16s%2Fg%2F11pz3t41x6","Stephen K. Young, MD",,,Pain management physician,"520 S 7th St, Vincennes, IN 47591, United States","MFF8+4R Vincennes, Indiana, USA",https://www.gshvin.org/find-a-provider/y/stephen-k-young-md/,+1 812-316-0327,,,false,,,,,,,,"https://www.google.com/maps/search/pain+management+physician+in+Vincennes+Terra+Haute+IN/@38.677269,-87.5286325,14z",2026-01-28T19:41:07.040Z,
https://www.google.com/maps/place/Terry+D+Fenwick+MD/data=!4m7!3m6!1s0x886dff8fd4b0f2e3:0x36bd08c1644e6ac!8m2!3d38.6546784!4d-87.530261!16s%2Fg%2F1tgz1bhc!19sChIJ4_Kw1I__bYgRrOZEFozQawM,Terry D Fenwick MD,4.8,152,Orthopedic surgeon,"2121 Willow St, Vincennes, IN 47591, United States","MF39+VV Vincennes, Indiana, USA",https://www.tristate-ortho.com/provider/terry-d-fenwick-m-d/?utm_source=GMBSocialClimb&utm_medium=TerryDFenwickMD,+1 812-882-6637,Open · Closes 4:30 pm,https://streetviewpixels-pa.googleapis.com/v1/thumbnail?panoid=ocd5Wo7UQeiyCMWi22jtEA&cb_client=search.gws-prod.gps&w=408&h=240&yaw=255.69936&pitch=0&thumbfov=100,true,8 am–4:30 pm,7 am–4:30 pm,8 am–4:30 pm,Closed,Closed,7 am–4:30 pm,7 am–4:30 pm,"https://www.google.com/maps/search/pain+management+physician+in+Vincennes+Terra+Haute+IN/@38.677269,-87.5286325,14z",2026-01-28T19:41:11.878Z,
"https://www.google.com/maps/place/Nicholas+J.+Rensing,+M.D./data=!4m7!3m6!1s0x886dff023ee3306d:0xceb7b805ca102790!8m2!3d38.6544917!4d-87.5304285!16s%2Fg%2F11t5t41dxm!19sChIJbTDjPgL_bYgRkCcQygW4t84","Nicholas J. Rensing, M.D.",4.9,148,Orthopedic surgeon,"2121 Willow St, Vincennes, IN 47591, United States","MF39+QR Vincennes, Indiana, USA",https://www.tristate-ortho.com/?utm_source=GMBSocialClimb&utm_medium=NicholasJ.Rensing%2CM.D.,+1 812-882-6637,Open · Closes 4:30 pm,https://streetviewpixels-pa.googleapis.com/v1/thumbnail?panoid=YR7xBXfXxAB_mnEeX6cgEg&cb_client=search.gws-prod.gps&w=408&h=240&yaw=261.66916&pitch=0&thumbfov=100,true,8 am–4:30 pm,8 am–4:30 pm,8 am–4:30 pm,Closed,Closed,8 am–4:30 pm,8 am–4:30 pm,"https://www.google.com/maps/search/pain+management+physician+in+Vincennes+Terra+Haute+IN/@38.677269,-87.5286325,14z",2026-01-28T19:41:17.067Z,
,,,,,,,,,,,,,,,,,,,"https://www.google.com/maps/search/pain+management+physician+in+Bedford+Terra+Haute+IN/@39.4654441,-87.4139427,14z",2026-01-28T19:41:26.928Z,No new results found
https://www.google.com/maps/place/Center+for+Pain+Management/data=!4m7!3m6!1s0x88131c94aa40d9fb:0x5b0829a8b933ac5e!8m2!3d40.4055074!4d-86.8402922!16s%2Fg%2F1td612fw!19sChIJ-9lAqpQcE4gRXqwzuagpCFs,Center for Pain Management,4.5,397,Pain management physician,"3750Landmark Drive, Lafayette, IN 47905, United States","C545+6V Lafayette, Indiana, USA",http://www.indypain.com/,+1 765-807-2780,Open · Closes 4:30 pm,https://lh3.googleusercontent.com/p/AF1QipM4qeUYkANdzgxQWXa4WiB6_iGxRjZEC4yQ_JUe=w426-h240-k-no,true,8 am–4:30 pm,8 am–4:30 pm,8 am–4:30 pm,Closed,Closed,8 am–4:30 pm,8 am–4:30 pm,"https://www.google.com/maps/search/pain+management+physician+in+West+Lafayette+Terra+Haute+IN/@39.4654441,-87.4139427,14z",2026-01-28T19:41:42.792Z,
https://www.google.com/maps/place/IU+Health+Pain+Management+-+Lafayette/data=!4m7!3m6!1s0x88131d461ea93967:0x8445b41ab08d01f9!8m2!3d40.4194324!4d-86.8671205!16s%2Fg%2F11h64kd9k1!19sChIJZzmpHkYdE4gR-QGNsBq0RYQ,IU Health Pain Management - Lafayette,3.0,4,Pain management physician,"2600 Ferry St, Lafayette, IN 47904, United States","C49M+Q5 Lafayette, Indiana, USA",https://iuhealth.org/find-locations/iu-health-pain-management-2600-ferry-st-lafayette?utm_source=Google&utm_medium=Yext&y_source=1_MTE2NzE5NTItNzE1LWxvY2F0aW9uLndlYnNpdGU%3D,+1 765-838-6811,Open · Closes 5 pm,https://streetviewpixels-pa.googleapis.com/v1/thumbnail?panoid=O0Ph-8HnTJqOiefPrRTzZg&cb_client=search.gws-prod.gps&w=408&h=240&yaw=131.14485&pitch=0&thumbfov=100,true,8 am–5 pm,8 am–5 pm,8 am–5 pm,Closed,Closed,8 am–5 pm,8 am–5 pm,"https://www.google.com/maps/search/pain+management+physician+in+West+Lafayette+Terra+Haute+IN/@39.4654441,-87.4139427,14z",2026-01-28T19:41:48.281Z,
"https://www.google.com/maps/place/Ryan+D.+Loyd,+DO+-+IU+Health+Pain+Management+-+Lafayette/data=!4m7!3m6!1s0x88131d2f526b2c65:0xed4572a2ae242e65!8m2!3d40.4194324!4d-86.8671205!16s%2Fg%2F1tfln0pg!19sChIJZSxrUi8dE4gRZS4krqJyRe0","Ryan D. Loyd, DO - IU Health Pain Management - Lafayette",3.4,21,Pain management physician,"2600 Ferry St, Lafayette, IN 47904, United States","C49M+Q5 Lafayette, Indiana, USA",https://iuhealth.org/find-providers/provider/ryan-d-loyd-do-7790?utm_source=Google&utm_medium=Yext&y_source=1_MTE2NzIwNDctNzE1LWxvY2F0aW9uLndlYnNpdGU%3D,+1 765-838-6811,Open · Closes 5 pm,https://lh3.googleusercontent.com/p/AF1QipPEMMw6EUZaNNScyZMu62vhgZCTjJ-9AK3osRvg=w426-h240-k-no,true,8 am–5 pm,8 am–5 pm,8 am–5 pm,Closed,Closed,8 am–5 pm,8 am–5 pm,"https://www.google.com/maps/search/pain+management+physician+in+West+Lafayette+Terra+Haute+IN/@39.4654441,-87.4139427,14z",2026-01-28T19:42:00.335Z,
https://www.google.com/maps/place/Lafayette+Pain+Care/data=!4m7!3m6!1s0x88131ca28088ef59:0xdb37aa58f9e20c65!8m2!3d40.4086152!4d-86.8297273!16s%2Fg%2F1hhxmpclc!19sChIJWe-IgKIcE4gRZQzi-ViqN9s,Lafayette Pain Care,4.3,353,Pain control clinic,"770 Park East Blvd suite b, Lafayette, IN 47905, United States","C55C+C4 Lafayette, Indiana, USA",https://lafayettepaincare.net/,+1 765-714-4344,Open · Closes 4 pm,https://lh3.googleusercontent.com/gps-cs-s/AHVAwerfr92XmemuBdX0x_VsbLR1xVsaj3rZ13D1_PqFuzVBl7mRX1_IeYZsKgNgxH73EVQsslG_-RlMsdMTH99SbS0MXgXpF-xaKugUdLeHMnqBSIpD6CSxOt_YwmaZEGzUWPTNy__C=w408-h725-k-no,true,8 am–4 pm,8 am–4 pm,8 am–4 pm,Closed,Closed,8 am–4 pm,8 am–4 pm,"https://www.google.com/maps/search/pain+management+physician+in+West+Lafayette+Terra+Haute+IN/@39.4654441,-87.4139427,14z",2026-01-28T19:42:05.373Z,
"https://www.google.com/maps/place/Franciscan+Physician+Network+Neurosurgery+%26+Pain+Specialists/@40.3865852,-86.8400468,17z/data=!3m1!4b1!4m6!3m5!1s0x88131d38f14f2b8d:0x2ad7eeb335596e75!8m2!3d40.3865852!4d-86.8400468!16s%2Fg%2F11jsmh0562",Franciscan Physician Network Neurosurgery & Pain Specialists,5.0,2,Neurosurgeon,"3001 S Creasy Ln Suite 100A, Lafayette, IN 47905, United States","95P5+JX Lafayette, Indiana, USA",https://directory.franciscanhealth.org/location/franciscan-physician-network-neurosurgery-pain-specialists,+1 765-701-6451,Open · Closes 5 pm,,true,8 am–5 pm,8 am–5 pm,8 am–5 pm,Closed,Closed,8 am–5 pm,8 am–5 pm,"https://www.google.com/maps/search/pain+management+physician+in+West+Lafayette+Terra+Haute+IN/@39.4654441,-87.4139427,14z",2026-01-28T19:42:12.719Z,
"https://www.google.com/maps/place/Dr.+Robert+Bigler,+MD/data=!4m7!3m6!1s0x88131c99e27d37ad:0x6760b1fd4819526!8m2!3d40.3971158!4d-86.8367066!16s%2Fg%2F1tf3zzk5!19sChIJrTd94pkcE4gRJpWB1B8LdgY","Dr. Robert Bigler, MD",4.0,70,Pain management physician,"1345 Unity Pl #355, Lafayette, IN 47905, United States","95W7+R8 Lafayette, Indiana, USA",https://splinternetmarketing.com/local-pros/indiana/lafayette/dr-robert-bigler-md/,+1 765-807-7988,Open · Closes 5 pm,https://streetviewpixels-pa.googleapis.com/v1/thumbnail?panoid=xUUDALGQUpBfLXXH8DJlTA&cb_client=search.gws-prod.gps&w=408&h=240&yaw=99.29493&pitch=0&thumbfov=100,true,8 am–5 pm,8 am–5 pm,8 am–4:30 pm,Closed,Closed,8 am–5 pm,8 am–5 pm,"https://www.google.com/maps/search/pain+management+physician+in+West+Lafayette+Terra+Haute+IN/@39.4654441,-87.4139427,14z",2026-01-28T19:42:17.763Z,
https://www.google.com/maps/place/Pain+Care+Center/data=!4m7!3m6!1s0x88131c975c050185:0x9938efd5e225e267!8m2!3d40.3972089!4d-86.8367079!16s%2Fg%2F1vfp8tjs!19sChIJhQEFXJccE4gRZ-Il4tXvOJk,Pain Care Center,3.6,21,Pain control clinic,"1345 Unity Pl #355, Lafayette, IN 47905, United States","95W7+V8 Lafayette, Indiana, USA",,+1 765-807-7988,Open · Closes 5 pm,https://streetviewpixels-pa.googleapis.com/v1/thumbnail?panoid=xUUDALGQUpBfLXXH8DJlTA&cb_client=search.gws-prod.gps&w=408&h=240&yaw=89.8163&pitch=0&thumbfov=100,true,8 am–5 pm,8 am–5 pm,8 am–4:30 pm,Closed,Closed,8 am–5 pm,8 am–5 pm,"https://www.google.com/maps/search/pain+management+physician+in+West+Lafayette+Terra+Haute+IN/@39.4654441,-87.4139427,14z",2026-01-28T19:42:22.654Z,
https://www.google.com/maps/place/Lafayette+Pain+Care/data=!4m7!3m6!1s0x8812956308d3a3b3:0xbe569686173c74a2!8m2!3d40.2905485!4d-87.2965648!16s%2Fg%2F11ssx125zx!19sChIJs6PTCGOVEogRonQ8F4aWVr4,Lafayette Pain Care,4.9,10,Pain control clinic,"412 N Monroe St, Williamsport, IN 47993, United States","7PR3+69 Williamsport, Indiana, USA",https://lafayettepaincare.net/,+1 765-714-4344,Closed · Opens 8 am Fri,https://lh3.googleusercontent.com/p/AF1QipOqALoEMWpFlSiIgaEaOfpmLwxCBVwFECn57kUH=w427-h240-k-no,true,Closed,Closed,8 am–4 pm,Closed,Closed,Closed,Closed,"https://www.google.com/maps/search/pain+management+physician+in+West+Lafayette+Terra+Haute+IN/@39.4654441,-87.4139427,14z",2026-01-28T19:42:28.061Z,
,,,,,,,,,,,,,,,,,,,"https://www.google.com/maps/search/pain+management+physician+in+Lebanon+Terra+Haute+IN/@39.4654441,-87.4139427,14z",2026-01-28T19:42:42.744Z,No new results found