placeUrl,title,rating,reviewCount,category,address,plusCode,website,phoneNumber,currentStatus,imgUrl,isClaimed,tuesday,wednesday,thursday,friday,saturday,sunday,monday,query,timestamp,info,attributes,error
https://www.google.com/maps/place/California+Vein+%26+Wound+Center/data=!4m7!3m6!1s0x808506e9c47b77e1:0xfd57869523224c40!8m2!3d38.3229954!4d-122.2948503!16s%2Fg%2F1tdkgwgj!19sChIJ4Xd7xOkGhYARQEwiI5WGV_0,California Vein & Wound Center,5.0,2,Surgical center,"935 Trancas St #2c, Napa, CA 94558, United States","8PF4+53 Napa, California, USA",https://www.treatyourlegs.com/,+1 707-252-4955,Open · Closes 5 pm,https://lh3.googleusercontent.com/p/AF1QipPQKsBPh4-Y-JsxifK6SV5hLGPav-M-ISsMfK05=w408-h272-k-no,true,9 am–5 pm,9 am–5 pm,9 am–5 pm,9 am–5 pm,Closed,Closed,9 am–5 pm,"https://www.google.com/maps/search/vein+clinics+in+Napa+Napa+CA/@38.2975381,-122.286865,14z",2025-12-16T22:35:05.931Z,,,
"https://www.google.com/maps/place/Lawrence+J.+Goldstein,+MD,+FACS/data=!4m7!3m6!1s0x808506ea9a68bd99:0x8042b1f8e8bd2bd4!8m2!3d38.3242969!4d-122.2898896!16s%2Fg%2F1tt8ch4g!19sChIJmb1omuoGhYAR1Cu96PixQoA","Lawrence J. Goldstein, MD, FACS",3.7,3,Vascular surgeon,"4 Financial Plaza, Napa, CA 94558, United States","8PF6+P2 Napa, California, USA",https://www.bassmedicalgroup.com/doctors/lawrence-j-goldstein,+1 707-266-7051,Open · Closes 5 pm,https://streetviewpixels-pa.googleapis.com/v1/thumbnail?panoid=ju9-5IuLJkJRD5F7gTD9XA&cb_client=search.gws-prod.gps&w=408&h=240&yaw=245.27098&pitch=0&thumbfov=100,true,8 am–5 pm,8 am–5 pm,8 am–5 pm,8 am–5 pm,Closed,Closed,8 am–5 pm,"https://www.google.com/maps/search/vein+clinics+in+Napa+Napa+CA/@38.2975381,-122.286865,14z",2025-12-16T22:35:11.171Z,,,
"https://www.google.com/maps/place/Jeffrey+L+Brooks,+MD/data=!4m7!3m6!1s0x808506e9c47b77e1:0xa5e2e42cd0d0be2f!8m2!3d38.3229954!4d-122.2948503!16s%2Fg%2F1tfzbdmg!19sChIJ4Xd7xOkGhYARL77Q0Czk4qU","Jeffrey L Brooks, MD",,,Vascular surgeon,"935 Trancas St #2c, Napa, CA 94558, United States","8PF4+53 Napa, California, USA",https://www.treatyourlegs.com/,+1 707-252-4955,Open · Closes 5 pm,https://lh3.googleusercontent.com/p/AF1QipPO-7yxDU4F1cZvk53ljSxwVz-JN6Y0y_5WIomy=w426-h240-k-no,true,9 am–5 pm,9 am–5 pm,9 am–5 pm,9 am–5 pm,Closed,Closed,9 am–5 pm,"https://www.google.com/maps/search/vein+clinics+in+Napa+Napa+CA/@38.2975381,-122.286865,14z",2025-12-16T22:35:15.870Z,,,
https://www.google.com/maps/place/MedSpa+at+Napa+Solano+Plastic+Surgery/data=!4m7!3m6!1s0x8085070f995b1119:0xa819f24090be0507!8m2!3d38.322614!4d-122.299457!16s%2Fg%2F11spx793sk!19sChIJGRFbmQ8HhYARBwW-kEDyGag,MedSpa at Napa Solano Plastic Surgery,5.0,4,Medical spa,"1175 Trancas St, Napa, CA 94558, United States","8PF2+26 Napa, California, USA",https://www.napasolanomedispa.com/,+1 707-258-6053,Open · Closes 5 pm,https://lh3.googleusercontent.com/p/AF1QipN1CGgcnPM54KbTu7-GlqMOaPsvvbuDwublNWPS=w408-h272-k-no,true,9 am–5 pm,9 am–5 pm,9 am–5 pm,9 am–5 pm,Closed,Closed,9 am–5 pm,"https://www.google.com/maps/search/vein+clinics+in+Napa+Napa+CA/@38.2975381,-122.286865,14z",2025-12-16T22:35:21.272Z,,,
https://www.google.com/maps/place/Dr.+Jon+Christopher+Orlino/data=!4m7!3m6!1s0x808507e0cffffe29:0x9dc60a7cc1c876d6!8m2!3d38.3257556!4d-122.295147!16s%2Fg%2F11yc9qvzpt!19sChIJKf7_z-AHhYAR1nbIwXwKxp0,Dr. Jon Christopher Orlino,5.0,28,Vascular surgeon,"3443 Villa Ln #5, Napa, CA 94558, United States","8PG3+8W Napa, California, USA",https://www.bassveincenter.com/vein-doctors/jon-christopher-orlino-md,+1 925-281-5912,Open · Closes 5 pm,https://streetviewpixels-pa.googleapis.com/v1/thumbnail?panoid=iIju3GajkRUDKvDEXEBX8Q&cb_client=search.gws-prod.gps&w=408&h=240&yaw=62.515972&pitch=0&thumbfov=100,true,9 am–5 pm,9 am–5 pm,9 am–5 pm,9 am–5 pm,Closed,Closed,9 am–5 pm,"https://www.google.com/maps/search/vein+clinics+in+Napa+Napa+CA/@38.2975381,-122.286865,14z",2025-12-16T22:35:26.088Z,,,
https://www.google.com/maps/place/Medical+Esthetics+Of+Napa+Valley/data=!4m7!3m6!1s0x8084555440fd1887:0x2049a5986536cef9!8m2!3d38.4011053!4d-122.3592639!16s%2Fg%2F11b5qzrdlh!19sChIJhxj9QFRVhIAR-c42ZZilSSA,Medical Esthetics Of Napa Valley,1.0,1,Skin care clinic,"6500 Washington St, Yountville, CA 94599, United States","CJ2R+C7 Yountville, California, USA",,+1 707-702-3223,,https://streetviewpixels-pa.googleapis.com/v1/thumbnail?panoid=JqvqgGJCuq76QIGCkTyoPw&cb_client=search.gws-prod.gps&w=408&h=240&yaw=25.486858&pitch=0&thumbfov=100,false,,,,,,,,"https://www.google.com/maps/search/vein+clinics+in+Yountville+Napa+CA/@38.4015781,-122.3608105,14z",2025-12-16T22:35:37.580Z,,,
"https://www.google.com/maps/place/John+Loftus,+MD,+FACS/data=!4m7!3m6!1s0x808506c3ceb46307:0xa84f2c80ec98aab4!8m2!3d38.3257861!4d-122.2951303!16s%2Fg%2F1vpq7345!19sChIJB2O0zsMGhYARtKqY7IAsT6g","John Loftus, MD, FACS",5.0,6,Vascular surgeon,"3443 Villa Ln #5, Napa, CA 94558, United States","8PG3+8W Napa, California, USA",https://www.bassmedicalgroup.com/doctors/john-p-loftus,+1 707-226-2031,Open · Closes 5 pm,https://streetviewpixels-pa.googleapis.com/v1/thumbnail?panoid=bMLxy7F_x4jQm5E9VnAKGA&cb_client=search.gws-prod.gps&w=408&h=240&yaw=89.56961&pitch=0&thumbfov=100,true,8 am–5 pm,8 am–5 pm,8 am–5 pm,8 am–5 pm,Closed,Closed,8 am–5 pm,"https://www.google.com/maps/search/vein+clinics+in+Yountville+Napa+CA/@38.4015781,-122.3608105,14z",2025-12-16T22:35:42.797Z,,,
https://www.google.com/maps/place/Adventist+Heart+and+Vascular+Institute+-+Napa/data=!4m7!3m6!1s0x808507be82621517:0xb449fc9d588136a0!8m2!3d38.3236491!4d-122.2986154!16s%2Fg%2F11t_j7gqvh!19sChIJFxVigr4HhYARoDaBWJ38SbQ,Adventist Heart and Vascular Institute - Napa,5.0,13,Cardiologist,"1100 Trancas St #240, Napa, CA 94558, United States","8PF2+FH Napa, California, USA",https://www.adventisthealth.org/st-helena/services/adventist-heart-and-vascular-institute/,+1 707-253-1036,Open · Closes 5 pm,https://streetviewpixels-pa.googleapis.com/v1/thumbnail?panoid=bRWyR8iqJOJ7euEzAAYxfA&cb_client=search.gws-prod.gps&w=408&h=240&yaw=341.05603&pitch=0&thumbfov=100,true,8 am–5 pm,8 am–5 pm,8 am–5 pm,8 am–5 pm,Closed,Closed,8 am–5 pm,"https://www.google.com/maps/search/vein+clinics+in+Yountville+Napa+CA/@38.4015781,-122.3608105,14z",2025-12-16T22:35:47.909Z,,,
https://www.google.com/maps/place/Providence+Queen+of+the+Valley+Medical+Center+Heart+Care/data=!4m7!3m6!1s0x80850779ebec941f:0xffbe2953b1e7c12!8m2!3d38.3244833!4d-122.2971483!16s%2Fg%2F11q1vh983y!19sChIJH5Ts63kHhYAREnweO5Xi-w8,Providence Queen of the Valley Medical Center Heart Care,5.0,1,Medical clinic,"1000 Trancas St Lower Level, Napa, CA 94558, United States","8PF3+Q4 Napa, California, USA",https://www.providence.org/locations/norcal/queen-of-the-valley/heart-care?ls=location&y_source=1_MjQxOTI5MTYtNzE1LWxvY2F0aW9uLndlYnNpdGU%3D,+1 707-257-4123,Open · Closes 5:30 pm,https://streetviewpixels-pa.googleapis.com/v1/thumbnail?panoid=5xJBGGzzcYAGEUJ85B2ggg&cb_client=search.gws-prod.gps&w=408&h=240&yaw=280.4053&pitch=0&thumbfov=100,true,7 am–5:30 pm,7 am–5:30 pm,7 am–5:30 pm,7 am–5:30 pm,Closed,Closed,7 am–5:30 pm,"https://www.google.com/maps/search/vein+clinics+in+Yountville+Napa+CA/@38.4015781,-122.3608105,14z",2025-12-16T22:35:52.780Z,,,
https://www.google.com/maps/place/Valley+Dermatology+%26+Plastic+Surgery/data=!4m7!3m6!1s0x808507f2527ab2bd:0x30cae706d448ff91!8m2!3d38.3259724!4d-122.2950274!16s%2Fg%2F11h0nkmmsk!19sChIJvbJ6UvIHhYARkf9I1AbnyjA,Valley Dermatology & Plastic Surgery,4.8,16,Plastic surgery clinic,"3443 Villa Ln STE 10, Napa, CA 94558, United States","8PG3+9X Napa, California, USA",https://valleydermatologyandplasticsurgery.com/,+1 707-927-3508,Open · Closes 5 pm,https://lh3.googleusercontent.com/p/AF1QipOLoReJaoBZJd3jcYKK1TLmjcQZr6nl9nFvaZQ6=w408-h291-k-no,true,9 am–5 pm,9 am–5 pm,9 am–5 pm,9 am–5 pm,Closed,Closed,9 am–5 pm,"https://www.google.com/maps/search/vein+clinics+in+Yountville+Napa+CA/@38.4015781,-122.3608105,14z",2025-12-16T22:35:57.462Z,,,
https://www.google.com/maps/place/Napa+Vascular+and+Vein+Center/data=!4m7!3m6!1s0x80853d2eec97f0dd:0xb12561b1e1f538ce!8m2!3d38.3641211!4d-121.9546553!16s%2Fg%2F1tf31m9g!19sChIJ3fCX7C49hYARzjj14bFhJbE,Napa Vascular and Vein Center,5.0,1,Medical clinic,"1360 Burton Dr STE 160, Vacaville, CA 94687, United States","927W+J4 Vacaville, California, USA",,+1 707-252-4955,,https://streetviewpixels-pa.googleapis.com/v1/thumbnail?panoid=t7yTPqr2Agl2YFL5yjVyyA&cb_client=search.gws-prod.gps&w=408&h=240&yaw=233.60097&pitch=0&thumbfov=100,false,,,,,,,,"https://www.google.com/maps/search/vein+clinics+in+Yountville+Napa+CA/@38.4015781,-122.3608105,14z",2025-12-16T22:36:00.113Z,,,
https://www.google.com/maps/place/BASS+Vein+Center/data=!4m7!3m6!1s0x808561af873933e3:0x28d07e58dd9a48b5!8m2!3d37.9258473!4d-122.0217666!16s%2Fg%2F11k63xvjyj!19sChIJ4zM5h69hhYARtUia3Vh-0Cg,BASS Vein Center,4.8,781,Vascular surgeon,"2637 Shadelands Dr Suite A, Walnut Creek, CA 94598, United States","WXGH+87 Walnut Creek, California, USA",https://www.bassveincenter.com/?utm_source=google&utm_medium=organic&utm_campaign=gmb&utm_content=business-profile,+1 925-477-3030,Open · Closes 5 pm,https://lh3.googleusercontent.com/p/AF1QipPLGCQOZzE1ynJUYk4Pc7kBLhgn533ez1M4u3ud=w408-h272-k-no,true,9 am–5 pm,9 am–5 pm,9 am–5 pm,9 am–5 pm,Closed,Closed,9 am–5 pm,"https://www.google.com/maps/search/vein+clinics+in+Yountville+Napa+CA/@38.4015781,-122.3608105,14z",2025-12-16T22:36:05.037Z,LGBTQ+ friendly,,
https://www.google.com/maps/place/California+Vein+%26+Wound+Center/data=!4m7!3m6!1s0x80853d3b855c784b:0xad9c0b703339e015!8m2!3d38.3640847!4d-121.9545232!16s%2Fg%2F11hz0f3r8w!19sChIJS3hchTs9hYARFeA5M3ALnK0,California Vein & Wound Center,5.0,1,Surgical center,"1360 Burton Dr STE 160, Vacaville, CA 95687, United States","927W+J5 Vacaville, California, USA",https://www.treatyourlegs.com/,+1 707-252-4955,Open · Closes 5 pm,https://lh3.googleusercontent.com/p/AF1QipNoRtGkM84__E6HVU9Q-_dngTQgnndpPKqXk5hA=w408-h292-k-no,true,9 am–5 pm,9 am–5 pm,9 am–5 pm,9 am–5 pm,Closed,Closed,9 am–5 pm,"https://www.google.com/maps/search/vein+clinics+in+Yountville+Napa+CA/@38.4015781,-122.3608105,14z",2025-12-16T22:36:09.792Z,,,
https://www.google.com/maps/place/Elite+Vein+Specialists/data=!4m7!3m6!1s0x808561bde8d45711:0x37ea3d1b27bf86b9!8m2!3d37.9059437!4d-122.0599241!16s%2Fg%2F1td25p1_!19sChIJEVfU6L1hhYARuYa_Jxs96jc,Elite Vein Specialists,4.8,24,Vascular surgeon,"675 Ygnacio Valley Rd Suite B214, Walnut Creek, CA 94596, United States","WW4R+92 Walnut Creek, California, USA",https://whybevein.com/,+1 925-937-8346,Open · Closes 5 pm,https://lh3.googleusercontent.com/p/AF1QipOsbyMB4eHCxvlK3PU75cVysGUlH8aAdoYvV8iJ=w408-h302-k-no,true,8:30 am–5 pm,8:30 am–5 pm,8:30 am–5 pm,8:30 am–5 pm,Closed,Closed,8:30 am–5 pm,"https://www.google.com/maps/search/vein+clinics+in+Yountville+Napa+CA/@38.4015781,-122.3608105,14z",2025-12-16T22:36:14.747Z,Identifies as women-owned,,
https://www.google.com/maps/place/V+Marketplace/data=!4m7!3m6!1s0x808455515652d97b:0x44b0af286df53351!8m2!3d38.4016548!4d-122.3621199!16s%2Fg%2F1tcxpx2f!19sChIJe9lSVlFVhIARUTP1bSivsEQ,V Marketplace,4.4,698,Shopping mall,"6525 Washington St, Yountville, CA 94599, United States","CJ2Q+M5 Yountville, California, USA",https://www.theestateyountville.com/marketplace/,,Open · Closes 7 pm,https://lh3.googleusercontent.com/gps-cs-s/AG0ilSzJe_Uzckgy9qmLEaSSFr69ZIzfSuMSqXxOad_1zSQJ1Ajyz9RlmTBSP-YnhQCo284Cfd1yq6cJkkATken5RULE7bw1iUD0DG8icsNpoD81dK1_CGQv7IPqnrk_uStMNPaMKIZS=w408-h306-k-no,true,10 am–7 pm,10 am–5:30 pm,10 am–7 pm,10 am–7 pm,10 am–7 pm,10 am–7 pm,10 am–7 pm,"https://www.google.com/maps/search/vein+clinics+in+Yountville+Napa+CA/@38.4015781,-122.3608105,14z",2025-12-16T22:36:20.030Z,,,
https://www.google.com/maps/place/NorCal+Vein+Specialists/data=!4m7!3m6!1s0x88d9b36f219b0ed5:0x7621459a9324964c!8m2!3d37.6917338!4d-121.930179!16s%2Fg%2F1hm2gg4f2!19sChIJ1Q6bIW-z2YgRTJYkk5pFIXY,NorCal Vein Specialists,4.9,335,Vascular surgeon,"5700 Stoneridge Mall Rd #120, Pleasanton, CA 94588, United States","M3R9+MW Pleasanton, California, USA",https://www.norcalvein.com/specialist-pleasanton-ca/,+1 925-494-0898,Open · Closes 4 pm,https://lh3.googleusercontent.com/p/AF1QipPnBQnrkvEbbaTOniuXU_R6sXHAl20AobiN0A5j=w426-h240-k-no,true,9 am–4 pm,9 am–4 pm,9 am–4 pm,9 am–4 pm,Closed,Closed,9 am–4 pm,"https://www.google.com/maps/search/vein+clinics+in+Yountville+Napa+CA/@38.4015781,-122.3608105,14z",2025-12-16T22:36:25.169Z,LGBTQ+ friendly,,
https://www.google.com/maps/place/V+Wine+Cellar/data=!4m7!3m6!1s0x808455515652d97b:0xbff2dab8affe15c1!8m2!3d38.4017801!4d-122.36182!16s%2Fg%2F1tdm3ywv!19sChIJe9lSVlFVhIARwRX-r7ja8r8,V Wine Cellar,4.6,34,Wine store,"6525 Washington St, Yountville, CA 94599, United States","CJ2Q+P7 Yountville, California, USA",http://www.vwinecellar.com/,+1 707-531-7053,Open · Closes 7 pm,https://lh3.googleusercontent.com/gps-cs-s/AG0ilSynAMlnThCwjZAct5F2aCNu51dO1jVY5KigxRekSiRyTkZB6d3hjvGqQPq2HN96io7JSY69_smAAoWufD_nzDzz2OFYtY1zgnUmTh38qqny64f96bHgE82FWnzs-bZ7li8LFqcN=w408-h544-k-no,true,10 am–7 pm,10 am–7 pm,10 am–7 pm,10 am–7 pm,10 am–7 pm,10 am–7 pm,10 am–7 pm,"https://www.google.com/maps/search/vein+clinics+in+Yountville+Napa+CA/@38.4015781,-122.3608105,14z",2025-12-16T22:36:30.452Z,,· In-store pick-up,
https://www.google.com/maps/place/Sonoma+Vein+Cardiovascular+Laser+Group/data=!4m7!3m6!1s0x8084480a8647b4df:0x45ea93f10f6c7f8c!8m2!3d38.4402537!4d-122.7018306!16s%2Fg%2F11g6jsb2p_!19sChIJ37RHhgpIhIARjH9sD_GT6kU,Sonoma Vein Cardiovascular Laser Group,5.0,1,Medical clinic,"990 Sonoma Ave Ste 2, Santa Rosa, CA 95404, United States","C7RX+47 Santa Rosa, California, USA",http://sonomavein.com/?utm_source=google&utm_medium=organic&utm_campaign=gbp,+1 707-636-8346,Open · Closes 5:30 pm,https://lh3.googleusercontent.com/p/AF1QipPv8_paai3pphjmrXSoZmSejoqAG9wzI3FfdIY2=w408-h272-k-no,true,8:30 am–5:30 pm,8:30 am–5:30 pm,8:30 am–5:30 pm,8:30 am–5:30 pm,Closed,Closed,8:30 am–5:30 pm,"https://www.google.com/maps/search/vein+clinics+in+Yountville+Napa+CA/@38.4015781,-122.3608105,14z",2025-12-16T22:36:35.309Z,,,
https://www.google.com/maps/place/California+Vein+%26+Wound+Center/data=!4m7!3m6!1s0x808515d5decd0043:0x125d97a721760c88!8m2!3d38.2577334!4d-122.0495191!16s%2Fg%2F11h7jplp44!19sChIJQwDN3tUVhYARiAx2IaeXXRI,California Vein & Wound Center,,,Surgical center,"1261 Travis Blvd Suite 320, Fairfield, CA 94533, United States","7X52+35 Fairfield, California, USA",https://www.treatyourlegs.com/,+1 707-252-4955,Open · Closes 5 pm,https://lh3.googleusercontent.com/p/AF1QipM7WGmsb_5W1a1sySirkb4nwr5N8l-Sm6t4vLwP=w408-h272-k-no,true,9 am–5 pm,9 am–5 pm,9 am–5 pm,9 am–5 pm,Closed,Closed,9 am–5 pm,"https://www.google.com/maps/search/vein+clinics+in+Yountville+Napa+CA/@38.4015781,-122.3608105,14z",2025-12-16T22:36:39.952Z,,,
https://www.google.com/maps/place/Adventist+Heart+Institute:+Adventist+Health+St.+Helena/data=!4m7!3m6!1s0x80845a4f3368276b:0x4b85c4c860a5f953!8m2!3d38.5428448!4d-122.4751726!16s%2Fg%2F11cjhjymmc!19sChIJaydoM09ahIARU_mlYMjEhUs,Adventist Heart Institute: Adventist Health St. Helena,4.8,153,Cardiologist,"6 Woodland Rd #304, St Helena, CA 94574, United States","GGVF+4W St Helena, California, USA",https://adventisthealth.org/locations/detail/adventist-heart-institute-adventist-health-st-helena/,+1 707-963-7200,Open · Closes 4:30 pm,https://lh3.googleusercontent.com/gps-cs-s/AG0ilSzqyExJcNFuLmXY3TILL_7xRq2ocr2_EEM39mnyrqU5d2CKxbsa0IVb4qoBOSr40Hn_4Zvg2mUSLKy2Jh40dfbzCk4rYSDsb78F1EfH7tLPcfQ0vHSipAfmBE_Nu8GgQDznERMh=w408-h544-k-no,true,8:30 am–4:30 pm,8:30 am–4:30 pm,8:30 am–4:30 pm,8:30 am–4:30 pm,Closed,Closed,8:30 am–4:30 pm,"https://www.google.com/maps/search/vein+clinics+in+St.+Helena+Napa+CA/@38.5052429,-122.4703868,14z",2025-12-16T22:36:54.850Z,,,
https://www.google.com/maps/place/Vascular+Surgeons+Office/data=!4m7!3m6!1s0x80845a4f3368276b:0x4c11b00424e25c38!8m2!3d38.5428448!4d-122.4751726!16s%2Fg%2F1tfrxq5_!19sChIJaydoM09ahIAROFziJASwEUw,Vascular Surgeons Office,,,Surgical center,"6 Woodland Rd, St Helena, CA 94574, United States","GGVF+4W St Helena, California, USA",,+1 707-963-5239,,https://streetviewpixels-pa.googleapis.com/v1/thumbnail?panoid=pDcnCDW3kTpWaFsW6qLCEQ&cb_client=search.gws-prod.gps&w=408&h=240&yaw=74.90539&pitch=0&thumbfov=100,false,,,,,,,,"https://www.google.com/maps/search/vein+clinics+in+St.+Helena+Napa+CA/@38.5052429,-122.4703868,14z",2025-12-16T22:36:57.821Z,,,
https://www.google.com/maps/place/SkinLab+Napa+Valley/data=!4m7!3m6!1s0x808451debed91d1d:0x11263b3237a96504!8m2!3d38.5056869!4d-122.4700735!16s%2Fg%2F11j31w8qgw!19sChIJHR3Zvt5RhIARBGWpNzI7JhE,SkinLab Napa Valley,5.0,350,Medical spa,"1126 Adams St Suite B, St Helena, CA 94574, United States","GG4H+7X St Helena, California, USA",https://www.skinlabnapavalley.com/?y_source=1_MTAwNDU1MTA4Ny03MTUtbG9jYXRpb24ud2Vic2l0ZQ%3D%3D,+1 707-967-0800,"Open · Closes 5 pm

Confirmed by this business 2 weeks ago",https://lh3.googleusercontent.com/p/AF1QipPmVyue_ccG0eYfJP2TZA3GWvvZhXsvEpQU01hw=w408-h272-k-no,true,9 am–5 pm,9 am–5 pm,9 am–5 pm,9 am–5 pm,Closed,Closed,9 am–5 pm,"https://www.google.com/maps/search/vein+clinics+in+St.+Helena+Napa+CA/@38.5052429,-122.4703868,14z",2025-12-16T22:37:02.644Z,LGBTQ+ friendly,,
"https://www.google.com/maps/place/Duncan+Dermatology,+A+Golden+State+Dermatology+Affiliate/data=!4m7!3m6!1s0x808450980573df11:0xb9cce838b7ea46a2!8m2!3d38.5059984!4d-122.4699046!16s%2Fg%2F1thbwwwm!19sChIJEd9zBZhQhIARokbqtzjozLk","Duncan Dermatology, A Golden State Dermatology Affiliate",4.9,236,Dermatologist,"1104 Adams St # 201, St Helena, CA 94574, United States","GG4J+92 St Helena, California, USA",https://www.duncandermatology.com/?y_source=1_MTAwNDU1MTA4OC03MTUtbG9jYXRpb24ud2Vic2l0ZQ%3D%3D,+1 707-967-0800,Open · Closes 5 pm,https://lh3.googleusercontent.com/p/AF1QipNDERUTWvyaKte6de76IMXPR96eDT6ClaPUwxE_=w408-h272-k-no,true,9 am–5 pm,9 am–5 pm,9 am–5 pm,9 am–5 pm,Closed,Closed,9 am–5 pm,"https://www.google.com/maps/search/vein+clinics+in+St.+Helena+Napa+CA/@38.5052429,-122.4703868,14z",2025-12-16T22:37:07.566Z,LGBTQ+ friendly,,
https://www.google.com/maps/place/Adventist+Health+St+Helena/data=!4m7!3m6!1s0x80845a48ae0fcd19:0x92c969ed2ab250a0!8m2!3d38.5424914!4d-122.4747748!16zL20vMDVta3o2!19sChIJGc0PrkhahIARoFCyKu1pyZI,Adventist Health St Helena,4.7,1280,Hospital,"10 Woodland Rd, St Helena, CA 94574, United States","GGRG+X3 St Helena, California, USA",https://www.adventisthealth.org/st-helena/,+1 707-963-3611,,https://lh3.googleusercontent.com/p/AF1QipNW3U85rpK_y48nI1TTGjod1L948rYkY1VjSmvj=w408-h272-k-no,true,Open 24 hours,Open 24 hours,Open 24 hours,Open 24 hours,Open 24 hours,Open 24 hours,Open 24 hours,"https://www.google.com/maps/search/vein+clinics+in+St.+Helena+Napa+CA/@38.5052429,-122.4703868,14z",2025-12-16T22:37:12.436Z,,,
https://www.google.com/maps/place/St+Helena+Aesthetics/data=!4m7!3m6!1s0x808451c4cba7727b:0xe7b027208f1d1d06!8m2!3d38.5039088!4d-122.4696629!16s%2Fg%2F11wqvq_pwv!19sChIJe3Kny8RRhIARBh0djyAnsOc,St Helena Aesthetics,4.5,8,Medical spa,"1304 Oak Ave, St Helena, CA 94574, United States","GG3J+H4 St Helena, California, USA",https://sthelenaaesthetics.com/,+1 707-331-6808,Open · Closes 4 pm,https://lh3.googleusercontent.com/p/AF1QipNXGopEaqEIfQl6Z83ixVYiEzMB2P_WSblbFKWg=w408-h544-k-no,true,9 am–4 pm,9 am–4 pm,9 am–4 pm,Closed,Closed,Closed,Closed,"https://www.google.com/maps/search/vein+clinics+in+St.+Helena+Napa+CA/@38.5052429,-122.4703868,14z",2025-12-16T22:37:17.513Z,,,
https://www.google.com/maps/place/St.+Helena+Medical+Specialties+-+Women%27s+Center/data=!4m7!3m6!1s0x808450d48d690097:0x316daf2227fa56fb!8m2!3d38.4871953!4d-122.4489033!16s%2Fg%2F11gdgy5st1!19sChIJlwBpjdRQhIAR-1b6JyKvbTE,St. Helena Medical Specialties - Women's Center,,,Medical clinic,"821 S St Helena Hwy #2, St Helena, CA 94574, United States","FHP2+VC St Helena, California, USA",https://www.adventisthealth.org/?utm_source=local&utm_medium=organic&utm_campaign=gmb,+1 707-967-7550,Open · Closes 5 pm,https://streetviewpixels-pa.googleapis.com/v1/thumbnail?panoid=vn32G8b0yN_Q0EtFHK8KGg&cb_client=search.gws-prod.gps&w=408&h=240&yaw=121.935005&pitch=0&thumbfov=100,true,8 am–5 pm,8 am–5 pm,8 am–5 pm,8 am–5 pm,Closed,Closed,8 am–5 pm,"https://www.google.com/maps/search/vein+clinics+in+St.+Helena+Napa+CA/@38.5052429,-122.4703868,14z",2025-12-16T22:37:22.482Z,,,
https://www.google.com/maps/place/CommuniCare%2BOLE+St.+Helena/data=!4m7!3m6!1s0x8085064640f18a41:0x7621508a11716e04!8m2!3d38.5060173!4d-122.4724158!16s%2Fg%2F1tgnxfp1!19sChIJQYrxQEYGhYARBG5xEYpQIXY,CommuniCare+OLE St. Helena,3.3,12,Medical clinic,"1222 Pine St A, St Helena, CA 94574, United States","GG4H+C2 St Helena, California, USA",http://www.olehealth.org/,+1 707-963-0931,,https://lh3.googleusercontent.com/p/AF1QipOMpC1RHol5vxdP6N0anI_bRfxgFzSmWSPF3hd_=w408-h272-k-no,true,8 am–8:30 pm,8 am–8:30 pm,8 am–8:30 pm,8 am–5 pm,8 am–3 pm,Closed,8 am–8:30 pm,"https://www.google.com/maps/search/vein+clinics+in+St.+Helena+Napa+CA/@38.5052429,-122.4703868,14z",2025-12-16T22:37:27.449Z,LGBTQ+ friendly,,
https://www.google.com/maps/place/Surgical+Specialties:+Adventist+Health+Physicians+Network/data=!4m7!3m6!1s0x80845b54c2644a67:0xe5234e3e59d33c72!8m2!3d38.5428448!4d-122.4751726!16s%2Fg%2F11lrznw76p!19sChIJZ0pkwlRbhIARcjzTWT5OI-U,Surgical Specialties: Adventist Health Physicians Network,4.6,9,Surgeon,"6 Woodland Rd # 101, St Helena, CA 94574, United States","GGVF+4W St Helena, California, USA",https://adventisthealth.org/locations/detail/st-helena-surgical-specialties-adventist-health-physicians-network/,+1 707-963-6111,Open · Closes 4:30 pm,https://streetviewpixels-pa.googleapis.com/v1/thumbnail?panoid=pDcnCDW3kTpWaFsW6qLCEQ&cb_client=search.gws-prod.gps&w=408&h=240&yaw=74.90539&pitch=0&thumbfov=100,true,8 am–4:30 pm,8 am–4:30 pm,8 am–4:30 pm,8 am–2 pm,Closed,Closed,8 am–4:30 pm,"https://www.google.com/maps/search/vein+clinics+in+St.+Helena+Napa+CA/@38.5052429,-122.4703868,14z",2025-12-16T22:37:32.196Z,,,
https://www.google.com/maps/place/Aestheticca/data=!4m7!3m6!1s0x80845097ff19fa7f:0x311114f076931998!8m2!3d38.5052184!4d-122.4697004!16s%2Fg%2F1tgkhhvs!19sChIJf_oZ_5dQhIARmBmTdvAUETE,Aestheticca,,,Skin care clinic,"1360 Main St, St Helena, CA 94574, United States","GG4J+34 St Helena, California, USA",,+1 707-963-9434,,https://streetviewpixels-pa.googleapis.com/v1/thumbnail?panoid=6VmPTI-9PZIGSxI32sPdQA&cb_client=search.gws-prod.gps&w=408&h=240&yaw=47.646782&pitch=0&thumbfov=100,false,,,,,,,,"https://www.google.com/maps/search/vein+clinics+in+St.+Helena+Napa+CA/@38.5052429,-122.4703868,14z",2025-12-16T22:37:34.871Z,,,
https://www.google.com/maps/place/Martin+O%27Neill+Cancer+Center:+Adventist+Health+St.+Helena/data=!4m7!3m6!1s0x80845b7013596411:0xa0ba936d745c2c27!8m2!3d38.5425498!4d-122.4748281!16s%2Fg%2F11sx4142fw!19sChIJEWRZE3BbhIARJyxcdG2TuqA,Martin O'Neill Cancer Center: Adventist Health St. Helena,4.9,27,Cancer treatment center,"10 Woodland Rd, St Helena, CA 94574, United States","GGVG+23 St Helena, California, USA",https://www.adventisthealth.org/locations/martin-o-neill-cancer-center-adventist-health-st-helena/,+1 707-967-5721,Open · Closes 5 pm,https://lh3.googleusercontent.com/gps-cs-s/AG0ilSw0WK3Iomt5Y47DxGeX1LIBKHdyYKRuvx0PGZP0GKZW3Sj88wO-0vKV5bkbjKLrsA_04VpbGdekyCmF6Hlr191A6VEbCw_ZUodfs25tR08_D4CORcCLnAgmJlOQu4fzUPF-2u0wpg=w408-h725-k-no,true,8 am–5 pm,8 am–5 pm,8 am–5 pm,8 am–5 pm,Closed,Closed,8 am–5 pm,"https://www.google.com/maps/search/vein+clinics+in+St.+Helena+Napa+CA/@38.5052429,-122.4703868,14z",2025-12-16T22:37:40.039Z,,,
https://www.google.com/maps/place/Napa+Valley+Laparoscopy/data=!4m7!3m6!1s0x808450bc493b74eb:0xfa54ce8e950b6101!8m2!3d38.5034491!4d-122.4661692!16s%2Fg%2F1tcwlspw!19sChIJ63Q7SbxQhIARAWELlY7OVPo,Napa Valley Laparoscopy,,,Medical clinic,"BECKSTOFFER HOUSE, 1127 Pope St #106, St Helena, CA 94574, United States","GG3M+9G St Helena, California, USA",,+1 707-967-1970,Temporarily closed,https://streetviewpixels-pa.googleapis.com/v1/thumbnail?panoid=j0cFiDTqsqV_YkySzNfD6w&cb_client=search.gws-prod.gps&w=408&h=240&yaw=131.5533&pitch=0&thumbfov=100,false,,,,,,,,"https://www.google.com/maps/search/vein+clinics+in+St.+Helena+Napa+CA/@38.5052429,-122.4703868,14z",2025-12-16T22:37:44.850Z,,,
https://www.google.com/maps/place/Eye+Care+Center+Of+Napa+Valley/data=!4m7!3m6!1s0x80845a4f491883e3:0x2988271831567556!8m2!3d38.4871334!4d-122.4499489!16s%2Fg%2F1tmbwbh8!19sChIJ44MYSU9ahIARVnVWMRgniCk,Eye Care Center Of Napa Valley,4.9,109,Ophthalmology clinic,"1287 Inglewood Ave Suite 1, St Helena, CA 94574, United States","FHP2+V2 St Helena, California, USA",http://www.eyecarecenternv.com/,+1 707-963-5236,Closed · Opens 8:30 am Wed,https://streetviewpixels-pa.googleapis.com/v1/thumbnail?panoid=xFiXj1mqdZb1TUoGjx7JbA&cb_client=search.gws-prod.gps&w=408&h=240&yaw=260.65384&pitch=0&thumbfov=100,true,Closed,8:30 am–5 pm,Closed,Closed,Closed,Closed,8:30 am–5 pm,"https://www.google.com/maps/search/vein+clinics+in+St.+Helena+Napa+CA/@38.5052429,-122.4703868,14z",2025-12-16T22:37:49.810Z,,,
https://www.google.com/maps/place/Saint+Helena+Catholic+Church/data=!4m7!3m6!1s0x80845097c5a882ad:0xe7bd617d65d98a95!8m2!3d38.5033402!4d-122.4705007!16s%2Fm%2F0pdp01j!19sChIJrYKoxZdQhIARlYrZZX1hvec,Saint Helena Catholic Church,4.9,94,Catholic church,"1340 Tainter St, St Helena, CA 94574, United States","GG3H+8Q St Helena, California, USA",http://www.sthelenacatholic.com/,+1 707-963-1228,,https://lh3.googleusercontent.com/gps-cs-s/AG0ilSwmYR_YRfMP_wrjBDwMMSZ3jYgpTYXp7ygolYFMLd6LUW0-KMmV2iqpKe-olKZGcn2lnNdZ1dNO4FyUK9LSjGeUBLwSM0kUNbNcTfw6SocAV3Acyw-swa77wG1ACs0mhpyhbrSF_wHZOjY=w408-h544-k-no,false,,,,,,,,"https://www.google.com/maps/search/vein+clinics+in+St.+Helena+Napa+CA/@38.5052429,-122.4703868,14z",2025-12-16T22:37:52.687Z,,,
https://www.google.com/maps/place/Lake-Silverado+Cardiovascular/data=!4m7!3m6!1s0x80845a4f3368276b:0x728130411af4ac27!8m2!3d38.5428448!4d-122.4751726!16s%2Fg%2F1vvr6ffx!19sChIJaydoM09ahIARJ6z0GkEwgXI,Lake-Silverado Cardiovascular,,,Medical clinic,"6 Woodland Rd # 307, St Helena, CA 94574, United States","GGVF+4W St Helena, California, USA",,+1 707-963-2750,,https://streetviewpixels-pa.googleapis.com/v1/thumbnail?panoid=pDcnCDW3kTpWaFsW6qLCEQ&cb_client=search.gws-prod.gps&w=408&h=240&yaw=74.90539&pitch=0&thumbfov=100,false,,,,,,,,"https://www.google.com/maps/search/vein+clinics+in+St.+Helena+Napa+CA/@38.5052429,-122.4703868,14z",2025-12-16T22:37:55.613Z,,,
https://www.google.com/maps/place/St.+Helena+Medical+Specialties+-+General+%26+Bariatric+Surgery/data=!4m7!3m6!1s0x80845a4f348e628d:0x715f5919ee879812!8m2!3d38.5428448!4d-122.4751726!16s%2Fg%2F11f2shfdqs!19sChIJjWKONE9ahIAREpiH7hlZX3E,St. Helena Medical Specialties - General & Bariatric Surgery,,,Surgical center,"6 Woodland Rd #301, St Helena, CA 94574, United States","GGVF+4W St Helena, California, USA",https://www.adventisthealth.org/?utm_source=local&utm_medium=organic&utm_campaign=gmb,+1 707-967-9307,Open · Closes 5 pm,https://streetviewpixels-pa.googleapis.com/v1/thumbnail?panoid=pDcnCDW3kTpWaFsW6qLCEQ&cb_client=search.gws-prod.gps&w=408&h=240&yaw=74.90539&pitch=0&thumbfov=100,true,8 am–5 pm,9 am–5 pm,9 am–5 pm,9 am–5 pm,Closed,Closed,9 am–5 pm,"https://www.google.com/maps/search/vein+clinics+in+St.+Helena+Napa+CA/@38.5052429,-122.4703868,14z",2025-12-16T22:38:00.605Z,,,
https://www.google.com/maps/place/Tetz+Emmett+L+MD/data=!4m7!3m6!1s0x80845a4f3368276b:0x46f53ec229a1d1ed!8m2!3d38.5428448!4d-122.4751726!16s%2Fg%2F1td38gcp!19sChIJaydoM09ahIAR7dGhKcI-9UY,Tetz Emmett L MD,5.0,1,Surgeon,"6 Woodland Rd # 201, St Helena, CA 94574, United States","GGVF+4W St Helena, California, USA",,+1 707-963-5239,,https://streetviewpixels-pa.googleapis.com/v1/thumbnail?panoid=pDcnCDW3kTpWaFsW6qLCEQ&cb_client=search.gws-prod.gps&w=408&h=240&yaw=74.90539&pitch=0&thumbfov=100,false,,,,,,,,"https://www.google.com/maps/search/vein+clinics+in+St.+Helena+Napa+CA/@38.5052429,-122.4703868,14z",2025-12-16T22:38:03.368Z,,,
https://www.google.com/maps/place/Plastic+Surgery:+Adventist+Health+Physicians+Network/data=!4m7!3m6!1s0x808450bc3f728aa7:0xe410ede483c4f590!8m2!3d38.5428448!4d-122.4751726!16s%2Fg%2F1tr17sy_!19sChIJp4pyP7xQhIARkPXEg-TtEOQ,Plastic Surgery: Adventist Health Physicians Network,4.7,18,Plastic surgeon,"6 Woodland Rd # 101, St Helena, CA 94574, United States","GGVF+4W St Helena, California, USA",https://www.adventisthealth.org/st-helena/locations/plastic-surgery-adventist-health-physicians-network-4373,+1 707-968-0800,Open · Closes 4:30 pm,https://streetviewpixels-pa.googleapis.com/v1/thumbnail?panoid=pDcnCDW3kTpWaFsW6qLCEQ&cb_client=search.gws-prod.gps&w=408&h=240&yaw=74.90539&pitch=0&thumbfov=100,true,8 am–4:30 pm,8 am–4:30 pm,8 am–4:30 pm,8 am–2 pm,Closed,Closed,8 am–4:30 pm,"https://www.google.com/maps/search/vein+clinics+in+St.+Helena+Napa+CA/@38.5052429,-122.4703868,14z",2025-12-16T22:38:08.346Z,,,
https://www.google.com/maps/place/Adventist+Health+St.+Helena:+Emergency+Room/data=!4m7!3m6!1s0x80845a48dbfd5ac1:0xc097e391775e893c!8m2!3d38.5416921!4d-122.4748214!16s%2Fg%2F12623yvsk!19sChIJwVr920hahIARPIled5Hjl8A,Adventist Health St. Helena: Emergency Room,3.4,5,Emergency room,"10 Woodland Rd, St Helena, CA 94574, United States","GGRG+M3 St Helena, California, USA",https://www.adventisthealth.org/st-helena/services/emergency-care/,+1 707-963-6425,Open 24 hours,https://streetviewpixels-pa.googleapis.com/v1/thumbnail?panoid=645dbuUyMyGoM8t-_TWYxg&cb_client=search.gws-prod.gps&w=408&h=240&yaw=16.385777&pitch=0&thumbfov=100,true,Open 24 hours,Open 24 hours,Open 24 hours,Open 24 hours,Open 24 hours,Open 24 hours,Open 24 hours,"https://www.google.com/maps/search/vein+clinics+in+St.+Helena+Napa+CA/@38.5052429,-122.4703868,14z",2025-12-16T22:38:13.429Z,,,
https://www.google.com/maps/place/St.+Helena+Chamber+of+Commerce+%26+St.+Helena+Welcome+Center/data=!4m7!3m6!1s0x808450be9f8cf7c1:0x12a868aed4e48c5e!8m2!3d38.5039086!4d-122.4677087!16s%2Fg%2F1tfnt6yr!19sChIJwfeMn75QhIARXozk1K5oqBI,St. Helena Chamber of Commerce & St. Helena Welcome Center,4.5,11,Chamber of Commerce,"1154 Main St, St Helena, CA 94574, United States","GG3J+HW St Helena, California, USA",http://www.sthelena.com/,+1 707-963-4456,Open · Closes 5 pm,https://lh3.googleusercontent.com/gps-cs-s/AG0ilSwH13_cJvx1ft2IT6Z-DUQqndJxfoG0PG0h0NCzvM_lyvgO4YjYCd0cXxHPwK0KaHmQqpPWhJ_LMKchKJpZDu-oJmFDZNhgw_mAum-Hbvlkn3BP3unNu7A2BXBctqhyaVv_AyWn=w408-h288-k-no,true,10 am–5 pm,10 am–5 pm,10 am–5 pm,10 am–5 pm,10 am–5 pm,10 am–5 pm,Closed,"https://www.google.com/maps/search/vein+clinics+in+St.+Helena+Napa+CA/@38.5052429,-122.4703868,14z",2025-12-16T22:38:18.332Z,,,
https://www.google.com/maps/place/St.+Helena+Center+For+Health/data=!4m7!3m6!1s0x80845a46f0dc4389:0x4bc9485817e65e6d!8m2!3d38.5425501!4d-122.4748268!16s%2Fg%2F1tdwq9r5!19sChIJiUPc8EZahIARbV7mF1hIyUs,St. Helena Center For Health,4.5,2,Diabetes center,"10 Woodland Rd, St Helena, CA 94574, United States","GGVG+23 St Helena, California, USA",,+1 800-920-3438,,https://streetviewpixels-pa.googleapis.com/v1/thumbnail?panoid=IW9RubiZy6G1O4-_ILRITA&cb_client=search.gws-prod.gps&w=408&h=240&yaw=127.51177&pitch=0&thumbfov=100,true,,,,,,,,"https://www.google.com/maps/search/vein+clinics+in+St.+Helena+Napa+CA/@38.5052429,-122.4703868,14z",2025-12-16T22:38:21.389Z,,,
https://www.google.com/maps/place/Pasquariello+Vincent+J+MD/data=!4m7!3m6!1s0x808450b8d70820af:0xf8a73eaa69cdf3d5!8m2!3d38.5002619!4d-122.4636216!16s%2Fg%2F1264h520g!19sChIJryAI17hQhIAR1fPNaao-p_g,Pasquariello Vincent J MD,,,Doctor,"661 Main St, St Helena, CA 94574, United States","GG2P+4H St Helena, California, USA",,+1 707-963-0931,,https://streetviewpixels-pa.googleapis.com/v1/thumbnail?panoid=EtL8U0I9DcAZRA2mSju5Eg&cb_client=search.gws-prod.gps&w=408&h=240&yaw=252.14275&pitch=0&thumbfov=100,false,,,,,,,,"https://www.google.com/maps/search/vein+clinics+in+St.+Helena+Napa+CA/@38.5052429,-122.4703868,14z",2025-12-16T22:38:24.197Z,,,
https://www.google.com/maps/place/Calistoga+Chiropractic+Center/data=!4m7!3m6!1s0x8084430afa541469:0x418e68f5d06b154f!8m2!3d38.5766184!4d-122.5801925!16s%2Fg%2F1tctl_xl!19sChIJaRRU-gpDhIARTxVr0PVojkE,Calistoga Chiropractic Center,3.8,4,Chiropractor,"1227 Lincoln Ave, Calistoga, CA 94515, United States","HCG9+JW Calistoga, California, USA",https://www.calistogachiropractic.com/,+1 707-942-9592,Closed · Opens 1 pm Wed,https://lh3.googleusercontent.com/gps-cs-s/AG0ilSxXNF709EI-m0yUXJW0rOKhItrlo_JP25F17vv7D5UQ0kSt-7af8fyXe_baXrgALy9hKi4MbzuC4PFk03d3Rs5rAdMLgcF2k6cwRPx5Yx01MZWrYm-6HrZUIgAhm75kzsKFxu1Vqw=w408-h725-k-no,false,8 am–1 pm,1–6 pm,8 am–1 pm,Closed,Closed,Closed,1–6 pm,"https://www.google.com/maps/search/vein+clinics+in+Calistoga+Napa+CA/@38.5787965,-122.5797054,14z",2025-12-16T22:38:37.549Z,,,
https://www.google.com/maps/place/Aesthetic+Laser+%26+Vein+Center+-+Santa+Rosa/data=!4m7!3m6!1s0x8084383c752a43fb:0xb4c46cb5afc97bc2!8m2!3d38.441632!4d-122.746199!16s%2Fg%2F1txc77nb!19sChIJ-0MqdTw4hIARwnvJr7VsxLQ,Aesthetic Laser & Vein Center - Santa Rosa,5.0,2,Skin care clinic,"70 Stony Point Rd, Santa Rosa, CA 95401, United States","C7R3+MG Santa Rosa, California, USA",http://www.laserandvein.com/,+1 707-542-8346,,https://streetviewpixels-pa.googleapis.com/v1/thumbnail?panoid=pbJuzby6JMOKHp0kLMUbSg&cb_client=search.gws-prod.gps&w=408&h=240&yaw=31.462402&pitch=0&thumbfov=100,false,,,,,,,,"https://www.google.com/maps/search/vein+clinics+in+Calistoga+Napa+CA/@38.5787965,-122.5797054,14z",2025-12-16T22:38:40.639Z,,,
https://www.google.com/maps/place/Laser+Light+Treatment+Center/data=!4m7!3m6!1s0x808447fd61440a53:0x8186cf20e748a88b!8m2!3d38.4408342!4d-122.7085991!16s%2Fg%2F11dy_vs3q2!19sChIJUwpEYf1HhIARi6hI5yDPhoE,Laser Light Treatment Center,4.5,2,Medical clinic,"830 2nd St Suite A, Santa Rosa, CA 95404, United States","C7RR+8H Santa Rosa, California, USA",http://laserlight.org/,+1 707-757-9363,Open · Closes 5 pm,https://lh3.googleusercontent.com/p/AF1QipPUTgtIH49nn2QzNBf2by0r5lNk_3VadUbHTpqx=w489-h240-k-no,true,9 am–5 pm,9 am–5 pm,9 am–5 pm,9 am–5 pm,Closed,Closed,9 am–5 pm,"https://www.google.com/maps/search/vein+clinics+in+Calistoga+Napa+CA/@38.5787965,-122.5797054,14z",2025-12-16T22:38:45.631Z,,,
https://www.google.com/maps/place/California+Vein+%26+Wound+Center/data=!4m7!3m6!1s0x80850dfa4d926b8b:0xce8991ad81d517ff!8m2!3d38.1324767!4d-122.2382729!16s%2Fg%2F11h1l1bzjx!19sChIJi2uSTfoNhYAR_xfVga2Ric4,California Vein & Wound Center,,,Surgical center,"1460 N Camino Alto UNIT 101, Vallejo, CA 94589, United States","4QJ6+XM Vallejo, California, USA",https://www.treatyourlegs.com/,+1 707-252-4955,Open · Closes 5 pm,https://lh3.googleusercontent.com/gps-cs-s/AG0ilSxljFN39N5w8NV054RZrjSBILwNXUtbwitzyHdpWdCa4NSAPif8xxF5AE2aWkJfw_Che15u1Ooj11Zy8U5ioujW15N1jYaFXOPl31QAwnq39o_bkTuZAXzPjjozRCeL2Lk5rVp0_A=w408-h272-k-no,true,9 am–5 pm,9 am–5 pm,9 am–5 pm,9 am–5 pm,Closed,Closed,9 am–5 pm,"https://www.google.com/maps/search/vein+clinics+in+Calistoga+Napa+CA/@38.5787965,-122.5797054,14z",2025-12-16T22:38:50.410Z,,,
"https://www.google.com/maps/place/Dr.+Jon+Christopher+Orlino,+MD/data=!4m7!3m6!1s0x80850dd09218b127:0x900daaadecdf3149!8m2!3d38.131454!4d-122.240496!16s%2Fg%2F11vrrf62v9!19sChIJJ7EYktANhYARSTHf7K2qDZA","Dr. Jon Christopher Orlino, MD",,,Medical office,"100 Hospital Dr #200, Vallejo, CA 94589, United States","4QJ5+HR Vallejo, California, USA",https://www.bassmedicalgroup.com/doctors/jon-christopher-orlino,+1 510-832-6131,,https://streetviewpixels-pa.googleapis.com/v1/thumbnail?panoid=lLQqPfzPwlJVrrnYW1XyTA&cb_client=search.gws-prod.gps&w=408&h=240&yaw=260.20148&pitch=0&thumbfov=100,true,,,,,,,,"https://www.google.com/maps/search/vein+clinics+in+American+Canyon+Napa+CA/@38.1749178,-122.2608044,14z",2025-12-16T22:39:02.945Z,,,
https://www.google.com/maps/place/Canyon+MediSpa/data=!4m7!3m6!1s0x80850c7cad065aa7:0x2e5ba12df8a60988!8m2!3d38.1700922!4d-122.2547546!16s%2Fg%2F11c1q505zl!19sChIJp1oGrXwMhYARiAmm-C2hWy4,Canyon MediSpa,5.0,2,Medical spa,"3433 Broadway B-5, American Canyon, CA 94503, United States","5PCW+23 American Canyon, California, USA",http://www.canyonmedispa.com/,+1 707-561-9005,Closed · Opens 10 am Wed,https://lh3.googleusercontent.com/p/AF1QipMM_Iq8XVtpiMmXg6OgP2IvBJEs-j5xnk3hEyRe=w408-h270-k-no,true,Closed,10 am–5 pm,Closed,Closed,10 am–5 pm,Closed,10 am–5 pm,"https://www.google.com/maps/search/vein+clinics+in+American+Canyon+Napa+CA/@38.1749178,-122.2608044,14z",2025-12-16T22:39:13.058Z,,,
https://www.google.com/maps/place/San+Francisco+Vein+Center+-+Melinda+L+Aquino+MD/data=!4m7!3m6!1s0x808587404c5c617d:0x340e364e6ba77b1b!8m2!3d37.7732553!4d-122.4534692!16s%2Fg%2F11fmqcxfpg!19sChIJfWFcTECHhYARG3una042DjQ,San Francisco Vein Center - Melinda L Aquino MD,4.6,16,Vascular surgeon,"2250 Hayes St Ste 612, San Francisco, CA 94117, United States","QGFW+8J Lone Mountain, San Francisco, CA, USA",https://www.sfveincenter.com/,+1 415-752-1122,Open · Closes 5 pm,https://lh3.googleusercontent.com/p/AF1QipNxrDpARa0B180BnqSX1Z635sUoIDcQ85i2U5nX=w454-h240-k-no,true,9 am–5 pm,9 am–5 pm,9 am–5 pm,9 am–5 pm,Closed,Closed,9 am–5 pm,"https://www.google.com/maps/search/vein+clinics+in+American+Canyon+Napa+CA/@38.1749178,-122.2608044,14z",2025-12-16T22:39:18.910Z,LGBTQ+ friendly,,
https://www.google.com/maps/place/San+Francisco+Vein+%26+Vascular+Institute/data=!4m7!3m6!1s0x808581b14e7c13a1:0x69ed421cd8ff01b!8m2!3d37.786783!4d-122.4219061!16s%2Fg%2F1v16qjkd!19sChIJoRN8TrGBhYARG_CPzSHUngY,San Francisco Vein & Vascular Institute,4.8,63,Vascular surgeon,"1 Daniel Burnham Ct #205c, San Francisco, CA 94109, United States","QHPH+P6 Cathedral Hill, San Francisco, CA, USA",https://www.sanfranciscoveinandvascularinstitute.com/?utm_source=GMBSocialClimb&utm_medium=SanFranciscoVein%26VascularInstitute,+1 415-221-7056,Open · Closes 5 pm,https://lh3.googleusercontent.com/p/AF1QipNR81yxXIRBOe6WsBOkvB-1gSfk2ByCpI37MLjV=w426-h240-k-no,true,9 am–5 pm,9 am–5 pm,9 am–5 pm,9 am–5 pm,Closed,Closed,9 am–5 pm,"https://www.google.com/maps/search/vein+clinics+in+American+Canyon+Napa+CA/@38.1749178,-122.2608044,14z",2025-12-16T22:39:24.278Z,LGBTQ+ friendly,,
https://www.google.com/maps/place/Vein+Treatment+Clinic/data=!4m7!3m6!1s0x808fbb5ec2688013:0x54cb93b85b6b4dee!8m2!3d37.4295552!4d-122.1441123!16s%2Fg%2F11v0tnfsr3!19sChIJE4Bowl67j4AR7k1rW7iTy1Q,Vein Treatment Clinic,5.0,52,Medical Center,"2248 Park Blvd, Palo Alto, CA 94306, United States","CVH4+R9 Palo Alto, California, USA",https://www.veintreatmentclinic.com/locations/california/palo-alto/?utm_source=google&utm_medium=gmb&utm_campaign=palo%20alto%20GMB,+1 650-702-4544,Open · Closes 4 pm,https://lh3.googleusercontent.com/p/AF1QipP39JmzzmSsv3bWyDJCJLswAhtWfAxlaMGISo3A=w408-h305-k-no,true,8 am–4 pm,9 am–7 pm,9 am–7 pm,9 am–7 pm,Closed,Closed,9 am–7 pm,"https://www.google.com/maps/search/vein+clinics+in+American+Canyon+Napa+CA/@38.1749178,-122.2608044,14z",2025-12-16T22:39:29.881Z,,,
https://www.google.com/maps/place/Stanford+Vascular+and+Vein+Clinic/data=!4m7!3m6!1s0x808fa540de1fc38b:0xab4996d6690a60cd!8m2!3d37.3988195!4d-122.1929233!16s%2Fg%2F11by_lvmlc!19sChIJi8Mf3kClj4ARzWAKadaWSas,Stanford Vascular and Vein Clinic,5.0,5,Medical clinic,"3260 Alpine Rd, Portola Valley, CA 94028, United States","9RX4+GR Portola Valley, California, USA",https://stanfordhealthcare.org/medical-clinics/vascular-vein-clinic.html?cid=clinic%7Clocal%7CGoogle,+1 650-498-8981,,https://streetviewpixels-pa.googleapis.com/v1/thumbnail?panoid=MTDhIkAh1N8r67W8FDZTNQ&cb_client=search.gws-prod.gps&w=408&h=240&yaw=256.02423&pitch=0&thumbfov=100,true,,,,,,,,"https://www.google.com/maps/search/vein+clinics+in+American+Canyon+Napa+CA/@38.1749178,-122.2608044,14z",2025-12-16T22:39:32.722Z,,,
https://www.google.com/maps/place/Benicia+Medical+Aesthetics/data=!4m7!3m6!1s0x80856f7942d75ff3:0xa5b7fd32791b1893!8m2!3d38.0654157!4d-122.1638451!16s%2Fg%2F11y2k00bzy!19sChIJ81_XQnlvhYARkxgbeTL9t6U,Benicia Medical Aesthetics,5.0,65,Skin care clinic,"701 Southampton Rd Suite 104, Benicia, CA 94510, United States","3R8P+5F Benicia, California, USA",https://beniciamedicalaesthetics.com/,+1 707-646-1691,Open · Closes 5 pm,https://lh3.googleusercontent.com/p/AF1QipOMuyqfz8ZMZErnNmEZ3kEYifnT3WQtId3dfxEb=w408-h611-k-no,true,9 am–5 pm,9 am–5 pm,9 am–5 pm,9 am–5 pm,9 am–5 pm,Closed,9 am–5 pm,"https://www.google.com/maps/search/vein+clinics+in+American+Canyon+Napa+CA/@38.1749178,-122.2608044,14z",2025-12-16T22:39:38.061Z,,,
https://www.google.com/maps/place/MarinHealth+Vascular+Surgery+%7C+A+UCSF+Health+Clinic/data=!4m7!3m6!1s0x80859a750e2c34bf:0xb70c74771c4c98ad!8m2!3d37.9439177!4d-122.5345548!16s%2Fg%2F1hhxg4hns!19sChIJvzQsDnWahYARrZhMHHd0DLc,MarinHealth Vascular Surgery | A UCSF Health Clinic,4.9,16,Medical clinic,"1100 S Eliseo Dr #2a, Greenbrae, CA 94904, United States","WFV8+H5 Greenbrae, Kentfield, CA, USA",https://www.mymarinhealth.org/locations/vascular-medicine-greenbrae/?utm_source=pg-google&utm_medium=organic&utm_campaign=pg-listings,+1 415-464-5400,Open · Closes 5 pm,https://lh3.googleusercontent.com/p/AF1QipNJWqW7Oxue260VzZusKL_JnY8wjTDtJutet4q3=w426-h240-k-no,true,9 am–5 pm,9 am–5 pm,9 am–5 pm,9 am–5 pm,Closed,Closed,9 am–5 pm,"https://www.google.com/maps/search/vein+clinics+in+American+Canyon+Napa+CA/@38.1749178,-122.2608044,14z",2025-12-16T22:39:43.496Z,,,
https://www.google.com/maps/place/Vascular+Surgery+Medical+Group/data=!4m7!3m6!1s0x808ff2cba8afffff:0x1ee390eaa162639a!8m2!3d37.7724942!4d-121.9896805!16s%2Fg%2F11f5dp0_s0!19sChIJ__-vqMvyj4ARmmNioeqQ4x4,Vascular Surgery Medical Group,4.9,46,Medical group,"100 Park Pl Suite 150, San Ramon, CA 94583, United States","Q2C6+X4 San Ramon, California, USA",https://www.vasculargroup.com/?utm_source=gmb_auth,+1 925-831-0101,Open · Closes 5 pm,https://lh3.googleusercontent.com/gps-cs-s/AG0ilSznzYm-9Xfw1wwHlbQSsFFX42pGKZ6hrNy3hAz2jXtgP71EHpm8DMOmZyI58yg6BWec3YxKLfrpJxrdRAsgO2JEpi2DP3YKX3TKB33RJicxtMB7nUAWY8pCzP1AUx7wibFUHaUt=w408-h541-k-no,true,9 am–5 pm,9 am–5 pm,9 am–5 pm,9 am–5 pm,9 am–5 pm,9 am–5 pm,9 am–5 pm,"https://www.google.com/maps/search/vein+clinics+in+American+Canyon+Napa+CA/@38.1749178,-122.2608044,14z",2025-12-16T22:39:49.097Z,,,
https://www.google.com/maps/place/Face+Lab+Aesthetics/data=!4m7!3m6!1s0x8085735c77d596d9:0x82ae20d14117c5eb!8m2!3d38.0709324!4d-122.2128332!16s%2Fg%2F11vdd22h4n!19sChIJ2ZbVd1xzhYAR68UXQdEgroI,Face Lab Aesthetics,5.0,150,Medical spa,"195 Glen Cove Marina Rd Suite 200A, Vallejo, CA 94591, United States","3QCP+9V Vallejo, California, USA",https://thefacelabaesthetics.com/,+1 707-200-1364,Open · Closes 5 pm,https://lh3.googleusercontent.com/p/AF1QipMjSf7nOyjcFKmBha9r1cpWDhJR-oTbQ-LQ1k9S=w408-h590-k-no,true,10 am–5 pm,10 am–5 pm,10 am–5 pm,10 am–5 pm,10 am–5 pm,Closed,10 am–5 pm,"https://www.google.com/maps/search/vein+clinics+in+American+Canyon+Napa+CA/@38.1749178,-122.2608044,14z",2025-12-16T22:39:54.877Z,,,
"https://www.google.com/maps/place/Dr.+Rajiv+Nagesetty,+MD,+FACS/data=!4m7!3m6!1s0x8085605644a6131d:0x36fc5830c3c82c6c!8m2!3d37.925619!4d-122.021724!16s%2Fg%2F11b77m8jck!19sChIJHROmRFZghYARbCzIwzBY_DY","Dr. Rajiv Nagesetty, MD, FACS",4.6,42,Vascular surgeon,"2637 Shadelands Dr, Walnut Creek, CA 94598, United States","WXGH+68 Walnut Creek, California, USA",https://www.bassveincenter.com/vein-doctors/rajiv-nagesetty-md-facs,+1 925-932-6330,Open · Closes 5 pm,https://streetviewpixels-pa.googleapis.com/v1/thumbnail?panoid=o73EQXt1VhN0kBue3V7CEw&cb_client=search.gws-prod.gps&w=408&h=240&yaw=87.42585&pitch=0&thumbfov=100,true,8 am–5 pm,8 am–5 pm,8 am–5 pm,8 am–5 pm,Closed,Closed,8 am–5 pm,"https://www.google.com/maps/search/vein+clinics+in+American+Canyon+Napa+CA/@38.1749178,-122.2608044,14z",2025-12-16T22:40:00.425Z,,,
https://www.google.com/maps/place/Lift+Aesthetics/data=!4m7!3m6!1s0x808507198800398b:0xde17b53a026c5c73!8m2!3d38.297735!4d-122.2940475!16s%2Fg%2F11qk7cygkk!19sChIJizkAiBkHhYARc1xsAjq1F94,Lift Aesthetics,4.8,111,Medical spa,"1834 1st St, Napa, CA 94559, United States","7PX4+39 Napa, California, USA",https://liftaesthetics.com/,+1 707-908-8592,Open · Closes 7 pm,https://lh3.googleusercontent.com/p/AF1QipN7NfQJurAITUuaEz_29RG6KXyyImqhInAQSwSu=w408-h408-k-no,true,9 am–7 pm,9 am–7 pm,10 am–6 pm,10 am–6 pm,Closed,Closed,9 am–7 pm,"https://www.google.com/maps/search/vein+clinics+in+American+Canyon+Napa+CA/@38.1749178,-122.2608044,14z",2025-12-16T22:40:05.528Z,,,
https://www.google.com/maps/place/Vascular+Surgery+Medical+Group/data=!4m7!3m6!1s0x808f8fc516733503:0x8a7a6259c2ab8d4f!8m2!3d37.7137556!4d-122.1428478!16s%2Fg%2F1tlqq6rb!19sChIJAzVzFsWPj4ART42rwllieoo,Vascular Surgery Medical Group,4.8,100,Medical group,"13851 E 14th St Suite 202, San Leandro, CA 94578, United States","PV74+GV San Leandro, California, USA",https://www.vasculargroup.com/?utm_source=gmb_auth,+1 510-357-4006,Open · Closes 5 pm,https://lh3.googleusercontent.com/gps-cs-s/AG0ilSwC8dWDeUgOqH6Npf1LfAycufUSHpHOP8ep7NkPW9DHERsnfZybfx12TSu0QdvVM3aHzBaNBCSk6M6aA4L8KOiETdv5s4KP_vCCNkw1Zm_0IDZhhkMalNGYyjJAQMsPq2HecEI=w408-h306-k-no,true,8:30 am–5 pm,8:30 am–5 pm,8:30 am–5 pm,8:30 am–5 pm,Closed,Closed,8:30 am–5 pm,"https://www.google.com/maps/search/vein+clinics+in+American+Canyon+Napa+CA/@38.1749178,-122.2608044,14z",2025-12-16T22:40:10.562Z,,,
https://www.google.com/maps/place/InterMed+Vein+Clinic/data=!4m7!3m6!1s0x808567e41ebacfc3:0xea87f378d687eb48!8m2!3d37.9817885!4d-122.0346462!16s%2Fg%2F11pdk37j5m!19sChIJw8-6HuRnhYARSOuH1njzh-o,InterMed Vein Clinic,,,Surgical center,"2272 Bacon St, Concord, CA 94520, United States","XXJ8+P4 Concord, California, USA",https://www.intermedveinclinic.com/,+1 925-886-7100,,https://streetviewpixels-pa.googleapis.com/v1/thumbnail?panoid=FNUdJk4FbILleG2yfFClBQ&cb_client=search.gws-prod.gps&w=408&h=240&yaw=181.94528&pitch=0&thumbfov=100,false,,,,,,,,"https://www.google.com/maps/search/vein+clinics+in+American+Canyon+Napa+CA/@38.1749178,-122.2608044,14z",2025-12-16T22:40:13.431Z,,,
https://www.google.com/maps/place/Nude+Medical+Aesthetics/data=!4m7!3m6!1s0x808599efaa104c21:0xb2ff8b407107f929!8m2!3d38.3005746!4d-122.2864114!16s%2Fg%2F11qqk7szv3!19sChIJIUwQqu-ZhYARKfkHcUCL_7I,Nude Medical Aesthetics,5.0,86,Medical spa,"1146 Main St, Napa, CA 94559, United States","8P27+6C Napa, California, USA",http://www.nudemedical.com/?utm_source=google&utm_medium=wix_google_business_profile&utm_campaign=32468545006801519,+1 707-602-3809,Open · Closes 7 pm,https://lh3.googleusercontent.com/p/AF1QipP5kMGJeklc-GCPTcdc9yJ4gNgI3RHU9URSz9k6=w408-h612-k-no,true,9 am–7 pm,9 am–7 pm,9 am–7 pm,9 am–7 pm,9 am–7 pm,Closed,9 am–7 pm,"https://www.google.com/maps/search/vein+clinics+in+Rutherford+Napa+CA/@38.4591012,-122.4225638,14z",2025-12-16T22:40:26.941Z,LGBTQ+ friendly,,
"https://www.google.com/maps/place/Manly+Hyde,+MD/data=!4m7!3m6!1s0x80845a4f3368276b:0xdc762a3afc88dcb2!8m2!3d38.5428448!4d-122.4751726!16s%2Fg%2F1vg6tzb7!19sChIJaydoM09ahIARstyI_Doqdtw","Manly Hyde, MD",5.0,1,Surgeon,"6 Woodland Rd #304, St Helena, CA 94574, United States","GGVF+4W St Helena, California, USA",https://doctors.adventisthealth.org/provider/Manly+R+Hyde/1341522,+1 707-963-7200,,https://lh3.googleusercontent.com/p/AF1QipOqlfvyn9rFTtK9nTB_bDtSCYPfzZfdwmp1wLOm=w408-h546-k-no,true,,,,,,,,"https://www.google.com/maps/search/vein+clinics+in+Angwin+Napa+CA/@38.5757402,-122.4499796,14z",2025-12-16T22:40:38.038Z,,,
https://www.google.com/maps/place/Napa+Valley+MIT/data=!4m7!3m6!1s0x8084591f38d6c543:0xf9eb2291cea1afee!8m2!3d38.572095!4d-122.4419632!16s%2Fg%2F11wbt_gdbk!19sChIJQ8XWOB9ZhIAR7q-hzpEi6_k,Napa Valley MIT,5.0,4,Health spa,"110 Howell Mountain Rd, Angwin, CA 94508, United States","HHC5+R6 Angwin, California, USA",https://napavalleymit.com/,+1 707-395-5106,,https://lh3.googleusercontent.com/p/AF1QipNplxnhYZ7o1xTad4Xe53OK6fzn-QRqcUzcqBAB=w426-h240-k-no,true,,,,,,,,"https://www.google.com/maps/search/vein+clinics+in+Angwin+Napa+CA/@38.5757402,-122.4499796,14z",2025-12-16T22:40:40.975Z,,,
,,,,,,,,,,,,,,,,,,,"https://www.google.com/maps/search/vein+clinics+in+Deer+Park+Napa+CA/@38.5326858,-122.4697022,14z",2025-12-16T22:40:49.373Z,,,No new results found
,,,,,,,,,,,,,,,,,,,"https://www.google.com/maps/search/vein+clinics+in+Oakville+Napa+CA/@38.4366996,-122.402785,14z",2025-12-16T22:40:57.418Z,,,No new results found
https://www.google.com/maps/place/Napa+Valley+Cardiothoracic+and+Cardiovascular+Surgery/data=!4m7!3m6!1s0x808506c222c64d8b:0x132a7dc28f656f6e!8m2!3d38.3255363!4d-122.2936345!16s%2Fg%2F1tk_phkl!19sChIJi03GIsIGhYARbm9lj8J9KhM,Napa Valley Cardiothoracic and Cardiovascular Surgery,,,Cardiovascular and thoracic surgeon,"3434 Villa Ln D-380, Napa, CA 94558, United States","8PG4+6G Napa, California, USA",,+1 707-254-9693,Open · Closes 4 pm,https://streetviewpixels-pa.googleapis.com/v1/thumbnail?panoid=7paJBP4YZa199DoZG9VUuw&cb_client=search.gws-prod.gps&w=408&h=240&yaw=44.839474&pitch=0&thumbfov=100,false,9 am–4 pm,9 am–4 pm,9 am–4 pm,9 am–1 pm,Closed,Closed,9 am–4 pm,"https://www.google.com/maps/search/vein+clinics+in+Pope+Valley+Napa+CA/@38.6151837,-122.427757,14z",2025-12-16T22:41:11.505Z,,,
https://www.google.com/maps/place/NorCal+Vein+Specialists/data=!4m7!3m6!1s0x809adb2aa6848259:0xda256aa1ddc9b7f7!8m2!3d38.5717601!4d-121.4084923!16s%2Fg%2F11y561ky62!19sChIJWYKEpirbmoAR97fJ3aFqJdo,NorCal Vein Specialists,5.0,101,Vascular surgeon,"107 Scripps Dr Suite 220, Sacramento, CA 95825, United States","HHCR+PJ Sacramento, California, USA",https://norcalvein.com/specialist-sacramento-ca/,+1 916-282-3159,Open · Closes 4 pm,https://lh3.googleusercontent.com/p/AF1QipOO3-HeD2fJ6MkyM_qiE6DBr6XcraLZYmtDgEui=w408-h405-k-no,true,9 am–4 pm,9 am–4 pm,9 am–4 pm,9 am–4 pm,Closed,Closed,9 am–4 pm,"https://www.google.com/maps/search/vein+clinics+in+Pope+Valley+Napa+CA/@38.6151837,-122.427757,14z",2025-12-16T22:41:16.342Z,LGBTQ+ friendly,,
https://www.google.com/maps/place/Rella+Aesthetics/data=!4m7!3m6!1s0x8085070006b466bb:0xcbf46afaa8203c5!8m2!3d38.2950105!4d-122.2893642!16s%2Fg%2F11y8ws_h7g!19sChIJu2a0BgAHhYARxQOCqq9Gvww,Rella Aesthetics,5.0,92,Medical spa,"1541 3rd St, Napa, CA 94559, United States","7PW6+27 Napa, California, USA",https://experiencerella.com/,+1 707-358-2928,"Open · Closes 5 pm

Updated by this business 2 weeks ago",https://lh3.googleusercontent.com/p/AF1QipPd6UEUfQpWds4giZWaPhG6ngfzE-za-BCl-R8=w408-h612-k-no,true,9 am–5 pm,9 am–5 pm,9 am–5 pm,9 am–5 pm,9 am–5 pm,Closed,Closed,"https://www.google.com/maps/search/vein+clinics+in+Pope+Valley+Napa+CA/@38.6151837,-122.427757,14z",2025-12-16T22:41:21.238Z,,,
"https://www.google.com/maps/place/Tom,+Walter,+MD+-+Dr.+Tom+Cosmetic+Surgery/data=!4m7!3m6!1s0x8085065ce9d0ef41:0x2b9e5f670b66f7ae!8m2!3d38.2977363!4d-122.2940616!16s%2Fg%2F1td5rhgs!19sChIJQe_Q6VwGhYARrvdmC2dfnis","Tom, Walter, MD - Dr. Tom Cosmetic Surgery",5.0,1,Laser hair removal service,"1834 1st St, Napa, CA 94559, United States","7PX4+39 Napa, California, USA",http://www.laserandvein.com/,+1 707-542-8346,,https://streetviewpixels-pa.googleapis.com/v1/thumbnail?panoid=fzT4KbDwMd-_X6hbiXVTLg&cb_client=search.gws-prod.gps&w=408&h=240&yaw=357.8438&pitch=0&thumbfov=100,true,1–2 pm,1–2 pm,1–2 pm,1–2 pm,Closed,Closed,1–2 pm,"https://www.google.com/maps/search/vein+clinics+in+Pope+Valley+Napa+CA/@38.6151837,-122.427757,14z",2025-12-16T22:41:26.150Z,,,
"https://www.google.com/maps/place/John+P.+Loftus,+MD/data=!4m7!3m6!1s0x808507c793c7f4c5:0x966f7f7cedc39d7d!8m2!3d38.324482!4d-122.2971094!16s%2Fg%2F11f765bms4!19sChIJxfTHk8cHhYARfZ3D7Xx_b5Y","John P. Loftus, MD",,,Surgeon,"1000 Trancas St, Napa, CA 94558, United States","8PF3+Q5 Napa, California, USA",,+1 707-252-4411,Open · Closes 5 pm,https://streetviewpixels-pa.googleapis.com/v1/thumbnail?panoid=yoM8bf4b2NStat8rKl7S9g&cb_client=search.gws-prod.gps&w=408&h=240&yaw=308.39304&pitch=0&thumbfov=100,false,8 am–5 pm,8 am–5 pm,8 am–5 pm,8 am–5 pm,Closed,Closed,8 am–5 pm,"https://www.google.com/maps/search/vein+clinics+in+Pope+Valley+Napa+CA/@38.6151837,-122.427757,14z",2025-12-16T22:41:30.887Z,,,
https://www.google.com/maps/place/Providence+Queen+of+the+Valley+Medical+Center+Minimally+Invasive+Surgery/data=!4m7!3m6!1s0x808507aeb2160fbb:0x903106924e21399b!8m2!3d38.3244961!4d-122.2971207!16s%2Fg%2F11nms659n6!19sChIJuw8Wsq4HhYARmzkhTpIGMZA,Providence Queen of the Valley Medical Center Minimally Invasive Surgery,,,Surgical center,"1000 Trancas St, Napa, CA 94558, United States","8PF3+Q5 Napa, California, USA",https://www.providence.org/locations/norcal/queen-of-the-valley/minimally-invasive-surgery?ls=location&y_source=1_MjQxOTM2MzYtNzE1LWxvY2F0aW9uLndlYnNpdGU%3D,+1 707-252-4411,,https://streetviewpixels-pa.googleapis.com/v1/thumbnail?panoid=5xJBGGzzcYAGEUJ85B2ggg&cb_client=search.gws-prod.gps&w=408&h=240&yaw=281.70914&pitch=0&thumbfov=100,true,,,,,,,,"https://www.google.com/maps/search/vein+clinics+in+Pope+Valley+Napa+CA/@38.6151837,-122.427757,14z",2025-12-16T22:41:33.639Z,,,
"https://www.google.com/maps/place/Napa+Aesthetics,+A+Nursing+Corporation+by+Lorie+Janes,+RN+Medical+Director-Dr.Robert+Gray/data=!4m7!3m6!1s0x80850727893aeec7:0xe1fbf8d0b81f87d9!8m2!3d38.3035405!4d-122.2933663!16s%2Fg%2F11tjcf8mqf!19sChIJx-46iScHhYAR2YcfuND4--E","Napa Aesthetics, A Nursing Corporation by Lorie Janes, RN Medical Director-Dr.Robert Gray",5.0,42,Medical spa,"1730 Jefferson St, Napa, CA 94559, United States","8P34+CM Napa, California, USA",https://www.portraitcare.com/providers/lorie-janes/?utm_source=gmb,+1 707-346-5314,Open · Closes 6 pm,https://lh3.googleusercontent.com/p/AF1QipNzl763q85tIxqE2lifFTcLybFNOltQKkDi9DSG=w431-h240-k-no,true,10 am–6 pm,10 am–6 pm,10 am–6 pm,10 am–6 pm,Closed,Closed,Closed,"https://www.google.com/maps/search/vein+clinics+in+Pope+Valley+Napa+CA/@38.6151837,-122.427757,14z",2025-12-16T22:41:38.625Z,Identifies as women-owned,,
https://www.google.com/maps/place/Paradigm+Medical+Aesthetics/data=!4m7!3m6!1s0x8085065e23870405:0x5e6f6da1ff65ffae!8m2!3d38.282617!4d-122.2945756!16s%2Fg%2F1tdrfl73!19sChIJBQSHI14GhYARrv9l_6Ftb14,Paradigm Medical Aesthetics,4.5,8,Medical spa,"1920 Lernhart St, Napa, CA 94559, United States","7PM4+25 Napa, California, USA",http://www.paradigmmedspa.com/,+1 707-252-3290,Open · Closes 5:30 pm,https://lh3.googleusercontent.com/p/AF1QipMm-z7Gc0NBPk16h5peUprkhExp2borLhGQYn80=w408-h306-k-no,true,9 am–5:30 pm,9 am–5:30 pm,9 am–5:30 pm,9 am–5:30 pm,Closed,Closed,9 am–5:30 pm,"https://www.google.com/maps/search/vein+clinics+in+Pope+Valley+Napa+CA/@38.6151837,-122.427757,14z",2025-12-16T22:41:43.579Z,,,
https://www.google.com/maps/place/Lake+Berryessa/data=!4m7!3m6!1s0x8084f0beb0658c59:0x742c50e152ce1f7d!8m2!3d38.6097407!4d-122.254045!16zL20vMDZzNXc3!19sChIJWYxlsL7whIARfR_OUuFQLHQ,Lake Berryessa,4.6,564,Lake,"California 94558, USA",,,,,https://lh3.googleusercontent.com/gps-cs-s/AG0ilSxuA2Vx7WW8WELGkfJFzzYKsWbPQRNI1D6LwowSJLchMs_-NiEaiTx4Nfqwywjoj_UX-D4jJBU0Sbw5tKUgPs5FZ49iXM3HGDE_78u38IsoQGJyNrw7up7xkHEv_-QsvaXJJMVS=w408-h505-k-no,true,,,,,,,,"https://www.google.com/maps/search/vein+clinics+in+Lake+Berryessa+Napa+CA/@38.6097407,-122.254045,14z",2025-12-16T22:41:54.959Z,,,
https://www.google.com/maps/place/Glory+Hole/data=!4m7!3m6!1s0x8084e23512fc9ec5:0xbf40f2a25a22b884!8m2!3d38.5122525!4d-122.1049072!16s%2Fg%2F11b7x2_047!19sChIJxZ78EjXihIARhLgiWqLyQL8,Glory Hole,4.6,656,Tourist attraction,"Lake Berryessa, Napa, CA 94558, United States","GV6W+W2 Napa, California, USA",https://www.usbr.gov/mp/ccao/berryessa/,+1 707-966-2111,Open 24 hours,https://lh3.googleusercontent.com/gps-cs-s/AG0ilSxg5Bm3w-OM-DNlLtQY1L25w7-XtcN4fBJDP7LsKszW8vysj7KRv-4WDuV4Z8-k_MHVKX4e-Q1aNlfoTkScEU255dP9yw_36AbpBZiDW6u2Y6w9v8X5mWk2NWm8j8-P3egc11OA=w408-h306-k-no,false,Open 24 hours,Open 24 hours,Open 24 hours,Open 24 hours,Open 24 hours,Open 24 hours,Open 24 hours,"https://www.google.com/maps/search/vein+clinics+in+Lake+Berryessa+Napa+CA/@38.6097407,-122.254045,14z",2025-12-16T22:41:59.845Z,,,
,,,,,,,,,,,,,,,,,,,"https://www.google.com/maps/search/vein+clinics+in+Cuttings+Wharf+Napa+CA/@38.22667,-122.30778,14z",2025-12-16T22:42:08.196Z,,,No new results found
https://www.google.com/maps/place/Laser+Nail+Therapy/data=!4m7!3m6!1s0x80844badf8e179c3:0x245858164a26a4da!8m2!3d38.350076!4d-122.708299!16s%2Fg%2F11sff223d5!19sChIJw3nh-K1LhIAR2qQmShZYWCQ,Laser Nail Therapy,5.0,1,Medical clinic,"2 Padre Pkwy #302a, Rohnert Park, CA 94928, United States","972R+2M Rohnert Park, California, USA",https://lasernailtherapy.com/,+1 707-340-4202,Open · Closes 9 pm,https://lh3.googleusercontent.com/p/AF1QipObqzvuty4ljpomBIs2mMxq__GdnKccuQxXRJzt=w426-h240-k-no,true,7 am–9 pm,7 am–9 pm,7 am–9 pm,7 am–9 pm,7 am–9 pm,7 am–9 pm,7 am–9 pm,"https://www.google.com/maps/search/vein+clinics+in+Berryessa+Highlands+Napa+CA/@38.5146298,-122.1877519,14z",2025-12-16T22:42:22.662Z,LGBTQ+ friendly,,
"https://www.google.com/maps/place/Mindy+Marquez,+MD/data=!4m7!3m6!1s0x808506c20c949339:0x854b9d7973c11039!8m2!3d38.326002!4d-122.295132!16s%2Fg%2F1vyn426g!19sChIJOZOUDMIGhYARORDBc3mdS4U","Mindy Marquez, MD",,,Urologist,"3443 Villa Ln Ste 9, Napa, CA 94558, United States","8PG3+CW Napa, California, USA",,+1 707-346-5100,Open · Closes 5 pm,https://streetviewpixels-pa.googleapis.com/v1/thumbnail?panoid=FFMXftd75MElAMqPVZaDHg&cb_client=search.gws-prod.gps&w=408&h=240&yaw=80.74944&pitch=0&thumbfov=100,true,8 am–5 pm,8 am–5 pm,8 am–5 pm,8 am–5 pm,Closed,Closed,8 am–5 pm,"https://www.google.com/maps/search/vein+clinics+in+Berryessa+Highlands+Napa+CA/@38.5146298,-122.1877519,14z",2025-12-16T22:42:27.600Z,,,
https://www.google.com/maps/place/Monahan+Vein+Clinic/data=!4m7!3m6!1s0x809b21a06968bbad:0x8ed5eb05e3ee286a!8m2!3d38.771657!4d-121.307368!16s%2Fg%2F1260ntp8p!19sChIJrbtoaaAhm4ARaiju4wXr1Y4,Monahan Vein Clinic,4.9,13,Medical clinic,"1211 Pleasant Grove Blvd STE 120, Roseville, CA 95678, United States","QMCV+M3 Roseville, California, USA",http://veinfocus.com/,+1 916-791-8346,Open · Closes 4:30 pm,https://streetviewpixels-pa.googleapis.com/v1/thumbnail?panoid=qWMB2sChbrUKZvFrITdSLw&cb_client=search.gws-prod.gps&w=408&h=240&yaw=113.42122&pitch=0&thumbfov=100,true,9 am–4:30 pm,9 am–4:30 pm,9 am–4:30 pm,Closed,Closed,Closed,9 am–4:30 pm,"https://www.google.com/maps/search/vein+clinics+in+Berryessa+Highlands+Napa+CA/@38.5146298,-122.1877519,14z",2025-12-16T22:42:32.503Z,,,
https://www.google.com/maps/place/The+Coronado+Vein+Center/data=!4m7!3m6!1s0x809adaf5c3042ba1:0x9ff473b856c8dfe6!8m2!3d38.5683083!4d-121.4179157!16s%2Fg%2F11hbtdn2nm!19sChIJoSsEw_XamoAR5t_IVrhz9J8,The Coronado Vein Center,5.0,1,Medical clinic,"500 University Ave #102, Sacramento, CA 95825, United States","HH9J+8R Sacramento, California, USA",https://www.coronadoveincenter.com/,+1 916-701-4700,Open · Closes 4 pm,https://streetviewpixels-pa.googleapis.com/v1/thumbnail?panoid=Q7tb2MuAeOHLBDtkXIuHtg&cb_client=search.gws-prod.gps&w=408&h=240&yaw=5.611535&pitch=0&thumbfov=100,true,8 am–4 pm,Closed,Closed,Closed,Closed,Closed,8 am–4 pm,"https://www.google.com/maps/search/vein+clinics+in+Berryessa+Highlands+Napa+CA/@38.5146298,-122.1877519,14z",2025-12-16T22:42:37.610Z,,,
https://www.google.com/maps/place/TLC+Vascular+Northern+California/data=!4m7!3m6!1s0x809adba34a73c6b1:0xd339341608b8f4b2!8m2!3d38.5682857!4d-121.4178693!16s%2Fg%2F11grtxmx2w!19sChIJscZzSqPbmoARsvS4CBY0OdM,TLC Vascular Northern California,4.5,62,Medical clinic,"500 University Ave, Sacramento, CA 95825, United States","HH9J+8V Sacramento, California, USA",https://www.tlcvascular.com/?utm_source=google_business_profile&utm_medium=website_link&utm_campaign=google_business_profile,+1 916-235-9100,Open · Closes 5 pm,https://lh3.googleusercontent.com/p/AF1QipOgwE_4M_aB9UemorZxA3s-T9YPXW9nbCZofpW-=w408-h544-k-no,true,8 am–5 pm,8 am–5 pm,8 am–5 pm,8 am–5 pm,Closed,Closed,8 am–5 pm,"https://www.google.com/maps/search/vein+clinics+in+Berryessa+Highlands+Napa+CA/@38.5146298,-122.1877519,14z",2025-12-16T22:42:42.467Z,,,
https://www.google.com/maps/place/InterMed+Vein+Clinic/data=!4m7!3m6!1s0x809ade308c831197:0x1bbd6e69c0792eee!8m2!3d38.6788702!4d-121.277278!16s%2Fg%2F12hmlb_w5!19sChIJlxGDjDDemoAR7i55wGluvRs,InterMed Vein Clinic,4.2,5,Medical clinic,"7777 Greenback Ln Suite 103, Citrus Heights, CA 95610, United States","MPHF+G3 Citrus Heights, California, USA",http://intermedveinclinic.com/,+1 916-835-7777,Open · Closes 5 pm,https://streetviewpixels-pa.googleapis.com/v1/thumbnail?panoid=tnP7L3ndyZc7MW2MT6J3Yg&cb_client=search.gws-prod.gps&w=408&h=240&yaw=175.04375&pitch=0&thumbfov=100,false,9 am–5 pm,9 am–5 pm,9 am–5 pm,9 am–5 pm,Closed,Closed,9 am–5 pm,"https://www.google.com/maps/search/vein+clinics+in+Berryessa+Highlands+Napa+CA/@38.5146298,-122.1877519,14z",2025-12-16T22:42:47.402Z,,,
"https://www.google.com/maps/place/Josefina+A+Dominguez,+M.D./data=!4m7!3m6!1s0x809ad0eaf0886319:0x5d931be964a41481!8m2!3d38.5710767!4d-121.4708953!16s%2Fg%2F11f3rlrvvg!19sChIJGWOI8OrQmoARgRSkZOkbk10","Josefina A Dominguez, M.D.",5.0,84,Vascular surgeon,"2725 Capitol Ave #402, Sacramento, CA 95816, United States","HGCH+CJ Sacramento, California, USA",https://www.sutterhealth.org/find-doctor/dr-josefina-a-dominguez?utm_source=yelp&utm_medium=social&utm_content=branded-url&utm_campaign=smf-yelp-doctors,+1 916-262-9400,Open · Closes 5 pm,https://streetviewpixels-pa.googleapis.com/v1/thumbnail?panoid=CcPCPgkjMiq_SS4mxmctXg&cb_client=search.gws-prod.gps&w=408&h=240&yaw=174.05307&pitch=0&thumbfov=100,true,8 am–5 pm,8 am–5 pm,8 am–5 pm,8 am–5 pm,Closed,Closed,8 am–5 pm,"https://www.google.com/maps/search/vein+clinics+in+Berryessa+Highlands+Napa+CA/@38.5146298,-122.1877519,14z",2025-12-16T22:42:52.113Z,,,
"https://www.google.com/maps/place/L.+Britt+Swor-Yim,+M.D.+%7C+Facial+Aesthetics+%7C+Botox,+Filler,+Y-Lift/data=!4m7!3m6!1s0x808507123d24f515:0x70b11efc98475e8e!8m2!3d38.3280551!4d-122.2964672!16s%2Fg%2F11fjx8kn5h!19sChIJFfUkPRIHhYARjl5HmPwesXA","L. Britt Swor-Yim, M.D. | Facial Aesthetics | Botox, Filler, Y-Lift",5.0,13,Medical spa,"7 Walkabout Ln, Napa, CA 94558, United States","8PH3+6C Napa, California, USA",http://drsworyim.com/,+1 415-596-1075,Open · Closes 5 pm,https://streetviewpixels-pa.googleapis.com/v1/thumbnail?panoid=Dqa9FmLYezGZS4IMmrbc6g&cb_client=search.gws-prod.gps&w=408&h=240&yaw=151.38367&pitch=0&thumbfov=100,true,9 am–5 pm,9 am–5 pm,9 am–5 pm,9 am–5 pm,Closed,Closed,9 am–5 pm,"https://www.google.com/maps/search/vein+clinics+in+Berryessa+Highlands+Napa+CA/@38.5146298,-122.1877519,14z",2025-12-16T22:42:57.099Z,,,
https://www.google.com/maps/place/The+Coronado+Vein+Center/data=!4m7!3m6!1s0x809b534fe79c2979:0x2ba958697799044c!8m2!3d39.1526095!4d-121.6189504!16s%2Fg%2F11b7j_qp1q!19sChIJeSmc509Tm4ARTASZd2lYqSs,The Coronado Vein Center,4.6,10,Medical clinic,"1526 Plumas St suite 250, Yuba City, CA 95991, United States","593J+2C Yuba City, California, USA",http://coronadoveincenter.com/,+1 530-790-7788,Open · Closes 4 pm,https://lh3.googleusercontent.com/p/AF1QipPXPRE4XDzbH9Izbr8SN1MFnk4FMKcNIl-yE640=w408-h544-k-no,true,8 am–4 pm,8 am–4 pm,Closed,Closed,Closed,Closed,Closed,"https://www.google.com/maps/search/vein+clinics+in+Berryessa+Highlands+Napa+CA/@38.5146298,-122.1877519,14z",2025-12-16T22:43:02.214Z,,,
https://www.google.com/maps/place/Sutter+Imaging+Vascular+%26+Varicose+Vein+Center/data=!4m7!3m6!1s0x80853d50507f5493:0x89ce725837565764!8m2!3d38.7467231!4d-121.2377243!16s%2Fg%2F11b6jddg55!19sChIJk1R_UFA9hYARZFdWN1hyzok,Sutter Imaging Vascular & Varicose Vein Center,4.4,7,Medical diagnostic imaging center,"1680 E Roseville Pkwy #100, Roseville, CA 95661, United States","PQW6+MW Roseville, California, USA",https://www.sutterhealth.org/find-location/facility/sutter-imaging-vascular-varicose-vein-center-1043246601,+1 916-783-8114,"Open · Closes 5 pm

Confirmed by this business 5 weeks ago",https://lh3.googleusercontent.com/p/AF1QipM8vOIF9ZLP2VGiiJjEvxi0yzHp2Tx7AdzSFukd=w408-h408-k-no,true,7 am–5 pm,7 am–5 pm,7 am–5 pm,7 am–5 pm,Closed,Closed,7 am–5 pm,"https://www.google.com/maps/search/vein+clinics+in+Berryessa+Highlands+Napa+CA/@38.5146298,-122.1877519,14z",2025-12-16T22:43:07.124Z,,,
"https://www.google.com/maps/place/California+Vein+%26+Wound+Center/@38.2975381,-122.286865,14z/data=!4m6!3m5!1s0x808506e9c47b77e1:0xfd57869523224c40!8m2!3d38.3229954!4d-122.2948503!16s%2Fg%2F1tdkgwgj",California Vein & Wound Center,5.0,2,Surgical center,"935 Trancas St #2c, Napa, CA 94558, United States","8PF4+53 Napa, California, USA",https://www.treatyourlegs.com/,+1 707-252-4955,Open · Closes 5 pm,https://lh3.googleusercontent.com/p/AF1QipPQKsBPh4-Y-JsxifK6SV5hLGPav-M-ISsMfK05=w408-h272-k-no,true,9 am–5 pm,9 am–5 pm,9 am–5 pm,9 am–5 pm,Closed,Closed,9 am–5 pm,"https://www.google.com/maps/search/vein+clinics+in+Berryessa+Estates+Napa+CA/@38.2975381,-122.286865,14z",2025-12-16T22:43:15.524Z,,,Already found
"https://www.google.com/maps/place/California+Vein+%26+Wound+Center/@38.3589809,-122.3104149,14z/data=!4m6!3m5!1s0x808506e9c47b77e1:0xfd57869523224c40!8m2!3d38.3229954!4d-122.2948503!16s%2Fg%2F1tdkgwgj",California Vein & Wound Center,5.0,2,Surgical center,"935 Trancas St #2c, Napa, CA 94558, United States","8PF4+53 Napa, California, USA",https://www.treatyourlegs.com/,+1 707-252-4955,Open · Closes 5 pm,https://lh3.googleusercontent.com/p/AF1QipPQKsBPh4-Y-JsxifK6SV5hLGPav-M-ISsMfK05=w408-h272-k-no,true,9 am–5 pm,9 am–5 pm,9 am–5 pm,9 am–5 pm,Closed,Closed,9 am–5 pm,"https://www.google.com/maps/search/vein+clinics+in+Monticello+Napa+CA/@38.3589809,-122.3104149,14z",2025-12-16T22:43:23.643Z,,,Already found
https://www.google.com/maps/place/Napa+Solano+Plastic+Surgery/data=!4m7!3m6!1s0x808506c2b3702ccf:0x5e50b0ca48cdaf1!8m2!3d38.3225722!4d-122.2995009!16s%2Fg%2F1tfbypjq!19sChIJzyxws8IGhYAR8dqMpAwL5QU,Napa Solano Plastic Surgery,4.4,40,Plastic surgeon,"1175 Trancas St, Napa, CA 94558, United States","8PF2+25 Napa, California, USA",https://napasolanoplasticsurgery.com/,+1 707-258-6053,Open · Closes 5 pm,https://lh3.googleusercontent.com/p/AF1QipMvCbPF2_xACURbQjj7Si5lLpoelRWt63r9s704=w408-h282-k-no,true,8:30 am–5 pm,8:30 am–5 pm,8:30 am–5 pm,8:30 am–5 pm,Closed,Closed,8:30 am–5 pm,"https://www.google.com/maps/search/vein+clinics+in+Capell+Valley+Napa+CA/@38.478919,-122.2319079,14z",2025-12-16T22:43:38.152Z,,,
https://www.google.com/maps/place/Napa+Surgery+Center/data=!4m7!3m6!1s0x808506c1a3184033:0xb5d9951e920060cd!8m2!3d38.3260051!4d-122.2921529!16s%2Fg%2F1tftr9l2!19sChIJM0AYo8EGhYARzWAAkh6V2bU,Napa Surgery Center,5.0,1,Surgical center,"3444 Valle Verde Dr, Napa, CA 94558, United States","8PG5+C4 Napa, California, USA",http://www.napapaininstitute.com/,+1 707-252-9669,Open · Closes 5 pm,https://streetviewpixels-pa.googleapis.com/v1/thumbnail?panoid=yj379n_zfIG2FP_By3C2lg&cb_client=search.gws-prod.gps&w=408&h=240&yaw=60.430225&pitch=0&thumbfov=100,true,8 am–5 pm,8 am–5 pm,8 am–5 pm,8 am–5 pm,Closed,Closed,8 am–5 pm,"https://www.google.com/maps/search/vein+clinics+in+Capell+Valley+Napa+CA/@38.478919,-122.2319079,14z",2025-12-16T22:43:42.932Z,,,
https://www.google.com/maps/place/Vein+Specialty+Medical+Clinic/data=!4m7!3m6!1s0x808e3504dc7c9ae9:0x442df0f31476300e!8m2!3d37.2707004!4d-121.9553931!16s%2Fg%2F1tfj3d4h!19sChIJ6Zp83AQ1joARDjB2FPPwLUQ,Vein Specialty Medical Clinic,5.0,9,Surgical center,"2951 S Winchester Blvd, Campbell, CA 95008, United States","72CV+7R Campbell, California, USA",http://www.veinsweb.com/,+1 408-378-3467,Open · Closes 5 pm,https://lh3.googleusercontent.com/gps-cs-s/AG0ilSwquI0jsNa0t89eA9o1Y_Gp3guu8YhyUYass7o4U9potTwaCMfQSmwxd12Z0UUXftXvCaxqPnU9ix5d4xKacICcFnaImhYKeA5c49yJpkTqK7x9AYGXIvR6Q20YQIKhI0qt7KzM=w408-h544-k-no,true,"9 am–12:30 pm, 2–5 pm","9 am–12:30 pm, 2–5 pm",9:30–11:45 am,9:30–11:45 am,Closed,Closed,"9 am–12:30 pm, 2–5 pm","https://www.google.com/maps/search/vein+clinics+in+Capell+Valley+Napa+CA/@38.478919,-122.2319079,14z",2025-12-16T22:43:48.224Z,,,
https://www.google.com/maps/place/Precision+Surgery+Center+of+Napa+Valley/data=!4m7!3m6!1s0x808507ab9e6f17b1:0x28fc4fd387428c4c!8m2!3d38.3245283!4d-122.2923959!16s%2Fg%2F11ry9gv5vr!19sChIJsRdvnqsHhYARTIxCh9NP_Cg,Precision Surgery Center of Napa Valley,4.0,4,Doctor,"800 Trancas St Ste B, Napa, CA 94558, United States","8PF5+R2 Napa, California, USA",https://pscnapa.com/?utm_source=google&utm_medium=localsearch&utm_campaign=gmb,+1 707-681-0356,"Open · Closes 4 pm

Updated by this business 3 weeks ago",https://streetviewpixels-pa.googleapis.com/v1/thumbnail?panoid=2HMlYqwYTY_QWFwD_E1pWw&cb_client=search.gws-prod.gps&w=408&h=240&yaw=268.4269&pitch=0&thumbfov=100,true,7 am–4 pm,7 am–4 pm,7 am–4 pm,Closed,Closed,Closed,7 am–4 pm,"https://www.google.com/maps/search/vein+clinics+in+Wooden+Valley+Napa+CA/@38.2975381,-122.286865,14z",2025-12-16T22:44:03.408Z,,,
https://www.google.com/maps/place/Napa+Valley+Advanced+Wellness/data=!4m7!3m6!1s0x808507214bd4f3c5:0x9c420d769cca4043!8m2!3d38.3229263!4d-122.2969867!16s%2Fg%2F11m6xzc63h!19sChIJxfPUSyEHhYARQ0DKnHYNQpw,Napa Valley Advanced Wellness,5.0,5,Wellness center,"1103 Trancas St #C, Napa, CA 94558, United States","8PF3+56 Napa, California, USA",https://nvawellness.com/,+1 707-522-7723,Temporarily closed,https://streetviewpixels-pa.googleapis.com/v1/thumbnail?panoid=kbcOzyOBpsCOatSBW6fYrQ&cb_client=search.gws-prod.gps&w=408&h=240&yaw=246.73418&pitch=0&thumbfov=100,true,,,,,,,,"https://www.google.com/maps/search/vein+clinics+in+Wooden+Valley+Napa+CA/@38.2975381,-122.286865,14z",2025-12-16T22:44:08.190Z,,,
https://www.google.com/maps/place/Profili+Imaging+Center+at+Providence+Queen+of+the+Valley+Medical+Center/data=!4m7!3m6!1s0x8085071e27bb75d7:0x1140a2d8b185a705!8m2!3d38.3244789!4d-122.2971167!16s%2Fg%2F11f7b_drw7!19sChIJ13W7Jx4HhYARBaeFsdiiQBE,Profili Imaging Center at Providence Queen of the Valley Medical Center,5.0,2,Medical diagnostic imaging center,"1000 Trancas St East Entrance, Napa, CA 94558, United States","8PF3+Q5 Napa, California, USA",https://www.providence.org/locations/norcal/queen-of-the-valley/profili-imaging-center?ls=location&y_source=1_OTU3NTgzNy03MTUtbG9jYXRpb24ud2Vic2l0ZQ%3D%3D,+1 707-251-1700,Open · Closes 5 pm,https://lh3.googleusercontent.com/gps-cs-s/AG0ilSzE-tAMhRvmlbLsDjh8bbwG2YYoHWS5ySWWBrJlIOBEokJr7Z_uIJlev9eCkf2Mvuc8yKwhazdEPhHMi2A5LTydJMAIW0yMRUpp0iOxffPsq0tKzbSmm2PVtUqm5eWohATXmCMS=w408-h306-k-no,true,8 am–5 pm,8 am–5 pm,8 am–5 pm,8 am–5 pm,Closed,Closed,8 am–5 pm,"https://www.google.com/maps/search/vein+clinics+in+Wooden+Valley+Napa+CA/@38.2975381,-122.286865,14z",2025-12-16T22:44:13.003Z,,,
https://www.google.com/maps/place/Providence+Queen+of+the+Valley+Medical+Center/data=!4m7!3m6!1s0x808506c2f8cff95d:0x67035f2fd162443!8m2!3d38.324492!4d-122.2969991!16s%2Fm%2F0h67zns!19sChIJXfnP-MIGhYARQyQW_fI1cAY,Providence Queen of the Valley Medical Center,2.7,162,Hospital,"1000 Trancas St, Napa, CA 94558, United States","8PF3+Q6 Napa, California, USA",https://www.providence.org/locations/norcal/queen-of-the-valley?ls=location&y_source=1_ODI0NjgxOC03MTUtbG9jYXRpb24ud2Vic2l0ZQ%3D%3D,+1 707-252-4411,,https://lh3.googleusercontent.com/p/AF1QipO_UFYUWRgGd5cXE6a1tRPXXtQo0WnEjUZUHLI5=w426-h240-k-no,true,,,,,,,,"https://www.google.com/maps/search/vein+clinics+in+Wooden+Valley+Napa+CA/@38.2975381,-122.286865,14z",2025-12-16T22:44:15.963Z,,,
https://www.google.com/maps/place/Bass+Medical+Group/data=!4m7!3m6!1s0x808560563dd7276b:0xc995128e449f4923!8m2!3d38.3257207!4d-122.2951176!16s%2Fg%2F1thzp3fz!19sChIJayfXPVZghYARI0mfRI4Slck,Bass Medical Group,,,Medical group,"3443 Villa Ln #5, Napa, CA 94558, United States","8PG3+7X Napa, California, USA",https://www.bassmedicalgroup.com/locations/3443-villa-lane-suite-5-napa-ca-94558,+1 707-226-2031,Open · Closes 5 pm,https://streetviewpixels-pa.googleapis.com/v1/thumbnail?panoid=iIju3GajkRUDKvDEXEBX8Q&cb_client=search.gws-prod.gps&w=408&h=240&yaw=79.727745&pitch=0&thumbfov=100,true,8 am–5 pm,8 am–5 pm,8 am–5 pm,8 am–5 pm,Closed,Closed,8 am–5 pm,"https://www.google.com/maps/search/vein+clinics+in+Wooden+Valley+Napa+CA/@38.2975381,-122.286865,14z",2025-12-16T22:44:20.743Z,,,
"https://www.google.com/maps/place/California+Vein+%26+Wound+Center/@38.3483878,-122.2673178,14z/data=!4m6!3m5!1s0x808506e9c47b77e1:0xfd57869523224c40!8m2!3d38.3229954!4d-122.2948503!16s%2Fg%2F1tdkgwgj",California Vein & Wound Center,5.0,2,Surgical center,"935 Trancas St #2c, Napa, CA 94558, United States","8PF4+53 Napa, California, USA",https://www.treatyourlegs.com/,+1 707-252-4955,Open · Closes 5 pm,https://lh3.googleusercontent.com/p/AF1QipPQKsBPh4-Y-JsxifK6SV5hLGPav-M-ISsMfK05=w408-h272-k-no,true,9 am–5 pm,9 am–5 pm,9 am–5 pm,9 am–5 pm,Closed,Closed,9 am–5 pm,"https://www.google.com/maps/search/vein+clinics+in+Silverado+Napa+CA/@38.3483878,-122.2673178,14z",2025-12-16T22:44:29.051Z,,,Already found
,,,,,,,,,,,,,,,,,,,"https://www.google.com/maps/search/vein+clinics+in+Circle+Oaks+Napa+CA/@38.4100612,-122.2106431,14z",2025-12-16T22:44:37.467Z,,,No new results found
,,,,,,,,,,,,,,,,,,,"https://www.google.com/maps/search/vein+clinics+in+Coombsville+Napa+CA/@38.2971707,-122.2864459,14z",2025-12-16T22:44:45.850Z,,,No new results found