placeUrl,title,rating,reviewCount,category,address,plusCode,website,phoneNumber,currentStatus,info,imgUrl,isClaimed,tuesday,wednesday,thursday,friday,saturday,sunday,monday,query,timestamp,error,attributes
https://www.google.com/maps/place/Stonegate+Medical+Clinic/data=!4m7!3m6!1s0x487931a61616b029:0x4b11c4d6d8c3e8d9!8m2!3d53.9609394!4d-1.0831902!16s%2Fg%2F11cly42nz8!19sChIJKbAWFqYxeUgR2ejD2NbEEUs,Stonegate Medical Clinic,4.9,130,Doctor,"23 Stonegate, York YO1 8AW, United Kingdom","XW68+9P York, UK",http://www.stonegatemedical.co.uk/,+44 1904 631815,Closed · Opens 8:30 am Wed,LGBTQ+ friendly,https://lh3.googleusercontent.com/p/AF1QipOmdONT5RDFFiMNd-bCoyvDBHYzNPTdhcrwjUpf=w408-h272-k-no,true,8:30 am–5:30 pm,8:30 am–5:30 pm,8:30 am–5:30 pm,8:30 am–5:30 pm,Closed,Closed,8:30 am–5:30 pm,"https://www.google.com/maps/search/pediatrician+in+York+York+UK/@53.9614205,-1.0739108,14z",2026-02-10T22:41:05.499Z,,
https://www.google.com/maps/place/Children%27s+Centre+at+York+Hospital/data=!4m7!3m6!1s0x487931a1eb8ef591:0xc6a9b9b7a74b9787!8m2!3d53.969914!4d-1.0828124!16s%2Fg%2F11r1s8vrgr!19sChIJkfWO66ExeUgRh5dLp7e5qcY,Children's Centre at York Hospital,3.0,1,Child health care center,"Wigginton Rd, Clifton, York YO31 8HE, United Kingdom","XW98+XV York, UK",https://www.yorkhospitals.nhs.uk/childrens-centre/york-hospital1/,+44 1904 726539,Closed · Opens 8:30 am Wed,,https://lh3.googleusercontent.com/gps-cs-s/AHVAwer8vFvTtJ1tFHsft4vSCkcI758kph2v1h4X0AasDudcSZhRV0YattlBZJ1wVkrOmnhH5kSLhMek7nsAtbZFcR0mIgvXYWE2Cg8O3_gXgNZtlPVEXOqD4-AnNplojh-W0pnWZig9Zw=w408-h306-k-no,false,8:30 am–4:30 pm,8:30 am–4:30 pm,8:30 am–4:30 pm,8:30 am–4:30 pm,Closed,Closed,8:30 am–4:30 pm,"https://www.google.com/maps/search/pediatrician+in+York+York+UK/@53.9614205,-1.0739108,14z",2026-02-10T22:41:10.219Z,,
https://www.google.com/maps/place/York+Hospital/data=!4m7!3m6!1s0x487931a1db7f2029:0xbb7ef99dc5f7ebc4!8m2!3d53.9699817!4d-1.083555!16s%2Fm%2F0gvrhzd!19sChIJKSB_26ExeUgRxOv3xZ35frs,York Hospital,3.9,707,General hospital,"Wigginton Rd, Clifton, York YO31 8HE, United Kingdom","XW98+XH York, UK",https://www.yorkhospitals.nhs.uk/,+44 1904 631313,,,https://lh3.googleusercontent.com/gps-cs-s/AHVAwerp0YXYnIcHKIxT554825LzrHjl1SaC4hms1lyJeohr4V3ABxdcgLH6mbHeBYsmCD0vvw0tyw7cofW4JpNNzDLbR6UgllhDIRFNhBLS1vl0QvV-iWqvTNIKKkqchk41LpSxEjMl=w408-h306-k-no,true,Open 24 hours,Open 24 hours,Open 24 hours,Open 24 hours,Open 24 hours,Open 24 hours,Open 24 hours,"https://www.google.com/maps/search/pediatrician+in+York+York+UK/@53.9614205,-1.0739108,14z",2026-02-10T22:41:14.612Z,,
https://www.google.com/maps/place/Nuffield+Health+York+Hospital/data=!4m7!3m6!1s0x48793199da888f91:0x4457bee18a7ee787!8m2!3d53.9741463!4d-1.0761393!16s%2Fg%2F1tq8j1q8!19sChIJkY-I2pkxeUgRh-d-iuG-V0Q,Nuffield Health York Hospital,4.4,171,Private hospital,"Haxby Rd, Clifton, York YO31 8TA, United Kingdom","XWFF+MG York, UK",https://www.nuffieldhealth.com/hospitals/york?utm_source=google&utm_medium=local&utm_campaign=GoogleLocal-York,+44 1904 233225,Closed · Opens 8 am Wed,,https://lh3.googleusercontent.com/p/AF1QipOV0T6ht8mPrWnz8-m4aMrx9c-wX-fFPe7YXvLc=w408-h306-k-no,true,8 am–8 pm,8 am–8 pm,8 am–8 pm,8 am–7 pm,8 am–2 pm,Closed,8 am–8 pm,"https://www.google.com/maps/search/pediatrician+in+York+York+UK/@53.9614205,-1.0739108,14z",2026-02-10T22:41:19.238Z,,
https://www.google.com/maps/place/York+Podiatry+Ltd/data=!4m7!3m6!1s0x4879313db22b8d43:0xc7943586b0ff17ad!8m2!3d53.9888175!4d-1.048913!16s%2Fg%2F1tk8n336!19sChIJQ40rsj0xeUgRrRf_sIY1lMc,York Podiatry Ltd,4.8,77,Podiatrist,"Arabesque House, Monks Cross Dr, Huntington, York YO32 9GW, United Kingdom","XXQ2+GC Huntington, York, UK",https://www.yorkpodiatry.co.uk/,+44 1904 789763,Closed · Opens 9 am Wed,LGBTQ+ friendly,https://lh3.googleusercontent.com/p/AF1QipNP5yijWxFbVMR5mwS5m4pMJoL9sWV61WoQY8Wj=w408-h544-k-no,true,9 am–5 pm,9 am–5 pm,9 am–5 pm,9 am–5 pm,Closed,Closed,9 am–5 pm,"https://www.google.com/maps/search/pediatrician+in+York+York+UK/@53.9614205,-1.0739108,14z",2026-02-10T22:41:23.540Z,,
https://www.google.com/maps/place/Systems+House/data=!4m7!3m6!1s0x48793163526737c7:0x19a796183309cec0!8m2!3d53.9877885!4d-1.1021207!16s%2Fg%2F11fd3qnwjm!19sChIJxzdnUmMxeUgRwM4JMxiWpxk,Systems House,4.3,15,Association / Organization,"Concord Way, Amy Johnson Way, York YO30 4XT, United Kingdom","XVQX+45 Rawcliffe, York, UK",,+44 1904 528300,Closed · Opens 9 am Wed,,https://streetviewpixels-pa.googleapis.com/v1/thumbnail?panoid=xq7UZhYMS20Ney-BFcJ8zQ&cb_client=search.gws-prod.gps&w=408&h=240&yaw=213.29582&pitch=0&thumbfov=100,false,9 am–5 pm,9 am–5 pm,9 am–5 pm,9 am–5 pm,Closed,Closed,9 am–5 pm,"https://www.google.com/maps/search/pediatrician+in+Scarborough+York+UK/@53.969253,-1.0861551,14z",2026-02-10T22:41:35.228Z,,
https://www.google.com/maps/place/Blossom+Family+Dental+Care/data=!4m7!3m6!1s0x48793106b4e1a87d:0xd8d62d057ca55bc2!8m2!3d53.9549782!4d-1.0917725!16s%2Fg%2F1ptym40ch!19sChIJfajhtAYxeUgRwlulfAUt1tg,Blossom Family Dental Care,4.6,558,Dental clinic,"25 Blossom St, York YO24 1AQ, United Kingdom","XW35+X7 York, UK",https://www.blossomdentalcare.co.uk/?utm_source=Google&utm_medium=Google&utm_campaign=GMB-Link,+44 1904 654889,Closed · Opens 8:15 am Wed,LGBTQ+ friendly,https://lh3.googleusercontent.com/p/AF1QipNWRSYx0a8HNpv-OigBtW5XVCFf4fGUT6iqaq88=w408-h298-k-no,true,8:15 am–5 pm,8:15 am–5 pm,8:15 am–5 pm,8:15 am–5 pm,Closed,Closed,8:15 am–5 pm,"https://www.google.com/maps/search/pediatrician+in+Scarborough+York+UK/@53.969253,-1.0861551,14z",2026-02-10T22:41:39.627Z,,
https://www.google.com/maps/place/Acorn+Dental+Practice/data=!4m7!3m6!1s0x487931244f0c7107:0xcb0af29e1e537d87!8m2!3d53.9562306!4d-1.1229718!16s%2Fg%2F1tj578_g!19sChIJB3EMTyQxeUgRh31THp7yCss,Acorn Dental Practice,4.7,26,Dentist,"44 York Rd, Holgate, York YO24 4LZ, United Kingdom","XV4G+FR York, UK",https://www.acorndentalpractice-york.co.uk/,+44 1904 789876,"Closed · Opens 8:30 am Wed

Confirmed by this business 7 weeks ago",,https://lh3.googleusercontent.com/gps-cs-s/AHVAwep02x2kXAMTwGXI6dyrgzPM3cmV3-sYZxc8NgZIIU9pr0Ea30jbHrW2l80eiqzlWu2V0-dt68cI0kpEb5cKdVfCRlmYzP4K0-qA4p82JZVng9JLwqlsBMCrJwQeqdI4MP7MFuxYYA=w408-h725-k-no,true,8:30 am–5:30 pm,8:30 am–5:30 pm,8:30 am–5:30 pm,8:30 am–5:30 pm,9 am–12 pm,Closed,8:30 am–5:30 pm,"https://www.google.com/maps/search/pediatrician+in+Scarborough+York+UK/@53.969253,-1.0861551,14z",2026-02-10T22:41:43.910Z,,
https://www.google.com/maps/place/Harrogate+District+Hospital/data=!4m7!3m6!1s0x487953d6b31e02d7:0xc34ce344bdbc8c07!8m2!3d53.9937105!4d-1.5175624!16s%2Fg%2F1vxcvyg4!19sChIJ1wIes9ZTeUgRB4y8vUTjTMM,Harrogate District Hospital,4.0,336,General hospital,"Lancaster Park Rd, Harrogate HG2 7SX, United Kingdom","XFVJ+FX Harrogate, United Kingdom",http://www.hdft.nhs.uk/,+44 1423 885959,,,https://lh3.googleusercontent.com/gps-cs-s/AHVAweq3vFWou209BjhXelroSvM-s0iPiT46zRtmbKIwYmmq-zL1ml4UUkVQqp9vf26noD5I90gpa-tpG5J6DTEBcYZHl0Wq1O7wSkNNPNlo81RsaQNAiW0Q4evcT1Fz4kNSFc_EJniMxA=w408-h544-k-no,true,Open 24 hours,Open 24 hours,Open 24 hours,Open 24 hours,Open 24 hours,Open 24 hours,Open 24 hours,"https://www.google.com/maps/search/pediatrician+in+Harrogate+York+UK/@53.99212,-1.541812,14z",2026-02-10T22:41:55.464Z,,
https://www.google.com/maps/place/The+Duchy+Hospital/data=!4m7!3m6!1s0x487951580a2652a5:0x2bf73f1c16b5643e!8m2!3d53.987492!4d-1.5478096!16s%2Fg%2F11y30775v!19sChIJpVImClhReUgRPmS1Fhw_9ys,The Duchy Hospital,4.9,962,Private hospital,"Queen's Road, Harrogate HG2 0HF, United Kingdom","XFP2+XV Harrogate, United Kingdom",https://www.circlehealthgroup.co.uk/hospitals/the-duchy-hospital?utm_source=google&utm_medium=googlelocal&utm_campaign=bmiduchy,+44 1423 567136,"Closed · Opens 8 am Wed

Confirmed by this business 9 weeks ago",LGBTQ+ friendly,https://lh3.googleusercontent.com/p/AF1QipOPzVlCFOfBeVlq1rIvkd6LrJMcxo2khxcYTrDN=w426-h240-k-no,true,8 am–8 pm,8 am–8 pm,8 am–8 pm,8 am–8 pm,Closed,Closed,8 am–8 pm,"https://www.google.com/maps/search/pediatrician+in+Harrogate+York+UK/@53.99212,-1.541812,14z",2026-02-10T22:41:59.938Z,,
https://www.google.com/maps/place/Spire+Healthcare+Harrogate+Clinic/data=!4m7!3m6!1s0x487953dc89de5295:0xcda91bf7b16722b7!8m2!3d53.9767341!4d-1.5171234!16s%2Fg%2F11b77bxpll!19sChIJlVLeidxTeUgRtyJnsfcbqc0,Spire Healthcare Harrogate Clinic,4.7,24,Medical Center,"Hornbeam Park, Hornbeam Park Ave, Harrogate HG2 8NA, United Kingdom","XFGM+M5 Harrogate, United Kingdom",https://www.spirehealthcare.com/spire-harrogate-clinic/home/?utm_source=google&utm_medium=organic&utm_campaign=GMB_SatelliteClinic,+44 1423 225560,Closed · Opens 8 am Wed,,https://lh3.googleusercontent.com/p/AF1QipMae9c88qJuCdfaudsq5lWVeGZc7Q8hpy--LFP4=w408-h271-k-no,true,8 am–8 pm,8 am–8 pm,8 am–8 pm,8 am–8 pm,8 am–1 pm,Closed,8 am–8 pm,"https://www.google.com/maps/search/pediatrician+in+Harrogate+York+UK/@53.99212,-1.541812,14z",2026-02-10T22:42:04.328Z,,
https://www.google.com/maps/place/Yorkshire+Health+Network+Hub/data=!4m7!3m6!1s0x487953bfe7afec29:0xb312952c34d795d8!8m2!3d54.0012111!4d-1.5296577!16s%2Fg%2F11t_z2ns8l!19sChIJKeyv579TeUgR2JXXNCyVErM,Yorkshire Health Network Hub,4.0,10,Medical Center,"5 Grove Park Ct, Harrogate HG1 4DP, United Kingdom","2F2C+F4 Harrogate, United Kingdom",https://www.yorkshirehealthnetwork.co.uk/,+44 1423 611060,Closed · Opens 9 am Wed,,https://lh3.googleusercontent.com/p/AF1QipPgZTicxV-gxlBAc2zRU0uTbsCZCl1TMosA3ZBr=w408-h306-k-no,true,9 am–8 pm,9 am–8 pm,9 am–8 pm,9 am–8 pm,8:30 am–5:30 pm,Closed,9 am–8 pm,"https://www.google.com/maps/search/pediatrician+in+Harrogate+York+UK/@53.99212,-1.541812,14z",2026-02-10T22:42:08.620Z,,
"https://www.google.com/maps/place/Dr+G+Tran+-+Rheumatologist+in+Harrogate,+Leeds+and+Yorkshire/data=!4m7!3m6!1s0x4879514875c02859:0x2cadc60a3e9f3878!8m2!3d53.987265!4d-1.5481491!16s%2Fg%2F11pdwhm3xt!19sChIJWSjAdUhReUgReDifPgrGrSw","Dr G Tran - Rheumatologist in Harrogate, Leeds and Yorkshire",5.0,76,Doctor,"The Duchy Hospital, Queen's Rd, Harrogate HG2 0HF, United Kingdom","XFP2+WP Harrogate, United Kingdom",https://doctortran.co.uk/,+44 1423 567136,Closed · Opens 8 am Wed,,https://streetviewpixels-pa.googleapis.com/v1/thumbnail?panoid=fG_iMUkAF9AlwDYHNs2gaA&cb_client=search.gws-prod.gps&w=408&h=240&yaw=168.22954&pitch=0&thumbfov=100,true,8 am–8 pm,8 am–8 pm,8 am–8 pm,8 am–8 pm,9 am–5 pm,9 am–5 pm,8 am–8 pm,"https://www.google.com/maps/search/pediatrician+in+Harrogate+York+UK/@53.99212,-1.541812,14z",2026-02-10T22:42:12.959Z,,
https://www.google.com/maps/place/Moss+Healthcare+Kings+Road+Harrogate/data=!4m7!3m6!1s0x487953e689d051cd:0x44d9178028c0d4c4!8m2!3d53.9955353!4d-1.5422358!16s%2Fg%2F1v93_l6n!19sChIJzVHQieZTeUgRxNTAKIAX2UQ,Moss Healthcare Kings Road Harrogate,4.2,305,Family practice physician,"28-30 King's Rd, Harrogate HG1 5JP, United Kingdom","XFW5+64 Harrogate, United Kingdom",http://www.drmoss-harrogate.nhs.uk/,+44 1423 560261,Closed · Opens 8 am Wed,LGBTQ+ friendly,https://streetviewpixels-pa.googleapis.com/v1/thumbnail?panoid=XH-kOziq8dZpPNTMuQ6h3A&cb_client=search.gws-prod.gps&w=408&h=240&yaw=144.65263&pitch=0&thumbfov=100,true,8 am–6 pm,8 am–6 pm,8 am–6 pm,8 am–6 pm,Closed,Closed,8 am–6 pm,"https://www.google.com/maps/search/pediatrician+in+Harrogate+York+UK/@53.99212,-1.541812,14z",2026-02-10T22:42:17.484Z,,
https://www.google.com/maps/place/Margaret+Dabbs+London/data=!4m7!3m6!1s0x487953e3fb008423:0x4359e51a6639f943!8m2!3d53.9926745!4d-1.5433966!16s%2Fg%2F11c6rxn5gq!19sChIJI4QA--NTeUgRQ_k5ZhrlWUM,Margaret Dabbs London,4.9,184,Podiatrist,"9 Montpellier Parade, Harrogate HG1 2TJ, United Kingdom","XFV4+3J Harrogate, United Kingdom",https://www.margaretdabbs.co.uk/margaret-dabbs-london-harrogate/,+44 1423 566512,Closed · Opens 9 am Wed,,https://lh3.googleusercontent.com/p/AF1QipN0N8Ka49nYBt18M3miovfjEgK6lyXE_MTiIY8g=w408-h272-k-no,true,9 am–6 pm,9 am–6 pm,9 am–6 pm,9 am–6 pm,9 am–6 pm,11 am–5 pm,9 am–6 pm,"https://www.google.com/maps/search/pediatrician+in+Harrogate+York+UK/@53.99212,-1.541812,14z",2026-02-10T22:42:21.952Z,,
https://www.google.com/maps/place/Dr+J+Parkhouse+-+Church+Avenue+Medical+Group/data=!4m7!3m6!1s0x487953c1d192db59:0x10564249915447f5!8m2!3d54.0065613!4d-1.5360719!16s%2Fg%2F11j1srbm49!19sChIJWduS0cFTeUgR9UdUkUlCVhA,Dr J Parkhouse - Church Avenue Medical Group,,,Pediatrician,"The Surgery, 54 Church Ave, Bilton, Harrogate HG1 4HG, United Kingdom","2F47+JH Harrogate, United Kingdom",,+44 1423 564168,,,https://streetviewpixels-pa.googleapis.com/v1/thumbnail?panoid=dKHpn7TWQVAD_cqVr8Uj6w&cb_client=search.gws-prod.gps&w=408&h=240&yaw=82.25599&pitch=0&thumbfov=100,false,,,,,,,,"https://www.google.com/maps/search/pediatrician+in+Harrogate+York+UK/@53.99212,-1.541812,14z",2026-02-10T22:42:24.170Z,,
https://www.google.com/maps/place/MyHealthcare+Clinic+-+Harrogate/data=!4m7!3m6!1s0x4879513fe9415ecb:0xca68534d183f800a!8m2!3d53.9857411!4d-1.4917763!16s%2Fg%2F11mkvcpmxq!19sChIJy15B6T9ReUgRCoA_GE1TaMo,MyHealthcare Clinic - Harrogate,,,Doctor,"Business Park, 32 Freemans Way, Harrogate HG3 1DH, United Kingdom","XGP5+77 Harrogate, United Kingdom",https://myhealthcareclinic.com/,+44 1423 895531,"Closed · Opens 8 am Thu

Updated by this business 4 weeks ago",,https://streetviewpixels-pa.googleapis.com/v1/thumbnail?panoid=vp6rqdi8gyIQmPkDv0vkOg&cb_client=search.gws-prod.gps&w=408&h=240&yaw=57.18974&pitch=0&thumbfov=100,true,8 am–5 pm,Closed,8 am–5 pm,8 am–5 pm,Closed,Closed,Closed,"https://www.google.com/maps/search/pediatrician+in+Harrogate+York+UK/@53.99212,-1.541812,14z",2026-02-10T22:42:28.374Z,,
,,,,,,,,,,,,,,,,,,,,"https://www.google.com/maps/search/pediatrician+in+Middlesbrough+York+UK/@53.9558541,-1.0732041,14z",2026-02-10T22:42:35.714Z,No new results found,
https://www.google.com/maps/place/The+Friary+Community+Hospital/data=!4m7!3m6!1s0x487c1f9a267436c5:0x35c749c19e94623c!8m2!3d54.4050622!4d-1.7383404!16s%2Fg%2F1tctf4pm!19sChIJxTZ0JpoffEgRPGKUnsFJxzU,The Friary Community Hospital,3.5,11,Community health center,"9 Queens Rd, Richmond DL10 4AJ, United Kingdom","C746+2M Richmond, UK",http://southtees.nhs.uk/hospitals/friary/,+44 1642 944470,Open 24 hours,,https://lh3.googleusercontent.com/gps-cs-s/AHVAweo1GrOhNAAjbCRXPznALxJf5jHkzg2Yazi1v3BHlmbpNSL1G4azK8ofOFo1lReEdkUSZyEXhVVGq7Q48Ju7befFvn3basLw-M6BjtWdwiUyHer9kbbanxWvfKvajK50hkoBT6HQ=w408-h306-k-no,true,Open 24 hours,Open 24 hours,Open 24 hours,Open 24 hours,Open 24 hours,Open 24 hours,Open 24 hours,"https://www.google.com/maps/search/pediatrician+in+Richmond+York+UK/@54.405,-1.653,14z",2026-02-10T22:42:47.590Z,,
https://www.google.com/maps/place/Richmond+Footcare/data=!4m7!3m6!1s0x487c1f98e67eda85:0x4cd72df6e1bed5d!8m2!3d54.4038677!4d-1.7395274!16s%2Fg%2F11g9jy9k4n!19sChIJhdp-5pgffEgRXe0bbt9yzQQ,Richmond Footcare,4.9,13,Foot care,"1 Rosemary Ln, Richmond DL10 4DP, United Kingdom","C736+G5 Richmond, UK",https://www.richmondfootcare.co.uk/,+44 7511 111984,"Closed · Opens 8:30 am Wed

Updated by this business 8 weeks ago",,https://lh3.googleusercontent.com/p/AF1QipOmMyocj6QOu5RgDXMsUdh7hBi4lrGHx9DM8KRC=w408-h408-k-no,true,8:30 am–4 pm,8:30 am–4 pm,8:30 am–4 pm,8:30 am–4 pm,Closed,Closed,Closed,"https://www.google.com/maps/search/pediatrician+in+Richmond+York+UK/@54.405,-1.653,14z",2026-02-10T22:42:52.238Z,,
https://www.google.com/maps/place/The+Friary+Surgery/data=!4m7!3m6!1s0x487c1f0034f3cc01:0x7caada4363645f8d!8m2!3d54.4051254!4d-1.738332!16s%2Fg%2F11vy2ccdn2!19sChIJAczzNAAffEgRjV9kY0Paqnw,The Friary Surgery,5.0,2,Doctor,"Queens Rd, Richmond DL10 4AJ, United Kingdom","C746+3M Richmond, UK",https://www.friarysurgery.co.uk/,+44 1748 822306,Closed · Opens 8 am Wed,,https://streetviewpixels-pa.googleapis.com/v1/thumbnail?panoid=mrhvabF5yxt4kyBNeo1JpQ&cb_client=search.gws-prod.gps&w=408&h=240&yaw=300.75787&pitch=0&thumbfov=100,false,8 am–6 pm,8 am–6 pm,8 am–6 pm,8 am–6 pm,Closed,Closed,8 am–6 pm,"https://www.google.com/maps/search/pediatrician+in+Richmond+York+UK/@54.405,-1.653,14z",2026-02-10T22:42:56.509Z,,
https://www.google.com/maps/place/Yorkshire+Foot+Clinics/data=!4m7!3m6!1s0x487c1f99c6795c4f:0xa6ef1fff0f11eb75!8m2!3d54.403746!4d-1.7354546!16s%2Fg%2F1td12t_z!19sChIJT1x5xpkffEgRdesRD_8f76Y,Yorkshire Foot Clinics,5.0,3,Podiatrist,"25 Frenchgate, Richmond DL10 4HZ, United Kingdom","C737+FR Richmond, UK",,+44 1748 850020,Closed · Opens 9 am Wed,,https://lh3.googleusercontent.com/p/AF1QipNwD0_bXhRh4r6O4rNDBcagfj8DujwvEoeFVQ2q=w408-h272-k-no,true,9 am–3:30 pm,9 am–7 pm,9 am–3:30 pm,9 am–3:30 pm,9 am–3:30 pm,Closed,9 am–3:30 pm,"https://www.google.com/maps/search/pediatrician+in+Richmond+York+UK/@54.405,-1.653,14z",2026-02-10T22:43:00.800Z,,
https://www.google.com/maps/place/The+Richmond+Clinic/data=!4m7!3m6!1s0x487c1fa204c5fded:0x28f76329b8277473!8m2!3d54.4051231!4d-1.7355857!16s%2Fg%2F11vybbbs13!19sChIJ7f3FBKIffEgRc3QnuClj9yg,The Richmond Clinic,5.0,13,Medical clinic,"Clinic 3, Zetland Square, The, Dundas St, Richmond DL10 7AB, United Kingdom","C747+2Q Richmond, UK",https://www.therichmondclinic.co.uk/,,,,https://streetviewpixels-pa.googleapis.com/v1/thumbnail?panoid=8PjXWEgnZ8CK-DQnO_YN3g&cb_client=search.gws-prod.gps&w=408&h=240&yaw=9.122368&pitch=0&thumbfov=100,true,,,,,,,,"https://www.google.com/maps/search/pediatrician+in+Richmond+York+UK/@54.405,-1.653,14z",2026-02-10T22:43:03.143Z,,
https://www.google.com/maps/place/Dr+L+Barnes+-+Dr+Wallace+%26+Partners/data=!4m7!3m6!1s0x487c1f99883ff76b:0xb4f426e25ed68525!8m2!3d54.4048967!4d-1.7385066!16s%2Fg%2F11bzszgmh9!19sChIJa_c_iJkffEgRJYXWXuIm9LQ,Dr L Barnes - Dr Wallace & Partners,3.0,4,Doctor,"The Friary Surgery, Queens Road, Richmond DL10 4UJ, United Kingdom","C736+XH Richmond, UK",http://www.mysurgerywebsitemobile.co.uk/home?p=B82072,+44 1748 822306,Closed · Opens 8 am Wed,,https://streetviewpixels-pa.googleapis.com/v1/thumbnail?panoid=X4o402nz2Y0dGppi2bxKrg&cb_client=search.gws-prod.gps&w=408&h=240&yaw=277.7861&pitch=0&thumbfov=100,false,8 am–6 pm,8 am–6 pm,8 am–6 pm,8 am–6 pm,Closed,Closed,8 am–6 pm,"https://www.google.com/maps/search/pediatrician+in+Richmond+York+UK/@54.405,-1.653,14z",2026-02-10T22:43:07.632Z,,
https://www.google.com/maps/place/Norwood+House+Podiatry/data=!4m7!3m6!1s0x487c1f1b0dd90b79:0xa08b94fe7c3fdd4d!8m2!3d54.404125!4d-1.7430011!16s%2Fg%2F11ww6p093r!19sChIJeQvZDRsffEgRTd0_fP6Ui6A,Norwood House Podiatry,5.0,1,Podiatrist,"1 Temple Square, Richmond DL10 4EB, United Kingdom","C734+JQ Richmond, UK",https://norwoodhousepodiatry.com/,+44 1748 822134,Closed · Opens 9 am Thu,,https://streetviewpixels-pa.googleapis.com/v1/thumbnail?panoid=hFb5ibRujpUBr0wnAi6URg&cb_client=search.gws-prod.gps&w=408&h=240&yaw=43.5328&pitch=0&thumbfov=100,true,9 am–5 pm,Closed,9 am–5 pm,Closed,Closed,Closed,Closed,"https://www.google.com/maps/search/pediatrician+in+Richmond+York+UK/@54.405,-1.653,14z",2026-02-10T22:43:12.123Z,,
https://www.google.com/maps/place/Friary+Health+Clinic/data=!4m7!3m6!1s0x487c1f9a20ca52ad:0xd634fd8ae8d6bba5!8m2!3d54.405299!4d-1.7368055!16s%2Fg%2F1trvk_80!19sChIJrVLKIJoffEgRpbvW6Ir9NNY,Friary Health Clinic,4.3,3,,"Queens Rd, Richmond DL10 4UJ, United Kingdom","C747+47 Richmond, UK",,+44 1748 822122,Permanently closed,,https://streetviewpixels-pa.googleapis.com/v1/thumbnail?panoid=wrts5weZVTdr4SyGI80Rxw&cb_client=search.gws-prod.gps&w=408&h=240&yaw=301.08755&pitch=0&thumbfov=100,false,,,,,,,,"https://www.google.com/maps/search/pediatrician+in+Richmond+York+UK/@54.405,-1.653,14z",2026-02-10T22:43:16.370Z,,
,,,,,,,,,,,,,,,,,,,,"https://www.google.com/maps/search/pediatrician+in+Whitby+York+UK/@53.9704014,-1.0503539,14z",2026-02-10T22:43:23.873Z,No new results found,
https://www.google.com/maps/place/April+Baby+Physio+%7C+Children%27s+Physiotherapy+York/data=!4m7!3m6!1s0x487931248144edd3:0x3b069a709da52088!8m2!3d53.9811417!4d-1.0993351!16s%2Fg%2F11wwgh9x_d!19sChIJ0-1EgSQxeUgRiCClnXCaBjs,April Baby Physio | Children's Physiotherapy York,5.0,4,Physical therapist,"5 Devonshire Ct, York YO30 5PQ, United Kingdom","XWJ2+F7 Rawcliffe, York, UK",https://www.aprilbabyphysio.co.uk/,,Closed · Opens 9 am Wed,,https://lh3.googleusercontent.com/p/AF1QipN1dwEgXPbKf6ngM9mDl_W9cEfOddPZ3d-wDaks=w408-h408-k-no,true,9 am–5 pm,9 am–5 pm,Closed,Closed,Closed,Closed,Closed,"https://www.google.com/maps/search/pediatrician+in+Ripon+York+UK/@53.966056,-1.0705712,14z",2026-02-10T22:43:35.207Z,,
https://www.google.com/maps/place/Friarage+Hospital/data=!4m7!3m6!1s0x487ebc83e95f6df9:0x13b66b7d71334298!8m2!3d54.3423823!4d-1.4308247!16s%2Fg%2F1hc3w1fxj!19sChIJ-W1f6YO8fkgRmEIzcX1rthM,Friarage Hospital,4.4,259,Hospital,"Northallerton DL6 1JG, United Kingdom","8HR9+XM Northallerton, UK",https://www.southtees.nhs.uk/hospitals/friarage/sent%20no%20letters,+44 1609 779911,Open 24 hours,,https://lh3.googleusercontent.com/gps-cs-s/AHVAweprj1lpBxcFC3rThqCIMF6tM0t4XD0qlguCk6qgug9s8C7PBGETfxgjvTkQ1OfGeZITCJvp59aWdN-HstHT9oRjVzPTdLT1xpt3q4_HLnYwJtwXPgF3KZdwKjTUOWhhPcBdP771GctjYrHD=w408-h306-k-no,true,Open 24 hours,Open 24 hours,Open 24 hours,Open 24 hours,Open 24 hours,Open 24 hours,Open 24 hours,"https://www.google.com/maps/search/pediatrician+in+Northallerton+York+UK/@54.3377838,-1.4310027,14z",2026-02-10T22:43:47.200Z,,
https://www.google.com/maps/place/The+Child+Development+Centre/data=!4m7!3m6!1s0x487ebc84639aaaab:0x27abcae0236732ff!8m2!3d54.3445992!4d-1.4322057!16s%2Fg%2F11j00sf14p!19sChIJq6qaY4S8fkgR_zJnI-DKqyc,The Child Development Centre,3.0,2,Child care agency,"24 Brompton Rd, Northallerton DL6 1EA, United Kingdom","8HV9+R4 Northallerton, United Kingdom",https://www.hdft.nhs.uk/services/hambleton-richmondshire/,+44 1423 542490,,,https://streetviewpixels-pa.googleapis.com/v1/thumbnail?panoid=4ifrmsJ1fTJHFmUUsawctA&cb_client=search.gws-prod.gps&w=408&h=240&yaw=110.13192&pitch=0&thumbfov=100,false,,,,,,,,"https://www.google.com/maps/search/pediatrician+in+Northallerton+York+UK/@54.3377838,-1.4310027,14z",2026-02-10T22:43:49.863Z,,
https://www.google.com/maps/place/Northallerton+Osteopaths+-+Hale+House/data=!4m7!3m6!1s0x487ebb7df9a891ab:0x19879bb3a7b298cb!8m2!3d54.3324768!4d-1.4326456!16s%2Fg%2F1tjwh9p6!19sChIJq5Go-X27fkgRy5iyp7Obhxk,Northallerton Osteopaths - Hale House,5.0,119,Osteopath,"Hale House, 62 Thirsk Rd, Northallerton DL6 1PL, United Kingdom","8HJ8+XW Northallerton, United Kingdom",http://www.northallertonosteopaths.co.uk/,+44 1609 783600,Closed · Opens 9 am Wed,,https://lh3.googleusercontent.com/p/AF1QipOiPmWZnOczG90EEzeKzdMHOa87X17Q86Cdt65Y=w408-h544-k-no,true,9 am–8 pm,9 am–7 pm,9 am–7 pm,9 am–5:30 pm,Closed,Closed,9 am–6 pm,"https://www.google.com/maps/search/pediatrician+in+Northallerton+York+UK/@54.3377838,-1.4310027,14z",2026-02-10T22:43:54.356Z,,
https://www.google.com/maps/place/Friarage+Hospital+Urgent+Treatment+Centre/data=!4m7!3m6!1s0x487ebc839550fd97:0x21f47f2add1d0d3d!8m2!3d54.3421929!4d-1.4304343!16s%2Fg%2F11fy1lnm2m!19sChIJl_1QlYO8fkgRPQ0d3Sp_9CE,Friarage Hospital Urgent Treatment Centre,4.4,25,Urgent care center,"Friarage Hospital, North Yorkshire, Northallerton DL6 1JG, United Kingdom","8HR9+VR Northallerton, United Kingdom",https://www.southtees.nhs.uk/services/urgent-and-emergency/minor-illnesses-and-injuries/friarage-hospital/,+44 1609 779911,Open 24 hours,,https://streetviewpixels-pa.googleapis.com/v1/thumbnail?panoid=zPojO0c_s26VYLBrWvxdsg&cb_client=search.gws-prod.gps&w=408&h=240&yaw=35.69754&pitch=0&thumbfov=100,false,Open 24 hours,Open 24 hours,Open 24 hours,Open 24 hours,Open 24 hours,Open 24 hours,Open 24 hours,"https://www.google.com/maps/search/pediatrician+in+Northallerton+York+UK/@54.3377838,-1.4310027,14z",2026-02-10T22:43:58.751Z,,
https://www.google.com/maps/place/Pinnacle+Podiatry/data=!4m7!3m6!1s0x487ebd2e6147efed:0xc14f774c73383475!8m2!3d54.3406946!4d-1.4356735!16s%2Fg%2F11vrhsxqzz!19sChIJ7e9HYS69fkgRdTQ4c0x3T8E,Pinnacle Podiatry,5.0,3,Medical clinic,"10 Garthway Arcade, Northallerton DL7 8NS, United Kingdom","8HR7+7P Northallerton, United Kingdom",https://pinnaclenorthallerton.com/,+44 1609 633026,Closed · Opens 9:30 am Wed,,https://lh3.googleusercontent.com/p/AF1QipMVQUjtWeyjl2uZjRuR3uo9ULSkN63ljo1GD7j2=w408-h369-k-no,true,Closed,9:30 am–5 pm,9:30 am–5 pm,9:30 am–4 pm,Closed,Closed,9:30 am–5 pm,"https://www.google.com/maps/search/pediatrician+in+Northallerton+York+UK/@54.3377838,-1.4310027,14z",2026-02-10T22:44:03.470Z,,
https://www.google.com/maps/place/Keillo+Dr+D+A/data=!4m7!3m6!1s0x487ebb69bb2fcf91:0x536bb50fd3a785d2!8m2!3d54.3235177!4d-1.4456737!16s%2Fg%2F1yh9vh99k!19sChIJkc8vu2m7fkgR0oWn0w-1a1M,Keillo Dr D A,,,Doctor,"Boroughbridge Rd, Northallerton DL7 8AW, United Kingdom",,,+44 1609 772105,,,https://streetviewpixels-pa.googleapis.com/v1/thumbnail?panoid=-2VbDjySHAygohFqoojVlw&cb_client=search.gws-prod.gps&w=408&h=240&yaw=353.0463&pitch=0&thumbfov=100,false,,,,,,,,"https://www.google.com/maps/search/pediatrician+in+Northallerton+York+UK/@54.3377838,-1.4310027,14z",2026-02-10T22:44:05.837Z,,
https://www.google.com/maps/place/Dr+C+G+Oates+-+Mayford+House+Surgery/data=!4m7!3m6!1s0x487ebb693047f171:0x39decc996d643079!8m2!3d54.3282849!4d-1.4463168!16s%2Fg%2F1thz170s!19sChIJcfFHMGm7fkgReTBkbZnM3jk,Dr C G Oates - Mayford House Surgery,,,Doctor,"Mayford House Surgery, Boroughbridge Rd, Northallerton DL7 8AW, United Kingdom","8HH3+8F Northallerton, United Kingdom",http://www.mayfordhouse.co.uk/,+44 1609 772105,Closed · Opens 9 am Wed,,https://streetviewpixels-pa.googleapis.com/v1/thumbnail?panoid=oWaMV9ZowAz-5038OJpEVQ&cb_client=search.gws-prod.gps&w=408&h=240&yaw=32.533924&pitch=0&thumbfov=100,false,9 am–5:30 pm,9 am–5:30 pm,9 am–5:30 pm,9 am–5:30 pm,Closed,Closed,9 am–5:30 pm,"https://www.google.com/maps/search/pediatrician+in+Northallerton+York+UK/@54.3377838,-1.4310027,14z",2026-02-10T22:44:10.076Z,,
https://www.google.com/maps/place/Suzanne+Dolby+Podiatry/data=!4m7!3m6!1s0x487ebb7b7c9801f3:0xfa77f9f5a899270b!8m2!3d54.3324653!4d-1.4326584!16s%2Fg%2F11h3bs3pvn!19sChIJ8wGYfHu7fkgRCyeZqPX5d_o,Suzanne Dolby Podiatry,5.0,2,Foot care,"Hale House, 62 Thirsk Rd, Northallerton DL6 1PL, United Kingdom","8HJ8+XW Northallerton, United Kingdom",http://suzannedolbypodiatry.com/,+44 1609 783600,,,https://streetviewpixels-pa.googleapis.com/v1/thumbnail?panoid=0r_GLFgBJTs0FYy3VObpAA&cb_client=search.gws-prod.gps&w=408&h=240&yaw=249.53276&pitch=0&thumbfov=100,false,,,,,,,,"https://www.google.com/maps/search/pediatrician+in+Northallerton+York+UK/@54.3377838,-1.4310027,14z",2026-02-10T22:44:12.642Z,,
https://www.google.com/maps/place/Mowbray+House+Surgery/data=!4m7!3m6!1s0x487ebb6257ed4e23:0x149cbb0a88b2216a!8m2!3d54.3358096!4d-1.4389833!16s%2Fg%2F1tdxkfk_!19sChIJI07tV2K7fkgRaiGyiAq7nBQ,Mowbray House Surgery,4.1,118,Medical clinic,"Malpas Rd, Northallerton DL7 8FW, United Kingdom","8HP6+8C Northallerton, United Kingdom",http://www.mowbrayhousesurgery.co.uk/,+44 1609 760002,Closed · Opens 8 am Wed,,https://lh3.googleusercontent.com/gps-cs-s/AHVAwerfZRNFesZJRc4XoD9jld1ktTLJOOf_1-WVSsPyxYuo9Iq6pAziRaQTnBsqCR_t0GiHX2ShvBUcUM8plPFa-lcIMVXPcuL6mJxTkzLJ-OpLR1eKLKMs70utdWBbi0R6VMMZukg=w426-h240-k-no,false,8 am–6:30 pm,8 am–6:30 pm,8 am–6:30 pm,8 am–6:30 pm,8:30 am–12 pm,Closed,8 am–6:30 pm,"https://www.google.com/maps/search/pediatrician+in+Northallerton+York+UK/@54.3377838,-1.4310027,14z",2026-02-10T22:44:16.957Z,,
https://www.google.com/maps/place/Northallerton+Chiropractic+Clinic/data=!4m7!3m6!1s0x487ebb63a25a0713:0x33d73bd2336e32be!8m2!3d54.3427977!4d-1.4378401!16s%2Fg%2F1tlw8n2h!19sChIJEwdaomO7fkgRvjJuM9I71zM,Northallerton Chiropractic Clinic,3.0,1,Chiropractor,"279 High St, Northallerton DL7 8DW, United Kingdom","8HV6+4V Northallerton, United Kingdom",https://businewmap.org/details/northallerton-chiropractic-clinic-ChIJEwd,+44 1609 777725,,,https://streetviewpixels-pa.googleapis.com/v1/thumbnail?panoid=rjSkC0fiNsnuUfi38r8caQ&cb_client=search.gws-prod.gps&w=408&h=240&yaw=276.55524&pitch=0&thumbfov=100,false,,,,,,,,"https://www.google.com/maps/search/pediatrician+in+Northallerton+York+UK/@54.3377838,-1.4310027,14z",2026-02-10T22:44:19.110Z,,
https://www.google.com/maps/place/P+Mountford/data=!4m7!3m6!1s0x487ebc9b6703e403:0xb4f05b1eace7cf1!8m2!3d54.344397!4d-1.4380965!16s%2Fg%2F11bbrl3nm3!19sChIJA-QDZ5u8fkgR8XzO6rEFTws,P Mountford,,,Podiatrist,"28 High St, Northallerton DL7 8EE, United Kingdom","8HV6+QQ Northallerton, United Kingdom",,+44 1740 656855,,,https://streetviewpixels-pa.googleapis.com/v1/thumbnail?panoid=Sk8xEG64H36B_YIn4PNdlA&cb_client=search.gws-prod.gps&w=408&h=240&yaw=77.14633&pitch=0&thumbfov=100,false,,,,,,,,"https://www.google.com/maps/search/pediatrician+in+Northallerton+York+UK/@54.3377838,-1.4310027,14z",2026-02-10T22:44:21.339Z,,
"https://www.google.com/maps/place/Sir+Robert+Ogden+Macmillan+Centre,+Northallerton/data=!4m7!3m6!1s0x487ebdf6614d5b39:0x8b57fc6fc5378444!8m2!3d54.3430709!4d-1.4310123!16s%2Fg%2F11j2yzscyb!19sChIJOVtNYfa9fkgRRIQ3xW_8V4s","Sir Robert Ogden Macmillan Centre, Northallerton",5.0,5,Hospital,"Bullamoor Rd, Northallerton DL6 1JG, United Kingdom","8HV9+6H Northallerton, United Kingdom",https://www.southtees.nhs.uk/services/cancer-institute/friarage/sir-robert-ogden-macmillan-centre/,+44 1609 762508,Closed · Opens 8 am Wed,,https://lh3.googleusercontent.com/p/AF1QipORfcSN7qL-Iiq4P63zNMU7kj4GUtfFTo5IFybv=w408-h272-k-no,true,8 am–6 pm,8 am–6 pm,8 am–6 pm,8 am–6 pm,Closed,Closed,8 am–6 pm,"https://www.google.com/maps/search/pediatrician+in+Northallerton+York+UK/@54.3377838,-1.4310027,14z",2026-02-10T22:44:25.758Z,,
https://www.google.com/maps/place/Boyton/data=!4m7!3m6!1s0x487ebc9c89223b99:0xf7cfe41c67bf642c!8m2!3d54.3428759!4d-1.4388672!16s%2Fg%2F1hc23np9s!19sChIJmTsiiZy8fkgRLGS_Zxzkz_c,Boyton,,,Podiatrist,"Tannery Ln, Northallerton DL7 8DS, United Kingdom","8HV6+5F Northallerton, United Kingdom",,+44 7808 813872,,,https://lh3.googleusercontent.com/p/AF1QipOvPl9BixkDYp67cRxkqxOR6mLDEN0VvJbxJBrf=w408-h544-k-no,true,,,,,,,,"https://www.google.com/maps/search/pediatrician+in+Northallerton+York+UK/@54.3377838,-1.4310027,14z",2026-02-10T22:44:27.889Z,,
https://www.google.com/maps/place/Abbey+Place+Clinic/data=!4m7!3m6!1s0x48793cfad25b8ec3:0xa214574a0c7e3954!8m2!3d53.784274!4d-1.0679518!16s%2Fg%2F1th5hzlx!19sChIJw45b0vo8eUgRVDl-DEpXFKI,Abbey Place Clinic,5.0,32,Podiatrist,"5A Abbey Pl, Selby YO8 4PF, United Kingdom","QWMJ+PR Selby, United Kingdom",https://abbeyplacepodiatry.com/,+44 1757 213413,Closed · Opens 9 am Wed,,https://lh3.googleusercontent.com/gps-cs-s/AHVAwepgkKOKSm-9UUWuleWPCzKmnuNKJon5w4EuXOIeleI8gtqBQkN0wW2QNyqbfWlDsK1tqVb3Yfm7RJKnZLpz1ylPDtxrN9_DRRTwKohQ2CdctrITxnZx5WhxbK72BWeIy_oppsegdw=w408-h306-k-no,true,9 am–5 pm,9 am–5 pm,9 am–5 pm,9 am–5 pm,Closed,Closed,Closed,"https://www.google.com/maps/search/pediatrician+in+Selby+York+UK/@53.7835293,-1.0671947,14z",2026-02-10T22:44:40.016Z,,
https://www.google.com/maps/place/Selby+Podiatry+Centre/data=!4m7!3m6!1s0x48793ce5481920db:0x33be6d8e27859c77!8m2!3d53.78296!4d-1.0671797!16s%2Fg%2F1tplpv7r!19sChIJ2yAZSOU8eUgRd5yFJ45tvjM,Selby Podiatry Centre,5.0,12,Foot care,"12 Park St, Selby YO8 4PW, United Kingdom","QWMM+54 Selby, United Kingdom",,+44 1757 704747,Closed · Opens 9 am Wed,LGBTQ+ friendly,https://lh3.googleusercontent.com/p/AF1QipP3KIIM2q-LD9iaLeNUC0K15GJLET64o_TMaPnO=w408-h272-k-no,true,9 am–5 pm,9 am–5 pm,8 am–5:30 pm,8 am–5 pm,Closed,Closed,9 am–5 pm,"https://www.google.com/maps/search/pediatrician+in+Selby+York+UK/@53.7835293,-1.0671947,14z",2026-02-10T22:44:44.416Z,,
https://www.google.com/maps/place/Selby+War+Memorial+Hospital/data=!4m7!3m6!1s0x48793daeb713504f:0x9b823cf4a88674a8!8m2!3d53.7772178!4d-1.0802203!16s%2Fg%2F1tj2mztr!19sChIJT1ATt649eUgRqHSGqPQ8gps,Selby War Memorial Hospital,4.4,127,Hospital,"Doncaster Rd, Selby YO8 9BX, United Kingdom","QWG9+VW Selby, United Kingdom",http://www.yorkhospitals.nhs.uk/?id=714&ob=1,+44 1904 724300,"Closed · Opens 7:30 am Wed

Updated by others 4 weeks ago",,https://lh3.googleusercontent.com/gps-cs-s/AHVAweo_EQe-5SOe7Ai2U1NjRJ51lO7tKdA-lLagchmpKTvWYPPw7n3DFboxA57aY_BWrwB13rYO84SqwRAtzFosK3Lp9S_Tu7eU2dyALqPodEEvs6Cg9Z1sCfKKINOxdjyH7Dym2fvvYA=w408-h306-k-no,false,7:30 am–8 pm,7:30 am–8 pm,7:30 am–8 pm,7:30 am–8 pm,7:30 am–8 pm,7:30 am–8 pm,7:30 am–8 pm,"https://www.google.com/maps/search/pediatrician+in+Selby+York+UK/@53.7835293,-1.0671947,14z",2026-02-10T22:44:48.987Z,,
https://www.google.com/maps/place/Scott+Road+Medical+Centre/data=!4m7!3m6!1s0x48793cf9f23cbd25:0xf8fb92b623c27aba!8m2!3d53.7858022!4d-1.0732926!16s%2Fg%2F1tfxg5zx!19sChIJJb088vk8eUgRunrCI7aS-_g,Scott Road Medical Centre,3.5,65,Doctor,"23 Scott Rd, Selby YO8 4BL, United Kingdom","QWPG+8M Selby, United Kingdom",http://www.scottroad.org.uk/,+44 1757 211750,Closed · Opens 8 am Wed,,https://lh3.googleusercontent.com/gps-cs-s/AHVAweoD_eZ8MeWbZ-hXgPNBW_eBN8jiWkoB0ILQHTAsHj-L5Curoym6o7-ckNN8P7BgivC2yFD7sEgl2RYpP5hRe91KnoK6m9jpfPejvtxWvvyKNuRo2W5AJ9YunYVvJt8FTA9jArQ=w408-h306-k-no,false,8 am–6 pm,8 am–6 pm,8 am–6 pm,8 am–6 pm,Closed,Closed,8 am–6 pm,"https://www.google.com/maps/search/pediatrician+in+Selby+York+UK/@53.7835293,-1.0671947,14z",2026-02-10T22:44:53.330Z,,
https://www.google.com/maps/place/Posterngate+Surgery/data=!4m7!3m6!1s0x48793cfb82f83959:0x4c74ae3cddae8671!8m2!3d53.7813267!4d-1.0710315!16s%2Fg%2F1tfwpgzl!19sChIJWTn4gvs8eUgRcYau3TyudEw,Posterngate Surgery,3.3,61,Family practice physician,"Portholme Rd, Selby YO8 4QH, United Kingdom","QWJH+GH Selby, United Kingdom",https://www.posterngatesurgery.nhs.uk/,+44 1757 702561,Closed · Opens 8 am Wed,,https://streetviewpixels-pa.googleapis.com/v1/thumbnail?panoid=9nBSBNM2TIgDh56SzVG6OA&cb_client=search.gws-prod.gps&w=408&h=240&yaw=71.94262&pitch=0&thumbfov=100,true,8 am–6 pm,8 am–6 pm,8 am–6 pm,8 am–6 pm,Closed,Closed,8 am–6 pm,"https://www.google.com/maps/search/pediatrician+in+Selby+York+UK/@53.7835293,-1.0671947,14z",2026-02-10T22:44:57.535Z,,
https://www.google.com/maps/place/Good+Health+Clinic/data=!4m7!3m6!1s0x48793cfac6c7ab4b:0x70df0967f5de6e7d!8m2!3d53.784815!4d-1.068897!16s%2Fg%2F11bzsf3_qy!19sChIJS6vHxvo8eUgRfW7e9WcJ33A,Good Health Clinic,5.0,3,Medical clinic,"27a Finkle St, Selby YO8 4DT, United Kingdom","QWMJ+WC Selby, United Kingdom",http://www.goodhealthclinicselby.com/,+44 1757 429685,Closed · Opens 8 am Wed,,https://streetviewpixels-pa.googleapis.com/v1/thumbnail?panoid=nui91Q2knWPpvQY2qge1RA&cb_client=search.gws-prod.gps&w=408&h=240&yaw=293.42136&pitch=0&thumbfov=100,false,8 am–6 pm,8 am–6 pm,8 am–6 pm,8 am–6 pm,8 am–6 pm,Closed,8 am–6 pm,"https://www.google.com/maps/search/pediatrician+in+Selby+York+UK/@53.7835293,-1.0671947,14z",2026-02-10T22:45:02.027Z,,
https://www.google.com/maps/place/The+Maltings+Chiropody+Clinic/data=!4m7!3m6!1s0x48793cf9e3a10759:0x9a634da687299423!8m2!3d53.7861827!4d-1.0752905!16s%2Fg%2F1tdzw6yp!19sChIJWQeh4_k8eUgRI5Qph6ZNY5o,The Maltings Chiropody Clinic,5.0,4,Podiatrist,"40A Flaxley Rd, Selby YO8 4BG, United Kingdom","QWPF+FV Selby, United Kingdom",http://www.themaltingsclinic.co.uk/,+44 1757 213236,Closed · Opens 8 am Wed,,https://streetviewpixels-pa.googleapis.com/v1/thumbnail?panoid=SCaUAteYomWvcBYwm0lfQQ&cb_client=search.gws-prod.gps&w=408&h=240&yaw=324.2719&pitch=0&thumbfov=100,true,8 am–7 pm,8 am–7 pm,8 am–2 pm,Closed,8 am–2 pm,Closed,8 am–7 pm,"https://www.google.com/maps/search/pediatrician+in+Selby+York+UK/@53.7835293,-1.0671947,14z",2026-02-10T22:45:06.289Z,,
https://www.google.com/maps/place/Selby+Dental+Care/data=!4m7!3m6!1s0x48793cfb0f5550b7:0xf6defd7513317dea!8m2!3d53.7832225!4d-1.0703258!16s%2Fg%2F1tctr5dj!19sChIJt1BVD_s8eUgR6n0xE3X93vY,Selby Dental Care,4.9,607,Dental clinic,"28 New Ln, Selby YO8 4QB, United Kingdom","QWMH+7V Selby, United Kingdom",https://rodericksdentalpartners.co.uk/our-practices/selby-dental-care?keywordutm_medium=organic&utm_campaign=gbp&utm_source=google&utm_content=Selby,+44 1757 322221,,LGBTQ+ friendly,https://streetviewpixels-pa.googleapis.com/v1/thumbnail?panoid=A75ztlnowCTUJ4bQOvUpyQ&cb_client=search.gws-prod.gps&w=408&h=240&yaw=319.94064&pitch=0&thumbfov=100,true,Open 24 hours,Open 24 hours,Open 24 hours,Open 24 hours,Open 24 hours,Open 24 hours,Open 24 hours,"https://www.google.com/maps/search/pediatrician+in+Selby+York+UK/@53.7835293,-1.0671947,14z",2026-02-10T22:45:10.568Z,,
https://www.google.com/maps/place/Dr+Mark+Williams/data=!4m7!3m6!1s0x48793d0000e0a66f:0xa265b3d4a8bc1075!8m2!3d53.7748199!4d-1.080697!16s%2Fg%2F1tdclgvk!19sChIJb6bgAAA9eUgRdRC8qNSzZaI,Dr Mark Williams,5.0,3,Surgeon,"Beech Tree Eyecare, 68 Doncaster Rd, Selby YO8 9AJ, United Kingdom","QWF9+WP Selby, United Kingdom",http://www.beechtreesurgery.co.uk/,+44 1757 703933,Closed · Opens 8 am Wed,,https://streetviewpixels-pa.googleapis.com/v1/thumbnail?panoid=cm6BoDqvc0g6tWzJ0jC7ag&cb_client=search.gws-prod.gps&w=408&h=240&yaw=303.3913&pitch=0&thumbfov=100,false,8 am–8 pm,8 am–8 pm,8 am–8 pm,8 am–8 pm,8 am–8 pm,8 am–8 pm,8 am–8 pm,"https://www.google.com/maps/search/pediatrician+in+Selby+York+UK/@53.7835293,-1.0671947,14z",2026-02-10T22:45:14.953Z,,
https://www.google.com/maps/place/Beech+Tree+Surgery/data=!4m7!3m6!1s0x48793daaa87b11af:0x14237cd19c971c5b!8m2!3d53.7747776!4d-1.0806674!16s%2Fg%2F11byvw_dkz!19sChIJrxF7qKo9eUgRWxyXnNF8IxQ,Beech Tree Surgery,3.0,107,Medical Center,"68 Doncaster Rd, Selby YO8 9AJ, United Kingdom","QWF9+WP Selby, United Kingdom",http://www.beechtreesurgery.co.uk/,+44 1757 703933,Closed · Opens 8 am Wed,LGBTQ+ friendly,https://lh3.googleusercontent.com/gps-cs-s/AHVAweoF0QZVlmgyhgj1insHjIYQtAsjyN4bunWtRWW-f2RR4ngismo4xLdNjGkdLyfyWWKwiNdrIxZ36OiXZjNbTBMLoHmsASUDu0wqE4cVdSYRQUdyFwCyGUcquawJ59uvPR7FScgU=w408-h306-k-no,true,8 am–6 pm,8 am–6 pm,8 am–6 pm,8 am–6 pm,Closed,Closed,8 am–6 pm,"https://www.google.com/maps/search/pediatrician+in+Selby+York+UK/@53.7835293,-1.0671947,14z",2026-02-10T22:45:19.250Z,,
https://www.google.com/maps/place/Lucy+Beaumont+Podiatry/data=!4m7!3m6!1s0x48793d5f9701790d:0xb1920f9c7f42b13e!8m2!3d53.7623306!4d-1.1063886!16s%2Fg%2F11x6c71h_s!19sChIJDXkBl189eUgRPrFCf5wPkrE,Lucy Beaumont Podiatry,5.0,7,Podiatrist,"Mill Ln, Selby YO8 9LB, United Kingdom","QV6V+WC Selby, United Kingdom",https://lucy-beaumont-podiatry.uk2.cliniko.com/bookings?fbclid=PAY2xjawJiBw1leHRuA2FlbQIxMQABp66wYSbymVkz2zqj59gtfx9nWKbEig6LlAavLUz_i025n8KnxCQTij7ThP4v_aem_OxkzB4HcPh_3TP3r43c-Kw#service,+44 7772 454668,Closed · Opens 10 am Thu,LGBTQ+ friendly,https://streetviewpixels-pa.googleapis.com/v1/thumbnail?panoid=zp0NCoufE919zD46Zi1HoA&cb_client=search.gws-prod.gps&w=408&h=240&yaw=176.5078&pitch=0&thumbfov=100,true,Closed,Closed,10 am–8 pm,Closed,10 am–3 pm,10 am–3 pm,Closed,"https://www.google.com/maps/search/pediatrician+in+Selby+York+UK/@53.7835293,-1.0671947,14z",2026-02-10T22:45:23.710Z,,
https://www.google.com/maps/place/Selby+North+Children+and+Families+Hub/data=!4m7!3m6!1s0x48793cf80ca240ad:0x49c4e55d3a5686a9!8m2!3d53.7853698!4d-1.0788294!16s%2Fg%2F11gdtv563n!19sChIJrUCiDPg8eUgRqYZWOl3lxEk,Selby North Children and Families Hub,3.5,11,Family service center,"Flaxley Rd, Selby YO8 4DL, United Kingdom","QWPC+4F Selby, United Kingdom",http://www.northyorks.gov.uk/children-and-families,+44 1609 532343,Closed · Opens 8:30 am Wed,,https://streetviewpixels-pa.googleapis.com/v1/thumbnail?panoid=922JSffuzreRXjazirj1Xw&cb_client=search.gws-prod.gps&w=408&h=240&yaw=154.98143&pitch=0&thumbfov=100,true,8:30 am–5 pm,8:30 am–5 pm,8:30 am–5 pm,8:30 am–4:30 pm,Closed,Closed,8:30 am–5 pm,"https://www.google.com/maps/search/pediatrician+in+Selby+York+UK/@53.7835293,-1.0671947,14z",2026-02-10T22:45:28.085Z,,
https://www.google.com/maps/place/Dr.+Reid/data=!4m7!3m6!1s0x48793cfc91067633:0x826c90abc70a626f!8m2!3d53.780902!4d-1.068131!16s%2Fg%2F1tftkqpm!19sChIJM3YGkfw8eUgRb2IKx6uQbII,Dr. Reid,,,Doctor,"Posterngate Surgery, Portholme Road, Selby YO8 4QH, United Kingdom","QWJJ+9P Selby, United Kingdom",http://www.posterngatesurgery.nhs.uk/,+44 1757 702561,Closed · Opens 8 am Wed,,https://streetviewpixels-pa.googleapis.com/v1/thumbnail?panoid=XcasjUJ6RP1t_Ma6_Kgxzw&cb_client=search.gws-prod.gps&w=408&h=240&yaw=164.78568&pitch=0&thumbfov=100,false,8 am–6 pm,8 am–6 pm,8 am–8 pm,8 am–6 pm,Closed,Closed,8 am–8 pm,"https://www.google.com/maps/search/pediatrician+in+Selby+York+UK/@53.7835293,-1.0671947,14z",2026-02-10T22:45:32.295Z,,
https://www.google.com/maps/place/Worsley+Court+Hospital/data=!4m7!3m6!1s0x48793daab8993f51:0x380ce8342881ff39!8m2!3d53.7770174!4d-1.0787058!16s%2Fg%2F11cs5pxm4c!19sChIJUT-ZuKo9eUgROf-BKDToDDg,Worsley Court Hospital,3.8,6,Hospital,"Doncaster Road, Selby YO8 9BX, United Kingdom","QWGC+RG Selby, United Kingdom",,+44 1757 211563,Closed · Opens 9 am Wed,,https://lh3.googleusercontent.com/gps-cs-s/AHVAwepTNRSfqeQ_UwVPziSSV_yJd1JKBviteAqYl-DKBGZLbuQ-1rQDknMnd4pvLuLI3eoIOwAx7iVNpvB-epdjSdXOoo-3HcrD97AY5lBeAsBDmH87gg9McG2LKy5bjxwDa1e62vtdrsVw0Moa=w408-h306-k-no,false,9 am–5 pm,9 am–5 pm,9 am–5 pm,9 am–5 pm,Closed,Closed,9 am–5 pm,"https://www.google.com/maps/search/pediatrician+in+Selby+York+UK/@53.7835293,-1.0671947,14z",2026-02-10T22:45:36.635Z,,
https://www.google.com/maps/place/Thirsk+Health+Centre/data=!4m7!3m6!1s0x487eb740c1a48753:0x91e4caf54674454e!8m2!3d54.2309521!4d-1.3427092!16s%2Fg%2F1tmqfsm1!19sChIJU4ekwUC3fkgRTkV0RvXK5JE,Thirsk Health Centre,3.9,14,Medical clinic,"Health Centre, Chapel St, Thirsk YO7 1LG, United Kingdom","6MJ4+9W Thirsk, United Kingdom",http://thirskdoctorssurgery.co.uk/,+44 1845 440462,,,https://streetviewpixels-pa.googleapis.com/v1/thumbnail?panoid=AR3oaDBx4CzhxuNxfLL0iw&cb_client=search.gws-prod.gps&w=408&h=240&yaw=224.02481&pitch=0&thumbfov=100,false,,,,,,,,"https://www.google.com/maps/search/pediatrician+in+Thirsk+York+UK/@54.233849,-1.341377,14z",2026-02-10T22:45:46.523Z,,
https://www.google.com/maps/place/Thirsk+Doctors+Surgery/data=!4m7!3m6!1s0x487eb740c6f926a5:0xa89581acbb3b1dc7!8m2!3d54.2310059!4d-1.3427237!16s%2Fg%2F1hc1d04gx!19sChIJpSb5xkC3fkgRxx07u6yBlag,Thirsk Doctors Surgery,3.8,37,Doctor,"Chapel St, Thirsk YO7 1LG, United Kingdom","6MJ4+CW Thirsk, United Kingdom",https://www.thirskdoctorssurgery.co.uk/,+44 1845 440462,Closed · Opens 8 am Wed,,https://streetviewpixels-pa.googleapis.com/v1/thumbnail?panoid=2Kv8STEtp4XSx9tS_0LJTg&cb_client=search.gws-prod.gps&w=408&h=240&yaw=209.7073&pitch=0&thumbfov=100,false,8 am–6:30 pm,8 am–6:30 pm,8 am–6:30 pm,8 am–6:30 pm,Closed,Closed,8 am–6:30 pm,"https://www.google.com/maps/search/pediatrician+in+Thirsk+York+UK/@54.233849,-1.341377,14z",2026-02-10T22:45:50.802Z,,
https://www.google.com/maps/place/Lambert+Medical+Centre/data=!4m7!3m6!1s0x487eb740f00b88fb:0xb400586118fe6c79!8m2!3d54.2312664!4d-1.3436002!16s%2Fg%2F1tfn2993!19sChIJ-4gL8EC3fkgReWz-GGFYALQ,Lambert Medical Centre,4.0,27,Medical clinic,"2 Chapel St, Thirsk YO7 1LU, United Kingdom","6MJ4+GH Thirsk, United Kingdom",http://www.lambertmedicalcentre.co.uk/,+44 1845 523157,Closed · Opens 8 am Wed,,https://streetviewpixels-pa.googleapis.com/v1/thumbnail?panoid=aqm748Uo332LI1K4sFTHjQ&cb_client=search.gws-prod.gps&w=408&h=240&yaw=171.67891&pitch=0&thumbfov=100,false,8 am–6:30 pm,8 am–6:30 pm,8 am–6:30 pm,8 am–6:30 pm,Closed,Closed,8 am–6:30 pm,"https://www.google.com/maps/search/pediatrician+in+Thirsk+York+UK/@54.233849,-1.341377,14z",2026-02-10T22:45:55.239Z,,
https://www.google.com/maps/place/Thirsk+Children%27s+Centre/data=!4m7!3m6!1s0x487eb769939ff3ab:0x71485a3ce9f67b57!8m2!3d54.236529!4d-1.3359132!16s%2Fg%2F1tdqt2v7!19sChIJq_Ofk2m3fkgRV3v26TxaSHE,Thirsk Children's Centre,4.1,13,Children's amusement center,"Hambleton Pl, Thirsk YO7 1DS, United Kingdom","6MP7+JJ Thirsk, United Kingdom",,,Closed · Opens 8:30 am Wed,,https://streetviewpixels-pa.googleapis.com/v1/thumbnail?panoid=3WeoBcQk56pCQQvhpt87fg&cb_client=search.gws-prod.gps&w=408&h=240&yaw=11.876453&pitch=0&thumbfov=100,false,8:30 am–4:30 pm,8:30 am–4:30 pm,8:30 am–4:30 pm,8:30 am–4 pm,Closed,Closed,8:30 am–4:30 pm,"https://www.google.com/maps/search/pediatrician+in+Thirsk+York+UK/@54.233849,-1.341377,14z",2026-02-10T22:45:59.435Z,,
https://www.google.com/maps/place/Just+Health+Thirsk+D4+Taxi+HGV+Medical+Clinic/data=!4m7!3m6!1s0x487eb78325eb70eb:0x49e94b87ba158598!8m2!3d54.2311898!4d-1.3308558!16s%2Fg%2F11vl8mcxhm!19sChIJ63DrJYO3fkgRmIUVuodL6Uk,Just Health Thirsk D4 Taxi HGV Medical Clinic,5.0,2,Doctor,"Lumley close, Thirsk YO7 3TD, United Kingdom","6MJ9+FM Thirsk, United Kingdom",https://just-health.co.uk/,+44 1282 936900,Open 24 hours,,https://lh3.googleusercontent.com/p/AF1QipPokMLOzSLeFggU-YR95u_5S6OVmj62lN_edIng=w426-h240-k-no,true,Open 24 hours,Open 24 hours,Open 24 hours,Open 24 hours,Open 24 hours,Open 24 hours,Open 24 hours,"https://www.google.com/maps/search/pediatrician+in+Thirsk+York+UK/@54.233849,-1.341377,14z",2026-02-10T22:46:04.009Z,,
https://www.google.com/maps/place/Thirsk+Natural+Health+Clinic/data=!4m7!3m6!1s0x487eb740e6dc96cf:0x8bfba14f9f9187d7!8m2!3d54.2323321!4d-1.3417207!16s%2Fg%2F1w4555f7!19sChIJz5bc5kC3fkgR14eRn0-h-4s,Thirsk Natural Health Clinic,,,Medical clinic,"1/Roses Yard/Market Pl, Thirsk YO7 1LH, United Kingdom","6MJ5+W8 Thirsk, United Kingdom",,+44 1845 525555,,,https://streetviewpixels-pa.googleapis.com/v1/thumbnail?panoid=22A2e5EsOeASd7-v9isK7A&cb_client=search.gws-prod.gps&w=408&h=240&yaw=11.277709&pitch=0&thumbfov=100,false,,,,,,,,"https://www.google.com/maps/search/pediatrician+in+Thirsk+York+UK/@54.233849,-1.341377,14z",2026-02-10T22:46:06.203Z,,
https://www.google.com/maps/place/Miss+Amanda+Haywood/data=!4m7!3m6!1s0x487eb7412a34bf2d:0x2b9b7bf25ad35c47!8m2!3d54.2329098!4d-1.3433856!16s%2Fg%2F1hc7c0twq!19sChIJLb80KkG3fkgRR1zTWvJ7mys,Miss Amanda Haywood,4.7,3,Foot care,"43A Market Pl, Thirsk YO7 1HA, United Kingdom","6MM4+5J Thirsk, United Kingdom",,+44 1845 525804,Closed · Opens 9 am Wed,,https://lh3.googleusercontent.com/gps-cs-s/AHVAweqak5-TYIZpanPYHi0KvZOctFwtUg3DqgKuS-jhwo7zNk_hsZgUWqtoVvBZEsxQJRhwbWhnJBJzcIYFkybwNE3GUqS5_x3uAmQWrPxscEkZAhB62GqLeCJoiQNylbsDYNBtLHhh=w426-h240-k-no,true,9 am–5 pm,9 am–5 pm,Closed,Closed,Closed,Closed,8 am–3 pm,"https://www.google.com/maps/search/pediatrician+in+Thirsk+York+UK/@54.233849,-1.341377,14z",2026-02-10T22:46:10.657Z,,
https://www.google.com/maps/place/Dr.+S+A+Mannion/data=!4m7!3m6!1s0x487eb740c6f926a5:0x99c78de3976f0df!8m2!3d54.2315322!4d-1.3433377!16s%2Fg%2F1tgdhk9g!19sChIJpSb5xkC3fkgR3_B2Od54nAk,Dr. S A Mannion,,,Doctor,"5 Chapel St, Thirsk YO7 1LU, United Kingdom","6MJ4+JM Thirsk, United Kingdom",,+44 844 815 1030,Closed · Opens 8 am Wed,,https://streetviewpixels-pa.googleapis.com/v1/thumbnail?panoid=yBIa2GUJLzBJdJUDO6WUbg&cb_client=search.gws-prod.gps&w=408&h=240&yaw=335.01093&pitch=0&thumbfov=100,false,8 am–6:30 pm,8 am–6:30 pm,8 am–6:30 pm,8 am–6:30 pm,Closed,Closed,8 am–6:30 pm,"https://www.google.com/maps/search/pediatrician+in+Thirsk+York+UK/@54.233849,-1.341377,14z",2026-02-10T22:46:14.880Z,,
https://www.google.com/maps/place/Dr+S+F+Pooley+-+Lambert+Medical+Centre/data=!4m7!3m6!1s0x487eb740ea39da27:0x1738e382a330899e!8m2!3d54.2312477!4d-1.3436542!16s%2Fg%2F1v_nc26c!19sChIJJ9o56kC3fkgRnokwo4LjOBc,Dr S F Pooley - Lambert Medical Centre,1.0,1,Doctor,"2 Chapel St, Thirsk YO7 1LU, United Kingdom","6MJ4+FG Thirsk, United Kingdom",http://www.nhs.uk/Services/GP/Staff/DefaultView.aspx?id=36054,+44 1845 523157,,,https://streetviewpixels-pa.googleapis.com/v1/thumbnail?panoid=aqm748Uo332LI1K4sFTHjQ&cb_client=search.gws-prod.gps&w=408&h=240&yaw=191.71608&pitch=0&thumbfov=100,false,,,,,,,,"https://www.google.com/maps/search/pediatrician+in+Thirsk+York+UK/@54.233849,-1.341377,14z",2026-02-10T22:46:17.116Z,,
https://www.google.com/maps/place/Dr+Longstaff/data=!4m7!3m6!1s0x487eb740b0b9cf09:0xd4d3a0a98703c83e!8m2!3d54.2310034!4d-1.3428398!16s%2Fg%2F11g__vhrh!19sChIJCc-5sEC3fkgRPsgDh6mg09Q,Dr Longstaff,,,Doctor,"Health Centre, Chapel St, Thirsk YO7 1LG, United Kingdom","6MJ4+CV Thirsk, United Kingdom",,+44 844 815 1030,,,https://streetviewpixels-pa.googleapis.com/v1/thumbnail?panoid=AR3oaDBx4CzhxuNxfLL0iw&cb_client=search.gws-prod.gps&w=408&h=240&yaw=249.9571&pitch=0&thumbfov=100,false,,,,,,,,"https://www.google.com/maps/search/pediatrician+in+Thirsk+York+UK/@54.233849,-1.341377,14z",2026-02-10T22:46:19.227Z,,
https://www.google.com/maps/place/Dr+K+Smith+-+Lambert+Medical+Centre/data=!4m7!3m6!1s0x487eb740c6aeabc7:0xa126060c517c04a6!8m2!3d54.2317009!4d-1.3423905!16s%2Fg%2F11dxhzdy7z!19sChIJx6uuxkC3fkgRpgR8UQwGJqE,Dr K Smith - Lambert Medical Centre,,,Doctor,"The Lambert Medical Centre, Thirsk YO7 1LU, United Kingdom","6MJ5+M2 Thirsk, United Kingdom",,+44 1845 523157,,,https://streetviewpixels-pa.googleapis.com/v1/thumbnail?panoid=Q7mMw0C-LoddlfyoM_gGig&cb_client=search.gws-prod.gps&w=408&h=240&yaw=325.23013&pitch=0&thumbfov=100,false,,,,,,,,"https://www.google.com/maps/search/pediatrician+in+Thirsk+York+UK/@54.233849,-1.341377,14z",2026-02-10T22:46:21.404Z,,
https://www.google.com/maps/place/Dr+E+J+Cook+-+Lambert+Medical+Centre/data=!4m7!3m6!1s0x487eb740ea39da27:0xc6b8701492c865d9!8m2!3d54.2312477!4d-1.3436542!16s%2Fg%2F1tdpfrqy!19sChIJJ9o56kC3fkgR2WXIkhRwuMY,Dr E J Cook - Lambert Medical Centre,,,Doctor,"2 Chapel St, Thirsk YO7 1LU, United Kingdom","6MJ4+FG Thirsk, United Kingdom",http://www.nhs.uk/Services/GP/Staff/DefaultView.aspx?id=36054,+44 1845 523157,,,https://streetviewpixels-pa.googleapis.com/v1/thumbnail?panoid=aqm748Uo332LI1K4sFTHjQ&cb_client=search.gws-prod.gps&w=408&h=240&yaw=191.71608&pitch=0&thumbfov=100,false,,,,,,,,"https://www.google.com/maps/search/pediatrician+in+Thirsk+York+UK/@54.233849,-1.341377,14z",2026-02-10T22:46:23.533Z,,
https://www.google.com/maps/place/The+Thirsk+Hearing+Practice/data=!4m7!3m6!1s0x487eb749b54250f7:0x81afb33b7f3c03fc!8m2!3d54.2318926!4d-1.3444209!16s%2Fg%2F11jr3308d4!19sChIJ91BCtUm3fkgR_AM8fzuzr4E,The Thirsk Hearing Practice,5.0,72,Hearing aid store,"15 Castlegate, Thirsk YO7 1HL, United Kingdom","6MJ4+Q6 Thirsk, United Kingdom",http://www.thirskhearing.co.uk/,+44 1845 614001,Closed · Opens 9:30 am Wed,,https://lh3.googleusercontent.com/gps-cs-s/AHVAweoNfUH4wghAzVIjZvQTfH6rNunTeuLPLT32CJo-JF7PYtMr4Z1313ZIOzpqlDPi7eFK27-DYb8ZvOp_UlPNH_okNfBwlYMxGsxuTquuq010t3Or4pC2YMpeso7605MNVIsoYtaXzw=w408-h306-k-no,true,9:30 am–5 pm,9:30 am–5 pm,9:30 am–5 pm,Closed,Closed,Closed,9:30 am–5 pm,"https://www.google.com/maps/search/pediatrician+in+Thirsk+York+UK/@54.233849,-1.341377,14z",2026-02-10T22:46:27.782Z,,· In-store shopping
https://www.google.com/maps/place/Thirsk+Veterinary+Centre/data=!4m7!3m6!1s0x487eb792d780814d:0xc2fabe25933c1425!8m2!3d54.2236753!4d-1.3256496!16s%2Fg%2F11pb1h0lcg!19sChIJTYGA15K3fkgRJRQ8kyW--sI,Thirsk Veterinary Centre,4.9,113,Veterinarian,"Blakey Ln, Thirsk YO7 3AB, United Kingdom","6MFF+FP Thirsk, United Kingdom",https://www.thirskvetcentre.co.uk/,+44 1845 444681,Closed · Opens 8:30 am Wed,,https://lh3.googleusercontent.com/p/AF1QipMcd8tJuyen7HTAtNJ2InffL6oBjtbtl3ShEPl2=w408-h306-k-no,true,8:30 am–6 pm,8:30 am–6 pm,8:30 am–6 pm,8:30 am–6 pm,8:30 am–12 pm,Closed,8:30 am–6 pm,"https://www.google.com/maps/search/pediatrician+in+Thirsk+York+UK/@54.233849,-1.341377,14z",2026-02-10T22:46:32.332Z,,
https://www.google.com/maps/place/Stoneacre+Thirsk/data=!4m7!3m6!1s0x487eb10f293f75d9:0x9381e0e2ff28072c!8m2!3d54.2309149!4d-1.3490641!16s%2Fg%2F1th1c8v9!19sChIJ2XU_KQ-xfkgRLAco_-LggZM,Stoneacre Thirsk,4.6,224,Car dealer,"Station Rd, Thirsk YO7 1PZ, United Kingdom","6MJ2+99 Thirsk, United Kingdom",https://www.stoneacre.co.uk/dealership/stoneacre-thirsk?utm_source=local&utm_medium=organic&utm_campaign=google,+44 1845 524808,"Closed · Opens 8:30 am Wed

Confirmed by this business 1 week ago",,https://lh3.googleusercontent.com/gps-cs-s/AHVAwepq_eNVJn-IocRjpJHq7qtP4ql7MO5hFKV8qz2sjwTUTaZMkvm7dD9IbDYEcpFObiiMX7HOhFS7Y0Chtk8TYzhniyDFMrgF2b-NTTOHZ0v1_R25EBKvLgxWh46Kcu_IhE83AQij=w426-h240-k-no,true,8:30 am–6 pm,8:30 am–6 pm,8:30 am–6 pm,8:30 am–6 pm,8:30 am–5 pm,10:30 am–4:30 pm,8:30 am–6 pm,"https://www.google.com/maps/search/pediatrician+in+Thirsk+York+UK/@54.233849,-1.341377,14z",2026-02-10T22:46:36.588Z,,· Delivery
https://www.google.com/maps/place/Scrivens+Opticians+%26+Hearing+Care/data=!4m7!3m6!1s0x487eb740d3798b83:0xaed8446dca4750ee!8m2!3d54.2323842!4d-1.3434776!16s%2Fg%2F1thq08pg!19sChIJg4t500C3fkgR7lBHym1E2K4,Scrivens Opticians & Hearing Care,4.6,68,Optician,"13 Market Pl, Thirsk YO7 1HQ, United Kingdom","6MJ4+XJ Thirsk, United Kingdom",https://scrivens.com/branch/thirsk-2/?utm_source=Google_Business&utm_medium=organic&utm_campaign=GMB,+44 1845 525996,Closed · Opens 9 am Wed,,https://lh3.googleusercontent.com/p/AF1QipPLdFk9qMvoWC1dBqn6sX9iEDoc_fbOBf0aZPPT=w408-h306-k-no,true,9 am–5 pm,9 am–5 pm,9 am–5 pm,9 am–5 pm,9 am–5 pm,Closed,9 am–5 pm,"https://www.google.com/maps/search/pediatrician+in+Thirsk+York+UK/@54.233849,-1.341377,14z",2026-02-10T22:46:40.964Z,,
,,,,,,,,,,,,,,,,,,,,"https://www.google.com/maps/search/pediatrician+in+Filey+York+UK/@53.9710259,-1.0850232,14z",2026-02-10T22:46:48.777Z,No new results found,
https://www.google.com/maps/place/Guisborough+Primary+Care+Hospital/data=!4m7!3m6!1s0x487ee5f179f78b59:0x65a7b15152b57456!8m2!3d54.5388353!4d-1.0521621!16s%2Fg%2F11fmbkdb2s!19sChIJWYv3efHlfkgRVnS1UlGxp2U,Guisborough Primary Care Hospital,3.9,17,Hospital,"Guisborough TS14 6HZ, United Kingdom","GWQX+G4 Guisborough, United Kingdom",https://www.southtees.nhs.uk/hospitals/community/guisborough/,+44 1642 944284,Closed · Opens 9 am Wed,,https://lh3.googleusercontent.com/gps-cs-s/AHVAwepvrobudt9CbkPxzSjkaMO_ThzBeZuSX1wcAakiJJ5AawpesWpNJ4FcSKev_6yNIBav15NytWr-_Dlcib3guK-VAz7Nhh0GmL0wvjCdYRogrlqzlNoogbGEizqJIZEzjz3kW_x7Kw=w408-h306-k-no,true,9 am–4:15 pm,9 am–4:15 pm,9 am–4:15 pm,9 am–4:15 pm,Closed,Closed,9 am–4:15 pm,"https://www.google.com/maps/search/pediatrician+in+Guisborough+York+UK/@54.536241,-1.049544,14z",2026-02-10T22:47:00.330Z,,
https://www.google.com/maps/place/Bow+Street+Podiatry+Clinic/data=!4m7!3m6!1s0x487ee59883abc8af:0x8171a5641619b9f6!8m2!3d54.5347428!4d-1.0484686!16s%2Fg%2F11jdnmcl2r!19sChIJr8irg5jlfkgR9rkZFmSlcYE,Bow Street Podiatry Clinic,4.8,5,Podiatrist,"4 Bow Street Centre, Guisborough TS14 6PR, United Kingdom","GXM2+VJ Guisborough, United Kingdom",,+44 1287 348330,Closed · Opens 9 am Wed,,https://streetviewpixels-pa.googleapis.com/v1/thumbnail?panoid=h_szOMZTdwtnsqsP9TzkNA&cb_client=search.gws-prod.gps&w=408&h=240&yaw=87.24597&pitch=0&thumbfov=100,true,10 am–4 pm,9 am–7 pm,2–7 pm,Closed,10 am–3 pm,Closed,9 am–3 pm,"https://www.google.com/maps/search/pediatrician+in+Guisborough+York+UK/@54.536241,-1.049544,14z",2026-02-10T22:47:04.540Z,,
https://www.google.com/maps/place/Cleveland+Chiropody+%26+Sports+Injuries/data=!4m7!3m6!1s0x487ee5f471294519:0xe9c6fb2fa70b245a!8m2!3d54.5354748!4d-1.0515933!16s%2Fg%2F1tw_mtc6!19sChIJGUUpcfTlfkgRWiQLpy_7xuk,Cleveland Chiropody & Sports Injuries,5.0,5,Sports injury clinic,"1, 1a Bakehouse Square, Guisborough TS14 6BL, United Kingdom","GWPX+59 Guisborough, United Kingdom",https://www.clevelandchiropodyandsportsinjuries.co.uk/,+44 1287 633799,Closed · Opens 12 pm Thu,,https://streetviewpixels-pa.googleapis.com/v1/thumbnail?panoid=zWMn2BdsPFlWomGUL7rSyQ&cb_client=search.gws-prod.gps&w=408&h=240&yaw=202.21071&pitch=0&thumbfov=100,true,Closed,Closed,12–5 pm,9 am–5 pm,9 am–12 pm,Closed,9 am–5 pm,"https://www.google.com/maps/search/pediatrician+in+Guisborough+York+UK/@54.536241,-1.049544,14z",2026-02-10T22:47:08.879Z,,
https://www.google.com/maps/place/Ollivier+Podiatry/data=!4m7!3m6!1s0x487ee56e7e9e69b5:0x19302caf4c61b160!8m2!3d54.5418934!4d-1.0475972!16s%2Fg%2F11fj82cs1j!19sChIJtWmefm7lfkgRYLFhTK8sMBk,Ollivier Podiatry,5.0,1,Podiatrist,"8 Monkton Rise, Guisborough TS14 6GF, United Kingdom","GXR2+QX Guisborough, United Kingdom",,+44 7710 639107,Closed · Opens 8 am Wed,,https://streetviewpixels-pa.googleapis.com/v1/thumbnail?panoid=rocQSANAwT8xS1ViVbB5hQ&cb_client=search.gws-prod.gps&w=408&h=240&yaw=140.7586&pitch=0&thumbfov=100,true,8 am–5:30 pm,8 am–5:30 pm,8 am–5:30 pm,8 am–5:30 pm,Closed,Closed,8 am–5:30 pm,"https://www.google.com/maps/search/pediatrician+in+Guisborough+York+UK/@54.536241,-1.049544,14z",2026-02-10T22:47:13.297Z,,
https://www.google.com/maps/place/The+Garth+Surgery/data=!4m7!3m6!1s0x487ee5f66bf61b17:0x3e5cd978bdb0769!8m2!3d54.5328764!4d-1.0530886!16s%2Fg%2F1tmk81pp!19sChIJFxv2a_blfkgRaQfbi5fN5QM,The Garth Surgery,3.3,26,Family practice physician,"Rectory Ln, Guisborough TS14 7DJ, United Kingdom","GWMW+5Q Guisborough, United Kingdom",http://www.thegarthsurgery.nhs.uk/,+44 1287 632206,Closed · Opens 8 am Wed,,https://streetviewpixels-pa.googleapis.com/v1/thumbnail?panoid=uEvx9LvqXNEKO91iL_PuXQ&cb_client=search.gws-prod.gps&w=408&h=240&yaw=133.36049&pitch=0&thumbfov=100,false,8 am–8 pm,8 am–6 pm,8 am–6 pm,8 am–6 pm,8:30–11:30 am,Closed,8 am–6 pm,"https://www.google.com/maps/search/pediatrician+in+Guisborough+York+UK/@54.536241,-1.049544,14z",2026-02-10T22:47:17.513Z,,
https://www.google.com/maps/place/Specsavers+Opticians+and+Audiologists+-+Guisborough/data=!4m7!3m6!1s0x487ee5f5cac5658b:0x4073d4701754af5e!8m2!3d54.5355297!4d-1.0521953!16s%2Fg%2F1tmbvpg2!19sChIJi2XFyvXlfkgRXq9UF3DUc0A,Specsavers Opticians and Audiologists - Guisborough,4.5,227,Optician,"15/23 Westgate, Guisborough TS14 6BG, United Kingdom","GWPX+64 Guisborough, United Kingdom",https://www.specsavers.co.uk/stores/guisborough?utm_source=gmb&utm_medium=organic&utm_campaign=624&y_source=1_MzgwNjkxNy03MTUtbG9jYXRpb24ud2Vic2l0ZQ%3D%3D,+44 1287 610383,"Closed · Opens 9 am Wed

Confirmed by this business 4 weeks ago",,https://lh3.googleusercontent.com/p/AF1QipP4zX3yBRiuwje7mYtIPeZAH3w4m3vQtMgphYvm=w426-h240-k-no,true,9:30 am–5:30 pm,9 am–5:30 pm,9 am–5:30 pm,8 am–5:30 pm,9 am–5 pm,10 am–4 pm,9 am–5:30 pm,"https://www.google.com/maps/search/pediatrician+in+Guisborough+York+UK/@54.536241,-1.049544,14z",2026-02-10T22:47:21.905Z,,· In-store pick-up
https://www.google.com/maps/place/Biped+Podiatry/data=!4m7!3m6!1s0x487ee5f5ae1965ed:0xe6586171dc89d605!8m2!3d54.5358308!4d-1.0547733!16s%2Fg%2F1tdb3vfy!19sChIJ7WUZrvXlfkgRBdaJ3HFhWOY,Biped Podiatry,5.0,1,Podiatrist,"7 Westgate Rd, Guisborough TS14 6EA, United Kingdom","GWPW+83 Guisborough, United Kingdom",http://www.bipedpodiatry.com/,+44 1287 632204,Closed · Opens 9 am Wed,,https://lh3.googleusercontent.com/p/AF1QipO8vmdxxvJCiRFrfXAsmVXzsjkFdtNRqdF1vsvd=w426-h240-k-no,true,9 am–7 pm,9 am–5 pm,9 am–12 pm,Closed,Closed,Closed,9 am–5 pm,"https://www.google.com/maps/search/pediatrician+in+Guisborough+York+UK/@54.536241,-1.049544,14z",2026-02-10T22:47:26.287Z,,
https://www.google.com/maps/place/Dr+P+W+Park+-+The+Garth+Surgery/data=!4m7!3m6!1s0x487ee5f66bf61b17:0xc16b82b865088f6!8m2!3d54.5328544!4d-1.0531364!16s%2Fg%2F1263pwflc!19sChIJFxv2a_blfkgR9ohQhiu4Fgw,Dr P W Park - The Garth Surgery,5.0,1,Doctor,"Rectory La, 13 Rectory Ln, Guisborough TS14 7DJ, United Kingdom","GWMW+4P Guisborough, United Kingdom",http://www.thegarthsurgery.nhs.uk/,+44 1287 632206,Closed · Opens 6:30 pm Wed,,https://lh3.googleusercontent.com/gps-cs-s/AHVAweoT0ka_tcsfEuP5PqdR6kLSajeaUao_N_ZBh0lmhCod_a5ptnl2a_RqEpOqkqQqEqgdAE6b6DNqXxSXc7X1LHN8mU9f0cVzRAT9T92JWIb-LYJH6htcs5Zo_kP2Bvh2Sqlm5pHR=w408-h309-k-no,false,6:30–9:30 pm,6:30–9:30 pm,6:30–9:30 pm,6:30–9:30 pm,8 am–8 pm,8 am–8 pm,6:30–9:30 pm,"https://www.google.com/maps/search/pediatrician+in+Guisborough+York+UK/@54.536241,-1.049544,14z",2026-02-10T22:47:30.478Z,,
https://www.google.com/maps/place/SureStart+Children%27s+Centre/data=!4m7!3m6!1s0x487eef589e4266dd:0x132c92c76bb32497!8m2!3d54.5357537!4d-1.0608761!16s%2Fg%2F11ghtnb1mf!19sChIJ3WZCnljvfkgRlySza8eSLBM,SureStart Children's Centre,5.0,2,Day care center,"Park Ln, Guisborough TS14 6LD, United Kingdom","GWPQ+8J Guisborough, United Kingdom",,+44 1642 495357,,,https://streetviewpixels-pa.googleapis.com/v1/thumbnail?panoid=QBm9c5NDwPXLlQRydceLtg&cb_client=search.gws-prod.gps&w=408&h=240&yaw=124.22365&pitch=0&thumbfov=100,false,,,,,,,,"https://www.google.com/maps/search/pediatrician+in+Guisborough+York+UK/@54.536241,-1.049544,14z",2026-02-10T22:47:32.818Z,,
https://www.google.com/maps/place/Rosedene+Guisborough+Children%27s+Nursery/data=!4m7!3m6!1s0x487eef5964dafdbf:0xfc8b34bc2893a173!8m2!3d54.5318777!4d-1.0633316!16s%2Fg%2F1thtp4q2!19sChIJv_3aZFnvfkgRc6GTKLw0i_w,Rosedene Guisborough Children's Nursery,4.9,32,Nursery school,"66A Hutton Lane, Guisborough, Cleveland TS14 6QP, United Kingdom","GWJP+QM Guisborough, United Kingdom",https://www.rosedenenurseries.co.uk/nursery/guisborough,+44 1287 839083,Closed · Opens 10:30 am Wed,,https://lh3.googleusercontent.com/p/AF1QipNQEcuPJUAovvOrrNxch-Gn6RRm_QsfLiOxEdkw=w426-h240-k-no,true,10:30 am–6 pm,10:30 am–6 pm,10:30 am–6 pm,10:30 am–6 pm,Closed,Closed,10:30 am–6 pm,"https://www.google.com/maps/search/pediatrician+in+Guisborough+York+UK/@54.536241,-1.049544,14z",2026-02-10T22:47:37.063Z,,
https://www.google.com/maps/place/Pickering+Medical+Practice/data=!4m7!3m6!1s0x487f28887280791b:0x6682db76d9dd14b0!8m2!3d54.2449197!4d-0.7808644!16s%2Fg%2F1tczdgmp!19sChIJG3mAcogof0gRsBTd2XbbgmY,Pickering Medical Practice,3.3,44,Doctor,"Southgate, Pickering YO18 8BL, United Kingdom","66V9+XM Pickering, United Kingdom",https://www.pickeringmedicalpractice.co.uk/,+44 1751 471296,Closed · Opens 8 am Wed,,https://streetviewpixels-pa.googleapis.com/v1/thumbnail?panoid=T63YAYyairvDXjDg59gzOQ&cb_client=search.gws-prod.gps&w=408&h=240&yaw=183.65454&pitch=0&thumbfov=100,true,"8 am–1 pm, 2–6:30 pm","8 am–1 pm, 2–6:30 pm","8 am–1 pm, 2–6:30 pm","8 am–1 pm, 2–6:30 pm",Closed,Closed,"8 am–1 pm, 2–6:30 pm","https://www.google.com/maps/search/pediatrician+in+Pickering+York+UK/@54.243925,-0.777553,14z",2026-02-10T22:47:48.477Z,,
https://www.google.com/maps/place/Pickering+Health+Clinic/data=!4m7!3m6!1s0x487f2888780a3415:0x925ed3bc4ea053a9!8m2!3d54.2456596!4d-0.780414!16s%2Fg%2F1yh9twvtj!19sChIJFTQKeIgof0gRqVOgTrzTXpI,Pickering Health Clinic,,,Medical clinic,"Train Ln, Pickering YO18 8DX, United Kingdom","66W9+7R Pickering, United Kingdom",,+44 1751 472652,Closed · Opens 7 am Wed,,https://streetviewpixels-pa.googleapis.com/v1/thumbnail?panoid=cAjMgAoPBREF-YPoVpHusA&cb_client=search.gws-prod.gps&w=408&h=240&yaw=263.36047&pitch=0&thumbfov=100,false,8 am–7:30 pm,7 am–6:30 pm,7 am–6:30 pm,8 am–6:30 pm,Closed,Closed,8 am–6:30 pm,"https://www.google.com/maps/search/pediatrician+in+Pickering+York+UK/@54.243925,-0.777553,14z",2026-02-10T22:47:52.642Z,,
https://www.google.com/maps/place/Pickering+Podiatry/data=!4m7!3m6!1s0x487f288f49bbffff:0x8e570fece2997c8b!8m2!3d54.2446607!4d-0.7758302!16s%2Fg%2F11p069sl2v!19sChIJ__-7SY8of0gRi3yZ4uwPV44,Pickering Podiatry,5.0,2,Podiatrist,"11 Smiddy Hill, Pickering YO18 7AN, United Kingdom","66VF+VM Pickering, United Kingdom",https://www.pickeringpodiatry.co.uk/,+44 7702 216145,Closed · Opens 9 am Fri,,https://lh3.googleusercontent.com/p/AF1QipNykiy8YX5Ol7_xeLE4rJRQS2lszCBFM1lyDi1N=w408-h252-k-no,true,Closed,Closed,Closed,9 am–2 pm,9 am–1 pm,Closed,9:30 am–1 pm,"https://www.google.com/maps/search/pediatrician+in+Pickering+York+UK/@54.243925,-0.777553,14z",2026-02-10T22:47:57.046Z,,
https://www.google.com/maps/place/Dr+H+Ebbs+-+Pickering+Medical+Practice/data=!4m7!3m6!1s0x487f2888124caa15:0xc91a4b564c19a62a!8m2!3d54.2450173!4d-0.7815085!16s%2Fg%2F11ggqtrcp8!19sChIJFapMEogof0gRKqYZTFZLGsk,Dr H Ebbs - Pickering Medical Practice,,,Doctor,"Southgate, Pickering YO18 8BL, United Kingdom","66W9+29 Pickering, UK",,+44 1751 471296,Closed · Opens 7 am Wed,,https://streetviewpixels-pa.googleapis.com/v1/thumbnail?panoid=C98av0taWY4T0faIZ4xSdw&cb_client=search.gws-prod.gps&w=408&h=240&yaw=197.57556&pitch=0&thumbfov=100,false,8 am–7:30 pm,7 am–6:30 pm,7 am–6:30 pm,8 am–6:30 pm,Closed,Closed,8 am–6:30 pm,"https://www.google.com/maps/search/pediatrician+in+Pickering+York+UK/@54.243925,-0.777553,14z",2026-02-10T22:48:01.193Z,,
https://www.google.com/maps/place/Stone+Dale+Surgery/data=!4m7!3m6!1s0x487f2f499666d789:0x4a9b6ce3bd59b017!8m2!3d54.2366727!4d-0.7220224!16s%2Fg%2F1tmclt2t!19sChIJiddmlkkvf0gRF7BZveNsm0o,Stone Dale Surgery,,,Doctor,"5 Whitby Gate, Thornton Dale, Pickering YO18 7RY, United Kingdom","67PH+M5 Pickering, United Kingdom",,+44 1751 474202,,,https://streetviewpixels-pa.googleapis.com/v1/thumbnail?panoid=AnHlMW-7_8LyHs8W0urpzw&cb_client=search.gws-prod.gps&w=408&h=240&yaw=226.74016&pitch=0&thumbfov=100,false,,,,,,,,"https://www.google.com/maps/search/pediatrician+in+Pickering+York+UK/@54.243925,-0.777553,14z",2026-02-10T22:48:03.309Z,,
https://www.google.com/maps/place/TLC/data=!4m7!3m6!1s0x487f288f101a0d9d:0x87953a9b58604925!8m2!3d54.2439276!4d-0.773791!16s%2Fg%2F11f3vpq1zl!19sChIJnQ0aEI8of0gRJUlgWJs6lYc,TLC,,,Psychotherapist,"Eastgate Square, 8 Eastgate, Pickering YO18 7DP, United Kingdom","66VG+HF Pickering, United Kingdom",http://tlcclinic.co.uk/,+44 1751 477439,,,https://streetviewpixels-pa.googleapis.com/v1/thumbnail?panoid=GguA5WmgfI-WvZk-UsSY7w&cb_client=search.gws-prod.gps&w=408&h=240&yaw=41.11287&pitch=0&thumbfov=100,false,,,,,,,,"https://www.google.com/maps/search/pediatrician+in+Pickering+York+UK/@54.243925,-0.777553,14z",2026-02-10T22:48:05.734Z,,
,,,,,,,,,,,,,,,,,,,,"https://www.google.com/maps/search/pediatrician+in+Malton+York+UK/@53.9679277,-1.0654138,14z",2026-02-10T22:48:13.292Z,No new results found,
https://www.google.com/maps/place/Castle+Clinic/data=!4m7!3m6!1s0x4879520db2aa3ca1:0x6ea88c7a95d92850!8m2!3d54.0072778!4d-1.4677235!16s%2Fg%2F1q5blv4d7!19sChIJoTyqsg1SeUgRUCjZlXqMqG4,Castle Clinic,5.0,208,Osteopath,"Castle Yard, Knaresborough HG5 8AS, United Kingdom","2G4J+WW Knaresborough, United Kingdom",https://castleclinic.com/,+44 1423 797800,Closed · Opens 8 am Wed,LGBTQ+ friendly,https://lh3.googleusercontent.com/gps-cs-s/AHVAweoO0Wi9CFotdKjm3o3afNb1PhvJLQby7P3xfMJpGlR3WJG3lS4xdSY_YDMKwXkfmN5XgSEwQtJSnuvQJ2OyWud_OmzEAeY0bRphEV_VOUkdKD8_M7Z9LblKWxE_rqqGmTnDSLgp=w408-h408-k-no,true,8:30 am–6 pm,8 am–8:30 pm,8 am–7 pm,8 am–6 pm,9 am–1 pm,Closed,8 am–8:30 pm,"https://www.google.com/maps/search/pediatrician+in+Knaresborough+York+UK/@54.0074396,-1.4645728,14z",2026-02-10T22:48:24.977Z,,
https://www.google.com/maps/place/Just+Health+Harrogate+HGV+D4+Medical+Clinic/data=!4m7!3m6!1s0x48794d9a693d998d:0xe52d7e530df4d33b!8m2!3d54.0085805!4d-1.4282743!16s%2Fg%2F11xrcdm9mf!19sChIJjZk9aZpNeUgRO9P0DVN-LeU,Just Health Harrogate HGV D4 Medical Clinic,5.0,3,Doctor,"York Rd., Knaresborough HG5 0SU, United Kingdom","2H5C+CM Knaresborough, United Kingdom",https://just-health.co.uk/,+44 1282 936900,Open 24 hours,,https://lh3.googleusercontent.com/p/AF1QipNiQKqmrBa-MGsUaDd1eyAGfpa2OJmNhSYY6Bva=w426-h240-k-no,true,Open 24 hours,Open 24 hours,Open 24 hours,Open 24 hours,Open 24 hours,Open 24 hours,Open 24 hours,"https://www.google.com/maps/search/pediatrician+in+Knaresborough+York+UK/@54.0074396,-1.4645728,14z",2026-02-10T22:48:29.212Z,,
https://www.google.com/maps/place/Sarah+Chisem+Podiatry+Ltd+%28Knaresborough+Podiatry%29/data=!4m7!3m6!1s0x4879520c5192d061:0xe1e84cd64369cc84!8m2!3d54.0070673!4d-1.4668252!16s%2Fg%2F1hc8npjbw!19sChIJYdCSUQxSeUgRhMxpQ9ZM6OE,Sarah Chisem Podiatry Ltd (Knaresborough Podiatry),5.0,15,Podiatrist,"6, Podiatry & Treatment Rooms, Green Dragon Yard, Knaresborough HG5 8AU, United Kingdom","2G4M+R7 Knaresborough, United Kingdom",https://www.sarahchisempodiatry.co.uk/,+44 1423 647360,"Closed · Opens 8:30 am Wed

Updated by this business 3 weeks ago",LGBTQ+ friendly,https://lh3.googleusercontent.com/p/AF1QipNBbT9CLwQOVekmnZ6YQPGNJ-U7ZWB24KWqNk2n=w408-h306-k-no,true,8:30 am–6 pm,8:30 am–5 pm,8:30 am–5:30 pm,Closed,Closed,Closed,9 am–1 pm,"https://www.google.com/maps/search/pediatrician+in+Knaresborough+York+UK/@54.0074396,-1.4645728,14z",2026-02-10T22:48:33.524Z,,
https://www.google.com/maps/place/Children+and+Family+Hub/data=!4m7!3m6!1s0x4879520b0c5b7f81:0x85fd7d6870de1a4!8m2!3d54.0082511!4d-1.462424!16s%2Fg%2F12hpvtcpj!19sChIJgX9bDAtSeUgRpOENh9bXXwg,Children and Family Hub,3.9,35,Social welfare center,"Charlton Manor Dr, Knaresborough HG5 0BN, United Kingdom","2G5Q+82 Knaresborough, United Kingdom",https://www.northyorks.gov.uk/children-and-families/children-and-family-hubs,+44 1609 533176,Closed · Opens 8:30 am Wed,,https://lh3.googleusercontent.com/gps-cs-s/AHVAwerIn5IPFKCMJyhJMfkdB7Ju89ewPqNWJxCNMgI4fYdvZ7fD5ktJx1OzyXM9IoRVi28Pfhhvh-j1olHk542yMoGI03p9p02cIY_yA2cPVqSKgxmxlXOgu8x2_BI9e7ShlFVt3JU=w408-h725-k-no,false,8:30 am–4:30 pm,8:30 am–4:30 pm,8:30 am–4:30 pm,8:30 am–4 pm,Closed,Closed,8:30 am–4:30 pm,"https://www.google.com/maps/search/pediatrician+in+Knaresborough+York+UK/@54.0074396,-1.4645728,14z",2026-02-10T22:48:37.954Z,,
https://www.google.com/maps/place/Eastgate+Medical+Group/data=!4m7!3m6!1s0x4879520bc8e14193:0x2e91e5b76c5eb385!8m2!3d54.0064156!4d-1.4614626!16s%2Fg%2F1v44pycn!19sChIJk0HhyAtSeUgRhbNebLflkS4,Eastgate Medical Group,3.3,14,Doctor,"31B York Pl, Knaresborough HG5 0AD, United Kingdom","2G4Q+HC Knaresborough, United Kingdom",https://www.eastgatemedicalgroup.co.uk/,+44 1423 788300,Closed · Opens 8 am Wed,,https://lh3.googleusercontent.com/gps-cs-s/AHVAwerQgdqymwTAyvj38s1x8wkMLUZs9KGiLGqnliukVIIhhYHmPS9uuCpJVCMXx2ZoJtdS6wkUb52SNEijuHZ3Fgr0XP6s1oQgrMSQOwrT4bVplE_dU1_UkyzeNKo5FfO1eYLql8ZU=w408-h544-k-no,true,8 am–6 pm,8 am–6 pm,8 am–6 pm,8 am–6 pm,Closed,Closed,8 am–6 pm,"https://www.google.com/maps/search/pediatrician+in+Knaresborough+York+UK/@54.0074396,-1.4645728,14z",2026-02-10T22:48:42.141Z,,
https://www.google.com/maps/place/Eastgate+Surgery/data=!4m7!3m6!1s0x4879520bc8e16af7:0xb742dc33c3767363!8m2!3d54.0064435!4d-1.4613756!16s%2Fg%2F1hc10l77r!19sChIJ92rhyAtSeUgRY3N2wzPcQrc,Eastgate Surgery,3.8,12,Doctor,"31B York Pl, Knaresborough HG5 0AD, United Kingdom","2G4Q+HC Knaresborough, United Kingdom",https://www.eastgatemedicalgroup.co.uk/,+44 1423 788300,,,https://lh3.googleusercontent.com/gps-cs-s/AHVAwerMkTvorUoluU89PLFuB8UIuGsxw3AEx2TtfDjcN8UgdgI70QbvsuQ93xT7g2s6_lTJ6LOqWiEShuK7azbtQidGR9P9df7cDtJ36M2r5QjQxLAGdmthP_XUx3N3InziTesbdSBv=w408-h544-k-no,false,8 am–6 pm,8 am–6 pm,8 am–6 pm,8 am–6 pm,Closed,Closed,8 am–6 pm,"https://www.google.com/maps/search/pediatrician+in+Knaresborough+York+UK/@54.0074396,-1.4645728,14z",2026-02-10T22:48:46.488Z,,
https://www.google.com/maps/place/Stockwell+Road+Surgery/data=!4m7!3m6!1s0x4879527314125dc9:0xc5d9261d26d6b4b7!8m2!3d54.0119645!4d-1.4668523!16s%2Fg%2F1tf70g1g!19sChIJyV0SFHNSeUgRt7TWJh0m2cU,Stockwell Road Surgery,4.5,11,Doctor,"21 Stockwell Rd, Knaresborough HG5 0JY, United Kingdom","2G6M+Q7 Knaresborough, United Kingdom",https://www.stockwellroadsurgery.nhs.uk/,+44 1423 867433,Closed · Opens 8 am Wed,,https://streetviewpixels-pa.googleapis.com/v1/thumbnail?panoid=SMjk64HlabuIWwzccfhu6Q&cb_client=search.gws-prod.gps&w=408&h=240&yaw=203.35419&pitch=0&thumbfov=100,false,8 am–6 pm,8 am–6 pm,8 am–6 pm,8 am–6 pm,Closed,Closed,8 am–6 pm,"https://www.google.com/maps/search/pediatrician+in+Knaresborough+York+UK/@54.0074396,-1.4645728,14z",2026-02-10T22:48:50.693Z,,
https://www.google.com/maps/place/Dr+Georgiana+Face+Clinic/data=!4m7!3m6!1s0xae9004b785e1d337:0xa6a25af4072b6db!8m2!3d54.0072113!4d-1.4679633!16s%2Fg%2F11rd5g88bl!19sChIJN9PhhbcEkK4R27ZyQK8lago,Dr Georgiana Face Clinic,5.0,32,Skin care clinic,"Castle Yard, Castle Precinct, Knaresborough HG5 8AS, United Kingdom","2G4J+VR Knaresborough, United Kingdom",https://drgeorgianafaceclinic.co.uk/,+44 1423 862506,Closed · Opens 9 am Wed,Identifies as women-owned,https://streetviewpixels-pa.googleapis.com/v1/thumbnail?panoid=nzrVL8wAi3mWFk2R_puM8w&cb_client=search.gws-prod.gps&w=408&h=240&yaw=11.5144615&pitch=0&thumbfov=100,true,9 am–5 pm,9 am–5 pm,9 am–4:30 pm,Closed,Closed,Closed,Closed,"https://www.google.com/maps/search/pediatrician+in+Knaresborough+York+UK/@54.0074396,-1.4645728,14z",2026-02-10T22:48:54.924Z,,
https://www.google.com/maps/place/Robinson+Dr+R+M/data=!4m7!3m6!1s0x48795273166679b5:0x3efba8ef900ed50e!8m2!3d54.0121112!4d-1.4666824!16s%2Fg%2F1tfj_cjf!19sChIJtXlmFnNSeUgRDtUOkO-o-z4,Robinson Dr R M,3.0,1,Doctor,"21 Stockwell Rd, Knaresborough HG5 0JY, United Kingdom","2G6M+R8 Knaresborough, United Kingdom",,+44 1423 867433,,,https://streetviewpixels-pa.googleapis.com/v1/thumbnail?panoid=SMjk64HlabuIWwzccfhu6Q&cb_client=search.gws-prod.gps&w=408&h=240&yaw=183.06348&pitch=0&thumbfov=100,false,,,,,,,,"https://www.google.com/maps/search/pediatrician+in+Knaresborough+York+UK/@54.0074396,-1.4645728,14z",2026-02-10T22:48:57.366Z,,
https://www.google.com/maps/place/The+Health+Centre/data=!4m7!3m6!1s0x487953d31b166701:0xd9c6c8df3882250e!8m2!3d53.9965255!4d-1.5083765!16s%2Fg%2F1td1_sjk!19sChIJAWcWG9NTeUgRDiWCON_Ixtk,The Health Centre,3.3,3,Doctor,"The Health Centre, 80 Knaresborough Rd, Harrogate HG2 7LU, United Kingdom","XFWR+JJ Harrogate, United Kingdom",http://www.eastgatemedicalgroup.co.uk/,+44 1423 557232,Closed · Opens 8 am Wed,,https://lh3.googleusercontent.com/gps-cs-s/AHVAweoQUAvFXytKaR7qJ9ahU9yLhhoFOA2RqDnUAuw5bRYarMs0M9uAJjfWM3mw7fvXVKJz1xJS28UtYCPWX3uwqB8nJyozUJncQ03R5M1zIp4rk_qLqM0ROKeg020Ly0Tb9VSZ0INpDQ=w408-h544-k-no,false,8 am–6 pm,8 am–6 pm,8 am–6 pm,8 am–6 pm,Closed,Closed,8 am–6 pm,"https://www.google.com/maps/search/pediatrician+in+Knaresborough+York+UK/@54.0074396,-1.4645728,14z",2026-02-10T22:49:01.563Z,,
https://www.google.com/maps/place/Chain+Lane+Chiropody/data=!4m7!3m6!1s0x48794df5105d698f:0x6dab87b7da12af51!8m2!3d54.0077925!4d-1.4554535!16s%2Fg%2F1tcwfhdg!19sChIJj2ldEPVNeUgRUa8S2reHq20,Chain Lane Chiropody,5.0,1,Podiatrist,"60 Chain Ln, Knaresborough HG5 0AS, United Kingdom","2G5V+4R Knaresborough, United Kingdom",,+44 1423 540087,,,https://streetviewpixels-pa.googleapis.com/v1/thumbnail?panoid=IqIdZ8y4N9ofdOPX7fKXIg&cb_client=search.gws-prod.gps&w=408&h=240&yaw=248.3742&pitch=0&thumbfov=100,false,,,,,,,,"https://www.google.com/maps/search/pediatrician+in+Knaresborough+York+UK/@54.0074396,-1.4645728,14z",2026-02-10T22:49:03.710Z,,
https://www.google.com/maps/place/Dr+S+E+Corrin+-+Eastgate+Medical+Group/data=!4m7!3m6!1s0x4879520b95dd95e3:0xe3455b9baf0fa430!8m2!3d54.0067978!4d-1.4628004!16s%2Fg%2F11g6vgy_yv!19sChIJ45XdlQtSeUgRMKQPr5tbReM,Dr S E Corrin - Eastgate Medical Group,5.0,1,Doctor,"Eastgate Surgery, Knaresborough HG5 0AD, United Kingdom","2G4P+PV Knaresborough, United Kingdom",https://www.eastgatemedicalgroup.co.uk/,+44 1423 788300,Closed · Opens 8 am Wed,,https://streetviewpixels-pa.googleapis.com/v1/thumbnail?panoid=pabOrEpzaiYKeDnODlnsnw&cb_client=search.gws-prod.gps&w=408&h=240&yaw=89.647285&pitch=0&thumbfov=100,false,8 am–6 pm,8 am–6 pm,8 am–6 pm,8 am–6 pm,Closed,Closed,8 am–6 pm,"https://www.google.com/maps/search/pediatrician+in+Knaresborough+York+UK/@54.0074396,-1.4645728,14z",2026-02-10T22:49:07.840Z,,
https://www.google.com/maps/place/Sanderson+Dr/data=!4m7!3m6!1s0x4879527314125dc9:0xf167f532e861c80e!8m2!3d54.0121112!4d-1.4666824!16s%2Fg%2F1vr3cpkx!19sChIJyV0SFHNSeUgRDshh6DL1Z_E,Sanderson Dr,,,Doctor,"21 Stockwell Rd, Knaresborough HG5 0JY, United Kingdom","2G6M+R8 Knaresborough, United Kingdom",,+44 1423 867433,,,https://streetviewpixels-pa.googleapis.com/v1/thumbnail?panoid=SMjk64HlabuIWwzccfhu6Q&cb_client=search.gws-prod.gps&w=408&h=240&yaw=183.06348&pitch=0&thumbfov=100,false,,,,,,,,"https://www.google.com/maps/search/pediatrician+in+Knaresborough+York+UK/@54.0074396,-1.4645728,14z",2026-02-10T22:49:10.024Z,,
https://www.google.com/maps/place/Kids+Planet+Knaresborough/data=!4m7!3m6!1s0x48794df16d7bbd61:0x1ca2949e90bd12e6!8m2!3d54.0039637!4d-1.4491213!16s%2Fg%2F11xd7mhnn!19sChIJYb17bfFNeUgR5hK9kJ6Uohw,Kids Planet Knaresborough,4.0,4,Nursery school,"Mercury Court, Manse Ln, Knaresborough HG5 8LF, United Kingdom","2H32+H9 Knaresborough, United Kingdom",https://www.kidsplanetdaynurseries.co.uk/find-a-nursery/knaresborough/,+44 1423 866169,Closed · Opens 7:30 am Wed,,https://lh3.googleusercontent.com/p/AF1QipMCZk0uLGlrtqzH9igIALMr09hx2hJYbDGHjA6h=w408-h306-k-no,true,7:30 am–6 pm,7:30 am–6 pm,7:30 am–6 pm,7:30 am–6 pm,Closed,Closed,7:30 am–6 pm,"https://www.google.com/maps/search/pediatrician+in+Knaresborough+York+UK/@54.0074396,-1.4645728,14z",2026-02-10T22:49:14.342Z,,
https://www.google.com/maps/place/Bayfields+Opticians+and+Audiologists+Knaresborough/data=!4m7!3m6!1s0x4879520c57a9f4cd:0xe0d5da6ebc26c0a9!8m2!3d54.0077109!4d-1.4673118!16s%2Fg%2F1tw_mrs8!19sChIJzfSpVwxSeUgRqcAmvG7a1eA,Bayfields Opticians and Audiologists Knaresborough,5.0,30,Optician,"13 Market Pl, Knaresborough HG5 8AL, United Kingdom","2G5M+33 Knaresborough, United Kingdom",https://www.bayfieldsopticians.com/practices/knaresborough/?utm_source=google&utm_medium=organic&utm_campaign=gbp,+44 1423 866475,Closed · Opens 9:30 am Wed,,https://lh3.googleusercontent.com/p/AF1QipP-2cnIfrDj9aduimWwexhm7nyn9Gt5upDffohG=w408-h544-k-no,true,9 am–5:30 pm,9:30 am–5:30 pm,9 am–5:30 pm,9 am–5:30 pm,9 am–4 pm,Closed,9 am–5:30 pm,"https://www.google.com/maps/search/pediatrician+in+Knaresborough+York+UK/@54.0074396,-1.4645728,14z",2026-02-10T22:49:18.593Z,,· In-store shopping
https://www.google.com/maps/place/Eastgate+Medical+Group/data=!4m7!3m6!1s0x487953d2e04ca1ab:0x5bbd9898ba634fe6!8m2!3d53.9964796!4d-1.5082973!16s%2Fg%2F1tqtxdb8!19sChIJq6FM4NJTeUgR5k9jupiYvVs,Eastgate Medical Group,3.1,19,Medical clinic,"The Health Centre, 80 Knaresborough Rd, Harrogate HG2 7LU, United Kingdom","XFWR+HM Harrogate, United Kingdom",http://www.eastgatemedicalgroup.co.uk/,+44 1423 788300,Closed · Opens 8 am Wed,,https://streetviewpixels-pa.googleapis.com/v1/thumbnail?panoid=c6reF6oreZ_XnfPNKUJ1iw&cb_client=search.gws-prod.gps&w=408&h=240&yaw=198.31277&pitch=0&thumbfov=100,true,8 am–6 pm,8 am–6 pm,8 am–6 pm,8 am–6 pm,Closed,Closed,8 am–6 pm,"https://www.google.com/maps/search/pediatrician+in+Knaresborough+York+UK/@54.0074396,-1.4645728,14z",2026-02-10T22:49:23.041Z,,
https://www.google.com/maps/place/Knaresborough+Chiropractor/data=!4m7!3m6!1s0x4879520dac3003a1:0xd3c7ddefe9f43e45!8m2!3d54.0072894!4d-1.46818!16s%2Fg%2F1tgxhkzs!19sChIJoQMwrA1SeUgRRT706e_dx9M,Knaresborough Chiropractor,,,Chiropractor,"Castle Yard, Knaresborough HG5 8AS, United Kingdom","2G4J+WP Knaresborough, United Kingdom",https://castleclinic.com/treatments/mctimoney-chiropractic/,+44 1423 797800,Closed · Opens 10 am Mon,,https://streetviewpixels-pa.googleapis.com/v1/thumbnail?panoid=b28Y_aUCeWyTanckrwHOCw&cb_client=search.gws-prod.gps&w=408&h=240&yaw=35.239246&pitch=0&thumbfov=100,false,8:30 am–7 pm,Closed,Closed,Closed,Closed,Closed,10 am–7 pm,"https://www.google.com/maps/search/pediatrician+in+Knaresborough+York+UK/@54.0074396,-1.4645728,14z",2026-02-10T22:49:27.222Z,,
https://www.google.com/maps/place/Great+Ayton+Health+Centre/data=!4m7!3m6!1s0x487ee914902f2021:0xb742242ec7588eb!8m2!3d54.4899474!4d-1.1333374!16s%2Fg%2F11vwpprc_f!19sChIJISAvkBTpfkgR64h17EIidAs,Great Ayton Health Centre,4.0,9,Medical Center,"Rosehill, Great Ayton, Middlesbrough TS9 6BL, United Kingdom","FVQ8+XM Middlesbrough, United Kingdom",http://greataytonhealthcentre.co.uk/,+44 1642 723421,,,https://streetviewpixels-pa.googleapis.com/v1/thumbnail?panoid=Q9EDLk8QFsSkd0jMgDBr0Q&cb_client=search.gws-prod.gps&w=408&h=240&yaw=59.427147&pitch=0&thumbfov=100,false,,,,,,,,"https://www.google.com/maps/search/pediatrician+in+Great+Ayton+York+UK/@54.491018,-1.1402159,14z",2026-02-10T22:49:36.556Z,,
https://www.google.com/maps/place/Dr+R+Myers+-+Great+Ayton+Health+Centre/data=!4m7!3m6!1s0x487ee914a6f5816f:0xb7dbe876f99deb5f!8m2!3d54.4899492!4d-1.1343215!16s%2Fg%2F1hc1bynxt!19sChIJb4H1phTpfkgRX-ud-Xbo27c,Dr R Myers - Great Ayton Health Centre,3.8,12,Doctor,"Rosehill, Great Ayton, Middlesbrough TS9 6BL, United Kingdom","FVQ8+X7 Middlesbrough, United Kingdom",https://greataytonhealthcentre.co.uk/staff,+44 1642 723421,Closed · Opens 8 am Wed,,https://streetviewpixels-pa.googleapis.com/v1/thumbnail?panoid=Fg9eevojeAthrrPfWuNa6w&cb_client=search.gws-prod.gps&w=408&h=240&yaw=354.84207&pitch=0&thumbfov=100,false,"8 am–12:30 pm, 1:30–6 pm","8 am–12:30 pm, 1:30–6 pm","8 am–12:30 pm, 1:30–6 pm","8 am–12:30 pm, 1:30–6 pm",Closed,Closed,"8 am–12:30 pm, 1:30–6 pm, 6:30–7:30 pm","https://www.google.com/maps/search/pediatrician+in+Great+Ayton+York+UK/@54.491018,-1.1402159,14z",2026-02-10T22:49:40.858Z,,
https://www.google.com/maps/place/Redcar+Primary+Care+Hospital/data=!4m7!3m6!1s0x487ef00271506b27:0x70226731e5bf2bc4!8m2!3d54.6010214!4d-1.0694081!16s%2Fg%2F1tn00t05!19sChIJJ2tQcQLwfkgRxCu_5TFnInA,Redcar Primary Care Hospital,3.8,137,Hospital,"W Dyke Rd, Redcar TS10 4NW, United Kingdom","JW2J+C6 Redcar, United Kingdom",https://www.southtees.nhs.uk/hospitals/community/redcar/,+44 1642 944300,Open · Closes 12 am,,https://lh3.googleusercontent.com/gps-cs-s/AHVAwepqvmkwVATfDT4V3Cj1SaXu1EO9tyNh4f8qYS_RL51OXFdF0N7WBx6y7D5yW7VkiejXALbf9yxtsbO1k0hxgIYmZIAMudZFsiHUEy_s8h0ONpv2eJos1GivUoa9nRSlC7hOF5_4=w408-h479-k-no,false,8 am–12 am,8 am–12 am,8 am–12 am,8 am–12 am,8 am–12 am,8 am–12 am,8 am–12 am,"https://www.google.com/maps/search/pediatrician+in+Redcar+York+UK/@54.5974636,-1.0779515,14z",2026-02-10T22:49:52.456Z,,
https://www.google.com/maps/place/Redcar+CAMHS+%28child+and+adolescent+mental+health+services%29/data=!4m7!3m6!1s0x487ef00f18f7b7c1:0xe8935b00c1a0f33e!8m2!3d54.5926116!4d-1.0863547!16s%2Fg%2F11cmhk_xhb!19sChIJwbf3GA_wfkgRPvOgwQBbk-g,Redcar CAMHS (child and adolescent mental health services),2.5,25,Mental health clinic,"THE RIDINGS 3-6 Daralo Court Kirkleatham Business Park, Redcar TS10 5RT, United Kingdom","HWV7+2F Redcar, United Kingdom",http://www.tewv.nhs.uk/,+44 300 013 2000,,,https://streetviewpixels-pa.googleapis.com/v1/thumbnail?panoid=6Xl3N3NUqBqVGsbGIkvILA&cb_client=search.gws-prod.gps&w=408&h=240&yaw=310.01825&pitch=0&thumbfov=100,false,,,,,,,,"https://www.google.com/maps/search/pediatrician+in+Redcar+York+UK/@54.5974636,-1.0779515,14z",2026-02-10T22:49:54.706Z,,
https://www.google.com/maps/place/The+Saltscar+Surgery/data=!4m7!3m6!1s0x487ef00ffba717d5:0x603c9f194aa61c!8m2!3d54.6162214!4d-1.0735613!16s%2Fg%2F1tjgzy9l!19sChIJ1Ren-w_wfkgRHKZKGZ88YAA,The Saltscar Surgery,3.4,44,Doctor,"22 Kirkleatham St, Redcar TS10 1UA, United Kingdom","JW8G+FH Redcar, United Kingdom",https://www.saltscarsurgery.nhs.uk/,+44 1642 484495,Closed · Opens 8 am Wed,,https://lh3.googleusercontent.com/gps-cs-s/AHVAwep3Z2AzR73fBhbmzj3FWUHqm0C6nHniLsHLjWN4PURqfBzxiv2RbrTS19AyXsQbB5E_YDvTdQG12IwHd8RWRchi9VmCTJSGurW4IWdNHMnoSiAefJwRISouNEOBct0jaoLYRB1Q=w408-h544-k-no,true,8 am–6 pm,8 am–6 pm,8 am–6 pm,8 am–6 pm,Closed,Closed,8 am–6 pm,"https://www.google.com/maps/search/pediatrician+in+Redcar+York+UK/@54.5974636,-1.0779515,14z",2026-02-10T22:49:59.027Z,,
https://www.google.com/maps/place/Biped+Podiatry+%26+Chiropody/data=!4m7!3m6!1s0x487ef00923792bf3:0xdb74827e2908770f!8m2!3d54.6195116!4d-1.0693693!16s%2Fg%2F1hc2hk74p!19sChIJ8yt5IwnwfkgRD3cIKX6CdNs,Biped Podiatry & Chiropody,4.9,9,Podiatrist,"24a Cleveland St, Redcar TS10 1AP, United Kingdom","JW9J+R7 Redcar, United Kingdom",http://www.bipedpodiatry.co.uk/,+44 1642 937295,Closed · Opens 10 am Wed,,https://lh3.googleusercontent.com/p/AF1QipN7Fe4F8Qgr2K6umLX4l2bGjbaXi4tYC3pNNgU=w408-h306-k-no,true,10 am–4 pm,10 am–4 pm,10 am–4 pm,Closed,Closed,Closed,Closed,"https://www.google.com/maps/search/pediatrician+in+Redcar+York+UK/@54.5974636,-1.0779515,14z",2026-02-10T22:50:03.438Z,,
https://www.google.com/maps/place/Sherris+R+M/data=!4m7!3m6!1s0x487ef0064cf66131:0xf279266854cc2aab!8m2!3d54.6143403!4d-1.0633002!16s%2Fg%2F1tfcyclk!19sChIJMWH2TAbwfkgRqyrMVGgmefI,Sherris R M,5.0,1,Podiatrist,"22 Thrush Rd, Redcar TS10 2AT, United Kingdom","JW7P+PM Redcar, United Kingdom",,+44 1642 481980,Closed · Opens 9 am Wed,,https://streetviewpixels-pa.googleapis.com/v1/thumbnail?panoid=bwPlHNXu5k1Btwi3-FRF5g&cb_client=search.gws-prod.gps&w=408&h=240&yaw=105.199646&pitch=0&thumbfov=100,true,9 am–5 pm,9 am–5 pm,9 am–5 pm,9 am–5 pm,Closed,Closed,9 am–5 pm,"https://www.google.com/maps/search/pediatrician+in+Redcar+York+UK/@54.5974636,-1.0779515,14z",2026-02-10T22:50:07.889Z,,
"https://www.google.com/maps/place/Dr+Angel+Carrasco+Salaried+GP+MBBS,+FPD,+PCD/data=!4m7!3m6!1s0x487efaa8be0ffe65:0xa9f577409efdf554!8m2!3d54.6148252!4d-1.055572!16s%2Fg%2F11d_2g_208!19sChIJZf4Pvqj6fkgRVPX9nkB39ak","Dr Angel Carrasco Salaried GP MBBS, FPD, PCD",,,Doctor,"Park Avenue Surgery, 13 Park Ave, Redcar TS10 3LA, United Kingdom","JW7V+WQ Redcar, United Kingdom",http://www.bentleymedicalpractice.co.uk/,+44 1642 470444,,,https://streetviewpixels-pa.googleapis.com/v1/thumbnail?panoid=SWm-ZMi-qXVsBksVeWBJEw&cb_client=search.gws-prod.gps&w=408&h=240&yaw=184.95836&pitch=0&thumbfov=100,false,,,,,,,,"https://www.google.com/maps/search/pediatrician+in+Redcar+York+UK/@54.5974636,-1.0779515,14z",2026-02-10T22:50:09.996Z,,
https://www.google.com/maps/place/Helmsley+Medical+Centre/data=!4m7!3m6!1s0x487ecff9072d02dd:0xa38b9f7d18e2a283!8m2!3d54.2488168!4d-1.0567883!16s%2Fg%2F1hd_p88dl!19sChIJ3QItB_nPfkgRg6LiGH2fi6M,Helmsley Medical Centre,3.8,9,Medical clinic,"Carlton Rd, Helmsley, York YO62 5HD, United Kingdom","6WXV+G7 Helmsley, York, UK",http://www.helmsleymedicalcentre.co.uk/,+44 1439 770288,Closed · Opens 8 am Wed,,https://streetviewpixels-pa.googleapis.com/v1/thumbnail?panoid=DaGzN_N_RAVIA9A0MWNtMA&cb_client=search.gws-prod.gps&w=408&h=240&yaw=325.24362&pitch=0&thumbfov=100,false,8 am–6 pm,8 am–6 pm,8 am–6 pm,8 am–6 pm,Closed,Closed,8 am–6 pm,"https://www.google.com/maps/search/pediatrician+in+Helmsley+York+UK/@54.2475127,-1.0559477,14z",2026-02-10T22:50:21.418Z,,
https://www.google.com/maps/place/Podiatry+and+Gait+Clinic+-+Helmsley/data=!4m7!3m6!1s0x487ecff0868c8f83:0x5faeb9333f99c1ec!8m2!3d54.2467627!4d-1.0601405!16s%2Fg%2F1yh9tyw48!19sChIJg4-MhvDPfkgR7MGZPzO5rl8,Podiatry and Gait Clinic - Helmsley,5.0,29,Podiatrist,"16 Bondgate, Helmsley, York YO62 5BR, United Kingdom","6WWQ+PW Helmsley, York, UK",https://footmanpodiatry.com/,+44 7846 752993,Closed · Opens 9 am Wed,,https://lh3.googleusercontent.com/p/AF1QipNIYAcQbOmRcuXDrCZxdP2-CCsQXqWlexGJSTXM=w408-h408-k-no,true,9 am–6 pm,9 am–4 pm,9 am–5 pm,9 am–12 pm,Closed,Closed,9 am–6 pm,"https://www.google.com/maps/search/pediatrician+in+Helmsley+York+UK/@54.2475127,-1.0559477,14z",2026-02-10T22:50:25.691Z,,
https://www.google.com/maps/place/Bondgate+Clinic/data=!4m7!3m6!1s0x487ecff082283a31:0x6e07302667692433!8m2!3d54.2467387!4d-1.0601042!16s%2Fg%2F11cfbxbr7!19sChIJMToogvDPfkgRMyRpZyYwB24,Bondgate Clinic,5.0,2,Osteopath,"Bondgate Clinic, 16 Bondgate, Helmsley, York YO62 5BR, United Kingdom","6WWQ+MX Helmsley, York, UK",http://www.bondgateclinic.com/,+44 1439 771196,Closed · Opens 9 am Wed,,https://lh3.googleusercontent.com/gps-cs-s/AHVAweqivjgbW6RLv8qjJNFwQVSlqLEoru-i3cx23880B8eCjyx0nQav8evpFUoC2zWQNG3QsnevB9dsXlBYAnJISc77PWgrvgGHda7o15IymW9gLc2l4ttfRi7cbGA2QzYGBXHO9YPX=w408-h343-k-no,true,9 am–5 pm,9 am–5 pm,9 am–5 pm,9 am–5 pm,10 am–4 pm,Closed,9 am–5 pm,"https://www.google.com/maps/search/pediatrician+in+Helmsley+York+UK/@54.2475127,-1.0559477,14z",2026-02-10T22:50:30.330Z,,
https://www.google.com/maps/place/Dr.+N+J+Wilson/data=!4m7!3m6!1s0x487ecff9a76a896d:0xd8d27f1854ed2a1e!8m2!3d54.2487624!4d-1.0567126!16s%2Fg%2F1thnnblc!19sChIJbYlqp_nPfkgRHirtVBh_0tg,Dr. N J Wilson,3.7,3,Doctor,"The medical Centre, Carlton Ln, Helmsley, York YO62 5HD, United Kingdom","6WXV+G8 Helmsley, York, UK",http://www.helmsleymedicalcentre.co.uk/,+44 1439 770288,,,https://streetviewpixels-pa.googleapis.com/v1/thumbnail?panoid=zouQqTHCBtNUgxwZQHcXDw&cb_client=search.gws-prod.gps&w=408&h=240&yaw=5.283801&pitch=0&thumbfov=100,false,,,,,,,,"https://www.google.com/maps/search/pediatrician+in+Helmsley+York+UK/@54.2475127,-1.0559477,14z",2026-02-10T22:50:32.504Z,,
https://www.google.com/maps/place/Helmsley+Smiles+Ltd/data=!4m7!3m6!1s0x487ecf443897dc5b:0x5e9becb611f43693!8m2!3d54.2472336!4d-1.0583818!16s%2Fg%2F11t6t_1n_c!19sChIJW9yXOETPfkgRkzb0Ebbsm14,Helmsley Smiles Ltd,4.5,56,Dental clinic,"46 Bondgate, Helmsley, York YO62 5EZ, United Kingdom","6WWR+VJ Helmsley, York, UK",http://www.helmsleysmiles.com/,+44 1439 771881,Closed · Opens 9 am Wed,,https://streetviewpixels-pa.googleapis.com/v1/thumbnail?panoid=KTB1OtyxhVewvnOnXOiFig&cb_client=search.gws-prod.gps&w=408&h=240&yaw=113.137&pitch=0&thumbfov=100,true,9 am–5 pm,9 am–5 pm,9 am–5 pm,9 am–1 pm,Closed,Closed,9 am–5 pm,"https://www.google.com/maps/search/pediatrician+in+Helmsley+York+UK/@54.2475127,-1.0559477,14z",2026-02-10T22:50:36.857Z,,
https://www.google.com/maps/place/The+Bay+Clinic/data=!4m7!3m6!1s0x487ecff10d62f907:0x96b95a914b71da08!8m2!3d54.247202!4d-1.0646281!16s%2Fg%2F1tyktyz9!19sChIJB_liDfHPfkgRCNpxS5FauZY,The Bay Clinic,5.0,5,Massage spa,"Cleveland Wy, Helmsley, York YO62 5AT, United Kingdom","6WWP+V4 Helmsley, York, UK",,+44 1439 771111,Closed · Opens 9 am Wed,,https://streetviewpixels-pa.googleapis.com/v1/thumbnail?panoid=LlFjz2a5TmKa6Cbb_p3_DA&cb_client=search.gws-prod.gps&w=408&h=240&yaw=339.28568&pitch=0&thumbfov=100,false,9 am–5 pm,9 am–5 pm,9 am–5 pm,9 am–5 pm,9 am–5 pm,9 am–5 pm,9 am–5 pm,"https://www.google.com/maps/search/pediatrician+in+Helmsley+York+UK/@54.2475127,-1.0559477,14z",2026-02-10T22:50:41.188Z,,
https://www.google.com/maps/place/Helmsley+Community+Primary+School/data=!4m7!3m6!1s0x487ecffa3a44be25:0x752ba8ea9b828b01!8m2!3d54.2486642!4d-1.0587692!16s%2Fg%2F1tmxw4pg!19sChIJJb5EOvrPfkgRAYuCm-qoK3U,Helmsley Community Primary School,,,Primary school,"Carlton Ln, Helmsley, York YO62 5HB, United Kingdom","6WXR+FF Helmsley, York, UK",https://www.helmsley-rlt.co.uk/,+44 1439 770783,,,https://streetviewpixels-pa.googleapis.com/v1/thumbnail?panoid=c2wllmpI2-V6cx-OwcI55A&cb_client=search.gws-prod.gps&w=408&h=240&yaw=43.589542&pitch=0&thumbfov=100,false,,,,,,,,"https://www.google.com/maps/search/pediatrician+in+Helmsley+York+UK/@54.2475127,-1.0559477,14z",2026-02-10T22:50:43.292Z,,
https://www.google.com/maps/place/Little+Years+Nursery+Helmsley/data=!4m7!3m6!1s0x487ecfc289d79e31:0x532fd80da4898a03!8m2!3d54.2483793!4d-1.0571074!16s%2Fg%2F11t7bvzz_5!19sChIJMZ7XicLPfkgRA4qJpA3YL1M,Little Years Nursery Helmsley,,,Nursery school,"Carlton Ln, Helmsley, York YO62 5HB, United Kingdom","6WXV+95 Helmsley, York, UK",http://www.littleyearsnursery.co.uk/,,Closed · Opens 7:30 am Wed,,https://streetviewpixels-pa.googleapis.com/v1/thumbnail?panoid=q_MiuIUySj3fS2U-bguAKQ&cb_client=search.gws-prod.gps&w=408&h=240&yaw=189.20448&pitch=0&thumbfov=100,true,7:30 am–6 pm,7:30 am–6 pm,7:30 am–6 pm,7:30 am–6 pm,Closed,Closed,7:30 am–6 pm,"https://www.google.com/maps/search/pediatrician+in+Helmsley+York+UK/@54.2475127,-1.0559477,14z",2026-02-10T22:50:47.652Z,,
https://www.google.com/maps/place/Helmsley+Opticians/data=!4m7!3m6!1s0x487ecfd72a6c6c71:0xac412fe1b5bee9de!8m2!3d54.246813!4d-1.059729!16s%2Fg%2F11gr1bn7qg!19sChIJcWxsKtfPfkgR3um-teEvQaw,Helmsley Opticians,5.0,5,Optician,"10-12 Bondgate, Helmsley, York YO62 5BR, United Kingdom","6WWR+P4 Helmsley, York, UK",http://helmsleyopticians.co.uk/,+44 1439 770929,Closed · Opens 9 am Wed,,https://lh3.googleusercontent.com/p/AF1QipOV4Cbwn2a4TSq92RSzasuMP4voHeA3TWfZpspP=w408-h272-k-no,true,9 am–5 pm,9 am–5 pm,9 am–5 pm,9 am–5 pm,9 am–1 pm,Closed,Closed,"https://www.google.com/maps/search/pediatrician+in+Helmsley+York+UK/@54.2475127,-1.0559477,14z",2026-02-10T22:50:52.204Z,,
https://www.google.com/maps/place/Viva+Hair+of+Helmsley/data=!4m7!3m6!1s0x487ecff04f8c11df:0xce9e7b8f9b097a5e!8m2!3d54.2455993!4d-1.0611674!16s%2Fg%2F1tdvjrd7!19sChIJ3xGMT_DPfkgRXnoJm497ns4,Viva Hair of Helmsley,4.7,42,Hair salon,"8 Barkers Yard, Helmsley, York YO62 5DR, United Kingdom","6WWQ+6G Helmsley, York, UK",http://www.vivahairofhelmsley.co.uk/,+44 1439 770325,Closed · Opens 9 am Wed,,https://lh3.googleusercontent.com/p/AF1QipPrRu5_s7yXYAE3h66G6J4Ghv0O-qN9e0VXJlP8=w408-h271-k-no,true,9 am–5 pm,9 am–5:30 pm,9 am–5:30 pm,9 am–5:30 pm,9 am–1 pm,Closed,9 am–5 pm,"https://www.google.com/maps/search/pediatrician+in+Helmsley+York+UK/@54.2475127,-1.0559477,14z",2026-02-10T22:50:56.452Z,,
https://www.google.com/maps/place/Dr+Duggleby+and+Partners/data=!4m7!3m6!1s0x487eea4b5ce0b63f:0x652fbbfd9d45d6c3!8m2!3d54.470605!4d-1.1947328!16s%2Fg%2F1v8k_53s!19sChIJP7bgXEvqfkgRw9ZFnf27L2U,Dr Duggleby and Partners,3.9,11,Doctor,"North Rd, Stokesley, Middlesbrough TS9 5DY, United Kingdom","FRC4+64 Stokesley, Middlesbrough, UK",http://www.stokesleyhealthcentre.nhs.uk/,+44 1642 710748,Closed · Opens 8 am Wed,,https://streetviewpixels-pa.googleapis.com/v1/thumbnail?panoid=VtaEMepb86wMCenxZf-9xw&cb_client=search.gws-prod.gps&w=408&h=240&yaw=184.86824&pitch=0&thumbfov=100,false,8 am–6 pm,8 am–6 pm,8 am–6 pm,8 am–6 pm,Closed,Closed,8 am–6 pm,"https://www.google.com/maps/search/pediatrician+in+Stokesley+York+UK/@53.9614205,-1.0739108,14z",2026-02-10T22:51:08.027Z,,
https://www.google.com/maps/place/Gopi+Dr+G/data=!4m7!3m6!1s0x487f177b41fe3205:0x8f8b2979cee2035e!8m2!3d54.4859954!4d-0.6230607!16s%2Fg%2F1tfqqj5j!19sChIJBTL-QXsXf0gRXgPiznkpi48,Gopi Dr G,5.0,1,Doctor,"Spring Vale Medical Centre, Rievaulx Rd, Whitby YO21 1SD, United Kingdom","F9PG+9Q Whitby, United Kingdom",,+44 1947 820888,,,https://streetviewpixels-pa.googleapis.com/v1/thumbnail?panoid=QEMw54_qQqrzKKC7QCwemQ&cb_client=search.gws-prod.gps&w=408&h=240&yaw=195.8658&pitch=0&thumbfov=100,false,,,,,,,,"https://www.google.com/maps/search/pediatrician+in+Goathland+York+UK/@54.4001635,-0.7205557,14z",2026-02-10T22:51:17.589Z,,