placeUrl,title,rating,reviewCount,category,address,plusCode,website,phoneNumber,currentStatus,imgUrl,isClaimed,tuesday,wednesday,thursday,friday,saturday,sunday,monday,query,timestamp,info,error
https://www.google.com/maps/place/California+Vein+%26+Laser/data=!4m7!3m6!1s0x80944388f8ba3c59:0xb274a344bf49616f!8m2!3d36.8433536!4d-119.7751145!16s%2Fg%2F11qjkf514x!19sChIJWTy6-IhDlIARb2FJv0SjdLI,California Vein & Laser,5.0,19,Doctor,"7335 N First St Suite 103, Fresno, CA 93720, United States","R6VF+8X Fresno, California, USA",https://www.californiaveinlaser.com/,+1 559-438-2800,Open · Closes 5 pm,https://lh3.googleusercontent.com/gps-cs-s/AG0ilSyAJsdv0zimxiTJTAf8uF5axJmGWpfpV5DUMvSsD7XgZKsWXYBxPGpj0ZuGOwyW86kSWg77O-eGOme8JMeQWk3FDcjfnZvD5phzUm6vYWtoB65UrZkqN35KmfC-M1scUxPQmnE4NRdRMo4=w408-h544-k-no,true,9 am–5 pm,9 am–5 pm,9 am–5 pm,9 am–5 pm,Closed,Closed,9 am–5 pm,"https://www.google.com/maps/search/vein+clinics+in+Fresno+Fresno+CA/@36.7377981,-119.7871247,14z",2025-12-16T22:45:41.169Z,,
"https://www.google.com/maps/place/Heart,+Artery,+and+Vein+Center+-+Fresno/data=!4m7!3m6!1s0x8094693635ecd549:0x5d900aac815e8371!8m2!3d36.8087825!4d-119.7952275!16s%2Fg%2F11hdss7r_7!19sChIJSdXsNTZplIARcYNegawKkF0","Heart, Artery, and Vein Center - Fresno",4.0,63,Medical Center,"222 W Shaw Ave, Fresno, CA 93704, United States","R653+GW Fresno, California, USA",https://www.heartarteryveincenter.com/,+1 559-224-5003,Open · Closes 5 pm,https://lh3.googleusercontent.com/p/AF1QipNqkvpvCugG1wbfulNlNybHOc3KAL84QYi0MErv=w408-h289-k-no,true,"8 am–12 pm, 1:30–5 pm","8 am–12 pm, 1:30–5 pm","8 am–12 pm, 1:30–5 pm",Closed,Closed,Closed,"8 am–12 pm, 1:30–5 pm","https://www.google.com/maps/search/vein+clinics+in+Fresno+Fresno+CA/@36.7377981,-119.7871247,14z",2025-12-16T22:45:46.021Z,,
https://www.google.com/maps/place/South+Valley+Vascular/data=!4m7!3m6!1s0x80945d3176851df1:0x2f5503c9c276c514!8m2!3d36.8390235!4d-119.7460467!16s%2Fg%2F11hy9nrsrk!19sChIJ8R2FdjFdlIARFMV2wskDVS8,South Valley Vascular,4.8,101,Vascular surgeon,"7045 N Maple Ave Suite 108, Fresno, CA 93720, United States","R7Q3+JH Fresno, California, USA",https://www.southvalleyvascular.com/?utm_source=gmb-fresno&utm_medium=organic,+1 559-625-4118,Open · Closes 5 pm,https://streetviewpixels-pa.googleapis.com/v1/thumbnail?panoid=xiaAtC12wS5oae5Y3U8WZw&cb_client=search.gws-prod.gps&w=408&h=240&yaw=299.3251&pitch=0&thumbfov=100,true,8 am–5 pm,8 am–5 pm,8 am–5 pm,8 am–4 pm,Closed,Closed,8 am–5 pm,"https://www.google.com/maps/search/vein+clinics+in+Fresno+Fresno+CA/@36.7377981,-119.7871247,14z",2025-12-16T22:45:50.699Z,LGBTQ+ friendly,
https://www.google.com/maps/place/Central+Valley+Vein+and+Wound+Center/data=!4m7!3m6!1s0x80945db38ccaaec7:0x698e702cac10f81c!8m2!3d36.7955159!4d-119.728199!16s%2Fg%2F11p0hh4qc2!19sChIJx67KjLNdlIARHPgQrCxwjmk,Central Valley Vein and Wound Center,4.5,17,Medical Center,"3120 Willow Ave Suite 101, Clovis, CA 93612, United States","Q7WC+6P Clovis, California, USA",https://www.cvveinandwound.com/,+1 559-721-4910,Open · Closes 4:30 pm,https://streetviewpixels-pa.googleapis.com/v1/thumbnail?panoid=8NA9eIItTf9AmDeasrLs5Q&cb_client=search.gws-prod.gps&w=408&h=240&yaw=267.76694&pitch=0&thumbfov=100,true,8:30 am–4:30 pm,8:30 am–4:30 pm,8:30 am–4:30 pm,8:30 am–4:30 pm,Closed,Closed,8:30 am–4:30 pm,"https://www.google.com/maps/search/vein+clinics+in+Fresno+Fresno+CA/@36.7377981,-119.7871247,14z",2025-12-16T22:45:55.399Z,,
https://www.google.com/maps/place/VeinPros:+Dr.+Gaede/data=!4m7!3m6!1s0x80945d355e920537:0x68e7fc143abf795e!8m2!3d36.8399514!4d-119.7655235!16s%2Fg%2F1tfbnkw_!19sChIJNwWSXjVdlIARXnm_OhT852g,VeinPros: Dr. Gaede,4.9,34,Internist,"7191 N Millbrook Ave #115, Fresno, CA 93720, United States","R6QM+XQ Fresno, California, USA",,+1 559-261-0266,Open · Closes 5 pm,https://streetviewpixels-pa.googleapis.com/v1/thumbnail?panoid=g18paMHx-vvD02hvmLi1HA&cb_client=search.gws-prod.gps&w=408&h=240&yaw=251.20851&pitch=0&thumbfov=100,false,8:30 am–5 pm,8:30 am–5 pm,8:30 am–5 pm,8:30 am–12:30 pm,Closed,Closed,8:30 am–5 pm,"https://www.google.com/maps/search/vein+clinics+in+Fresno+Fresno+CA/@36.7377981,-119.7871247,14z",2025-12-16T22:45:59.806Z,,
"https://www.google.com/maps/place/Elmore+Medical+Vein+%26+Laser:+Mario+H.+Gonzalez,+MD/data=!4m7!3m6!1s0x80945d33ca3de4ff:0x6f77125e49cafab0!8m2!3d36.839443!4d-119.757729!16s%2Fg%2F1tdvp_3x!19sChIJ_-Q9yjNdlIARsPrKSV4Sd28","Elmore Medical Vein & Laser: Mario H. Gonzalez, MD",4.2,17,Vascular surgeon,"7131 N 11th St #101, Fresno, CA 93720, United States","R6QR+QW Fresno, California, USA",http://elmoremedical.com/,+1 559-435-0717,"Open · Closes 5 pm

Confirmed by phone call 10 weeks ago",https://lh3.googleusercontent.com/p/AF1QipMhq7ciTjtWeR-f33y1Ri6fjXNj_7sA6VMMICyd=w408-h271-k-no,true,8 am–5 pm,8 am–5 pm,8 am–5 pm,8 am–3 pm,Closed,Closed,Closed,"https://www.google.com/maps/search/vein+clinics+in+Fresno+Fresno+CA/@36.7377981,-119.7871247,14z",2025-12-16T22:46:04.232Z,,
https://www.google.com/maps/place/Inspire+Health+Medical+Group+-+Vascular+Surgery/data=!4m7!3m6!1s0x809442cb7a5cf153:0xb6a38e9250e69252!8m2!3d36.8443635!4d-119.760563!16s%2Fg%2F1tf4f8k5!19sChIJU_FcestClIARUpLmUJKOo7Y,Inspire Health Medical Group - Vascular Surgery,4.7,79,Medical group,"1247 E Alluvial Ave #101, Fresno, CA 93720, United States","R6VQ+PQ Fresno, California, USA",https://www.inspirehealth.org/medical-practice-locations/inspire-health-medical-group-vascular-surgery/?utm_source=GMBSocialClimb&utm_medium=IHMGVasc,+1 559-431-6226,Open · Closes 5 pm,https://lh3.googleusercontent.com/p/AF1QipPlO3Y35DJG8umSy8qebduF-zwXKibW1SSCvI2v=w426-h240-k-no,true,8 am–5 pm,8 am–5 pm,8 am–5 pm,8 am–5 pm,Closed,Closed,8 am–5 pm,"https://www.google.com/maps/search/vein+clinics+in+Fresno+Fresno+CA/@36.7377981,-119.7871247,14z",2025-12-16T22:46:08.717Z,,
https://www.google.com/maps/place/Vascular+Center+Of+Intervention/data=!4m7!3m6!1s0x80945d4a51d18ebf:0x46bbfb1719d7546c!8m2!3d36.8357837!4d-119.7679019!16s%2Fg%2F11bwcd569h!19sChIJv47RUUpdlIARbFTXGRf7u0Y,Vascular Center Of Intervention,4.0,30,Surgical center,"1177 E Warner Ave, Fresno, CA 93710, United States","R6PJ+8R Fresno, California, USA",http://www.vcifresno.com/,+1 559-702-1390,Open · Closes 5 pm,https://lh3.googleusercontent.com/p/AF1QipNfm35P7D_j_-34DvPQYubznQAQlBDOFaDBzdWE=w408-h306-k-no,true,9 am–5 pm,9 am–5 pm,9 am–5 pm,9 am–5 pm,Closed,Closed,9 am–5 pm,"https://www.google.com/maps/search/vein+clinics+in+Fresno+Fresno+CA/@36.7377981,-119.7871247,14z",2025-12-16T22:46:13.328Z,,
https://www.google.com/maps/place/Fresno+Fibroid+Center/data=!4m7!3m6!1s0x80945db5b7b3f3f1:0xbabaff99ba5f227c!8m2!3d36.837875!4d-119.761028!16s%2Fg%2F11k_2f7nyz!19sChIJ8fOzt7VdlIARfCJfupn_uro,Fresno Fibroid Center,3.4,7,Medical clinic,"1510 E Herndon Ave Suite 110, Fresno, CA 93720, United States","R6QQ+5H Fresno, California, USA",https://www.fresnofibroidcenter.com/,+1 559-216-0746,Open · Closes 5 pm,https://lh3.googleusercontent.com/p/AF1QipPorWRpGk7l2WFtbLRSOMom18ARi4r3oE9YP2V1=w486-h240-k-no,true,9 am–5 pm,9 am–5 pm,9 am–5 pm,9 am–5 pm,Closed,Closed,9 am–5 pm,"https://www.google.com/maps/search/vein+clinics+in+Clovis+Fresno+CA/@36.8252277,-119.7029194,14z",2025-12-16T22:46:25.772Z,,
"https://www.google.com/maps/place/Valley+Legs,+Beauty+and+Diagnostis/data=!4m7!3m6!1s0x80945d2eea1e3541:0x77b1a2f887bc6e4d!8m2!3d36.8388461!4d-119.7498759!16s%2Fg%2F1q5gr1cx6!19sChIJQTUe6i5dlIARTW68h_iisXc","Valley Legs, Beauty and Diagnostis",,,Medical clinic,"1805 E Fir Ave #101, Fresno, CA 93720, United States","R7Q2+G2 Fresno, California, USA",,+1 559-298-9600,Open · Closes 4:30 pm,https://streetviewpixels-pa.googleapis.com/v1/thumbnail?panoid=i2Sg9Yun1DoEw_NqYstSjg&cb_client=search.gws-prod.gps&w=408&h=240&yaw=355.41263&pitch=0&thumbfov=100,false,8:30 am–4:30 pm,9 am–6 pm,9 am–6 pm,9 am–6 pm,8 am–12 pm,Closed,9 am–6 pm,"https://www.google.com/maps/search/vein+clinics+in+Clovis+Fresno+CA/@36.8252277,-119.7029194,14z",2025-12-16T22:46:30.091Z,,
"https://www.google.com/maps/place/Dr.+Leo+Fong,+MD/data=!4m7!3m6!1s0x80945db528c505a9:0x47bc10517283c72f!8m2!3d36.7955159!4d-119.728199!16s%2Fg%2F11rd39lgsn!19sChIJqQXFKLVdlIARL8eDclEQvEc","Dr. Leo Fong, MD",5.0,1,Vascular surgeon,"3120 Willow Ave Suite 101, Clovis, CA 93612, United States","Q7WC+6P Clovis, California, USA",https://www.cvveinandwound.com/,+1 559-721-4910,,https://streetviewpixels-pa.googleapis.com/v1/thumbnail?panoid=8NA9eIItTf9AmDeasrLs5Q&cb_client=search.gws-prod.gps&w=408&h=240&yaw=267.76694&pitch=0&thumbfov=100,true,,,,,,,,"https://www.google.com/maps/search/vein+clinics+in+Clovis+Fresno+CA/@36.8252277,-119.7029194,14z",2025-12-16T22:46:32.529Z,,
https://www.google.com/maps/place/Clovis+Laser+Center/data=!4m7!3m6!1s0x80945c8dc7e977a5:0x864511c962a8a8f5!8m2!3d36.8233266!4d-119.7153652!16s%2Fg%2F1td7hztm!19sChIJpXfpx41clIAR9aioYskRRYY,Clovis Laser Center,4.2,5,Medical spa,"255 W Bullard Ave #102, Clovis, CA 93612, United States","R7FM+8V Clovis, California, USA",https://www.clovislasercenter.com/?utm_source=google&utm_medium=localsearch&utm_campaign=gmb,+1 559-299-2128,Open · Closes 5 pm,https://streetviewpixels-pa.googleapis.com/v1/thumbnail?panoid=GQ5eOievZwKAOFzZtvwBOg&cb_client=search.gws-prod.gps&w=408&h=240&yaw=99.77475&pitch=0&thumbfov=100,true,8:30 am–5 pm,8:30 am–5 pm,8:30 am–5 pm,8:30 am–5 pm,Closed,Closed,8:30 am–5 pm,"https://www.google.com/maps/search/vein+clinics+in+Clovis+Fresno+CA/@36.8252277,-119.7029194,14z",2025-12-16T22:46:36.877Z,,
https://www.google.com/maps/place/LaserAway+Clovis/data=!4m7!3m6!1s0x80945bf0407e76e1:0x1d4863cc094892c6!8m2!3d36.8074834!4d-119.6934505!16s%2Fg%2F11q3m04fzw!19sChIJ4XZ-QPBblIARxpJICcxjSB0,LaserAway Clovis,4.8,212,Laser hair removal service,"1220 Shaw Ave #101, Clovis, CA 93612, United States","R844+XJ Clovis, California, USA",https://www.laseraway.com/locations/ca/fresno-clovis/?utm_source=google&utm_medium=organic&utm_campaign=website-link,+1 559-373-0000,Open · Closes 6 pm,https://lh3.googleusercontent.com/p/AF1QipP5VySBCXFX--Yvy7yvmoxPydsZW8Wp-xrVq6jg=w426-h240-k-no,true,10 am–6 pm,10 am–6 pm,10 am–8 pm,10 am–6 pm,10 am–6 pm,10 am–6 pm,10 am–8 pm,"https://www.google.com/maps/search/vein+clinics+in+Clovis+Fresno+CA/@36.8252277,-119.7029194,14z",2025-12-16T22:46:41.506Z,LGBTQ+ friendly,
https://www.google.com/maps/place/Kiss+Me+Med+Spa/data=!4m7!3m6!1s0x809442a8af21c205:0xb0b8fccd5ad05301!8m2!3d36.8380396!4d-119.7397368!16s%2Fg%2F1q2w22pty!19sChIJBcIhr6hClIARAVPQWs38uLA,Kiss Me Med Spa,5.0,160,Medical spa,"7050 N Recreation Ave Suite #103, Fresno, CA 93720, United States","R7Q6+64 Fresno, California, USA",http://kissmemedspa.com/,+1 559-838-0500,Open · Closes 6 pm,https://lh3.googleusercontent.com/p/AF1QipNo5lQ3isCHY0ZLRqSPkTcnpPPwPF-LgIAXe2J-=w426-h240-k-no,true,9 am–6 pm,9 am–5 pm,9 am–4 pm,9 am–5 pm,Closed,Closed,9 am–6 pm,"https://www.google.com/maps/search/vein+clinics+in+Clovis+Fresno+CA/@36.8252277,-119.7029194,14z",2025-12-16T22:46:46.040Z,LGBTQ+ friendly,
"https://www.google.com/maps/place/Leo+Fong,+MD/data=!4m7!3m6!1s0x80945c28015f2dff:0xe770acf8f118447d!8m2!3d36.7954893!4d-119.7281557!16s%2Fg%2F1td7nkl8!19sChIJ_y1fAShclIARfUQY8fiscOc","Leo Fong, MD",3.0,2,Vascular surgeon,"3120 Willow Ave, Clovis, CA 93612, United States","Q7WC+5P Clovis, California, USA",https://www.cvveinandwound.com/healthwellnessfair?utm_source=GMBSocialClimb&utm_medium=LeoFong%2CMD,+1 559-721-4910,Open · Closes 5 pm,https://streetviewpixels-pa.googleapis.com/v1/thumbnail?panoid=3ovqrpAQt2ESpWI0xW2o2w&cb_client=search.gws-prod.gps&w=408&h=240&yaw=273.8022&pitch=0&thumbfov=100,false,8 am–5 pm,8 am–5 pm,8 am–5 pm,8 am–5 pm,Closed,Closed,8 am–5 pm,"https://www.google.com/maps/search/vein+clinics+in+Clovis+Fresno+CA/@36.8252277,-119.7029194,14z",2025-12-16T22:46:50.591Z,,
https://www.google.com/maps/place/Clovis+Community+Medical+Center/data=!4m7!3m6!1s0x80945b0548b4f213:0x7975a52e1c43268e!8m2!3d36.8391829!4d-119.6610811!16s%2Fm%2F04g3l69!19sChIJE_K0SAVblIARjiZDHC6ldXk,Clovis Community Medical Center,2.6,807,Medical Center,"2755 Herndon Ave, Clovis, CA 93611, United States","R8QQ+MH Clovis, California, USA",https://www.communitymedical.org/locations/clovis-community-medical-center,+1 559-324-4000,,https://lh3.googleusercontent.com/p/AF1QipP2zUv55tfG60Wg_exJefzZplLy4BGtbzmGjvsW=w426-h240-k-no,true,Open 24 hours,Open 24 hours,Open 24 hours,Open 24 hours,Open 24 hours,Open 24 hours,Open 24 hours,"https://www.google.com/maps/search/vein+clinics+in+Clovis+Fresno+CA/@36.8252277,-119.7029194,14z",2025-12-16T22:46:55.605Z,,
https://www.google.com/maps/place/Sierra+Medical+Imaging/data=!4m7!3m6!1s0x80945cbec49ef6ab:0xcb2ae0792a3fc94!8m2!3d36.8394591!4d-119.7151543!16s%2Fg%2F1tptqvv4!19sChIJq_aexL5clIARlPyjkgeusgw,Sierra Medical Imaging,4.7,6476,Medical diagnostic imaging center,"231 W Fir Ave #0220, Clovis, CA 93611, United States","R7QM+QW Clovis, California, USA",https://www.radnet.com/central-california/locations/sierra-medical-imaging?utm_source=GMB&utm_medium=CenCal_Sierra_Medical_Imaging&utm_campaign=GMB_CenCal_Sierra_Medical_Imaging,+1 559-322-4271,Open · Closes 5 pm,https://lh3.googleusercontent.com/gps-cs-s/AG0ilSw6YulDPoIRWwGxVbezXxTuQmEaT4b35ssK2LcpV79_qXRocsS32oU8lHJUmjqbN_ljrtXE9Af90H5SGdwyRfMXcK8mGDtGOkn69HsOFLsmsUHzPDWmVau2lepVrzDjZOvybOACMzZlJaZ-=w408-h544-k-no,true,7 am–5 pm,7 am–5 pm,7 am–5 pm,7 am–5 pm,Closed,Closed,7 am–5 pm,"https://www.google.com/maps/search/vein+clinics+in+Clovis+Fresno+CA/@36.8252277,-119.7029194,14z",2025-12-16T22:47:00.072Z,LGBTQ+ friendly,
https://www.google.com/maps/place/Maven+Integrative+Aesthetics/data=!4m7!3m6!1s0x80945d780cf5096d:0x13eba59dca4a5052!8m2!3d36.8255897!4d-119.7022916!16s%2Fg%2F11rhqryq51!19sChIJbQn1DHhdlIARUlBKyp2l6xM,Maven Integrative Aesthetics,5.0,281,Medical spa,"352 Pollasky Ave #206, Clovis, CA 93612, United States","R7GX+63 Clovis, California, USA",http://www.melnp.com/,+1 559-765-4853,"Open · Closes 4 pm

Updated by this business 1 week ago",https://lh3.googleusercontent.com/gps-cs-s/AG0ilSxAWxDfoynj2bQgNERE4zdcMn3Ds5xjiC73U_VqZwyBaZSP0UuLP2etR7oOOfmzlLziGswPjFR0oY3to44qBnKsOpDQur1HruFHlan4qd0mNlo6env6KsXOsaRiVvwEuccU0-z6WmOxLBw=w408-h544-k-no,true,9:15 am–4 pm,9:15 am–4 pm,9:15 am–4 pm,9:15 am–2 pm,9:15 am–2 pm,Closed,9:15 am–2 pm,"https://www.google.com/maps/search/vein+clinics+in+Clovis+Fresno+CA/@36.8252277,-119.7029194,14z",2025-12-16T22:47:04.773Z,Identifies as women-owned,
https://www.google.com/maps/place/Avant%C3%A8+Medical+Aesthetics/data=!4m7!3m6!1s0x80945d874a688ccd:0x7c5137e3931d3a2a!8m2!3d36.8387962!4d-119.7372786!16s%2Fg%2F11v60xffty!19sChIJzYxoSoddlIARKjodk-M3UXw,Avantè Medical Aesthetics,4.7,60,Medical spa,"7065 N Chestnut Ave STE 103, Fresno, CA 93720, United States","R7Q7+G3 Fresno, California, USA",https://amafresno.com/?utm_source=gbp&utm_medium=website_btn&utm_campaign=gas,+1 559-206-3908,"Open · Closes 6 pm

Updated by this business 3 weeks ago",https://lh3.googleusercontent.com/p/AF1QipOtF_je_-t5yvpzW4Sr8KstCLUm96-zSxo00GuY=w408-h272-k-no,true,9 am–6 pm,9 am–5 pm,9 am–6 pm,9 am–2 pm,Closed,Closed,9 am–5 pm,"https://www.google.com/maps/search/vein+clinics+in+Clovis+Fresno+CA/@36.8252277,-119.7029194,14z",2025-12-16T22:47:09.181Z,LGBTQ+ friendly,
https://www.google.com/maps/place/Clovis+Urgent+Care/data=!4m7!3m6!1s0x80945b4c35146dcf:0xd17b202b3939eab8!8m2!3d36.8088816!4d-119.6875758!16s%2Fg%2F1v62hxj9!19sChIJz20UNUxblIARuOo5OSsge9E,Clovis Urgent Care,4.1,679,Urgent care center,"1555 Shaw Ave STE 101, Clovis, CA 93611, United States","R856+HX Clovis, California, USA",https://clovisurgentcare.com/,+1 559-324-7001,Open · Closes 6 pm,https://lh3.googleusercontent.com/p/AF1QipNtizdJBl5Yo7FiGvEwoOVXC6mFlgRDNbOKGibT=w426-h240-k-no,true,8 am–6 pm,8 am–6 pm,8 am–6 pm,8 am–6 pm,9 am–5 pm,Closed,8 am–6 pm,"https://www.google.com/maps/search/vein+clinics+in+Clovis+Fresno+CA/@36.8252277,-119.7029194,14z",2025-12-16T22:47:13.794Z,LGBTQ+ friendly,
"https://www.google.com/maps/place/Leigh+Ann+O%27Banion,+MD/data=!4m7!3m6!1s0x809442cb77586137:0x6dfbb43d6bfddfbe!8m2!3d36.8443635!4d-119.760563!16s%2Fg%2F11g8xkpjv4!19sChIJN2FYd8tClIARvt_9az20-20","Leigh Ann O'Banion, MD",5.0,3,Vascular surgeon,"1247 E Alluvial Ave #101, Fresno, CA 93720, United States","R6VQ+PQ Fresno, California, USA",https://www.inspirehealth.org/md-profiles/leigh-ann-obanion/?utm_source=GMBSocialClimb&utm_medium=LeighO%27Banion%2CMD,+1 559-431-6226,Open · Closes 5 pm,https://lh3.googleusercontent.com/p/AF1QipNHDNffjiXhXAapeGfhjg-5oWD1zLRoSTx4wNE=w408-h347-k-no,true,8 am–5 pm,8 am–5 pm,8 am–5 pm,8 am–5 pm,Closed,Closed,8 am–5 pm,"https://www.google.com/maps/search/vein+clinics+in+Clovis+Fresno+CA/@36.8252277,-119.7029194,14z",2025-12-16T22:47:18.360Z,,
"https://www.google.com/maps/place/Yan+Cho,+MD/data=!4m7!3m6!1s0x809443cc719f2e8f:0x4278d4bc77ba57a7!8m2!3d36.8444216!4d-119.7606206!16s%2Fg%2F11tjqnfz44!19sChIJjy6fccxDlIARp1e6d7zUeEI","Yan Cho, MD",5.0,1,Vascular surgeon,"1247 E Alluvial Ave #101, Fresno, CA 93720, United States","R6VQ+QQ Fresno, California, USA",https://www.inspirehealth.org/md-profiles/yan-cho/?utm_source=GMBSocialClimb&utm_medium=YanCho%2CMD,+1 559-431-6226,Open · Closes 5 pm,https://lh3.googleusercontent.com/p/AF1QipO7vuwMtrKX5HxF7jwmftIZ1uDP4i_TipeVQiM2=w426-h240-k-no,true,8 am–5 pm,8 am–5 pm,8 am–5 pm,8 am–5 pm,Closed,Closed,8 am–5 pm,"https://www.google.com/maps/search/vein+clinics+in+Sanger+Fresno+CA/@36.708006,-119.5559652,14z",2025-12-16T22:47:30.655Z,,
https://www.google.com/maps/place/Mystique+Medical+Spa+and+Wellness+Center/data=!4m7!3m6!1s0x809442a95bbfddc3:0xb1ca01d5b6b3501c!8m2!3d36.8410242!4d-119.7842503!16s%2Fg%2F1tdh8pr1!19sChIJw92_W6lClIARHFCzttUByrE,Mystique Medical Spa and Wellness Center,4.7,476,Medical spa,"7161 N Howard St #101, Fresno, CA 93720, United States","R6R8+C7 Fresno, California, USA",https://mystiquemedicalspa.com/,+1 559-447-5273,Open · Closes 6 pm,https://lh3.googleusercontent.com/p/AF1QipNkpRfyM9cWFAeswbai-DRuIDRLbrfEqq1fgjWj=w408-h272-k-no,true,8:30 am–6 pm,8 am–6 pm,8 am–6 pm,8 am–6 pm,Closed,Closed,8:30 am–6 pm,"https://www.google.com/maps/search/vein+clinics+in+Sanger+Fresno+CA/@36.708006,-119.5559652,14z",2025-12-16T22:47:35.141Z,LGBTQ+ friendly,
https://www.google.com/maps/place/Central+Valley+Vein+And+Wound+Center/data=!4m7!3m6!1s0x8094f1d92b555d0f:0xf0f59c95803525e7!8m2!3d36.5766238!4d-119.609482!16s%2Fg%2F11h59h7zds!19sChIJD11VK9nxlIAR5yU1gJWc9fA,Central Valley Vein And Wound Center,4.6,22,Medical Center,"1850 Floral Ave, Selma, CA 93662, United States","H9GR+J6 Selma, California, USA",https://www.cvveinandwound.com/,+1 559-721-4910,Open · Closes 4:30 pm,https://streetviewpixels-pa.googleapis.com/v1/thumbnail?panoid=lCdcpJj-C-UEOSOprRFP3A&cb_client=search.gws-prod.gps&w=408&h=240&yaw=50.652225&pitch=0&thumbfov=100,true,8:30 am–4:30 pm,8:30 am–4:30 pm,8:30 am–4:30 pm,Closed,Closed,Closed,8:30 am–4:30 pm,"https://www.google.com/maps/search/vein+clinics+in+Sanger+Fresno+CA/@36.708006,-119.5559652,14z",2025-12-16T22:47:39.621Z,,
https://www.google.com/maps/place/Central+Valley+Vein+and+Wound+Center/data=!4m7!3m6!1s0x8094c3d6d387e84b:0xd0d8fd565a6af950!8m2!3d36.3275299!4d-119.665039!16s%2Fg%2F11kh6ssgh5!19sChIJS-iH09bDlIARUPlqWlb92NA,Central Valley Vein and Wound Center,5.0,12,Medical Center,"1320 Bailey Dr Unit 103, Hanford, CA 93230, United States","88HM+2X Hanford, California, USA",https://www.cvveinandwound.com/,+1 559-721-4910,Open · Closes 4:30 pm,https://lh3.googleusercontent.com/p/AF1QipN84ooUcqgW_6_BXExxf9JKpA__eOY3MiI3fAci=w408-h408-k-no,true,8:30 am–4:30 pm,8:30 am–4:30 pm,8:30 am–4:30 pm,8:30 am–4:30 pm,Closed,Closed,8:30 am–4:30 pm,"https://www.google.com/maps/search/vein+clinics+in+Sanger+Fresno+CA/@36.708006,-119.5559652,14z",2025-12-16T22:47:44.001Z,,
https://www.google.com/maps/place/Central+Valley+Vein+and+Wound+Center/data=!4m7!3m6!1s0x809527952b197f7d:0xae317585676c22ee!8m2!3d36.3135464!4d-119.2907048!16s%2Fg%2F11g0lcbgx0!19sChIJfX8ZK5UnlYAR7iJsZ4V1Ma4,Central Valley Vein and Wound Center,5.0,29,Medical group,"1918 S Court St, Visalia, CA 93277, United States","8P75+CP Visalia, California, USA",https://www.cvveinandwound.com/,+1 559-721-4910,Open · Closes 4:30 pm,https://lh3.googleusercontent.com/p/AF1QipNVzGsFIqRS8QNEaVyAp499Y1kigSEMJL8pawpQ=w408-h408-k-no,true,8:30 am–4:30 pm,8:30 am–4:30 pm,8:30 am–4:30 pm,8:30 am–4:30 pm,Closed,Closed,8:30 am–4:30 pm,"https://www.google.com/maps/search/vein+clinics+in+Sanger+Fresno+CA/@36.708006,-119.5559652,14z",2025-12-16T22:47:48.313Z,,
https://www.google.com/maps/place/Sequoia+Vein+%26+Wound/data=!4m7!3m6!1s0x809529da4276c22d:0xa4068c68c383458c!8m2!3d36.2939461!4d-119.3295947!16s%2Fg%2F11s9j_rt1r!19sChIJLcJ2QtoplYARjEWDw2iMBqQ,Sequoia Vein & Wound,5.0,41,Medical office,"4050 S Demaree St, Visalia, CA 93277, United States","7MVC+H5 Visalia, California, USA",http://sequoiavw.com/,+1 559-713-6478,Open · Closes 4:30 pm,https://streetviewpixels-pa.googleapis.com/v1/thumbnail?panoid=kkqV_0EWbLUahYRFmtTWmQ&cb_client=search.gws-prod.gps&w=408&h=240&yaw=13.876496&pitch=0&thumbfov=100,false,8:30 am–4:30 pm,8:30 am–4:30 pm,8:30 am–4:30 pm,8:30 am–4:30 pm,Closed,Closed,8:30 am–4:30 pm,"https://www.google.com/maps/search/vein+clinics+in+Sanger+Fresno+CA/@36.708006,-119.5559652,14z",2025-12-16T22:47:52.974Z,,
https://www.google.com/maps/place/South+Valley+Vascular+Associates/data=!4m7!3m6!1s0x809526229b36c0ff:0x68c0a69b7ceeb3f0!8m2!3d36.3234646!4d-119.3491974!16s%2Fg%2F1tfwkls2!19sChIJ_8A2myImlYAR8LPufJumwGg,South Valley Vascular Associates,4.8,184,Vascular surgeon,"820 S Akers St Ste 120, Visalia, CA 93277, United States","8MF2+98 Visalia, California, USA",http://www.southvalleyvascular.com/?utm_source=gmb-visalia&utm_medium=organic,+1 559-625-4118,Open · Closes 5 pm,https://lh3.googleusercontent.com/p/AF1QipNtGRTlzt4hEIYndG-SvXYyMDzA5PrSELg89FwA=w408-h544-k-no,true,8 am–5 pm,8 am–5 pm,8 am–5 pm,8 am–4 pm,Closed,Closed,8 am–5 pm,"https://www.google.com/maps/search/vein+clinics+in+Sanger+Fresno+CA/@36.708006,-119.5559652,14z",2025-12-16T22:47:57.418Z,LGBTQ+ friendly,
https://www.google.com/maps/place/Sequoia+Institute+for+Surgical+Services/data=!4m7!3m6!1s0x8094e3b31121a535:0x3d4f9149ebd9e0bf!8m2!3d36.5983503!4d-119.4525271!16s%2Fg%2F11sz5ftjjk!19sChIJNaUhEbPjlIARv-DZ60mRTz0,Sequoia Institute for Surgical Services,4.7,98,Nurse practitioner,"936 G St Suite 110, Reedley, CA 93654, United States","HGXW+8X Reedley, California, USA",https://www.sisurgicalservices.com/,+1 559-731-2009,Open · Closes 5 pm,https://lh3.googleusercontent.com/gps-cs-s/AG0ilSwmPNHvTiaesLPJ_t7QWEPUy09ceTICBkVSs0asAG2n9aKWdT5utjLMRjdSstr63cm_TDBrTe59z_cqdXvJ73D6mA9_VHwE6T3NjOqplYChgUaQJhea7z6nBz_8vgrkb13LYzQfRyq5xChd=w408-h544-k-no,true,8 am–5 pm,8 am–5 pm,8 am–5 pm,8 am–5 pm,Closed,Closed,8 am–5 pm,"https://www.google.com/maps/search/vein+clinics+in+Reedley+Fresno+CA/@36.5963395,-119.4504029,14z",2025-12-16T22:48:10.639Z,,
https://www.google.com/maps/place/Adventist+Health+Reedley/data=!4m7!3m6!1s0x8094e2cd9567723b:0x2d984e11f80ec319!8m2!3d36.6083032!4d-119.4520566!16s%2Fg%2F1thl5p4r!19sChIJO3Jnlc3ilIARGcMO-BFOmC0,Adventist Health Reedley,4.2,1001,Hospital,"372 W Cypress Ave, Reedley, CA 93654, United States","JG5X+85 Reedley, California, USA",https://www.adventisthealth.org/reedley/,+1 559-638-8155,Open 24 hours,https://lh3.googleusercontent.com/p/AF1QipNJFECSr-jLrOWil3H3jylNAEZyP_eiNr9n-u9o=w408-h247-k-no,true,Open 24 hours,Open 24 hours,Open 24 hours,Open 24 hours,Open 24 hours,Open 24 hours,Open 24 hours,"https://www.google.com/maps/search/vein+clinics+in+Reedley+Fresno+CA/@36.5963395,-119.4504029,14z",2025-12-16T22:48:15.225Z,,
https://www.google.com/maps/place/Reedley+Wellness+Center/data=!4m7!3m6!1s0x8094e2da95cd1e87:0xdd8aa7fdc7b350f!8m2!3d36.5997297!4d-119.4541282!16s%2Fg%2F119v0lp76!19sChIJhx7NldrilIARDzV73H-q2A0,Reedley Wellness Center,3.5,13,Doctor,"750 G St #1, Reedley, CA 93654, United States","HGXW+V8 Reedley, California, USA",,+1 559-637-9818,,https://streetviewpixels-pa.googleapis.com/v1/thumbnail?panoid=bC7C_KhJJxaLZEnW4OvIxw&cb_client=search.gws-prod.gps&w=408&h=240&yaw=63.05974&pitch=0&thumbfov=100,false,,,,,,,,"https://www.google.com/maps/search/vein+clinics+in+Reedley+Fresno+CA/@36.5963395,-119.4504029,14z",2025-12-16T22:48:17.499Z,,
https://www.google.com/maps/place/Smith+IV+Stephen+MD/data=!4m7!3m6!1s0x8094e2cda12b6b9f:0xb04932baef60ea47!8m2!3d36.6089096!4d-119.4516364!16s%2Fg%2F1v_w2ly0!19sChIJn2sroc3ilIARR-pg77oySbA,Smith IV Stephen MD,,,Doctor,"1421 N Acacia Ave, Reedley, CA 93654, United States","JG5X+H8 Reedley, California, USA",,+1 559-637-1676,,https://streetviewpixels-pa.googleapis.com/v1/thumbnail?panoid=x8ZRWXDpKy8iLsgacQhJ1g&cb_client=search.gws-prod.gps&w=408&h=240&yaw=162.26704&pitch=0&thumbfov=100,false,,,,,,,,"https://www.google.com/maps/search/vein+clinics+in+Reedley+Fresno+CA/@36.5963395,-119.4504029,14z",2025-12-16T22:48:19.765Z,,
https://www.google.com/maps/place/Fresenius+Kidney+Care+Reedley/data=!4m7!3m6!1s0x8094e2cda12b6a43:0x9c5131463f824e2b!8m2!3d36.605072!4d-119.4407937!16s%2Fg%2F1td4kc79!19sChIJQ2oroc3ilIARK06CP0YxUZw,Fresenius Kidney Care Reedley,3.5,2,Dialysis center,"810 Manning Ave, Reedley, CA 93654, United States","JH45+2M Reedley, California, USA",https://www.freseniuskidneycare.com/dialysis-centers/california/9123?utm_campaign=Website&utm_medium=&utm_source=YextGMB&utm_content=9123&y_source=1_MjYyNDA3NC03MTUtbG9jYXRpb24ud2Vic2l0ZQ%3D%3D,+1 800-881-5101,Open · Closes 6 pm,https://lh3.googleusercontent.com/gps-cs-s/AG0ilSwBRYh9acrLEQTO80mmfJsAUOhwfUiy2OIoLV-MQ7DeN3EC-MdEFQ2WPYd5W4kbyzW2dRI32LRxF4WFMlb1QaXPNkfIngJy9WqMos8-pFG2sHlBxZdxAQy9foF754uSIHqYvafo=w408-h306-k-no,true,4 am–6 pm,4 am–6 pm,4 am–6 pm,4 am–6 pm,4 am–6 pm,Closed,4 am–6 pm,"https://www.google.com/maps/search/vein+clinics+in+Reedley+Fresno+CA/@36.5963395,-119.4504029,14z",2025-12-16T22:48:24.117Z,,
https://www.google.com/maps/place/VIP+Specialists/data=!4m7!3m6!1s0x80952fb2c70c3d75:0xef8863da93f1852f!8m2!3d36.3325551!4d-119.3930944!16s%2Fg%2F11h7vkq7v7!19sChIJdT0Mx7IvlYARL4Xxk9pjiO8,VIP Specialists,4.7,79,Medical clinic,"337 N Plaza Dr, Visalia, CA 93291, United States","8JM4+2Q Visalia, California, USA",https://visaliavips.com/,+1 559-366-7177,Open · Closes 4:30 pm,https://lh3.googleusercontent.com/p/AF1QipPNk9ckhRrlXBSZGmnK8FwMkcmGweeMDfgk5FfB=w408-h304-k-no,true,8 am–4:30 pm,8 am–4:30 pm,8 am–4:30 pm,8 am–4:30 pm,Closed,Closed,8 am–4:30 pm,"https://www.google.com/maps/search/vein+clinics+in+Reedley+Fresno+CA/@36.5963395,-119.4504029,14z",2025-12-16T22:48:28.558Z,,
https://www.google.com/maps/place/Visalia+Vascular+Institute+Inc/data=!4m7!3m6!1s0x80952f65ae48071d:0xc45d73e68104d59d!8m2!3d36.3293891!4d-119.2936094!16s%2Fg%2F1tt1hg8l!19sChIJHQdIrmUvlYARndUEgeZzXcQ,Visalia Vascular Institute Inc,3.0,2,Medical clinic,"119 S Locust St, Visalia, CA 93291, United States","8PH4+QH Visalia, California, USA",http://www.visaliavascularinstitute.com/,+1 559-627-0112,Open · Closes 5 pm,https://streetviewpixels-pa.googleapis.com/v1/thumbnail?panoid=9N5ZQPDHwId5REG5XYwO7g&cb_client=search.gws-prod.gps&w=408&h=240&yaw=260.9225&pitch=0&thumbfov=100,false,9 am–5 pm,9 am–5 pm,9 am–5 pm,Closed,Closed,Closed,9 am–5 pm,"https://www.google.com/maps/search/vein+clinics+in+Reedley+Fresno+CA/@36.5963395,-119.4504029,14z",2025-12-16T22:48:32.920Z,,
,,,,,,,,,,,,,,,,,,,"https://www.google.com/maps/search/vein+clinics+in+Kerman+Fresno+CA/@36.7235572,-120.059879,14z",2025-12-16T22:48:40.615Z,,No new results found
"https://www.google.com/maps/place/Dr.+Leo+Fong,+MD/data=!4m7!3m6!1s0x8094f1b01770b2af:0xf8179e6feca7d981!8m2!3d36.5766927!4d-119.609482!16s%2Fg%2F11hf5x6pqp!19sChIJr7JwF7DxlIARgdmn7G-eF_g","Dr. Leo Fong, MD",,,Vascular surgeon,"1850 Floral Ave, Selma, CA 93662, United States","H9GR+M6 Selma, California, USA",http://cvveinandwound.com/,+1 559-721-4910,,https://streetviewpixels-pa.googleapis.com/v1/thumbnail?panoid=ktwmbXc1FgcpwDENA-bcPg&cb_client=search.gws-prod.gps&w=408&h=240&yaw=0.6285287&pitch=0&thumbfov=100,true,,,,,,,,"https://www.google.com/maps/search/vein+clinics+in+Selma+Fresno+CA/@36.5707838,-119.6120765,14z",2025-12-16T22:48:50.488Z,,
,,,,,,,,,,,,,,,,,,,"https://www.google.com/maps/search/vein+clinics+in+Parlier+Fresno+CA/@36.6116174,-119.5270734,14z",2025-12-16T22:48:58.367Z,,No new results found
,,,,,,,,,,,,,,,,,,,"https://www.google.com/maps/search/vein+clinics+in+Huron+Fresno+CA/@36.2027308,-120.1029177,14z",2025-12-16T22:49:05.840Z,,No new results found
https://www.google.com/maps/place/Medical+Office:+Adventist+Health/data=!4m7!3m6!1s0x8094f101aff21ef1:0x142de451ca4eefd0!8m2!3d36.6244201!4d-119.680664!16s%2Fg%2F11h64h8dr_!19sChIJ8R7yrwHxlIAR0O9OylHkLRQ,Medical Office: Adventist Health,3.9,572,Medical clinic,"300 S. Leon S. Peters Boulevard, Fowler, CA 93625, United States","J8F9+QP Fowler, California, USA",https://adventisthealth.org/locations/detail/medical-office-adventist-health-4368/,+1 559-834-1614,Open · Closes 6 pm,https://lh3.googleusercontent.com/p/AF1QipM5zWAQ96htk90ED9YgZvUhAz1-TvSVjW6uPPr9=w408-h271-k-no,true,8 am–6 pm,8 am–6 pm,8 am–6 pm,8 am–6 pm,8 am–5 pm,Closed,8 am–6 pm,"https://www.google.com/maps/search/vein+clinics+in+Fowler+Fresno+CA/@36.6305058,-119.6784697,14z",2025-12-16T22:49:17.649Z,,
https://www.google.com/maps/place/The+Cosmeceutical+Studio/data=!4m7!3m6!1s0x8094e56709a11b5b:0x88be4b0b2cc3f862!8m2!3d36.5137714!4d-119.5532955!16s%2Fg%2F11jskbkvl2!19sChIJWxuhCWfllIARYvjDLAtLvog,The Cosmeceutical Studio,5.0,9,Medical spa,"1454 California St ste A, Kingsburg, CA 93631, United States","GC7W+GM Kingsburg, California, USA",http://cosmeceuticalstudio.booksy.com/,+1 559-285-7261,Open · Closes 5:30 pm,https://lh3.googleusercontent.com/p/AF1QipPDX3udzMVnaLAiLMJYSkwON9R9TmXBYTimDG8f=w408-h408-k-no,true,9 am–5:30 pm,Closed,9 am–5:30 pm,9 am–5:30 pm,Closed,Closed,9 am–5:30 pm,"https://www.google.com/maps/search/vein+clinics+in+Kingsburg+Fresno+CA/@36.5139516,-119.5541061,14z",2025-12-16T22:49:30.840Z,,
https://www.google.com/maps/place/Primary+and+Specialty+Care:+Adventist+Health/data=!4m7!3m6!1s0x8094e42d70027721:0xc249266981fa621e!8m2!3d36.5171585!4d-119.5589447!16s%2Fg%2F1tknkplq!19sChIJIXcCcC3klIARHmL6gWkmScI,Primary and Specialty Care: Adventist Health,4.1,232,Medical clinic,"1781 Simpson St, Kingsburg, CA 93631, United States","GC8R+VC Kingsburg, California, USA",https://adventisthealth.org/locations/detail/adventist-health-medical-office-4265/,+1 559-897-6610,Open · Closes 6 pm,https://lh3.googleusercontent.com/p/AF1QipNhmX2sILwo4GF9vmQr1AnIKTel5dad2ey4815C=w426-h240-k-no,true,8 am–6 pm,8 am–6 pm,8 am–6 pm,8 am–6 pm,Closed,Closed,8 am–6 pm,"https://www.google.com/maps/search/vein+clinics+in+Kingsburg+Fresno+CA/@36.5139516,-119.5541061,14z",2025-12-16T22:49:35.362Z,,
https://www.google.com/maps/place/Valley+Health+Team+-+Kingsburg+Community+Health+Center/data=!4m7!3m6!1s0x8094e42e561d7f3d:0xe6dfc951d1696e17!8m2!3d36.5183642!4d-119.5683954!16s%2Fg%2F11bxbb03st!19sChIJPX8dVi7klIARF25p0VHJ3-Y,Valley Health Team - Kingsburg Community Health Center,3.3,33,Doctor,"121 Sierra St, Kingsburg, CA 93631, United States","GC9J+8J Kingsburg, California, USA",http://www.vht.org/,+1 559-326-5320,Open · Closes 5 pm,https://lh3.googleusercontent.com/p/AF1QipMrHbSUXDtlMfWT7WtCpLCq47orcPLJ9Oo5Ntou=w408-h272-k-no,true,"8 am–12 pm, 1–5 pm","8 am–12 pm, 1–5 pm","8 am–12 pm, 1–5 pm","8 am–12 pm, 1–5 pm",Closed,Closed,"8 am–12 pm, 1–5 pm","https://www.google.com/maps/search/vein+clinics+in+Kingsburg+Fresno+CA/@36.5139516,-119.5541061,14z",2025-12-16T22:49:39.846Z,,
https://www.google.com/maps/place/Urgent+Care+Kingsburg+Community+Health+Center/data=!4m7!3m6!1s0x8094e54de4bc31ad:0xbbdd3fb60b54dcd2!8m2!3d36.5134539!4d-119.5489678!16s%2Fg%2F11h48xh4jf!19sChIJrTG85E3llIAR0txUC7Y_3bs,Urgent Care Kingsburg Community Health Center,2.4,12,Medical Center,"1250 Smith St, Kingsburg, CA 93631, United States","GF72+9C Kingsburg, California, USA",http://vht.org/,+1 559-326-5335,Closed · Opens 5 pm,https://streetviewpixels-pa.googleapis.com/v1/thumbnail?panoid=ojOKviHhb_u78y7J5v6sFg&cb_client=search.gws-prod.gps&w=408&h=240&yaw=109.29459&pitch=0&thumbfov=100,false,5–9 pm,5–9 pm,5–9 pm,5–9 pm,11 am–5 pm,Closed,5–9 pm,"https://www.google.com/maps/search/vein+clinics+in+Kingsburg+Fresno+CA/@36.5139516,-119.5541061,14z",2025-12-16T22:49:44.274Z,,
https://www.google.com/maps/place/Kingsburg+Community+Health+Center/data=!4m7!3m6!1s0x8094e42e561d7f3d:0x801e028b97f67e69!8m2!3d36.5184733!4d-119.5684599!16s%2Fg%2F11bx2gk2q6!19sChIJPX8dVi7klIARaX72l4sCHoA,Kingsburg Community Health Center,,,Community health center,"121 Sierra St, Kingsburg, CA 93631, United States","GC9J+9J Kingsburg, California, USA",http://www.vht.org/,+1 559-326-5320,Open · Closes 5 pm,https://streetviewpixels-pa.googleapis.com/v1/thumbnail?panoid=RuV5zwn8h2FFtFGBj2SzkQ&cb_client=search.gws-prod.gps&w=408&h=240&yaw=240.64873&pitch=0&thumbfov=100,false,"8 am–12 pm, 1–5 pm","8 am–12 pm, 1–5 pm","8 am–12 pm, 1–5 pm","8 am–12 pm, 1–5 pm",Closed,Closed,"8 am–12 pm, 1–5 pm","https://www.google.com/maps/search/vein+clinics+in+Kingsburg+Fresno+CA/@36.5139516,-119.5541061,14z",2025-12-16T22:49:48.785Z,,
https://www.google.com/maps/place/South+Valley+Vascular+-+Hanford/data=!4m7!3m6!1s0x8094c38e64e499e5:0x181c17f70e5e2ce7!8m2!3d36.324475!4d-119.6669832!16s%2Fg%2F11f54nbdyg!19sChIJ5ZnkZI7DlIAR5yxeDvcXHBg,South Valley Vascular - Hanford,4.9,88,Vascular surgeon,"125 Mall Dr Ste 211 B, Hanford, CA 93230, United States","88FM+Q6 Hanford, California, USA",https://www.southvalleyvascular.com/?utm_source=gmb-hanford&utm_medium=organic,+1 559-625-4118,Open · Closes 5 pm,https://lh3.googleusercontent.com/gps-cs-s/AG0ilSxjbb-7v3ZBM8jr36cBN3rwM7XSedh3bvXDz3zJMbFJNRGWkvMPzj4q9XcP87Uqu64yAV1rcLgYXGEgslecNxkB23zR84yOcnJWIpZ7NVueAIxWRQEd2eTWyrOd0--1dkyryMzz=w408-h306-k-no,true,8 am–5 pm,8 am–5 pm,8 am–5 pm,8 am–4:30 pm,Closed,Closed,8 am–5 pm,"https://www.google.com/maps/search/vein+clinics+in+Kingsburg+Fresno+CA/@36.5139516,-119.5541061,14z",2025-12-16T22:49:53.218Z,,
https://www.google.com/maps/place/Vitality+Medical+Spa+Inc./data=!4m7!3m6!1s0x8094e527ad233c13:0x536f9ddfb35b0e5e!8m2!3d36.5687697!4d-119.6003204!16s%2Fg%2F11jmw7j39x!19sChIJEzwjrSfllIARXg5bs9-db1M,Vitality Medical Spa Inc.,5.0,7,Medical spa,"1221 Rose Ave, Selma, CA 93662, United States","H99X+GV Selma, California, USA",http://www.vitalitymspa.com/,+1 559-325-4447,Closes soon · 3 pm · Opens 9 am Wed,https://lh3.googleusercontent.com/p/AF1QipPMW4cwm6c8HIDOI44szItB8VaBOi0ZdvUaRyeC=w408-h544-k-no,true,9 am–3 pm,9 am–3 pm,9 am–3 pm,9 am–3 pm,Closed,Closed,9 am–3 pm,"https://www.google.com/maps/search/vein+clinics+in+Kingsburg+Fresno+CA/@36.5139516,-119.5541061,14z",2025-12-16T22:49:57.645Z,LGBTQ+ friendly,
https://www.google.com/maps/place/Joseph+Abed+Y+MD/data=!4m7!3m6!1s0x809442aeeb3fb7cb:0xa53623bfea93072d!8m2!3d36.8428029!4d-119.7810084!16s%2Fg%2F1tf6s0_7!19sChIJy7c_665ClIARLQeT6r8jNqU,Joseph Abed Y MD,5.0,2,Vascular surgeon,"7300 N Fresno St, Fresno, CA 93720, United States","R6V9+4H Fresno, California, USA",,+1 559-448-4500,,https://streetviewpixels-pa.googleapis.com/v1/thumbnail?panoid=YQFhwtqNtXTTUv70wh4nuA&cb_client=search.gws-prod.gps&w=408&h=240&yaw=43.793335&pitch=0&thumbfov=100,false,,,,,,,,"https://www.google.com/maps/search/vein+clinics+in+Kingsburg+Fresno+CA/@36.5139516,-119.5541061,14z",2025-12-16T22:50:00.111Z,,
https://www.google.com/maps/place/South+Valley+Vascular+Associates:+Araim+Omar+A+MD/data=!4m7!3m6!1s0x809526229b36c0ff:0x72203637c46b9ad5!8m2!3d36.3237725!4d-119.3494214!16s%2Fg%2F1tdcgm3t!19sChIJ_8A2myImlYAR1ZprxDc2IHI,South Valley Vascular Associates: Araim Omar A MD,5.0,2,Vascular surgeon,"820 S Akers St Ste 120, Visalia, CA 93277, United States","8MF2+G6 Visalia, California, USA",http://www.southvalleyvascular.com/,+1 559-625-4118,Open · Closes 5 pm,https://streetviewpixels-pa.googleapis.com/v1/thumbnail?panoid=5SraI7qANnmzgYJoM5uKFw&cb_client=search.gws-prod.gps&w=408&h=240&yaw=292.2668&pitch=0&thumbfov=100,false,8 am–5 pm,8 am–5 pm,8 am–5 pm,8 am–5 pm,Closed,Closed,8 am–5 pm,"https://www.google.com/maps/search/vein+clinics+in+Kingsburg+Fresno+CA/@36.5139516,-119.5541061,14z",2025-12-16T22:50:04.502Z,,
"https://www.google.com/maps/place/Sanjay+Srivatsa,+MD/data=!4m7!3m6!1s0x809468d262433fd9:0x5279671ed288943d!8m2!3d36.8397786!4d-119.878492!16s%2Fg%2F11b7hjrzgm!19sChIJ2T9DYtJolIARPZSI0h5neVI","Sanjay Srivatsa, MD",4.9,30,Cardiologist,"7206 N Milburn Ave #105, Fresno, CA 93722, United States","R4QC+WJ Fresno, California, USA",https://www.heartarteryveincenter.com/provider/sanjay-srivatsa-md,+1 559-224-5003,Open · Closes 5 pm,https://lh3.googleusercontent.com/p/AF1QipNbF-Vhyu2piqWe358wYj8di1vY8PR9rC4Je5ag=w408-h408-k-no,true,"8 am–12 pm, 1:30–5 pm","8 am–12 pm, 1:30–5 pm","8 am–12 pm, 1:30–5 pm",Closed,Closed,Closed,"8 am–12 pm, 1:30–5 pm","https://www.google.com/maps/search/vein+clinics+in+Mendota+Fresno+CA/@36.7535611,-120.3815574,14z",2025-12-16T22:50:16.570Z,,
https://www.google.com/maps/place/Advanced+Vein+Center/data=!4m7!3m6!1s0x80dcd9c543b46c85:0x9dda980edfafd9b1!8m2!3d33.7818069!4d-117.8610076!16s%2Fg%2F1tj5r0v5!19sChIJhWy0Q8XZ3IARsdmv3w6Y2p0,Advanced Vein Center,4.9,93,Surgeon,"431 S Batavia St # 101, Orange, CA 92868, United States","Q4JQ+PH Orange, California, USA",https://ocveinmd.com/,+1 714-363-3300,Open · Closes 6 pm,https://lh3.googleusercontent.com/p/AF1QipNCW4DYyjobgMTDdNgy8MAS3k0KVuosvme8yNcH=w426-h240-k-no,true,8 am–6 pm,8 am–6 pm,8 am–6 pm,8 am–6 pm,Closed,Closed,Closed,"https://www.google.com/maps/search/vein+clinics+in+Orange+Cove+Fresno+CA/@36.624394,-119.3137301,14z",2025-12-16T22:50:29.568Z,LGBTQ+ friendly,
https://www.google.com/maps/place/OC+VeinCare+and+Diagnostic+Center/data=!4m7!3m6!1s0x80dcddafdbb12c03:0xa22b42ac30abed03!8m2!3d33.6609718!4d-117.7542079!16s%2Fg%2F11tdtkgs02!19sChIJAyyx26_d3IARA-2rMKxCK6I,OC VeinCare and Diagnostic Center,4.9,49,Medical office,"114 Pacifica Ste 370, Irvine, CA 92618, United States","M66W+98 Irvine, California, USA",https://www.ocveincare.com/,+1 949-687-0080,Open · Closes 4:30 pm,https://lh3.googleusercontent.com/p/AF1QipMF6C7YrzKzdqF3nycPTYTDfEjqbHl2lP-_f0fA=w408-h306-k-no,true,8 am–4:30 pm,8 am–4:30 pm,8 am–4:30 pm,8 am–4:30 pm,Closed,Closed,8 am–4:30 pm,"https://www.google.com/maps/search/vein+clinics+in+Orange+Cove+Fresno+CA/@36.624394,-119.3137301,14z",2025-12-16T22:50:34.300Z,,
https://www.google.com/maps/place/OC+VeinCare+and+Diagnostic+Center/data=!4m7!3m6!1s0x80dcf163d87f2ab9:0xb619094942ef57af!8m2!3d33.6095747!4d-117.7295486!16s%2Fg%2F119x3z5tc!19sChIJuSp_2GPx3IARr1fvQkkJGbY,OC VeinCare and Diagnostic Center,4.7,144,Vascular surgeon,"24331 El Toro Rd # 380, Laguna Woods, CA 92637, United States","J75C+R5 Laguna Woods, California, USA",https://www.ocveincare.com/,+1 949-364-0080,Open · Closes 4:30 pm,https://lh3.googleusercontent.com/gps-cs-s/AG0ilSwr6n6QlHMHGgp_bBhrouXH89461vMNwMMa995tyG0m_vVw-3kaQ1yq4VeN8uAMjfm-fBj1ViPrThXignoXp4AMCvr33Rrk21GwABxjmS_t4zw91cR0tiHXsWFnP2558-3M-7Jh=w408-h544-k-no,true,8 am–4:30 pm,8 am–4:30 pm,8 am–4:30 pm,8 am–4:30 pm,Closed,Closed,8 am–4:30 pm,"https://www.google.com/maps/search/vein+clinics+in+Orange+Cove+Fresno+CA/@36.624394,-119.3137301,14z",2025-12-16T22:50:39.201Z,Identifies as women-owned,
https://www.google.com/maps/place/Coalinga+Regional+Medical+Center/data=!4m7!3m6!1s0x80935ccafd3442af:0x2af95d5a01baf5c1!8m2!3d36.1519862!4d-120.3410023!16s%2Fg%2F1yl47rrv4!19sChIJr0I0_cpck4ARwfW6AVpd-So,Coalinga Regional Medical Center,2.6,67,Hospital,"1191 Phelps Ave, Coalinga, CA 93210, United States","5M25+QH Coalinga, California, USA",https://crmcmed.org/,+1 559-821-6100,,https://lh3.googleusercontent.com/p/AF1QipMU3fkY3OT_2s45gaodi0Ped_6BtY4Lfzty6qYG=w408-h272-k-no,true,Open 24 hours,Open 24 hours,Open 24 hours,Open 24 hours,Open 24 hours,Open 24 hours,Open 24 hours,"https://www.google.com/maps/search/vein+clinics+in+Coalinga+Fresno+CA/@36.139678,-120.3601496,14z",2025-12-16T22:50:51.598Z,,
https://www.google.com/maps/place/Coalinga+Valley+Health+Clinic/data=!4m7!3m6!1s0x80935cca5e71df81:0xf2c2e5209f454e37!8m2!3d36.1517661!4d-120.3424191!16s%2Fg%2F1w3w38dk!19sChIJgd9xXspck4ARN05FnyDlwvI,Coalinga Valley Health Clinic,2.5,6,Medical clinic,"1145 Phelps Ave, Coalinga, CA 93210, United States","5M25+P2 Coalinga, California, USA",,+1 559-935-4374,Open · Closes 5 pm,https://streetviewpixels-pa.googleapis.com/v1/thumbnail?panoid=XKzADsMrPQq9v52dd2M7SA&cb_client=search.gws-prod.gps&w=408&h=240&yaw=2.4856975&pitch=0&thumbfov=100,false,8 am–5 pm,8 am–5 pm,8 am–5 pm,8 am–5 pm,Closed,Closed,8 am–5 pm,"https://www.google.com/maps/search/vein+clinics+in+Coalinga+Fresno+CA/@36.139678,-120.3601496,14z",2025-12-16T22:50:55.958Z,,
https://www.google.com/maps/place/Family+Medicine:+Adventist+Health/data=!4m7!3m6!1s0x809343444c99a13f:0xb249c5734feba4b5!8m2!3d36.1389178!4d-120.358178!16s%2Fg%2F1tf7mtb0!19sChIJP6GZTERDk4ARtaTrT3PFSbI,Family Medicine: Adventist Health,3.6,24,Family practice physician,"155 S 5th St, Coalinga, CA 93210, United States","4JQR+HP Coalinga, California, USA",https://adventisthealth.org/locations/detail/adventist-health-medical-offices-4352/,+1 559-935-4282,Open · Closes 5 pm,https://lh3.googleusercontent.com/p/AF1QipMTaBZ-gYqmh3MITJdNEUasnJyMju8LEx5kEe7z=w408-h272-k-no,true,8 am–5 pm,8 am–5 pm,8 am–5 pm,8 am–5 pm,Closed,Closed,8 am–5 pm,"https://www.google.com/maps/search/vein+clinics+in+Coalinga+Fresno+CA/@36.139678,-120.3601496,14z",2025-12-16T22:51:00.598Z,,
https://www.google.com/maps/place/Valley+Vein+Health+Center/data=!4m7!3m6!1s0x80914248d603b377:0x9e25a5ac0bd5612d!8m2!3d37.321182!4d-120.4767064!16s%2Fg%2F12hlbzyp2!19sChIJd7MD1khCkYARLWHVC6ylJZ4,Valley Vein Health Center,2.4,5,Surgical center,"3175 Collins Dr, Merced, CA 95348, United States","8GCF+F8 Merced, California, USA",https://weence.com/medical/doctors/merced/valley-vein-health-center/,+1 209-656-7400,Open · Closes 5 pm,https://streetviewpixels-pa.googleapis.com/v1/thumbnail?panoid=VJbX2q13gLvJLc32DLapbw&cb_client=search.gws-prod.gps&w=408&h=240&yaw=26.847567&pitch=0&thumbfov=100,true,9 am–5 pm,9 am–5 pm,9 am–5 pm,9 am–5 pm,Closed,Closed,9 am–5 pm,"https://www.google.com/maps/search/vein+clinics+in+Coalinga+Fresno+CA/@36.139678,-120.3601496,14z",2025-12-16T22:51:05.028Z,,
https://www.google.com/maps/place/Sierra+Vein+and+Vascular+Institute/data=!4m7!3m6!1s0x809143fe69b1060f:0x156d73bf8ef14421!8m2!3d37.3274402!4d-120.4704608!16s%2Fg%2F11h0zfn3hx!19sChIJDwaxaf5DkYARIUTxjr9zbRU,Sierra Vein and Vascular Institute,3.5,15,Medical office,"177 W El Portal Dr B, Merced, CA 95348, United States","8GGH+XR Merced, California, USA",http://www.sierravein.com/,+1 209-349-8847,Open · Closes 5 pm,https://streetviewpixels-pa.googleapis.com/v1/thumbnail?panoid=82HlD83gBmgs1jd-GZ4Asg&cb_client=search.gws-prod.gps&w=408&h=240&yaw=16.306417&pitch=0&thumbfov=100,true,8 am–5 pm,8 am–5 pm,8 am–5 pm,8 am–5 pm,Closed,Closed,8 am–5 pm,"https://www.google.com/maps/search/vein+clinics+in+Coalinga+Fresno+CA/@36.139678,-120.3601496,14z",2025-12-16T22:51:09.441Z,,
https://www.google.com/maps/place/Valley+Vein+Health+Center/data=!4m7!3m6!1s0x8091065761f2e9b9:0x717d304798db684c!8m2!3d37.5102153!4d-120.8383936!16s%2Fg%2F1tj2j42q!19sChIJuenyYVcGkYARTGjbmEcwfXE,Valley Vein Health Center,2.4,44,Medical clinic,"840 Delbon Ave, Turlock, CA 95382, United States","G566+3J Turlock, California, USA",,+1 209-656-7400,Open · Closes 5 pm,https://lh3.googleusercontent.com/gps-cs-s/AG0ilSzuQYcWWfbBAiE9bChcRakTfm3b9tIMJBU7oXTEj46wXBOlHP8Spl7VfqJDy0nIemDUPycJqmfnvn_-BAWICu4GJu0mzpIhpaHT9frNEmzrz3RxowPpObKPBs8Jy-Qf0fpm6YiBDQ=w408-h544-k-no,true,8:30 am–5 pm,8:30 am–5 pm,8:30 am–5 pm,8:30 am–3 pm,Closed,Closed,8:30 am–5 pm,"https://www.google.com/maps/search/vein+clinics+in+Coalinga+Fresno+CA/@36.139678,-120.3601496,14z",2025-12-16T22:51:14.010Z,,
https://www.google.com/maps/place/Valley+Health+Team+-+Firebaugh+Community+Health+Center/data=!4m7!3m6!1s0x8093eb9590ec7263:0xe92cda684ee2efee!8m2!3d36.8627269!4d-120.461731!16s%2Fg%2F1vv2sh1n!19sChIJY3LskJXrk4AR7u_iTmjaLOk,Valley Health Team - Firebaugh Community Health Center,3.5,15,Medical Center,"689 N St, Firebaugh, CA 93622, United States","VG7Q+38 Firebaugh, California, USA",http://www.vht.org/,+1 559-659-3037,Open · Closes 5 pm,https://streetviewpixels-pa.googleapis.com/v1/thumbnail?panoid=SuacXQ78WHKOOifsMjEmDg&cb_client=search.gws-prod.gps&w=408&h=240&yaw=57.872284&pitch=0&thumbfov=100,true,8 am–5 pm,8 am–5 pm,8 am–5 pm,8 am–5 pm,8 am–12 pm,Closed,8 am–7 pm,"https://www.google.com/maps/search/vein+clinics+in+Firebaugh+Fresno+CA/@36.8588376,-120.4560072,14z",2025-12-16T22:51:26.984Z,,
https://www.google.com/maps/place/Sablan+Medical+Clinic/data=!4m7!3m6!1s0x8093eb9590ec7263:0x1b776c9157d1b030!8m2!3d36.860718!4d-120.45784!16s%2Fg%2F1vq752rz!19sChIJY3LskJXrk4ARMLDRV5Fsdxs,Sablan Medical Clinic,2.9,7,Medical clinic,"927 O St, Firebaugh, CA 93622, United States","VG6R+7V Firebaugh, California, USA",https://vht.org/sablan-health-center/,+1 559-659-3037,,https://streetviewpixels-pa.googleapis.com/v1/thumbnail?panoid=PDUoMyJXwI-TlzEaAxoNRA&cb_client=search.gws-prod.gps&w=408&h=240&yaw=124.68236&pitch=0&thumbfov=100,false,,,,,,,,"https://www.google.com/maps/search/vein+clinics+in+Firebaugh+Fresno+CA/@36.8588376,-120.4560072,14z",2025-12-16T22:51:29.280Z,,
https://www.google.com/maps/place/Merced+Vein+%26+Vascular+Center/data=!4m7!3m6!1s0x809143c0923b27c5:0x24d6d5fbe0e24b04!8m2!3d37.3313255!4d-120.4626693!16s%2Fg%2F11cly4whlf!19sChIJxSc7ksBDkYARBEvi4PvV1iQ,Merced Vein & Vascular Center,4.3,7,Surgical center,"424 E Yosemite Ave STE A, Merced, CA 95340, United States","8GJP+GW Merced, California, USA",https://mercedvascular.com/,+1 209-723-6882,Open · Closes 5 pm,https://lh3.googleusercontent.com/p/AF1QipNp6mG3gkTX9evRuCmn4AzObqdSmRBBbpGqOlRj=w426-h240-k-no,true,8 am–5 pm,8 am–5 pm,8 am–5 pm,8 am–5 pm,Closed,Closed,8 am–5 pm,"https://www.google.com/maps/search/vein+clinics+in+Firebaugh+Fresno+CA/@36.8588376,-120.4560072,14z",2025-12-16T22:51:33.739Z,,
https://www.google.com/maps/place/Yosemite+Vein+Center/data=!4m7!3m6!1s0x8091431960c7a3b7:0xadf8e0bd850032d0!8m2!3d37.2927127!4d-120.4745008!16s%2Fg%2F1wfvmx7t!19sChIJt6PHYBlDkYAR0DIAhb3g-K0,Yosemite Vein Center,,,Medical clinic,"240 E 13th St, Merced, CA 95341, United States","7GVG+35 Merced, California, USA",,+1 209-725-1234,,https://streetviewpixels-pa.googleapis.com/v1/thumbnail?panoid=d_6CwatwYDoOLIGt7su_0g&cb_client=search.gws-prod.gps&w=408&h=240&yaw=187.66953&pitch=0&thumbfov=100,false,,,,,,,,"https://www.google.com/maps/search/vein+clinics+in+Firebaugh+Fresno+CA/@36.8588376,-120.4560072,14z",2025-12-16T22:51:36.275Z,,
,,,,,,,,,,,,,,,,,,,"https://www.google.com/maps/search/vein+clinics+in+Shaver+Lake+Fresno+CA/@37.1064452,-119.319391,14z",2025-12-16T22:51:44.318Z,,No new results found
"https://www.google.com/maps/place/Anne+Prentice,+MD/data=!4m7!3m6!1s0x80945e5b25404813:0xb6912bdb9d072c44!8m2!3d36.8443635!4d-119.760563!16s%2Fg%2F1vvyyb06!19sChIJE0hAJVtelIARRCwHndsrkbY","Anne Prentice, MD",4.0,1,Vascular surgeon,"1247 E Alluvial Ave #101, Fresno, CA 93720, United States","R6VQ+PQ Fresno, California, USA",https://www.inspirehealth.org/md-profiles/anne-prentice/?utm_source=GMBSocialClimb&utm_medium=AnnePrentice%2CMD,+1 559-431-6226,Open · Closes 5 pm,https://lh3.googleusercontent.com/p/AF1QipMg6VQyl_NHxWU0OeqjbWM1_HVU5f7PjALQ9Xux=w408-h347-k-no,true,8 am–5 pm,8 am–5 pm,8 am–5 pm,8 am–5 pm,Closed,Closed,8 am–5 pm,"https://www.google.com/maps/search/vein+clinics+in+Auberry+Fresno+CA/@36.7377981,-119.7871247,14z",2025-12-16T22:51:57.624Z,,
https://www.google.com/maps/place/Inspire+Health+Medical+Group/data=!4m7!3m6!1s0x152fa55098b51971:0xef537f3ac4aee3ea!8m2!3d36.7435362!4d-119.7795944!16s%2Fg%2F11bbrn07m2!19sChIJcRm1mFClLxUR6uOuxDp_U-8,Inspire Health Medical Group,2.3,16,Medical clinic,"2625 E Divisadero St, Fresno, CA 93721, United States","P6VC+C5 Fresno, California, USA",http://www.inspirehealth.org/?utm_source=GMBSocialClimb&utm_medium=InspireHealthMedicalGroup,+1 559-453-5200,Open · Closes 5 pm,https://lh3.googleusercontent.com/gps-cs-s/AG0ilSzm6HmYWi5MxLPv0ONDVmHP1ZewfVfeUL1KrA8NUDyajZK97rK79QC3ft3KKJ14JtYeaakaAoUnxuKCP-RXM4ICpYnv8o5x5sIJax2VLLevQ6HzBDntSdvQI6G_T0qmaD59qPUM=w408-h306-k-no,true,8 am–5 pm,8 am–5 pm,8 am–5 pm,8 am–5 pm,Closed,Closed,8 am–5 pm,"https://www.google.com/maps/search/vein+clinics+in+Auberry+Fresno+CA/@36.7377981,-119.7871247,14z",2025-12-16T22:52:02.199Z,,
https://www.google.com/maps/place/Health+and+Wellness+Clinic+by+LG/data=!4m7!3m6!1s0x80945fa764feff8f:0xa4dc19d7367d2c9a!8m2!3d36.771486!4d-119.7297997!16s%2Fg%2F11sk88kshn!19sChIJj__-ZKdflIARmix9NtcZ3KQ,Health and Wellness Clinic by LG,,,Medical spa,"4928 E Clinton Way Suite #105B, Fresno, CA 93727, United States","Q7CC+H3 Fresno, California, USA",https://lghealthwellness.com/,+1 559-420-0813,,https://lh3.googleusercontent.com/p/AF1QipNlpxMgK7duIA0hmDvhRASsJdQO2BRHKcKEevhl=w408-h476-k-no,true,,,,,,,,"https://www.google.com/maps/search/vein+clinics+in+Auberry+Fresno+CA/@36.7377981,-119.7871247,14z",2025-12-16T22:52:04.633Z,LGBTQ+ friendly,
https://www.google.com/maps/place/Labcorp/data=!4m7!3m6!1s0x80945e1dff510a0b:0x662604d86f0c5c7d!8m2!3d36.7415385!4d-119.7888796!16s%2Fg%2F1ptw_j5d6!19sChIJCwpR_x1elIARfVwMb9gEJmY,Labcorp,3.5,51,Medical laboratory,"1350 O St Ste 101, Fresno, CA 93721, United States","P6R6+JC Fresno, California, USA",https://locations.labcorp.com/ca/fresno/24401/,+1 559-268-0125,Open · Closes 4 pm,https://lh3.googleusercontent.com/p/AF1QipMJrO_obVgH6pZ2sbhhdGEInFHUa43D9NC8iyFM=w408-h272-k-no,true,"7:30 am–12 pm, 1–4 pm","7:30 am–12 pm, 1–4 pm","7:30 am–12 pm, 1–4 pm","7:30 am–12 pm, 1–4 pm",Closed,Closed,"7:30 am–12 pm, 1–4 pm","https://www.google.com/maps/search/vein+clinics+in+Auberry+Fresno+CA/@36.7377981,-119.7871247,14z",2025-12-16T22:52:09.170Z,,
"https://www.google.com/maps/place/Awaken+Aesthetics+%26+Anti-Aging+by+Paul+White,+MD/data=!4m7!3m6!1s0x809443c14b244041:0x43a95e816461f07a!8m2!3d36.8966255!4d-119.7434768!16s%2Fg%2F11j32r0k2d!19sChIJQUAkS8FDlIARevBhZIFeqUM","Awaken Aesthetics & Anti-Aging by Paul White, MD",5.0,85,Skin care clinic,"2152 E Copper Ave Suite #111, Fresno, CA 93730, United States","V7W4+MJ Fresno, California, USA",http://www.awakenfresno.com/,+1 559-777-2956,Open · Closes 5 pm,https://lh3.googleusercontent.com/gps-cs-s/AG0ilSw516vOFje4LiXY_6ZoR2a72QT1IStuaeJVh-YtkRozrCDxLxxiSOmTL4TwnNsy2iO4Xu-ReNTNc4WPDZzLZCLzvtzA_Ir5_oRoH1k-B5MV3E1n9KD6Vekxh_gLRUke75ruH_w=w408-h544-k-no,true,10 am–5 pm,10 am–5 pm,10 am–5 pm,10 am–5 pm,10 am–3 pm,Closed,Closed,"https://www.google.com/maps/search/vein+clinics+in+Auberry+Fresno+CA/@36.7377981,-119.7871247,14z",2025-12-16T22:52:13.598Z,LGBTQ+ friendly,
https://www.google.com/maps/place/Cyrus+Cosmetics/data=!4m7!3m6!1s0x61df8fd51aaa9b95:0x965c143f3b64c301!8m2!3d36.8514964!4d-119.8033777!16s%2Fg%2F11kr979d3m!19sChIJlZuqGtWP32ERAcNkOz8UXJY,Cyrus Cosmetics,5.0,25,Medical spa,"585 W Nees Ave #110, Fresno, CA 93711, United States","V52W+HJ Fresno, California, USA",https://www.cyruscosmeticsfresno.net/,+1 559-410-1539,Open · Closes 5 pm,https://lh3.googleusercontent.com/p/AF1QipMN-fJ221WWUNwcJpsMYEXy2LBNpAzBCMmOA7pV=w408-h408-k-no,true,8:15 am–5 pm,8:15 am–5 pm,8:15 am–5 pm,8:15 am–5 pm,Closed,Closed,8:15 am–5 pm,"https://www.google.com/maps/search/vein+clinics+in+Auberry+Fresno+CA/@36.7377981,-119.7871247,14z",2025-12-16T22:52:17.899Z,,
"https://www.google.com/maps/place/Sammy+Siada,+DO/data=!4m7!3m6!1s0x8094434955826523:0x51a9f2dc130d9535!8m2!3d36.8443635!4d-119.760563!16s%2Fg%2F11lwrxj6qb!19sChIJI2WCVUlDlIARNZUNE9zyqVE","Sammy Siada, DO",5.0,2,Vascular surgeon,"1247 E Alluvial Ave #101, Fresno, CA 93720, United States","R6VQ+PQ Fresno, California, USA",https://www.inspirehealth.org/md-profiles/sammy-siada/?utm_source=GMBSocialClimb&utm_medium=SammySiada%2CDO,+1 559-431-6226,Open · Closes 5 pm,https://lh3.googleusercontent.com/p/AF1QipNyv2YrEKX19hlG2S7uOQIkole0cWvnRVqtXAb5=w408-h347-k-no,true,8 am–5 pm,8 am–5 pm,8 am–5 pm,8 am–5 pm,Closed,Closed,8 am–5 pm,"https://www.google.com/maps/search/vein+clinics+in+Auberry+Fresno+CA/@36.7377981,-119.7871247,14z",2025-12-16T22:52:22.249Z,,
https://www.google.com/maps/place/Natural+Healing+Spa/data=!4m7!3m6!1s0x809443e6afe9e05f:0xfcb59e463463072e!8m2!3d36.8569363!4d-119.782627!16s%2Fg%2F11vqs1rq1c!19sChIJX-Dpr-ZDlIARLgdjNEaetfw,Natural Healing Spa,4.9,65,Medical spa,"8472 N Friant Rd #109, Fresno, CA 93720, United States","V648+QW Fresno, California, USA",http://thenaturalhealingspa.com/,+1 559-578-0617,"Open · Closes 5 pm

Updated by this business 2 weeks ago",https://lh3.googleusercontent.com/p/AF1QipM0lnWGWl73hJRuJDYM5BD14HP1xs41_qTiKBuC=w408-h543-k-no,true,9 am–5 pm,9 am–5 pm,9 am–5 pm,9 am–5 pm,9 am–3 pm,Closed,9 am–5 pm,"https://www.google.com/maps/search/vein+clinics+in+Auberry+Fresno+CA/@36.7377981,-119.7871247,14z",2025-12-16T22:52:26.756Z,,
https://www.google.com/maps/place/Minarets+Medical+Group/data=!4m7!3m6!1s0x8094686d9168b6e9:0xff29dea75e92f37a!8m2!3d36.8385432!4d-119.8134718!16s%2Fg%2F1tjmdxcz!19sChIJ6bZokW1olIARevOSXqfeKf8,Minarets Medical Group,4.3,29,Dermatologist,"1340 W Herndon Ave, Fresno, CA 93711, United States","R5QP+CJ Fresno, California, USA",https://minaretsmedicalgroup.com/,+1 559-540-8275,Open · Closes 5 pm,https://lh3.googleusercontent.com/p/AF1QipMP_M7o4sagFJEG01jHNrsd9lcNRRtEssysr9WR=w408-h389-k-no,true,8 am–5 pm,8 am–5 pm,8 am–5 pm,8 am–3 pm,Closed,Closed,8 am–5 pm,"https://www.google.com/maps/search/vein+clinics+in+Auberry+Fresno+CA/@36.7377981,-119.7871247,14z",2025-12-16T22:52:31.273Z,,
"https://www.google.com/maps/place/Kate+Kiely,+MD/data=!4m7!3m6!1s0x80944380d22f14b7:0x106dfe7a45565f11!8m2!3d36.8444216!4d-119.7606206!16s%2Fg%2F11l668ysjw!19sChIJtxQv0oBDlIAREV9WRXr-bRA","Kate Kiely, MD",4.0,1,Vascular surgeon,"1247 E Alluvial Ave #101, Fresno, CA 93720, United States","R6VQ+QQ Fresno, California, USA",https://www.inspirehealth.org/md-profiles/kate-kiely/?utm_source=GMBSocialClimb&utm_medium=KateKiely%2CMD%2CMPA,+1 559-431-6226,Open · Closes 5 pm,https://lh3.googleusercontent.com/p/AF1QipOXrMkcxkJQh8OBlwG_YpkoQfmcntnp9QRC3UhA=w426-h240-k-no,true,8 am–5 pm,8 am–5 pm,8 am–5 pm,8 am–5 pm,Closed,Closed,8 am–5 pm,"https://www.google.com/maps/search/vein+clinics+in+Auberry+Fresno+CA/@36.7377981,-119.7871247,14z",2025-12-16T22:52:35.575Z,,
"https://www.google.com/maps/place/Philip+Hinton,+MD/data=!4m7!3m6!1s0x809442cb7a1b1bb5:0x4aebb32086803daf!8m2!3d36.8444216!4d-119.7606206!16s%2Fg%2F11rwxgf8cb!19sChIJtRsbestClIARrz2AhiCz60o","Philip Hinton, MD",,,Vascular surgeon,"1247 E Alluvial Ave #101, Fresno, CA 93720, United States","R6VQ+QQ Fresno, California, USA",https://www.inspirehealth.org/md-profiles/pankaj-mehta/?utm_source=GMBSocialClimb&utm_medium=PhilipHinton%2CMD,+1 559-431-6226,Open · Closes 5 pm,https://lh3.googleusercontent.com/p/AF1QipMKxzkwWCmqL8q92PUciH4Bjud2spa0fVgXuWCl=w408-h347-k-no,true,8 am–5 pm,8 am–5 pm,8 am–5 pm,8 am–5 pm,Closed,Closed,8 am–5 pm,"https://www.google.com/maps/search/vein+clinics+in+Auberry+Fresno+CA/@36.7377981,-119.7871247,14z",2025-12-16T22:52:40.097Z,,
,,,,,,,,,,,,,,,,,,,"https://www.google.com/maps/search/vein+clinics+in+Caruthers+Fresno+CA/@36.5427271,-119.8331965,14z",2025-12-16T22:52:48.860Z,,No new results found
,,,,,,,,,,,,,,,,,,,"https://www.google.com/maps/search/vein+clinics+in+Del+Rey+Fresno+CA/@36.6589623,-119.5939822,14z",2025-12-16T22:52:56.320Z,,No new results found
https://www.google.com/maps/place/REFYNED+AESTHETICS+Medical+Spa/data=!4m7!3m6!1s0x809443822e8362d5:0x51eff87df73b8d58!8m2!3d36.8718299!4d-119.762392!16s%2Fg%2F11khz5dyvs!19sChIJ1WKDLoJDlIARWI07933471E,REFYNED AESTHETICS Medical Spa,5.0,146,Medical spa,"1170 E Champlain Dr Ste 118, Fresno, CA 93720, United States","V6CQ+P2 Fresno, California, USA",https://refynedaesthetics.com/,+1 559-570-1400,Open · Closes 5 pm,https://lh3.googleusercontent.com/gps-cs-s/AG0ilSykt08REs0EaA1IHqqihfNjsBk7tftJ9Oh9J66VzTmsReN0WWmSdAK_Wa4cXvI50igeFGax6dQNi-jKkfI3vOGiX643b7WWgB6EGizqeTV5D8rve_PaA-oYNxrPI59E5GTEHH4=w408-h544-k-no,true,8:30 am–5 pm,8:30 am–5 pm,8:30 am–5 pm,8:30 am–5 pm,Closed,Closed,8:30 am–5 pm,"https://www.google.com/maps/search/vein+clinics+in+Friant+Fresno+CA/@36.9877274,-119.7118118,14z",2025-12-16T22:53:10.201Z,Identifies as women-owned,
"https://www.google.com/maps/place/Randall+Stern,+MD,+FACS/data=!4m7!3m6!1s0x809442cb7a5cf153:0x3bbc3e3498985e32!8m2!3d36.8443635!4d-119.760563!16s%2Fg%2F1vl5h0dm!19sChIJU_FcestClIARMl6YmDQ-vDs","Randall Stern, MD, FACS",2.2,6,Vascular surgeon,"1247 E Alluvial Ave #101, Fresno, CA 93720, United States","R6VQ+PQ Fresno, California, USA",https://www.inspirehealth.org/md-profiles/randall-stern/?utm_source=GMBSocialClimb&utm_medium=RandallStern%2CMD%2CFACS,+1 559-431-6226,Open · Closes 5 pm,https://lh3.googleusercontent.com/p/AF1QipOtFT3qVNHxenh-ccIux4DhbHR5t9eKGI30hHwP=w426-h240-k-no,true,8 am–5 pm,8 am–5 pm,8 am–5 pm,8 am–5 pm,Closed,Closed,8 am–5 pm,"https://www.google.com/maps/search/vein+clinics+in+Friant+Fresno+CA/@36.9877274,-119.7118118,14z",2025-12-16T22:53:15.172Z,,
https://www.google.com/maps/place/Revay+Aesthetics/data=!4m7!3m6!1s0x80945d6fc9731579:0x943dddc56882875b!8m2!3d36.838886!4d-119.7428137!16s%2Fg%2F11j8rzncjd!19sChIJeRVzyW9dlIARW4eCaMXdPZQ,Revay Aesthetics,4.9,76,Skin care clinic,"7085 N Whitney Ave Suite 108, Fresno, CA 93720, United States","R7Q4+HV Fresno, California, USA",https://www.revayaesthetics.com/,+1 559-547-6949,Open · Closes 5 pm,https://lh3.googleusercontent.com/p/AF1QipPRO9bpvJm7NJuom2NZxx8IzXMhcJrYF2abTeiy=w408-h408-k-no,true,9:30 am–5 pm,9:30 am–5 pm,9:30 am–5 pm,9 am–2 pm,Closed,Closed,9:30 am–5 pm,"https://www.google.com/maps/search/vein+clinics+in+Friant+Fresno+CA/@36.9877274,-119.7118118,14z",2025-12-16T22:53:19.731Z,,
https://www.google.com/maps/place/Skin.Restored+Medical+Spa/data=!4m7!3m6!1s0x878a464d3110bb7:0x5b9a7354e40bee9!8m2!3d36.816027!4d-119.8081103!16s%2Fg%2F11txhx2j2c!19sChIJtwsR02SkeAgR6b5ATjWnuQU,Skin.Restored Medical Spa,4.9,88,Medical spa,"5424 N Palm Ave Suite 101-B, Fresno, CA 93704, United States","R58R+CQ Fresno, California, USA",http://www.skin-restored.com/,+1 559-369-4090,Open · Closes 6 pm,https://lh3.googleusercontent.com/p/AF1QipNVt-RbhnXLvPETlJX_Onyb8cMySxOx8LEvacXV=w408-h611-k-no,true,"10 am–1 pm, 2–6 pm","10 am–1 pm, 2–6 pm","10 am–1 pm, 2–6 pm","9 am–1 pm, 2–5 pm",9 am–2 pm,Closed,Closed,"https://www.google.com/maps/search/vein+clinics+in+Friant+Fresno+CA/@36.9877274,-119.7118118,14z",2025-12-16T22:53:24.164Z,,
https://www.google.com/maps/place/Behr+Laser+%26+Skin+Care+Center/data=!4m7!3m6!1s0x80945d34f41d691d:0x33d82055bd7af1f7!8m2!3d36.8400139!4d-119.7615335!16s%2Fg%2F1tx8tg36!19sChIJHWkd9DRdlIAR9_F6vVUg2DM,Behr Laser & Skin Care Center,4.7,267,Dermatologist,"1125 E Spruce Ave UNIT 207, Fresno, CA 93720, United States","R6RQ+29 Fresno, California, USA",https://www.435skin.com/?utm_source=google&utm_medium=gbp,+1 559-435-7546,Open · Closes 5 pm,https://lh3.googleusercontent.com/p/AF1QipMo_gkqGNDANm0dQd_IQuwbFld64nrQT55nwfSW=w408-h272-k-no,true,8 am–5 pm,8 am–5 pm,8 am–5 pm,8 am–5 pm,Closed,Closed,8 am–5 pm,"https://www.google.com/maps/search/vein+clinics+in+Easton+Fresno+CA/@36.6487561,-119.7908569,14z",2025-12-16T22:53:38.181Z,Identifies as women-owned,
https://www.google.com/maps/place/Central+California+Endoscopy+Center/data=!4m7!3m6!1s0x809442ac8bb73a91:0xd13cec1679dc197d!8m2!3d36.8386012!4d-119.7820305!16s%2Fg%2F1vlqqf__!19sChIJkTq3i6xClIARfRnceRbsPNE,Central California Endoscopy Center,4.9,2138,Surgical center,"7055 N Fresno St Suite 100, Fresno, CA 93720, United States","R6Q9+C5 Fresno, California, USA",http://ccendoscopy.com/,+1 559-385-2838,Open · Closes 5 pm,https://streetviewpixels-pa.googleapis.com/v1/thumbnail?panoid=jUkp-JKUdVgF8rbeaDMDqA&cb_client=search.gws-prod.gps&w=408&h=240&yaw=264.6624&pitch=0&thumbfov=100,true,6:30 am–5 pm,6:30 am–5 pm,6:30 am–5 pm,6:30 am–5 pm,Closed,Closed,6:30 am–5 pm,"https://www.google.com/maps/search/vein+clinics+in+Easton+Fresno+CA/@36.6487561,-119.7908569,14z",2025-12-16T22:53:42.775Z,,
"https://www.google.com/maps/place/Kamell+Eckroth-Bernard,+MD/data=!4m7!3m6!1s0x809442b071b7b43d:0xb58483eae43aedf1!8m2!3d36.8443635!4d-119.760563!16s%2Fg%2F1tfrg_ts!19sChIJPbS3cbBClIAR8e065OqDhLU","Kamell Eckroth-Bernard, MD",4.2,5,Vascular surgeon,"1247 E Alluvial Ave #101, Fresno, CA 93720, United States","R6VQ+PQ Fresno, California, USA",https://www.inspirehealth.org/md-profiles/kamell-eckroth-bernard/?utm_source=GMBSocialClimb&utm_medium=KamellEckroth-Bernard%2CMD,+1 559-431-6226,Open · Closes 5 pm,https://lh3.googleusercontent.com/p/AF1QipMjoKedXYAS332xy2J65Hq4frR-tcu9IY-7PT6N=w408-h347-k-no,true,8 am–5 pm,8 am–5 pm,8 am–5 pm,8 am–5 pm,Closed,Closed,8 am–5 pm,"https://www.google.com/maps/search/vein+clinics+in+Easton+Fresno+CA/@36.6487561,-119.7908569,14z",2025-12-16T22:53:47.557Z,,