placeUrl,title,rating,reviewCount,category,address,plusCode,website,phoneNumber,currentStatus,imgUrl,isClaimed,tuesday,wednesday,thursday,friday,saturday,sunday,monday,query,timestamp,info,error,attributes
https://www.google.com/maps/place/Center+for+Vein+Restoration+%7C+Dr.+Robert+Anderson/data=!4m7!3m6!1s0x89e6e73a3c3da049:0xe8e9644c1333a0b6!8m2!3d42.127061!4d-72.6120655!16s%2Fg%2F1wk4f24v!19sChIJSaA9PDrn5okRtqAzE0xk6eg,Center for Vein Restoration | Dr. Robert Anderson,4.9,171,Vascular surgeon,"3640 Main St #302, Springfield, MA 01107, United States","49GQ+R5 Springfield, Massachusetts, USA",https://www.centerforvein.com/our-clinics/locations/springfield-massachusetts,+1 508-202-7888,Closes soon · 6 pm · Opens 7 am Wed,https://lh3.googleusercontent.com/p/AF1QipPylgcoYHY7GuKi5Ykgc7bx7jc_aeOy8oSBXzXJ=w426-h240-k-no,true,7 am–6 pm,7 am–6 pm,7 am–6 pm,7 am–6 pm,Closed,Closed,7 am–6 pm,"https://www.google.com/maps/search/vein+clinics+in+West+Springfield+Springfield+MA/@42.1070579,-72.6230371,14z",2025-12-16T22:30:26.923Z,,,
https://www.google.com/maps/place/New+England+Endovascular+Center/data=!4m7!3m6!1s0x89e6e734470d12cb:0x4983fd4576d1e2a8!8m2!3d42.1389492!4d-72.6237329!16s%2Fg%2F1tk8d468!19sChIJyxINRzTn5okRqOLRdkX9g0k,New England Endovascular Center,4.9,122,Doctor,"86 Ashley Ave, West Springfield, MA 01089, United States","49QG+HG West Springfield, Massachusetts, USA",https://www.newenglandendovascular.com/,+1 413-693-2852,,https://lh3.googleusercontent.com/p/AF1QipOx7gn6V2stVprSGbj86rTUGO389tuLgFgnUcWZ=w430-h240-k-no,true,,,,,,,,"https://www.google.com/maps/search/vein+clinics+in+West+Springfield+Springfield+MA/@42.1070579,-72.6230371,14z",2025-12-16T22:30:32.552Z,,,
https://www.google.com/maps/place/Mercy+Vascular+Services/data=!4m7!3m6!1s0x89e6e76de76e6ccd:0x211542f8cebd6ca6!8m2!3d42.1146047!4d-72.5931118!16s%2Fg%2F11q2yd4x3n!19sChIJzWxu523n5okRpmy9zvhCFSE,Mercy Vascular Services,4.6,33,Vascular surgeon,"300 Stafford St STE 210, Springfield, MA 01104, United States","4C74+RQ Springfield, Massachusetts, USA",https://www.trinityhealthofne.org/location/mercy-vascular-services,+1 413-748-9378,Closed · Opens 8:30 am Wed,https://streetviewpixels-pa.googleapis.com/v1/thumbnail?panoid=o0dtc8OA9kT9IbMqaxeVaA&cb_client=search.gws-prod.gps&w=408&h=240&yaw=327.62003&pitch=0&thumbfov=100,true,8:30 am–5 pm,8:30 am–5 pm,8:30 am–5 pm,8:30 am–5 pm,Closed,Closed,8:30 am–5 pm,"https://www.google.com/maps/search/vein+clinics+in+West+Springfield+Springfield+MA/@42.1070579,-72.6230371,14z",2025-12-16T22:30:38.705Z,,,
https://www.google.com/maps/place/Baystate+Vascular+Services+-+Springfield/data=!4m7!3m6!1s0x89e6e7e8ce7b1dd1:0x2f6c7fe8f8f29e98!8m2!3d42.1253338!4d-72.6115678!16s%2Fg%2F11cmsmtrk0!19sChIJ0R17zujn5okRmJ7y-Oh_bC8,Baystate Vascular Services - Springfield,3.4,10,Medical office,"3500 Main St, Springfield, MA 01107, United States","49GQ+49 Springfield, Massachusetts, USA",https://www.baystatehealth.org/locations/vascular-services,+1 413-794-2273,Closed · Opens 8 am Wed,https://lh3.googleusercontent.com/p/AF1QipNn9qtP6MJ-VB4hotgMFfh-C8aPlZ5zXXrrbGy_=w426-h240-k-no,true,8 am–5 pm,8 am–5 pm,8 am–5 pm,8 am–5 pm,Closed,Closed,8 am–5 pm,"https://www.google.com/maps/search/vein+clinics+in+West+Springfield+Springfield+MA/@42.1070579,-72.6230371,14z",2025-12-16T22:30:44.249Z,,,
https://www.google.com/maps/place/Vascular+Access+Center/data=!4m7!3m6!1s0x89e6e0add6eec96d:0xe076d0c5d101ec3e!8m2!3d42.1368732!4d-72.6197971!16s%2Fg%2F1th884d1!19sChIJbcnu1q3g5okRPuwB0cXQduA,Vascular Access Center,,,Surgical center,"134 Capital Dr Suite B, West Springfield, MA 01089, United States","49PJ+P3 West Springfield, Massachusetts, USA",http://kidneycare-ne.com/,+1 413-747-1817,Closed · Opens 7:30 am Wed,https://streetviewpixels-pa.googleapis.com/v1/thumbnail?panoid=2RdwxFKoDNImc9Jzr_5mMg&cb_client=search.gws-prod.gps&w=408&h=240&yaw=236.0741&pitch=0&thumbfov=100,true,7:30 am–4:30 pm,7:30 am–4:30 pm,7:30 am–4:30 pm,7:30 am–4:30 pm,Closed,Closed,7:30 am–4:30 pm,"https://www.google.com/maps/search/vein+clinics+in+West+Springfield+Springfield+MA/@42.1070579,-72.6230371,14z",2025-12-16T22:30:50.106Z,,,
https://www.google.com/maps/place/New+England+Dermatology+%26+Laser+Center/data=!4m7!3m6!1s0x89e6e73410576d9d:0xf63147f4f162c3a9!8m2!3d42.1245328!4d-72.6096602!16s%2Fg%2F1tp_7f5t!19sChIJnW1XEDTn5okRqcNi8fRHMfY,New England Dermatology & Laser Center,4.7,1024,Dermatologist,"3455 Main St #5, Springfield, MA 01107, United States","49FR+R4 Springfield, Massachusetts, USA",http://www.nedlc.com/?utm_source=google&utm_medium=local&utm_content=springfield-practice-website,+1 413-733-9600,Closed · Opens 8 am Wed,https://lh3.googleusercontent.com/p/AF1QipMIth3Q8mhhKv6B-1XbV4IC0mD4qkX7cqojs8b8=w408-h272-k-no,true,8 am–4:30 pm,8 am–4:30 pm,8 am–4:30 pm,8 am–4:30 pm,Closed,Closed,8 am–4:30 pm,"https://www.google.com/maps/search/vein+clinics+in+West+Springfield+Springfield+MA/@42.1070579,-72.6230371,14z",2025-12-16T22:30:56.181Z,,,
https://www.google.com/maps/place/New+England+Vein+Center/data=!4m7!3m6!1s0x89e6e19398ae909d:0xa056755bd99518d9!8m2!3d42.1388958!4d-72.6238115!16s%2Fg%2F11w20njcn7!19sChIJnZCumJPh5okR2RiV2Vt1VqA,New England Vein Center,,,Doctor,"86 Ashley Ave, West Springfield, MA 01089, United States","49QG+HF West Springfield, Massachusetts, USA",https://newenglandveincenter.com/,+1 413-435-4161,Closed · Opens 5 am Wed,https://lh3.googleusercontent.com/p/AF1QipNOVGe2OdfTluLEOI4Cgqzj-IuNyptPvZU08ylZ=w426-h240-k-no,true,8 am–5 pm,5 am–5 pm,8 am–8 pm,8 am–5 pm,Closed,Closed,8 am–5 pm,"https://www.google.com/maps/search/vein+clinics+in+West+Springfield+Springfield+MA/@42.1070579,-72.6230371,14z",2025-12-16T22:31:01.637Z,,,
"https://www.google.com/maps/place/Sandip+Maru,+MD/data=!4m7!3m6!1s0x89e6e72292da4273:0x83694418dd0026fd!8m2!3d42.1995327!4d-72.6292876!16s%2Fg%2F11b6hkwdys!19sChIJc0LakiLn5okR_SYA3RhEaYM","Sandip Maru, MD",4.8,97,Vascular surgeon,"2 Hospital Dr #203, Holyoke, MA 01040, United States","59XC+R7 Holyoke, Massachusetts, USA",https://www.holyokehealth.com/doctor/sandip-maru-md/,+1 413-535-4785,Closed · Opens 8 am Wed,https://streetviewpixels-pa.googleapis.com/v1/thumbnail?panoid=r8mwEhOQaLmF2DaWkaJkLQ&cb_client=search.gws-prod.gps&w=408&h=240&yaw=321.32956&pitch=0&thumbfov=100,true,8 am–4:30 pm,8 am–4:30 pm,8 am–4:30 pm,8 am–4:30 pm,Closed,Closed,8 am–4:30 pm,"https://www.google.com/maps/search/vein+clinics+in+Holyoke+Springfield+MA/@42.2042586,-72.6162009,14z",2025-12-16T22:31:15.520Z,,,
https://www.google.com/maps/place/Holyoke+Medical+Center+Vascular+Center/data=!4m7!3m6!1s0x89e6dfc4daba2e63:0x22e903a1f8f66ae6!8m2!3d42.1995327!4d-72.6292876!16s%2Fg%2F11sd0vdz6x!19sChIJYy662sTf5okR5mr2-KED6SI,Holyoke Medical Center Vascular Center,,,Surgeon,"2 Hospital Dr #203, Holyoke, MA 01040, United States","59XC+R7 Holyoke, Massachusetts, USA",https://www.holyokehealth.com/services/vascular-center/,+1 413-535-4785,Closed · Opens 8 am Wed,https://streetviewpixels-pa.googleapis.com/v1/thumbnail?panoid=r8mwEhOQaLmF2DaWkaJkLQ&cb_client=search.gws-prod.gps&w=408&h=240&yaw=321.32956&pitch=0&thumbfov=100,true,8 am–4:30 pm,8 am–4:30 pm,8 am–4:30 pm,8 am–4:30 pm,Closed,Closed,8 am–4:30 pm,"https://www.google.com/maps/search/vein+clinics+in+Holyoke+Springfield+MA/@42.2042586,-72.6162009,14z",2025-12-16T22:31:21.528Z,,,
"https://www.google.com/maps/place/Elie+Semaan,+MD/data=!4m7!3m6!1s0x89e6e715a47eb525:0x13e3c1aa90e97af4!8m2!3d42.1146047!4d-72.5931118!16s%2Fg%2F11q2vj67jf!19sChIJJbV-pBXn5okR9HrpkKrB4xM","Elie Semaan, MD",4.8,58,Vascular surgeon,"300 Stafford St STE 210, Springfield, MA 01104, United States","4C74+RQ Springfield, Massachusetts, USA",https://www.trinityhealthofne.org/provider/elie-s-semaan-md-vascular-surgery,+1 413-748-9378,Closed · Opens 8:30 am Wed,https://streetviewpixels-pa.googleapis.com/v1/thumbnail?panoid=o0dtc8OA9kT9IbMqaxeVaA&cb_client=search.gws-prod.gps&w=408&h=240&yaw=327.62003&pitch=0&thumbfov=100,true,8:30 am–5 pm,8:30 am–5 pm,8:30 am–5 pm,8:30 am–5 pm,Closed,Closed,8:30 am–5 pm,"https://www.google.com/maps/search/vein+clinics+in+Chicopee+Springfield+MA/@42.1487043,-72.6078672,14z",2025-12-16T22:31:36.261Z,,,
"https://www.google.com/maps/place/Hazel+L.+Marecki,+MD/data=!4m7!3m6!1s0x89e6e789226a88c5:0x74078d11830d45c0!8m2!3d42.1253338!4d-72.6115669!16s%2Fg%2F11tf504stc!19sChIJxYhqIonn5okRwEUNgxGNB3Q","Hazel L. Marecki, MD",5.0,1,Vascular surgeon,"3500 Main St, Springfield, MA 01107, United States","49GQ+49 Springfield, Massachusetts, USA",https://providers.baystatehealth.org/provider/Hazel+L.+Marecki/2290981,+1 413-794-2273,Closed · Opens 8 am Wed,https://lh3.googleusercontent.com/p/AF1QipNf_5NNXEt6PgaitveA_RGQ1pIw7e06TA62_DVm=w426-h240-k-no,true,8 am–5 pm,8 am–5 pm,8 am–5 pm,8 am–5 pm,Closed,Closed,8 am–5 pm,"https://www.google.com/maps/search/vein+clinics+in+Chicopee+Springfield+MA/@42.1487043,-72.6078672,14z",2025-12-16T22:31:41.237Z,,,
https://www.google.com/maps/place/Beauty+Laser+Studio+Chicopee/data=!4m7!3m6!1s0x89e6ddb3a2ec73b9:0x889138b4567dd9d3!8m2!3d42.1476068!4d-72.6096072!16s%2Fg%2F11wpp_9jks!19sChIJuXPsorPd5okR09l9VrQ4kYg,Beauty Laser Studio Chicopee,5.0,43,Laser hair removal service,"41 Perkins St, Chicopee, MA 01013, United States","49XR+25 Chicopee, Massachusetts, USA",https://beautylaserstudio.com/,+1 857-400-4073,Closes soon · 6 pm · Opens 10 am Wed,https://lh3.googleusercontent.com/gps-cs-s/AG0ilSyWNhOxA8zomG-aJiYUwNJVtmEan0DDh-kuQVZrJmKIpQ9Tf8i9ksTL_1xD_V6OSr-LvydMBbIC9oYHVYq4WfAgLjBi32p_5tie8wXTj2xYdS2lxxZSt4IOTsW3dr-Vkwckm3-P=w408-h306-k-no,true,10 am–6 pm,10 am–6 pm,Closed,10 am–6 pm,9 am–5 pm,Closed,10 am–5 pm,"https://www.google.com/maps/search/vein+clinics+in+Chicopee+Springfield+MA/@42.1487043,-72.6078672,14z",2025-12-16T22:31:46.526Z,,,
"https://www.google.com/maps/place/Pioneer+Valley+Surgicenter/@42.125782,-72.6120681,17z/data=!3m1!4b1!4m6!3m5!1s0x89e6e735b14f1215:0x2acd34cc110e3838!8m2!3d42.125782!4d-72.6120681!16s%2Fg%2F1tfbtxk5",Pioneer Valley Surgicenter,4.7,274,Surgical center,"3550 Main St #103, Springfield, MA 01107, United States","49GQ+85 Springfield, Massachusetts, USA",http://pvsurgery.com/,+1 413-788-9700,Closed · Opens 6:30 am Wed,,true,6:30 am–5 pm,6:30 am–5 pm,6:30 am–5 pm,6:30 am–5 pm,Closed,Closed,6:30 am–5 pm,"https://www.google.com/maps/search/vein+clinics+in+Chicopee+Springfield+MA/@42.1487043,-72.6078672,14z",2025-12-16T22:31:53.798Z,,,
"https://www.google.com/maps/place/Joseph+Flack,+MD/@42.1719341,-72.5845797,17z/data=!3m1!4b1!4m6!3m5!1s0x89e6dd291a60430d:0x36faf7a552ead0ec!8m2!3d42.1719341!4d-72.5845797!16s%2Fg%2F11rgdqy3tq","Joseph Flack, MD",4.9,31,Surgeon,"444 Montgomery St 2nd Fl, Chicopee, MA 01020, United States","5CC8+Q5 Chicopee, Massachusetts, USA",https://www.trinityhealthofne.org/provider/joseph-eugene-flack-md-thoracic-surgery-cardiothoracic-vascular-surgery,+1 413-594-3111,Closed · Opens 8:30 am Wed,,true,8:30 am–5 pm,8:30 am–5 pm,8:30 am–5 pm,8:30 am–5 pm,Closed,Closed,8:30 am–5 pm,"https://www.google.com/maps/search/vein+clinics+in+Chicopee+Springfield+MA/@42.1487043,-72.6078672,14z",2025-12-16T22:32:00.704Z,,,
https://www.google.com/maps/place/ConvenientMD+Urgent+Care/data=!4m7!3m6!1s0x89e6e1638c68fa31:0x9ea7dd5dd0b2d4dd!8m2!3d42.0883586!4d-72.6270158!16s%2Fg%2F11x7y0qwvr!19sChIJMfpojGPh5okR3dSy0F3dp54,ConvenientMD Urgent Care,4.8,31,Urgent care center,"27 Suffield St, Agawam, MA 01001, United States","39QF+85 Agawam, Massachusetts, USA",https://convenientmd.com/locations/agawam/,+1 413-264-5492,Open · Closes 8 pm,https://lh3.googleusercontent.com/p/AF1QipN9XzzLKgohS1ax8dUQiE2XlxVe8tH-XW2Ugjr0=w408-h272-k-no,true,8 am–8 pm,8 am–8 pm,8 am–8 pm,8 am–8 pm,8 am–8 pm,8 am–8 pm,8 am–8 pm,"https://www.google.com/maps/search/vein+clinics+in+Agawam+Springfield+MA/@42.0894684,-72.6270607,14z",2025-12-16T22:32:15.378Z,,,
https://www.google.com/maps/place/Bella+Luna+Aesthetics+and+Wellness/data=!4m7!3m6!1s0x89e6e744f0a7a61d:0x860a5ee94812238d!8m2!3d42.1027627!4d-72.59172!16s%2Fg%2F11v9ysls0_!19sChIJHaan8ETn5okRjSMSSOleCoY,Bella Luna Aesthetics and Wellness,5.0,60,Medical spa,"1500 Main St STE 109, Springfield, MA 01115, United States","4C35+48 Springfield, Massachusetts, USA",http://www.bellalunamedispa.com/,+1 413-883-9000,Closes soon · 6 pm · Opens 10 am Wed,https://lh3.googleusercontent.com/p/AF1QipOTTJcBhE9a2z3aztaj2jcWDCA7lxKNvDzOszeH=w408-h538-k-no,true,10 am–6 pm,10 am–6 pm,10 am–6 pm,Closed,10 am–2 pm,Closed,10 am–6 pm,"https://www.google.com/maps/search/vein+clinics+in+Agawam+Springfield+MA/@42.0894684,-72.6270607,14z",2025-12-16T22:32:21.172Z,LGBTQ+ friendly,,
"https://www.google.com/maps/place/First+Look+Med+Spa,+LLC/data=!4m7!3m6!1s0x89e6e77e80b5b9ff:0x20768d6f8795b420!8m2!3d42.0813225!4d-72.5875594!16s%2Fg%2F11fnmz9gg4!19sChIJ_7m1gH7n5okRILSVh2-NdiA","First Look Med Spa, LLC",4.8,322,Spa,"540 Mdw St Ext St 205 St 205, Agawam, MA 01001, United States","3CJ6+GX Agawam, Massachusetts, USA",https://www.firstlookmedspa.com/,+1 413-726-8507,"Open · Closes 8 pm

Confirmed by this business 5 weeks ago",https://lh3.googleusercontent.com/p/AF1QipOd7ipXsPeYFdHhC7_kDOxTqAkD-8y31tIyFHvn=w408-h437-k-no,true,9 am–8 pm,9 am–8 pm,9 am–8 pm,9 am–8 pm,8 am–2 pm,Closed,9 am–8 pm,"https://www.google.com/maps/search/vein+clinics+in+Agawam+Springfield+MA/@42.0894684,-72.6270607,14z",2025-12-16T22:32:26.843Z,,,
https://www.google.com/maps/place/Trinity+Health+Of+New+England+Medical+Group:+Agawam/data=!4m7!3m6!1s0x89e6e121dfcf4c8f:0xbf58ae69c856ef84!8m2!3d42.0843712!4d-72.6202772!16s%2Fg%2F11h0cw0h45!19sChIJj0zP3yHh5okRhO9WyGmuWL8,Trinity Health Of New England Medical Group: Agawam,3.7,444,Medical clinic,"230 Main St 2nd Fl, Agawam, MA 01001, United States","39MH+PV Agawam, Massachusetts, USA",https://www.trinityhealthofne.org/location/trinity-health-of-new-england-medical-group-agawam-1,+1 413-789-6800,Closed · Opens 8:30 am Wed,https://lh3.googleusercontent.com/gps-cs-s/AG0ilSwbVLjsa2sEjjKgqvwVhjiDP5JWGGsWD3DtCKPAL2-fc2CAiUT8vE7j5bv-43m00N_4k2JH4QjJ27v_kwmgH21LNN0KJK-sn0FE3Wik3PXBpTcEQ03EDgO4L2zFrlqn8wM4cmSRdw=w408-h306-k-no,true,8:30 am–5 pm,8:30 am–5 pm,8:30 am–5 pm,8:30 am–5 pm,Closed,Closed,8:30 am–5 pm,"https://www.google.com/maps/search/vein+clinics+in+Agawam+Springfield+MA/@42.0894684,-72.6270607,14z",2025-12-16T22:32:32.100Z,,,
https://www.google.com/maps/place/322+medspa/data=!4m7!3m6!1s0x89e6e3125645f299:0x296a13f25bd041b9!8m2!3d42.073881!4d-72.6571223!16s%2Fg%2F11vc1rbh1p!19sChIJmfJFVhLj5okRuUHQW_ITaik,322 medspa,5.0,33,Medical spa,"847 Springfield St, Feeding Hills, MA 01030, United States","38FV+H5 Feeding Hills, Agawam, MA, USA",https://www.322salonspa.com/,+1 413-363-1641,"Open · Closes 7 pm

Confirmed by phone call 10 weeks ago",https://lh3.googleusercontent.com/p/AF1QipPWEcu-FIu8DIP8gnfYtjVsa6T5WTGqTjbF_BAh=w408-h484-k-no,true,10 am–7 pm,9 am–5 pm,10 am–7 pm,9 am–5 pm,9 am–12 pm,Closed,Closed,"https://www.google.com/maps/search/vein+clinics+in+Agawam+Springfield+MA/@42.0894684,-72.6270607,14z",2025-12-16T22:32:37.230Z,,,
https://www.google.com/maps/place/Agawam+Medical+Center/data=!4m7!3m6!1s0x89e6e145cc17c8eb:0x512b40b09a91f800!8m2!3d42.0874248!4d-72.6291197!16s%2Fg%2F1wb8vqjt!19sChIJ68gXzEXh5okRAPiRmrBAK1E,Agawam Medical Center,,,Medical clinic,"377 Walnut St Ext, Agawam, MA 01001, United States","39PC+X9 Agawam, Massachusetts, USA",,+1 413-789-2110,,https://lh3.googleusercontent.com/gps-cs-s/AG0ilSy_boXIYRALONI41XAnMBbrAOQwXT7YeWcA8latJaQUGYcAh0FDemKo6wwZfINiNIDOKUcDZw7uSQNeTCSC2s-xoIkb7TqHfiPFSEqt7T9ehFvL1rLtCRiwKSivt1GVc2h_vpM=w426-h240-k-no,false,,,,,,,,"https://www.google.com/maps/search/vein+clinics+in+Agawam+Springfield+MA/@42.0894684,-72.6270607,14z",2025-12-16T22:32:40.677Z,,,
https://www.google.com/maps/place/Endermologie+of+Springfield/data=!4m7!3m6!1s0x89e6e3ef3a329155:0xf40ecb90e0d47684!8m2!3d42.0629329!4d-72.6319563!16s%2Fg%2F1vg4kv6p!19sChIJVZEyOu_j5okRhHbU4JDLDvQ,Endermologie of Springfield,,,Medical clinic,"850 Suffield St, Agawam, MA 01001, United States","3979+56 Agawam, Massachusetts, USA",,+1 413-821-6969,,https://streetviewpixels-pa.googleapis.com/v1/thumbnail?panoid=W0F2QTjZ4NB_qQmT2UKr0w&cb_client=search.gws-prod.gps&w=408&h=240&yaw=202.3619&pitch=0&thumbfov=100,false,,,,,,,,"https://www.google.com/maps/search/vein+clinics+in+Agawam+Springfield+MA/@42.0894684,-72.6270607,14z",2025-12-16T22:32:43.875Z,,,
https://www.google.com/maps/place/Trinity+Healthcare+Dermatologist/data=!4m7!3m6!1s0x89e6e3ff48ad2287:0xd91b26908bdf6abb!8m2!3d42.0619081!4d-72.6334735!16s%2Fg%2F11fnxnmk7b!19sChIJhyKtSP_j5okRu2rfi5AmG9k,Trinity Healthcare Dermatologist,5.0,1,Medical clinic,"Agawam, MA 01001, United States","3968+QJ Agawam, Massachusetts, USA",,,,https://streetviewpixels-pa.googleapis.com/v1/thumbnail?panoid=eCIwIj1oEWRISKe9ddc0cA&cb_client=search.gws-prod.gps&w=408&h=240&yaw=340.98407&pitch=0&thumbfov=100,false,,,,,,,,"https://www.google.com/maps/search/vein+clinics+in+Agawam+Springfield+MA/@42.0894684,-72.6270607,14z",2025-12-16T22:32:46.707Z,,,
https://www.google.com/maps/place/Trinity+Health+Of+New+England+Medical+Group+-+Mercy+Campus/data=!4m7!3m6!1s0x89e6e7ea2f8c50b9:0x704ae84ba7d5a154!8m2!3d42.1158277!4d-72.5932991!16s%2Fg%2F11nnvfddcb!19sChIJuVCML-rn5okRVKHVp0voSnA,Trinity Health Of New England Medical Group - Mercy Campus,4.6,529,Surgeon,"175 Carew St #200, Springfield, MA 01104, United States","4C84+8M Springfield, Massachusetts, USA",https://www.trinityhealthofne.org/location/mercy-medical-group-spfld?utm_source=THONE-google&utm_medium=gmb&utm_campaign=mgps_springfield&utm_id=reputation,+1 413-734-8254,,https://lh3.googleusercontent.com/gps-cs-s/AG0ilSzQgtdogL_hTuCbdcGOIZs9EgnvBY3cjCMn87lKRFjGmjqtGjyklEy2FT-LCYtjzVEJjKzIraHUAbAVTWYiK6CwHj0Q6TtYr7CPnj2XHbRkkzJtTGWWmDK0QMfhWFWTsnTHIj4=w408-h306-k-no,true,,,,,,,,"https://www.google.com/maps/search/vein+clinics+in+Agawam+Springfield+MA/@42.0894684,-72.6270607,14z",2025-12-16T22:32:51.921Z,,,
"https://www.google.com/maps/place/Aquarius+Performance+%26+Wellness:+IV+Drips,+Vitamin+Shots,+TRT,+Hormone+optimization,+weight+loss,+peptides/data=!4m7!3m6!1s0x89e6e32266631969:0xe7b97ff49efeea8b!8m2!3d42.0673991!4d-72.6799751!16s%2Fg%2F11rzfv2zb_!19sChIJaRljZiLj5okRi-r-nvR_uec","Aquarius Performance & Wellness: IV Drips, Vitamin Shots, TRT, Hormone optimization, weight loss, peptides",5.0,86,Wellness center,"18 Southwick St, Feeding Hills, MA 01030, United States","388C+X2 Feeding Hills, Agawam, MA, USA",http://www.aquariusiv.com/,+1 413-301-5824,"Closed · Opens 9 am Wed

Updated by this business 11 weeks ago",https://lh3.googleusercontent.com/p/AF1QipMewDttcCmvhOaDLgzcMSmXBfvqwPIKM9sah7tH=w408-h321-k-no,true,Closed,9 am–5 pm,9 am–2 pm,9 am–2 pm,9 am–2 pm,Closed,Closed,"https://www.google.com/maps/search/vein+clinics+in+Agawam+Springfield+MA/@42.0894684,-72.6270607,14z",2025-12-16T22:32:56.961Z,,,
https://www.google.com/maps/place/Life+Laboratories+-+Springfield+%7C+175+Carew/data=!4m7!3m6!1s0x89e6e73d2e5e267d:0x9429916203865cc1!8m2!3d42.1133543!4d-72.5965439!16s%2Fg%2F11rd26hyf7!19sChIJfSZeLj3n5okRwVyGA2KRKZQ,Life Laboratories - Springfield | 175 Carew,4.7,109,Laboratory,"175 Carew St #130, Springfield, MA 01104, United States","4C73+89 Springfield, Massachusetts, USA",https://www.trinityhealthofne.org/location/life-laboratories-springfield-1,+1 413-748-7240,Closed · Opens 7:30 am Wed,https://streetviewpixels-pa.googleapis.com/v1/thumbnail?panoid=GCsK6VyMh_Ef7Fzb809B8w&cb_client=search.gws-prod.gps&w=408&h=240&yaw=141.32631&pitch=0&thumbfov=100,true,7:30 am–4 pm,7:30 am–4 pm,7:30 am–4 pm,7:30 am–4 pm,Closed,Closed,7:30 am–4 pm,"https://www.google.com/maps/search/vein+clinics+in+Agawam+Springfield+MA/@42.0894684,-72.6270607,14z",2025-12-16T22:33:02.321Z,,,
https://www.google.com/maps/place/Innovative+Renal+Care+Heritage+Dialysis+Center/data=!4m7!3m6!1s0x89e6e14d8ed1764b:0x56316729370cd74e!8m2!3d42.0791816!4d-72.6197586!16s%2Fg%2F1264l1z0g!19sChIJS3bRjk3h5okRTtcMNylnMVY,Innovative Renal Care Heritage Dialysis Center,5.0,5,Dialysis center,"67 Cooper St, Agawam, MA 01001, United States","39HJ+M3 Agawam, Massachusetts, USA",https://innovativerenal.com/patient/location/heritage-dialysis-center/?utm_source=google&utm_medium=organic&utm_campaign=google_business_profile/,+1 413-786-2022,Closed · Opens 5:30 am Wed,https://streetviewpixels-pa.googleapis.com/v1/thumbnail?panoid=UKbVExk7uq6Spb1oi8dc2Q&cb_client=search.gws-prod.gps&w=408&h=240&yaw=335.21835&pitch=0&thumbfov=100,true,5:30 am–3 pm,5:30 am–8 pm,5:30 am–3 pm,5:30 am–8 pm,5:30 am–3 pm,Closed,5:30 am–8 pm,"https://www.google.com/maps/search/vein+clinics+in+Agawam+Springfield+MA/@42.0894684,-72.6270607,14z",2025-12-16T22:33:07.272Z,,,
https://www.google.com/maps/place/Trinity+Health+Of+New+England+-+Weight+Management+Institute/data=!4m7!3m6!1s0x89e6e7c2b1ee56e9:0x91874fd9ce78f7d4!8m2!3d42.1133543!4d-72.5965439!16s%2Fg%2F11l5kss754!19sChIJ6VbuscLn5okR1Pd4ztlPh5E,Trinity Health Of New England - Weight Management Institute,4.8,148,Weight loss service,"175 Carew St Ste 120, Springfield, MA 01104, United States","4C73+89 Springfield, Massachusetts, USA",https://www.trinityhealthofne.org/location/weight-management-springfield,+1 833-678-1100,Closed · Opens 8 am Wed,https://lh3.googleusercontent.com/p/AF1QipN7-bXvgTmKu3L20RkgXZ93yr_aOZpljxRLFhSS=w426-h240-k-no,true,8 am–4:30 pm,8 am–4:30 pm,8 am–4:30 pm,8 am–4:30 pm,Closed,Closed,8 am–4:30 pm,"https://www.google.com/maps/search/vein+clinics+in+Agawam+Springfield+MA/@42.0894684,-72.6270607,14z",2025-12-16T22:33:12.083Z,,,
"https://www.google.com/maps/place/Mercy+Medical+Center+Wound+Care/@42.1149072,-72.5948883,17z/data=!3m1!4b1!4m6!3m5!1s0x89e6e7230524d035:0x23091b72ec2d9f8f!8m2!3d42.1149072!4d-72.5948883!16s%2Fg%2F1td2vy3k",Mercy Medical Center Wound Care,3.9,8,Medical Center,"233 Carew St, Springfield, MA 01104, United States","4C74+X2 Springfield, Massachusetts, USA",,+1 413-748-9000,Closed · Opens 7:30 am Wed,,false,7:30 am–5 pm,7:30 am–5 pm,7:30 am–5 pm,7:30 am–5 pm,Closed,Closed,7:30 am–5 pm,"https://www.google.com/maps/search/vein+clinics+in+Agawam+Springfield+MA/@42.0894684,-72.6270607,14z",2025-12-16T22:33:18.861Z,,,
https://www.google.com/maps/place/Baystate+Health+%26+Wellness+Center+-+Longmeadow/data=!4m7!3m6!1s0x89e6e508dac3436b:0x88b4060e103e7ad7!8m2!3d42.059349!4d-72.5365676!16s%2Fg%2F11h04k0snj!19sChIJa0PD2gjl5okR13o-EA4GtIg,Baystate Health & Wellness Center - Longmeadow,4.0,25,Wellness center,"21 Dwight Rd Suite 202, Longmeadow, MA 01106, United States","3F57+P9 Longmeadow, Massachusetts, USA",https://www.baystatehealth.org/locations/health-and-wellness-center-longmeadow,+1 413-795-4555,Open · Closes 7 pm,https://lh3.googleusercontent.com/p/AF1QipNuTEX1Bgjs7Zm8TgI0vyLTl01GXaLH2HxPgaal=w426-h240-k-no,true,7 am–7 pm,7 am–7 pm,7 am–7 pm,7 am–7 pm,8 am–4 pm,8 am–4 pm,7 am–7 pm,"https://www.google.com/maps/search/vein+clinics+in+Longmeadow+Springfield+MA/@42.0501022,-72.5828642,14z",2025-12-16T22:33:33.042Z,,,
https://www.google.com/maps/place/Baystate+Vascular+Services/data=!4m7!3m6!1s0x89e6e5b16faed07f:0x9b3cfd8d70324ce2!8m2!3d42.0592405!4d-72.536688!16s%2Fg%2F11h91nv2tg!19sChIJf9Cub7Hl5okR4kwycI39PJs,Baystate Vascular Services,,,Hospital department,"21 Dwight Rd #103h, Longmeadow, MA 01106, United States","3F57+M8 Longmeadow, Massachusetts, USA",https://www.baystatehealth.org/locations/vascular-services-springfield,+1 413-794-2273,,https://streetviewpixels-pa.googleapis.com/v1/thumbnail?panoid=6BT_EnSxKfRwjZBQ7vBUIg&cb_client=search.gws-prod.gps&w=408&h=240&yaw=209.47707&pitch=0&thumbfov=100,true,,,,,,,,"https://www.google.com/maps/search/vein+clinics+in+Longmeadow+Springfield+MA/@42.0501022,-72.5828642,14z",2025-12-16T22:33:35.909Z,,,
https://www.google.com/maps/place/Baystate+Convenient+Care+-+Longmeadow/data=!4m7!3m6!1s0x89e6e7d7eaabcb13:0x2a19d76656ceae8b!8m2!3d42.0593681!4d-72.5365524!16s%2Fg%2F11vc7zs95y!19sChIJE8ur6tfn5okRi67OVmbXGSo,Baystate Convenient Care - Longmeadow,4.8,1755,Medical clinic,"21 Dwight Rd, Longmeadow, MA 01106, United States","3F57+P9 Longmeadow, Massachusetts, USA",https://www.baystatehealth.org/locations/health-and-wellness-center-longmeadow/convenient-care,+1 413-795-1302,Open · Closes 7 pm,https://lh3.googleusercontent.com/p/AF1QipN-e0sOWTEfu5h05mgkKVw2YqAbeLbybuVDBM0-=w426-h240-k-no,true,9 am–7 pm,9 am–7 pm,9 am–7 pm,9 am–7 pm,8 am–4 pm,8 am–4 pm,9 am–7 pm,"https://www.google.com/maps/search/vein+clinics+in+Longmeadow+Springfield+MA/@42.0501022,-72.5828642,14z",2025-12-16T22:33:41.454Z,,,
https://www.google.com/maps/place/Pioneer+Valley+Plastic+Surgery/data=!4m7!3m6!1s0x89e6e73495c06239:0x898c651c6932199e!8m2!3d42.0510544!4d-72.5833646!16s%2Fg%2F1trsz0vh!19sChIJOWLAlTTn5okRnhkyaRxljIk,Pioneer Valley Plastic Surgery,4.4,26,Plastic surgery clinic,"734 Longmeadow St Suite 201, Longmeadow, MA 01106, United States","3C28+CM Longmeadow, Massachusetts, USA",https://pioneervalleyplasticsurgery.com/,+1 413-731-7877,Closed · Opens 8 am Wed,https://lh3.googleusercontent.com/p/AF1QipPteTl6IUlnMqBbP_eAGkQTUiCYCk7V3UBnS_ZP=w426-h240-k-no,true,8 am–4:30 pm,8 am–4:30 pm,8 am–4:30 pm,8 am–4:30 pm,Closed,Closed,8 am–4:30 pm,"https://www.google.com/maps/search/vein+clinics+in+Longmeadow+Springfield+MA/@42.0501022,-72.5828642,14z",2025-12-16T22:33:46.671Z,LGBTQ+ friendly,,
https://www.google.com/maps/place/New+England+Dermatology+%26+Laser+Center/data=!4m7!3m6!1s0x89e6e60bc5be3a7f:0x9e7824752144bf19!8m2!3d42.0594056!4d-72.5365921!16s%2Fg%2F1w666fs1!19sChIJfzq-xQvm5okRGb9EIXUkeJ4,New England Dermatology & Laser Center,4.8,352,Dermatologist,"21 Dwight Rd Suite 202, Longmeadow, MA 01106, United States","3F57+Q9 Longmeadow, Massachusetts, USA",http://www.nedlc.com/?utm_source=google&utm_medium=local&utm_content=longmeadow-practice-website,+1 413-733-9600,Closed · Opens 7:30 am Wed,https://lh3.googleusercontent.com/p/AF1QipM0BGYw-tVRPEr-AlQXBi33fkAeJLGrIlbSKtTg=w408-h272-k-no,true,7:30 am–4:30 pm,7:30 am–4:30 pm,7:30 am–4:30 pm,7:30 am–4:30 pm,Closed,Closed,7:30 am–4:30 pm,"https://www.google.com/maps/search/vein+clinics+in+Longmeadow+Springfield+MA/@42.0501022,-72.5828642,14z",2025-12-16T22:33:51.626Z,,,
https://www.google.com/maps/place/Baystate+Cardiology+-+Longmeadow/data=!4m7!3m6!1s0x89e6e525274fd081:0x3fe045d1ef87683f!8m2!3d42.059442!4d-72.536696!16s%2Fg%2F11j3sd5m72!19sChIJgdBPJyXl5okRP2iH79FF4D8,Baystate Cardiology - Longmeadow,2.3,3,Medical office,"21 Dwight Rd, Longmeadow, MA 01106, United States","3F57+Q8 Longmeadow, Massachusetts, USA",https://www.baystatehealth.org/locations/health-and-wellness-center-longmeadow/cardiology-longmeadow,+1 413-794-2273,Closed · Opens 8 am Wed,https://lh3.googleusercontent.com/p/AF1QipMb7NQpMuDgbss_qc8F07fkXjJxLBGzNXmjdVfN=w426-h240-k-no,true,8 am–5 pm,8 am–5 pm,8 am–5 pm,8 am–5 pm,Closed,Closed,8 am–5 pm,"https://www.google.com/maps/search/vein+clinics+in+Longmeadow+Springfield+MA/@42.0501022,-72.5828642,14z",2025-12-16T22:33:56.363Z,,,
https://www.google.com/maps/place/The+Shot+Shop/data=!4m7!3m6!1s0x89e6e5450d0f1c45:0x3765062371e8eb48!8m2!3d42.0567473!4d-72.5536093!16s%2Fg%2F11nmtjvczc!19sChIJRRwPDUXl5okRSOvocSMGZTc,The Shot Shop,4.9,160,Medical spa,"722 Bliss Rd, Longmeadow, MA 01106, United States","3C4W+MH Longmeadow, Massachusetts, USA",https://ssmedspa.com/,+1 413-561-7468,Closed · Opens 9 am Wed,https://lh3.googleusercontent.com/p/AF1QipM4pLrGzT3SuQsistCkhEcSfzXdN-_WpRj9WfcL=w408-h412-k-no,true,9 am–5 pm,9 am–5 pm,10 am–6 pm,9 am–5 pm,9 am–1 pm,Closed,9 am–5 pm,"https://www.google.com/maps/search/vein+clinics+in+Longmeadow+Springfield+MA/@42.0501022,-72.5828642,14z",2025-12-16T22:34:01.439Z,,,
https://www.google.com/maps/place/Ascent+Laser+Aesthetics/data=!4m7!3m6!1s0x89e6e7b8f0da78fd:0x7c11e7b38b3f760f!8m2!3d42.0737263!4d-72.520611!16s%2Fg%2F11ghzzgrzl!19sChIJ_Xja8Ljn5okRD3Y_i7PnEXw,Ascent Laser Aesthetics,4.9,28,Medical spa,"250 N Main St suite c, East Longmeadow, MA 01028, United States","3FFH+FQ East Longmeadow, Massachusetts, USA",https://ascentlaseraesthetics.com/,+1 413-224-2658,Open · Closes 8 pm,https://lh3.googleusercontent.com/p/AF1QipM-WwiYK7DtuGPM4WSZM8SZirVZG3TRENJ5EABR=w408-h408-k-no,true,9 am–8 pm,9 am–6 pm,9 am–6 pm,9 am–1 pm,Closed,Closed,9 am–6 pm,"https://www.google.com/maps/search/vein+clinics+in+Longmeadow+Springfield+MA/@42.0501022,-72.5828642,14z",2025-12-16T22:34:06.436Z,,,
https://www.google.com/maps/place/Medical+Spa/data=!4m7!3m6!1s0x89e6e4391cc8c653:0x76f5b3c620a1e0ad!8m2!3d42.0499121!4d-72.5833346!16s%2Fg%2F11rxhzqnn8!19sChIJU8bIHDnk5okRreChIMaz9XY,Medical Spa,5.0,1,Spa,"776 Longmeadow St, Longmeadow, MA 01106, United States","2CX8+XM Longmeadow, Massachusetts, USA",https://www.drglenbrooks.com/contact/,+1 413-565-4400,,https://streetviewpixels-pa.googleapis.com/v1/thumbnail?panoid=4xsfUaIFzXABLy7WnBC03Q&cb_client=search.gws-prod.gps&w=408&h=240&yaw=218.20375&pitch=0&thumbfov=100,false,,,,,,,,"https://www.google.com/maps/search/vein+clinics+in+Longmeadow+Springfield+MA/@42.0501022,-72.5828642,14z",2025-12-16T22:34:09.340Z,,,
"https://www.google.com/maps/place/Melissa+Ann+Johnson,+MD+FACS/data=!4m7!3m6!1s0x89e6e73a3c3da049:0x16c789eb9cdd8a7f!8m2!3d42.0510208!4d-72.58334!16s%2Fg%2F1td6bxjy!19sChIJSaA9PDrn5okRf4rdnOuJxxY","Melissa Ann Johnson, MD FACS",4.0,28,Plastic surgeon,"734 Longmeadow St Suite 201, Longmeadow, MA 01106, United States","3C28+CM Longmeadow, Massachusetts, USA",https://pioneervalleyplasticsurgery.com/dr-melissa-johnson/?utm_source=GMB&utm_medium=listing&utm_campaign=Mel,+1 413-731-7877,Closed · Opens 8 am Wed,https://streetviewpixels-pa.googleapis.com/v1/thumbnail?panoid=lpyNnKyxwbAIrr4zqGCf4w&cb_client=search.gws-prod.gps&w=408&h=240&yaw=285.90012&pitch=0&thumbfov=100,true,"8 am–12 pm, 1–4:30 pm","8 am–12 pm, 1–4:30 pm","8 am–12 pm, 1–4:30 pm","8 am–12 pm, 1–4:30 pm",Closed,Closed,"8 am–12 pm, 1–4:30 pm","https://www.google.com/maps/search/vein+clinics+in+Longmeadow+Springfield+MA/@42.0501022,-72.5828642,14z",2025-12-16T22:34:14.358Z,LGBTQ+ friendly,,
https://www.google.com/maps/place/Baystate+Primary+Care+-+Longmeadow/data=!4m7!3m6!1s0x89e6e5b055c802b1:0xd8ee04b216c2aa41!8m2!3d42.059442!4d-72.536696!16s%2Fg%2F11fk0crjh6!19sChIJsQLIVbDl5okRQarCFrIE7tg,Baystate Primary Care - Longmeadow,2.4,31,Medical office,"21 Dwight Rd, Longmeadow, MA 01106, United States","3F57+Q8 Longmeadow, Massachusetts, USA",https://www.baystatehealth.org/locations/health-and-wellness-center-longmeadow/primary-care-longmeadow,+1 413-795-4555,Closed · Opens 8 am Wed,https://lh3.googleusercontent.com/p/AF1QipP95uLyzrZzkZ4I7EGYJPmP8wL9PFRLfGAdpvCb=w426-h240-k-no,true,8 am–5 pm,8 am–5 pm,8 am–5 pm,8 am–5 pm,Closed,Closed,8 am–5 pm,"https://www.google.com/maps/search/vein+clinics+in+Longmeadow+Springfield+MA/@42.0501022,-72.5828642,14z",2025-12-16T22:34:19.512Z,,,
"https://www.google.com/maps/place/Fernando+F.+Illescas,+MD,+CM,+DVIR,+FRCPC/data=!4m7!3m6!1s0x89e6e4c53dc2f8cb:0x9466ba719001b9a!8m2!3d42.0004043!4d-72.5810134!16s%2Fg%2F11rd3891ln!19sChIJy_jCPcXk5okRmhsAGadrRgk","Fernando F. Illescas, MD, CM, DVIR, FRCPC",4.8,50,Radiologist,"113 Elm St #301, Enfield, CT 06082, United States","2C29+5H Enfield, Connecticut, USA",https://www.centerforvein.com/our-clinics/doctors/fernando-f-illescas-md,+1 844-201-2880,Closed · Opens 7 am Wed,https://lh3.googleusercontent.com/p/AF1QipNAtnYWgX2HLMmKQo5yOiv8eIaKGzTvpcl_3tQ8=w426-h240-k-no,true,Closed,7 am–5:30 pm,Closed,Closed,Closed,Closed,7 am–5:30 pm,"https://www.google.com/maps/search/vein+clinics+in+Longmeadow+Springfield+MA/@42.0501022,-72.5828642,14z",2025-12-16T22:34:24.799Z,,,
https://www.google.com/maps/place/NidaMedspa/data=!4m7!3m6!1s0x89e6e76ce4ae4ccb:0xd502cbb499bb9298!8m2!3d42.0607533!4d-72.5146132!16s%2Fg%2F11hnbh_ffb!19sChIJy0yu5Gzn5okRmJK7mbTLAtU,NidaMedspa,4.9,112,Medical spa,"98 Shaker Rd, East Longmeadow, MA 01028, United States","3F6P+85 East Longmeadow, Massachusetts, USA",https://nidamedspa.com/,+1 413-730-5933,"Closed · Opens 9 am Wed

Updated by phone call 10 weeks ago",https://lh3.googleusercontent.com/gps-cs-s/AG0ilSxT-Q8FYeQ-Han8AnDRdX5-Rrhe02QzFMfejNZMFnqNdVTXFK17bG3MXWbkpMERKIGrfNQZgiYn50W_TGuorf2GGsBQJM9btfYuhdnMjDSa8UPwPZ-o-VYDOow2YgwDeV8OFTUN=w408-h408-k-no,true,9 am–4:30 pm,9 am–4:30 pm,9 am–7 pm,9 am–3 pm,Closed,Closed,9 am–4:30 pm,"https://www.google.com/maps/search/vein+clinics+in+East+Longmeadow+Springfield+MA/@42.0645396,-72.5125863,14z",2025-12-16T22:34:38.964Z,,,
https://www.google.com/maps/place/Revive+Health+%2B+Aesthetics/data=!4m7!3m6!1s0x89e6e780dd10db5f:0x1f26799a3af8da1e!8m2!3d42.0749246!4d-72.522216!16s%2Fg%2F11y1gnmv21!19sChIJX9sQ3YDn5okRHtr4Opp5Jh8,Revive Health + Aesthetics,5.0,19,Medical spa,"294 N Main St, East Longmeadow, MA 01028, United States","3FFH+X4 East Longmeadow, Massachusetts, USA",https://www.revivehealthandaesthetics.com/,+1 413-224-1009,Closed · Opens 9:30 am Wed,https://lh3.googleusercontent.com/p/AF1QipN2ctc8NDcdYzSqNo39wceGhoXMq1ohxAmsCf6I=w408-h270-k-no,true,9:30 am–4:30 pm,9:30 am–7 pm,10 am–6:30 pm,9 am–4 pm,10 am–2 pm,Closed,Closed,"https://www.google.com/maps/search/vein+clinics+in+East+Longmeadow+Springfield+MA/@42.0645396,-72.5125863,14z",2025-12-16T22:34:44.978Z,,,
https://www.google.com/maps/place/Urgent+Care+of+Longmeadow/data=!4m7!3m6!1s0x89e6e56cc4105e63:0xb10a693077eef43f!8m2!3d42.0570803!4d-72.5552535!16s%2Fg%2F11w_fsd6qk!19sChIJY14QxGzl5okRP_TudzBpCrE,Urgent Care of Longmeadow,5.0,89,Urgent care center,"The Longmeadow Shops, 688 Bliss Rd, Longmeadow, MA 01106, United States","3C4V+RV Longmeadow, Massachusetts, USA",https://urgentcareoflongmeadow.com/,+1 413-567-0011,Open · Closes 7 pm,https://lh3.googleusercontent.com/p/AF1QipMO2SqlAyDif9TTptaUebBKYC7RhzqmDUI6lZuz=w408-h463-k-no,true,8:30 am–7 pm,8:30 am–7 pm,8:30 am–7 pm,8:30 am–7 pm,8:30 am–5 pm,8:30 am–5 pm,8:30 am–7 pm,"https://www.google.com/maps/search/vein+clinics+in+East+Longmeadow+Springfield+MA/@42.0645396,-72.5125863,14z",2025-12-16T22:34:50.599Z,LGBTQ+ friendly,,
https://www.google.com/maps/place/ProLase+Laser+Clinics/data=!4m7!3m6!1s0x89e6e640a7ba3f91:0xa6b3f1f89009061e!8m2!3d42.0838658!4d-72.5442631!16s%2Fg%2F1tf58y0w!19sChIJkT-6p0Dm5okRHgYJkPjxs6Y,ProLase Laser Clinics,4.1,8,Hair removal service,"933 Belmont Ave, Springfield, MA 01108, United States","3FM4+G7 Springfield, Massachusetts, USA",http://www.prolase.net/,+1 413-788-7000,,https://streetviewpixels-pa.googleapis.com/v1/thumbnail?panoid=Sen4dLf00wNn_NLitweaPg&cb_client=search.gws-prod.gps&w=408&h=240&yaw=268.3108&pitch=0&thumbfov=100,true,,,,,,,,"https://www.google.com/maps/search/vein+clinics+in+East+Longmeadow+Springfield+MA/@42.0645396,-72.5125863,14z",2025-12-16T22:34:53.523Z,,,
https://www.google.com/maps/place/Valley+Podiatry+Associates/data=!4m7!3m6!1s0x89e6db81238625b7:0xcd0c8312fc5c5375!8m2!3d42.2213208!4d-72.5729707!16s%2Fg%2F1t_tl9vw!19sChIJtyWGI4Hb5okRdVNc_BKDDM0,Valley Podiatry Associates,3.3,15,Medical clinic,"81 Willimansett St, South Hadley, MA 01075, United States","6CCG+GR South Hadley, Massachusetts, USA",http://www.valleypodiatry.com/,+1 413-536-0912,Closed · Opens 8 am Wed,https://streetviewpixels-pa.googleapis.com/v1/thumbnail?panoid=scWg3ECre9Wa98gTzFmpkg&cb_client=search.gws-prod.gps&w=408&h=240&yaw=11.967685&pitch=0&thumbfov=100,true,8:30 am–4 pm,8 am–4 pm,7:30 am–4:30 pm,8:30 am–2 pm,Closed,Closed,8 am–4 pm,"https://www.google.com/maps/search/vein+clinics+in+South+Hadley+Springfield+MA/@42.2591729,-72.5747934,14z",2025-12-16T22:35:06.856Z,,,
"https://www.google.com/maps/place/Neal+Christopher+Hadro,+MD/data=!4m7!3m6!1s0x89e6e7305ce3fb0d:0xe2d2eaf31efb33c2!8m2!3d42.1253338!4d-72.6115678!16s%2Fg%2F1tzzwjv3!19sChIJDfvjXDDn5okRwjP7HvPq0uI","Neal Christopher Hadro, MD",4.0,3,Vascular surgeon,"3500 Main St #201, Springfield, MA 01107, United States","49GQ+49 Springfield, Massachusetts, USA",https://providers.baystatehealth.org/provider/Neal+Christopher+Hadro/207330,+1 413-794-2273,Closed · Opens 8 am Wed,https://lh3.googleusercontent.com/p/AF1QipPoFYwoI9neC7Y4r-8sU8b-tGQofykeNBzu76_v=w426-h240-k-no,true,8 am–5 pm,8 am–5 pm,8 am–5 pm,8 am–5 pm,Closed,Closed,8 am–5 pm,"https://www.google.com/maps/search/vein+clinics+in+South+Hadley+Springfield+MA/@42.2591729,-72.5747934,14z",2025-12-16T22:35:11.689Z,,,
https://www.google.com/maps/place/Center+for+Vein+Restoration/data=!4m7!3m6!1s0x89e657cd21abb0cd:0x5c5c63983bb30844!8m2!3d41.8240888!4d-72.5546345!16s%2Fg%2F11m41yxdvn!19sChIJzbCrIc1X5okRRAizO5hjXFw,Center for Vein Restoration,4.8,90,Vascular surgeon,"479 Buckland Rd 2nd Floor, South Windsor, CT 06074, United States","RCFW+J4 South Windsor, Connecticut, USA",https://www.centerforvein.com/our-clinics/locations/south-windsor-connecticut,+1 201-212-6069,Closes soon · 6 pm · Opens 7 am Wed,https://lh3.googleusercontent.com/p/AF1QipNcrINXlmzWKZw3MYzkcJxwlH8m9iksae25c2h-=w408-h544-k-no,true,7 am–6 pm,7 am–6 pm,7 am–6 pm,7 am–6 pm,Closed,Closed,7 am–6 pm,"https://www.google.com/maps/search/vein+clinics+in+South+Hadley+Springfield+MA/@42.2591729,-72.5747934,14z",2025-12-16T22:35:16.693Z,,,
"https://www.google.com/maps/place/Center+for+Vein+Restoration+%7C+Dr.+Robert+Anderson/@42.1312291,-72.5481049,14z/data=!4m6!3m5!1s0x89e6e73a3c3da049:0xe8e9644c1333a0b6!8m2!3d42.127061!4d-72.6120655!16s%2Fg%2F1wk4f24v",Center for Vein Restoration | Dr. Robert Anderson,4.9,171,Vascular surgeon,"3640 Main St #302, Springfield, MA 01107, United States","49GQ+R5 Springfield, Massachusetts, USA",https://www.centerforvein.com/our-clinics/locations/springfield-massachusetts,+1 508-202-7888,Closes soon · 6 pm · Opens 7 am Wed,https://lh3.googleusercontent.com/p/AF1QipPylgcoYHY7GuKi5Ykgc7bx7jc_aeOy8oSBXzXJ=w426-h240-k-no,true,7 am–6 pm,7 am–6 pm,7 am–6 pm,7 am–6 pm,Closed,Closed,7 am–6 pm,"https://www.google.com/maps/search/vein+clinics+in+Springfield+(central)+Springfield+MA/@42.1312291,-72.5481049,14z",2025-12-16T22:35:25.043Z,,Already found,
https://www.google.com/maps/place/Hampden+%26+Franklin+County+Cardiovascular+Associates/data=!4m7!3m6!1s0x89e6e74247f16b4f:0x53bdb3a4d73886d5!8m2!3d42.1017817!4d-72.5829112!16s%2Fg%2F11gxjwfdgj!19sChIJT2vxR0Ln5okR1YY416SzvVM,Hampden & Franklin County Cardiovascular Associates,2.8,17,Medical clinic,"50 Maple St, Springfield, MA 01103, United States","4C28+PR Springfield, Massachusetts, USA",http://www.hfcca.com/,+1 413-748-6484,,https://streetviewpixels-pa.googleapis.com/v1/thumbnail?panoid=3MoOMonPfXVmJkvQYRtDKw&cb_client=search.gws-prod.gps&w=408&h=240&yaw=323.62173&pitch=0&thumbfov=100,false,,,,,,,,"https://www.google.com/maps/search/vein+clinics+in+Hampden+Springfield+MA/@42.1578694,-72.5060295,14z",2025-12-16T22:35:36.346Z,,,
https://www.google.com/maps/place/CALI+MedSpa/data=!4m7!3m6!1s0x89e6c36dcff6c551:0xae79ea13ef5fe4b6!8m2!3d42.1283492!4d-72.431085!16s%2Fg%2F11v0_f_q9q!19sChIJUcX2z23D5okRtuRf7xPqea4,CALI MedSpa,4.9,75,Medical spa,"380 Main St, Wilbraham, MA 01095, United States","4HH9+8H Wilbraham, Massachusetts, USA",https://calimedspa.com/,+1 413-279-3939,Closed · Opens 9 am Wed,https://lh3.googleusercontent.com/p/AF1QipMW6R2GmEQkZb99i3kluNwGx7SdRT1wMqFoVCeG=w408-h272-k-no,true,9 am–5 pm,9 am–5 pm,9 am–5 pm,9 am–5 pm,9 am–5 pm,Closed,9 am–5 pm,"https://www.google.com/maps/search/vein+clinics+in+Wilbraham+Springfield+MA/@42.1223527,-72.4314327,14z",2025-12-16T22:35:50.582Z,,,
https://www.google.com/maps/place/Urgent+Care+of+Wilbraham/data=!4m7!3m6!1s0x89e6c258ae310963:0xe2f347171db2b696!8m2!3d42.1503329!4d-72.4726735!16s%2Fg%2F1hhj1s0bl!19sChIJYwkxrljC5okRlrayHRdH8-I,Urgent Care of Wilbraham,4.4,411,Urgent care center,"2040 Boston Road #5 Wilbraham Crossing, Wilbraham, MA 01095, United States","5G2G+4W Wilbraham, Massachusetts, USA",https://urgentcareofwilbraham.com/,+1 413-599-3800,Open · Closes 7 pm,https://lh3.googleusercontent.com/gps-cs-s/AG0ilSyHwq5RXGcjlsz_NjSZPvjyAJit8HT9CfI0TiRZVgXvswRJOzlqYlk5NigruLItv23msBvue93_LzfkSL2rxo5iolhU_YnqlQQniVukzX3tKEDe2RZAoKH_inCrUgNJVzMo0lhK=w426-h240-k-no,true,8:30 am–7 pm,8:30 am–7 pm,8:30 am–7 pm,8:30 am–7 pm,8:30 am–5 pm,8:30 am–5 pm,8:30 am–7 pm,"https://www.google.com/maps/search/vein+clinics+in+Wilbraham+Springfield+MA/@42.1223527,-72.4314327,14z",2025-12-16T22:35:55.830Z,LGBTQ+ friendly,,
https://www.google.com/maps/place/InnerGlow+Skin+Studio/data=!4m7!3m6!1s0x89e6c3e0b906a25f:0xa317d91dde314350!8m2!3d42.122274!4d-72.4301003!16s%2Fg%2F11hmpdpc4_!19sChIJX6IGueDD5okRUEMx3h3ZF6M,InnerGlow Skin Studio,5.0,68,Skin care clinic,"2 Crane Park Dr Suite B, Wilbraham, MA 01095, United States","4HC9+WX Wilbraham, Massachusetts, USA",http://innerglowskinstudio.com/,+1 413-279-3283,,https://lh3.googleusercontent.com/p/AF1QipPIMIKpECPtDgg6S9YTiL3AItFwK5V1x5mAoImz=w408-h544-k-no,true,,,,,,,,"https://www.google.com/maps/search/vein+clinics+in+Wilbraham+Springfield+MA/@42.1223527,-72.4314327,14z",2025-12-16T22:36:00.905Z,Identifies as women-owned,,
https://www.google.com/maps/place/Dermatology+%26+Laser+Center/data=!4m7!3m6!1s0x89e6c2374e6bd5dd:0x585f507df3bd2fcb!8m2!3d42.1512331!4d-72.4444366!16s%2Fg%2F1tdbgg6x!19sChIJ3dVrTjfC5okRyy-9831QX1g,Dermatology & Laser Center,3.8,4,Dermatologist,"75 Post Office Park # 7501, Wilbraham, MA 01095, United States","5H24+F6 Wilbraham, Massachusetts, USA",,+1 413-279-1622,,https://streetviewpixels-pa.googleapis.com/v1/thumbnail?panoid=K-PggpkJ590fNmiR9CUevw&cb_client=search.gws-prod.gps&w=408&h=240&yaw=282.87128&pitch=0&thumbfov=100,false,,,,,,,,"https://www.google.com/maps/search/vein+clinics+in+Wilbraham+Springfield+MA/@42.1223527,-72.4314327,14z",2025-12-16T22:36:03.667Z,,,
https://www.google.com/maps/place/Radiance+Advanced+Skincare+%26+Laser/data=!4m7!3m6!1s0x89e6c3ef387daa0f:0x1122af9e0b1f22e0!8m2!3d42.1514057!4d-72.4446189!16s%2Fg%2F11h1dn58qb!19sChIJD6p9OO_D5okR4CIfC56vIhE,Radiance Advanced Skincare & Laser,5.0,61,Medical spa,"75 Post Office Park #7504, Wilbraham, MA 01095, United States","5H24+H5 Wilbraham, Massachusetts, USA",https://www.radiancekelly.com/,+1 413-386-8000,"Closed · Opens 9 am Wed

Updated by this business 12 weeks ago",https://streetviewpixels-pa.googleapis.com/v1/thumbnail?panoid=K-PggpkJ590fNmiR9CUevw&cb_client=search.gws-prod.gps&w=408&h=240&yaw=297.67752&pitch=0&thumbfov=100,true,9 am–5 pm,9 am–5 pm,9 am–7 pm,9 am–5 pm,Closed,Closed,9 am–7 pm,"https://www.google.com/maps/search/vein+clinics+in+Wilbraham+Springfield+MA/@42.1223527,-72.4314327,14z",2025-12-16T22:36:08.510Z,,,
https://www.google.com/maps/place/Wilbraham+Medical+Center/data=!4m7!3m6!1s0x89e6c2450f7bd45f:0xd5d3ff8390e8b4c7!8m2!3d42.1511783!4d-72.4585433!16s%2Fg%2F1tls3w0j!19sChIJX9R7D0XC5okRx7TokIP_09U,Wilbraham Medical Center,2.5,4,Medical Center,"2344 Boston Rd, Wilbraham, MA 01095, United States","5G2R+FH Wilbraham, Massachusetts, USA",https://www.baystatehealth.org/locations/bmp-wilbraham-adult-medicine,+1 413-596-3455,,https://lh3.googleusercontent.com/gps-cs-s/AG0ilSylxuIyLkVwOzRa52WCrOXQK6zgO-Af48mOAwsAaquldLJJUL_SFG-vLtuQpiusW8N0IjFu_FInwbP-JSUlGkYroLh3vQOMqqwkRGArpfqCeI0LsSaf27Uc-1UbpyygZZ_re0M=w408-h306-k-no,false,,,,,,,,"https://www.google.com/maps/search/vein+clinics+in+Wilbraham+Springfield+MA/@42.1223527,-72.4314327,14z",2025-12-16T22:36:11.177Z,,,
https://www.google.com/maps/place/Valley+Podiatry+Associates/data=!4m7!3m6!1s0x89e6c3e86eeb8a0d:0xa648511d63031c9e!8m2!3d42.1491264!4d-72.4777736!16s%2Fg%2F11hyrw86qs!19sChIJDYrrbujD5okRnhwDYx1RSKY,Valley Podiatry Associates,4.5,8,Medical clinic,"1984 Boston Rd, Wilbraham, MA 01095, United States","4GXC+MV Wilbraham, Massachusetts, USA",https://www.valleypodiatry.com/,+1 413-682-0031,Closed · Opens 7:30 am Wed,https://lh3.googleusercontent.com/gps-cs-s/AG0ilSyPvZ-2QDC9Ati4rhrwE__jsbqwiE8VRK4BVLbCjJJjd6K79pgVdIYbg0dRw7_PqkF2oHLeYWhf2mJYv55ITOB52cZv3jfzcE8AurzqVJrwTfIHqR-A49VgOhiY3b8cDAdKo_lzNw=w408-h725-k-no,true,8 am–4 pm,7:30 am–3 pm,7:30 am–3 pm,8:30 am–2 pm,Closed,Closed,8 am–4 pm,"https://www.google.com/maps/search/vein+clinics+in+Wilbraham+Springfield+MA/@42.1223527,-72.4314327,14z",2025-12-16T22:36:16.169Z,,,
https://www.google.com/maps/place/Skin+Wellness+Center/data=!4m7!3m6!1s0x89e6c2374e6bd5dd:0xada318c5abac2330!8m2!3d42.1512331!4d-72.4444366!16s%2Fg%2F1v8y518j!19sChIJ3dVrTjfC5okRMCOsq8UYo60,Skin Wellness Center,,,Medical clinic,"75 Post Office Park # 7501, Wilbraham, MA 01095, United States","5H24+F6 Wilbraham, Massachusetts, USA",,+1 413-596-8922,,https://streetviewpixels-pa.googleapis.com/v1/thumbnail?panoid=K-PggpkJ590fNmiR9CUevw&cb_client=search.gws-prod.gps&w=408&h=240&yaw=282.87128&pitch=0&thumbfov=100,false,,,,,,,,"https://www.google.com/maps/search/vein+clinics+in+Wilbraham+Springfield+MA/@42.1223527,-72.4314327,14z",2025-12-16T22:36:18.991Z,,,
https://www.google.com/maps/place/Wilbraham+Animal+Hospital/data=!4m7!3m6!1s0x89e6c2384f16698f:0xa85aef5207f5071d!8m2!3d42.1495322!4d-72.448138!16s%2Fg%2F1tdg4784!19sChIJj2kWTzjC5okRHQf1B1LvWqg,Wilbraham Animal Hospital,4.8,543,Animal hospital,"2424 Boston Rd, Wilbraham, MA 01095, United States","4HX2+RP Wilbraham, Massachusetts, USA",https://wilbrahamanimalhospital.com/?utm_source=gbp&utm_medium=organic&utm_campaign=gbp-listing,+1 413-596-8395,Open · Closes 8 pm,https://lh3.googleusercontent.com/p/AF1QipO3175WlkhTjP6vsjOaEki0R5hy-gGM50k6tvA=w408-h271-k-no,true,8 am–8 pm,8 am–6 pm,8 am–8 pm,8 am–5 pm,8 am–2 pm,Closed,8 am–8 pm,"https://www.google.com/maps/search/vein+clinics+in+Wilbraham+Springfield+MA/@42.1223527,-72.4314327,14z",2025-12-16T22:36:23.857Z,,,
https://www.google.com/maps/place/Center+for+Vein+Restoration+%7C+Dr.+Evan+Harris/data=!4m7!3m6!1s0x89e651a25ba180a9:0xd4c4dcb2a22ac665!8m2!3d41.7137845!4d-72.589502!16s%2Fg%2F11bzt9stt7!19sChIJqYChW6JR5okRZcYqorLcxNQ,Center for Vein Restoration | Dr. Evan Harris,4.8,143,Vascular surgeon,"622 Hebron Ave STE 103, Glastonbury, CT 06033, United States","PC76+G5 Glastonbury, Connecticut, USA",https://www.centerforvein.com/our-clinics/locations/glastonbury-connecticut,+1 201-212-6069,Closes soon · 6 pm · Opens 7 am Wed,https://lh3.googleusercontent.com/p/AF1QipNXfL1sqayjLlwiG5OpIhDIdc5tnbOU19v8X2D0=w408-h426-k-no,true,7 am–6 pm,7 am–6 pm,7 am–6 pm,7 am–6 pm,Closed,Closed,7 am–6 pm,"https://www.google.com/maps/search/vein+clinics+in+Wilbraham+Springfield+MA/@42.1223527,-72.4314327,14z",2025-12-16T22:36:28.934Z,,,
https://www.google.com/maps/place/ConvenientMD+Urgent+Care/data=!4m7!3m6!1s0x89e6c3f6396cbecf:0x2c3ecda0b477db4c!8m2!3d42.1709556!4d-72.4798049!16s%2Fg%2F11q845kx79!19sChIJz75sOfbD5okRTNt3tKDNPiw,ConvenientMD Urgent Care,4.6,1178,Urgent care center,"471 Center St, Ludlow, MA 01056, United States","5GCC+93 Ludlow, Massachusetts, USA",https://convenientmd.com/locations/ludlow-ma-urgent-care/,+1 413-625-3500,Open · Closes 8 pm,https://lh3.googleusercontent.com/p/AF1QipM_I_DPzJzCSyHJhtnrICDikTEit-gOj5Kk1yRK=w408-h271-k-no,true,8 am–8 pm,8 am–8 pm,8 am–8 pm,8 am–8 pm,8 am–8 pm,8 am–8 pm,8 am–8 pm,"https://www.google.com/maps/search/vein+clinics+in+Ludlow+Springfield+MA/@42.1600936,-72.475919,14z",2025-12-16T22:36:41.926Z,,,
"https://www.google.com/maps/place/Yiming+A.+Ching,+MD/data=!4m7!3m6!1s0x89e6e7abe2b25881:0x9aada423103083ec!8m2!3d42.1253338!4d-72.6115678!16s%2Fg%2F11hzy8w7m0!19sChIJgViy4qvn5okR7IMwECOkrZo","Yiming A. Ching, MD",5.0,1,Surgeon,"3500 Main St #201, Springfield, MA 01107, United States","49GQ+49 Springfield, Massachusetts, USA",https://providers.baystatehealth.org/provider/Yiming+A.+Ching/712049,+1 413-794-2273,Closed · Opens 8 am Wed,https://lh3.googleusercontent.com/p/AF1QipOaJsuojSTYOGIlr_SPtLlwMnUZ7yNWaJcuz6IO=w426-h240-k-no,true,8 am–5 pm,8 am–5 pm,8 am–5 pm,8 am–5 pm,Closed,Closed,8 am–5 pm,"https://www.google.com/maps/search/vein+clinics+in+Palmer+Springfield+MA/@42.1013104,-72.5892742,14z",2025-12-16T22:36:55.009Z,,,
,,,,,,,,,,,,,,,,,,,"https://www.google.com/maps/search/vein+clinics+in+Monson+Springfield+MA/@42.1013104,-72.5892742,14z",2025-12-16T22:37:03.588Z,,No new results found,
https://www.google.com/maps/place/Rhee+Sang+w+MD/data=!4m7!3m6!1s0x89e6e734470d12cb:0x8cd228a5b05e3efd!8m2!3d42.12532!4d-72.6115509!16s%2Fg%2F1tqnmnqr!19sChIJyxINRzTn5okR_T5esKUo0ow,Rhee Sang w MD,5.0,1,Vascular surgeon,"3500 Main St #201, Springfield, MA 01107, United States","49GQ+49 Springfield, Massachusetts, USA",,+1 413-784-0900,,https://streetviewpixels-pa.googleapis.com/v1/thumbnail?panoid=LaTb1ANKn9ueI4nb1tbOVg&cb_client=search.gws-prod.gps&w=408&h=240&yaw=21.924566&pitch=0&thumbfov=100,false,,,,,,,,"https://www.google.com/maps/search/vein+clinics+in+Granby+Springfield+MA/@42.2570866,-72.5168859,14z",2025-12-16T22:37:16.304Z,,,
"https://www.google.com/maps/place/Steven+Covici,+MD,+FACS/data=!4m7!3m6!1s0x89e6e72045fcbccd:0xbe234bd3c0276fe3!8m2!3d42.1271771!4d-72.6122432!16s%2Fg%2F1tgcsxrc!19sChIJzbz8RSDn5okR428nwNNLI74","Steven Covici, MD, FACS",4.7,125,Plastic surgeon,"3640 Main St Ste 203, Springfield, MA 01107, United States","49GQ+V4 Springfield, Massachusetts, USA",http://www.drstevencovici.com/,+1 413-420-5768,Closed · Opens 8 am Wed,https://lh3.googleusercontent.com/p/AF1QipMY6tUqiMhlV1OXCDoR51d3vGvbkDuU0TQp4PAk=w426-h240-k-no,true,8 am–4 pm,8 am–4 pm,8 am–4 pm,8 am–4 pm,Closed,Closed,8 am–4 pm,"https://www.google.com/maps/search/vein+clinics+in+Granby+Springfield+MA/@42.2570866,-72.5168859,14z",2025-12-16T22:37:28.229Z,LGBTQ+ friendly,,
https://www.google.com/maps/place/Center+for+Vein+Restoration+%7C+Dr.+Swapna+Anandan/data=!4m7!3m6!1s0x89e7ab1f4c1db88d:0xb9bfc446f5c3bec6!8m2!3d41.8150057!4d-72.7346734!16s%2Fg%2F11dym9fg48!19sChIJjbgdTB-r54kRxr7D9UbEv7k,Center for Vein Restoration | Dr. Swapna Anandan,4.8,97,Vascular surgeon,"701 Cottage Grove Rd E110, Bloomfield, CT 06002, United States","R788+24 Bloomfield, Connecticut, USA",https://www.centerforvein.com/our-clinics/locations/bloomfield-connecticut,+1 201-212-6069,Closes soon · 6 pm · Opens 7 am Wed,https://lh3.googleusercontent.com/p/AF1QipM0yQvtRo9x8S-EaUJ67miiujpLgH4Ec0VSf7Hc=w408-h426-k-no,true,7 am–6 pm,7 am–6 pm,7 am–6 pm,7 am–6 pm,Closed,Closed,7 am–6 pm,"https://www.google.com/maps/search/vein+clinics+in+Granby+Springfield+MA/@42.2570866,-72.5168859,14z",2025-12-16T22:37:33.362Z,,,
https://www.google.com/maps/place/Vanishing+Veins/data=!4m7!3m6!1s0x89e7aae6449ee387:0x997567381a083bf!8m2!3d41.8283807!4d-72.7384145!16s%2Fg%2F1tc_0jzb!19sChIJh-OeROaq54kRv4OggXNWlwk,Vanishing Veins,4.7,94,Vascular surgeon,"1 Barnard Ln, Bloomfield, CT 06002, United States","R7H6+9J Bloomfield, Connecticut, USA",https://vanishingveins.net/?utm_source=google&utm_medium=organic&utm_campaign=gbp,+1 860-761-6666,Closed · Opens 8 am Wed,https://lh3.googleusercontent.com/p/AF1QipO-NQ1NvO24RO2zmhU2Fm3mfUCu9z6LDwVNnvXm=w408-h272-k-no,true,8 am–5 pm,8 am–5 pm,8 am–5 pm,8 am–5 pm,Closed,Closed,8 am–5 pm,"https://www.google.com/maps/search/vein+clinics+in+Granby+Springfield+MA/@42.2570866,-72.5168859,14z",2025-12-16T22:37:38.409Z,LGBTQ+ friendly,,
https://www.google.com/maps/place/Metro+Vein+Centers+%7C+Glastonbury/data=!4m7!3m6!1s0x89e65389782f0d97:0xb01e7525a1840c2c!8m2!3d41.7227478!4d-72.6191635!16s%2Fg%2F11k3_mccr7!19sChIJlw0veIlT5okRLAyEoSV1HrA,Metro Vein Centers | Glastonbury,5.0,203,Vascular surgeon,"95 Glastonbury Blvd #202, Glastonbury, CT 06033, United States","P9FJ+38 Glastonbury, Connecticut, USA",https://www.metroveincenters.com/locations/connecticut-glastonbury?utm_source=google&utm_medium=Yext,+1 959-251-1770,Closes soon · 6 pm · Opens 8 am Wed,https://lh3.googleusercontent.com/p/AF1QipPLKdi2bHj08oNol7d_PNIrY7XNxtRojXNPdnQx=w408-h408-k-no,true,8 am–6 pm,8 am–6 pm,8 am–6 pm,8 am–6 pm,Closed,Closed,8 am–6 pm,"https://www.google.com/maps/search/vein+clinics+in+Granby+Springfield+MA/@42.2570866,-72.5168859,14z",2025-12-16T22:37:43.825Z,,,
"https://www.google.com/maps/place/Marc+A.+Norris,+MD/data=!4m7!3m6!1s0x89e6e7f44b8e1885:0x250354d623157fc2!8m2!3d42.1253338!4d-72.6115678!16s%2Fg%2F11h55358vm!19sChIJhRiOS_Tn5okRwn8VI9ZUAyU","Marc A. Norris, MD",4.8,6,Surgeon,"3500 Main St, Springfield, MA 01107, United States","49GQ+49 Springfield, Massachusetts, USA",https://providers.baystatehealth.org/provider/Marc+A.+Norris/207540,+1 413-794-2273,Closed · Opens 8 am Wed,https://lh3.googleusercontent.com/p/AF1QipPzs2svtPadiQtTwE6vpAk-aqgMANzCk6mbWvWh=w426-h240-k-no,true,8 am–5 pm,8 am–5 pm,8 am–5 pm,8 am–5 pm,Closed,Closed,8 am–5 pm,"https://www.google.com/maps/search/vein+clinics+in+Granby+Springfield+MA/@42.2570866,-72.5168859,14z",2025-12-16T22:37:48.724Z,,,
"https://www.google.com/maps/place/UMMMG+-+Center+for+Vein+Disease/@42.2835205,-71.6061929,17z/data=!3m1!4b1!4m6!3m5!1s0x89e40b137ce1714b:0xcda6bb01c3a2efb9!8m2!3d42.2835205!4d-71.6061929!16s%2Fg%2F11l2znvr9x",UMMMG - Center for Vein Disease,3.7,3,Medical clinic,"33 Lyman St, Westborough, MA 01581, United States","79MV+CG Westborough, Massachusetts, USA",https://www.umassmed.edu/surgery/divisions-and-programs/vascular-surgery/center-for-vein-disease/,+1 508-334-8346,,,true,,,,,,,,"https://www.google.com/maps/search/vein+clinics+in+Granby+Springfield+MA/@42.2570866,-72.5168859,14z",2025-12-16T22:37:53.623Z,,,
"https://www.google.com/maps/place/The+Wellness+Drip,+Inc+-+IV+Therapy+-+Ketamine+Therapy+-+Medspa/data=!4m7!3m6!1s0x89e6dfd2ee008ddd:0x2eaa07f3611bb355!8m2!3d42.1528777!4d-72.6306091!16s%2Fg%2F11p13hf4cr!19sChIJ3Y0A7tLf5okRVbMbYfMHqi4","The Wellness Drip, Inc - IV Therapy - Ketamine Therapy - Medspa",4.9,129,Wellness center,"1817 Riverdale St, West Springfield, MA 01089, United States","5939+5Q West Springfield, Massachusetts, USA",http://www.thewellnessdrip.com/,+1 413-402-6324,Open · Closes 7 pm,https://lh3.googleusercontent.com/p/AF1QipNpY5dl10sBatjxhreW5iPkSrNuxvO8U9MD9yJA=w408-h272-k-no,true,9 am–7 pm,9 am–5 pm,9 am–7 pm,9 am–2 pm,Closed,Closed,9 am–2 pm,"https://www.google.com/maps/search/vein+clinics+in+Granby+Springfield+MA/@42.2570866,-72.5168859,14z",2025-12-16T22:37:58.599Z,LGBTQ+ friendly,,
"https://www.google.com/maps/place/Amanda+J.+Kravetz,+MD/data=!4m7!3m6!1s0x89e6e7b24d10e669:0x49288f655432d337!8m2!3d42.1253338!4d-72.6115678!16s%2Fg%2F11b6grr7zz!19sChIJaeYQTbLn5okRN9MyVGWPKEk","Amanda J. Kravetz, MD",,,Surgeon,"3500 Main St #201, Springfield, MA 01107, United States","49GQ+49 Springfield, Massachusetts, USA",https://providers.baystatehealth.org/provider/Amanda+J.+Kravetz/207499,+1 413-794-2273,Closed · Opens 8 am Wed,https://lh3.googleusercontent.com/p/AF1QipPFwsyILxXynOkdJ7nZuRG1yjTj9wX9HXjar22m=w426-h240-k-no,true,8 am–5 pm,8 am–5 pm,8 am–5 pm,8 am–5 pm,Closed,Closed,8 am–5 pm,"https://www.google.com/maps/search/vein+clinics+in+Granby+Springfield+MA/@42.2570866,-72.5168859,14z",2025-12-16T22:38:03.421Z,,,
https://www.google.com/maps/place/Atlantic+Vein+Institute/data=!4m7!3m6!1s0x89e2e19de5cdbe61:0xdbde0b6fc4eab6d2!8m2!3d42.8053978!4d-70.8821822!16s%2Fg%2F1tgnsnq9!19sChIJYb7N5Z3h4okR0rbqxG8L3ts,Atlantic Vein Institute,5.0,31,Medical clinic,"7 Graf Rd, Newburyport, MA 01950, United States","R449+54 Newburyport, Massachusetts, USA",https://www.atlanticveininstitute.com/,+1 978-462-8006,,https://lh3.googleusercontent.com/p/AF1QipMnIQ1XteYXAcFZVYKus0rVmixvuam6qBZrt1Z3=w408-h544-k-no,true,,,,,,,,"https://www.google.com/maps/search/vein+clinics+in+Granby+Springfield+MA/@42.2570866,-72.5168859,14z",2025-12-16T22:38:06.229Z,,,
https://www.google.com/maps/place/The+Vascular+Care+Group+-+Sturbridge/data=!4m7!3m6!1s0x89e6a35679168863:0x7348208b97ab1be!8m2!3d42.1172302!4d-72.0656347!16s%2Fg%2F11mbm1j956!19sChIJY4gWeVaj5okRvrF6uQiCNAc,The Vascular Care Group - Sturbridge,5.0,54,Vascular surgeon,"214 Charlton Rd, Sturbridge, MA 01566, United States","4W8M+VP Sturbridge, Massachusetts, USA",https://thevascularcaregroup.com/about-us/locations/sturbridge-massachusetts/?utm_source=GMBSocialClimb&utm_medium=TheVascularCareGroup-Sturbridge,+1 508-556-0959,Closed · Opens 8 am Wed,https://streetviewpixels-pa.googleapis.com/v1/thumbnail?panoid=ubkEsCNpU7ZX4_6ZMqXTWQ&cb_client=search.gws-prod.gps&w=408&h=240&yaw=336.08536&pitch=0&thumbfov=100,true,8 am–4 pm,8 am–4 pm,8 am–4 pm,8 am–4 pm,Closed,Closed,8 am–4 pm,"https://www.google.com/maps/search/vein+clinics+in+Granby+Springfield+MA/@42.2570866,-72.5168859,14z",2025-12-16T22:38:11.154Z,,,
https://www.google.com/maps/place/The+Fibroid+Center/data=!4m7!3m6!1s0x89e6e1e06261ac6d:0xc34dc05411caf8ba!8m2!3d42.1389247!4d-72.6238313!16s%2Fg%2F11s87r6vpk!19sChIJbaxhYuDh5okRuvjKEVTATcM,The Fibroid Center,,,Medical clinic,"86 Ashley Ave, West Springfield, MA 01089, United States","49QG+HF West Springfield, Massachusetts, USA",https://nefibroidcenter.com/,+1 413-507-0325,Closed · Opens 8 am Wed,https://streetviewpixels-pa.googleapis.com/v1/thumbnail?panoid=esg5AeE8okJKChWIb7nQKg&cb_client=search.gws-prod.gps&w=408&h=240&yaw=167.75009&pitch=0&thumbfov=100,true,8 am–5 pm,8 am–5 pm,8 am–5 pm,8 am–5 pm,Closed,Closed,8 am–5 pm,"https://www.google.com/maps/search/vein+clinics+in+Granby+Springfield+MA/@42.2570866,-72.5168859,14z",2025-12-16T22:38:16.181Z,,,
"https://www.google.com/maps/place/Jan+Wojcik,+MD/data=!4m7!3m6!1s0x89e6e793af5ae24b:0x405f690e82c4f50d!8m2!3d42.1133556!4d-72.5965061!16s%2Fg%2F11q2w03mlf!19sChIJS-Jar5Pn5okRDfXEgg5pX0A","Jan Wojcik, MD",5.0,51,Surgeon,"175 Carew St #200, Springfield, MA 01104, United States","4C73+89 Springfield, Massachusetts, USA",https://www.trinityhealthofne.org/provider/jan-b-wojcik-md-colon-rectal-surgery,+1 413-732-4269,Closed · Opens 8:30 am Wed,https://streetviewpixels-pa.googleapis.com/v1/thumbnail?panoid=AmQrdy-QWbTp7wXVIav2Zg&cb_client=search.gws-prod.gps&w=408&h=240&yaw=169.20044&pitch=0&thumbfov=100,true,8:30 am–5 pm,8:30 am–5 pm,8:30 am–5 pm,8:30 am–5 pm,Closed,Closed,8:30 am–5 pm,"https://www.google.com/maps/search/vein+clinics+in+Granby+Springfield+MA/@42.2570866,-72.5168859,14z",2025-12-16T22:38:21.151Z,,,
https://www.google.com/maps/place/Davis+Family+Heart+%26+Vascular+Center/data=!4m7!3m6!1s0x89e6e730b115b211:0xad96924a74ccbefd!8m2!3d42.1229423!4d-72.6037297!16s%2Fg%2F11f_d86kgy!19sChIJEbIVsTDn5okR_b7MdEqSlq0,Davis Family Heart & Vascular Center,5.0,2,Medical clinic,"759 Chestnut Street MassMutual Building, Springfield, MA 01199, United States","49FW+5G Springfield, Massachusetts, USA",https://www.baystatehealth.org/locations/baystate-medical-center/davis-family-heart-and-vascular-center,+1 800-377-4325,,https://lh3.googleusercontent.com/p/AF1QipMF5ezCKMQDKExEiC74T5BmmF2G56cVm9LGxWnk=w426-h240-k-no,true,,,,,,,,"https://www.google.com/maps/search/vein+clinics+in+Granby+Springfield+MA/@42.2570866,-72.5168859,14z",2025-12-16T22:38:23.942Z,,,
https://www.google.com/maps/place/USA+Vein+Clinics+-+Lynn/data=!4m7!3m6!1s0x89e36ce84eb823a7:0x4137882bca08c53c!8m2!3d42.4649978!4d-70.9431398!16s%2Fg%2F1ptxdm7wz!19sChIJpyO4Tuhs44kRPMUIyiuIN0E,USA Vein Clinics - Lynn,3.5,40,Medical clinic,"280 Union St Ste 401, Lynn, MA 01901, United States","F374+XP Lynn, Massachusetts, USA",https://www.usaveinclinics.com/locations/,+1 339-203-4990,,https://lh3.googleusercontent.com/p/AF1QipNFMHGE_wTJNwh4oNFPf4ljnYP430kc_zSYTaQ3=w408-h271-k-no,true,Open 24 hours,Open 24 hours,Open 24 hours,Open 24 hours,Open 24 hours,Open 24 hours,Open 24 hours,"https://www.google.com/maps/search/vein+clinics+in+Granby+Springfield+MA/@42.2570866,-72.5168859,14z",2025-12-16T22:38:28.956Z,,,
"https://www.google.com/maps/place/Thoracic+Surgery+-+Springfield/@42,-73,17z/data=!3m1!4b1!4m6!3m5!1s0x89e70d7c9271b1c5:0x2a5b6311f79c2cb7!8m2!3d42!4d-73!16s%2Fg%2F11w8jlkhyp",Thoracic Surgery - Springfield,5.0,26,Medical Center,"299 Carew St STE 410, Springfield, MA 01104, United States","2222+22 Hartland, Connecticut, USA",https://www.trinityhealthofne.org/location/thoracic-surgery-springfield,+1 413-748-9000,,,true,,,,,,,,"https://www.google.com/maps/search/vein+clinics+in+Granby+Springfield+MA/@42.2570866,-72.5168859,14z",2025-12-16T22:38:33.608Z,,,
https://www.google.com/maps/place/Cosmetic+Wellness+Center/data=!4m7!3m6!1s0x89e6de1a02aca8f9:0x20e7eff3f28ebe45!8m2!3d42.1600045!4d-72.6328891!16s%2Fg%2F12qgpq5_s!19sChIJ-aisAhre5okRRb6O8vPv5yA,Cosmetic Wellness Center,3.7,3,Medical spa,"2085 Riverdale St, West Springfield, MA 01089, United States","5968+2R West Springfield, Massachusetts, USA",http://cosmeticwellnesscenter.com/,+1 413-650-7546,Closed · Opens 5:30 pm Thu,https://streetviewpixels-pa.googleapis.com/v1/thumbnail?panoid=a2_l4K1_d7_pmQXQfVtRqQ&cb_client=search.gws-prod.gps&w=408&h=240&yaw=75.8174&pitch=0&thumbfov=100,true,Closed,Closed,5:30–7 pm,2:30–6:30 pm,9:30 am–1 pm,Closed,Closed,"https://www.google.com/maps/search/vein+clinics+in+Granby+Springfield+MA/@42.2570866,-72.5168859,14z",2025-12-16T22:38:38.688Z,,,
"https://www.google.com/maps/place/Dr.+Vincent+A.+Guardione,+MD/data=!4m7!3m6!1s0x89e6e723eb19d419:0x323e83edd40667ad!8m2!3d42.1128227!4d-72.5962293!16s%2Fg%2F1tsbn4c6!19sChIJGdQZ6yPn5okRrWcG1O2DPjI","Dr. Vincent A. Guardione, MD",,,Vascular surgeon,"401 Chestnut St, Springfield, MA 01104, United States","4C73+4G Springfield, Massachusetts, USA",,+1 413-737-3526,,https://streetviewpixels-pa.googleapis.com/v1/thumbnail?panoid=Dp9kK537IONuswiF104ySw&cb_client=search.gws-prod.gps&w=408&h=240&yaw=167.86115&pitch=0&thumbfov=100,false,,,,,,,,"https://www.google.com/maps/search/vein+clinics+in+Granby+Springfield+MA/@42.2570866,-72.5168859,14z",2025-12-16T22:38:41.435Z,,,
https://www.google.com/maps/place/Vallon+Medispa/data=!4m7!3m6!1s0x89e6d75047a88739:0x6e8461779e32161e!8m2!3d42.3112686!4d-72.6248568!16s%2Fg%2F1tgdk0b_!19sChIJOYeoR1DX5okRHhYynndhhG4,Vallon Medispa,4.6,15,Medical spa,"163 Conz St, Northampton, MA 01060, United States","896G+G3 Northampton, Massachusetts, USA",https://vallonmedispa.com/,+1 413-586-9449,Closed · Opens 9 am Wed,https://lh3.googleusercontent.com/p/AF1QipMcOkJoVpRVFe7SS25mBoFu9HhpBsgJ60v1BS9a=w408-h306-k-no,true,9 am–4 pm,9 am–4 pm,9 am–4 pm,9 am–3 pm,Closed,Closed,9 am–4 pm,"https://www.google.com/maps/search/vein+clinics+in+Granby+Springfield+MA/@42.2570866,-72.5168859,14z",2025-12-16T22:38:46.260Z,LGBTQ+ friendly,,
"https://www.google.com/maps/place/Dr.+Robert+L.+Goodman,+MD/data=!4m7!3m6!1s0x89e6e722cb88fe21:0xefa5cc2c0abd862b!8m2!3d42.1158756!4d-72.5932971!16s%2Fg%2F1thzvtt0!19sChIJIf6IyyLn5okRK4a9CizMpe8","Dr. Robert L. Goodman, MD",,,Vascular surgeon,"299 Carew St, Springfield, MA 01104, United States","4C84+9M Springfield, Massachusetts, USA",,+1 413-734-4207,,https://streetviewpixels-pa.googleapis.com/v1/thumbnail?panoid=c6_yH4Zr8jlxEj4rGdmB8Q&cb_client=search.gws-prod.gps&w=408&h=240&yaw=111.07777&pitch=0&thumbfov=100,false,,,,,,,,"https://www.google.com/maps/search/vein+clinics+in+Granby+Springfield+MA/@42.2570866,-72.5168859,14z",2025-12-16T22:38:49.026Z,,,
,,,,,,,,,,,,,,,,,,,"https://www.google.com/maps/search/vein+clinics+in+Feeding+Hills+Springfield+MA/@42.067082,-72.6777225,14z",2025-12-16T22:38:57.714Z,,No new results found,
"https://www.google.com/maps/place/Center+for+Vein+Restoration+%7C+Dr.+Robert+Anderson/@42.3250896,-72.6412013,14z/data=!4m6!3m5!1s0x89e6e73a3c3da049:0xe8e9644c1333a0b6!8m2!3d42.127061!4d-72.6120655!16s%2Fg%2F1wk4f24v",Center for Vein Restoration | Dr. Robert Anderson,4.9,171,Vascular surgeon,"3640 Main St #302, Springfield, MA 01107, United States","49GQ+R5 Springfield, Massachusetts, USA",https://www.centerforvein.com/our-clinics/locations/springfield-massachusetts,+1 508-202-7888,Closes soon · 6 pm · Opens 7 am Wed,https://lh3.googleusercontent.com/p/AF1QipPylgcoYHY7GuKi5Ykgc7bx7jc_aeOy8oSBXzXJ=w426-h240-k-no,true,7 am–6 pm,7 am–6 pm,7 am–6 pm,7 am–6 pm,Closed,Closed,7 am–6 pm,"https://www.google.com/maps/search/vein+clinics+in+Northampton+Springfield+MA/@42.3250896,-72.6412013,14z",2025-12-16T22:39:05.944Z,,Already found,
,,,,,,,,,,,,,,,,,,,"https://www.google.com/maps/search/vein+clinics+in+Westfield+Springfield+MA/@42.1070579,-72.6230371,14z",2025-12-16T22:39:13.556Z,,No new results found,
https://www.google.com/maps/place/Baystate+Vascular+Services+-+Greenfield/data=!4m7!3m6!1s0x89e12f224bf9cab9:0x2cec5fa73eeb913e!8m2!3d42.5962034!4d-72.5923856!16s%2Fg%2F11h91pncbj!19sChIJucr5SyIv4YkRPpHrPqdf7Cw,Baystate Vascular Services - Greenfield,,,Medical office,"164 High St Ste 2026, Greenfield, MA 01301, United States","HCW5+F2 Greenfield, Massachusetts, USA",https://www.baystatehealth.org/locations/franklin-medical-center/vascular-services-greenfield,+1 413-794-2273,Closed · Opens 8 am Wed,https://lh3.googleusercontent.com/p/AF1QipN9hEHykpeS8J-cPgSsIV7UmXkbjiJOOdNc_R3T=w426-h240-k-no,true,8 am–5 pm,8 am–5 pm,8 am–5 pm,8 am–5 pm,Closed,Closed,8 am–5 pm,"https://www.google.com/maps/search/vein+clinics+in+Greenfield+Springfield+MA/@42.587915,-72.5994104,14z",2025-12-16T22:39:28.128Z,,,
https://www.google.com/maps/place/Cosmetic+Injections+by+Yulia/data=!4m7!3m6!1s0x89e12fa429fd0f89:0xf833279c6677bd89!8m2!3d42.6008473!4d-72.5858712!16s%2Fg%2F11s8ys499k!19sChIJiQ_9KaQv4YkRib13ZpwnM_g,Cosmetic Injections by Yulia,5.0,52,Medical spa,"284 High St, Greenfield, MA 01301, United States","JC27+8M Greenfield, Massachusetts, USA",http://www.cosmeticinjectionsbyyulia.com/,+1 413-768-2723,,https://lh3.googleusercontent.com/p/AF1QipOj0dSSMqRPXngDCB5a8GfqNt2Grz2f5rZldfKR=w408-h544-k-no,true,Open 24 hours,Open 24 hours,Open 24 hours,Open 24 hours,Open 24 hours,Open 24 hours,Open 24 hours,"https://www.google.com/maps/search/vein+clinics+in+Greenfield+Springfield+MA/@42.587915,-72.5994104,14z",2025-12-16T22:39:33.089Z,Identifies as women-owned,,
"https://www.google.com/maps/place/Western+Ma+Wound+Care,+Inc/data=!4m7!3m6!1s0x89e125ada85202af:0x56199335aa8458f7!8m2!3d42.6061226!4d-72.5761664!16s%2Fg%2F11y9jz_pb8!19sChIJrwJSqK0l4YkR91iEqjWTGVY","Western Ma Wound Care, Inc",5.0,12,Medical clinic,"63 French King Hwy, Greenfield, MA 01301, United States","JC4F+CG Greenfield, Massachusetts, USA",https://www.westernmawoundcare.com/,+1 413-512-5111,Closed · Opens 8:30 am Wed,https://lh3.googleusercontent.com/p/AF1QipO-KLisiTgSobxnj0YDz9sMJWX4E67q7oZizwMg=w408-h306-k-no,true,8:30 am–5 pm,8:30 am–5 pm,8:30 am–5 pm,Closed,Closed,Closed,Closed,"https://www.google.com/maps/search/vein+clinics+in+Greenfield+Springfield+MA/@42.587915,-72.5994104,14z",2025-12-16T22:39:38.011Z,,,
https://www.google.com/maps/place/Greenfield+VA+Clinic/data=!4m7!3m6!1s0x89e128d12fbbcf0b:0x8ce893f6c61b5c1e!8m2!3d42.575943!4d-72.6237212!16s%2Fg%2F1tg4xvpq!19sChIJC8-7L9Eo4YkRHlwbxvaT6Iw,Greenfield VA Clinic,4.1,7,Medical clinic,"143 Munson St, Greenfield, MA 01301, United States","H9GG+9G Greenfield, Massachusetts, USA",http://www.centralwesternmass.va.gov/locations/greenfield.asp,+1 413-773-8428,Closed · Opens 8 am Wed,https://lh3.googleusercontent.com/gps-cs-s/AG0ilSx_XnICi_VNzn1L_BVH3gGPyjIhFIReoqXpBAJigsCe_atH7MNBEfByC-EvIX8MMZcD-kVFJ2pOJUzF_ojkMZSNVqkNoIhJwPMlkOALteZN_RoOZcCxLmmXVE1Zv5uRDaJ2pRxlUg=w408-h544-k-no,false,8 am–4:30 pm,8 am–4:30 pm,8 am–4:30 pm,8 am–4:30 pm,Closed,Closed,8 am–4:30 pm,"https://www.google.com/maps/search/vein+clinics+in+Greenfield+Springfield+MA/@42.587915,-72.5994104,14z",2025-12-16T22:39:42.869Z,,,
https://www.google.com/maps/place/Baystate+Plastic+%26+Reconstructive+Surgery+-+Greenfield/data=!4m7!3m6!1s0x89e12f1b51e5173f:0x6106b63a363a52d1!8m2!3d42.5947396!4d-72.5939566!16s%2Fg%2F11vrpfld90!19sChIJPxflURsv4YkR0VI6Njq2BmE,Baystate Plastic & Reconstructive Surgery - Greenfield,,,Medical clinic,"48 Sanderson St, Greenfield, MA 01301, United States","HCV4+VC Greenfield, Massachusetts, USA",https://www.baystatehealth.org/locations/health-and-wellness-center-greenfield/plastic-reconstructive-surgery,+1 413-773-2626,Closed · Opens 8 am Wed,https://lh3.googleusercontent.com/p/AF1QipOzrV04RGEyTw_zsqZUPtztsKHRJU9G6W0wjUKR=w426-h240-k-no,true,8 am–5 pm,8 am–5 pm,8 am–5 pm,8 am–5 pm,Closed,Closed,8 am–5 pm,"https://www.google.com/maps/search/vein+clinics+in+Greenfield+Springfield+MA/@42.587915,-72.5994104,14z",2025-12-16T22:39:47.762Z,,,
https://www.google.com/maps/place/Alive+Hydration/data=!4m7!3m6!1s0x89e12fa189dbdb03:0xca3eeb6c58c0ac76!8m2!3d42.5893324!4d-72.5991838!16s%2Fg%2F11svmtmr4w!19sChIJA9vbiaEv4YkRdqzAWGzrPso,Alive Hydration,5.0,7,Medical spa,"55 Federal St Ste 220, Greenfield, MA 01301, United States","HCQ2+P8 Greenfield, Massachusetts, USA",https://alivehydration.myaestheticrecord.com/online-booking,+1 413-225-2792,Closed · Opens 8 am Wed,https://lh3.googleusercontent.com/p/AF1QipPEDm2ZBWYxE-XW5Nwuce133-qIbG502Z7eFWso=w408-h271-k-no,true,8 am–4 pm,8 am–4 pm,8 am–4 pm,8 am–4 pm,9 am–5 pm,9 am–5 pm,8 am–4 pm,"https://www.google.com/maps/search/vein+clinics+in+Greenfield+Springfield+MA/@42.587915,-72.5994104,14z",2025-12-16T22:39:52.902Z,,,
https://www.google.com/maps/place/Valley+Medical+Group/data=!4m7!3m6!1s0x89e12f543055581b:0xe78369731765ae8c!8m2!3d42.6031103!4d-72.6099416!16s%2Fg%2F1v3dt3nx!19sChIJG1hVMFQv4YkRjK5lF3Npg-c,Valley Medical Group,2.9,113,Medical clinic,"329 Conway St, Greenfield, MA 01301, United States","J93R+62 Greenfield, Massachusetts, USA",http://www.vmgma.com/,+1 413-774-6301,Closed · Opens 8 am Wed,https://lh3.googleusercontent.com/gps-cs-s/AG0ilSxJpVgqrFoIP10wAyfCa0i9BfiF5Z4izN0VxrFE9IvT0h1havHRb6UPHVX6jgbDay-ltn4wfAdlJfQtQ1a29PL2sebM161NI5phEkIRahLYlYaqZ6eZgnggTfXYt0iVHHInFsU=w408-h544-k-no,true,8 am–5 pm,8 am–5 pm,8 am–5 pm,8 am–5 pm,9 am–1 pm,Closed,8 am–5 pm,"https://www.google.com/maps/search/vein+clinics+in+Greenfield+Springfield+MA/@42.587915,-72.5994104,14z",2025-12-16T22:39:57.902Z,,,
https://www.google.com/maps/place/Baystate+Franklin+Medical+Center+Wound+%26+Hyperbaric+Medicine+Center/data=!4m7!3m6!1s0x89e12f5d2e52452f:0x32d59c761405085c!8m2!3d42.5947061!4d-72.5940296!16s%2Fg%2F11b6qy46ch!19sChIJL0VSLl0v4YkRXAgFFHac1TI,Baystate Franklin Medical Center Wound & Hyperbaric Medicine Center,,,Doctor,"48 Sanderson St, Greenfield, MA 01301, United States","HCV4+V9 Greenfield, Massachusetts, USA",https://www.baystatehealth.org/locations/health-and-wellness-center-greenfield/wound-care-and-hyperbaric-medicine-center,+1 413-773-2441,,https://lh3.googleusercontent.com/p/AF1QipN6PCw9EMGs6SMjBu2jEH3rca_ujSCAppha1RPw=w426-h240-k-no,true,,,,,,,,"https://www.google.com/maps/search/vein+clinics+in+Greenfield+Springfield+MA/@42.587915,-72.5994104,14z",2025-12-16T22:40:00.478Z,,,
https://www.google.com/maps/place/Baystate+Infusion+Suite+-+Greenfield/data=!4m7!3m6!1s0x89e12f89648cffd7:0x2234607c7a22ee!8m2!3d42.5962034!4d-72.5923856!16s%2Fg%2F11wqv8knnd!19sChIJ1_-MZIkv4YkR7iJ6fGA0IgA,Baystate Infusion Suite - Greenfield,,,Medical Center,"164 High St, Greenfield, MA 01301, United States","HCW5+F2 Greenfield, Massachusetts, USA",https://www.baystatehealth.org/locations/franklin-medical-center/infusion-suite-greenfield,+1 413-773-2251,Closed · Opens 8 am Wed,https://streetviewpixels-pa.googleapis.com/v1/thumbnail?panoid=LbbctWRm7H2spzmolwpagw&cb_client=search.gws-prod.gps&w=408&h=240&yaw=209.03952&pitch=0&thumbfov=100,true,8 am–4:30 pm,8 am–4:30 pm,8 am–4:30 pm,8 am–4:30 pm,Closed,Closed,8 am–4:30 pm,"https://www.google.com/maps/search/vein+clinics+in+Greenfield+Springfield+MA/@42.587915,-72.5994104,14z",2025-12-16T22:40:05.333Z,,,
https://www.google.com/maps/place/Greenfield+Health+Center/data=!4m7!3m6!1s0x89e12f543055581b:0x29e9cdca5702ded!8m2!3d42.6029695!4d-72.610036!16s%2Fg%2F1hbpwslky!19sChIJG1hVMFQv4YkR7S1wpdycngI,Greenfield Health Center,,,Doctor,"329 Conway St # 1, Greenfield, MA 01301, United States","J93Q+5X Greenfield, Massachusetts, USA",https://www.vmgma.com/greenfield,+1 413-774-6301,,https://streetviewpixels-pa.googleapis.com/v1/thumbnail?panoid=dMMWZC0TW4vle228o0aV8g&cb_client=search.gws-prod.gps&w=408&h=240&yaw=178.73584&pitch=0&thumbfov=100,false,,,,,,,,"https://www.google.com/maps/search/vein+clinics+in+Greenfield+Springfield+MA/@42.587915,-72.5994104,14z",2025-12-16T22:40:08.005Z,,,
https://www.google.com/maps/place/Ivancev+Mikhaela/data=!4m7!3m6!1s0x89e12f5d76a15667:0x4973914eda51c743!8m2!3d42.5958396!4d-72.5925469!16s%2Fg%2F1hc0xfl5x!19sChIJZ1ahdl0v4YkRQ8dR2k6Rc0k,Ivancev Mikhaela,,,Medical clinic,"164 High St, Greenfield, MA 01301, United States","HCW4+8X Greenfield, Massachusetts, USA",,+1 413-774-2222,,https://streetviewpixels-pa.googleapis.com/v1/thumbnail?panoid=EWTFq702cMsJqT7ymb5duQ&cb_client=search.gws-prod.gps&w=408&h=240&yaw=258.1234&pitch=0&thumbfov=100,false,,,,,,,,"https://www.google.com/maps/search/vein+clinics+in+Greenfield+Springfield+MA/@42.587915,-72.5994104,14z",2025-12-16T22:40:10.982Z,,,
https://www.google.com/maps/place/Shields+MRI+at+Baystate+Franklin+MRI+Center/data=!4m7!3m6!1s0x89e12f5d76a15667:0xaf7e9c7702ba502a!8m2!3d42.5958396!4d-72.5925469!16s%2Fg%2F1tk_q8cg!19sChIJZ1ahdl0v4YkRKlC6Anecfq8,Shields MRI at Baystate Franklin MRI Center,4.8,190,MRI center,"164 High St, Greenfield, MA 01301, United States","HCW4+8X Greenfield, Massachusetts, USA",http://www.shields.com/,+1 800-258-4674,Open · Closes 7 pm,https://lh3.googleusercontent.com/p/AF1QipNELmr76dPCN-UVgZBW5alr47QgWxU_XnQgIbYD=w426-h240-k-no,true,7:30 am–7 pm,7:30 am–7 pm,7 am–8 pm,7 am–7 pm,8 am–4:30 pm,9 am–3 pm,7:30 am–7 pm,"https://www.google.com/maps/search/vein+clinics+in+Greenfield+Springfield+MA/@42.587915,-72.5994104,14z",2025-12-16T22:40:16.069Z,,,
"https://www.google.com/maps/place/Dr.+Thomas+S.+Echeverria,+MD/data=!4m7!3m6!1s0x89e12f5dd97987c9:0x95844aa48fe267a3!8m2!3d42.598335!4d-72.593472!16s%2Fg%2F1td0byhs!19sChIJyYd52V0v4YkRo2fij6RKhJU","Dr. Thomas S. Echeverria, MD",5.0,2,Hand surgeon,"33 Riddell St STE 1, Greenfield, MA 01301, United States","HCX4+8J Greenfield, Massachusetts, USA",,+1 413-772-0853,,https://streetviewpixels-pa.googleapis.com/v1/thumbnail?panoid=0MF_JQU4ffSDrvykiDjKOQ&cb_client=search.gws-prod.gps&w=408&h=240&yaw=59.76166&pitch=0&thumbfov=100,false,,,,,,,,"https://www.google.com/maps/search/vein+clinics+in+Greenfield+Springfield+MA/@42.587915,-72.5994104,14z",2025-12-16T22:40:18.777Z,,,
https://www.google.com/maps/place/The+Vascular+Care+Group+-+Worcester/data=!4m7!3m6!1s0x89e40799d04c7c9d:0xed93977f6d9091b9!8m2!3d42.2653373!4d-71.7906437!16s%2Fg%2F11qygn8156!19sChIJnXxM0JkH5IkRuZGQbX-Xk-0,The Vascular Care Group - Worcester,4.8,129,Vascular surgeon,"21 Eastern Ave 3rd Floor, Worcester, MA 01605, United States","7685+4P Worcester, Massachusetts, USA",https://thevascularcaregroup.com/about-us/locations/worcester-massachusetts/?utm_source=GMBSocialClimb&utm_medium=TheVascularCareGroup-Worcester,+1 508-556-0223,Closed · Opens 8 am Wed,https://lh3.googleusercontent.com/p/AF1QipPaEhzvd32CR7N_x0b__W5sIPpbMW3oqjy9Qoko=w408-h271-k-no,true,8 am–4 pm,8 am–4 pm,8 am–4 pm,8 am–4 pm,Closed,Closed,8 am–4 pm,"https://www.google.com/maps/search/vein+clinics+in+Greenfield+Springfield+MA/@42.587915,-72.5994104,14z",2025-12-16T22:40:23.720Z,,,
https://www.google.com/maps/place/Chelsea+Palmeri/data=!4m7!3m6!1s0x89e12fceac3ebdb5:0x256d91ec136b13ae!8m2!3d42.5890423!4d-72.598161!16s%2Fg%2F11nnr0fmqy!19sChIJtb0-rM4v4YkRrhNrE-yRbSU,Chelsea Palmeri,5.0,3,Physician assistant,"55 Federal St, Greenfield, MA 01301, United States","HCQ2+JP Greenfield, Massachusetts, USA",http://bridgeprimary.com/,+1 413-225-2792,Closed · Opens 8 am Wed,https://lh3.googleusercontent.com/p/AF1QipN3v7hULzVD-nrW6rj_o-708YwMtLXu_CT4Rpl4=w408-h544-k-no,true,8 am–4 pm,8 am–4 pm,8 am–4 pm,Closed,Closed,Closed,8 am–4 pm,"https://www.google.com/maps/search/vein+clinics+in+Greenfield+Springfield+MA/@42.587915,-72.5994104,14z",2025-12-16T22:40:28.570Z,,,
https://www.google.com/maps/place/Center+for+Vein+Restoration+%7C+Dr.+Pamela+Kim/data=!4m7!3m6!1s0x89e389cba9a40639:0xdd40e506c121fda3!8m2!3d42.2982202!4d-71.4155245!16s%2Fg%2F11jc9g35pq!19sChIJOQakqcuJ44kRo_0hwQblQN0,Center for Vein Restoration | Dr. Pamela Kim,4.8,64,Vascular surgeon,"463 Worcester Rd Suite 205, Framingham, MA 01701, United States","7HXM+7Q Framingham, Massachusetts, USA",https://www.centerforvein.com/our-clinics/locations/framingham-massachusetts,+1 508-202-7888,Closes soon · 6 pm · Opens 7 am Wed,https://lh3.googleusercontent.com/p/AF1QipPX3P222xujM7j6mSnkzud6OYA1-mpfLb3C5dTg=w408-h272-k-no,true,7 am–6 pm,7 am–6 pm,7 am–6 pm,7 am–6 pm,Closed,Closed,7 am–6 pm,"https://www.google.com/maps/search/vein+clinics+in+Greenfield+Springfield+MA/@42.587915,-72.5994104,14z",2025-12-16T22:40:33.700Z,,,
"https://www.google.com/maps/place/Dr.+Jill+Levin,+DO/data=!4m7!3m6!1s0x89e12f5d76a15667:0xfc041d47c7246dcd!8m2!3d42.5958396!4d-72.5925469!16s%2Fg%2F1hc180zqw!19sChIJZ1ahdl0v4YkRzW0kx0cdBPw","Dr. Jill Levin, DO",,,Doctor,"164 High St, Greenfield, MA 01301, United States","HCW4+8X Greenfield, Massachusetts, USA",,+1 413-772-0211,,https://streetviewpixels-pa.googleapis.com/v1/thumbnail?panoid=EWTFq702cMsJqT7ymb5duQ&cb_client=search.gws-prod.gps&w=408&h=240&yaw=258.1234&pitch=0&thumbfov=100,false,,,,,,,,"https://www.google.com/maps/search/vein+clinics+in+Greenfield+Springfield+MA/@42.587915,-72.5994104,14z",2025-12-16T22:40:41.149Z,,,
https://www.google.com/maps/place/USA+Vein+Clinics+-+Framingham/data=!4m7!3m6!1s0x89e389aa91130c63:0xcfc73b2ad138592e!8m2!3d42.3003349!4d-71.4315274!16s%2Fg%2F11cm9jdkhv!19sChIJYwwTkaqJ44kRLlk40So7x88,USA Vein Clinics - Framingham,4.2,26,Medical clinic,"855 Worcester Rd Ste 13, Framingham, MA 01701, United States","8H29+49 Framingham, Massachusetts, USA",https://www.usaveinclinics.com/company/locations/massachusetts/office/framingham/,+1 508-744-3888,,https://lh3.googleusercontent.com/p/AF1QipNPSGMqM-apTLJPtGfz8QGK-46dtXAs02k0M8AM=w408-h272-k-no,true,Open 24 hours,Open 24 hours,Open 24 hours,Open 24 hours,Open 24 hours,Open 24 hours,Open 24 hours,"https://www.google.com/maps/search/vein+clinics+in+Greenfield+Springfield+MA/@42.587915,-72.5994104,14z",2025-12-16T22:40:45.947Z,,,
https://www.google.com/maps/place/Berkshire+Vein+Center/data=!4m7!3m6!1s0x89e74e6c759011a7:0x2b4fe6532bbc38d8!8m2!3d42.460582!4d-73.248757!16s%2Fg%2F1tl_mrbd!19sChIJpxGQdWxO54kR2Di8K1PmTys,Berkshire Vein Center,,,Medical clinic,"777 North St # 407, Pittsfield, MA 01201, United States","FQ62+6F Pittsfield, Massachusetts, USA",,+1 413-445-6422,,https://streetviewpixels-pa.googleapis.com/v1/thumbnail?panoid=EAOs56v2Q-mbraEXRI7SNA&cb_client=search.gws-prod.gps&w=408&h=240&yaw=199.13968&pitch=0&thumbfov=100,false,,,,,,,,"https://www.google.com/maps/search/vein+clinics+in+Greenfield+Springfield+MA/@42.587915,-72.5994104,14z",2025-12-16T22:40:48.534Z,,,
https://www.google.com/maps/place/Center+for+Vein+Restoration+%7C+Dr.+Normand+Miller/data=!4m7!3m6!1s0x89e3b780d6a6f733:0x75d4ff19324da796!8m2!3d42.7856555!4d-71.5121979!16s%2Fg%2F11mvb6xlb8!19sChIJM_em1oC344kRlqdNMhn_1HU,Center for Vein Restoration | Dr. Normand Miller,4.8,31,Vascular surgeon,"410 Amherst St # 200, Nashua, NH 03063, United States","QFPQ+74 Nashua, New Hampshire, USA",https://www.centerforvein.com/our-clinics/locations/nashua-new-hampshire,+1 603-821-9578,Closes soon · 6 pm · Opens 7 am Wed,https://lh3.googleusercontent.com/p/AF1QipMALEGStt-_Ved9l3GO_iosnfmo9s1N32p5nrmf=w408-h426-k-no,true,7 am–6 pm,7 am–6 pm,7 am–6 pm,7 am–6 pm,Closed,Closed,7 am–6 pm,"https://www.google.com/maps/search/vein+clinics+in+Greenfield+Springfield+MA/@42.587915,-72.5994104,14z",2025-12-16T22:40:53.497Z,,,
https://www.google.com/maps/place/Center+for+Vein+Restoration+%7C+Dr.+Normand+Miller/data=!4m7!3m6!1s0x89e3ab6d8a0cef43:0xbfd79f2de57f41b7!8m2!3d42.7834939!4d-71.2130164!16s%2Fg%2F11mvb6fyxt!19sChIJQ-8Mim2r44kRt0F_5S2f178,Center for Vein Restoration | Dr. Normand Miller,4.9,67,Vascular surgeon,"224 Main St Suite 1-D, Salem, NH 03079, United States","QQMP+9Q Salem, New Hampshire, USA",https://www.centerforvein.com/our-clinics/locations/salem-new-hampshire,+1 603-821-9578,Closes soon · 6 pm · Opens 7 am Wed,https://lh3.googleusercontent.com/p/AF1QipNhzjJRRPVronaomMb7FZwfiXXgWo04xmrFvrNO=w408-h426-k-no,true,7 am–6 pm,7 am–6 pm,7 am–6 pm,7 am–6 pm,Closed,Closed,7 am–6 pm,"https://www.google.com/maps/search/vein+clinics+in+Greenfield+Springfield+MA/@42.587915,-72.5994104,14z",2025-12-16T22:40:58.913Z,,,
https://www.google.com/maps/place/Westford+Vein+%26+Aesthetic+Solutions+LLC/data=!4m7!3m6!1s0x89e397d58e71fd8f:0x2d9f1e20507ecf26!8m2!3d42.5665867!4d-71.4268751!16s%2Fg%2F11g6_388mq!19sChIJj_1xjtWX44kRJs9-UCAeny0,Westford Vein & Aesthetic Solutions LLC,3.4,20,Surgical center,"5 Cornerstone Square, Westford, MA 01886, United States","HH8F+J6 Westford, Massachusetts, USA",http://www.westfordvein.com/,+1 978-577-6120,,https://streetviewpixels-pa.googleapis.com/v1/thumbnail?panoid=Oy0v0aD9l3ss8TUpEeA4rg&cb_client=search.gws-prod.gps&w=408&h=240&yaw=131.16025&pitch=0&thumbfov=100,false,,,,,,,,"https://www.google.com/maps/search/vein+clinics+in+Greenfield+Springfield+MA/@42.587915,-72.5994104,14z",2025-12-16T22:41:01.726Z,,,
https://www.google.com/maps/place/Aesthetic+%26+Vein+Center+MD/data=!4m7!3m6!1s0x89e3aa68f76ae1a1:0x9f8e6e7635ee1f93!8m2!3d42.7834886!4d-71.2130334!16s%2Fg%2F1tm1rgpy!19sChIJoeFq92iq44kRkx_uNXZujp8,Aesthetic & Vein Center MD,4.7,119,Medical office,"224 Main St Suite 1-D, Salem, NH 03079, United States","QQMP+9Q Salem, New Hampshire, USA",http://www.aestheticveincentermd.com/,+1 603-898-3461,Closed · Opens 8:30 am Wed,https://lh3.googleusercontent.com/p/AF1QipPYfQ3AE0ZC6kwI6uqPCN699H-jFXuqCHqoslPv=w408-h542-k-no,true,8:30 am–5:30 pm,8:30 am–5:30 pm,8:30 am–5:30 pm,8:30 am–4:30 pm,Closed,Closed,8:30 am–5:30 pm,"https://www.google.com/maps/search/vein+clinics+in+Greenfield+Springfield+MA/@42.587915,-72.5994104,14z",2025-12-16T22:41:06.721Z,LGBTQ+ friendly,,
"https://www.google.com/maps/place/Advanced+Vein+Care/@42.4377743,-73.256446,17z/data=!3m1!4b1!4m6!3m5!1s0x89e74e34d33fa265:0xd6da19794e53475e!8m2!3d42.4377743!4d-73.256446!16s%2Fg%2F1tdnm4dl",Advanced Vein Care,,,Doctor,"369 South St Na, Pittsfield, MA 01201, United States","CPQV+4C Pittsfield, Massachusetts, USA",,,,,false,,,,,,,,"https://www.google.com/maps/search/vein+clinics+in+Greenfield+Springfield+MA/@42.587915,-72.5994104,14z",2025-12-16T22:41:11.435Z,,,
https://www.google.com/maps/place/Boston+Vein+Care+%7C+Vein+Center+in+Lowell+MA/data=!4m7!3m6!1s0x89e3a35d9fcd8df7:0xba38fe9eb148e8dd!8m2!3d42.6243951!4d-71.3588182!16s%2Fg%2F1pp2tz7sq!19sChIJ943Nn12j44kR3ehIsZ7-OLo,Boston Vein Care | Vein Center in Lowell MA,5.0,8,Vascular surgeon,"4 Courthouse Ln # 15, Chelmsford, MA 01824, United States","JJFR+QF Chelmsford, Massachusetts, USA",https://bostonveincare.org/,+1 978-666-4200,Temporarily closed,https://lh3.googleusercontent.com/gps-cs-s/AG0ilSynNvtrRq1yGAxBqXIK4zMSLQbDe5K-38_BI3lpmwPp1Hy59gV1xN61XHC_X3fibOLCtX_bm1-dEGzOSabWTDqESusqgDz4UMtWJNAcGJzFKWrURUfRsnPZiNgE2Uuu70d7rVQWLg=w408-h306-k-no,true,,,,,,,,"https://www.google.com/maps/search/vein+clinics+in+Greenfield+Springfield+MA/@42.587915,-72.5994104,14z",2025-12-16T22:41:16.397Z,,,
https://www.google.com/maps/place/New+England+Wound+Care/data=!4m7!3m6!1s0x89e12f70d95aaaab:0xa72f5f69a99dd9ce!8m2!3d42.5888075!4d-72.5747814!16s%2Fg%2F11tn6kqzq8!19sChIJq6pa2XAv4YkRztmdqWlfL6c,New England Wound Care,5.0,9,Medical clinic,"7 Burnham St SUITE 2, Turners Falls, MA 01376, United States","HCQG+G3 Turners Falls, Montague, MA, USA",https://newenglandwoundcare.com/,+1 413-475-3233,Closed · Opens 8 am Wed,https://lh3.googleusercontent.com/p/AF1QipOPDmyCN8JpD13qRkofF3YVnZf3is4Z8XjTqbIP=w408-h244-k-no,true,8 am–4:30 pm,8 am–4:30 pm,8 am–4:30 pm,8 am–4:30 pm,Closed,Closed,8 am–4:30 pm,"https://www.google.com/maps/search/vein+clinics+in+Turners+Falls+Springfield+MA/@42.6042523,-72.5564777,14z",2025-12-16T22:41:30.149Z,,,
https://www.google.com/maps/place/Viadero+Joseph+J+MD/data=!4m7!3m6!1s0x89e12f76d510ac33:0x3367d4176abc60df!8m2!3d42.5890926!4d-72.5740404!16s%2Fg%2F1vxw984k!19sChIJM6wQ1XYv4YkR32C8ahfUZzM,Viadero Joseph J MD,1.0,1,Internist,"8 Burnham St, Turners Falls, MA 01376, United States","HCQG+J9 Turners Falls, Montague, MA, USA",https://weence.com/medical/doctors/turners-falls/viadero-joseph-j-md/,+1 413-774-3751,,https://streetviewpixels-pa.googleapis.com/v1/thumbnail?panoid=c9V8zuwCmMRoblPZQF4ZNQ&cb_client=search.gws-prod.gps&w=408&h=240&yaw=18.863585&pitch=0&thumbfov=100,false,,,,,,,,"https://www.google.com/maps/search/vein+clinics+in+Turners+Falls+Springfield+MA/@42.6042523,-72.5564777,14z",2025-12-16T22:41:32.978Z,,,
"https://www.google.com/maps/place/America's+Vein+Center/@42.2895698,-71.5619395,17z/data=!3m1!4b1!4m6!3m5!1s0x89e38aa8caa52b8d:0x3adf5b4c5444c64d!8m2!3d42.2895698!4d-71.5619395!16s%2Fg%2F1v1vf63z",America's Vein Center,5.0,2,Doctor,"2 Park Central Dr, Southborough, MA 01772, United States","7CQQ+R6 Southborough, Massachusetts, USA",,+1 508-481-8346,Temporarily closed,,false,,,,,,,,"https://www.google.com/maps/search/vein+clinics+in+Turners+Falls+Springfield+MA/@42.6042523,-72.5564777,14z",2025-12-16T22:41:48.974Z,,,
https://www.google.com/maps/place/Baystate+Medical+Practices+-+Quabbin+Adult+Medicine/data=!4m7!3m6!1s0x89e6c8eb1071f77d:0x237f5bfd2dafcf45!8m2!3d42.2878844!4d-72.398397!16s%2Fg%2F1vzqt8hc!19sChIJffdxEOvI5okRRc-vLf1bfyM,Baystate Medical Practices - Quabbin Adult Medicine,2.1,59,Medical office,"95 Sargent St, Belchertown, MA 01007, United States","7JQ2+5J Belchertown, Massachusetts, USA",https://www.baystatehealth.org/locations/quabbin-adult-medicine-belchertown,+1 413-323-7212,Closed · Opens 8 am Wed,https://lh3.googleusercontent.com/p/AF1QipMR__mldKMVXB3ifyvhb8tZW9rFYjwrRUBy29zl=w426-h240-k-no,true,8 am–5 pm,8 am–5 pm,8 am–5 pm,8 am–5 pm,Closed,Closed,8 am–5 pm,"https://www.google.com/maps/search/vein+clinics+in+Belchertown+Springfield+MA/@42.2800443,-72.4034847,14z",2025-12-16T22:42:04.370Z,,,
https://www.google.com/maps/place/BAYSTATE+HEALTH/data=!4m7!3m6!1s0x89e6c8eb18174bf9:0x34f83ec5bc096e22!8m2!3d42.2878844!4d-72.398397!16s%2Fg%2F11h_vtt1wq!19sChIJ-UsXGOvI5okRIm4JvMU--DQ,BAYSTATE HEALTH,4.0,4,Medical Center,"95 Sargent St Ste 9, Belchertown, MA 01007, United States","7JQ2+5J Belchertown, Massachusetts, USA",https://www.baystatehealth.org/,+1 413-323-7212,,https://streetviewpixels-pa.googleapis.com/v1/thumbnail?panoid=SJpjZ428zmUnZBr-2oaTKA&cb_client=search.gws-prod.gps&w=408&h=240&yaw=39.77211&pitch=0&thumbfov=100,false,,,,,,,,"https://www.google.com/maps/search/vein+clinics+in+Belchertown+Springfield+MA/@42.2800443,-72.4034847,14z",2025-12-16T22:42:07.131Z,,,
https://www.google.com/maps/place/Grace+Aesthetics+and+Wellness/data=!4m7!3m6!1s0x6222f504d5207805:0x80e2dc59b9e49380!8m2!3d42.2721328!4d-72.4091796!16s%2Fg%2F11pd2y2mld!19sChIJBXgg1QT1ImIRgJPkuVnc4oA,Grace Aesthetics and Wellness,5.0,42,Health and beauty shop,"3 Stadler St Building C Suite 2/3, Belchertown, MA 01007, United States","7HCR+V8 Belchertown, Massachusetts, USA",https://aginggraceful.net/,+1 413-252-9200,Closed · Opens 9 am Wed,https://lh3.googleusercontent.com/p/AF1QipOvZPK6qAbw7jkmUqSvs_W2pjwePwx96i5YR7S9=w408-h271-k-no,true,9 am–5 pm,9 am–5 pm,9 am–5 pm,9 am–5 pm,9 am–2 pm,Closed,9 am–5 pm,"https://www.google.com/maps/search/vein+clinics+in+Belchertown+Springfield+MA/@42.2800443,-72.4034847,14z",2025-12-16T22:42:12.142Z,LGBTQ+ friendly,,
https://www.google.com/maps/place/Swift+River+Medical+Associates/data=!4m7!3m6!1s0x89e6c8a4265ba967:0x504e43df32349261!8m2!3d42.2748966!4d-72.4093715!16s%2Fg%2F1v470clz!19sChIJZ6lbJqTI5okRYZI0Mt9DTlA,Swift River Medical Associates,2.9,19,Medical clinic,"35 Bridge St #1, Belchertown, MA 01007, United States","7HFR+X7 Belchertown, Massachusetts, USA",http://swiftrivermedical.com/,+1 413-213-0550,Closed · Opens 8 am Wed,https://streetviewpixels-pa.googleapis.com/v1/thumbnail?panoid=1bbBrc0Av2GzjRJiJPABYg&cb_client=search.gws-prod.gps&w=408&h=240&yaw=332.06314&pitch=0&thumbfov=100,false,8 am–5 pm,8 am–5 pm,8 am–5 pm,8 am–5 pm,Closed,Closed,8 am–5 pm,"https://www.google.com/maps/search/vein+clinics+in+Belchertown+Springfield+MA/@42.2800443,-72.4034847,14z",2025-12-16T22:42:17.052Z,,,
https://www.google.com/maps/place/Belchertown+Medical+Associates/data=!4m7!3m6!1s0x89e6c8eb1071f77d:0x77aab37eccf66a41!8m2!3d42.2879819!4d-72.3983666!16s%2Fg%2F1264j2gt4!19sChIJffdxEOvI5okRQWr2zH6zqnc,Belchertown Medical Associates,,,Medical Center,"95 Sargent St Ste 9, Belchertown, MA 01007, United States","7JQ2+5M Belchertown, Massachusetts, USA",,+1 413-323-7212,,https://streetviewpixels-pa.googleapis.com/v1/thumbnail?panoid=SJpjZ428zmUnZBr-2oaTKA&cb_client=search.gws-prod.gps&w=408&h=240&yaw=32.367542&pitch=0&thumbfov=100,false,,,,,,,,"https://www.google.com/maps/search/vein+clinics+in+Belchertown+Springfield+MA/@42.2800443,-72.4034847,14z",2025-12-16T22:42:19.589Z,,,
https://www.google.com/maps/place/Cold+Spring+Medical+LLC/data=!4m7!3m6!1s0x89e6c8beaf896667:0xbb4b02ebb44b36b4!8m2!3d42.2838331!4d-72.406831!16s%2Fg%2F1tdwr3h2!19sChIJZ2aJr77I5okRtDZLtOsCS7s,Cold Spring Medical LLC,,,Medical clinic,"71 N Main St, Belchertown, MA 01007, United States","7HMV+G7 Belchertown, Massachusetts, USA",,+1 413-323-5550,,https://streetviewpixels-pa.googleapis.com/v1/thumbnail?panoid=LaIKF1jbW44zltJ04ePXDw&cb_client=search.gws-prod.gps&w=408&h=240&yaw=243.84944&pitch=0&thumbfov=100,false,,,,,,,,"https://www.google.com/maps/search/vein+clinics+in+Belchertown+Springfield+MA/@42.2800443,-72.4034847,14z",2025-12-16T22:42:22.497Z,,,
https://www.google.com/maps/place/Dr.+Silvia+Galvan/data=!4m7!3m6!1s0x89e6c8a416633ec5:0x67ed6198cf5f8941!8m2!3d42.2748966!4d-72.4093715!16s%2Fg%2F11sc_yl97y!19sChIJxT5jFqTI5okRQYlfz5hh7Wc,Dr. Silvia Galvan,,,Physician assistant,"35 Bridge St #1, Belchertown, MA 01007, United States","7HFR+X7 Belchertown, Massachusetts, USA",,+1 413-213-0550,,https://streetviewpixels-pa.googleapis.com/v1/thumbnail?panoid=1bbBrc0Av2GzjRJiJPABYg&cb_client=search.gws-prod.gps&w=408&h=240&yaw=332.06314&pitch=0&thumbfov=100,false,,,,,,,,"https://www.google.com/maps/search/vein+clinics+in+Belchertown+Springfield+MA/@42.2800443,-72.4034847,14z",2025-12-16T22:42:25.194Z,,,
https://www.google.com/maps/place/Belchertown+Veterinary+Hospital/data=!4m7!3m6!1s0x89e6c603d9aa62b9:0x724a9cfafa7ff14e!8m2!3d42.2671456!4d-72.4218729!16s%2Fg%2F119tj3sck!19sChIJuWKq2QPG5okRTvF_-vqcSnI,Belchertown Veterinary Hospital,4.5,184,Veterinarian,"211 State St, Belchertown, MA 01007, United States","7H8H+V7 Belchertown, Massachusetts, USA",https://www.belchertownvet.com/,+1 413-324-1138,Open · Closes 8 pm,https://lh3.googleusercontent.com/gps-cs-s/AG0ilSxW4makJ9CctARuHrUDDpZLZ2_xdfAyAmlpqez7Gj3FYustci_1Z5KUeSrksOoSEn_BVQuFZaDYtvEoySkXSgHc0HExoFAZ4FzVnbIMSZkf6gsvq8dvU-H77icJmGNJaO20pPCFzmj3l_cl=w408-h306-k-no,true,7:30 am–8 pm,7:30 am–6 pm,7:30 am–8 pm,7:30 am–6 pm,Closed,Closed,7:30 am–6 pm,"https://www.google.com/maps/search/vein+clinics+in+Belchertown+Springfield+MA/@42.2800443,-72.4034847,14z",2025-12-16T22:42:30.180Z,,,
https://www.google.com/maps/place/CVS/data=!4m7!3m6!1s0x89e6c8c0ac13a5d3:0xbb0fa428ab65cc80!8m2!3d42.2884488!4d-72.4074132!16s%2Fg%2F1tfgqf0q!19sChIJ06UTrMDI5okRgMxlqyikD7s,CVS,2.8,55,Drug store,"CRYSTAL SPRINGS PLAZA, 151 N Main St, Belchertown, MA 01007, United States","7HQV+92 Belchertown, Massachusetts, USA",https://www.cvs.com/store-locator/belchertown-ma-pharmacies/151-n-main-st-crystal-springs-plaza-belchertown-ma-01007/storeid=1230?WT.mc_id=LS_GOOGLE_FS_1230,+1 413-323-9621,,https://lh3.googleusercontent.com/p/AF1QipO6x73foaYj2EKk8IbTC0SGE8DlCPr4hcoHlZXl=w408-h272-k-no,true,8 am–10 pm,8 am–10 pm,8 am–10 pm,8 am–10 pm,8 am–10 pm,8 am–10 pm,8 am–10 pm,"https://www.google.com/maps/search/vein+clinics+in+Belchertown+Springfield+MA/@42.2800443,-72.4034847,14z",2025-12-16T22:42:39.937Z,LGBTQ+ friendly,,"Drugstore chain selling a variety of beauty & health products, plus some grocery & household items. · In-store shopping · In-store pick-up · Delivery"
https://www.google.com/maps/place/Metro+Vein+Centers+%7C+Avon/data=!4m7!3m6!1s0x89e7a939fc2bd5bf:0xe9a96c970d8d2a4b!8m2!3d41.8124612!4d-72.8644366!16s%2Fg%2F11sdclbmdb!19sChIJv9Ur_Dmp54kRSyqNDZdsqek,Metro Vein Centers | Avon,4.9,78,Vascular surgeon,"40 Dale Rd # 201, Avon, CT 06001, United States","R46P+X6 Avon, Connecticut, USA",https://www.metroveincenters.com/locations/connecticut-avon?utm_source=google&utm_medium=Yext,+1 860-362-3831,Open · Closes 7 pm,https://lh3.googleusercontent.com/p/AF1QipM_5LGuXEz_p5-DoG-q01g9-41Hn6tG4ZGBy_jL=w408-h408-k-no,true,8 am–7 pm,8 am–7 pm,8 am–7 pm,8 am–7 pm,Closed,Closed,8 am–7 pm,"https://www.google.com/maps/search/vein+clinics+in+Belchertown+Springfield+MA/@42.2800443,-72.4034847,14z",2025-12-16T22:42:44.967Z,,,
https://www.google.com/maps/place/Vein+Centers+of+Connecticut/data=!4m7!3m6!1s0x89e7b3cecc133a6b:0x7cd5f303d259d4ad!8m2!3d41.6666099!4d-72.9210463!16s%2Fg%2F1x5fcd3g!19sChIJazoTzM6z54kRrdRZ0gPz1Xw,Vein Centers of Connecticut,4.8,59,Doctor,"22 Pine St # 210, Bristol, CT 06010, United States","M38H+JH Bristol, Connecticut, USA",http://www.ctveindocs.com/,+1 860-229-8346,Closed · Opens 8 am Wed,https://lh3.googleusercontent.com/p/AF1QipOBqdJRp8YYFALfZh6AaxxE7o3a-ezKznAlsTqG=w426-h240-k-no,true,8 am–4:30 pm,8 am–4:30 pm,8 am–4:30 pm,8 am–4:30 pm,Closed,Closed,8 am–4:30 pm,"https://www.google.com/maps/search/vein+clinics+in+Belchertown+Springfield+MA/@42.2800443,-72.4034847,14z",2025-12-16T22:42:50.085Z,,,
https://www.google.com/maps/place/Specialty+Vein+Care/data=!4m7!3m6!1s0x89e47c425ac0d807:0xc4f6b9b138f05f8!8m2!3d42.0898643!4d-71.295346!16s%2Fg%2F1q5gm0knn!19sChIJB9jAWkJ85IkR-AWPE5trTww,Specialty Vein Care,4.9,112,Vascular surgeon,"31 Pine St #202, Norfolk, MA 02056, United States","3PQ3+WV Norfolk, Massachusetts, USA",http://www.specialtyveincare.com/,+1 508-660-1115,Closed · Opens 9 am Wed,https://lh3.googleusercontent.com/p/AF1QipPRgh_VxpLrPZ6V4HVrMC0JUQzvdKfdWB7aoQHS=w426-h240-k-no,true,9 am–4 pm,9 am–5 pm,9 am–5 pm,9 am–1 pm,Closed,Closed,9 am–5 pm,"https://www.google.com/maps/search/vein+clinics+in+Belchertown+Springfield+MA/@42.2800443,-72.4034847,14z",2025-12-16T22:42:54.885Z,LGBTQ+ friendly,,
https://www.google.com/maps/place/Amherst+Laser+%26+Skin+Care+Center/data=!4m7!3m6!1s0x89e6d20a0a65a4e7:0x2fdea64dfd3919f4!8m2!3d42.3796531!4d-72.5202544!16s%2Fg%2F1tfc7n2l!19sChIJ56RlCgrS5okR9Bk5_U2m3i8,Amherst Laser & Skin Care Center,4.4,55,Laser hair removal service,"264 N Pleasant St, Amherst, MA 01002, United States","9FHH+VV Amherst, Massachusetts, USA",http://www.amherstlaser.com/,+1 413-253-2214,Closes soon · 6 pm · Opens 9 am Wed,https://lh3.googleusercontent.com/p/AF1QipMpwnBCu1AMXQUFkdk5RHAYchFcqia-42tkb1oS=w426-h240-k-no,true,8:15 am–6 pm,9 am–4 pm,8:15 am–7 pm,8:15 am–4 pm,Closed,Closed,9 am–5 pm,"https://www.google.com/maps/search/vein+clinics+in+Belchertown+Springfield+MA/@42.2800443,-72.4034847,14z",2025-12-16T22:42:59.840Z,,,
https://www.google.com/maps/place/Middletown+Vein+%26+Aesthetic+Center/data=!4m7!3m6!1s0x89e64a68679a7395:0xa1d84ba2a6bcfbf1!8m2!3d41.5545797!4d-72.6492527!16s%2Fg%2F1q6kk41jj!19sChIJlXOaZ2hK5okR8fu8pqJL2KE,Middletown Vein & Aesthetic Center,5.0,10,Medical clinic,"57 S Main St, Middletown, CT 06457, United States","H932+R7 Middletown, Connecticut, USA",http://www.ctveins.com/index.php,+1 860-638-0050,Closes soon · 6:30 pm · Opens 8 am Wed,https://lh3.googleusercontent.com/p/AF1QipNEmFRhr_HQFVJ-hggtiqIOPfjrdHr5OGfaeuk_=w408-h306-k-no,true,8 am–6:30 pm,8 am–6:30 pm,8 am–6:30 pm,8 am–6:30 pm,Closed,Closed,Closed,"https://www.google.com/maps/search/vein+clinics+in+Belchertown+Springfield+MA/@42.2800443,-72.4034847,14z",2025-12-16T22:43:04.791Z,,,