placeUrl,title,rating,reviewCount,category,address,plusCode,website,phoneNumber,currentStatus,imgUrl,isClaimed,monday,tuesday,wednesday,thursday,friday,saturday,sunday,query,timestamp,info,isBlackOwned,attributes,error
"https://www.google.com/maps/place/Blooming+Health,+LLC/data=!4m7!3m6!1s0x886c7b0fe2627ec9:0xde96044147d40c3f!8m2!3d39.166188!4d-86.534232!16s%2Fg%2F1thq1g41!19sChIJyX5i4g97bIgRPwzUR0EElt4","Blooming Health, LLC",5.0,3,Holistic medicine practitioner,"101 W Kirkwood Ave #241, Bloomington, IN 47404, United States","5F88+F8 Bloomington, Indiana, USA",http://www.bloominghealthllc.com/,+1 812-320-2600,Closed · Opens 2 pm,https://streetviewpixels-pa.googleapis.com/v1/thumbnail?panoid=YxQDV3JEiSvbxnbe0wgf6g&cb_client=search.gws-prod.gps&w=408&h=240&yaw=179.69554&pitch=0&thumbfov=100,true,2–6 pm,"10 am–12 pm, 1:30–4 pm",2–6 pm,"10 am–12 pm, 1:30–4 pm",Closed,2–6 pm,Closed,"https://www.google.com/maps/search/functional+medicine+in+Plainfield+Bloomington+IN/@39.169574,-86.5385549,14z",2026-02-23T16:15:52.956Z,,,,
https://www.google.com/maps/place/Redemption+Health+and+Wellness/data=!4m7!3m6!1s0x886c6145ce5a4c85:0xc4a17f6be97d84da!8m2!3d39.1948438!4d-86.5342127!16s%2Fg%2F11flr632hz!19sChIJhUxazkVhbIgR2oR96Wt_ocQ,Redemption Health and Wellness,5.0,4,Doctor,"2801 N Walnut St, Bloomington, IN 47404, United States","5FV8+W8 Bloomington, Indiana, USA",http://www.kerriefnp.com/,,,https://streetviewpixels-pa.googleapis.com/v1/thumbnail?panoid=AspyVNjZALYa7YgY_auvyw&cb_client=search.gws-prod.gps&w=408&h=240&yaw=233.65012&pitch=0&thumbfov=100,false,,,,,,,,"https://www.google.com/maps/search/functional+medicine+in+Plainfield+Bloomington+IN/@39.169574,-86.5385549,14z",2026-02-23T16:15:56.263Z,,,,
https://www.google.com/maps/place/Unveiled+Health/data=!4m7!3m6!1s0x886c655c60667ea5:0xae8b6e8357abe4d9!8m2!3d39.1332514!4d-86.49772!16s%2Fg%2F11l6snh4gs!19sChIJpX5mYFxlbIgR2eSrV4Nui64,Unveiled Health,5.0,11,Wellness center,"3105 S Sare Rd Suite 102B, Bloomington, IN 47401, United States","4GM2+8W Bloomington, Indiana, USA",https://unveiled-health.com/,+1 812-269-7377,Open · Closes 4 pm,https://lh3.googleusercontent.com/p/AF1QipPnDoHeLDPh5jfgMuWiqMd2BbZebp97lzTOewlH=w408-h390-k-no,true,8 am–4 pm,8 am–4 pm,8 am–4 pm,8 am–4 pm,8 am–4 pm,Closed,Closed,"https://www.google.com/maps/search/functional+medicine+in+Plainfield+Bloomington+IN/@39.169574,-86.5385549,14z",2026-02-23T16:16:01.284Z,,,,
"https://www.google.com/maps/place/The+Functional+Nurse+Practitioner,+LLC/data=!4m7!3m6!1s0x886c65dbeeba5d73:0x1694d641bcb825c!8m2!3d39.1657884!4d-86.4956273!16s%2Fg%2F11kpd24shb!19sChIJc1267ttlbIgRXILLG2RNaQE","The Functional Nurse Practitioner, LLC",,,Alternative medicine practitioner,"2815 E 3rd St, Bloomington, IN 47401, United States","5G83+8P Bloomington, Indiana, USA",https://thefunctionalnursepractitioner.com/,+1 930-333-1435,Open · Closes 7 pm,https://streetviewpixels-pa.googleapis.com/v1/thumbnail?panoid=s7JSObdlgKunr4DiWhW-pw&cb_client=search.gws-prod.gps&w=408&h=240&yaw=2.1501307&pitch=0&thumbfov=100,true,8 am–7 pm,Closed,8 am–7 pm,8 am–7 pm,Closed,Closed,Closed,"https://www.google.com/maps/search/functional+medicine+in+Plainfield+Bloomington+IN/@39.169574,-86.5385549,14z",2026-02-23T16:16:12.324Z,LGBTQ+ friendly,,,
https://www.google.com/maps/place/The+Center+for+Wholism/data=!4m7!3m6!1s0x886c612c5cb4a805:0x496e9b6a2b9ddc21!8m2!3d39.1905621!4d-86.5340081!16s%2Fg%2F1vpq7mwp!19sChIJBai0XCxhbIgRIdydK2qbbkk,The Center for Wholism,4.3,11,Medical clinic,"2401 N Walnut St, Bloomington, IN 47404, United States","5FR8+69 Bloomington, Indiana, USA",http://www.centerforwholism.com/,+1 812-333-0922,,https://streetviewpixels-pa.googleapis.com/v1/thumbnail?panoid=jYF-zoK6F62jTsl_JUrGnQ&cb_client=search.gws-prod.gps&w=408&h=240&yaw=255.58043&pitch=0&thumbfov=100,false,,,,,,,,"https://www.google.com/maps/search/functional+medicine+in+Plainfield+Bloomington+IN/@39.169574,-86.5385549,14z",2026-02-23T16:16:15.706Z,,,,
https://www.google.com/maps/place/Paragon+Wellness+Center/data=!4m7!3m6!1s0x886c67173161474b:0xdaa2755ab22c2b3!8m2!3d39.1611913!4d-86.5518473!16s%2Fg%2F1tf1chgn!19sChIJS0dhMRdnbIgRs8Iiq1Unqg0,Paragon Wellness Center,4.8,387,Chiropractor,"1332 W Arch Haven Ave Ste C, Bloomington, IN 47403, United States","5C6X+F7 Bloomington, Indiana, USA",https://paragondrs.com/,+1 812-333-7447,Open · Closes 1 pm · Reopens 3 pm,https://lh3.googleusercontent.com/p/AF1QipM2V5sL1N1PbD_3OZydf_yPnshb8UwprM4vc4Xv=w408-h271-k-no,true,"9 am–1 pm, 3–6 pm",3–6 pm,"9 am–1 pm, 3–6 pm","9 am–1 pm, 3–6 pm","9 am–1 pm, 3–6 pm",Closed,Closed,"https://www.google.com/maps/search/functional+medicine+in+Plainfield+Bloomington+IN/@39.169574,-86.5385549,14z",2026-02-23T16:16:21.048Z,,,,
https://www.google.com/maps/place/Embrace+Wellness+Clinic/data=!4m7!3m6!1s0x886c65fa1a7bc14f:0x8ded1b1725f9c58d!8m2!3d39.1627369!4d-86.4904334!16s%2Fg%2F11stf43rb_!19sChIJT8F7GvplbIgRjcX5JRcb7Y0,Embrace Wellness Clinic,5.0,37,Wellness center,"419 S Clarizz Blvd Suite B, Bloomington, IN 47401, United States","5G75+3R Bloomington, Indiana, USA",http://www.embracewellnessclinic.com/,+1 812-720-4713,,https://lh3.googleusercontent.com/p/AF1QipMtlNRy5NkdO7LXhJ7NECl41PuPesP7HYkyncGb=w408-h613-k-no,true,,,,,,,,"https://www.google.com/maps/search/functional+medicine+in+Plainfield+Bloomington+IN/@39.169574,-86.5385549,14z",2026-02-23T16:16:23.774Z,,,,
"https://www.google.com/maps/place/Quintana+Functional+Wellness,+LLC/data=!4m7!3m6!1s0x886c65c95caa023d:0xd8d96e2519c5007e!8m2!3d46.423669!4d-129.9427086!16s%2Fg%2F11y5qgtkw_!19sChIJPQKqXMllbIgRfgDFGSVu2dg","Quintana Functional Wellness, LLC",5.0,8,Wellness program,,,https://quintanafunctionalwellness.com/,+1 930-333-1435,Open · Closes 5 pm,https://lh3.googleusercontent.com/gps-cs-s/AHVAweokS1ee86EFhhdTu2kwWFpLtL_WgMnxqwAcnj9LqzVCwImKN4kF9KZaAjWyVK1TNlxdaqeg2_V0D-RitoL3vkOroEom3NGTNvZmFZQsysWS4b4Wgz0VnqbQGPDvo06yJ4Bv1eHMLQ=w408-h725-k-no,true,8 am–5 pm,8 am–6 pm,8 am–5 pm,8 am–5 pm,8 am–4 pm,10 am–2 pm,Closed,"https://www.google.com/maps/search/functional+medicine+in+Plainfield+Bloomington+IN/@39.169574,-86.5385549,14z",2026-02-23T16:16:28.868Z,,,,
https://www.google.com/maps/place/Doctor+Schulz+Natural+Medicine/data=!4m7!3m6!1s0x886c67193c20a027:0xd083a24c40247841!8m2!3d39.1645676!4d-86.4781184!16s%2Fg%2F1w6r90gc!19sChIJJ6AgPBlnbIgRQXgkQEyig9A,Doctor Schulz Natural Medicine,4.9,53,Alternative medicine practitioner,"4201 E 3rd St, Bloomington, IN 47401, United States","5G7C+RQ Bloomington, Indiana, USA",http://www.doctorschulz.net/,+1 812-287-8640,Temporarily closed,https://lh3.googleusercontent.com/p/AF1QipMIJkdDUzCbYHnYSnR8wNz7YG8Khcowh_vjMeKI=w408-h544-k-no,true,,,,,,,,"https://www.google.com/maps/search/functional+medicine+in+Plainfield+Bloomington+IN/@39.169574,-86.5385549,14z",2026-02-23T16:16:34.221Z,,,,
https://www.google.com/maps/place/Evolve+Health/data=!4m7!3m6!1s0x886c67d907511f1b:0x7cb042722c9245ab!8m2!3d39.1620031!4d-86.5543832!16s%2Fg%2F11fp8nn6ch!19sChIJGx9RB9lnbIgRq0WSLHJCsHw,Evolve Health,4.9,61,Alternative medicine practitioner,"463 S Landmark Ave, Bloomington, IN 47403, United States","5C6W+R6 Bloomington, Indiana, USA",https://www.evolvehealthllc.com/,+1 812-320-3032,Closed · Opens 10 am Tue,https://lh3.googleusercontent.com/p/AF1QipOEtrUia0MEC-AMFqmSwlgI47bjpjPoEKPGnvzd=w420-h240-k-no,true,Closed,10 am–3 pm,10 am–3 pm,10 am–3 pm,10 am–3 pm,Closed,11 am–4 pm,"https://www.google.com/maps/search/functional+medicine+in+Plainfield+Bloomington+IN/@39.169574,-86.5385549,14z",2026-02-23T16:16:39.889Z,,,,
https://www.google.com/maps/place/Clinique+Wellness/data=!4m7!3m6!1s0x886c643ff9bc4a33:0xd57ed29a1c375b2d!8m2!3d39.163356!4d-86.4795149!16s%2Fg%2F11yd9rj4w!19sChIJM0q8-T9kbIgRLVs3HJrSftU,Clinique Wellness,5.0,4,Alternative medicine practitioner,"3925 E Hagan St STE 202, Bloomington, IN 47401, United States","5G7C+85 Bloomington, Indiana, USA",,+1 812-219-3789,Open 24 hours,https://lh3.googleusercontent.com/p/AF1QipMbi1YTm1LNpagxHuG4I6cRHK5cX2o22DZCkVve=w408-h273-k-no,true,Open 24 hours,Open 24 hours,Open 24 hours,Open 24 hours,Open 24 hours,Open 24 hours,Open 24 hours,"https://www.google.com/maps/search/functional+medicine+in+Plainfield+Bloomington+IN/@39.169574,-86.5385549,14z",2026-02-23T16:16:45.344Z,,,,
https://www.google.com/maps/place/Dorothy+Engelhardt/data=!4m7!3m6!1s0x886c643ff91da82b:0xcd0d7f7009dc0311!8m2!3d39.163356!4d-86.4795149!16s%2Fg%2F11hzyt5t9n!19sChIJK6gd-T9kbIgREQPcCXB_Dc0,Dorothy Engelhardt,5.0,1,Alternative medicine practitioner,"3925 E Hagan St, Bloomington, IN 47401, United States","5G7C+85 Bloomington, Indiana, USA",,+1 812-333-7200,,https://streetviewpixels-pa.googleapis.com/v1/thumbnail?panoid=9ZqKv1Rpq65oGOemijsliQ&cb_client=search.gws-prod.gps&w=408&h=240&yaw=353.76846&pitch=0&thumbfov=100,false,,,,,,,,"https://www.google.com/maps/search/functional+medicine+in+Plainfield+Bloomington+IN/@39.169574,-86.5385549,14z",2026-02-23T16:16:48.715Z,,,,
https://www.google.com/maps/place/Avalon+Holistic+Wellness/data=!4m7!3m6!1s0x886c672917b94637:0xf4ac991469809cf8!8m2!3d39.1795135!4d-86.5550553!16s%2Fg%2F1q62d_26k!19sChIJN0a5FylnbIgR-JyAaRSZrPQ,Avalon Holistic Wellness,4.7,3,Reiki therapist,"1800 W 17th St B, Bloomington, IN 47404, United States","5CHV+RX Bloomington, Indiana, USA",,+1 812-391-2264,Closed · Opens 12 pm,https://lh3.googleusercontent.com/p/AF1QipOg3hkKKDdZ4K_aprx8gekCJkpr8GGAvEXRLwiJ=w408-h259-k-no,true,12–7 pm,12–7 pm,12–6 pm,12–6 pm,12–6 pm,12–6 pm,1–5 pm,"https://www.google.com/maps/search/functional+medicine+in+Plainfield+Bloomington+IN/@39.169574,-86.5385549,14z",2026-02-23T16:16:54.327Z,,,,
"https://www.google.com/maps/place/Dr.+Lois+K.+Lambrecht,+MD/data=!4m7!3m6!1s0x886c612c5cb4a805:0x31626c3490aba747!8m2!3d39.1907926!4d-86.5348575!16s%2Fg%2F1tgpyyw_!19sChIJBai0XCxhbIgRR6erkDRsYjE","Dr. Lois K. Lambrecht, MD",5.0,4,Internist,"2401 N Walnut St, Bloomington, IN 47404, United States","5FR8+83 Bloomington, Indiana, USA",http://centerforwholism.com/,+1 812-333-0922,Closed · Opens 9 am Tue,https://streetviewpixels-pa.googleapis.com/v1/thumbnail?panoid=JLdro_ms_KiF39GoXczw8Q&cb_client=search.gws-prod.gps&w=408&h=240&yaw=2.1391184&pitch=0&thumbfov=100,false,Closed,"9 am–12 pm, 1:30–5 pm","9 am–12 pm, 1:30–5 pm","9 am–12 pm, 1:30–5 pm",Closed,Closed,Closed,"https://www.google.com/maps/search/functional+medicine+in+Plainfield+Bloomington+IN/@39.169574,-86.5385549,14z",2026-02-23T16:16:59.690Z,,,,
https://www.google.com/maps/place/Vibrant+Life-+Dr.+Brittain/data=!4m7!3m6!1s0x886c670e5ccf90ef:0xd144e17f1b67de3b!8m2!3d39.159978!4d-86.5462727!16s%2Fg%2F11rpdddcqb!19sChIJ75DPXA5nbIgRO95nG3_hRNE,Vibrant Life- Dr. Brittain,4.4,20,Gynecologist,"642 S Walker St, Bloomington, IN 47403, United States","5F53+XF Bloomington, Indiana, USA",http://www.drbrittain.com/,+1 812-331-9160,Open · Closes 4:30 pm,https://streetviewpixels-pa.googleapis.com/v1/thumbnail?panoid=AeC-N94DKxx_tXQq37zqww&cb_client=search.gws-prod.gps&w=408&h=240&yaw=279.29987&pitch=0&thumbfov=100,true,8 am–4:30 pm,8 am–4:30 pm,8 am–4:30 pm,8 am–4:30 pm,Closed,Closed,Closed,"https://www.google.com/maps/search/functional+medicine+in+Plainfield+Bloomington+IN/@39.169574,-86.5385549,14z",2026-02-23T16:17:05.316Z,LGBTQ+ friendly,,,
https://www.google.com/maps/place/Dr.+Lucinda+Jordan+D.+C.+Laser+and+Chiropractic+LLC/data=!4m7!3m6!1s0x886c641564ef739d:0x928f42bbe1c1ddfc!8m2!3d39.1637932!4d-86.4798104!16s%2Fg%2F1tddsys1!19sChIJnXPvZBVkbIgR_N3B4btCj5I,Dr. Lucinda Jordan D. C. Laser and Chiropractic LLC,5.0,8,Chiropractor,"3880 E 3rd St C, Bloomington, IN 47401, United States","5G7C+G3 Bloomington, Indiana, USA",http://lucindajordanlaserandchiro.com/,+1 812-334-0082,Open · Closes 12:30 pm · Reopens 2:30 pm,https://streetviewpixels-pa.googleapis.com/v1/thumbnail?panoid=TyJsAd_GMe0mRmqP81GQ7g&cb_client=search.gws-prod.gps&w=408&h=240&yaw=83.8495&pitch=0&thumbfov=100,true,"10:30 am–12:30 pm, 2:30–6:30 pm","10:30 am–12:30 pm, 2:30–6:30 pm",Closed,"10:30 am–12:30 pm, 2:30–6:30 pm",Closed,Closed,Closed,"https://www.google.com/maps/search/functional+medicine+in+Plainfield+Bloomington+IN/@39.169574,-86.5385549,14z",2026-02-23T16:17:11.230Z,,,,
https://www.google.com/maps/place/Organism+Holistic+Health/data=!4m7!3m6!1s0x886c67edf4a04de7:0x974f3860f346d575!8m2!3d39.147884!4d-86.524915!16s%2Fg%2F11y1x_5rpg!19sChIJ502g9O1nbIgRddVG82A4T5c,Organism Holistic Health,5.0,10,Health counselor,"707 E Moody Dr, Bloomington, IN 47401, United States","4FXG+52 Bloomington, Indiana, USA",http://organism.holistic.com/,+1 812-929-9148,,https://streetviewpixels-pa.googleapis.com/v1/thumbnail?panoid=yQHHNWekMg9bVSUB2P8LFQ&cb_client=search.gws-prod.gps&w=408&h=240&yaw=355.82675&pitch=0&thumbfov=100,true,,,,,,,,"https://www.google.com/maps/search/functional+medicine+in+Plainfield+Bloomington+IN/@39.169574,-86.5385549,14z",2026-02-23T16:17:15.071Z,,,,
https://www.google.com/maps/place/Graham+Montague/data=!4m7!3m6!1s0x886c612c5cb4a805:0x2d199bc45c88e622!8m2!3d39.1907926!4d-86.5348575!16s%2Fg%2F1tjdmh38!19sChIJBai0XCxhbIgRIuaIXMSbGS0,Graham Montague,5.0,2,Alternative medicine practitioner,"2401 N Walnut St, Bloomington, IN 47404, United States","5FR8+83 Bloomington, Indiana, USA",https://www.centerforwholism.com/independent-practitioners,+1 812-322-5605,,https://streetviewpixels-pa.googleapis.com/v1/thumbnail?panoid=JLdro_ms_KiF39GoXczw8Q&cb_client=search.gws-prod.gps&w=408&h=240&yaw=2.1391184&pitch=0&thumbfov=100,false,,,,,,,,"https://www.google.com/maps/search/functional+medicine+in+Bloomington+Bloomington+IN/@39.169574,-86.5385549,14z",2026-02-23T16:17:35.433Z,,,,
https://www.google.com/maps/place/Joie+de+Vivre+Medical/data=!4m7!3m6!1s0x886c668207a6a76f:0x9ac707d9956e9890!8m2!3d39.1606483!4d-86.551094!16s%2Fg%2F11b5s2gftk!19sChIJb6emB4JmbIgRkJhuldkHx5o,Joie de Vivre Medical,3.9,37,Medical office,"1310 W Bloomfield Rd suite c, Bloomington, IN 47403, United States","5C6X+7H Bloomington, Indiana, USA",http://www.jdvmedical.com/,+1 812-334-2772,Open · Closes 4 pm,https://lh3.googleusercontent.com/p/AF1QipOMpKujSRezNdlQVFv8dlfeS9yw9dcf0Y2CFKTd=w408-h612-k-no,true,8:30 am–4 pm,8:30 am–4 pm,8:30 am–4 pm,8:30 am–4 pm,8:30 am–12 pm,Closed,Closed,"https://www.google.com/maps/search/functional+medicine+in+Bloomington+Bloomington+IN/@39.169574,-86.5385549,14z",2026-02-23T16:17:40.680Z,Identifies as women-owned,,,
https://www.google.com/maps/place/Goode+Integrative+Health+Care/data=!4m7!3m6!1s0x886c646a85390bd3:0x247150ac28651357!8m2!3d39.1715537!4d-86.5328256!16s%2Fg%2F1vk6zzyh!19sChIJ0ws5hWpkbIgRVxNlKKxQcSQ,Goode Integrative Health Care,5.0,31,Chiropractor,"110 E 10th St, Bloomington, IN 47408, United States","5FC8+JV Bloomington, Indiana, USA",http://www.goodehealthindiana.com/,+1 812-323-0700,Closed · Opens 1 pm,https://lh3.googleusercontent.com/p/AF1QipOVvxkwO4KFGeGkIPi93Ou2IflKU08XOUj1w1ry=w408-h544-k-no,true,1–5 pm,2–6 pm,3–5 pm,3–5 pm,10 am–1 pm,Closed,Closed,"https://www.google.com/maps/search/functional+medicine+in+Bloomington+Bloomington+IN/@39.169574,-86.5385549,14z",2026-02-23T16:17:46.647Z,,,,
https://www.google.com/maps/place/Rejuv+Health+%26+Wellness/data=!4m7!3m6!1s0x886c6772694ede35:0x6de0e3a4a75ade16!8m2!3d39.1632377!4d-86.5156014!16s%2Fg%2F11t_tkh4fz!19sChIJNd5OaXJnbIgRFt5ap6Tj4G0,Rejuv Health & Wellness,4.9,40,Medical spa,"1403 Atwater Ave, Bloomington, IN 47401, United States","5F7M+7Q Bloomington, Indiana, USA",http://rejuvhealth1403.com/,+1 812-977-2075,Open · Closes 3 pm,https://lh3.googleusercontent.com/p/AF1QipPQLbQdqvOHJOb-LfT80WAs0xgo3YTI0nuRFKys=w408-h408-k-no,true,8 am–3 pm,8 am–5 pm,8 am–5 pm,8 am–5 pm,8 am–1 pm,Closed,Closed,"https://www.google.com/maps/search/functional+medicine+in+Bloomington+Bloomington+IN/@39.169574,-86.5385549,14z",2026-02-23T16:17:52.566Z,Identifies as women-owned,true,,
https://www.google.com/maps/place/Alia+Soulistics/data=!4m7!3m6!1s0x886c679fe6d34287:0x1a4d4afe0fa6a687!8m2!3d39.1677059!4d-86.5328594!16s%2Fg%2F11tx662y6c!19sChIJh0LT5p9nbIgRh6amD_5KTRo,Alia Soulistics,,,Holistic medicine practitioner,"113 E 6th St, Bloomington, IN 47408, United States","5F98+3V Bloomington, Indiana, USA",http://www.aliasoulistics.com/,+1 812-671-0293,Open · Closes 5 pm,https://lh3.googleusercontent.com/p/AF1QipPhmH4qflYAl_kF0qF_s7Nd1dR7DhllvK3wZ-da=w408-h408-k-no,true,9 am–5 pm,9 am–5 pm,9 am–5 pm,9 am–5 pm,9 am–5 pm,Closed,Closed,"https://www.google.com/maps/search/functional+medicine+in+Bloomington+Bloomington+IN/@39.169574,-86.5385549,14z",2026-02-23T16:17:58.587Z,,,,
https://www.google.com/maps/place/Hope%27s+Dispensary/data=!4m7!3m6!1s0x886c673a77ebe6d7:0x11c5d6c3d1062753!8m2!3d39.1673601!4d-86.53267!16s%2Fg%2F11mb67lj7b!19sChIJ1-brdzpnbIgRUycG0cPWxRE,Hope's Dispensary,4.9,239,Cannabis store,"122 E 6th St, Bloomington, IN 47404, United States","5F88+WW Bloomington, Indiana, USA",https://hopesdispensary.com/,+1 812-957-7777,,https://lh3.googleusercontent.com/p/AF1QipOlG2DpxMkMu2meRPDwphmohpgzJhr7wTskcAC6=w408-h306-k-no,true,10 am–9 pm,10 am–9 pm,10 am–9 pm,10 am–9 pm,10 am–9 pm,10 am–9 pm,12–6 pm,"https://www.google.com/maps/search/functional+medicine+in+Bloomington+Bloomington+IN/@39.169574,-86.5385549,14z",2026-02-23T16:18:04.468Z,LGBTQ+ friendly,true,· In-store shopping · In-store pick-up,
https://www.google.com/maps/place/Body+in+Balance+Somatic+Health+%26+Wellness/data=!4m7!3m6!1s0x886c67996b713b17:0xdb284334ca161ea1!8m2!3d39.1662985!4d-86.5352615!16s%2Fg%2F11fmh7vm35!19sChIJFztxa5lnbIgRoR4WyjRDKNs,Body in Balance Somatic Health & Wellness,,,Alternative medicine practitioner,"100 S College Ave Suite 200, Bloomington, IN 47404, United States","5F87+GV Bloomington, Indiana, USA",https://stevegamblin.abmp.com/,+1 812-330-0789,Open · Closes 5 pm,https://lh3.googleusercontent.com/p/AF1QipMvHztt8s4YrqtSdyggfhMK_KA2-saizF1-DaTu=w408-h307-k-no,true,10 am–5 pm,10 am–5 pm,10 am–5 pm,10 am–5 pm,10 am–5 pm,10 am–5 pm,Closed,"https://www.google.com/maps/search/functional+medicine+in+Bloomington+Bloomington+IN/@39.169574,-86.5385549,14z",2026-02-23T16:18:09.919Z,,,,
https://www.google.com/maps/place/Altitude+Apothecary+%2B+Grow/data=!4m7!3m6!1s0x886c5daa9c7e5137:0x9dc296a538b70985!8m2!3d39.1639045!4d-86.5855711!16s%2Fg%2F11s5st689l!19sChIJN1F-nKpdbIgRhQm3OKWWwp0,Altitude Apothecary + Grow,5.0,220,Cannabis store,"307 S Hickory Dr, Bloomington, IN 47403, United States","5C77+HQ Bloomington, Indiana, USA",,+1 812-822-1557,Open · Closes 8 pm,https://lh3.googleusercontent.com/p/AF1QipOVGVzaVKg3RnX_3Zffz1J-dOjiKf04s7LDw7Cg=w408-h306-k-no,true,10 am–8 pm,10 am–8 pm,10 am–8 pm,10 am–8 pm,10 am–8 pm,10 am–8 pm,11 am–8 pm,"https://www.google.com/maps/search/functional+medicine+in+Bloomington+Bloomington+IN/@39.169574,-86.5385549,14z",2026-02-23T16:18:15.713Z,,,· In-store shopping · Kerbside pickup,
https://www.google.com/maps/place/Bloomington+Sports+and+Wellness/data=!4m7!3m6!1s0x886c66df208a7f2d:0x79a696c961481349!8m2!3d39.1627126!4d-86.4903431!16s%2Fg%2F1tx162v2!19sChIJLX-KIN9mbIgRSRNIYcmWpnk,Bloomington Sports and Wellness,5.0,46,Chiropractor,"417 S Clarizz Blvd, Bloomington, IN 47401, United States","5G75+3V Bloomington, Indiana, USA",http://www.bloomingtonsportsandwellness.com/,+1 812-323-7432,Open · Closes 6 pm,https://lh3.googleusercontent.com/p/AF1QipNnvzGjhC7e3J2xH0_zyHC2jVFV5DksnJpxlGp9=w426-h240-k-no,true,11 am–6 pm,7:30 am–1 pm,11 am–6 pm,7:30 am–1 pm,8 am–12 pm,Closed,Closed,"https://www.google.com/maps/search/functional+medicine+in+Bloomington+Bloomington+IN/@39.169574,-86.5385549,14z",2026-02-23T16:18:20.999Z,,,,
https://www.google.com/maps/place/The+Joint+Chiropractic/data=!4m7!3m6!1s0x886c6571038fd7d1:0x8675827629e11c2!8m2!3d39.1635271!4d-86.4991269!16s%2Fg%2F11lc_jlzt7!19sChIJ0dePA3FlbIgRwhGeYidYZwg,The Joint Chiropractic,4.9,269,Chiropractor,"320 S College Mall Rd, Bloomington, IN 47401, United States","5G72+C8 Bloomington, Indiana, USA",https://www.thejoint.com/indiana/bloomington/bloomington-in-19016,+1 812-616-6033,"Open · Closes 2 pm · Reopens 2:45 pm

Confirmed by this business 7 days ago",https://lh3.googleusercontent.com/p/AF1QipPg8-z99bhM9ksepSU6hQdqiwQEmBaTyLBkBxho=w408-h544-k-no,true,"10 am–2 pm, 2:45–7 pm","10 am–2 pm, 2:45–7 pm","10 am–2 pm, 2:45–7 pm","10 am–2 pm, 2:45–7 pm","10 am–2 pm, 2:45–7 pm",10 am–5 pm,Closed,"https://www.google.com/maps/search/functional+medicine+in+Bloomington+Bloomington+IN/@39.169574,-86.5385549,14z",2026-02-23T16:18:26.740Z,,,,
https://www.google.com/maps/place/Drummond+Chiropractic/data=!4m7!3m6!1s0x886c64681508c0fb:0xeda96ad1524253de!8m2!3d39.1715129!4d-86.5337945!16s%2Fg%2F1tdfcvpg!19sChIJ-8AIFWhkbIgR3lNCUtFqqe0,Drummond Chiropractic,4.9,367,Chiropractor,"565 N Walnut St SUITE A, Bloomington, IN 47404, United States","5FC8+JF Bloomington, Indiana, USA",http://www.drummondchiropractic.com/,+1 812-336-2423,Open · Closes 6 pm,https://lh3.googleusercontent.com/p/AF1QipPlebhBvB9nRY5eQo6Ib7lUYuaaCUldB7T6nfzf=w426-h240-k-no,true,8 am–6 pm,8 am–6 pm,"8 am–12 pm, 1–4:30 pm",8 am–6 pm,8 am–6 pm,Closed,Closed,"https://www.google.com/maps/search/functional+medicine+in+Bloomington+Bloomington+IN/@39.169574,-86.5385549,14z",2026-02-23T16:18:32.196Z,LGBTQ+ friendly,,,
https://www.google.com/maps/place/Bloomington+Center+For+Mindfulness/data=!4m7!3m6!1s0x886c66de7f782f0f:0x15e9ead50e0564f0!8m2!3d39.167849!4d-86.5350553!16s%2Fg%2F11c58nwj3b!19sChIJDy94f95mbIgR8GQFDtXq6RU,Bloomington Center For Mindfulness,5.0,1,Alternative medicine practitioner,"205 N College Ave #311, Bloomington, IN 47404, United States","5F97+4X Bloomington, Indiana, USA",,+1 812-369-4257,,https://streetviewpixels-pa.googleapis.com/v1/thumbnail?panoid=Z1-IheLdwjovXJRUcg8V-A&cb_client=search.gws-prod.gps&w=408&h=240&yaw=263.84464&pitch=0&thumbfov=100,false,,,,,,,,"https://www.google.com/maps/search/functional+medicine+in+Bloomington+Bloomington+IN/@39.169574,-86.5385549,14z",2026-02-23T16:18:35.731Z,,,,
https://www.google.com/maps/place/IU+Health+Primary+Care+-+Bloomington+South/data=!4m7!3m6!1s0x886c677b06bf8b79:0xc5f934e67e2d21bc!8m2!3d39.1525002!4d-86.539208!16s%2Fg%2F11h64kqcbw!19sChIJeYu_BntnbIgRvCEtfuY0-cU,IU Health Primary Care - Bloomington South,4.6,72,Medical clinic,"1302 S Rogers St, Bloomington, IN 47403, United States","5F36+28 Bloomington, Indiana, USA",https://iuhealth.org/find-locations/iu-health-primary-care-1302-s-rogers-st-bloomington-south?utm_source=Google&utm_medium=Yext&y_source=1_MTE5NDE5NTQtNzE1LWxvY2F0aW9uLndlYnNpdGU%3D,+1 812-353-3700,Open · Closes 5 pm,https://streetviewpixels-pa.googleapis.com/v1/thumbnail?panoid=N5g8M2catRUNWIBMdo9Vrw&cb_client=search.gws-prod.gps&w=408&h=240&yaw=93.09797&pitch=0&thumbfov=100,true,8 am–5 pm,8 am–5 pm,8 am–7 pm,8 am–7 pm,8 am–5 pm,8 am–5 pm,Closed,"https://www.google.com/maps/search/functional+medicine+in+Bloomington+Bloomington+IN/@39.169574,-86.5385549,14z",2026-02-23T16:18:41.775Z,,,,
"https://www.google.com/maps/place/Jennifer+A.+Meador-Stone,+NCCAOM/data=!4m7!3m6!1s0x886c642641210395:0xc1cb5230c6857607!8m2!3d39.1560312!4d-86.4963952!16s%2Fg%2F1hc8mgv0j!19sChIJlQMhQSZkbIgRB3aFxjBSy8E","Jennifer A. Meador-Stone, NCCAOM",5.0,1,Acupuncturist,"357 S Landmark Ave, Bloomington, IN 47401, United States","5G43+CC Bloomington, Indiana, USA",http://iuhealth.org/,+1 812-334-5815,,https://streetviewpixels-pa.googleapis.com/v1/thumbnail?panoid=Xnp2nTEusyKFtgSvjD8W0g&cb_client=search.gws-prod.gps&w=408&h=240&yaw=69.56778&pitch=0&thumbfov=100,false,,,,,,,,"https://www.google.com/maps/search/functional+medicine+in+Bloomington+Bloomington+IN/@39.169574,-86.5385549,14z",2026-02-23T16:18:45.053Z,,,,
https://www.google.com/maps/place/A+Way+of+Wellness+Chiropractic/data=!4m7!3m6!1s0x886c6715a3dfa359:0xb8fa870f5781723!8m2!3d39.1609448!4d-86.5469196!16s%2Fg%2F1vljh296!19sChIJWaPfoxVnbIgRIxd49XCojws,A Way of Wellness Chiropractic,4.8,64,Chiropractor,"1121 W 2nd St, Bloomington, IN 47403, United States","5F63+96 Bloomington, Indiana, USA",https://www.bloomingtonchiropractor.com/?utm_source=google&utm_medium=organic&utm_campaign=gbp_listing,+1 812-336-2225,Closes soon · 12 pm · Reopens 2 pm,https://lh3.googleusercontent.com/p/AF1QipOmykmxE3ZmTgiE3VG2FAOYbEUOoyAXPZ-n2CRE=w408-h328-k-no,true,"8 am–12 pm, 2–6 pm","8 am–12 pm, 2–6 pm","8 am–12 pm, 2–6 pm","8 am–12 pm, 2–6 pm",Closed,Closed,Closed,"https://www.google.com/maps/search/functional+medicine+in+Bloomington+Bloomington+IN/@39.169574,-86.5385549,14z",2026-02-23T16:18:51.026Z,,,,
"https://www.google.com/maps/place/Southern+Indiana+Family+Practice+Center+Karen+Reid-Renner,+MD.,+MPH/data=!4m7!3m6!1s0x886c67f39bb62669:0x6c1bba7cc66d49f1!8m2!3d39.1632377!4d-86.5156014!16s%2Fg%2F1v6p9lm4!19sChIJaSa2m_NnbIgR8Ultxny6G2w","Southern Indiana Family Practice Center Karen Reid-Renner, MD., MPH",4.4,149,Family practice physician,"1403 Atwater Ave, Bloomington, IN 47401, United States","5F7M+7Q Bloomington, Indiana, USA",https://www.sifpchealth.net/,+1 812-339-6744,Open · Closes 5 pm,https://lh3.googleusercontent.com/p/AF1QipP1m3hsdjSGjWXAYG9qKT9opv9SZDs6_kAzIU6G=w408-h544-k-no,true,8 am–5 pm,8 am–5 pm,8 am–5 pm,8 am–5 pm,9 am–1 pm,Closed,Closed,"https://www.google.com/maps/search/functional+medicine+in+Bloomington+Bloomington+IN/@39.169574,-86.5385549,14z",2026-02-23T16:18:56.586Z,LGBTQ+ friendly,true,,
"https://www.google.com/maps/place/carrie+schimmelpfennig,+ms,+rd,+cd/data=!4m7!3m6!1s0x886c66dfb2355daf:0x3f2d42b4845626e2!8m2!3d39.1678191!4d-86.5351044!16s%2Fg%2F11fx7wx8xm!19sChIJr101st9mbIgR4iZWhLRCLT8","carrie schimmelpfennig, ms, rd, cd",,,Alternative medicine practitioner,"205 N College Ave, Bloomington, IN 47404, United States","5F97+4X Bloomington, Indiana, USA",,+1 720-213-8271,,https://streetviewpixels-pa.googleapis.com/v1/thumbnail?panoid=icncgle6evMJ3-YOmhTyWA&cb_client=search.gws-prod.gps&w=408&h=240&yaw=282.93762&pitch=0&thumbfov=100,false,,,,,,,,"https://www.google.com/maps/search/functional+medicine+in+Bloomington+Bloomington+IN/@39.169574,-86.5385549,14z",2026-02-23T16:19:00.811Z,,,,
https://www.google.com/maps/place/Natural+herbal+medicine+LLC+cbd+dispensary/data=!4m7!3m6!1s0x886c67baf5ebe685:0xd7a0544a89c3ae8!8m2!3d39.1466481!4d-86.5329164!16s%2Fg%2F11jb93nk05!19sChIJhebr9bpnbIgR6DqcqEQFeg0,Natural herbal medicine LLC cbd dispensary,4.7,28,Cannabis store,"1820 S Walnut St, Bloomington, IN 47401, United States","4FW8+MR Bloomington, Indiana, USA",http://www.nhmedicine.com/,+1 812-668-2106,Temporarily closed,https://lh3.googleusercontent.com/gps-cs-s/AHVAweq4DL2p-ItD_nF28UB9FSH2iuNEio-V2gweR5oPq7ht_pVi8x7C_os7iPTWfin1kwT_jYgbPa-I4puOBhCsd6FMGXlhCZaQl7T41LMwj7t2ddsmmFy_H3fD6hqo2sl0vIZIX9irOw=w408-h725-k-no,true,,,,,,,,"https://www.google.com/maps/search/functional+medicine+in+Bloomington+Bloomington+IN/@39.169574,-86.5385549,14z",2026-02-23T16:19:05.990Z,,,,
https://www.google.com/maps/place/Schneck+Integrative+Medicine/data=!4m7!3m6!1s0x886bbfab1d3cad49:0x358b7076f4362c5d!8m2!3d38.9564222!4d-85.8906139!16s%2Fg%2F1vpfk8kc!19sChIJSa08Hau_a4gRXSw29HZwizU,Schneck Integrative Medicine,5.0,5,Doctor,"209 S Walnut St, Seymour, IN 47274, United States","X445+HQ Seymour, Indiana, USA",https://www.schneckmed.org/doctors-offices/schneck-integrative-medicine/home/?utm_source=GMBlisting&utm_medium=organic,+1 812-523-5865,Open · Closes 4:30 pm,https://lh3.googleusercontent.com/p/AF1QipM2NaYUA1Mok7OLI3a_F9zCj8UjaH4MD8UYtNa6=w408-h272-k-no,true,8 am–4:30 pm,8 am–4:30 pm,8 am–4:30 pm,8 am–4:30 pm,8 am–1 pm,Closed,Closed,"https://www.google.com/maps/search/functional+medicine+in+Seymour+Bloomington+IN/@38.9592201,-85.8902547,14z",2026-02-23T16:19:32.155Z,,,,
"https://www.google.com/maps/place/Health+Centered+Medical+%7C+A+Knee,+Back,+%26+Joint+Pain+Clinic/data=!4m7!3m6!1s0x886bbf1e34996939:0x6234528143dd7ab0!8m2!3d38.958575!4d-85.8605009!16s%2Fg%2F1tfk55bl!19sChIJOWmZNB6_a4gRsHrdQ4FSNGI","Health Centered Medical | A Knee, Back, & Joint Pain Clinic",5.0,170,Chiropractor,"1725 E Tipton St #200, Seymour, IN 47274, United States","X45Q+CQ Seymour, Indiana, USA",https://healthcentered.net/,+1 812-519-2963,Open · Closes 6 pm,https://lh3.googleusercontent.com/p/AF1QipMgK2Bki7we6TSIqQqKnuhUUPrCDqDTIbZrrHBe=w408-h299-k-no,true,8 am–6 pm,8 am–5 pm,8 am–6 pm,8 am–6 pm,9 am–1 pm,Closed,Closed,"https://www.google.com/maps/search/functional+medicine+in+Seymour+Bloomington+IN/@38.9592201,-85.8902547,14z",2026-02-23T16:19:37.154Z,,,,
https://www.google.com/maps/place/Well+Life+by+Schneck/data=!4m7!3m6!1s0x886bbf0085bb7a8b:0xe747bbb34dd25c3b!8m2!3d38.9581338!4d-85.8913924!16s%2Fg%2F12lr_4cw6!19sChIJi3q7hQC_a4gRO1zSTbO7R-c,Well Life by Schneck,3.6,13,Family practice physician,"100 N Walnut St, Seymour, IN 47274, United States","X455+7C Seymour, Indiana, USA",http://www.schneckmed.org/doctors-offices/well-life/home/?utm_source=GMBlisting&utm_medium=organic,+1 812-523-5185,Open · Closes 5 pm,https://lh3.googleusercontent.com/p/AF1QipOsMFviNjpnL0incP5Fmf2QjMpxHiJhq4HOMz0Q=w408-h272-k-no,true,7 am–5 pm,7 am–5 pm,7 am–5 pm,7 am–5 pm,7 am–4 pm,Closed,Closed,"https://www.google.com/maps/search/functional+medicine+in+Seymour+Bloomington+IN/@38.9592201,-85.8902547,14z",2026-02-23T16:19:42.873Z,,,,
https://www.google.com/maps/place/Tate+Chiropractic/data=!4m7!3m6!1s0x886bbf3d76b7d635:0x60b1d9c37726bc9d!8m2!3d38.960255!4d-85.8905333!16s%2Fg%2F11sw02p7k8!19sChIJNda3dj2_a4gRnbwmd8PZsWA,Tate Chiropractic,5.0,43,Chiropractor,"300 N Chestnut St Suite 4, Seymour, IN 47274, United States","X465+4Q Seymour, Indiana, USA",http://tatechiropractic.net/,+1 812-515-1020,Open · Closes 5 pm,https://lh3.googleusercontent.com/p/AF1QipMEs8CdQnrwB7mEZKjVX9hGB1z3jNA1wdCg7zRA=w408-h622-k-no,true,9 am–5 pm,12–6 pm,9 am–5 pm,9 am–5 pm,8 am–1 pm,Closed,Closed,"https://www.google.com/maps/search/functional+medicine+in+Seymour+Bloomington+IN/@38.9592201,-85.8902547,14z",2026-02-23T16:19:53.707Z,,,,
"https://www.google.com/maps/place/Dr.+Steven+H.+Windley,+MD/data=!4m7!3m6!1s0x886bbfab1d3cad49:0x1d0ae5f089f5db19!8m2!3d38.9564222!4d-85.8906139!16s%2Fg%2F1tg9j964!19sChIJSa08Hau_a4gRGdv1ifDlCh0","Dr. Steven H. Windley, MD",5.0,13,Family practice physician,"209 S Walnut St, Seymour, IN 47274, United States","X445+HQ Seymour, Indiana, USA",https://www.schneckmed.org/doctors/steven-h-windley,+1 812-523-5865,Open · Closes 4:30 pm,https://lh3.googleusercontent.com/p/AF1QipNz437AESWHwA1xUpkAaOpYOG9WNGEyb475PtGB=w408-h272-k-no,true,8 am–4:30 pm,8 am–4:30 pm,8 am–4:30 pm,8 am–4:30 pm,8 am–1 pm,Closed,Closed,"https://www.google.com/maps/search/functional+medicine+in+Seymour+Bloomington+IN/@38.9592201,-85.8902547,14z",2026-02-23T16:19:59.433Z,,,,
https://www.google.com/maps/place/Schneck+Specialty+Associates/data=!4m7!3m6!1s0x886bbfab107a19df:0x8f07cda1143b93e7!8m2!3d38.9556618!4d-85.8929151!16s%2Fg%2F11g6lzlf98!19sChIJ3xl6EKu_a4gR55M7FKHNB48,Schneck Specialty Associates,4.4,9,Doctor,"225 S Pine St 3rd Floor, Suite 300, Seymour, IN 47274, United States","X444+7R Seymour, Indiana, USA",http://www.schneckmed.org/doctors-offices/schneck-specialty-associates/home/?utm_source=GMBlisting&utm_medium=organic,+1 812-523-7893,Open · Closes 5 pm,https://lh3.googleusercontent.com/p/AF1QipPuyP-enB3x7QOfj0xVG__xjDOh5GnCpD7ZNy0=w408-h272-k-no,true,8 am–5 pm,8 am–5 pm,8 am–5 pm,8 am–5 pm,8 am–5 pm,Closed,Closed,"https://www.google.com/maps/search/functional+medicine+in+Seymour+Bloomington+IN/@38.9592201,-85.8902547,14z",2026-02-23T16:20:05.219Z,,,,
https://www.google.com/maps/place/Schneck+Medical+Center/data=!4m7!3m6!1s0x886bbfab1d3cad49:0xf1383dd11181357d!8m2!3d38.9554974!4d-85.891305!16s%2Fg%2F1tj_5zyv!19sChIJSa08Hau_a4gRfTWBEdE9OPE,Schneck Medical Center,2.9,224,General hospital,"411 W Tipton St, Seymour, IN 47274, United States","X445+5F Seymour, Indiana, USA",http://www.schneckmed.org/?utm_source=GMBlisting&utm_medium=organic,+1 812-522-2349,,https://lh3.googleusercontent.com/p/AF1QipP2H7QPYJqN3fmgrF8hxxp7mDhATSPcRdFEEkLk=w408-h271-k-no,true,Open 24 hours,Open 24 hours,Open 24 hours,Open 24 hours,Open 24 hours,Open 24 hours,Open 24 hours,"https://www.google.com/maps/search/functional+medicine+in+Seymour+Bloomington+IN/@38.9592201,-85.8902547,14z",2026-02-23T16:20:11.029Z,,,,
https://www.google.com/maps/place/Schneck+Foundation/data=!4m7!3m6!1s0x886bbfab107a19df:0xd3279c9df0789c22!8m2!3d38.9539379!4d-85.8899946!16s%2Fg%2F11gf0gn9d6!19sChIJ3xl6EKu_a4gRIpx48J2cJ9M,Schneck Foundation,4.5,2,Foundation,"415 S Walnut St Floor 2, Seymour, IN 47274, United States","X436+H2 Seymour, Indiana, USA",http://www.schneckmed.org/ways-to-help/foundation/home/,+1 812-524-4244,Open · Closes 4 pm,https://lh3.googleusercontent.com/p/AF1QipMmEnz1RbR3spPbXdSVpc7B5w3UTkex_GiPMrGz=w408-h272-k-no,true,9 am–4 pm,9 am–4 pm,9 am–4 pm,9 am–4 pm,9 am–4 pm,Closed,Closed,"https://www.google.com/maps/search/functional+medicine+in+Seymour+Bloomington+IN/@38.9592201,-85.8902547,14z",2026-02-23T16:20:16.374Z,,,,
https://www.google.com/maps/place/Integrated+Health+of+Indiana/data=!4m7!3m6!1s0x886bb36845059155:0xc96990efffed8e31!8m2!3d39.001513!4d-85.624723!16s%2Fg%2F1tlbpx5n!19sChIJVZEFRWiza4gRMY7t_--Qack,Integrated Health of Indiana,4.9,74,Chiropractor,"209 S State St, North Vernon, IN 47265, United States","292G+J4 North Vernon, Indiana, USA",https://www.integratedhealthofindiana.com/,+1 812-346-1757,Closes soon · 12 pm · Reopens 3 pm,https://lh3.googleusercontent.com/gps-cs-s/AHVAwern7zrT8aJofLgKGJHPDkjKG8wc66Q_GPu9pSs2PhIXlM2bT0rdkT8c2tlECNQNl_dlqfpT4JVT5DPUBig_lhp6_KKW9P6BAh6f_Jx6SF_rCvacgzaroU5pe6mg0ghp1M7ORno=w408-h270-k-no,true,"8 am–12 pm, 3–6 pm",8 am–1 pm,"8 am–12 pm, 3–6 pm","8 am–12 pm, 3–6 pm",8 am–1 pm,Closed,Closed,"https://www.google.com/maps/search/functional+medicine+in+Seymour+Bloomington+IN/@38.9592201,-85.8902547,14z",2026-02-23T16:20:21.811Z,,,,
"https://www.google.com/maps/place/Hoosier+Holistic+Health,+LLC/data=!4m7!3m6!1s0x54841e01e1d22df:0x1f264b6874f9c043!8m2!3d39.1713595!4d-86.5315165!16s%2Fg%2F11yr3280x6!19sChIJ3yIdHuBBSAURQ8D5dGhLJh8","Hoosier Holistic Health, LLC",5.0,1,Health consultant,,,https://hoosierholistichealth.carrd.co/,,,https://lh3.googleusercontent.com/p/AF1QipNVo3DXDuwKvCsdt3-q5YhsmPu63zxqg0DWDBD_=w408-h408-k-no,true,,,,,,,,"https://www.google.com/maps/search/functional+medicine+in+Seymour+Bloomington+IN/@38.9592201,-85.8902547,14z",2026-02-23T16:20:27.144Z,,,,
https://www.google.com/maps/place/Peak+Health+LLC+@+Indiana+Center+for+Functional+Medicine/data=!4m7!3m6!1s0x886b5df179aeba83:0x20bf316a73068c!8m2!3d39.6049952!4d-86.1634524!16s%2Fg%2F11gr6z6dh_!19sChIJg7quefFda4gRjAZzajG_IAA,Peak Health LLC @ Indiana Center for Functional Medicine,5.0,1,Holistic medicine practitioner,"3209 W Smith Valley Rd #111, Greenwood, IN 46142, United States","JR3P+XJ Greenwood, Indiana, USA",https://icfmed.com/,+1 317-908-1963,,https://lh3.googleusercontent.com/p/AF1QipN9OSJZuVVON0JCXwQ_qdh1Xa8Cu9NNUuio0tDC=w408-h306-k-no,true,,,,,,,,"https://www.google.com/maps/search/functional+medicine+in+Seymour+Bloomington+IN/@38.9592201,-85.8902547,14z",2026-02-23T16:20:30.238Z,Identifies as women-owned,,,
https://www.google.com/maps/place/Everything+Holistic/data=!4m7!3m6!1s0x886bb36d76c3ffff:0xe0af1ccea1d6dc01!8m2!3d39.3378091!4d-85.4833107!16s%2Fg%2F11h3tndrvb!19sChIJ___Ddm2za4gRAdzWoc4cr-A,Everything Holistic,5.0,41,Reiki therapist,"124 1/2 E Washington St, Greensburg, IN 47240, United States","8GQ8+4M Greensburg, Indiana, USA",http://iamvaleriemassie.com/,,,https://lh3.googleusercontent.com/gps-cs-s/AHVAwep6NbLVMk1zbucnXdfrEG4KJLExo6rYwEWR_ei259XGv9O71stjY5PWVZbyDthNkRdxNWkUOr1vFJ8h-CI1Odib67aQ5Iz7RP8M2xcbkvFKl5S9K7uxm3Nd0yTprNBsIy00omyCrw=w408-h408-k-no,true,Closed,9 am–5 pm,Closed,9 am–5 pm,Closed,9 am–5 pm,9 am–5 pm,"https://www.google.com/maps/search/functional+medicine+in+Seymour+Bloomington+IN/@38.9592201,-85.8902547,14z",2026-02-23T16:20:35.863Z,LGBTQ+ friendly,,,
https://www.google.com/maps/place/Energy+Balancing+Alternative+and+Holistic+Wellness+Center/data=!4m7!3m6!1s0x886ba02dbd62a90f:0xe615ac4e4f4b54d3!8m2!3d39.2054!4d-85.920889!16s%2Fg%2F11dxm8rzf4!19sChIJD6livS2ga4gR01RLT06sFeY,Energy Balancing Alternative and Holistic Wellness Center,5.0,1,Wellness center,"413 7th St #29, Columbus, IN 47201, United States","634H+5J Columbus, Indiana, USA",http://energybalancing444.com/,+1 317-741-4053,Open · Closes 6 pm,https://streetviewpixels-pa.googleapis.com/v1/thumbnail?panoid=jStUdnLX0QXh-KLUDX0rUw&cb_client=search.gws-prod.gps&w=408&h=240&yaw=185.19562&pitch=0&thumbfov=100,true,9 am–6 pm,9 am–6 pm,Closed,9 am–6 pm,9 am–6 pm,Closed,Closed,"https://www.google.com/maps/search/functional+medicine+in+Seymour+Bloomington+IN/@38.9592201,-85.8902547,14z",2026-02-23T16:20:40.997Z,,,,
https://www.google.com/maps/place/Holistic+Family+Medicine+Practice+and+Healing+Center/data=!4m7!3m6!1s0x88696fa2079b1a0d:0xf2d6dd0c966f49fa!8m2!3d38.4028975!4d-85.75434!16s%2Fg%2F11jr6gzvys!19sChIJDRqbB6JvaYgR-klvlgzd1vI,Holistic Family Medicine Practice and Healing Center,4.6,27,Holistic medicine practitioner,"433 N Indiana Ave, Sellersburg, IN 47172, United States","C63W+57 Sellersburg, Indiana, USA",http://healingcenterfp.com/,+1 930-209-0008,Open · Closes 5 pm,https://lh3.googleusercontent.com/p/AF1QipN0gS76lSlv41OH9D8F9-Q_YKYVjlpBRlGsDgBa=w408-h270-k-no,true,9 am–5 pm,9 am–5 pm,9 am–5 pm,9 am–5 pm,Closed,Closed,Closed,"https://www.google.com/maps/search/functional+medicine+in+Seymour+Bloomington+IN/@38.9592201,-85.8902547,14z",2026-02-23T16:20:46.457Z,,,,
https://www.google.com/maps/place/Touchstone+Wellness+Center/data=!4m7!3m6!1s0x886c6426c36941c5:0xa7c9cbb25244da99!8m2!3d39.1327279!4d-86.4986921!16s%2Fg%2F1tjrqqmt!19sChIJxUFpwyZkbIgRmdpEUrLLyac,Touchstone Wellness Center,5.0,51,Massage therapist,"3505 S Constance Ave Suite 1, Bloomington, IN 47401, United States","4GM2+3G Bloomington, Indiana, USA",http://www.touchstonewellness.com/,+1 812-310-4983,Open · Closes 7 pm,https://streetviewpixels-pa.googleapis.com/v1/thumbnail?panoid=JBsmcMwLs9RhJcNBp87q7A&cb_client=search.gws-prod.gps&w=408&h=240&yaw=94.38602&pitch=0&thumbfov=100,true,8 am–7 pm,9 am–7 pm,8 am–7 pm,8 am–7 pm,8 am–7 pm,9 am–7 pm,Closed,"https://www.google.com/maps/search/functional+medicine+in+Seymour+Bloomington+IN/@38.9592201,-85.8902547,14z",2026-02-23T16:20:51.821Z,,,,
https://www.google.com/maps/place/Resilience+Acupuncture/data=!4m7!3m6!1s0x886c67ce57d4174b:0x57b41ead6c970f90!8m2!3d39.1664217!4d-86.5397304!16s%2Fg%2F11fmbkz2lt!19sChIJSxfUV85nbIgRkA-XbK0etFc,Resilience Acupuncture,5.0,13,Acupuncture clinic,"front of the house, 521 W Kirkwood Ave Apartment 1, Bloomington, IN 47404, United States","5F86+H4 Bloomington, Indiana, USA",http://resilienceacupuncture.org/,+1 812-327-5820,"Open · Closes 7:30 pm

Updated by others 7 weeks ago",https://lh3.googleusercontent.com/p/AF1QipM9wmGMnstwRvFxZN8nTqtYl8Oql8QL4gz5g3XC=w408-h356-k-no,true,10 am–7:30 pm,1–7:30 pm,10 am–7:30 pm,10 am–2:30 pm,Closed,Closed,Closed,"https://www.google.com/maps/search/functional+medicine+in+Seymour+Bloomington+IN/@38.9592201,-85.8902547,14z",2026-02-23T16:20:57.914Z,,,,
"https://www.google.com/maps/place/Karin+V.+Drummond,+DC/data=!4m7!3m6!1s0x886c659ad922b3dd:0xc0e414192085ac54!8m2!3d39.1715387!4d-86.5338029!16s%2Fg%2F11g234h0t4!19sChIJ3bMi2ZplbIgRVKyFIBkU5MA","Karin V. Drummond, DC",5.0,1,Chiropractor,"565 N Walnut St SUITE A, Bloomington, IN 47404, United States","5FC8+JF Bloomington, Indiana, USA",http://www.drummondchiropractic.com/,+1 812-336-2423,Open · Closes 6 pm,https://lh3.googleusercontent.com/p/AF1QipO0Kmw8KNPvppmVBj_UqaTrzTOwx7q6vIArehFX=w427-h240-k-no,true,8 am–6 pm,"9 am–12 pm, 1–6 pm",8 am–6 pm,8 am–6 pm,8 am–5 pm,Closed,Closed,"https://www.google.com/maps/search/functional+medicine+in+Seymour+Bloomington+IN/@38.9592201,-85.8902547,14z",2026-02-23T16:21:03.326Z,,,,
https://www.google.com/maps/place/Journey+Health+and+Wellness/data=!4m7!3m6!1s0xab67ddd1f7bf0565:0xa6b9b8b8eed8a3a4!8m2!3d39.6238584!4d-86.1145575!16s%2Fg%2F11k3jdkm23!19sChIJZQW_99HdZ6sRpKPY7ri4uaY,Journey Health and Wellness,5.0,93,Wellness center,"622 N Madison Ave Suite 1 & 2, Greenwood, IN 46142, United States","JVFP+G5 Greenwood, Indiana, USA",https://www.journeyhw.com/,+1 463-300-4345,Open · Closes 5 pm,https://lh3.googleusercontent.com/p/AF1QipOmOmbz_q7CJZvz6pFe8u9satka7L6MBj_rabZ1=w408-h272-k-no,true,9 am–5 pm,10 am–6 pm,9 am–5 pm,10 am–6 pm,9 am–3 pm,Closed,Closed,"https://www.google.com/maps/search/functional+medicine+in+Seymour+Bloomington+IN/@38.9592201,-85.8902547,14z",2026-02-23T16:21:08.659Z,,,,
"https://www.google.com/maps/place/Shreena+Dhawan,+MD+-+IU+Health+Primary+Care+-+Bloomington+South/data=!4m7!3m6!1s0x886c67a498f7c2b9:0x6dda697e306cdb48!8m2!3d39.1606644!4d-86.5553714!16s%2Fg%2F11trxcywpj!19sChIJucL3mKRnbIgRSNtsMH5p2m0","Shreena Dhawan, MD - IU Health Primary Care - Bloomington South",4.6,9,Family practice physician,"550 S Landmark Ave, Bloomington, IN 47403, United States","5C6V+7V Bloomington, Indiana, USA",https://iuhealth.org/find-providers/provider/shreena-dhawan-md-2911883?utm_source=Google&utm_medium=Yext&y_source=1_NzU1NzUzNzAtNzE1LWxvY2F0aW9uLndlYnNpdGU%3D,+1 812-355-3255,Open · Closes 5 pm,https://lh3.googleusercontent.com/p/AF1QipPucUD7MC1gcjhb3Crws8Oa8X7an4R6YxGemJxe=w426-h240-k-no,true,8 am–5 pm,8 am–5 pm,8 am–5 pm,8 am–5 pm,8 am–5 pm,Closed,Closed,"https://www.google.com/maps/search/functional+medicine+in+Seymour+Bloomington+IN/@38.9592201,-85.8902547,14z",2026-02-23T16:21:13.678Z,,,,
https://www.google.com/maps/place/Nutrition+Advancement/data=!4m7!3m6!1s0x886c671510c21c33:0x81906e74fd95a6f2!8m2!3d39.7797845!4d-86.13275!16s%2Fg%2F11h00gwspt!19sChIJMxzCEBVnbIgR8qaV_XRukIE,Nutrition Advancement,5.0,10,Dietitian,,,https://nutritionadvancement.com/,+1 317-292-2354,Open · Closes 5 pm,https://lh3.googleusercontent.com/p/AF1QipMGQWQ2lbergJvDocJPjMBE4eYZ-vyegm5QsxOQ=w408-h245-k-no,true,9 am–5 pm,9 am–5 pm,9 am–5 pm,9 am–5 pm,9 am–5 pm,Closed,Closed,"https://www.google.com/maps/search/functional+medicine+in+Seymour+Bloomington+IN/@38.9592201,-85.8902547,14z",2026-02-23T16:21:18.826Z,Identifies as women-owned,,,
https://www.google.com/maps/place/Sage+River+Wellness+Bloomington+In./data=!4m7!3m6!1s0x886c6709f504b521:0x8d6be1b3c1cb9cf0!8m2!3d39.1084163!4d-86.5311904!16s%2Fg%2F11gxxjn0n5!19sChIJIbUE9QlnbIgR8JzLwbPha40,Sage River Wellness Bloomington In.,5.0,3,Wellness center,"5229 S Old State Rd 37, Bloomington, IN 47401, United States","4F59+9G Bloomington, Indiana, USA",,+1 812-824-9355,,https://streetviewpixels-pa.googleapis.com/v1/thumbnail?panoid=FQ4aHQ18f3uU6DuHXxRIAg&cb_client=search.gws-prod.gps&w=408&h=240&yaw=59.370346&pitch=0&thumbfov=100,false,,,,,,,,"https://www.google.com/maps/search/functional+medicine+in+Seymour+Bloomington+IN/@38.9592201,-85.8902547,14z",2026-02-23T16:21:22.184Z,,,,
"https://www.google.com/maps/place/Transformational+Healing+Center,+Inc./data=!4m7!3m6!1s0x886a8b4cb716e8e3:0xd8045de55fd0a241!8m2!3d39.2918062!4d-85.2245543!16s%2Fg%2F11fknq33tm!19sChIJ4-gWt0yLaogRQaLQX-VdBNg","Transformational Healing Center, Inc.",5.0,7,Holistic medicine practitioner,"279 Central Ave, Batesville, IN 47006, United States","7QRG+P5 Batesville, Indiana, USA",https://transformationalhealingcenter.org/,+1 812-932-3999,Open · Closes 4 pm,https://lh3.googleusercontent.com/p/AF1QipOgRExAo1Tc2baO8qTbbjMZohkMaUZKiw55gq2z=w408-h612-k-no,true,9 am–4 pm,9 am–5 pm,9 am–2 pm,9 am–6 pm,9 am–3 pm,Closed,Closed,"https://www.google.com/maps/search/functional+medicine+in+Seymour+Bloomington+IN/@38.9592201,-85.8902547,14z",2026-02-23T16:21:27.487Z,,,,
https://www.google.com/maps/place/Thrive+Health+%26+Well+Being+LLC/data=!4m7!3m6!1s0x886c66de77acc3dd:0x17c7de77adce420d!8m2!3d39.1672332!4d-86.5351623!16s%2Fg%2F11b7j__4_s!19sChIJ3cOsd95mbIgRDULOrXfexxc,Thrive Health & Well Being LLC,5.0,4,Massage therapist,"115 N College Ave #235, Bloomington, IN 47404, United States","5F87+VW Bloomington, Indiana, USA",http://thrivebloomington.com/,+1 812-345-4088,Open · Closes 5:30 pm,https://lh3.googleusercontent.com/p/AF1QipNBfRAmvKY9X1WZsc-8AXpH-qMwJ4K685AERApd=w424-h240-k-no,true,9:30 am–5:30 pm,9:30 am–5:30 pm,9:30 am–5:30 pm,9:30 am–5:30 pm,9:30 am–5:30 pm,Closed,Closed,"https://www.google.com/maps/search/functional+medicine+in+Seymour+Bloomington+IN/@38.9592201,-85.8902547,14z",2026-02-23T16:21:32.906Z,,,,
https://www.google.com/maps/place/The+Healing+Garden/data=!4m7!3m6!1s0x886c66e320695e0d:0xd9fa3043f48e96ee!8m2!3d39.1562618!4d-86.5371493!16s%2Fg%2F1234pz_ls!19sChIJDV5pIONmbIgR7paO9EMw-tk,The Healing Garden,5.0,2,Acupuncture clinic,"1009 S Madison St, Bloomington, IN 47403, United States","5F47+G4 Bloomington, Indiana, USA",,+1 812-653-5469,Closed · Opens 10 am Tue,https://streetviewpixels-pa.googleapis.com/v1/thumbnail?panoid=Mc1iUmlVUEl4WeyXKC9d5w&cb_client=search.gws-prod.gps&w=408&h=240&yaw=80.843315&pitch=0&thumbfov=100,false,Closed,10 am–6 pm,10 am–6 pm,10 am–6 pm,10 am–6 pm,10 am–6 pm,Closed,"https://www.google.com/maps/search/functional+medicine+in+Seymour+Bloomington+IN/@38.9592201,-85.8902547,14z",2026-02-23T16:21:38.489Z,,,,
"https://www.google.com/maps/place/Brian+R.+Murer,+D.C./data=!4m7!3m6!1s0x886c66df2061d5e3:0x3b726bfe1eef6f13!8m2!3d39.1677491!4d-86.5295298!16s%2Fg%2F1jkyvdlvf!19sChIJ49VhIN9mbIgRE2_vHv5rcjs","Brian R. Murer, D.C.",5.0,3,Chiropractor,"403 E 6th St suite 100, Bloomington, IN 47408, United States","5F9C+35 Bloomington, Indiana, USA",https://www.brianmurer.com/,+1 812-369-4770,Open · Closes 6 pm,https://streetviewpixels-pa.googleapis.com/v1/thumbnail?panoid=xwF6d2ATmBy80Yr48s2V2g&cb_client=search.gws-prod.gps&w=408&h=240&yaw=354.73135&pitch=0&thumbfov=100,true,9:30 am–6 pm,8 am–1 pm,9:30 am–6 pm,8 am–4 pm,8–10 am,Closed,Closed,"https://www.google.com/maps/search/functional+medicine+in+Seymour+Bloomington+IN/@38.9592201,-85.8902547,14z",2026-02-23T16:21:43.940Z,,,,
https://www.google.com/maps/place/Southern+Indiana+Wellness/data=!4m7!3m6!1s0x886c66ddefaca0cd:0x79f91c798015540b!8m2!3d39.1661884!4d-86.5342322!16s%2Fg%2F11f00c84gw!19sChIJzaCs791mbIgRC1QVgHkc-Xk,Southern Indiana Wellness,,,Wellness program,"101 W Kirkwood Ave #140, Bloomington, IN 47404, United States","5F88+F8 Bloomington, Indiana, USA",,+1 812-333-2440,,https://streetviewpixels-pa.googleapis.com/v1/thumbnail?panoid=YxQDV3JEiSvbxnbe0wgf6g&cb_client=search.gws-prod.gps&w=408&h=240&yaw=179.69554&pitch=0&thumbfov=100,false,,,,,,,,"https://www.google.com/maps/search/functional+medicine+in+Seymour+Bloomington+IN/@38.9592201,-85.8902547,14z",2026-02-23T16:21:47.956Z,,,,
https://www.google.com/maps/place/Pixler+Chiropractic+Massage+and+Wellness/data=!4m7!3m6!1s0x886c642722d35a69:0xea62af2cc8918076!8m2!3d39.1564159!4d-86.4970381!16s%2Fg%2F1pzvn4fg5!19sChIJaVrTIidkbIgRdoCRyCyvYuo,Pixler Chiropractic Massage and Wellness,5.0,29,Chiropractor,"903 S College Mall Rd, Bloomington, IN 47401, United States","5G43+H5 Bloomington, Indiana, USA",https://drpixler.com/,+1 812-650-3119,Closes soon · 12 pm · Reopens 2 pm,https://streetviewpixels-pa.googleapis.com/v1/thumbnail?panoid=WmmufK0pT4V228vGSCoXsQ&cb_client=search.gws-prod.gps&w=408&h=240&yaw=113.69724&pitch=0&thumbfov=100,false,"9 am–12 pm, 2–6 pm",2–5 pm,"9 am–12 pm, 2–6 pm","9 am–12 pm, 2–5 pm",9 am–1 pm,Closed,Closed,"https://www.google.com/maps/search/functional+medicine+in+Seymour+Bloomington+IN/@38.9592201,-85.8902547,14z",2026-02-23T16:21:53.877Z,,,,
https://www.google.com/maps/place/True+Health+Chiropractic+%26+Sports+Rehab+LLC/data=!4m7!3m6!1s0x886c5f0009a7f27b:0x972e476d7aa89837!8m2!3d39.1303861!4d-86.5334698!16s%2Fg%2F1tg9j96n!19sChIJe_KnCQBfbIgRN5ioem1HLpc,True Health Chiropractic & Sports Rehab LLC,5.0,18,Chiropractor,"3070 S Walnut St, Bloomington, IN 47401, United States","4FJ8+5J Bloomington, Indiana, USA",,+1 812-287-8281,Closed · Opens 1 pm,https://lh3.googleusercontent.com/gps-cs-s/AHVAweoqICd8Oq0CB_GaUwePv_QtNk7PB4QhJE9yc1lac129tTPr3RAzQHQh05wHGnxWIcWKUaz_elKfm5wuCxgamR2D0Xi2SpZbP038sn3y3dIroSPdcLYoZ1dAo4wVx4U3dHU3-ZJc=w408-h272-k-no,true,1–7 pm,9 am–7 pm,1–7 pm,9 am–7 pm,9 am–12 pm,Closed,Closed,"https://www.google.com/maps/search/functional+medicine+in+Seymour+Bloomington+IN/@38.9592201,-85.8902547,14z",2026-02-23T16:22:00.093Z,,,,
https://www.google.com/maps/place/Glow+-+Lifestyle+Complementary+Wellness/data=!4m7!3m6!1s0xa6578d146913d75:0xab8cddcce54604fc!8m2!3d25.9778294!4d-4.129531!16s%2Fg%2F11vk4c11c2!19sChIJdT2RRtF4ZQoR_ARG5czdjKs,Glow - Lifestyle Complementary Wellness,5.0,1,Wellness program,,,https://letsglowwellness.wordpress.com/,+1 812-955-0546,,https://lh3.googleusercontent.com/p/AF1QipOfkh-71zdwKIqTmRSAth5oz6DCJx7CLO0JeKvH=w408-h306-k-no,true,,,,,,,,"https://www.google.com/maps/search/functional+medicine+in+Seymour+Bloomington+IN/@38.9592201,-85.8902547,14z",2026-02-23T16:22:03.159Z,,,,
https://www.google.com/maps/place/Indiana+Chiropractic+%26+Rehab+-+Dr.+Aaron+Mobley+D.C./data=!4m7!3m6!1s0x886c5df529ecabb9:0xe9dc4a238689a8b8!8m2!3d39.1975823!4d-86.53526!16s%2Fg%2F1tffq2g4!19sChIJuavsKfVdbIgRuKiJhiNK3Ok,Indiana Chiropractic & Rehab - Dr. Aaron Mobley D.C.,4.9,20,Chiropractor,"2901 N Walnut St, Bloomington, IN 47404, United States","5FX7+2V Bloomington, Indiana, USA",http://www.bloomchiro.net/,+1 812-336-7246,Open · Closes 4 pm,https://lh3.googleusercontent.com/p/AF1QipNUG95ZOcaD7NMdB8rhZG5ltMBUQ19WmCxcCrua=w461-h240-k-no,true,8 am–4 pm,8 am–6 pm,8 am–4 pm,8 am–6 pm,8 am–4 pm,9–11 am,Closed,"https://www.google.com/maps/search/functional+medicine+in+Seymour+Bloomington+IN/@38.9592201,-85.8902547,14z",2026-02-23T16:22:08.306Z,,,,
https://www.google.com/maps/place/AlphaOmega+Wellness/data=!4m7!3m6!1s0x886b5d4b18c1275d:0x36ac88044b84666d!8m2!3d39.5771467!4d-86.158413!16s%2Fg%2F11f9x_7xx0!19sChIJXSfBGEtda4gRbWaESwSIrDY,AlphaOmega Wellness,4.9,88,Medical office,"1777 W Stones Crossing Rd, Greenwood, IN 46143, United States","HRGR+VJ Greenwood, Indiana, USA",http://www.alphaomegawellness.com/,+1 317-300-4091,Open · Closes 4 pm,https://lh3.googleusercontent.com/p/AF1QipOFCRsxZGMSAYIuCQji95lQa-K1XyHpOfc5sfyH=w408-h544-k-no,true,8 am–4 pm,8 am–4 pm,8 am–4 pm,8 am–4 pm,8 am–4 pm,Closed,Closed,"https://www.google.com/maps/search/functional+medicine+in+Seymour+Bloomington+IN/@38.9592201,-85.8902547,14z",2026-02-23T16:22:14.045Z,,,,
https://www.google.com/maps/place/Bough+Mary+A+DC/data=!4m7!3m6!1s0x886c643fc27daf3d:0xe7572c0fee9f3390!8m2!3d39.1632423!4d-86.4803544!16s%2Fg%2F1tt8d01q!19sChIJPa99wj9kbIgRkDOf7g8sV-c,Bough Mary A DC,4.5,6,Chiropractor,"3901 E Hagan St STE C, Bloomington, IN 47401, United States","5G79+7V Bloomington, Indiana, USA",,+1 812-336-7552,Closes soon · 12 pm · Reopens 1:30 pm,https://streetviewpixels-pa.googleapis.com/v1/thumbnail?panoid=MHSoBFxFs7hzM-mB7cAInw&cb_client=search.gws-prod.gps&w=408&h=240&yaw=351.90564&pitch=0&thumbfov=100,false,"8:30 am–12 pm, 1:30–6 pm",11 am–6 pm,"8:30 am–12 pm, 1:30–5 pm",Closed,8 am–2 pm,Closed,Closed,"https://www.google.com/maps/search/functional+medicine+in+Seymour+Bloomington+IN/@38.9592201,-85.8902547,14z",2026-02-23T16:22:19.283Z,,,,
https://www.google.com/maps/place/Restore+Health+Center/data=!4m7!3m6!1s0x8864d936d914adaf:0xbe4d401ef4b796d1!8m2!3d39.9200125!4d-86.2202553!16s%2Fg%2F11b5wqcrbg!19sChIJr60U2TbZZIgR0Za39B5ATb4,Restore Health Center,4.9,206,Alternative medicine practitioner,"3500 Depauw Blvd Suite 1040, Indianapolis, IN 46268, United States","WQCH+2V Indianapolis, Indiana, USA",https://restore-healthcenter.com/,+1 317-240-8646,Open · Closes 5:30 pm,https://lh3.googleusercontent.com/gps-cs-s/AHVAwepQx5sPNxh2xk18gkB49djJgyRBx2E-_g6_Cs0fBJD5NoMdYk8DIWMQCrEHUuRp54n6dxhbmeRrKKzRlaqdo_XfvS0I6C6XjxN9NWjx1q6zEFRo7FbK8ZBDF3Xv5KjlziMBi5QJ=w408-h408-k-no,true,8:30 am–5:30 pm,8:30 am–3 pm,8:30 am–5:30 pm,8:30 am–3 pm,Closed,Closed,Closed,"https://www.google.com/maps/search/functional+medicine+in+Seymour+Bloomington+IN/@38.9592201,-85.8902547,14z",2026-02-23T16:22:25.120Z,LGBTQ+ friendly,,,
https://www.google.com/maps/place/H2Oasis+Infusion+and+Wellness+Clinic/data=!4m7!3m6!1s0x886c6707f640fcad:0x4282ca5d95c9b069!8m2!3d39.16736!4d-86.494476!16s%2Fg%2F11vwsycsm4!19sChIJrfxA9gdnbIgRabDJlV3KgkI,H2Oasis Infusion and Wellness Clinic,5.0,14,Weight loss service,"104 N Pete Ellis Dr suite a, Bloomington, IN 47408, United States","5G84+W6 Bloomington, Indiana, USA",https://h2oasisiv.com/,+1 812-826-4492,"Open · Closes 5 pm

Updated by this business 1 week ago",https://lh3.googleusercontent.com/p/AF1QipMS_ovGOZpvK2dCUzd0wYPBvokjp1Zv3yXnX7Kj=w408-h544-k-no,true,9 am–5 pm,9 am–5 pm,9 am–5 pm,9 am–5 pm,9 am–5 pm,Closed,11 am–5 pm,"https://www.google.com/maps/search/functional+medicine+in+Seymour+Bloomington+IN/@38.9592201,-85.8902547,14z",2026-02-23T16:22:30.903Z,,,,
"https://www.google.com/maps/place/Dr.+Mandi+McCoy,+D.C./data=!4m7!3m6!1s0x886c673cf6b3ec73:0xc4078c5ffc798b87!8m2!3d39.1715248!4d-86.5338045!16s%2Fg%2F11rd2hp8n_!19sChIJc-yz9jxnbIgRh4t5_F-MB8Q","Dr. Mandi McCoy, D.C.",5.0,1,Chiropractor,"565 N Walnut St SUITE A, Bloomington, IN 47404, United States","5FC8+JF Bloomington, Indiana, USA",https://drummondchiropractic.com/meet-dr-mandi-mccoy,+1 812-336-2423,Open · Closes 5 pm,https://lh3.googleusercontent.com/p/AF1QipPPuCt9A4JF4VQy5EaC9iWM0MZCR03deYizjU1O=w427-h240-k-no,true,8 am–5 pm,8 am–5 pm,8 am–4:30 pm,8 am–5 pm,8 am–1 pm,Closed,Closed,"https://www.google.com/maps/search/functional+medicine+in+Seymour+Bloomington+IN/@38.9592201,-85.8902547,14z",2026-02-23T16:22:36.636Z,,,,
https://www.google.com/maps/place/Indiana+Chiropractic+and+Rehab+LLC/data=!4m7!3m6!1s0x886c5df529ecabff:0xde6e4e3896254d99!8m2!3d39.1975924!4d-86.5353466!16s%2Fg%2F11_txhxnb!19sChIJ_6vsKfVdbIgRmU0lljhObt4,Indiana Chiropractic and Rehab LLC,5.0,33,Chiropractor,"2901 N Walnut St, Bloomington, IN 47404, United States","5FX7+2V Bloomington, Indiana, USA",http://www.bloomchiro.net/,+1 812-336-7246,Open · Closes 5 pm,https://lh3.googleusercontent.com/gps-cs-s/AHVAweooCMCAKUWhIR4-wbw3Jq8gezdFNVSfoEC-iXKUVqxaqUzNurhSA_EMmcOckIGgfI7pmz6h2E-fPKaAMAGil2_sWBoKWBieAjwWIT_vEEnq79G8sCiQm4lfB6nIvYxX_xHYj3-n1w=w408-h544-k-no,true,8 am–5 pm,8 am–5 pm,8 am–5 pm,8 am–5 pm,8 am–1 pm,9–11 am,Closed,"https://www.google.com/maps/search/functional+medicine+in+Seymour+Bloomington+IN/@38.9592201,-85.8902547,14z",2026-02-23T16:22:41.614Z,,,,
https://www.google.com/maps/place/Rolf+Posture+Balancing+-+Rolfing/data=!4m7!3m6!1s0x886c61799cc71b13:0xa4df266deb7b72ab!8m2!3d39.1702037!4d-86.5456744!16s%2Fg%2F11gydm4wgj!19sChIJExvHnHlhbIgRq3J7620m36Q,Rolf Posture Balancing - Rolfing,5.0,4,Alternative medicine practitioner,"417 N Elm St, Bloomington, IN 47404, United States","5FC3+3P Bloomington, Indiana, USA",http://www.rolfposturebalancing.abmp.com/,+1 812-583-1433,Open · Closes 6 pm,https://lh3.googleusercontent.com/p/AF1QipMMZSThRISrGXQ8r-rCRp_N3xaqxyYJ2fm_Whc9=w408-h244-k-no,true,8 am–6 pm,8 am–6 pm,8 am–6 pm,8 am–6 pm,9 am–5 pm,9 am–3 pm,Closed,"https://www.google.com/maps/search/functional+medicine+in+Seymour+Bloomington+IN/@38.9592201,-85.8902547,14z",2026-02-23T16:22:47.049Z,,,,
"https://www.google.com/maps/place/Ying+Jia,+Acupuncturis/data=!4m7!3m6!1s0x886c66d0b5d587a7:0x3be7ac98007de059!8m2!3d39.1773783!4d-86.5344392!16s%2Fg%2F1v831vql!19sChIJp4fVtdBmbIgRWeB9AJis5zs","Ying Jia, Acupuncturis",4.8,5,Acupuncturist,"1112 N College Ave, Bloomington, IN 47404, United States","5FG8+X6 Bloomington, Indiana, USA",,+1 812-336-6216,,https://streetviewpixels-pa.googleapis.com/v1/thumbnail?panoid=BgyTnIBsQ4nNoYfB-_5r9Q&cb_client=search.gws-prod.gps&w=408&h=240&yaw=79.65256&pitch=0&thumbfov=100,false,,,,,,,,"https://www.google.com/maps/search/functional+medicine+in+Seymour+Bloomington+IN/@38.9592201,-85.8902547,14z",2026-02-23T16:22:50.419Z,,,,
"https://www.google.com/maps/place/OUR+PATH+TO+WELLNESS,+LLC/data=!4m7!3m6!1s0x27fb799d6c35e6e9:0x54663464a7d1b157!8m2!3d39.0701506!4d-86.2131415!16s%2Fg%2F11lp8t54ww!19sChIJ6eY1bJ15-ycRV7HRp2Q0ZlQ","OUR PATH TO WELLNESS, LLC",5.0,1,Wellness program,,,https://www.ourpathtowellness.com/,+1 812-272-9912,Open · Closes 5 pm,https://lh3.googleusercontent.com/p/AF1QipPTMeAG8VOi1FZ7QTZsw5cJwzmNbViUTDVqsONX=w408-h408-k-no,true,9 am–5 pm,9 am–5 pm,9 am–5 pm,9 am–5 pm,9 am–5 pm,Closed,Closed,"https://www.google.com/maps/search/functional+medicine+in+Seymour+Bloomington+IN/@38.9592201,-85.8902547,14z",2026-02-23T16:22:55.424Z,LGBTQ+ friendly,,,
https://www.google.com/maps/place/Hoosier+Family+Chiropractic/data=!4m7!3m6!1s0x886c643fc27daf3d:0xb0cff170254c896d!8m2!3d39.1633758!4d-86.4804401!16s%2Fg%2F1v5k3s4g!19sChIJPa99wj9kbIgRbYlMJXDxz7A,Hoosier Family Chiropractic,5.0,294,Chiropractor,"3901 E Hagan St STE C, Bloomington, IN 47401, United States","5G79+9R Bloomington, Indiana, USA",https://drmaryann.com/,+1 812-336-7552,Closes soon · 12 pm · Reopens 1:30 pm,https://lh3.googleusercontent.com/p/AF1QipP-wTFZfL4DmjitBWL6qEFCL6NBJg2fZArEzQBi=w408-h308-k-no,true,"8:30 am–12 pm, 1:30–6 pm",11 am–6 pm,"8:30 am–12 pm, 1:30–5 pm",Closed,8:30 am–2 pm,Closed,Closed,"https://www.google.com/maps/search/functional+medicine+in+Seymour+Bloomington+IN/@38.9592201,-85.8902547,14z",2026-02-23T16:23:01.179Z,,,,
https://www.google.com/maps/place/HART+Rock+Wellness+Arts+and+Quilter%27s+Comfort/data=!4m7!3m6!1s0x886c672015c46193:0xeeb4f9c94d055403!8m2!3d39.167032!4d-86.5333351!16s%2Fg%2F1w8wbs6y!19sChIJk2HEFSBnbIgRA1QFTcn5tO4,HART Rock Wellness Arts and Quilter's Comfort,,,Arts organization,"112 N Walnut St, Bloomington, IN 47404, United States","5F88+RM Bloomington, Indiana, USA",https://www.quilterscomfort.com/hartrocknetwork.htm,+1 812-369-5357,Closed · Opens 1 pm Fri,https://streetviewpixels-pa.googleapis.com/v1/thumbnail?panoid=Nd_w7604VV2evhbtV99ZvQ&cb_client=search.gws-prod.gps&w=408&h=240&yaw=92.35149&pitch=0&thumbfov=100,false,Closed,Closed,Closed,Closed,1–6 pm,1–4 pm,Closed,"https://www.google.com/maps/search/functional+medicine+in+Seymour+Bloomington+IN/@38.9592201,-85.8902547,14z",2026-02-23T16:23:06.741Z,,,,
"https://www.google.com/maps/place/Randy+L.+Carmichael,+DC/data=!4m7!3m6!1s0x886c5d80382fe945:0xef427bb5635730b0!8m2!3d39.146897!4d-86.5822499!16s%2Fg%2F1thghsdw!19sChIJRekvOIBdbIgRsDBXY7V7Qu8","Randy L. Carmichael, DC",4.5,4,Chiropractor,"3937 W Roll Ave, Bloomington, IN 47403, United States","4CW9+Q4 Bloomington, Indiana, USA",,+1 812-332-3232,Open · Closes 1 pm · Reopens 2 pm,https://streetviewpixels-pa.googleapis.com/v1/thumbnail?panoid=WZSFrkIlKeg118NQjrwVjA&cb_client=search.gws-prod.gps&w=408&h=240&yaw=117.93971&pitch=0&thumbfov=100,false,"8:30 am–1 pm, 2–7 pm","8:30 am–1 pm, 2–5 pm",8:30 am–1 pm,"8:30 am–1 pm, 2–7 pm","8:30 am–1 pm, 2–5 pm",Closed,Closed,"https://www.google.com/maps/search/functional+medicine+in+Seymour+Bloomington+IN/@38.9592201,-85.8902547,14z",2026-02-23T16:23:12.302Z,,,,
https://www.google.com/maps/place/Vive+Chiropractic/data=!4m7!3m6!1s0x886c671da8d44697:0x52acd961cfd35196!8m2!3d39.1922082!4d-86.5320962!16s%2Fg%2F11qpz711yv!19sChIJl0bUqB1nbIgRllHTz2HZrFI,Vive Chiropractic,5.0,16,Chiropractor,"2620 N Walnut St Suite 805B, Bloomington, IN 47404, United States","5FR9+V5 Bloomington, Indiana, USA",https://vivechiropractic.com/,+1 812-269-2414,Closed · Opens 8 am Wed,https://lh3.googleusercontent.com/p/AF1QipMo2UGHFF3skGr_ORe9hcI4tzOIYQer7phqDOPR=w408-h272-k-no,true,Closed,Closed,8 am–3:30 pm,Closed,8 am–4:30 pm,Closed,Closed,"https://www.google.com/maps/search/functional+medicine+in+Seymour+Bloomington+IN/@38.9592201,-85.8902547,14z",2026-02-23T16:23:18.096Z,,,,
https://www.google.com/maps/place/Health+and+Wellness+of+Carmel+LLC/data=!4m7!3m6!1s0x8814ac60bda41383:0x77554c3349856b07!8m2!3d39.962687!4d-86.1556726!16s%2Fg%2F1tfvzrk8!19sChIJgxOkvWCsFIgRB2uFSTNMVXc,Health and Wellness of Carmel LLC,4.7,379,Doctor,"11900 N Pennsylvania St #200, Carmel, IN 46032, United States","XR7V+3P Carmel, Indiana, USA",https://hwofc.com/,+1 317-663-7123,Open · Closes 5 pm,https://lh3.googleusercontent.com/p/AF1QipO6HAGg5WBOJHdbV-T2rrn083RZBLFM3ip0qGyl=w427-h240-k-no,true,7:30 am–5 pm,7:30 am–5 pm,7:30 am–5 pm,7:30 am–5 pm,7:30 am–5 pm,Closed,Closed,"https://www.google.com/maps/search/functional+medicine+in+Seymour+Bloomington+IN/@38.9592201,-85.8902547,14z",2026-02-23T16:23:23.843Z,LGBTQ+ friendly,,,
https://www.google.com/maps/place/The+Functional+MDs/data=!4m7!3m6!1s0x8814ad4e887e8a91:0xfb4032d438561e00!8m2!3d39.9629195!4d-86.1236448!16s%2Fg%2F11y6nrsnq6!19sChIJkYp-iE6tFIgRAB5WONQyQPs,The Functional MDs,5.0,32,Medical clinic,"75 Executive Dr SUITE D, Carmel, IN 46032, United States","XV7G+5G Carmel, Indiana, USA",https://thefunctionalmds.com/,+1 855-659-7311,Open · Closes 5 pm,https://lh3.googleusercontent.com/p/AF1QipO1WLcn_6p1dpX8MoWneE57zrM3giBxbKwoTe6R=w408-h271-k-no,true,9 am–5 pm,9 am–5 pm,9 am–5 pm,9 am–5 pm,9 am–5 pm,Closed,Closed,"https://www.google.com/maps/search/functional+medicine+in+Seymour+Bloomington+IN/@38.9592201,-85.8902547,14z",2026-02-23T16:23:29.057Z,,,,
https://www.google.com/maps/place/Carmichael+Chiropractic+Clinic/data=!4m7!3m6!1s0x886c5d80382feebd:0x59b7311242ba0ee4!8m2!3d39.1468969!4d-86.5822499!16s%2Fg%2F1tkb5vsf!19sChIJve4vOIBdbIgR5A66QhIxt1k,Carmichael Chiropractic Clinic,5.0,6,Chiropractor,"3937 W Roll Ave, Bloomington, IN 47403, United States","4CW9+Q4 Bloomington, Indiana, USA",,+1 812-332-3232,Open · Closes 1 pm · Reopens 2 pm,https://lh3.googleusercontent.com/gps-cs-s/AHVAwepSnaYPFkFSzPrRYks2aKVb1vfRZty2WLtjwhsf-HcFplr-zwD0yb3eD-PcddHSXVDo5JuHPXtFwmrbBezLpeXQGh0KrleFqbYKOweCIZTUwVID1NskFymTb7f7v7m9Q3doP5UMP8HzelhT=w408-h306-k-no,false,"9 am–1 pm, 2–7 pm","9 am–1 pm, 2–5 pm","9 am–1 pm, 2–5 pm","9 am–1 pm, 2–7 pm",9 am–1 pm,Closed,Closed,"https://www.google.com/maps/search/functional+medicine+in+Seymour+Bloomington+IN/@38.9592201,-85.8902547,14z",2026-02-23T16:23:34.399Z,,,,
"https://www.google.com/maps/place/Hoosier+Holistic+Health/@46.423669,-129.9427085,3z/data=!3m1!4b1!4m6!3m5!1s0xe79060c6be5e2ab:0x7967763ef1bf6cf4!8m2!3d46.423669!4d-129.9427086!16s%2Fg%2F11mrtt10t1",Hoosier Holistic Health,,,Coaching center,,,,+1 812-727-8005,,,true,,,,,,,,"https://www.google.com/maps/search/functional+medicine+in+Seymour+Bloomington+IN/@38.9592201,-85.8902547,14z",2026-02-23T16:23:39.165Z,,,,
https://www.google.com/maps/place/Theraplay/data=!4m7!3m6!1s0x886c67489b2041e1:0xe98970b8b8a58ab3!8m2!3d39.1807289!4d-86.5960235!16s%2Fg%2F11b67nlyy8!19sChIJ4UEgm0hnbIgRs4qluLhwiek,Theraplay,5.0,49,Physical therapist,"4651 W Vernal Pike, Bloomington, IN 47404, United States","5CJ3+7H Bloomington, Indiana, USA",http://www.theraplayspine.com/,+1 812-332-7529,,https://lh3.googleusercontent.com/gps-cs-s/AHVAweo6MXXzypDXG9GfYGnpV7vZPnmGiEWEVbM_qJI7aZqfUQFwAhklt8qkZMWPLXHY6KlV2ZMGVlbN5iG91u0GuvrYNEmeqMIbAUfCvA8GH-sTClyZPrNur1XaVx3nJuxIt1QemisN4w=w408-h396-k-no,true,,,,,,,,"https://www.google.com/maps/search/functional+medicine+in+Seymour+Bloomington+IN/@38.9592201,-85.8902547,14z",2026-02-23T16:23:42.490Z,,,,
https://www.google.com/maps/place/Wellspring+Functional+Health/data=!4m7!3m6!1s0x8814ada6602df97b:0x4593c81f5ac49686!8m2!3d39.9576881!4d-86.1199268!16s%2Fg%2F11fylnf1z4!19sChIJe_ktYKatFIgRhpbEWh_Ik0U,Wellspring Functional Health,5.0,9,Medical clinic,"Stratford Center, 1980 E 116th St #315, Carmel, IN 46032, United States","XV5J+32 Carmel, Indiana, USA",http://www.wellspringfunctionalhealth.com/,+1 317-750-6121,Open · Closes 6:30 pm,https://lh3.googleusercontent.com/p/AF1QipO6cuHrCaZ8VMNcgydlqP2uS_94M8ZNs0QZRi1t=w408-h306-k-no,true,10:30 am–6:30 pm,10:30 am–6:30 pm,10:30 am–6:30 pm,10:30 am–6:30 pm,10:30 am–3:30 pm,Closed,Closed,"https://www.google.com/maps/search/functional+medicine+in+Seymour+Bloomington+IN/@38.9592201,-85.8902547,14z",2026-02-23T16:23:47.851Z,,,,
https://www.google.com/maps/place/The+Center+for+Fully+Functional+Health/data=!4m7!3m6!1s0x8814adc9cf7e1eb1:0xac550ac367a4191e!8m2!3d39.97912!4d-86.127327!16s%2Fg%2F1q5brr4s1!19sChIJsR5-z8mtFIgRHhmkZ8MKVaw,The Center for Fully Functional Health,4.7,113,Family practice physician,"40 N Rangeline Rd, Carmel, IN 46032, United States","XVHF+J3 Carmel, Indiana, USA",https://fullyfunctional.com/?utm_source=gmb&utm_medium=organic,+1 317-989-8463,Open · Closes 5 pm,https://lh3.googleusercontent.com/p/AF1QipPLyW07v20Q5Bpbv8sKAiV0XzYJaqRr2zBtytEn=w408-h612-k-no,true,8 am–5 pm,8 am–5 pm,8 am–5 pm,8 am–5 pm,Closed,Closed,Closed,"https://www.google.com/maps/search/functional+medicine+in+Seymour+Bloomington+IN/@38.9592201,-85.8902547,14z",2026-02-23T16:23:53.249Z,,,,
"https://www.google.com/maps/place/Health+Check+LLC/@39.1925961,-86.5317275,17z/data=!3m1!4b1!4m6!3m5!1s0x886c612eed863261:0x31857e5c98be860a!8m2!3d39.1925961!4d-86.5317275!16s%2Fg%2F1tl9n9rm",Health Check LLC,,,Wellness program,"2620 N Walnut St # 400, Bloomington, IN 47404, United States","5FV9+28 Bloomington, Indiana, USA",,+1 812-335-1824,,,false,,,,,,,,"https://www.google.com/maps/search/functional+medicine+in+Seymour+Bloomington+IN/@38.9592201,-85.8902547,14z",2026-02-23T16:23:58.542Z,,,,
https://www.google.com/maps/place/Holistic+Family+Wellness/data=!4m7!3m6!1s0x886b54c89710f1d1:0x9650dbf996737d13!8m2!3d39.9100354!4d-86.1987602!16s%2Fg%2F1tg_gt57!19sChIJ0fEQl8hUa4gRE31zlvnbUJY,Holistic Family Wellness,4.7,30,Holistic medicine practitioner,"8424 Naab Rd #3P, Indianapolis, IN 46260, United States","WR62+2F Indianapolis, Indiana, USA",https://holisticwellnessindiana.com/,+1 317-608-6090,Open · Closes 4 pm,https://lh3.googleusercontent.com/p/AF1QipNZU-YkIXXc2vyamMy3rzpJtJKxvAiK49yeIcBi=w493-h240-k-no,true,8 am–4 pm,8 am–4 pm,8 am–4 pm,8 am–4 pm,10 am–12 pm,Closed,Closed,"https://www.google.com/maps/search/functional+medicine+in+Seymour+Bloomington+IN/@38.9592201,-85.8902547,14z",2026-02-23T16:24:03.882Z,,,,
https://www.google.com/maps/place/East+West+Acupuncture+Inc./data=!4m7!3m6!1s0x886c6715c6f19dc1:0xd9394068fb559743!8m2!3d39.1633245!4d-86.5559806!16s%2Fg%2F12630hxs_!19sChIJwZ3xxhVnbIgRQ5dV-2hAOdk,East West Acupuncture Inc.,4.3,7,Acupuncturist,"357 S Landmark Ave, Bloomington, IN 47403, United States","5C7V+8J Bloomington, Indiana, USA",http://eastwestacupuncture.com/,+1 812-334-5815,Open · Closes 4:30 pm,https://streetviewpixels-pa.googleapis.com/v1/thumbnail?panoid=BxiE3J6tkRJHAB0Qg48Y-g&cb_client=search.gws-prod.gps&w=408&h=240&yaw=119.10317&pitch=0&thumbfov=100,true,9:30 am–4:30 pm,Closed,9:30 am–4:30 pm,Closed,Closed,Closed,Closed,"https://www.google.com/maps/search/functional+medicine+in+Seymour+Bloomington+IN/@38.9592201,-85.8902547,14z",2026-02-23T16:24:09.591Z,,,,
"https://www.google.com/maps/place/Norman+J.+Houze,+DC/data=!4m7!3m6!1s0x886c669f7e8f96df:0xd95f9757d890c2d6!8m2!3d39.1645678!4d-86.5022998!16s%2Fg%2F1tj5lxgx!19sChIJ35aPfp9mbIgR1sKQ2FeXX9k","Norman J. Houze, DC",3.7,3,Chiropractor,"2501 E 3rd St, Bloomington, IN 47401, United States","5F7X+R3 Bloomington, Indiana, USA",https://bloomingtonchiropracticcenter.com/Our_Staff.php,+1 812-332-6427,Open · Closes 6 pm,https://streetviewpixels-pa.googleapis.com/v1/thumbnail?panoid=zT6_VOJAZ3uSelL7c9xZQA&cb_client=search.gws-prod.gps&w=408&h=240&yaw=354.74496&pitch=0&thumbfov=100,true,8 am–6 pm,8:30 am–6 pm,8 am–6 pm,8:30 am–6 pm,8 am–6 pm,8:30 am–12 pm,Closed,"https://www.google.com/maps/search/functional+medicine+in+Seymour+Bloomington+IN/@38.9592201,-85.8902547,14z",2026-02-23T16:24:15.048Z,,,,
https://www.google.com/maps/place/Bloomington+Chiropractic+Center/data=!4m7!3m6!1s0x886c669f7e8f96df:0x5563e50f7ab3972e!8m2!3d39.164533!4d-86.5024229!16s%2Fg%2F1tct9gc2!19sChIJ35aPfp9mbIgRLpezeg_lY1U,Bloomington Chiropractic Center,4.1,32,Chiropractor,"2501 E 3rd St, Bloomington, IN 47401, United States","5F7X+R2 Bloomington, Indiana, USA",http://www.bloomingtonchiropracticcenter.com/,+1 812-332-6427,Open · Closes 6 pm,https://streetviewpixels-pa.googleapis.com/v1/thumbnail?panoid=vV6qjKuhZF5LhFOHfgRvdA&cb_client=search.gws-prod.gps&w=408&h=240&yaw=47.10085&pitch=0&thumbfov=100,true,8:30 am–6 pm,8:30 am–6 pm,8:30 am–6 pm,8:30 am–6 pm,8:30 am–6 pm,8:30 am–12:30 pm,Closed,"https://www.google.com/maps/search/functional+medicine+in+Seymour+Bloomington+IN/@38.9592201,-85.8902547,14z",2026-02-23T16:24:20.688Z,,,,
"https://www.google.com/maps/place/Douglas+D.+Bright,+DC/data=!4m7!3m6!1s0x886c5d8031e1301f:0xc1cc0e485d2d4a1a!8m2!3d39.145288!4d-86.5821639!16s%2Fg%2F1th0c5hk!19sChIJHzDhMYBdbIgRGkotXUgOzME","Douglas D. Bright, DC",5.0,3,Chiropractor,"2215 S Curry Pike, Bloomington, IN 47403, United States","4CW9+44 Bloomington, Indiana, USA",,+1 812-332-4150,,https://streetviewpixels-pa.googleapis.com/v1/thumbnail?panoid=_YyK7NkbrBZNEEz4Cxj9XA&cb_client=search.gws-prod.gps&w=408&h=240&yaw=89.76289&pitch=0&thumbfov=100,false,,,,,,,,"https://www.google.com/maps/search/functional+medicine+in+Seymour+Bloomington+IN/@38.9592201,-85.8902547,14z",2026-02-23T16:24:23.761Z,,,,
https://www.google.com/maps/place/Knutson+Gary+A+DC/data=!4m7!3m6!1s0x886c6729a9a4be61:0x42a5626260a84aa8!8m2!3d39.179035!4d-86.542542!16s%2Fg%2F1tmxrr_d!19sChIJYb6kqSlnbIgRqEqoYGJipUI,Knutson Gary A DC,5.0,3,Chiropractor,"840 W 17th St #5, Bloomington, IN 47404, United States","5FH4+JX Bloomington, Indiana, USA",,+1 812-339-5839,,https://streetviewpixels-pa.googleapis.com/v1/thumbnail?panoid=z15zSDE43ISmP_X1edC9jg&cb_client=search.gws-prod.gps&w=408&h=240&yaw=66.47077&pitch=0&thumbfov=100,false,,,,,,,,"https://www.google.com/maps/search/functional+medicine+in+Seymour+Bloomington+IN/@38.9592201,-85.8902547,14z",2026-02-23T16:24:26.770Z,,,,
https://www.google.com/maps/place/Andrew+Pitcher/data=!4m7!3m6!1s0x886c671594300001:0x5b0d34d3a974fbdf!8m2!3d39.1649756!4d-86.5567603!16s%2Fg%2F11rwxgd2df!19sChIJAQAwlBVnbIgR3_t0qdM0DVs,Andrew Pitcher,5.0,1,Chiropractor,"1121 W 2nd St, Bloomington, IN 47403, United States","5C7V+X7 Bloomington, Indiana, USA",http://www.bloomingtonchiropractor.com/,+1 812-336-2225,Open · Closes 6 pm,https://streetviewpixels-pa.googleapis.com/v1/thumbnail?panoid=LdNrkR6FJUqEtdNcIRFbPA&cb_client=search.gws-prod.gps&w=408&h=240&yaw=15.826927&pitch=0&thumbfov=100,true,8 am–6 pm,8 am–6 pm,8 am–6 pm,8 am–6 pm,Closed,Closed,Closed,"https://www.google.com/maps/search/functional+medicine+in+Seymour+Bloomington+IN/@38.9592201,-85.8902547,14z",2026-02-23T16:24:32.366Z,,,,
"https://www.google.com/maps/place/The+Muriel+Suite+-+Hindustan+Astrology,+Intuitive+Tarot,+Mediumship,+and+Reiki+Healing/data=!4m7!3m6!1s0x48737648a6ccdb67:0x90ef982859650790!8m2!3d39.1662878!4d-86.5341496!16s%2Fg%2F11l2xmfm07!19sChIJZ9vMpkh2c0gRkAdlWSiY75A","The Muriel Suite - Hindustan Astrology, Intuitive Tarot, Mediumship, and Reiki Healing",5.0,9,Astrologer,"101 W Kirkwood Ave Suite 250 Floor 2, Bloomington, IN 47401, United States","5F88+G8 Bloomington, Indiana, USA","https://www.hindustanastrology.com/,%20https://%20www.themurielsuite.com",+1 812-327-9426,Closed · Opens 12 pm,https://lh3.googleusercontent.com/p/AF1QipOwjpWz2-32EwxLpDf2EkXwA1YBs7etFDvlYOan=w408-h408-k-no,true,12–6 pm,12–6 pm,12–6 pm,12–6 pm,12–6 pm,12–6 pm,12–6 pm,"https://www.google.com/maps/search/functional+medicine+in+Seymour+Bloomington+IN/@38.9592201,-85.8902547,14z",2026-02-23T16:24:38.238Z,LGBTQ+ friendly,,,
https://www.google.com/maps/place/Renewed+Wellness/data=!4m7!3m6!1s0x886b5d220ddbb5f7:0xf10315f73d322d70!8m2!3d39.6170677!4d-86.1566684!16s%2Fg%2F11tf4k9r9s!19sChIJ97XbDSJda4gRcC0yPfcVA_E,Renewed Wellness,5.0,40,Medical office,"107 N State Rd 135 Ste 202, Greenwood, IN 46142, United States","JR8V+R8 Greenwood, Indiana, USA",http://www.renewedwellnesscg.com/,+1 317-348-3444,Open · Closes 4:30 pm,https://lh3.googleusercontent.com/p/AF1QipO6GFimLLnDlgB4JJyKeKZV8K3C9B_OT74j_hes=w610-h240-k-no,true,8:30 am–4:30 pm,8:30 am–4:30 pm,9 am–3 pm,8:30 am–4:30 pm,9 am–2 pm,Closed,Closed,"https://www.google.com/maps/search/functional+medicine+in+Seymour+Bloomington+IN/@38.9592201,-85.8902547,14z",2026-02-23T16:24:44.642Z,Identifies as women-owned,,,
https://www.google.com/maps/place/Indiana+Center+for+Recovery+-+Alcohol+%26+Drug+Rehab+Center+Bloomington/data=!4m7!3m6!1s0x886c671c0fb666b7:0x2b6b8a309544f993!8m2!3d39.1596833!4d-86.5446083!16s%2Fg%2F11c2l0y402!19sChIJt2a2DxxnbIgRk_lElTCKays,Indiana Center for Recovery - Alcohol & Drug Rehab Center Bloomington,4.8,795,Addiction treatment center,"1004 W 1st St, Bloomington, IN 47403, United States","5F54+V5 Bloomington, Indiana, USA",https://www.treatmentindiana.com/locations/bloomington/?utm_source=google&utm_medium=organic&utm_campaign=ICFRBloomingtonOrganic,+1 812-362-5149,Open 24 hours,https://lh3.googleusercontent.com/p/AF1QipNTs1LyatdPjJX3w_-h9JFtpMK7pSDes4CuuK1W=w408-h272-k-no,true,Open 24 hours,Open 24 hours,Open 24 hours,Open 24 hours,Open 24 hours,Open 24 hours,Open 24 hours,"https://www.google.com/maps/search/functional+medicine+in+Seymour+Bloomington+IN/@38.9592201,-85.8902547,14z",2026-02-23T16:24:50.764Z,,,,
https://www.google.com/maps/place/SHULEO+LLC/data=!4m7!3m6!1s0x886c673ffb23b84b:0x66edba302d26578f!8m2!3d39.1676908!4d-86.5238829!16s%2Fg%2F11kg_vy00m!19sChIJS7gj-z9nbIgRj1cmLTC67WY,SHULEO LLC,,,Wellness program,"1025 E 7th St, Bloomington, IN 47405, United States","5F9G+3C Bloomington, Indiana, USA",https://shuleo-llc.square.site/,,,https://lh3.googleusercontent.com/p/AF1QipO6I7O3suN1MyUv-fVZYAkOvGphNCF_5wGQJqyU=w408-h825-k-no,true,,,,,,,,"https://www.google.com/maps/search/functional+medicine+in+Seymour+Bloomington+IN/@38.9592201,-85.8902547,14z",2026-02-23T16:24:54.518Z,LGBTQ+ friendly,,,
https://www.google.com/maps/place/Relish+Health+Functional+Medicine+Practice/data=!4m7!3m6!1s0x8814ac43149d4bab:0xf6199199d0037e7d!8m2!3d39.9626273!4d-86.129958!16s%2Fg%2F11c2qkp_ks!19sChIJq0udFEOsFIgRfX4D0JmRGfY,Relish Health Functional Medicine Practice,5.0,10,Alternative medicine practitioner,"188 W Carmel Dr, Carmel, IN 46032, United States","XV7C+32 Carmel, Indiana, USA",http://www.relishhealthmd.com/,+1 317-975-1011,,https://streetviewpixels-pa.googleapis.com/v1/thumbnail?panoid=I--sQOfCMGO59Zlqsd2KnQ&cb_client=search.gws-prod.gps&w=408&h=240&yaw=161.82915&pitch=0&thumbfov=100,true,,,,,,,,"https://www.google.com/maps/search/functional+medicine+in+Seymour+Bloomington+IN/@38.9592201,-85.8902547,14z",2026-02-23T16:24:58.532Z,,,,
"https://www.google.com/maps/place/Dr.+Kyle+True/@39.1304948,-86.533219,17z/data=!3m1!4b1!4m6!3m5!1s0x886c664ee7ceaaab:0x8e6a346bb18af82a!8m2!3d39.1304948!4d-86.533219!16s%2Fg%2F11rwxg8fnb",Dr. Kyle True,5.0,1,Chiropractor,"3070 S Walnut St Ste B, Bloomington, IN 47401, United States","4FJ8+5P Bloomington, Indiana, USA",https://truechiroandrehab.com/,+1 812-287-8281,,,false,,,,,,,,"https://www.google.com/maps/search/functional+medicine+in+Seymour+Bloomington+IN/@38.9592201,-85.8902547,14z",2026-02-23T16:25:04.257Z,,,,
https://www.google.com/maps/place/Supernova/data=!4m7!3m6!1s0x886c66453503ffff:0x6cc197c4430073b2!8m2!3d39.1339076!4d-86.5285665!16s%2Fg%2F11p0vxtw4v!19sChIJ__8DNUVmbIgRsnMAQ8SXwWw,Supernova,,,Alternative medicine practitioner,"2780 S Walnut Street Pike, Bloomington, IN 47401, United States","4FMC+HH Bloomington, Indiana, USA",,+1 812-361-8449,,https://streetviewpixels-pa.googleapis.com/v1/thumbnail?panoid=-3e1bM3my9_qimep931VYg&cb_client=search.gws-prod.gps&w=408&h=240&yaw=197.9873&pitch=0&thumbfov=100,false,,,,,,,,"https://www.google.com/maps/search/functional+medicine+in+Seymour+Bloomington+IN/@38.9592201,-85.8902547,14z",2026-02-23T16:25:07.448Z,,,,
https://www.google.com/maps/place/In+Bloom+Reiki/data=!4m7!3m6!1s0x886c67c142ee2c51:0xbe430f4702252d39!8m2!3d39.1723404!4d-86.5363787!16s%2Fg%2F11h_bsxwnh!19sChIJUSzuQsFnbIgROS0lAkcPQ74,In Bloom Reiki,5.0,10,Reiki therapist,"619 N Morton St Suite #1, Bloomington, IN 47404, United States","5FC7+WC Bloomington, Indiana, USA",,+1 402-639-0064,Temporarily closed,https://lh3.googleusercontent.com/p/AF1QipOCFLmkBeT_8ZPQM9EnjBUmUdKYG-gXysd0lwzK=w408-h408-k-no,true,,,,,,,,"https://www.google.com/maps/search/functional+medicine+in+Seymour+Bloomington+IN/@38.9592201,-85.8902547,14z",2026-02-23T16:25:13.083Z,,,,
https://www.google.com/maps/place/Whole+Living+Medical/data=!4m7!3m6!1s0x886c1313329f805f:0x985f6aea2142145e!8m2!3d38.8613918!4d-86.4865925!16s%2Fg%2F11v3mz8kp4!19sChIJX4CfMhMTbIgRXhRCIepqX5g,Whole Living Medical,5.0,3,Medical clinic,"1141 16th St, Bedford, IN 47421, United States","VG67+H9 Bedford, Indiana, USA",https://wholelivingmedical.com/,+1 812-674-8606,Open · Closes 4:30 pm,https://lh3.googleusercontent.com/p/AF1QipM6RZoj3cOU2irUWyNl8v8OMJKs6PAh01X-7CeC=w408-h306-k-no,true,8:30 am–4:30 pm,8:30 am–4:30 pm,8:30 am–4:30 pm,8:30 am–4:30 pm,8:30 am–12:30 pm,Closed,Closed,"https://www.google.com/maps/search/functional+medicine+in+Bedford+Bloomington+IN/@42.4906231,-71.2760089,14z",2026-02-23T16:25:27.107Z,,,,
https://www.google.com/maps/place/Midwest+Functional+Medicine/data=!4m7!3m6!1s0x880b71c312fd552f:0x5b58337f1f1fbe6a!8m2!3d40.4793978!4d-88.947309!16s%2Fg%2F11gt_l9zmc!19sChIJL1X9EsNxC4gRar4fH38zWFs,Midwest Functional Medicine,5.0,1,Chiropractor,"2415 E Washington St Suite F-1, Bloomington, IL 61704, United States","F3H3+Q3 Bloomington, Illinois, USA",http://midwestfunctionalmedicine.net/,+1 309-663-2423,Open · Closes 6 pm,https://streetviewpixels-pa.googleapis.com/v1/thumbnail?panoid=Z_5biMcQt_gVyF0LVhDAsQ&cb_client=search.gws-prod.gps&w=408&h=240&yaw=359.77&pitch=0&thumbfov=100,true,8 am–6 pm,8 am–12 pm,8 am–6 pm,8 am–12 pm,8 am–6 pm,Closed,Closed,"https://www.google.com/maps/search/functional+medicine+in+Bedford+Bloomington+IN/@42.4906231,-71.2760089,14z",2026-02-23T16:25:38.085Z,,,,
https://www.google.com/maps/place/Duquette+Functional+Medicine+Clinic/data=!4m7!3m6!1s0x880b700fcb0f6a91:0xe812620287c7e7d!8m2!3d40.4797729!4d-88.9497623!16s%2Fg%2F1tj89_tr!19sChIJkWoPyw9wC4gRfX58KCAmgQ4,Duquette Functional Medicine Clinic,4.4,43,Doctor,"2415 E Washington St STE F, Bloomington, IL 61704, United States","F3H2+W3 Bloomington, Illinois, USA",https://www.drdrewduquette.com/,+1 217-249-4808,Open · Closes 5 pm,https://lh3.googleusercontent.com/p/AF1QipO7dwSeI8bLDmS5hXqth-e4EW3fkasvwJJ-9b3L=w408-h271-k-no,true,9 am–5 pm,9 am–5 pm,9 am–5 pm,9 am–5 pm,9 am–5 pm,Closed,Closed,"https://www.google.com/maps/search/functional+medicine+in+Bedford+Bloomington+IN/@42.4906231,-71.2760089,14z",2026-02-23T16:25:43.562Z,,,,
https://www.google.com/maps/place/LKN+Wellness/data=!4m7!3m6!1s0x676ec2f321b70175:0xe01da308c28768f7!8m2!3d35.5814124!4d-80.8130003!16s%2Fg%2F11vs029zl3!19sChIJdQG3IfPCbmcR92iHwgijHeA,LKN Wellness,5.0,30,Medical clinic,"146 E McLelland Ave, Mooresville, NC 28115, United States","H5JP+HQ Mooresville, North Carolina, USA",https://www.lknwellness.com/,+1 980-920-3367,Open · Closes 4 pm,https://lh3.googleusercontent.com/p/AF1QipOSYxkE456TWPh1rbCs-9vj9PCfW-7tBdPYpbRT=w408-h544-k-no,true,9 am–4 pm,9 am–4 pm,9 am–4 pm,9 am–4 pm,9 am–4 pm,Closed,Closed,"https://www.google.com/maps/search/functional+medicine+in+Mooresville+Bloomington+IN/@35.5820319,-80.8140473,14z",2026-02-23T16:26:04.778Z,Identifies as women-owned,,,
https://www.google.com/maps/place/The+Well+for+Health/data=!4m7!3m6!1s0x8856a931a7dde7d3:0x65c86dbf7ebde58a!8m2!3d35.5760812!4d-80.8201487!16s%2Fg%2F11bwf7cfxk!19sChIJ0-fdpzGpVogRiuW9fr9tyGU,The Well for Health,4.9,78,Wellness center,"Rooms/Suites 104 and 108 Located Inside Soul Wellness, 500 S Main St, Mooresville, NC 28115, United States","H5GH+CW Mooresville, North Carolina, USA",https://www.thewellforhealth.com/?utm_source=gmb_auth,+1 704-799-5433,Closed · Opens 8:30 am Tue,https://streetviewpixels-pa.googleapis.com/v1/thumbnail?panoid=f3CXG-eySiG47ygtIpoNUw&cb_client=search.gws-prod.gps&w=408&h=240&yaw=128.06726&pitch=0&thumbfov=100,true,Closed,8:30 am–4:30 am,8:30 am–4:30 am,8:30 am–4:30 am,Closed,Closed,Closed,"https://www.google.com/maps/search/functional+medicine+in+Mooresville+Bloomington+IN/@35.5820319,-80.8140473,14z",2026-02-23T16:26:10.595Z,,,,
https://www.google.com/maps/place/Spark+Vitality/data=!4m7!3m6!1s0x8856aa333b742691:0x322505a67867c878!8m2!3d35.5760812!4d-80.8201487!16s%2Fg%2F11bt_nxdv4!19sChIJkSZ0OzOqVogReMhneKYFJTI,Spark Vitality,5.0,20,Wellness program,"500 S Main St, Mooresville, NC 28115, United States","H5GH+CW Mooresville, North Carolina, USA",https://www.summitvitality.com/,+1 704-765-0887,Closed · Opens 9 am Tue,https://streetviewpixels-pa.googleapis.com/v1/thumbnail?panoid=f3CXG-eySiG47ygtIpoNUw&cb_client=search.gws-prod.gps&w=408&h=240&yaw=128.06726&pitch=0&thumbfov=100,true,Closed,9 am–6 pm,9 am–6 pm,Closed,9 am–4 pm,Closed,Closed,"https://www.google.com/maps/search/functional+medicine+in+Mooresville+Bloomington+IN/@35.5820319,-80.8140473,14z",2026-02-23T16:26:16.279Z,Identifies as women-owned,,,
"https://www.google.com/maps/place/Aspire+Health,+PLLC/data=!4m7!3m6!1s0x8851557a71658c51:0x85b0008f56646f62!8m2!3d35.5886746!4d-80.8405733!16s%2Fg%2F11y3dw6ck7!19sChIJUYxlcXpVUYgRYm9kVo8AsIU","Aspire Health, PLLC",5.0,88,Medical clinic,"115 Commons Dr # D, Mooresville, NC 28117, United States","H5Q5+FQ Mooresville, North Carolina, USA",https://www.aspire-healthcare.com/,+1 704-572-9849,Open · Closes 6 pm,https://streetviewpixels-pa.googleapis.com/v1/thumbnail?panoid=m4WyEzIGw3X_1vb745If9Q&cb_client=search.gws-prod.gps&w=408&h=240&yaw=188.55946&pitch=0&thumbfov=100,true,8 am–6 pm,8 am–6 pm,8 am–6 pm,8 am–6 pm,1–6 pm,Closed,Closed,"https://www.google.com/maps/search/functional+medicine+in+Mooresville+Bloomington+IN/@35.5820319,-80.8140473,14z",2026-02-23T16:26:21.149Z,Identifies as women-owned,,,
https://www.google.com/maps/place/WellcomeMD/data=!4m7!3m6!1s0x88515530759940cf:0x41e57ca3c5394bf6!8m2!3d35.5479863!4d-80.849444!16s%2Fg%2F11bv5tf7y7!19sChIJz0CZdTBVUYgR9ks5xaN85UE,WellcomeMD,4.6,31,Medical clinic,"150 Fairview Rd #325, Mooresville, NC 28117, United States","G5X2+56 Mooresville, North Carolina, USA",https://www.wellcomemd.com/mooresville-nc?utm_source=google&utm_medium=organic&utm_campaign=google_business_profile,+1 704-397-3327,Open · Closes 5 pm,https://lh3.googleusercontent.com/p/AF1QipPB0etX2tCQ3hZ3pIWvE5joG0dufiVETxm9QzVx=w408-h415-k-no,true,8 am–5 pm,8 am–5 pm,8 am–5 pm,8 am–5 pm,8 am–5 pm,Closed,Closed,"https://www.google.com/maps/search/functional+medicine+in+Mooresville+Bloomington+IN/@35.5820319,-80.8140473,14z",2026-02-23T16:26:26.709Z,LGBTQ+ friendly,,,
https://www.google.com/maps/place/Canfield+Integrative+MD/data=!4m7!3m6!1s0x89d06ba0637f0d99:0xc0879607fc1aea39!8m2!3d35.6009023!4d-80.8489339!16s%2Fg%2F11sm_zwc6y!19sChIJmQ1_Y6Br0IkROeoa_AeWh8A,Canfield Integrative MD,,,Holistic medicine practitioner,"119 Poplar Pointe Dr Suite H9, Mooresville, NC 28117, United States","J522+9C Mooresville, North Carolina, USA",http://www.canfieldintegrativemd.com/,+1 607-228-2945,Open · Closes 5 pm,https://streetviewpixels-pa.googleapis.com/v1/thumbnail?panoid=WEDO1Ir5vlA9drwpDhGekQ&cb_client=search.gws-prod.gps&w=408&h=240&yaw=172.3809&pitch=0&thumbfov=100,true,9 am–5 pm,9 am–5 pm,9 am–5 pm,9 am–5 pm,Closed,Closed,Closed,"https://www.google.com/maps/search/functional+medicine+in+Mooresville+Bloomington+IN/@35.5820319,-80.8140473,14z",2026-02-23T16:26:32.115Z,Identifies as women-owned,,,
https://www.google.com/maps/place/Functional+Medicine+Charlotte/data=!4m7!3m6!1s0x8856abddee5846c1:0xaaa76b18c7934fed!8m2!3d35.4791099!4d-80.8912252!16s%2Fg%2F1s04cknp0!19sChIJwUZY7t2rVogR7U-Txxhrp6o,Functional Medicine Charlotte,4.9,162,Holistic medicine practitioner,"19453 W Catawba Ave Suite C, Cornelius, NC 28031, United States","F4H5+JG Cornelius, North Carolina, USA",http://www.functionalmedicinecharlotte.com/,+1 704-271-2954,Open · Closes 6 pm,https://lh3.googleusercontent.com/p/AF1QipMsINPBYMZDoiHFcwZDnOc5BH3L33xlNCfCwTK5=w491-h240-k-no,true,9:30 am–6 pm,9:30 am–6 pm,Closed,9:30 am–6 pm,Closed,Closed,Closed,"https://www.google.com/maps/search/functional+medicine+in+Mooresville+Bloomington+IN/@35.5820319,-80.8140473,14z",2026-02-23T16:26:37.599Z,,,,
https://www.google.com/maps/place/Ascend+Health+and+Wellness/data=!4m7!3m6!1s0x8856ad7a04f5d4eb:0x15def2aeedcec786!8m2!3d35.5744066!4d-80.8936549!16s%2Fg%2F11qc3688nf!19sChIJ69T1BHqtVogRhsfO7a7y3hU,Ascend Health and Wellness,5.0,99,Reproductive health clinic,"106 Commerce Ctr Lp Suite F, Mooresville, NC 28117, United States","H4F4+QG Mooresville, North Carolina, USA",https://ascendhealthwellness.com/,+1 980-250-0738,Open · Closes 5 pm,https://lh3.googleusercontent.com/p/AF1QipNPf1Er477s8cA62Mvtdr9dOpl4WRMnhT8yVgwR=w408-h544-k-no,true,9 am–5 pm,9 am–5 pm,9 am–5 pm,9 am–5 pm,9 am–1 pm,Closed,Closed,"https://www.google.com/maps/search/functional+medicine+in+Mooresville+Bloomington+IN/@35.5820319,-80.8140473,14z",2026-02-23T16:26:43.418Z,,,,
https://www.google.com/maps/place/Be+Well+Naturopathic/data=!4m7!3m6!1s0x885155fe54a2f553:0xdf49108da9ee8b4a!8m2!3d35.5775725!4d-80.8871107!16s%2Fg%2F11h77ylhqt!19sChIJU_WiVP5VUYgRSovuqY0QSd8,Be Well Naturopathic,4.0,1,Naturopathic practitioner,"816 Brawley School Rd, Mooresville, NC 28117, United States","H4H7+25 Mooresville, North Carolina, USA",https://www.ncbewell.com/,+1 704-796-0827,Open · Closes 5 pm,https://streetviewpixels-pa.googleapis.com/v1/thumbnail?panoid=z_YmD8X6UhEO2H2ilBaBcA&cb_client=search.gws-prod.gps&w=408&h=240&yaw=311.53497&pitch=0&thumbfov=100,true,9 am–5 pm,9 am–5 pm,9 am–5 pm,9 am–5 pm,9 am–5 pm,Closed,Closed,"https://www.google.com/maps/search/functional+medicine+in+Mooresville+Bloomington+IN/@35.5820319,-80.8140473,14z",2026-02-23T16:26:49.525Z,,,,
https://www.google.com/maps/place/OPTI+Health+Lake+Norman/data=!4m7!3m6!1s0x8851554412257e87:0x5eb128432c79c4a7!8m2!3d35.5891684!4d-80.8777785!16s%2Fg%2F11vf2h_4h4!19sChIJh34lEkRVUYgRp8R5LEMosV4,OPTI Health Lake Norman,5.0,52,Wellness center,"136 Corporate Park Dr Suite G, Mooresville, NC 28117, United States","H4QC+MV Mooresville, North Carolina, USA",https://www.optihealthlkn.com/,+1 704-360-2787,"Open · Closes 5 pm

Confirmed by this business 4 weeks ago",https://lh3.googleusercontent.com/p/AF1QipMTfJBiaawHtdkI-PsKNK2uZIKr_n-epaJxJBNk=w408-h529-k-no,true,7 am–5 pm,7 am–5 pm,7 am–5 pm,7 am–5 pm,7 am–5 pm,Closed,Closed,"https://www.google.com/maps/search/functional+medicine+in+Mooresville+Bloomington+IN/@35.5820319,-80.8140473,14z",2026-02-23T16:26:55.955Z,Identifies as veteran-owned,,,
https://www.google.com/maps/place/Balance+Naturopathic+%26+Acupuncture/data=!4m7!3m6!1s0x885155038c2f07dd:0x917931b218628717!8m2!3d35.5806381!4d-80.8822409!16s%2Fg%2F11t60h74qd!19sChIJ3QcvjANVUYgRF4diGLIxeZE,Balance Naturopathic & Acupuncture,4.9,31,Acupuncture clinic,"736 Brawley School Rd, Mooresville, NC 28117, United States","H4J9+74 Mooresville, North Carolina, USA",http://www.balancendlac.com/,+1 704-664-1031,Open · Closes 6 pm,https://lh3.googleusercontent.com/p/AF1QipNzZYmhSWyHAOHAJEV4BWVV8sA_pdZs_qKD5BhE=w408-h306-k-no,true,9 am–6 pm,Closed,9 am–6 pm,9 am–6 pm,Closed,Closed,Closed,"https://www.google.com/maps/search/functional+medicine+in+Mooresville+Bloomington+IN/@35.5820319,-80.8140473,14z",2026-02-23T16:27:02.351Z,Identifies as Asian-owned,,,
https://www.google.com/maps/place/Benton+Integrative+Medicine+PLLC:+Cammy+Benton+MD/data=!4m7!3m6!1s0x8856b1d6a8be9057:0x1b345f17d66b906c!8m2!3d35.438535!4d-80.872193!16s%2Fg%2F11c5fzbjkk!19sChIJV5C-qNaxVogRbJBr1hdfNBs,Benton Integrative Medicine PLLC: Cammy Benton MD,4.9,91,Medical clinic,"16415 Northcross Dr suite b, Huntersville, NC 28078, United States","C4QH+C4 Huntersville, North Carolina, USA",http://www.bentonintegrative.com/,+1 704-775-6029,"Open · Closes 4 pm

Updated by this business 4 weeks ago",https://lh3.googleusercontent.com/p/AF1QipP6BsvfUIbV9qbA33IYpyCiIEfGA5igpXkIi_4S=w408-h272-k-no,true,8:30 am–4 pm,8:30 am–4 pm,8:30 am–4 pm,8:30 am–4 pm,8:30 am–4 pm,Closed,Closed,"https://www.google.com/maps/search/functional+medicine+in+Mooresville+Bloomington+IN/@35.5820319,-80.8140473,14z",2026-02-23T16:27:09.562Z,Identifies as women-owned,,,
https://www.google.com/maps/place/Lake+Norman+Integrative+Wellness/data=!4m7!3m6!1s0x8856a937a606583d:0x3f88f55dab8372f4!8m2!3d35.4887548!4d-80.875721!16s%2Fg%2F1v2f16vk!19sChIJPVgGpjepVogR9HKDq131iD8,Lake Norman Integrative Wellness,3.7,24,Alternative medicine practitioner,"21000 Torrence Chapel Rd STE 101, Cornelius, NC 28031, United States","F4QF+GP Cornelius, North Carolina, USA",https://www.drakibagreen.com/,+1 704-987-3993,Open · Closes 6 pm,https://lh3.googleusercontent.com/p/AF1QipOeIMVrRzRJaijwkitf1KOnKfX9g7tY4qTMvZGY=w408-h495-k-no,true,9 am–6 pm,9 am–6 pm,9 am–6 pm,9 am–6 pm,Closed,Closed,Closed,"https://www.google.com/maps/search/functional+medicine+in+Mooresville+Bloomington+IN/@35.5820319,-80.8140473,14z",2026-02-23T16:27:16.563Z,,,,
https://www.google.com/maps/place/Holistic+Family+Medicine+of+Lake+Norman/data=!4m7!3m6!1s0x8856a99c91e45951:0x55be4f4050b57a45!8m2!3d35.4112585!4d-80.8603084!16s%2Fg%2F11twh6rpk8!19sChIJUVnkkZypVogRRXq1UEBPvlU,Holistic Family Medicine of Lake Norman,5.0,53,Holistic medicine practitioner,"10225 Hickorywood Hill Ave ste a, Huntersville, NC 28078, United States","C46Q+GV Huntersville, North Carolina, USA",https://hfmlakenorman.com/,+1 980-317-9993,Open · Closes 5 pm,https://lh3.googleusercontent.com/gps-cs-s/AHVAweqZHD3qrq20ysDC_zQydE-JKxNEkQ8dVp-ZTgd1bTiJl12QZ0w3zFICRQXWFu1MKIH3bvEd8v6NG4m9eMeMoEaurgbcg9bUx5jqMe6IP5Ot8LN3fsBwK1brxYP1Iau1RBwFWeYIgg=w408-h531-k-no,true,8 am–5 pm,8 am–5 pm,8 am–5 pm,8 am–5 pm,8 am–12 pm,Closed,Closed,"https://www.google.com/maps/search/functional+medicine+in+Mooresville+Bloomington+IN/@35.5820319,-80.8140473,14z",2026-02-23T16:27:22.854Z,,,,
https://www.google.com/maps/place/Winding+Creek+Functional+Nutrition/data=!4m7!3m6!1s0x8854015730407481:0x7fce127da72dd7c7!8m2!3d35.49985!4d-80.747682!16s%2Fg%2F11rjz8175p!19sChIJgXRAMFcBVIgRx9ctp30Szn8,Winding Creek Functional Nutrition,5.0,14,Holistic medicine practitioner,"9870 Harvest Ln, Davidson, NC 28036, United States","F7X2+WW Davidson, North Carolina, USA",http://www.windingcreekfnc.com/,+1 618-558-1641,Open · Closes 5 pm,https://lh3.googleusercontent.com/gps-cs-s/AHVAweoV2SN3ntLF4C9AUqnuBPO1nqJ22k5MYCG9D8m73y5BHnQQ0eTtuipm4iaZYvMMpo2Zr3h4WRBdmAvFfHQQR2zZnhFovmMSccxxYwD2cJunM3iwg1JWzgzxk9vBGyMm8B05I6otXw=w408-h725-k-no,true,9 am–5 pm,9 am–5 pm,9 am–5 pm,9 am–5 pm,9 am–5 pm,9 am–5 pm,Closed,"https://www.google.com/maps/search/functional+medicine+in+Mooresville+Bloomington+IN/@35.5820319,-80.8140473,14z",2026-02-23T16:27:30.085Z,,,,
"https://www.google.com/maps/place/Stacey+Devine+M.D.,+PLLC/data=!4m7!3m6!1s0x8856aa332f89eabf:0xc5ceadd17b640985!8m2!3d35.4951889!4d-80.8534453!16s%2Fg%2F11f4lkccx9!19sChIJv-qJLzOqVogRhQlke9GtzsU","Stacey Devine M.D., PLLC",5.0,43,Medical office,"442 S Main St Suite 1, Davidson, NC 28036, United States","F4WW+3J Davidson, North Carolina, USA",http://www.staceydevinemd.com/,+1 704-997-5449,Open · Closes 5 pm,https://lh3.googleusercontent.com/p/AF1QipNW1uDx0llyqvc0tblPT2G0fV4OmgvcnltF6mlB=w408-h306-k-no,true,8 am–5 pm,8 am–5 pm,8 am–5 pm,8 am–5 pm,Closed,Closed,Closed,"https://www.google.com/maps/search/functional+medicine+in+Mooresville+Bloomington+IN/@35.5820319,-80.8140473,14z",2026-02-23T16:27:36.247Z,,,,
https://www.google.com/maps/place/MediThrive+Personalized+Wellness/data=!4m7!3m6!1s0x8856a9f40e12ec87:0xe21d91e54364f5dc!8m2!3d35.4738638!4d-80.8919592!16s%2Fg%2F11y3dvyg0k!19sChIJh-wSDvSpVogR3PVkQ-WRHeI,MediThrive Personalized Wellness,5.0,91,Doctor,"19109 W Catawba Ave #120, Cornelius, NC 28031, United States","F4F5+G6 Cornelius, North Carolina, USA",https://www.medithrivewellness.com/,+1 980-580-6070,Open · Closes 5 pm,https://lh3.googleusercontent.com/p/AF1QipNAyd6NxAz_-nKh7IlIk4IDmRrCg-Pvdn2Z91s3=w426-h240-k-no,true,8 am–5 pm,8 am–5 pm,8 am–5 pm,8 am–5 pm,Closed,Closed,Closed,"https://www.google.com/maps/search/functional+medicine+in+Mooresville+Bloomington+IN/@35.5820319,-80.8140473,14z",2026-02-23T16:27:42.478Z,,,,
https://www.google.com/maps/place/Destiny+Health+Integrative+Family+Practice+of+Lake+Norman/data=!4m7!3m6!1s0x23431e0b6b1baa57:0xf902a3f25fcc96c6!8m2!3d35.3943171!4d-80.8668045!16s%2Fg%2F11y4b4zs3p!19sChIJV6obawseQyMRxpbMX_KjAvk,Destiny Health Integrative Family Practice of Lake Norman,5.0,12,Holistic medicine practitioner,"11330 Vanstory Dr, Huntersville, NC 28078, United States","94VM+P7 Huntersville, North Carolina, USA",https://destiny-health.org/,+1 704-897-0709,Open · Closes 4 pm,https://lh3.googleusercontent.com/p/AF1QipMk4ws1giekrCNBkdQkqBZsDr3D1Xz07b7IaL1P=w408-h540-k-no,true,9 am–4 pm,9 am–4 pm,9 am–4 pm,9 am–4 pm,9 am–12 pm,Closed,Closed,"https://www.google.com/maps/search/functional+medicine+in+Mooresville+Bloomington+IN/@35.5820319,-80.8140473,14z",2026-02-23T16:27:48.467Z,,,,
https://www.google.com/maps/place/Foundations+Functional+Medicine/data=!4m7!3m6!1s0x88540b7fa3ce7c03:0x9d264050644094c6!8m2!3d35.3697871!4d-80.8342774!16s%2Fg%2F11nsqz0ldg!19sChIJA3zOo38LVIgRxpRAZFBAJp0,Foundations Functional Medicine,5.0,48,Alternative medicine practitioner,"11925 Sam Roper Dr, Charlotte, NC 28269, United States","9598+W7 Charlotte, North Carolina, USA",https://drkathrynheidt.com/?utm=gbp,,"Closed · Opens 12 pm

Confirmed by phone call 7 weeks ago",https://lh3.googleusercontent.com/p/AF1QipNQNMR3-aZr-yZg_CM05PuE3CEcqrdBRBu7MGy4=w408-h272-k-no,true,12–4 pm,9 am–6 pm,9 am–4 pm,Closed,Closed,Closed,Closed,"https://www.google.com/maps/search/functional+medicine+in+Mooresville+Bloomington+IN/@35.5820319,-80.8140473,14z",2026-02-23T16:27:54.091Z,,,,
,,,,,,,,,,,,,,,,,,,"https://www.google.com/maps/search/functional+medicine+in+Martinsville+Bloomington+IN/@36.6915262,-79.8725386,14z",2026-02-23T16:28:02.588Z,,,,No new results found
https://www.google.com/maps/place/Holzer+Franklin+MD/data=!4m7!3m6!1s0x886c6715dc800973:0x4b1e20b7d4fd9194!8m2!3d39.164091!4d-86.5569138!16s%2Fg%2F1tmpl7ln!19sChIJcwmA3BVnbIgRlJH91LcgHks,Holzer Franklin MD,,,Doctor,"1791 W 3rd St, Bloomington, IN 47404, United States","5C7V+J6 Bloomington, Indiana, USA",,+1 812-335-1300,,https://streetviewpixels-pa.googleapis.com/v1/thumbnail?panoid=Z7qThwz3KgyTBEoyK4Us5Q&cb_client=search.gws-prod.gps&w=408&h=240&yaw=181.21721&pitch=0&thumbfov=100,false,,,,,,,,"https://www.google.com/maps/search/functional+medicine+in+Franklin+Bloomington+IN/@39.169574,-86.5385549,14z",2026-02-23T16:28:21.016Z,,,,
https://www.google.com/maps/place/IU+Health+Primary+Care+-+Bloomington+East/data=!4m7!3m6!1s0x886c642522f888f3:0xc90d6182f60a4879!8m2!3d39.1550399!4d-86.4905855!16s%2Fg%2F11xrh33fc!19sChIJ84j4IiVkbIgReUgK9oJhDck,IU Health Primary Care - Bloomington East,4.1,151,Medical clinic,"995 S Clarizz Blvd, Bloomington, IN 47401, United States","5G45+2Q Bloomington, Indiana, USA",https://iuhealth.org/find-locations/iu-health-primary-care-995-s-clarizz-blvd-bloomington-east?utm_source=Google&utm_medium=Yext&y_source=1_MTE5NDE5NTgtNzE1LWxvY2F0aW9uLndlYnNpdGU%3D,+1 812-353-3060,Open · Closes 5 pm,https://lh3.googleusercontent.com/p/AF1QipOujF24q4FFvSH6BRUU_ydsIsfLlYxmShMFrywq=w426-h240-k-no,true,7 am–5 pm,7 am–5 pm,7 am–5 pm,7 am–5 pm,7 am–5 pm,Closed,Closed,"https://www.google.com/maps/search/functional+medicine+in+Franklin+Bloomington+IN/@39.169574,-86.5385549,14z",2026-02-23T16:28:26.322Z,,,,
https://www.google.com/maps/place/Faulkner+Chiropractic/data=!4m7!3m6!1s0x886c64305bd88adf:0xd79c4bdcebc6c120!8m2!3d39.1638085!4d-86.4798152!16s%2Fg%2F11c60jmfff!19sChIJ34rYWzBkbIgRIMHG69xLnNc,Faulkner Chiropractic,5.0,4,Chiropractor,"3880 E 3rd St Ste. D, Bloomington, IN 47401, United States","5G7C+G3 Bloomington, Indiana, USA",http://www.faulknerchiropractic.com/,+1 812-333-3131,Closes soon · 12 pm · Reopens 2:30 pm,https://streetviewpixels-pa.googleapis.com/v1/thumbnail?panoid=7YUnlEFNjOrZSq8XF2wvfA&cb_client=search.gws-prod.gps&w=408&h=240&yaw=107.43268&pitch=0&thumbfov=100,false,"10 am–12 pm, 2:30–6 pm",Closed,"10 am–12 pm, 2:30–6 pm",Closed,"10 am–12 pm, 2:30–6 pm",Closed,Closed,"https://www.google.com/maps/search/functional+medicine+in+Franklin+Bloomington+IN/@39.169574,-86.5385549,14z",2026-02-23T16:28:31.511Z,,,,
https://www.google.com/maps/place/Natura+Wellness/data=!4m7!3m6!1s0x886b6f1d99990fd7:0xa8d9250888e97184!8m2!3d39.4802482!4d-86.0540387!16s%2Fg%2F11kcdrxsgt!19sChIJ1w-ZmR1va4gRhHHpiAgl2ag,Natura Wellness,4.8,21,Naturopathic practitioner,"30 S Water St # B, Franklin, IN 46131, United States","FWJW+39 Franklin, Indiana, USA",http://www.naturawellness.org/,+1 317-884-5454,Closed · Opens 10 am Tue,https://lh3.googleusercontent.com/gps-cs-s/AHVAweq1Dl6x9ZPDY_EwaxZ66V9HKNnaun7qd_-W87xdIBm5kV_t6aWfB-2xOfOoMQN16YtmjJaBn_PkrPmhRwkxlLWYWBPH6nVcXft7VxDKCIRRZGu5SMAOPfnP5Qgy_-9JF5_TIJF0Qg=w408-h270-k-no,true,Closed,10 am–6 pm,10 am–6 pm,10 am–6 pm,9 am–5 pm,9 am–1 pm,Closed,"https://www.google.com/maps/search/functional+medicine+in+Franklin+Bloomington+IN/@39.169574,-86.5385549,14z",2026-02-23T16:28:37.158Z,,,,
"https://www.google.com/maps/place/Rise+%26+Peace+Healing/@46.423669,-129.9427085,3z/data=!3m1!4b1!4m6!3m5!1s0x886c6778726e0ee1:0xb352ba1ac74a055d!8m2!3d46.423669!4d-129.9427086!16s%2Fg%2F11l2hfmt_r",Rise & Peace Healing,5.0,3,Reiki therapist,,,https://riseandpeacehealing.square.site/,+1 812-320-8445,,,true,,,,,,,,"https://www.google.com/maps/search/functional+medicine+in+Franklin+Bloomington+IN/@39.169574,-86.5385549,14z",2026-02-23T16:28:41.906Z,,,,
https://www.google.com/maps/place/Mahan+Health/data=!4m7!3m6!1s0x8838f35831320ead:0x9d35ee0eb57d3f2!8m2!3d39.9784016!4d-83.016868!16s%2Fg%2F11frll218h!19sChIJrQ4yMVjzOIgR8tNX6-Be0wk,Mahan Health,5.0,31,Holistic medicine practitioner,"850 Michigan Ave, Columbus, OH 43215, United States","XXHM+97 Columbus, Ohio, USA",http://www.mahanhealth.com/,+1 419-374-9518,Closed · Opens 10 am Tue,https://lh3.googleusercontent.com/p/AF1QipNkoQpWlGs8eoVAnhLpQekyT16y-7wCEBhdJitz=w755-h240-k-no,true,Closed,10 am–6 pm,10 am–3 pm,10 am–6 pm,12–5 pm,Closed,Closed,"https://www.google.com/maps/search/functional+medicine+in+Columbus+Bloomington+IN/@39.9625112,-83.0032218,14z",2026-02-23T16:29:01.827Z,Identifies as women-owned,,,
"https://www.google.com/maps/place/Kanodia+MD+-+Functional+%26+Alternative+Medicine+%7C+Columbus,+Ohio/data=!4m7!3m6!1s0x88388e8a58950977:0xf88f1d2ded599cbd!8m2!3d40.1096289!4d-82.9415182!16s%2Fg%2F1ptwtc_m7!19sChIJdwmVWIqOOIgRvZxZ7S0dj_g","Kanodia MD - Functional & Alternative Medicine | Columbus, Ohio",4.8,308,Alternative medicine practitioner,"660 Cooper Rd # 400, Westerville, OH 43081, United States","4355+V9 Westerville, Ohio, USA",https://kanodiamd.com/,+1 614-524-4527,Open · Closes 5 pm,https://lh3.googleusercontent.com/p/AF1QipOB0ibSmDPa-YP8nFXyBXxX_zJlxSKbZbk1zsV3=w408-h539-k-no,true,8:30 am–5 pm,8:30 am–5 pm,8:30 am–5 pm,8:30 am–5 pm,9 am–12 pm,Closed,Closed,"https://www.google.com/maps/search/functional+medicine+in+Columbus+Bloomington+IN/@39.9625112,-83.0032218,14z",2026-02-23T16:29:06.952Z,LGBTQ+ friendly,,,
https://www.google.com/maps/place/Roots+Whole+Health/data=!4m7!3m6!1s0x88388e5223e3a36d:0xcdc41f30edde27b7!8m2!3d39.9825406!4d-83.0452743!16s%2Fg%2F11c38jm9p7!19sChIJbaPjI1KOOIgRtyfe7TAfxM0,Roots Whole Health,5.0,20,Naturopathic practitioner,"1217 Grandview Ave, Columbus, OH 43212, United States","XXM3+2V Columbus, Ohio, USA",http://www.rootswholehealth.com/,+1 614-706-3339,,https://lh3.googleusercontent.com/p/AF1QipPswQDu4grzMb5No5GHAL8qArpz_qAdNaOALTqP=w408-h510-k-no,true,,,,,,,,"https://www.google.com/maps/search/functional+medicine+in+Columbus+Bloomington+IN/@39.9625112,-83.0032218,14z",2026-02-23T16:29:10.872Z,,,,