placeUrl,title,rating,reviewCount,category,address,plusCode,website,phoneNumber,currentStatus,imgUrl,isClaimed,saturday,sunday,monday,tuesday,wednesday,thursday,friday,query,timestamp,info,attributes,error
https://www.google.com/maps/place/Unrivaled+Electric/data=!4m7!3m6!1s0x886c594fbe31cddf:0x6bbe451a69e257e3!8m2!3d39.1654211!4d-86.4942059!16s%2Fg%2F11lh3b20g5!19sChIJ380xvk9ZbIgR41fiaRpFvms,Unrivaled Electric,4.7,65,Electrician,"223 S Pete Ellis Dr, Bloomington, IN 47408, United States","5G84+58 Bloomington, Indiana, USA",http://www.unrivaledelectric.com/,+1 812-361-3604,Closed · Opens 7:30 am Mon,https://lh3.googleusercontent.com/p/AF1QipMvNAK0FnuYOLJm-VrJbzFCUkLumc7CFhDvU0iN=w425-h240-k-no,true,Closed,Closed,7:30 am–5 pm,7:30 am–5 pm,7:30 am–5 pm,7:30 am–5 pm,7:30 am–5 pm,"https://www.google.com/maps/search/generator+installation+services+in+Plainfield+Bloomington+IN/@39.169574,-86.5385549,14z",2026-01-10T21:23:24.099Z,,,
"https://www.google.com/maps/place/Absolute+Electric+%26+Maintenance+LLC/@39.2278476,-86.6053162,17z/data=!3m1!4b1!4m6!3m5!1s0x886c5e4b70aa957d:0x8e9fed1f91122853!8m2!3d39.2278476!4d-86.6053162!16s%2Fg%2F1vb9dtc8",Absolute Electric & Maintenance LLC,5.0,29,Electrician,"5385 N Lakeview Dr, Bloomington, IN 47404, United States","69HV+4V Bloomington, Indiana, USA",,+1 812-322-6744,,,false,,,,,,,,"https://www.google.com/maps/search/generator+installation+services+in+Plainfield+Bloomington+IN/@39.169574,-86.5385549,14z",2026-01-10T21:23:28.693Z,,,
https://www.google.com/maps/place/Ecofriendly+Mechanical/data=!4m7!3m6!1s0x886c5de2f33551cb:0x2167b4499a1f7e19!8m2!3d39.1775831!4d-86.5912379!16s%2Fg%2F1tmgd51k!19sChIJy1E18-JdbIgRGX4fmkm0ZyE,Ecofriendly Mechanical,5.0,216,HVAC contractor,"1297 N Loesch Rd, Bloomington, IN 47404, United States","5CH5+2G Bloomington, Indiana, USA",https://www.ecofriendlyhvac.com/?utm_source=google&utm_medium=organic&utm_campaign=gbp-profile,+1 812-333-1223,Open 24 hours,https://lh3.googleusercontent.com/gps-cs-s/AG0ilSzf4UZAOdJAYxGu54QFmIKZX9gIhQ9wpYniEo7RN0y8AtJnFM7R8rxgAitHM4LnUFf7FbEw6pEXI-rSJOeyjOigQ6yJ6xIIVF-J4pbMo1U-2H2zNmKaadRjAcHoSmx5_MNpNcoxz4jZ4WSH=w408-h306-k-no,true,Open 24 hours,Open 24 hours,Open 24 hours,Open 24 hours,Open 24 hours,Open 24 hours,Open 24 hours,"https://www.google.com/maps/search/generator+installation+services+in+Plainfield+Bloomington+IN/@39.169574,-86.5385549,14z",2026-01-10T21:23:33.133Z,,,
"https://www.google.com/maps/place/Bassett+Services:+Heating,+Cooling,+Plumbing,+%26+Electrical/data=!4m7!3m6!1s0x886ca4c9e3597827:0xa52226ec4b376bb4!8m2!3d39.6999257!4d-86.412826!16s%2Fg%2F1td4f93t!19sChIJJ3hZ48mkbIgRtGs3S-wmIqU","Bassett Services: Heating, Cooling, Plumbing, & Electrical",4.8,4021,HVAC contractor,"706 W Main St, Plainfield, IN 46168, United States","MHXP+XV Plainfield, Indiana, USA",https://bassettservices.com/plainfield/?utm_source=google-gbp&utm_medium=organic&utm_campaign=*38*bassett-services-plainfield,+1 317-455-3130,Open 24 hours,https://lh3.googleusercontent.com/p/AF1QipOKw5jZ4fjUeBpetzRau6Clog57Na3sk4L_teyd=w408-h271-k-no,true,Open 24 hours,Open 24 hours,Open 24 hours,Open 24 hours,Open 24 hours,Open 24 hours,Open 24 hours,"https://www.google.com/maps/search/generator+installation+services+in+Plainfield+Bloomington+IN/@39.169574,-86.5385549,14z",2026-01-10T21:23:37.923Z,,,
https://www.google.com/maps/place/Kings+Elite+Energy/data=!4m7!3m6!1s0x886b5ddd82183695:0x7b1d9164c6c35107!8m2!3d39.76652!4d-86.4412135!16s%2Fg%2F11dzt0dlzv!19sChIJlTYYgt1da4gRB1HDxmSRHXs,Kings Elite Energy,3.8,10,Electrician,,,,+1 317-494-0337,Open 24 hours,https://lh3.googleusercontent.com/p/AF1QipP6lGUsFOkuNDeaqszXAxqEOCTakyt4nxv5I5_Y=w426-h240-k-no,true,Open 24 hours,Open 24 hours,Open 24 hours,Open 24 hours,Open 24 hours,Open 24 hours,Open 24 hours,"https://www.google.com/maps/search/generator+installation+services+in+Plainfield+Bloomington+IN/@39.169574,-86.5385549,14z",2026-01-10T21:23:42.573Z,Identifies as women-owned,,
https://www.google.com/maps/place/Riverway+Plumbing+%26+Mechanical/data=!4m7!3m6!1s0x886c692f8daa0559:0xd06a0dfdb49c1e32!8m2!3d39.1064325!4d-86.531998!16s%2Fg%2F1hhvp9nsp!19sChIJWQWqjS9pbIgRMh6ctP0NatA,Riverway Plumbing & Mechanical,4.8,264,Plumber,"5450 S Old State Rd 37, Bloomington, IN 47401, United States","4F49+H6 Bloomington, Indiana, USA",https://riverwayplumbing.com/,+1 812-327-8080,,https://lh3.googleusercontent.com/p/AF1QipOmuuYMFo5i8faK0syLUsYyhbpzIGIYUIWbTo8i=w408-h438-k-no,true,Open 24 hours,Open 24 hours,Open 24 hours,Open 24 hours,Open 24 hours,Open 24 hours,Open 24 hours,"https://www.google.com/maps/search/generator+installation+services+in+Plainfield+Bloomington+IN/@39.169574,-86.5385549,14z",2026-01-10T21:23:47.010Z,,,
https://www.google.com/maps/place/Electric+Services+Incorporated/data=!4m7!3m6!1s0x886c671ca95b1cc1:0x8687e84e7b7ca66d!8m2!3d39.1560233!4d-86.5443734!16s%2Fg%2F1v44fqgs!19sChIJwRxbqRxnbIgRbaZ8e07oh4Y,Electric Services Incorporated,4.1,12,Electrician,"1000 W Allen St, Bloomington, IN 47403, United States","5F44+C7 Bloomington, Indiana, USA",https://esibloomington.com/,+1 812-339-6345,Closed · Opens 7:30 am Mon,https://streetviewpixels-pa.googleapis.com/v1/thumbnail?panoid=BeSL1YCy0rvSeXI-l_6UeA&cb_client=search.gws-prod.gps&w=408&h=240&yaw=336.0463&pitch=0&thumbfov=100,true,Closed,Closed,7:30 am–5 pm,7:30 am–5 pm,7:30 am–5 pm,7:30 am–5 pm,7:30 am–5 pm,"https://www.google.com/maps/search/generator+installation+services+in+Plainfield+Bloomington+IN/@39.169574,-86.5385549,14z",2026-01-10T21:23:51.353Z,,,
https://www.google.com/maps/place/B+%26+H+Electric+%26+Supply/data=!4m7!3m6!1s0x886c5de6a08abf05:0x15b84d926ceca261!8m2!3d39.1823678!4d-86.5961177!16s%2Fg%2F1tj58j03!19sChIJBb-KoOZdbIgRYaLsbJJNuBU,B & H Electric & Supply,4.6,12,Electrician,"4719 W Vernal Pike, Bloomington, IN 47404, United States","5CJ3+WH Bloomington, Indiana, USA",http://www.bh-electric.com/,+1 812-333-7303,Closed · Opens 7:30 am Mon,https://streetviewpixels-pa.googleapis.com/v1/thumbnail?panoid=Wl3MtV4bHJHWN_3HyChCFA&cb_client=search.gws-prod.gps&w=408&h=240&yaw=246.26932&pitch=0&thumbfov=100,false,Closed,Closed,7:30 am–4 pm,7:30 am–4 pm,7:30 am–4 pm,7:30 am–4 pm,7:30 am–4 pm,"https://www.google.com/maps/search/generator+installation+services+in+Plainfield+Bloomington+IN/@39.169574,-86.5385549,14z",2026-01-10T21:23:55.802Z,,,
"https://www.google.com/maps/place/Electric+Plus,+Inc.+-+Bloomington/data=!4m7!3m6!1s0x886c6860f79940ed:0xf36d1605c33a1f9f!8m2!3d39.1798214!4d-86.5461156!16s%2Fg%2F11b64q1n_q!19sChIJ7UCZ92BobIgRnx86wwUWbfM","Electric Plus, Inc. - Bloomington",4.6,5,Electrician,"1030 W 17th St Suite B, Bloomington, IN 47404, United States","5FH3+WH Bloomington, Indiana, USA",http://www.electricplus.com/?utm_source=Google+Business&utm_medium=Google+Business&utm_campaign=Google+Business,+1 812-336-4992,Closed · Opens 7 am Mon,https://lh3.googleusercontent.com/p/AF1QipPkPtv1VgTGqFqukz5Rz68h0hdzPXzIgwL9fUFA=w426-h240-k-no,true,Closed,Closed,7 am–5 pm,7 am–5 pm,7 am–5 pm,7 am–5 pm,7 am–5 pm,"https://www.google.com/maps/search/generator+installation+services+in+Bloomington+Bloomington+IN/@39.169574,-86.5385549,14z",2026-01-10T21:24:08.314Z,,,
https://www.google.com/maps/place/Homeowner+Service/data=!4m7!3m6!1s0x886c60c7c918a417:0x84c5bd7acff3c342!8m2!3d39.1983127!4d-86.5570776!16s%2Fg%2F1wg5yrp0!19sChIJF6QYycdgbIgRQsPzz3q9xYQ,Homeowner Service,4.7,42,Electrician,"3104 N Norwest Woods Ln #9281, Bloomington, IN 47404, United States","5CXV+85 Bloomington, Indiana, USA",http://homeownerserviceelectric.com/,+1 812-333-0243,Closed · Opens 8 am Mon,https://lh3.googleusercontent.com/p/AF1QipN11PBO_uWO3eEev6q2lfX9UHt_Nt3VdW4lCHUZ=w408-h306-k-no,true,Closed,Closed,8 am–4 pm,8 am–4 pm,8 am–4 pm,8 am–4 pm,8 am–12 pm,"https://www.google.com/maps/search/generator+installation+services+in+Bloomington+Bloomington+IN/@39.169574,-86.5385549,14z",2026-01-10T21:24:12.858Z,,,
https://www.google.com/maps/place/Price+Electric+Inc./data=!4m7!3m6!1s0x886c66f41936aaab:0x2c91a5cfc625308!8m2!3d39.1484534!4d-86.5246!16s%2Fg%2F11fll6d2wt!19sChIJq6o2GfRmbIgRCFNi_FwayQI,Price Electric Inc.,4.2,33,Electrician,"724 E Thornton Dr, Bloomington, IN 47401, United States","4FXG+95 Bloomington, Indiana, USA",http://price-electricinc.com/,+1 812-339-9769,Closed · Opens 7 am Mon,https://lh3.googleusercontent.com/gps-cs-s/AG0ilSzsUrq_Dc96633Rv1oVO76Fikfr7ler0Cs5eI0FpMFUaJXHHZtJw3wDqKlRtG_JErzArVVmwkHGshZUfptpoyLkP8edoC_3pfV47mxugFJVuGt0ywlPb2eXo5Ts5f7dQiDs1a01ebXZUzM=w408-h544-k-no,true,Closed,Closed,7 am–4:30 pm,7 am–4:30 pm,7 am–4:30 pm,7 am–4:30 pm,7 am–4:30 pm,"https://www.google.com/maps/search/generator+installation+services+in+Bloomington+Bloomington+IN/@39.169574,-86.5385549,14z",2026-01-10T21:24:17.542Z,,,
https://www.google.com/maps/place/Peterman+Brothers+Heating+Cooling+Plumbing/data=!4m7!3m6!1s0x886c618864cf7fbf:0xe62b5ad88b7e9299!8m2!3d39.1983204!4d-86.5555684!16s%2Fg%2F11pxm66ffd!19sChIJv3_PZIhhbIgRmZJ-i9haK-Y,Peterman Brothers Heating Cooling Plumbing,4.8,1837,HVAC contractor,"3133 N Westbury Village Dr Suite 2, Bloomington, IN 47404, United States","5CXV+8Q Bloomington, Indiana, USA",https://petermanhvac.com/bloomington/?account=4163/?utm_source=gmb-bloomington&utm_medium=organic,+1 812-612-8083,Closes soon · 5 pm · Opens 8 am Sun,https://lh3.googleusercontent.com/p/AF1QipMKBn4DU152vciK1Un2UahqJAuD_XoaPqDbgHwT=w408-h306-k-no,true,8 am–5 pm,8 am–5 pm,7 am–8 pm,7 am–8 pm,7 am–8 pm,7 am–8 pm,7 am–8 pm,"https://www.google.com/maps/search/generator+installation+services+in+Bloomington+Bloomington+IN/@39.169574,-86.5385549,14z",2026-01-10T21:24:22.912Z,LGBTQ+ friendly,,
"https://www.google.com/maps/place/Mann+Plumbing,+Inc./data=!4m7!3m6!1s0x886c6731b3b236db:0xbd58d33058009a09!8m2!3d39.1799252!4d-86.5544629!16s%2Fg%2F1tfxysjp!19sChIJ2zayszFnbIgRCZoAWDDTWL0","Mann Plumbing, Inc.",4.8,123,Plumber,"1750 W 17th St, Bloomington, IN 47404, United States","5CHW+X6 Bloomington, Indiana, USA",http://www.mannplumbinginc.com/,+1 812-334-4003,Closed · Opens 7 am Mon,https://lh3.googleusercontent.com/p/AF1QipO8jc9j7_qJdA4I7_6pPFSKMBwCdRXhU2grgXM2=w408-h306-k-no,true,Closed,Closed,7 am–4 pm,7 am–4 pm,7 am–4 pm,7 am–4 pm,7 am–4 pm,"https://www.google.com/maps/search/generator+installation+services+in+Bloomington+Bloomington+IN/@39.169574,-86.5385549,14z",2026-01-10T21:24:31.693Z,,,
https://www.google.com/maps/place/Atomic+Electric+and+Solar/data=!4m7!3m6!1s0x886c66fdb31099c1:0xbb43baba35ef1ccf!8m2!3d39.1515487!4d-86.5374903!16s%2Fg%2F1v_z9ng8!19sChIJwZkQs_1mbIgRzxzvNbq6Q7s,Atomic Electric and Solar,4.6,43,Electrician,"1401 S Madison St, Bloomington, IN 47403, United States","5F27+J2 Bloomington, Indiana, USA",https://www.atomicsolarelectric.com/,+1 812-325-5164,Closed · Opens 8 am Mon,https://lh3.googleusercontent.com/p/AF1QipNbFXELZQGMW2mRWc51wpExwkcbrD3tVxrfbd0u=w408-h306-k-no,true,Closed,Closed,8 am–5 pm,8 am–5 pm,8 am–5 pm,8 am–5 pm,8 am–5 pm,"https://www.google.com/maps/search/generator+installation+services+in+Bloomington+Bloomington+IN/@39.169574,-86.5385549,14z",2026-01-10T21:24:36.004Z,,,
https://www.google.com/maps/place/Tom%27s+Electrical/data=!4m7!3m6!1s0x886c67ef15dc9f5b:0x18befbfae959a335!8m2!3d39.1571945!4d-86.560222!16s%2Fg%2F11t_pngrfc!19sChIJW5_cFe9nbIgRNaNZ6fr7vhg,Tom's Electrical,5.0,6,Electrician,"1600 W Bloomfield Rd #201, Bloomington, IN 47403, United States","5C4Q+VW Bloomington, Indiana, USA",https://tombladeelectrician.com/bloomington-in/,+1 812-615-2529,Open · Closes 10 pm,https://streetviewpixels-pa.googleapis.com/v1/thumbnail?panoid=e8w29QKVhv4m5RQ8OjOmkA&cb_client=search.gws-prod.gps&w=408&h=240&yaw=16.372204&pitch=0&thumbfov=100,true,7 am–10 pm,7 am–10 pm,7 am–10 pm,7 am–10 pm,7 am–10 pm,7 am–10 pm,7 am–10 pm,"https://www.google.com/maps/search/generator+installation+services+in+Bloomington+Bloomington+IN/@39.169574,-86.5385549,14z",2026-01-10T21:24:40.575Z,,,
https://www.google.com/maps/place/Koenig+Equipment/data=!4m7!3m6!1s0x886c6710b41d5323:0xefdb76987102f08d!8m2!3d39.1594058!4d-86.5511895!16s%2Fg%2F1tdpbc12!19sChIJI1MdtBBnbIgRjfACcZh22-8,Koenig Equipment,4.5,203,Tractor dealer,"1305 W Bloomfield Rd, Bloomington, IN 47403, United States","5C5X+QG Bloomington, Indiana, USA",https://www.koenigequipment.com/locations/bloomington-indiana,+1 812-336-4133,Closed · Opens 8 am Mon,https://lh3.googleusercontent.com/p/AF1QipPj-JmoTMDgjqDVpJFJs5AKQTNx0rzac3BQ0A-v=w408-h306-k-no,true,Closed,Closed,8 am–5 pm,8 am–5 pm,8 am–5 pm,8 am–5 pm,8 am–5 pm,"https://www.google.com/maps/search/generator+installation+services+in+Bloomington+Bloomington+IN/@39.169574,-86.5385549,14z",2026-01-10T21:24:45.314Z,,· In-store shopping · Kerbside pickup · Delivery,
https://www.google.com/maps/place/All-Phase+Electric+Supply/data=!4m7!3m6!1s0x886c671172dcd92b:0xfd77ef0289bde073!8m2!3d39.1589117!4d-86.5540817!16s%2Fg%2F12hmrbyv8!19sChIJK9ncchFnbIgRc-C9iQLvd_0,All-Phase Electric Supply,4.4,7,Electrical supply store,"700 S Landmark Ave, Bloomington, IN 47403, United States","5C5W+H9 Bloomington, Indiana, USA",http://apbloomington.portalced.com/,+1 812-330-8222,Closed · Opens 7 am Mon,https://streetviewpixels-pa.googleapis.com/v1/thumbnail?panoid=DduBJpdI_196hYd3NA51HQ&cb_client=search.gws-prod.gps&w=408&h=240&yaw=233.82605&pitch=0&thumbfov=100,true,Closed,Closed,7 am–5 pm,7 am–5 pm,7 am–5 pm,7 am–5 pm,7 am–5 pm,"https://www.google.com/maps/search/generator+installation+services+in+Bloomington+Bloomington+IN/@39.169574,-86.5385549,14z",2026-01-10T21:24:50.098Z,,· In-store shopping · Kerbside pickup · Delivery,
https://www.google.com/maps/place/Rectify+LLC+DBA+Rectify+Solar/data=!4m7!3m6!1s0x886c675baf38e60f:0x2cda6c73630b2f7b!8m2!3d39.1644639!4d-86.5734187!16s%2Fg%2F11ggtnd23j!19sChIJD-Y4r1tnbIgRey8LY3Ns2iw,Rectify LLC DBA Rectify Solar,3.6,5,Electrician,"Bloomington, IN 47404, United States","5C7G+QJ Bloomington, Indiana, USA",,+1 812-345-1206,Open 24 hours,https://streetviewpixels-pa.googleapis.com/v1/thumbnail?panoid=Vd4t4qtdkVglZWNC7yB87Q&cb_client=search.gws-prod.gps&w=408&h=240&yaw=157.68651&pitch=0&thumbfov=100,true,Open 24 hours,Open 24 hours,Open 24 hours,Open 24 hours,Open 24 hours,Open 24 hours,Open 24 hours,"https://www.google.com/maps/search/generator+installation+services+in+Bloomington+Bloomington+IN/@39.169574,-86.5385549,14z",2026-01-10T21:24:54.634Z,,,
https://www.google.com/maps/place/Prewitt+Outdoor+Power+Inc/data=!4m7!3m6!1s0x886bbe61b1786a47:0x8b652ee047b24de1!8m2!3d38.987497!4d-85.891835!16s%2Fg%2F1vsps7bx!19sChIJR2p4sWG-a4gR4U2yR-AuZYs,Prewitt Outdoor Power Inc,4.5,61,Lawn mower store,"2101 N Ewing St, Seymour, IN 47274, United States","X4P5+X7 Seymour, Indiana, USA",https://prewittoutdoorpower.com/,+1 812-522-3705,Closed · Opens 8 am Mon,https://lh3.googleusercontent.com/gps-cs-s/AG0ilSz1tS464hmPTRNSC-6aTHYEDsN4TjGB5F23HPPQQ8nDSRAbg1hwU_McQfPrtWUkKRkePn-3NQBwDPsJweKxmPr5BYQaVoM4nSerpey6x7ISHeTsVGtQTCtxo2pNz1zISDGHXSU=w408-h873-k-no,true,8 am–12 pm,Closed,8 am–5 pm,8 am–5 pm,8 am–5 pm,8 am–5 pm,8 am–5 pm,"https://www.google.com/maps/search/generator+installation+services+in+Seymour+Bloomington+IN/@38.9592201,-85.8902547,14z",2026-01-10T21:25:14.956Z,,,
https://www.google.com/maps/place/Burris+Electric/data=!4m7!3m6!1s0x886bbefc95a6907b:0xa9545920f9efb040!8m2!3d38.9609155!4d-85.8809384!16s%2Fg%2F1tf7680t!19sChIJe5Cmlfy-a4gRQLDv-SBZVKk,Burris Electric,4.3,13,Contractor,"110 N Obrien St, Seymour, IN 47274, United States","X469+9J Seymour, Indiana, USA",,+1 812-522-7401,Closed · Opens 7 am Mon,https://streetviewpixels-pa.googleapis.com/v1/thumbnail?panoid=MIiKb_cmDEoGlJSMuY0BMg&cb_client=search.gws-prod.gps&w=408&h=240&yaw=92.23848&pitch=0&thumbfov=100,false,8 am–12 pm,Closed,7 am–4 pm,7 am–4 pm,7 am–4 pm,7 am–4 pm,7 am–4 pm,"https://www.google.com/maps/search/generator+installation+services+in+Seymour+Bloomington+IN/@38.9592201,-85.8902547,14z",2026-01-10T21:25:19.282Z,,,
https://www.google.com/maps/place/B+%26+H+Electric/data=!4m7!3m6!1s0x886bbf974ece8dfd:0xac0539549642fe9a!8m2!3d38.931992!4d-85.900718!16s%2Fg%2F1tjdmh2s!19sChIJ_Y3OTpe_a4gRmv5CllQ5Baw,B & H Electric,4.8,21,Electric motor repair shop,"740 C Ave E, Seymour, IN 47274, United States","W3JX+QP Seymour, Indiana, USA",https://bh-electric.com/,+1 812-522-5607,Closed · Opens 7 am Mon,https://streetviewpixels-pa.googleapis.com/v1/thumbnail?panoid=91lVzWUIHiUYy4nm54ALVw&cb_client=search.gws-prod.gps&w=408&h=240&yaw=152.90121&pitch=0&thumbfov=100,true,Closed,Closed,7 am–4 pm,7 am–4 pm,7 am–4 pm,7 am–4 pm,7 am–4 pm,"https://www.google.com/maps/search/generator+installation+services+in+Seymour+Bloomington+IN/@38.9592201,-85.8902547,14z",2026-01-10T21:25:23.659Z,,,
https://www.google.com/maps/place/GC+Electric/data=!4m7!3m6!1s0x886bbf50fbdc1611:0x48c0412e00c61cb1!8m2!3d38.959221!4d-85.8886253!16s%2Fg%2F11lm2s7f7q!19sChIJERbc-1C_a4gRsRzGAC5BwEg,GC Electric,5.0,7,Electrician,"104 E 2nd St, Seymour, IN 47274, United States","X456+MG Seymour, Indiana, USA",https://www.facebook.com/profile.php?id61573512520732,+1 812-271-1653,Closed · Opens 8 am Mon,https://lh3.googleusercontent.com/p/AF1QipPqBdbxbBr4rUPsnVPpFYZZPwMl3dHQaLHqJbWl=w408-h544-k-no,true,9 am–12 pm,Closed,8 am–6 pm,8 am–5 pm,8 am–5 pm,8 am–5 pm,8 am–5 pm,"https://www.google.com/maps/search/generator+installation+services+in+Seymour+Bloomington+IN/@38.9592201,-85.8902547,14z",2026-01-10T21:25:28.024Z,,,
https://www.google.com/maps/place/All-Phase+Electric+Supply/data=!4m7!3m6!1s0x886bbfad96bcd11d:0x57837ba47c9a4cb0!8m2!3d38.9540879!4d-85.8985463!16s%2Fg%2F1tg8kgq8!19sChIJHdG8lq2_a4gRsEyafKR7g1c,All-Phase Electric Supply,4.0,7,Electrical supply store,"1003 A W Brown St, Seymour, IN 47274, United States","X432+JH Seymour, Indiana, USA",http://allphaseseymour.portalced.com/,+1 812-522-5633,Closed · Opens 7 am Mon,https://streetviewpixels-pa.googleapis.com/v1/thumbnail?panoid=yJUlCxMOoYEkmSP8xNSx2w&cb_client=search.gws-prod.gps&w=408&h=240&yaw=188.31648&pitch=0&thumbfov=100,true,Closed,Closed,7 am–4 pm,7 am–4 pm,7 am–4 pm,7 am–4 pm,7 am–4 pm,"https://www.google.com/maps/search/generator+installation+services+in+Seymour+Bloomington+IN/@38.9592201,-85.8902547,14z",2026-01-10T21:25:32.509Z,,· In-store shopping · In-store pick-up · Delivery,
https://www.google.com/maps/place/Jacobi+Sales+Inc/data=!4m7!3m6!1s0x886bb9267d0ea497:0x88f6c46a9f8b7da8!8m2!3d38.959778!4d-85.836279!16s%2Fg%2F1tgz66tk!19sChIJl6QOfSa5a4gRqH2Ln2rE9og,Jacobi Sales Inc,4.5,94,Lawn mower store,"415 Steven's Way, Seymour, IN 47274, United States","X557+WF Seymour, Indiana, USA",http://www.jacobisales.com/,+1 812-523-5050,Closed · Opens 7 am Mon,https://lh3.googleusercontent.com/gps-cs-s/AG0ilSzohAAbAoBmF8W8vd27JaRXGmrJVOSxzhoJ6Zy_NRWCZdtQZFv9TRDlF89xmNNXNZdIVEm4dYp8I57Nz8iZCz_qEm61MU3B9cQmcm5cmGfM2gg1i5Uq5eNN7CoHP_v1KZ8iJZZAug=w531-h240-k-no,true,7 am–12 pm,Closed,7 am–5 pm,7 am–5 pm,7 am–5 pm,7 am–5 pm,7 am–5 pm,"https://www.google.com/maps/search/generator+installation+services+in+Seymour+Bloomington+IN/@38.9592201,-85.8902547,14z",2026-01-10T21:25:36.958Z,,· In-store shopping · In-store pick-up · Delivery,
https://www.google.com/maps/place/Tractor+Supply+Co./data=!4m7!3m6!1s0x886bbed6e580c66d:0x415b0cbdfebaf76c!8m2!3d38.959242!4d-85.855666!16s%2Fg%2F1wk4dt4r!19sChIJbcaA5da-a4gRbPe6_r0MW0E,Tractor Supply Co.,4.3,382,Animal feed store,"2003 E Tipton St, Seymour, IN 47274, United States","X45V+MP Seymour, Indiana, USA",https://www.tractorsupply.com/tsc/store_Seymour-IN-47274_625,+1 812-524-1500,"Open · Closes 8 pm

Updated by this business 1 week ago",https://lh3.googleusercontent.com/p/AF1QipO5NgJPWNC5IkR2hEi2K_lJhCxsCeMUnrLiUhS4=w408-h306-k-no,true,8 am–8 pm,9 am–7 pm,8 am–8 pm,8 am–8 pm,8 am–8 pm,8 am–8 pm,8 am–8 pm,"https://www.google.com/maps/search/generator+installation+services+in+Seymour+Bloomington+IN/@38.9592201,-85.8902547,14z",2026-01-10T21:25:41.737Z,,"Chain with a wide variety of agricultural & livestock supplies, plus tools, workwear & boots. · In-store shopping · Kerbside pickup · Delivery",
https://www.google.com/maps/place/Home+Services+at+The+Home+Depot/data=!4m7!3m6!1s0x886bbfc58bbe47e9:0x7389a3393ea8dd09!8m2!3d38.9555841!4d-85.8615197!16s%2Fg%2F11ckw29jz1!19sChIJ6Ue-i8W_a4gRCd2oPjmjiXM,Home Services at The Home Depot,4.2,35,Contractor,"1714 Tipton St, Seymour, IN 47274, United States","X44Q+69 Seymour, Indiana, USA",https://www.homedepot.com/l/Seymour/IN/Seymour/47274/2021/services?emt=HSGMBGoogleMaps,+1 844-476-2140,"Open · Closes 9 pm

Updated by this business 1 week ago",https://lh3.googleusercontent.com/p/AF1QipM6powpaVwS9hPPiXt-M1-Pdaxq77o_HkbleAZ3=w408-h272-k-no,true,6 am–9 pm,8 am–8 pm,6 am–9 pm,6 am–9 pm,6 am–9 pm,6 am–9 pm,6 am–9 pm,"https://www.google.com/maps/search/generator+installation+services+in+Seymour+Bloomington+IN/@38.9592201,-85.8902547,14z",2026-01-10T21:25:46.392Z,,,
https://www.google.com/maps/place/Wright+Implement/data=!4m7!3m6!1s0x886bbfb30826ee2d:0x2704cadbc7b1b1a3!8m2!3d38.9550406!4d-85.9041994!16s%2Fg%2F1v_0kh7j!19sChIJLe4mCLO_a4gRo7Gxx9vKBCc,Wright Implement,4.2,98,Tractor dealer,"1250 W 2nd St, Seymour, IN 47274, United States","X34W+28 Seymour, Indiana, USA",https://wrightimp.com/locations/seymour-in,+1 812-522-1922,"Closed · Opens 7 am Mon

Updated by this business 9 weeks ago",https://lh3.googleusercontent.com/gps-cs-s/AG0ilSxQwVUoVySSwtacx0tc1GJc6ePT5i8C8tMsb28sIMxhYUsixKVIqXmLl55iCf4Po0M-WwjYbJGBD6rVFLMFx75On3Ovnvp5zJnqCHUbBXg0Lbc25_hwsWvPKKiIxtNN8Udbr-Jb=w408-h544-k-no,true,7 am–12 pm,Closed,7 am–4 pm,7 am–4 pm,7 am–4 pm,7 am–4 pm,7 am–4 pm,"https://www.google.com/maps/search/generator+installation+services+in+Seymour+Bloomington+IN/@38.9592201,-85.8902547,14z",2026-01-10T21:25:50.894Z,,· In-store pick-up · Delivery,
https://www.google.com/maps/place/The+Home+Depot/data=!4m7!3m6!1s0x886bbf27789c99c5:0x3450ffd4f8950dbf!8m2!3d38.955782!4d-85.8614517!16s%2Fg%2F1td6bmjb!19sChIJxZmceCe_a4gRvw2V-NT_UDQ,The Home Depot,4.2,1115,Home improvement store,"1714 E Tipton St, Seymour, IN 47274, United States","X44Q+8C Seymour, Indiana, USA",https://www.homedepot.com/l/Seymour/IN/Seymour/47274/2021?emt=MSGMBGoogleMaps,+1 812-524-8012,,https://lh3.googleusercontent.com/gps-cs-s/AG0ilSxkuH2ZMdi-gde2tvXFAf_R9EwpTLoTEFCiQrCxwOsQDhYOFVoMQ7K6U22EKc49KrKXaFR0mYusmGvHaEixEg0IPvroOLeOlWOVnJ-9av_0DVdGeE10z_3ty5ByPpNZWJOWS_Wu=w408-h544-k-no,true,6 am–3 pm,Closed,6 am–6 pm,6 am–6 pm,6 am–6 pm,6 am–6 pm,6 am–6 pm,"https://www.google.com/maps/search/generator+installation+services+in+Seymour+Bloomington+IN/@38.9592201,-85.8902547,14z",2026-01-10T21:25:55.656Z,,"Chain home improvement retailer for tools, appliances & other products (some offer truck rentals). · In-store shopping · Kerbside pickup · Delivery",
"https://www.google.com/maps/place/Cassady+Electric,+LLC/data=!4m7!3m6!1s0x886c5fcd1bc02dfd:0xc18bd3513df81f38!8m2!3d39.2224292!4d-86.6068177!16s%2Fg%2F11h4s4dsh2!19sChIJ_S3AG81fbIgROB_4PVHTi8E","Cassady Electric, LLC",4.8,27,Electrician,"5600 IN-46, Bloomington, IN 47404, United States","69CV+X7 Bloomington, Indiana, USA",http://cassadyelectric.com/,+1 812-795-3661,Closed · Opens 7 am Mon,https://lh3.googleusercontent.com/p/AF1QipMAqT_9Yvu2_37lZLxhohcfUvC3dW41sIue7AHn=w408-h272-k-no,true,Closed,Closed,7 am–4:30 pm,7 am–4:30 pm,7 am–4:30 pm,7 am–4:30 pm,7 am–3 pm,"https://www.google.com/maps/search/generator+installation+services+in+Seymour+Bloomington+IN/@38.9592201,-85.8902547,14z",2026-01-10T21:26:00.297Z,Identifies as women-owned,,
https://www.google.com/maps/place/J+%26+A+Auto+Electric/data=!4m7!3m6!1s0x886bbefde6feffd1:0xf5d8bd42a881f1d5!8m2!3d38.958152!4d-85.883971!16s%2Fg%2F1thq60p8!19sChIJ0f_-5v2-a4gR1fGBqEK92PU,J & A Auto Electric,4.3,66,Auto electrical service,"403 E Tipton St, Seymour, IN 47274, United States","X458+7C Seymour, Indiana, USA",,+1 812-522-2288,Closed · Opens 9 am Mon,https://streetviewpixels-pa.googleapis.com/v1/thumbnail?panoid=v5scicCDER_fCIzbUMzsxQ&cb_client=search.gws-prod.gps&w=408&h=240&yaw=90.94509&pitch=0&thumbfov=100,false,Closed,Closed,9 am–5 pm,9 am–5 pm,9 am–5 pm,9 am–5 pm,9 am–5 pm,"https://www.google.com/maps/search/generator+installation+services+in+Seymour+Bloomington+IN/@38.9592201,-85.8902547,14z",2026-01-10T21:26:04.617Z,,,
https://www.google.com/maps/place/Midwest+Generator+Solutions/data=!4m7!3m6!1s0x886ca24289099b45:0x53e2f4a0d15094dd!8m2!3d39.4111995!4d-86.4148947!16s%2Fg%2F11dxjvdbl3!19sChIJRZsJiUKibIgR3ZRQ0aD04lM,Midwest Generator Solutions,4.9,249,Electric generator shop,"200 Robert Curry Dr, Martinsville, IN 46151, United States","CH6P+F2 Martinsville, Indiana, USA",http://midwestgeneratorsolutions.com/?utm_campaign=gmb,+1 317-648-2115,Closed · Opens 8 am Mon,https://lh3.googleusercontent.com/gps-cs-s/AG0ilSzUPhlI46pawx-h2lYNLO3PmaFk_MSksVX0ZsXQmkUsmnyGZctSoU0GaZ6g3IpVdz1vRf1yxPg4Aju4bo66Gw0jA8ZiwSOcZf3fi5FSKcwkTo0qbUgusGix6zAAE11dVRurRqmhDg=w408-h270-k-no,true,Closed,Closed,8 am–4:30 pm,8 am–4:30 pm,8 am–4:30 pm,8 am–4:30 pm,8 am–4:30 pm,"https://www.google.com/maps/search/generator+installation+services+in+Seymour+Bloomington+IN/@38.9592201,-85.8902547,14z",2026-01-10T21:26:08.935Z,,,
https://www.google.com/maps/place/Harbor+Freight/data=!4m7!3m6!1s0x886bbedef3318beb:0x8ff1a20e2c0dfaca!8m2!3d38.9602918!4d-85.8661761!16s%2Fg%2F11f30mk5_d!19sChIJ64sx896-a4gRyvoNLA6i8Y8,Harbor Freight,4.5,616,Hardware store,"1501 E Tipton St, Seymour, IN 47274, United States","X46M+4G Seymour, Indiana, USA",https://www.harborfreight.com/storelocator/1501-e-tipton-street-seymour-47274?number=870,+1 812-271-0700,Open · Closes 8 pm,https://lh3.googleusercontent.com/gps-cs-s/AG0ilSyVQ-coKooVBdlRtUXmtLm6hIFx-vVhxOQcNweUSY6HQy5Iw0gkLFwaNhgQxAsVWSQCbzmkzdm82ay1uMfo2O_2Md9XgnxPY3FllH1RdvUlP0kZVPgg3jQhPTCaKy_8ir59ep_6ng=w408-h544-k-no,true,8 am–8 pm,9 am–6 pm,8 am–8 pm,8 am–8 pm,8 am–8 pm,8 am–8 pm,8 am–8 pm,"https://www.google.com/maps/search/generator+installation+services+in+Seymour+Bloomington+IN/@38.9592201,-85.8902547,14z",2026-01-10T21:26:13.581Z,,"Retail chain carrying a wide range of tools, hardware & other products for the home, garden & car. · In-store pick-up",
https://www.google.com/maps/place/Darlage+Custom+Meats/data=!4m7!3m6!1s0x886bbfde5dcafa55:0x95895e7bfc184d0a!8m2!3d38.9525033!4d-85.8999859!16s%2Fg%2F1td72rfy!19sChIJVfrKXd6_a4gRCk0Y_HteiZU,Darlage Custom Meats,4.8,293,Store,"1107 W Tipton St Suite A, Seymour, IN 47274, United States","X432+22 Seymour, Indiana, USA",http://www.darlagecustommeats.com/,+1 812-522-1635,Closed · Opens 10 am Mon,https://lh3.googleusercontent.com/gps-cs-s/AG0ilSzOWkGc3NjlCWH3RdcN-l8GrXSxIU6UzeNJh4LjLFfih1CreW-ZHNtkM7uN86x-bXmRV-SyjQJyd2yqMdQkazzyA7OAPNIPe01Gq8uH77PwcvbfBMkiGJaSB1sXr8uvW5t6nwwpKA=w408-h544-k-no,true,8 am–1 pm,Closed,10 am–6 pm,10 am–6 pm,10 am–6 pm,10 am–6 pm,10 am–6 pm,"https://www.google.com/maps/search/generator+installation+services+in+Seymour+Bloomington+IN/@38.9592201,-85.8902547,14z",2026-01-10T21:26:18.161Z,,· In-store shopping · In-store pick-up,
https://www.google.com/maps/place/Main+Trailer+Sales+LLC/data=!4m7!3m6!1s0x886bb8d14e051edd:0x906806e5edb5283e!8m2!3d38.9506284!4d-85.8412653!16s%2Fg%2F1ts_7byj!19sChIJ3R4FTtG4a4gRPii17eUGaJA,Main Trailer Sales LLC,4.5,66,Trailer dealer,"905 S Commerce Dr, Seymour, IN 47274, United States","X525+7F Seymour, Indiana, USA",http://www.maintrailersales.com/,+1 812-524-7986,Closed · Opens 9 am Mon,https://lh3.googleusercontent.com/gps-cs-s/AG0ilSzW8o2N4HqMAFp4qHwIp1GS0ymVFmCK0mq8NZO8E0jvF-si8FMHIswOP-E-jAX95rjWsVlNonI0CGtrmCxtXH4RAvkz335y0GxDzdwuDeNRbOiyzF5wayWQErg-aij61TMVU-vZ=w408-h544-k-no,true,9 am–12 pm,Closed,9 am–6 pm,9 am–5 pm,9 am–5 pm,9 am–5 pm,9 am–5 pm,"https://www.google.com/maps/search/generator+installation+services+in+Seymour+Bloomington+IN/@38.9592201,-85.8902547,14z",2026-01-10T21:26:22.690Z,,,
https://www.google.com/maps/place/Jackson+County+Rural+Electric/data=!4m7!3m6!1s0x886becf4d4e8d209:0xb65deb035efff206!8m2!3d38.8815365!4d-86.0326094!16s%2Fg%2F1tk1zsqp!19sChIJCdLo1PTsa4gRBvL_XgPrXbY,Jackson County Rural Electric,2.9,61,Electric utility company,"274 E Base Rd, Brownstown, IN 47220, United States","VXJ8+JX Brownstown, Indiana, USA",http://www.jacksonremc.com/,+1 812-358-4458,Closed · Opens 7:30 am Mon,https://streetviewpixels-pa.googleapis.com/v1/thumbnail?panoid=uy7s4A8HbsfSEBr6HKA12A&cb_client=search.gws-prod.gps&w=408&h=240&yaw=344.8891&pitch=0&thumbfov=100,false,Closed,Closed,7:30 am–4:30 pm,7:30 am–4:30 pm,7:30 am–4:30 pm,7:30 am–4:30 pm,7:30 am–4:30 pm,"https://www.google.com/maps/search/generator+installation+services+in+Seymour+Bloomington+IN/@38.9592201,-85.8902547,14z",2026-01-10T21:26:27.283Z,,,
https://www.google.com/maps/place/K-Volt+Electric/data=!4m7!3m6!1s0x41bfc251cf2c3acd:0x2793c4d7373b63e6!8m2!3d39.0162071!4d-86.0619814!16s%2Fg%2F11vzs45mj4!19sChIJzTosz1HCv0ER5mM7N9fEkyc,K-Volt Electric,5.0,39,Electrician,,,https://sparkiesunlimited.com/,+1 812-530-8082,Open 24 hours,https://lh3.googleusercontent.com/gps-cs-s/AG0ilSxM2odcYD6UvqcNKadQdPrDTgW335Jk-1pMP-tx2JuB4QhPtbmCrfDPdIp_Zp2w5LX0O_GZ9Gfuniney8yE87YmutKqQmPyqPmLhNDuqq_Adv6ouD96kjLKPLfDUtxOgfJ7NKdFBQ=w408-h306-k-no,true,Open 24 hours,Open 24 hours,Open 24 hours,Open 24 hours,Open 24 hours,Open 24 hours,Open 24 hours,"https://www.google.com/maps/search/generator+installation+services+in+Seymour+Bloomington+IN/@38.9592201,-85.8902547,14z",2026-01-10T21:26:31.818Z,,,
https://www.google.com/maps/place/O%27Reilly+Auto+Parts/data=!4m7!3m6!1s0x886bbee18f795421:0xccbfa8da85bf5574!8m2!3d38.9585373!4d-85.8738098!16s%2Fg%2F1tgvfclr!19sChIJIVR5j-G-a4gRdFW_hdqov8w,O'Reilly Auto Parts,4.3,201,Auto parts store,"1111 E Tipton St, Seymour, IN 47274, United States","X45G+CF Seymour, Indiana, USA",https://locations.oreillyauto.com/en-us/in/seymour/autoparts-1748.html,+1 812-522-0817,Open · Closes 9 pm,https://lh3.googleusercontent.com/gps-cs-s/AG0ilSwEJC6YWswCKjZX_Fs4wlT5XQ-ypSyRcF8U3O5KOoEEOS8YCdj7d_tZeHJayVPs4y8iUWEXVP4apKYRQSsvWENd7H0-N9cYBuBoE6ah4LLT-pjab3Kteep7Tfbq7HFGp-g6-TqY=w408-h306-k-no,true,7:30 am–9 pm,8:30 am–9 pm,7:30 am–9 pm,7:30 am–9 pm,7:30 am–9 pm,7:30 am–9 pm,7:30 am–9 pm,"https://www.google.com/maps/search/generator+installation+services+in+Seymour+Bloomington+IN/@38.9592201,-85.8902547,14z",2026-01-10T21:26:36.498Z,,· In-store shopping · Kerbside pickup · Delivery,
https://www.google.com/maps/place/NWI+Generator/data=!4m7!3m6!1s0x8811efc8371cd59b:0xa3d04d2177625307!8m2!3d41.429272!4d-87.349736!16s%2Fg%2F12hq5ztrq!19sChIJm9UcN8jvEYgRB1NidyFN0KM,NWI Generator,4.8,901,Electric generator shop,"1131 Breuckman Dr, Crown Point, IN 46307, United States","CMH2+P4 Crown Point, Indiana, USA",https://nwigenerator.com/generators-in-crown-point-repair-installation/?utm_source=gbp&utm_medium=organic&utm_campaign=gmb_crown-point,+1 219-300-4068,Open 24 hours,https://lh3.googleusercontent.com/p/AF1QipMGYk3zibtvkCdIQI7lJM8MvtHcDvjI9ib3JdTK=w408-h276-k-no,true,Open 24 hours,Open 24 hours,Open 24 hours,Open 24 hours,Open 24 hours,Open 24 hours,Open 24 hours,"https://www.google.com/maps/search/generator+installation+services+in+Seymour+Bloomington+IN/@38.9592201,-85.8902547,14z",2026-01-10T21:26:41.372Z,LGBTQ+ friendly,· Delivery,
"https://www.google.com/maps/place/Hoosier+Power,+LLC/data=!4m7!3m6!1s0x886ba1bb671aaaab:0x7c035a65e3299d0f!8m2!3d39.3496435!4d-85.7560301!16s%2Fg%2F11f4qn812m!19sChIJq6oaZ7uha4gRD50p42VaA3w","Hoosier Power, LLC",3.7,3,Electric generator shop,"15223 E County Rd 1000 N, Flat Rock, IN 47234, United States","86XV+VH Flat Rock, Indiana, USA",,+1 812-603-1508,Closed · Opens 8 am Mon,https://lh3.googleusercontent.com/p/AF1QipMDjY44ICcaNRPEIwqsHg5joIi8FsSBeRGAMHJV=w427-h240-k-no,true,Closed,Closed,8 am–5 pm,8 am–5 pm,8 am–5 pm,8 am–5 pm,8 am–5 pm,"https://www.google.com/maps/search/generator+installation+services+in+Seymour+Bloomington+IN/@38.9592201,-85.8902547,14z",2026-01-10T21:26:45.943Z,,· In-store pick-up,
"https://www.google.com/maps/place/CELCO+Electric,+LLC./data=!4m7!3m6!1s0x886eba2395a1b639:0x85187b55f01b2f77!8m2!3d38.5573922!4d-86.4681779!16s%2Fg%2F1jkz7vqc1!19sChIJObahlSO6bogRdy8b8FV7GIU","CELCO Electric, LLC.",4.9,44,Electrician,"202 N Gospel St Box 375, Paoli, IN 47454, United States","HG4J+XP Paoli, Indiana, USA",https://www.celcollc.net/,+1 812-788-2058,Closed · Opens 9 am Mon,https://lh3.googleusercontent.com/p/AF1QipMjpXVTfowcl98mcX4HfsxvnL7eifUo_bYvmDQb=w408-h544-k-no,true,Closed,Closed,9 am–5 pm,9 am–5 pm,9 am–5 pm,9 am–5 pm,9 am–5 pm,"https://www.google.com/maps/search/generator+installation+services+in+Seymour+Bloomington+IN/@38.9592201,-85.8902547,14z",2026-01-10T21:26:50.504Z,,,
https://www.google.com/maps/place/Wells+Family+Electric/data=!4m7!3m6!1s0xa0214666347129a1:0x84a56c0f9ff51705!8m2!3d39.227989!4d-86.4240014!16s%2Fg%2F11syczqgl9!19sChIJoSlxNGZGIaARBRf1nw9spYQ,Wells Family Electric,5.0,6,Electrician,,,https://www.facebook.com/WellsFamilyElectric?mibextid=ZbWKwL,+1 907-347-7657,Open · Closes 6 pm,https://lh3.googleusercontent.com/p/AF1QipOXvps4M_k2gOO0bJg7ftqWU6apVaGDQT7Z-F2_=w408-h306-k-no,true,7 am–6 pm,7 am–6 pm,7 am–6 pm,7 am–6 pm,7 am–6 pm,7 am–6 pm,7 am–6 pm,"https://www.google.com/maps/search/generator+installation+services+in+Seymour+Bloomington+IN/@38.9592201,-85.8902547,14z",2026-01-10T21:26:54.918Z,,,
https://www.google.com/maps/place/Walmart+Supercenter/data=!4m7!3m6!1s0x886bbf20aec8d29f:0xa5898e5c9054a49d!8m2!3d38.9557437!4d-85.864494!16s%2Fm%2F03n_2m1!19sChIJn9LIriC_a4gRnaRUkFyOiaU,Walmart Supercenter,3.7,3703,Department store,"1600 E Tipton St, Seymour, IN 47274, United States","X44P+76 Seymour, Indiana, USA",https://www.walmart.com/store/1033-seymour-in/?veh=seo_loc,+1 812-522-8838,,https://lh3.googleusercontent.com/p/AF1QipMghNdDlpkkf3q4YLz6tyr2z57FAAuBrnnVadMI=w408-h244-k-no,true,8 am–8 pm,8 am–8 pm,8 am–8 pm,8 am–8 pm,8 am–8 pm,8 am–8 pm,8 am–8 pm,"https://www.google.com/maps/search/generator+installation+services+in+Seymour+Bloomington+IN/@38.9592201,-85.8902547,14z",2026-01-10T21:26:59.589Z,,· In-store shopping · Kerbside pickup · Delivery,
https://www.google.com/maps/place/Gillman+Home+Center/data=!4m7!3m6!1s0x886bb5293841dffb:0x1aad09ec3ffa8c2e!8m2!3d39.0276248!4d-85.6409425!16s%2Fg%2F1thr7xt9!19sChIJ-99BOCm1a4gRLoz6P-wJrRo,Gillman Home Center,4.5,55,Hardware store,"2885 IN-3, North Vernon, IN 47265, United States","29H5+2J North Vernon, Indiana, USA",https://www.doitbest.com/gillman-home-center/,+1 812-346-3627,Open · Closes 6 pm,https://lh3.googleusercontent.com/p/AF1QipPqRKA16teBRQnu8YpbD61OytMHzmMCXma5Jb2p=w408-h408-k-no,true,7 am–6 pm,8 am–5 pm,7 am–7 pm,7 am–7 pm,7 am–7 pm,7 am–7 pm,7 am–7 pm,"https://www.google.com/maps/search/generator+installation+services+in+Seymour+Bloomington+IN/@38.9592201,-85.8902547,14z",2026-01-10T21:27:04.153Z,,· In-store shopping · Kerbside pickup · Delivery,
https://www.google.com/maps/place/Southside+Electric/data=!4m7!3m6!1s0x886b80904035179f:0xdd164899e379a1f7!8m2!3d39.2049916!4d-86.247678!16s%2Fg%2F11c5bms2n4!19sChIJnxc1QJCAa4gR96F545lIFt0,Southside Electric,,,Electrical installation service,"90 W. Washington, Nashville, IN 47448, United States","6Q32+XW Nashville, Indiana, USA",,+1 812-327-1473,Closes soon · 5 pm · Opens 7 am Mon,https://lh3.googleusercontent.com/p/AF1QipP3IknJ9u5ULxX84nvKoBnd9NYJtmzXD7HJvPUW=w408-h306-k-no,true,9 am–5 pm,Closed,7 am–7 pm,7 am–7 pm,7 am–7 pm,7 am–7 pm,7 am–7 pm,"https://www.google.com/maps/search/generator+installation+services+in+Seymour+Bloomington+IN/@38.9592201,-85.8902547,14z",2026-01-10T21:27:08.564Z,,,
https://www.google.com/maps/place/Midwest+Engines+%26+Generators+%28MEG%29/data=!4m7!3m6!1s0x886b730a9e955555:0xceb61e81ffbe7e4e!8m2!3d39.3563188!4d-85.9710827!16s%2Fg%2F11v5jkp3dw!19sChIJVVWVngpza4gRTn6-_4Eets4,Midwest Engines & Generators (MEG),5.0,1,Industrial equipment supplier,"312 W Center Cross St, Edinburgh, IN 46124, United States","924H+GH Edinburgh, Indiana, USA",https://midwest-generators.com/?utm_source=google&utm_medium=organic&utm_campaign=google-business-profile,+1 463-325-2777,Closed · Opens 8 am Mon,https://lh3.googleusercontent.com/p/AF1QipN0MrerIIT9yZn68hJbg-c8aVwRLSUGBlSrJimn=w408-h306-k-no,true,Closed,Closed,8 am–5 pm,8 am–5 pm,8 am–5 pm,8 am–5 pm,8 am–5 pm,"https://www.google.com/maps/search/generator+installation+services+in+Seymour+Bloomington+IN/@38.9592201,-85.8902547,14z",2026-01-10T21:27:12.913Z,,,
"https://www.google.com/maps/place/Control+Imagineering,+Inc./data=!4m7!3m6!1s0x886bb1f2285945c1:0xfbf808895ab0c6b6!8m2!3d39.0592436!4d-85.6924566!16s%2Fg%2F1tf5ld5k!19sChIJwUVZKPKxa4gRtsawWokI-Ps","Control Imagineering, Inc.",4.3,3,Electrician,"5100 State Hwy 7, North Vernon, IN 47265, United States","3855+M2 North Vernon, Indiana, USA",http://www.wattselectric.com/,+1 812-392-2986,Closed · Opens 8 am Mon,https://streetviewpixels-pa.googleapis.com/v1/thumbnail?panoid=Zd8uXO275l-A88Iv8LVQgQ&cb_client=search.gws-prod.gps&w=408&h=240&yaw=28.053308&pitch=0&thumbfov=100,true,Closed,Closed,8 am–4:30 pm,8 am–4:30 pm,8 am–4:30 pm,8 am–4:30 pm,8 am–4:30 pm,"https://www.google.com/maps/search/generator+installation+services+in+Seymour+Bloomington+IN/@38.9592201,-85.8902547,14z",2026-01-10T21:27:17.274Z,,,
https://www.google.com/maps/place/Garden+Center+at+The+Home+Depot/data=!4m7!3m6!1s0x886bbf2777f64e8f:0x4b751c1dcc9a9a2b!8m2!3d38.9555702!4d-85.8615382!16s%2Fg%2F11ddxrxmt2!19sChIJj072dye_a4gRK5qazB0cdUs,Garden Center at The Home Depot,4.1,18,Garden center,"1714 E Tipton St, Seymour, IN 47274, United States","X44Q+69 Seymour, Indiana, USA",https://www.homedepot.com/l/Seymour/IN/Seymour/47274/2021/garden-center?emt=GCGMBGoogleMaps,+1 812-524-8012,"Open · Closes 9 pm

Updated by this business 1 week ago",https://lh3.googleusercontent.com/gps-cs-s/AG0ilSzJdMGJH8A3rREONU_-qoEp4vljKkNSXvQFcY0R6xkALtIXaSO6xHm-cXhFvXceGuGqB2HARpddv6mJECgl5hahZbuiwwOJK9O65q7rRMAqYjf7J6UMuYKJ663ixYa-t_FnpwiG=w408-h321-k-no,true,6 am–9 pm,8 am–8 pm,6 am–9 pm,6 am–9 pm,6 am–9 pm,6 am–9 pm,6 am–9 pm,"https://www.google.com/maps/search/generator+installation+services+in+Seymour+Bloomington+IN/@38.9592201,-85.8902547,14z",2026-01-10T21:27:22.084Z,,· In-store pick-up · Delivery,
https://www.google.com/maps/place/Generator+Supercenter+of+Indianapolis/data=!4m7!3m6!1s0x8814b587896855a1:0x9a84bf72b031e0ce!8m2!3d39.9282105!4d-86.0350891!16s%2Fg%2F11sy280_j3!19sChIJoVVoiYe1FIgRzuAxsHK_hJo,Generator Supercenter of Indianapolis,5.0,271,Electric generator shop,"7698 Crosspoint Commons, Fishers, IN 46038, United States","WXH7+7X Fishers, Indiana, USA",https://generatorsupercenterofindianapolis.com/,+1 317-827-0808,Closed · Opens 8:30 am Mon,https://lh3.googleusercontent.com/p/AF1QipPwC0lcws9EbafoR_8GJHpRdcVL5QbySzcJgu_U=w408-h272-k-no,true,Closed,Closed,8:30 am–4:30 pm,8:30 am–4:30 pm,8:30 am–4:30 pm,8:30 am–4:30 pm,8:30 am–4:30 pm,"https://www.google.com/maps/search/generator+installation+services+in+Seymour+Bloomington+IN/@38.9592201,-85.8902547,14z",2026-01-10T21:27:26.795Z,Identifies as veteran-owned,· Delivery,
https://www.google.com/maps/place/Columbus+Outdoor+Power/data=!4m7!3m6!1s0x886b9ff7776ad11f:0x17618fccb6b72868!8m2!3d39.2392058!4d-85.9329299!16s%2Fg%2F1tfgq3zs!19sChIJH9Fqd_efa4gRaCi3tsyPYRc,Columbus Outdoor Power,4.3,53,Lawn mower store,"3605 N National Rd, Columbus, IN 47201, United States","63Q8+MR Columbus, Indiana, USA",https://www.columbusoutdoorpower.com/,+1 812-376-7200,Closed · Opens 8 am Mon,https://lh3.googleusercontent.com/p/AF1QipMJfOSlwBjxlvlAMZJeEyiAVJKmB6IexdRQbT1J=w408-h544-k-no,true,8 am–12 pm,Closed,8 am–5 pm,8 am–5 pm,8 am–5 pm,8 am–5 pm,8 am–5 pm,"https://www.google.com/maps/search/generator+installation+services+in+Seymour+Bloomington+IN/@38.9592201,-85.8902547,14z",2026-01-10T21:27:31.369Z,,· Delivery,
https://www.google.com/maps/place/Services+%26+Supply+Inc/data=!4m7!3m6!1s0x886ca8f1e52276c1:0x4346ee96671ac2d2!8m2!3d39.7845806!4d-86.3064386!16s%2Fg%2F1tcxdz05!19sChIJwXYi5fGobIgR0sIaZ5buRkM,Services & Supply Inc,4.6,9,Electric generator shop,"1415 Country Club Rd, Indianapolis, IN 46234, United States","QMMV+RC Indianapolis, Indiana, USA",http://indiana-power.net/,,,https://lh3.googleusercontent.com/p/AF1QipMzQU1ROy5PX7bJ1edmSAn26Hxw5_vzh-EwsPKu=w408-h306-k-no,true,,,,,,,,"https://www.google.com/maps/search/generator+installation+services+in+Seymour+Bloomington+IN/@38.9592201,-85.8902547,14z",2026-01-10T21:27:33.846Z,,· Delivery,
https://www.google.com/maps/place/Two+Brothers+Generator+Sales+%26+Service/data=!4m7!3m6!1s0x8815eabfe41d7631:0x1377e4afd5a2a6a4!8m2!3d41.212634!4d-84.974074!16s%2Fg%2F1tqnm789!19sChIJMXYd5L_qFYgRpKai1a_kdxM,Two Brothers Generator Sales & Service,4.7,61,Electrician,"13350 State St, Grabill, IN 46741, United States","627G+39 Grabill, Indiana, USA",http://www.twobrosgen.com/,+1 260-638-4514,Closed · Opens 7:30 am Mon,https://lh3.googleusercontent.com/p/AF1QipNsqlon3t2MgAMAAifULoIpZ2xvMKRMKXWmorXQ=w408-h306-k-no,true,Closed,Closed,7:30 am–5 pm,7:30 am–5 pm,7:30 am–5 pm,7:30 am–5 pm,7:30 am–5 pm,"https://www.google.com/maps/search/generator+installation+services+in+Seymour+Bloomington+IN/@38.9592201,-85.8902547,14z",2026-01-10T21:27:38.278Z,,,
https://www.google.com/maps/place/Walmart+Garden+Center/data=!4m7!3m6!1s0x886bbf20b3643ae7:0x7eeb7be6afba3b38!8m2!3d38.9559936!4d-85.8643545!16s%2Fg%2F11d_dsjymb!19sChIJ5zpksyC_a4gRODu6r-Z7634,Walmart Garden Center,3.0,1,Garden center,"1600 E Tipton St, Seymour, IN 47274, United States","X44P+97 Seymour, Indiana, USA",https://www.walmart.com/store/1033-seymour-in/patio-garden-services/?veh=seo_loc,+1 812-522-8838,Open · Closes 11 pm,https://streetviewpixels-pa.googleapis.com/v1/thumbnail?panoid=fX01sQVO2oWTg1lfY1_pFA&cb_client=search.gws-prod.gps&w=408&h=240&yaw=248.5647&pitch=0&thumbfov=100,true,6 am–11 pm,6 am–11 pm,6 am–11 pm,6 am–11 pm,6 am–11 pm,6 am–11 pm,6 am–11 pm,"https://www.google.com/maps/search/generator+installation+services+in+Seymour+Bloomington+IN/@38.9592201,-85.8902547,14z",2026-01-10T21:27:42.581Z,,· In-store shopping · In-store pick-up · Delivery,
https://www.google.com/maps/place/Cummins+Columbus+Engine+Plant/data=!4m7!3m6!1s0x886ba1cbd9ca36ef:0x1b55980511c729cf!8m2!3d39.2032647!4d-85.9097492!16s%2Fg%2F11b7hmrk1q!19sChIJ7zbK2cuha4gRzynHEQWYVRs,Cummins Columbus Engine Plant,4.0,28,Manufacturer,"500 Central Ave, Columbus, IN 47201, United States","633R+84 Columbus, Indiana, USA",http://cummins.com/,+1 800-343-7357,,https://lh3.googleusercontent.com/gps-cs-s/AG0ilSx9ufBAhoseNojCa1q6WyHgYLKL14_ELNu0BCyNhx8RIMkbwktAAjgsSH3MgQKMWTBnvm1vVC5zi-uoV-8z2pPcdYnQk2T8QLfr2RUOxpNTskm24zstfhxvjVZbsgSiZjZZTk86=w408-h307-k-no,false,,,,,,,,"https://www.google.com/maps/search/generator+installation+services+in+Seymour+Bloomington+IN/@38.9592201,-85.8902547,14z",2026-01-10T21:27:45.705Z,,,
"https://www.google.com/maps/place/Burris+Electric+%26+Plumbing+Supply,+Inc./data=!4m7!3m6!1s0x886bdb326e578f13:0x6c8da7b362c6010b!8m2!3d38.7414199!4d-85.816423!16s%2Fg%2F1tv3pf9n!19sChIJE49XbjLba4gRCwHGYrOnjWw","Burris Electric & Plumbing Supply, Inc.",4.5,15,Electrical supply store,"199 Frontage Rd, Austin, IN 47102, United States","P5RM+HC Austin, Indiana, USA",https://www.t-thrublind.com/,+1 812-794-2257,Closed · Opens 7 am Mon,https://lh3.googleusercontent.com/gps-cs-s/AG0ilSzowQ_FL1xn_0t-JGaLyJVi2zZngnrfTuCA8Zch9sBZxbugrd47lUdhfzbxmTaDKDmo_Od2EcxlDeUA04gkjcNK6I1A_gl5VWiyz8xaPhGa8hFn9OkotXxRkEeX7MhUajY5kRfCSg=w408-h544-k-no,true,Closed,Closed,7 am–4 pm,7 am–4 pm,7 am–4 pm,7 am–4 pm,7 am–4 pm,"https://www.google.com/maps/search/generator+installation+services+in+Seymour+Bloomington+IN/@38.9592201,-85.8902547,14z",2026-01-10T21:27:50.364Z,,· Delivery,
https://www.google.com/maps/place/Zollman%27s+Electric/data=!4m7!3m6!1s0x886b089ffee654db:0x878db4b5d9a23b57!8m2!3d39.3058259!4d-85.7664981!16s%2Fg%2F1thl_5jf!19sChIJ21Tm_p8Ia4gRVzui2bW0jYc,Zollman's Electric,5.0,1,Electrician,"633 Grand St, Hope, IN 47246, United States","864M+8C Hope, Indiana, USA",,+1 812-546-4843,,https://streetviewpixels-pa.googleapis.com/v1/thumbnail?panoid=D1Y-qkoOohnMyIqniBkRmg&cb_client=search.gws-prod.gps&w=408&h=240&yaw=184.51341&pitch=0&thumbfov=100,false,,,,,,,,"https://www.google.com/maps/search/generator+installation+services+in+Seymour+Bloomington+IN/@38.9592201,-85.8902547,14z",2026-01-10T21:27:52.612Z,,,
https://www.google.com/maps/place/GenSet+Tech/data=!4m7!3m6!1s0x886a6b219f26a029:0xd2d82a20295790c0!8m2!3d38.928721!4d-85.202419!16s%2Fg%2F11vcmvln8d!19sChIJKaAmnyFraogRwJBXKSAq2NI,GenSet Tech,5.0,7,Electric generator shop,"9997 IN-129, Cross Plains, IN 47017, United States","WQHX+F2 Cross Plains, Indiana, USA",https://www.gensetin.com/,+1 812-756-0937,Closed · Opens 8 am Mon,https://lh3.googleusercontent.com/gps-cs-s/AG0ilSxTnPkLgTujV0Xu32QSueyC1HP3_H-eNxKYMLXRT0llddQinAGJ0Kb765tiiUJq8QQo--wSXj5lQOurz8Toltrox83QucCRtZ82xbnwmmjV_k1NxXx4d1-m2y9ykd9onvDtTEZ0dnTAhg6U=w408-h541-k-no,true,Closed,Closed,8 am–4 pm,8 am–4 pm,8 am–4 pm,8 am–4 pm,8 am–4 pm,"https://www.google.com/maps/search/generator+installation+services+in+Seymour+Bloomington+IN/@38.9592201,-85.8902547,14z",2026-01-10T21:27:56.981Z,,,
https://www.google.com/maps/place/DAVID-ELECTRIC/data=!4m7!3m6!1s0x886b53ba94193755:0x2832d66073b617ae!8m2!3d39.8540614!4d-86.1165698!16s%2Fg%2F11b6mqmwbk!19sChIJVTcZlLpTa4gRrhe2c2DWMig,DAVID-ELECTRIC,4.9,331,Electrician,"2818 E 55th Pl, Indianapolis, IN 46220, United States","VV3M+J9 Indianapolis, Indiana, USA",http://davidelectricservicellc.com/,+1 317-295-2894,Open 24 hours,https://lh3.googleusercontent.com/p/AF1QipNdnua6NxXXxnCFMplXOgtQx1n5FOIPfdXQnXGe=w408-h306-k-no,true,Open 24 hours,Open 24 hours,Open 24 hours,Open 24 hours,Open 24 hours,Open 24 hours,Open 24 hours,"https://www.google.com/maps/search/generator+installation+services+in+Seymour+Bloomington+IN/@38.9592201,-85.8902547,14z",2026-01-10T21:28:01.669Z,,,
https://www.google.com/maps/place/GenSolar+Power/data=!4m7!3m6!1s0x64d58cd8ce8716df:0x71bb48ad7fba3488!8m2!3d40.951737!4d-85.3192766!16s%2Fg%2F11k9q7fm87!19sChIJ3xaHztiM1WQRiDS6f61Iu3E,GenSolar Power,5.0,51,Electric generator shop,,,https://gensolarpower.com/,+1 260-226-8833,Closed · Opens 8 am Mon,https://lh3.googleusercontent.com/p/AF1QipNPML-3AtvdXClhz8_37wMjC_7I__eZYFPLj6_I=w408-h544-k-no,true,Closed,Closed,8 am–5 pm,8 am–5 pm,8 am–5 pm,8 am–5 pm,8 am–5 pm,"https://www.google.com/maps/search/generator+installation+services+in+Seymour+Bloomington+IN/@38.9592201,-85.8902547,14z",2026-01-10T21:28:06.072Z,,· Delivery,
"https://www.google.com/maps/place/Hickman+Electric,+L.L.C./data=!4m7!3m6!1s0x886b173dc1727071:0x1bd634e64a459979!8m2!3d39.5155094!4d-85.7913684!16s%2Fg%2F11bwflt_wl!19sChIJcXBywT0Xa4gReZlFSuY01hs","Hickman Electric, L.L.C.",4.0,21,Electrician,"1013 Miller Ave, Shelbyville, IN 46176, United States","G685+6F Shelbyville, Indiana, USA",,+1 317-392-1416,Closed · Opens 7:30 am Mon,https://lh3.googleusercontent.com/p/AF1QipO5zqlPDSrB4tFAr_Dg96ng3UeF4t8SUjTkB1KH=w408-h306-k-no,true,Closed,Closed,7:30 am–4 pm,7:30 am–4 pm,7:30 am–4 pm,7:30 am–4 pm,7:30 am–4 pm,"https://www.google.com/maps/search/generator+installation+services+in+Seymour+Bloomington+IN/@38.9592201,-85.8902547,14z",2026-01-10T21:28:10.549Z,,,
https://www.google.com/maps/place/Lucas+Ackerman+True+Value+Hardware+Supply/data=!4m7!3m6!1s0x886becf7afdf008f:0x97f1ff96f06e9233!8m2!3d38.881473!4d-86.040854!16s%2Fg%2F1hc1g8jrv!19sChIJjwDfr_fsa4gRM5Ju8Jb_8Zc,Lucas Ackerman True Value Hardware Supply,4.6,33,Hardware store,"300 N Main St, Brownstown, IN 47220, United States","VXJ5+HM Brownstown, Indiana, USA",http://lucasackerman.com/index.html,+1 812-358-4552,Closed · Opens 7:30 am Mon,https://lh3.googleusercontent.com/gps-cs-s/AG0ilSzHilMZAirjeLv_rrZh5y9B5_UFExTWJdNEzvD1OsUjLbjhkMqJ6Zopfp23pDbEpQg1qUWfXZiZjzFj6J6sHvrDowfhK2o9h-Zo0BaynLLkOW0lwLSbPXH3izwazjoviJLfc8y-QA=w531-h240-k-no,true,7:30 am–3 pm,Closed,7:30 am–5 pm,7:30 am–5 pm,7:30 am–5 pm,7:30 am–5 pm,7:30 am–5 pm,"https://www.google.com/maps/search/generator+installation+services+in+Seymour+Bloomington+IN/@38.9592201,-85.8902547,14z",2026-01-10T21:28:14.927Z,,,
https://www.google.com/maps/place/J+%26+S+Locksmith+and+Lawnmower/data=!4m7!3m6!1s0x886c66d648289b91:0xa91f807ded58a9e1!8m2!3d39.1793609!4d-86.5387668!16s%2Fg%2F1tk6wnf2!19sChIJkZsoSNZmbIgR4alY7X2AH6k,J & S Locksmith and Lawnmower,3.9,112,Emergency locksmith service,"508 W 17th St, Bloomington, IN 47404, United States","5FH6+PF Bloomington, Indiana, USA",https://www.jslockandlawn.com/,+1 812-332-4533,Closed · Opens 9 am Mon,https://lh3.googleusercontent.com/p/AF1QipMPoJhGn3VyetsK2Wbo08Rpe607kXnCzyj9BGln=w408-h544-k-no,true,9 am–1 pm,Closed,9 am–5 pm,9 am–5 pm,9 am–5 pm,9 am–5 pm,9 am–5 pm,"https://www.google.com/maps/search/generator+installation+services+in+Seymour+Bloomington+IN/@38.9592201,-85.8902547,14z",2026-01-10T21:28:19.296Z,,,
https://www.google.com/maps/place/Elevated+Power+LLC/data=!4m7!3m6!1s0x8816e7faaa7359a1:0x9b84d658ed16297e!8m2!3d41.6813813!4d-86.1314871!16s%2Fg%2F11sn_5x24s!19sChIJoVlzqvrnFogRfikW7VjWhJs,Elevated Power LLC,4.6,26,Electric generator shop,"13645 McKinley Hwy, Mishawaka, IN 46545, United States","MVJ9+HC Mishawaka, Indiana, USA",http://elevated-power.com/,+1 574-855-2350,Closed · Opens 7 am Mon,https://lh3.googleusercontent.com/p/AF1QipOap8iH833E6rCzb7Fm96V08Gn9uqA2_Cio0zVz=w408-h544-k-no,true,Closed,Closed,7 am–4 pm,7 am–4 pm,7 am–4 pm,7 am–4 pm,7 am–4 pm,"https://www.google.com/maps/search/generator+installation+services+in+Seymour+Bloomington+IN/@38.9592201,-85.8902547,14z",2026-01-10T21:28:23.688Z,,· Delivery,
https://www.google.com/maps/place/Teck+Electric/data=!4m7!3m6!1s0x8811e1f42df2ba49:0x6db90fcc1c84d3b8!8m2!3d41.4974586!4d-87.524678!16s%2Fg%2F11b5ywd34m!19sChIJSbryLfThEYgRuNOEHMwPuW0,Teck Electric,4.5,57,Electrician,"1900 Lake St Unit C, Dyer, IN 46311, United States","FFWG+X4 Dyer, Indiana, USA",http://teckelectric.com/,+1 219-552-9400,"Open 24 hours

Updated by this business 7 weeks ago",https://lh3.googleusercontent.com/p/AF1QipMJZ9eM84K268S7E0LkQCNFNHWdOzVV4Cdb1-88=w408-h335-k-no,true,Open 24 hours,Open 24 hours,Open 24 hours,Open 24 hours,Open 24 hours,Open 24 hours,Open 24 hours,"https://www.google.com/maps/search/generator+installation+services+in+Seymour+Bloomington+IN/@38.9592201,-85.8902547,14z",2026-01-10T21:28:28.126Z,,,
https://www.google.com/maps/place/Buckeye+Power+Sales/data=!4m7!3m6!1s0x886ca8f24e944857:0xb91a96b2496d59a4!8m2!3d39.7471764!4d-86.0251424!16s%2Fg%2F1w2yvmyj!19sChIJV0iUTvKobIgRpFltSbKWGrk,Buckeye Power Sales,4.4,7,Electric generator shop,"1707 S Franklin Rd, Indianapolis, IN 46239, United States","PXWF+VW Indianapolis, Indiana, USA",https://buckeyepowersales.com/locations/indianapolis/,+1 317-271-9661,"Closed · Opens 7:30 am Mon

Updated by this business 9 weeks ago",https://lh3.googleusercontent.com/p/AF1QipOYObk3y9d-Wjvsso_tAoD6V1AlYcBR_KSbp6c=w441-h240-k-no,true,Closed,Closed,7:30 am–4:30 pm,7:30 am–4:30 pm,7:30 am–4:30 pm,7:30 am–4:30 pm,7:30 am–4:30 pm,"https://www.google.com/maps/search/generator+installation+services+in+Seymour+Bloomington+IN/@38.9592201,-85.8902547,14z",2026-01-10T21:28:32.560Z,,· In-store pick-up · Delivery,
https://www.google.com/maps/place/Generator+Guys+LLC/data=!4m7!3m6!1s0x886b681268af8a4d:0x5796f76ca307f2de!8m2!3d39.5686026!4d-86.0825469!16s%2Fg%2F11y2r6bwxl!19sChIJTYqvaBJoa4gR3vIHo2z3llc,Generator Guys LLC,,,Electric generator shop,"2947 S Emerson Ave, Greenwood, IN 46143, United States","HW98+CX Greenwood, Indiana, USA",,+1 317-548-1306,,https://streetviewpixels-pa.googleapis.com/v1/thumbnail?panoid=XpbdHuORjUzVXVBch-Hr8A&cb_client=search.gws-prod.gps&w=408&h=240&yaw=97.76788&pitch=0&thumbfov=100,false,,,,,,,,"https://www.google.com/maps/search/generator+installation+services+in+Seymour+Bloomington+IN/@38.9592201,-85.8902547,14z",2026-01-10T21:28:34.860Z,,,
https://www.google.com/maps/place/Indianapolis+Solutions/data=!4m7!3m6!1s0x886b5bb8a7c6b4d5:0x44aa6af7f66bc8d7!8m2!3d39.7521502!4d-86.1237993!16s%2Fg%2F11vxtsdtg9!19sChIJ1bTGp7hba4gR18hr9vdqqkQ,Indianapolis Solutions,,,Electric generator shop,"2211 Prospect St, Indianapolis, IN 46203, United States","QV2G+VF Indianapolis, Indiana, USA",https://www.homegeneratorsofindianapolis.com/,+1 317-483-7828,Closes soon · 5 pm · Opens 8 am Mon,https://streetviewpixels-pa.googleapis.com/v1/thumbnail?panoid=sOwv-i8Y5g9pQQlzvQ5rWw&cb_client=search.gws-prod.gps&w=408&h=240&yaw=150.92511&pitch=0&thumbfov=100,false,8 am–5 pm,Closed,8 am–6 pm,8 am–6 pm,8 am–6 pm,8 am–6 pm,8 am–6 pm,"https://www.google.com/maps/search/generator+installation+services+in+Seymour+Bloomington+IN/@38.9592201,-85.8902547,14z",2026-01-10T21:28:39.274Z,,· Delivery,
https://www.google.com/maps/place/Walls+Equipment+Sales/data=!4m7!3m6!1s0x886bfd6b840bbcb7:0xda9dc49d6aab787d!8m2!3d38.6083844!4d-86.1186382!16s%2Fg%2F11bx56sqcj!19sChIJt7wLhGv9a4gRfXirap3Endo,Walls Equipment Sales,4.8,62,Lawn mower store,"221 Tarr Ave, Salem, IN 47167, United States","JV5J+9G Salem, Indiana, USA",https://www.wallsequipmentsales.com/,+1 812-883-2625,Closed · Opens 8 am Mon,https://lh3.googleusercontent.com/p/AF1QipMEze4Ie6JG6vqeixViWkuOIoA5EjK9qRH9CgWy=w408-h408-k-no,true,8 am–1 pm,Closed,8 am–5 pm,8 am–5 pm,8 am–5 pm,8 am–5 pm,8 am–5 pm,"https://www.google.com/maps/search/generator+installation+services+in+Seymour+Bloomington+IN/@38.9592201,-85.8902547,14z",2026-01-10T21:28:43.621Z,,· In-store shopping · In-store pick-up · Delivery,
"https://www.google.com/maps/place/Elite+Electric/@39.2320219,-86.7629934,10z/data=!3m1!4b1!4m6!3m5!1s0x886c563a97e2d04f:0x6eda7c79b21bbc62!8m2!3d39.2320219!4d-86.7629934!16s%2Fg%2F11cjg8t01f",Elite Electric,4.6,9,Electrician,,,,+1 812-825-2805,,,true,,,,,,,,"https://www.google.com/maps/search/generator+installation+services+in+Seymour+Bloomington+IN/@38.9592201,-85.8902547,14z",2026-01-10T21:28:47.867Z,,,
https://www.google.com/maps/place/256+Supply+True+Value+Hardware/data=!4m7!3m6!1s0x886bdb2a36616d49:0xe1dcd2e9e9ab65ee!8m2!3d38.7416644!4d-85.809821!16s%2Fg%2F1tdwqvks!19sChIJSW1hNirba4gR7mWr6enS3OE,256 Supply True Value Hardware,4.6,131,Hardware store,"330 W Main St, Austin, IN 47102, United States","P5RR+M3 Austin, Indiana, USA",https://stores.truevalue.com/in/austin/17661,+1 812-794-6256,Open · Closes 6 pm,https://lh3.googleusercontent.com/gps-cs-s/AG0ilSz2EFCstbtejYy6jztc7xzRN0ZaBy620aOpUFlvHxYwTocR2Nxz1OVoHgYaQ5zDaxN5w_epAy_dCR_eFNrCJPQNbChoFzV5rxeXoybFkjDQOQ3njyS04BmwCc5CEgo0z9Ag6AEFRg=w408-h287-k-no,true,8 am–6 pm,9 am–5 pm,7 am–7:30 pm,7 am–7:30 pm,7 am–7:30 pm,7 am–7:30 pm,7 am–7:30 pm,"https://www.google.com/maps/search/generator+installation+services+in+Seymour+Bloomington+IN/@38.9592201,-85.8902547,14z",2026-01-10T21:28:52.378Z,,· In-store shopping · In-store pick-up,
https://www.google.com/maps/place/David+Wayne+INC./data=!4m7!3m6!1s0x886b68640b527ac5:0xe375fc9fa95c815c!8m2!3d39.5499019!4d-86.0745238!16s%2Fg%2F11h1dn7mnl!19sChIJxXpSC2Roa4gRXIFcqZ_8deM,David Wayne INC.,,,Electric generator shop,"789 E Main St, Whiteland, IN 46184, United States","GWXG+X5 Whiteland, Indiana, USA",http://blekesbodyshop.com/,+1 317-535-7788,,https://lh3.googleusercontent.com/gps-cs-s/AG0ilSyV03aDDvuQrxgJMFfnB0wBj9R670B9Ze6WW4lY0HIjTw9TnxPa2Gm6921frTogTym92YPc27e_FmmK8VM6Cm9HQfPbVXpngNNQ-0Phy38iGNGte_Z25X34Sa-Ch_D75kj1GJCE=w408-h306-k-no,false,,,,,,,,"https://www.google.com/maps/search/generator+installation+services+in+Seymour+Bloomington+IN/@38.9592201,-85.8902547,14z",2026-01-10T21:28:54.877Z,,· In-store pick-up,
https://www.google.com/maps/place/Hoosier+Power+LLC/data=!4m7!3m6!1s0x886b058b9f12ce53:0x7f9e59a7e0b6d14a!8m2!3d39.3748664!4d-85.7730504!16s%2Fg%2F124yfslxb!19sChIJU84Sn4sFa4gRStG24KdZnn8,Hoosier Power LLC,1.0,1,Electrician,,,,+1 812-603-1508,Closed · Opens 8 am Mon,https://lh3.googleusercontent.com/p/AF1QipNrVcxXqyxouN6e5KxcNqvq2ufPF9VkCfL0kEDo=w427-h240-k-no,true,8 am–12 pm,Closed,8 am–5 pm,8 am–5 pm,8 am–5 pm,8 am–5 pm,8 am–5 pm,"https://www.google.com/maps/search/generator+installation+services+in+Seymour+Bloomington+IN/@38.9592201,-85.8902547,14z",2026-01-10T21:28:59.349Z,,,
https://www.google.com/maps/place/Guys+LLC/data=!4m7!3m6!1s0x8518cb2ec84e5f71:0xf394c5039dde1b29!8m2!3d39.6111643!4d-86.1924765!16s%2Fg%2F11vl37nlrv!19sChIJcV9OyC7LGIURKRvenQPFlPM,Guys LLC,,,Electric generator shop,,,https://generatorguysllc.com/,+1 317-886-8996,Closed · Opens 7:30 am Mon,https://lh3.googleusercontent.com/p/AF1QipOfxwAIaWxTzGLVhGgT72Eir_t8gX-rE0vQ1LeJ=w408-h544-k-no,true,Closed,Closed,7:30 am–5:30 pm,7:30 am–5:30 pm,7:30 am–5:30 pm,7:30 am–5:30 pm,7:30 am–5:30 pm,"https://www.google.com/maps/search/generator+installation+services+in+Seymour+Bloomington+IN/@38.9592201,-85.8902547,14z",2026-01-10T21:29:03.914Z,,· Delivery,
,,,,,,,,,,,,,,,,,,,"https://www.google.com/maps/search/generator+installation+services+in+Bedford+Bloomington+IN/@42.4906231,-71.2760089,14z",2026-01-10T21:29:16.432Z,,,No new results found
https://www.google.com/maps/place/Powerhouse+Electric+%26+Generators/data=!4m7!3m6!1s0x4fbf028ba1da2459:0x8390e8c529b88ffa!8m2!3d35.6044594!4d-80.8467902!16s%2Fg%2F11jt2b73fv!19sChIJWSTaoYsCv08R-o-4KcXokIM,Powerhouse Electric & Generators,5.0,102,Electrician,"114 Eastbend Ct Ste 3, Mooresville, NC 28117, United States","J533+Q7 Mooresville, North Carolina, USA",http://www.pwrhouseelectric.com/,+1 704-360-9999,Closes soon · 5 pm · Opens 8 am Mon,https://lh3.googleusercontent.com/p/AF1QipO7sl5SDQ7WJHDX1JoVQ_ryQzXf_ggLumiTJIZy=w408-h306-k-no,true,8 am–5 pm,Closed,8 am–5 pm,8 am–5 pm,8 am–5 pm,8 am–5 pm,8 am–5 pm,"https://www.google.com/maps/search/generator+installation+services+in+Mooresville+Bloomington+IN/@35.5820319,-80.8140473,14z",2026-01-10T21:29:28.174Z,,,
https://www.google.com/maps/place/Scott+Craig+Electric+Company/data=!4m7!3m6!1s0xa93214e745678bc7:0x9a7b9e8616414ca7!8m2!3d35.6067835!4d-80.7880893!16s%2Fg%2F11sq1r5zgg!19sChIJx4tnRecUMqkRp0xBFoaee5o,Scott Craig Electric Company,4.9,134,Electrician,"946 Oakridge Farm Hwy, Mooresville, NC 28115, United States","J646+PQ Mooresville, North Carolina, USA",https://www.scottcraigelectric.com/,+1 704-799-5817,Closed · Opens 8 am Mon,https://lh3.googleusercontent.com/p/AF1QipO9ksxlTlN0algUddYzjIsVBNdydplW4paU1fkk=w408-h272-k-no,true,Closed,Closed,8 am–4 pm,8 am–4 pm,8 am–4 pm,8 am–4 pm,8 am–4 pm,"https://www.google.com/maps/search/generator+installation+services+in+Mooresville+Bloomington+IN/@35.5820319,-80.8140473,14z",2026-01-10T21:29:32.601Z,,,
https://www.google.com/maps/place/Century+Electrical+Services/data=!4m7!3m6!1s0x8851550e894659d1:0x3f576b9a8e3e0464!8m2!3d35.5089327!4d-80.8600095!16s%2Fg%2F11f9ym1v8c!19sChIJ0VlGiQ5VUYgRZAQ-jpprVz8,Century Electrical Services,5.0,576,Electrician,,,https://www.centuryelectricalservices.com/?utm_source=gmb&utm_medium=organic,+1 704-930-2590,Closed · Opens 8 am Mon,https://lh3.googleusercontent.com/p/AF1QipNfUrnzrkdk5hnZZ1gSxLh574YFjTggl9F30xv-=w408-h544-k-no,true,Closed,Closed,8 am–5 pm,8 am–5 pm,8 am–5 pm,8 am–5 pm,8 am–5 pm,"https://www.google.com/maps/search/generator+installation+services+in+Mooresville+Bloomington+IN/@35.5820319,-80.8140473,14z",2026-01-10T21:29:37.234Z,,,
https://www.google.com/maps/place/Reed+Electrical+Solutions/data=!4m7!3m6!1s0x885291dc30d26eb5:0xe9b73ea58d6eab4!8m2!3d36.6290324!4d-79.9483648!16s%2Fg%2F11m2nbcb3r!19sChIJtW7SMNyRUogRtOrWWOpzmw4,Reed Electrical Solutions,4.9,70,Electrician,"17585 A L Philpott Hwy, Martinsville, VA 24112, United States","J3H2+JM Martinsville, Virginia, USA",http://www.reedelectricalsolutions.com/,+1 276-340-7453,Closed · Opens 8 am Mon,https://lh3.googleusercontent.com/p/AF1QipP4d53MEVr4EgkS-3FsmRla04AqPXhMnY6Q6uY-=w408-h306-k-no,true,Closed,Closed,8 am–5 pm,8 am–5 pm,8 am–5 pm,8 am–5 pm,8 am–5 pm,"https://www.google.com/maps/search/generator+installation+services+in+Martinsville+Bloomington+IN/@36.6915262,-79.8725386,14z",2026-01-10T21:29:53.975Z,,,
https://www.google.com/maps/place/AL+Electric+LLC/data=!4m7!3m6!1s0x886c8358050e941d:0x2d89207259eaa5f9!8m2!3d39.4420452!4d-86.308968!16s%2Fg%2F113gkxgpz!19sChIJHZQOBViDbIgR-aXqWXIgiS0,AL Electric LLC,4.7,14,Electrician,"855 Cope Rd, Martinsville, IN 46151, United States","CMRR+RC Martinsville, Indiana, USA",,+1 765-318-1792,Open 24 hours,https://lh3.googleusercontent.com/p/AF1QipNdjpwk6BhLeOhoSvPdNvXzCj5WGWcv3xu_H4Dv=w426-h240-k-no,true,Open 24 hours,Open 24 hours,Open 24 hours,Open 24 hours,Open 24 hours,Open 24 hours,Open 24 hours,"https://www.google.com/maps/search/generator+installation+services+in+Martinsville+Bloomington+IN/@36.6915262,-79.8725386,14z",2026-01-10T21:29:58.341Z,,,
https://www.google.com/maps/place/Grounded+Solutions/data=!4m7!3m6!1s0x886ca250d77a2ea5:0xd48bc761b58ca641!8m2!3d39.4056854!4d-86.4247577!16s%2Fg%2F1v44fqh0!19sChIJpS5611CibIgRQaaMtWHHi9Q,Grounded Solutions,4.6,124,Electrician,"450 E Mahalasville Dr, Martinsville, IN 46151, United States","CH4G+73 Martinsville, Indiana, USA",https://groundedin.com/,+1 317-834-1922,Closed · Opens 8 am Mon,https://lh3.googleusercontent.com/p/AF1QipOuM1y2Ox8ZFQj8P4r-USABqrrM-V4RWYgVojxy=w426-h240-k-no,true,Closed,Closed,8 am–4:30 pm,8 am–4:30 pm,8 am–4:30 pm,8 am–4:30 pm,8 am–4:30 pm,"https://www.google.com/maps/search/generator+installation+services+in+Martinsville+Bloomington+IN/@36.6915262,-79.8725386,14z",2026-01-10T21:30:02.975Z,,,
https://www.google.com/maps/place/WN+Electrical+Services/data=!4m7!3m6!1s0x886cebf5517a53f9:0xb4fab41cbb2d6b95!8m2!3d39.4996159!4d-86.5983199!16s%2Fg%2F11gdvnv2pm!19sChIJ-VN6UfXrbIgRlWstuxy0-rQ,WN Electrical Services,5.0,18,Electrician,"9210 Arend Rd, Martinsville, IN 46151, United States","FCX2+RM Martinsville, Indiana, USA",https://www.wnelectricalservices.com/,+1 317-966-1411,Closed · Opens 8 am Mon,https://lh3.googleusercontent.com/p/AF1QipOobvqJZb3oMyqdvEDPdcQMk_LIiqF1bPOT4XPc=w408-h531-k-no,true,Closed,Closed,8 am–5 pm,8 am–5 pm,8 am–5 pm,8 am–5 pm,8 am–5 pm,"https://www.google.com/maps/search/generator+installation+services+in+Martinsville+Bloomington+IN/@36.6915262,-79.8725386,14z",2026-01-10T21:30:07.574Z,,,
https://www.google.com/maps/place/Shively+Electric/data=!4m7!3m6!1s0x885290745631da19:0x5dca714c05dcc795!8m2!3d36.6932981!4d-79.8945818!16s%2Fg%2F1tjjq1vt!19sChIJGdoxVnSQUogRlcfcBUxxyl0,Shively Electric,4.6,8,Electrician,"934 N Mem Blvd, Martinsville, VA 24112, United States","M4V4+85 Martinsville, Virginia, USA",,+1 276-638-2600,,https://streetviewpixels-pa.googleapis.com/v1/thumbnail?panoid=dZ-WH77mfX0weFsgQS49aA&cb_client=search.gws-prod.gps&w=408&h=240&yaw=58.247143&pitch=0&thumbfov=100,false,,,,,,,,"https://www.google.com/maps/search/generator+installation+services+in+Martinsville+Bloomington+IN/@36.6915262,-79.8725386,14z",2026-01-10T21:30:14.323Z,,,
https://www.google.com/maps/place/LWC+Electrical+%26+Communications/data=!4m7!3m6!1s0x886c91b2b0d869f1:0x61361aa93c5525dc!8m2!3d39.427125!4d-86.414023!16s%2Fg%2F1tfv1992!19sChIJ8WnYsLKRbIgR3CVVPKkaNmE,LWC Electrical & Communications,4.9,19,Electrician,"1210 E Washington St, Martinsville, IN 46151, United States","CHGP+R9 Martinsville, Indiana, USA",https://www.lwc-electrical.com/,+1 765-792-4012,Closed · Opens 7 am Mon,https://lh3.googleusercontent.com/p/AF1QipP3-QBmMCRL84Vw9pUZd894wDIs2alhD77TO0uR=w408-h306-k-no,true,Closed,Closed,7 am–4 pm,7 am–4 pm,7 am–4 pm,7 am–4 pm,7 am–4 pm,"https://www.google.com/maps/search/generator+installation+services+in+Martinsville+Bloomington+IN/@36.6915262,-79.8725386,14z",2026-01-10T21:30:18.838Z,,,
https://www.google.com/maps/place/Waller%27s+Electrical/data=!4m7!3m6!1s0x8852c35f564d2403:0x87658c5c933517b5!8m2!3d36.689778!4d-79.881899!16s%2Fg%2F11fg55050j!19sChIJAyRNVl_DUogRtRc1k1yMZYc,Waller's Electrical,4.2,10,Electrician,"509 W Church St, Martinsville, VA 24112, United States","M4Q9+W6 Martinsville, Virginia, USA",,+1 276-224-3885,Open · Closes 7 pm,https://lh3.googleusercontent.com/p/AF1QipPWAjG5T4Fbh6ChenrmSoSJX2NIc6PcxPmed9dh=w408-h884-k-no,true,7 am–7 pm,7 am–7 pm,7 am–7 pm,7 pm–12 am,12 am–7 pm,7 am–7 pm,7 am–7 pm,"https://www.google.com/maps/search/generator+installation+services+in+Martinsville+Bloomington+IN/@36.6915262,-79.8725386,14z",2026-01-10T21:30:23.414Z,,,
https://www.google.com/maps/place/Southern+State+Electric/data=!4m7!3m6!1s0x885290805a33d16b:0xf6b99c7637d1e9fe!8m2!3d36.6973947!4d-79.8748119!16s%2Fg%2F1v3dstz1!19sChIJa9EzWoCQUogR_unRN3acufY,Southern State Electric,5.0,2,Electrician,"14 Liberty St, Martinsville, VA 24112, United States","M4WG+X3 Martinsville, Virginia, USA",,+1 276-632-8658,,https://streetviewpixels-pa.googleapis.com/v1/thumbnail?panoid=s_oU8e6H4mqGC3Q3M2qq3g&cb_client=search.gws-prod.gps&w=408&h=240&yaw=57.87648&pitch=0&thumbfov=100,false,,,,,,,,"https://www.google.com/maps/search/generator+installation+services+in+Martinsville+Bloomington+IN/@36.6915262,-79.8725386,14z",2026-01-10T21:30:25.883Z,,,
https://www.google.com/maps/place/Heating+Air+Paramedics+Dave+Carlile/data=!4m7!3m6!1s0x886b78cb45fb0d9b:0x30742b08c2f77e15!8m2!3d39.228794!4d-86.2899435!16s%2Fg%2F12hmdq1j7!19sChIJmw37Rct4a4gRFX73wggrdDA,Heating Air Paramedics Dave Carlile,4.8,117,,,,https://www.heatingairparamedics.com/greenwood-in,+1 812-988-4223,,https://lh3.googleusercontent.com/p/AF1QipNsXazbFGixh12RqHgmDimm80SOoik1UAdY_Pj3=w408-h272-k-no,true,,,,,,,,"https://www.google.com/maps/search/generator+installation+services+in+Martinsville+Bloomington+IN/@36.6915262,-79.8725386,14z",2026-01-10T21:30:28.375Z,Identifies as women-owned,,
"https://www.google.com/maps/place/Woods+Electrical+Contractors/@39.2143623,-86.6586809,17z/data=!3m1!4b1!4m6!3m5!1s0x886c5ecb0aeeb3a3:0x59d9bb707087cafc!8m2!3d39.2143623!4d-86.6586809!16s%2Fg%2F12642tmtp",Woods Electrical Contractors,4.4,21,Electrician,"4180 N Starnes Rd, Bloomington, IN 47404, United States","687R+PG Bloomington, Indiana, USA",http://www.woodselectricinc.biz/,+1 812-876-7977,,,false,,,,,,,,"https://www.google.com/maps/search/generator+installation+services+in+Franklin+Bloomington+IN/@39.169574,-86.5385549,14z",2026-01-10T21:30:50.780Z,,,
https://www.google.com/maps/place/Herndon+Electric+Inc./data=!4m7!3m6!1s0x886c62d42b097245:0xda21b470649b13ec!8m2!3d39.223143!4d-86.423044!16s%2Fg%2F1tmbww4k!19sChIJRXIJK9RibIgR7BObZHC0Ido,Herndon Electric Inc.,5.0,37,Electrician,"4850 N Mt Gilead Rd, Bloomington, IN 47408, United States","6HFG+7Q Bloomington, Indiana, USA",,+1 812-336-1264,Closed · Opens 8 am Mon,https://lh3.googleusercontent.com/p/AF1QipMIBo76e5aCbLIDGyK-qSuRzoJAg-8MJYVNVHwc=w648-h240-k-no,true,Closed,Closed,8 am–5 pm,Closed,8 am–5 pm,8 am–5 pm,8 am–5 pm,"https://www.google.com/maps/search/generator+installation+services+in+Franklin+Bloomington+IN/@39.169574,-86.5385549,14z",2026-01-10T21:30:55.189Z,,,
https://www.google.com/maps/place/Kirby+Risk+Electrical+Supply/data=!4m7!3m6!1s0x886c671646b867bb:0x619eaf15eddc6f9a!8m2!3d39.1647959!4d-86.555538!16s%2Fg%2F1tfcp2b3!19sChIJu2e4RhZnbIgRmm_c7RWvnmE,Kirby Risk Electrical Supply,4.3,15,Electrical supply store,"1622 W 3rd St, Bloomington, IN 47404, United States","5C7V+WQ Bloomington, Indiana, USA",http://www.kirbyrisk.com/,+1 812-332-9435,Closed · Opens 7 am Mon,https://streetviewpixels-pa.googleapis.com/v1/thumbnail?panoid=uUxTDwu7cWbPVGF3VyFDSw&cb_client=search.gws-prod.gps&w=408&h=240&yaw=333.02106&pitch=0&thumbfov=100,true,Closed,Closed,7 am–4 pm,7 am–4 pm,7 am–4 pm,7 am–4 pm,7 am–4 pm,"https://www.google.com/maps/search/generator+installation+services+in+Franklin+Bloomington+IN/@39.169574,-86.5385549,14z",2026-01-10T21:30:59.594Z,,· In-store pick-up · Delivery,
https://www.google.com/maps/place/Horizon+Generator+Solutions/data=!4m7!3m6!1s0xe44a356eaae2051:0x2309d2c16a89967c!8m2!3d39.189316!4d-86.824649!16s%2Fg%2F11zkm3s0z4!19sChIJUSCu6lajRA4RfJaJasHSCSM,Horizon Generator Solutions,5.0,1,Electric generator shop,,,https://horizongenerators.com/?utm_source=google&utm_medium=GBP&utm_campaign=LocalSEO,+1 317-406-4895,Open · Closes 7 pm,https://lh3.googleusercontent.com/p/AF1QipPtMGRfhf_oJ8rbVWqeBN8ejO0Hkxn4p05WEnZG=w408-h342-k-no,true,8 am–7 pm,Closed,8 am–7 pm,8 am–7 pm,8 am–7 pm,8 am–7 pm,8 am–7 pm,"https://www.google.com/maps/search/generator+installation+services+in+Franklin+Bloomington+IN/@39.169574,-86.5385549,14z",2026-01-10T21:31:03.998Z,,,
https://www.google.com/maps/place/Alexander+Electric/data=!4m7!3m6!1s0x886c5db9d56bd22d:0xd526340cf0d773ca!8m2!3d39.16536!4d-86.6100438!16s%2Fg%2F1vd95vpj!19sChIJLdJr1bldbIgRynPX8Aw0JtU,Alexander Electric,4.3,6,Electrician,"5970 W State Rd 48, Bloomington, IN 47404, United States","598Q+4X Bloomington, Indiana, USA",https://usmapol.org/details/alexander-electric-ChIJLdJ,+1 812-332-9408,,https://streetviewpixels-pa.googleapis.com/v1/thumbnail?panoid=fON2jtsZH3HabHs-jNjrTQ&cb_client=search.gws-prod.gps&w=408&h=240&yaw=341.89154&pitch=0&thumbfov=100,true,,,,,,,,"https://www.google.com/maps/search/generator+installation+services+in+Franklin+Bloomington+IN/@39.169574,-86.5385549,14z",2026-01-10T21:31:06.513Z,,,
"https://www.google.com/maps/place/Heather+M.+Franklin,+MD+-+Riley+Pediatric+Primary+Care+-+Bloomington/data=!4m7!3m6!1s0x886c653ca279b8b3:0xa4f3147f891511ac!8m2!3d39.1599132!4d-86.4902359!16s%2Fg%2F11fkdwcqkn!19sChIJs7h5ojxlbIgRrBEViX8U86Q","Heather M. Franklin, MD - Riley Pediatric Primary Care - Bloomington",4.7,14,Pediatrician,"651 S Clarizz Blvd, Bloomington, IN 47401, United States","5G55+XW Bloomington, Indiana, USA",https://www.rileychildrens.org/find-a-doctor/physician/heather-m-franklin?utm_source=Google&utm_medium=Yext&y_source=1_MTE5NDEwNzUtNzE1LWxvY2F0aW9uLndlYnNpdGU%3D,+1 812-333-2304,Closed · Opens 8 am Mon,https://lh3.googleusercontent.com/p/AF1QipOMp6zHV9V-BpIDTDZVLCr0exoEkw-AoOJfaxtN=w426-h240-k-no,true,Closed,Closed,8 am–5 pm,8 am–5 pm,8 am–5 pm,8 am–5 pm,8 am–5 pm,"https://www.google.com/maps/search/generator+installation+services+in+Franklin+Bloomington+IN/@39.169574,-86.5385549,14z",2026-01-10T21:31:11.341Z,,,
https://www.google.com/maps/place/KRAZYNUTZ/data=!4m7!3m6!1s0x886c63a6e023941b:0xfb064f5542d0b63a!8m2!3d39.2370068!4d-86.409807!16s%2Fg%2F11d_bjwq03!19sChIJG5Qj4KZjbIgROrbQQlVPBvs,KRAZYNUTZ,5.0,17,Electrician,"6209 Shuffle Creek Rd, Unionville, IN 47468, United States","6HPR+R3 Unionville, Indiana, USA",https://www.krazynutz.co/,+1 202-809-3439,Open 24 hours,https://lh3.googleusercontent.com/p/AF1QipNV5EIFLYhtdiInhr2jD4lr8DvFXSqlOVDq1HNl=w408-h408-k-no,true,Open 24 hours,Open 24 hours,Open 24 hours,Open 24 hours,Open 24 hours,Open 24 hours,Open 24 hours,"https://www.google.com/maps/search/generator+installation+services+in+Franklin+Bloomington+IN/@39.169574,-86.5385549,14z",2026-01-10T21:31:15.823Z,LGBTQ+ friendly,,
https://www.google.com/maps/place/Mid-Ohio+Generators/data=!4m7!3m6!1s0x883851d6586c0001:0x723187855a8ecc18!8m2!3d40.2609952!4d-82.7851862!16s%2Fg%2F11h75rfpw_!19sChIJAQBsWNZROIgRGMyOWoWHMXI,Mid-Ohio Generators,4.9,214,Electric generator shop,"3900 OH-3, Sunbury, OH 43074, United States","7667+9W Sunbury, Ohio, USA",http://mid-ohiogenerators.com/,+1 740-936-5030,Closed · Opens 8 am Mon,https://lh3.googleusercontent.com/p/AF1QipOrqMHGa5MrWeZprdyBnrzk0Zykebl4SJa2iK5j=w408-h305-k-no,true,Closed,Closed,8 am–5 pm,8 am–5 pm,8 am–5 pm,8 am–5 pm,8 am–5 pm,"https://www.google.com/maps/search/generator+installation+services+in+Columbus+Bloomington+IN/@39.9625112,-83.0032218,14z",2026-01-10T21:31:28.179Z,,,
"https://www.google.com/maps/place/Aire-Flo+Heating,+Cooling+%26+Generators/data=!4m7!3m6!1s0x88388ea05a05d7c1:0xecf72893e81f530d!8m2!3d40.0148259!4d-83.0123614!16s%2Fg%2F1td7tvns!19sChIJwdcFWqCOOIgRDVMf6JMo9-w","Aire-Flo Heating, Cooling & Generators",4.8,387,HVAC contractor,"2587 N High St, Columbus, OH 43202, United States","2X7Q+W3 Columbus, Ohio, USA",https://www.aire-flo.com/?utm_source=GBP&utm_medium=GBP&utm_campaign=GBP,+1 614-585-8944,Open 24 hours,https://lh3.googleusercontent.com/p/AF1QipOWBmwQDPLKQIvsMP6ZSjs6GpsgHga0f7x3FC6z=w426-h240-k-no,true,Open 24 hours,Open 24 hours,Open 24 hours,Open 24 hours,Open 24 hours,Open 24 hours,Open 24 hours,"https://www.google.com/maps/search/generator+installation+services+in+Columbus+Bloomington+IN/@39.9625112,-83.0032218,14z",2026-01-10T21:31:32.801Z,,,
https://www.google.com/maps/place/Generator+Systems+LLC/data=!4m7!3m6!1s0x88387dffb5ed9539:0x6b8d70adfbee028!8m2!3d39.8513673!4d-82.9046847!16s%2Fg%2F1tkl3zxh!19sChIJOZXttf99OIgRKOC-3wrXuAY,Generator Systems LLC,4.2,5,Electric generator shop,"5905 Green Pointe Dr S I, Groveport, OH 43195, United States","V32W+G4 Groveport, Ohio, USA",https://generatorsystems.com/,+1 614-409-9669,,https://streetviewpixels-pa.googleapis.com/v1/thumbnail?panoid=_3yYh59WuRJ9la3r4Mw5RA&cb_client=search.gws-prod.gps&w=408&h=240&yaw=76.09911&pitch=0&thumbfov=100,true,,,,,,,,"https://www.google.com/maps/search/generator+installation+services+in+Columbus+Bloomington+IN/@39.9625112,-83.0032218,14z",2026-01-10T21:31:35.257Z,,,
"https://www.google.com/maps/place/Bassett+Services:+Heating,+Cooling,+Plumbing,+%26+Electrical/data=!4m7!3m6!1s0x88383cfe77775f3f:0xee863a54c00e486c!8m2!3d40.0200309!4d-82.9645955!16s%2Fg%2F1tgns9xy!19sChIJP193d_48OIgRbEgOwFQ6hu4","Bassett Services: Heating, Cooling, Plumbing, & Electrical",4.7,2037,HVAC contractor,"2582 Cleveland Ave, Columbus, OH 43211, United States","22CP+25 Columbus, Ohio, USA",https://bassettservices.com/columbus/?utm_source=google-gbp&utm_medium=organic&utm_campaign=*041*bassett-services-columbus,+1 740-204-5960,Open 24 hours,https://lh3.googleusercontent.com/p/AF1QipPtN1lg5RdawfdNpOenhu436Myvu-u1EaDQTQ0f=w408-h271-k-no,true,Open 24 hours,Open 24 hours,Open 24 hours,Open 24 hours,Open 24 hours,Open 24 hours,Open 24 hours,"https://www.google.com/maps/search/generator+installation+services+in+Columbus+Bloomington+IN/@39.9625112,-83.0032218,14z",2026-01-10T21:31:39.680Z,,,
https://www.google.com/maps/place/Buckeye+Power+Sales/data=!4m7!3m6!1s0x88387bcba4a2622f:0xde70faaae04741ff!8m2!3d39.8555058!4d-82.7822087!16s%2Fg%2F11fxzbm3gx!19sChIJL2KipMt7OIgR_0FH4Kr6cN4,Buckeye Power Sales,4.7,29,Electric generator shop,"8155 Howe Industrial Pkwy, Canal Winchester, OH 43110, United States","V649+64 Canal Winchester, Ohio, USA",https://buckeyepowersales.com/locations/canal-winchester/,+1 614-751-4515,"Closed · Opens 7:30 am Mon

Updated by this business 9 weeks ago",https://lh3.googleusercontent.com/p/AF1QipMf4UAZmzYGUv8Wz2gYOUJEINz2nQ9yFCN-6yrB=w408-h263-k-no,true,Closed,Closed,7:30 am–4:30 pm,7:30 am–4:30 pm,7:30 am–4:30 pm,7:30 am–4:30 pm,7:30 am–4:30 pm,"https://www.google.com/maps/search/generator+installation+services+in+Columbus+Bloomington+IN/@39.9625112,-83.0032218,14z",2026-01-10T21:31:44.517Z,,· In-store pick-up · Delivery,
https://www.google.com/maps/place/Higher+Power+Electric/data=!4m7!3m6!1s0x8838681f3c8f8d91:0xcac820e81fd60f30!8m2!3d40.07157!4d-82.71337!16s%2Fg%2F1tfpkgvz!19sChIJkY2PPB9oOIgRMA_WH-ggyMo,Higher Power Electric,5.0,63,Electrician,"1087 Putnam Rd SW, Pataskala, OH 43062, United States","37CP+JM Pataskala, Ohio, USA",http://www.higherpowerelectricinc.com/,+1 614-891-7502,Closed · Opens 8 am Mon,https://lh3.googleusercontent.com/gps-cs-s/AG0ilSwcdS-WJeH62MYAgIHvsjy4x8BFLia0wRGmcumXhm2pzHkwb_ftkAiXe3pTEV-EltGjhMivgUtC1nE2Uq7V0G4Yh6pteUrQfAF50l45qtyK-Bvm-FmJuqDoXxYVKJYnvgKSPcA=w408-h544-k-no,true,Closed,Closed,8 am–4:30 pm,8 am–4:30 pm,8 am–4:30 pm,8 am–4:30 pm,8 am–4:30 pm,"https://www.google.com/maps/search/generator+installation+services+in+Columbus+Bloomington+IN/@39.9625112,-83.0032218,14z",2026-01-10T21:31:49.158Z,,,
"https://www.google.com/maps/place/Scioto+Power+Systems+LLC/@40.0929621,-83.1326494,17z/data=!3m1!4b1!4m6!3m5!1s0x8838f32aea2ba295:0x440e37905cfd2e49!8m2!3d40.0929621!4d-83.1326494!16s%2Fg%2F11jsh2f7fb",Scioto Power Systems LLC,,,Electric generator shop,"545 Metro Pl S, Dublin, OH 43017, United States","3VV8+5W Dublin, Ohio, USA",http://sciotopowersystems.com/,+1 614-707-7825,Closed · Opens 8 am Mon,,true,Closed,Closed,8 am–4:30 pm,8 am–4:30 pm,8 am–4:30 pm,8 am–4:30 pm,8 am–4:30 pm,"https://www.google.com/maps/search/generator+installation+services+in+Columbus+Bloomington+IN/@39.9625112,-83.0032218,14z",2026-01-10T21:31:55.677Z,Identifies as veteran-owned,· Delivery,
https://www.google.com/maps/place/Buckeye+Electric+of+Upper+Arlington/data=!4m7!3m6!1s0x883891e1606fb72f:0xf3c4cd3e5d6d395b!8m2!3d40.0246538!4d-83.0557745!16s%2Fg%2F11gf0nr9v5!19sChIJL7dvYOGROIgRWzltXT7NxPM,Buckeye Electric of Upper Arlington,4.6,323,Electrician,"1580 Fishinger Rd Suite 290, Columbus, OH 43221, United States","2WFV+VM Columbus, Ohio, USA",https://614electrician.com/,+1 614-664-8800,Open 24 hours,https://lh3.googleusercontent.com/p/AF1QipPFjTdu9SQE2KJALJx3UljdpPrDSGMc1xKuabon=w408-h272-k-no,true,Open 24 hours,Open 24 hours,Open 24 hours,Open 24 hours,Open 24 hours,Open 24 hours,Open 24 hours,"https://www.google.com/maps/search/generator+installation+services+in+Columbus+Bloomington+IN/@39.9625112,-83.0032218,14z",2026-01-10T21:32:00.150Z,LGBTQ+ friendly,,
"https://www.google.com/maps/place/Weekley+Electric,+LLC/data=!4m7!3m6!1s0x88383cf9800586a9:0xa21262a1182bf6ad!8m2!3d40.1098027!4d-82.4270721!16s%2Fg%2F1tg_b4bs!19sChIJqYYFgPk8OIgRrfYrGKFiEqI","Weekley Electric, LLC",4.5,97,Electrician,"1960 Mt Vernon Rd, Newark, OH 43055, United States","4H5F+W5 Newark, Ohio, USA",http://weekleyelectric.com/,+1 740-366-0095,Closed · Opens 8 am Mon,https://lh3.googleusercontent.com/p/AF1QipO6h5EGDD7cGRuDqcLL7LmeJ-wEzJmgKQtjjw5m=w408-h291-k-no,true,Closed,Closed,8 am–5 pm,8 am–5 pm,8 am–5 pm,8 am–5 pm,8 am–5 pm,"https://www.google.com/maps/search/generator+installation+services+in+Columbus+Bloomington+IN/@39.9625112,-83.0032218,14z",2026-01-10T21:32:04.573Z,,,