placeUrl,title,rating,reviewCount,category,address,plusCode,website,phoneNumber,currentStatus,info,imgUrl,isClaimed,tuesday,wednesday,thursday,friday,saturday,sunday,monday,query,timestamp,error,attributes
https://www.google.com/maps/place/The+Venous+Institute+Of+Buffalo/data=!4m7!3m6!1s0x89d3736d3f9d440f:0x548bf89d75cf3ba7!8m2!3d42.958382!4d-78.769057!16s%2Fg%2F12lk8fy7t!19sChIJD0SdP21z04kRpzvPdZ34i1Q,The Venous Institute Of Buffalo,4.9,118,Medical clinic,"4927 Main St #400, Amherst, NY 14226, United States","X65J+99 Cheektowaga, New York, USA",http://www.venousinstitute.com/,+1 716-877-7000,"Closes soon · 5 pm · Opens 8 am Wed

Confirmed by this business 7 days ago",LGBTQ+ friendly,https://lh3.googleusercontent.com/gps-cs-s/AG0ilSx5KrkYTdS_poJL5-vTFRtvjJHylum1IufHJvM4gR0ZexjERb9p-tbpj7R44m7IjH1t7PSucGDMhDAgLPQxgWEmrUDNB_BW4KqgvGfC5HdmcSqjB3Y2UvxFcyZUmZiL9728Wcl8=w408-h306-k-no,true,8 am–5 pm,8 am–5 pm,8 am–5 pm,8 am–5 pm,Closed,Closed,8 am–5 pm,"https://www.google.com/maps/search/vein+clinics+in+North+Buffalo+Buffalo+NY/@42.9509105,-78.8488584,14z",2025-12-16T21:57:46.999Z,,
https://www.google.com/maps/place/Vein+Treatment+Center/data=!4m7!3m6!1s0x89d374706474b2ef:0x6931b2d5ad5b329c!8m2!3d42.9774564!4d-78.7390464!16s%2Fg%2F1tzgkmmg!19sChIJ77J0ZHB004kRnDJbrdWyMWk,Vein Treatment Center,4.6,48,Medical clinic,"5225 Sheridan Dr, Buffalo, NY 14221, United States","X7G6+X9 Buffalo, New York, USA",https://www.veinsveinsveins.com/,+1 716-839-3638,"Open · Closes 6 pm

Updated by this business 7 weeks ago",,https://streetviewpixels-pa.googleapis.com/v1/thumbnail?panoid=dJIL8MVuiV9aUbHb5MwMEg&cb_client=search.gws-prod.gps&w=408&h=240&yaw=327.95105&pitch=0&thumbfov=100,true,8 am–6 pm,8 am–6 pm,Closed,Closed,Closed,Closed,8 am–6 pm,"https://www.google.com/maps/search/vein+clinics+in+North+Buffalo+Buffalo+NY/@42.9509105,-78.8488584,14z",2025-12-16T21:57:52.302Z,,
https://www.google.com/maps/place/Cosmetic+Vein+%26+Laser+Center/data=!4m7!3m6!1s0x89d3737b69072c69:0x9087e413e9156700!8m2!3d42.9596788!4d-78.754214!16s%2Fg%2F1tqnmmbk!19sChIJaSwHaXtz04kRAGcV6RPkh5A,Cosmetic Vein & Laser Center,4.9,886,Medical spa,"52 S Union Rd 203 2nd Floor, Buffalo, NY 14221, United States","X65W+V8 Buffalo, New York, USA",https://www.cvlc.com/?utm_source=GMBlisting&utm_medium=organic&utm_campaign=gmb,+1 716-764-9784,Closes soon · 5 pm · Opens 8 am Wed,LGBTQ+ friendly,https://lh3.googleusercontent.com/p/AF1QipOh7Lix7e60szoRIycCFa__1ptY0yF7IJtuqXZl=w408-h272-k-no,true,8 am–5 pm,8 am–5 pm,8 am–4 pm,8 am–1 pm,Closed,Closed,8 am–5 pm,"https://www.google.com/maps/search/vein+clinics+in+North+Buffalo+Buffalo+NY/@42.9509105,-78.8488584,14z",2025-12-16T21:57:57.580Z,,
https://www.google.com/maps/place/Trinity+Vascular+%26+Endovascular+Center/data=!4m7!3m6!1s0x89d373af6cd39c0d:0x3f05f3f9d037a41!8m2!3d42.9771239!4d-78.7830929!16s%2Fg%2F1tfs218q!19sChIJDZzTbK9z04kRQXoDnT9f8AM,Trinity Vascular & Endovascular Center,4.5,2,Vascular surgeon,"4949 Harlem Rd # 302, Amherst, NY 14226, United States","X6G8+RQ Eggertsville, New York, USA",https://trinitymedicalwny.org/location/4949-harlem-rd/?utm_source=listing&utm_medium=listing,+1 716-837-2400,Closes soon · 5 pm · Opens 8:30 am Wed,,https://lh3.googleusercontent.com/p/AF1QipO9Nfy7PX4NRGnDgD2D3jMO_8cX-bvCmsOH4O_4=w720-h240-k-no,true,8:30 am–5 pm,8:30 am–5 pm,8:30 am–5 pm,8:30 am–5 pm,Closed,Closed,8:30 am–5 pm,"https://www.google.com/maps/search/vein+clinics+in+North+Buffalo+Buffalo+NY/@42.9509105,-78.8488584,14z",2025-12-16T21:58:02.355Z,,
"https://www.google.com/maps/place/Roger+Walcott,+MD,+FACS/data=!4m7!3m6!1s0x89d373af6cd39c0d:0xb7273798be35111d!8m2!3d42.9280616!4d-78.850235!16s%2Fg%2F1vp74rvc!19sChIJDZzTbK9z04kRHRE1vpg3J7c","Roger Walcott, MD, FACS",4.6,13,Vascular surgeon,"2121 Main St Ste 316, Buffalo, NY 14214, United States","W4HX+6W Buffalo, New York, USA",https://trinitymedicalwny.org/provider/roger-walcott/?utm_source=listing&utm_medium=listing,+1 716-837-2400,Closed · Opens 8:30 am Wed,,https://lh3.googleusercontent.com/p/AF1QipOj7lswn8ebpPn5iNCBYBh4OjauOjJC9_KJ7HNN=w408-h408-k-no,true,8:30 am–4 pm,8:30 am–4 pm,8:30 am–4 pm,8:30 am–3:30 pm,Closed,Closed,8:30 am–4 pm,"https://www.google.com/maps/search/vein+clinics+in+North+Buffalo+Buffalo+NY/@42.9509105,-78.8488584,14z",2025-12-16T21:58:07.298Z,,
"https://www.google.com/maps/place/Dr.+Sonya+S.+Noor,+MD,+FACS/data=!4m7!3m6!1s0x89d3125f3329545b:0x37afce734d462343!8m2!3d42.9769821!4d-78.7847518!16s%2Fg%2F1tnqhzpp!19sChIJW1QpM18S04kRQyNGTXPOrzc","Dr. Sonya S. Noor, MD, FACS",4.8,32,Vascular surgeon,"4960 Harlem Rd Suite 100, Amherst, NY 14226, United States","X6G8+Q3 Eggertsville, New York, USA",http://www.bevsapractice.com/,+1 716-859-3301,Closed · Opens 8:30 am Wed,,https://lh3.googleusercontent.com/p/AF1QipMwejUl3TXbzDcLsnGNtprAf1F1NZMfrMds_OL0=w426-h240-k-no,true,8:30 am–4 pm,8:30 am–4 pm,8:30 am–4 pm,8:30 am–12 pm,Closed,Closed,Closed,"https://www.google.com/maps/search/vein+clinics+in+North+Buffalo+Buffalo+NY/@42.9509105,-78.8488584,14z",2025-12-16T21:58:12.352Z,,
https://www.google.com/maps/place/Trinity+Vascular+%26+Endovascular+Center/data=!4m7!3m6!1s0x89d312babeff3ab1:0x468d40a8c88d57a9!8m2!3d42.9281379!4d-78.8504026!16s%2Fg%2F1tt1tp34!19sChIJsTr_vroS04kRqVeNyKhAjUY,Trinity Vascular & Endovascular Center,2.8,8,Vascular surgeon,"2121 Main St Ste 316, Buffalo, NY 14214, United States","W4HX+7R Buffalo, New York, USA",https://trinitymedicalwny.org/location/2121-main-st/?utm_source=listing&utm_medium=listing,+1 716-837-2400,Closed · Opens 8:30 am Wed,,https://lh3.googleusercontent.com/p/AF1QipP_TFGr0NK5n4nC10zY_xfAbfwUCzhH6gmvcS64=w720-h240-k-no,true,8:30 am–4 pm,8:30 am–4 pm,8:30 am–4 pm,8:30 am–3:30 pm,Closed,Closed,8:30 am–4 pm,"https://www.google.com/maps/search/vein+clinics+in+North+Buffalo+Buffalo+NY/@42.9509105,-78.8488584,14z",2025-12-16T21:58:17.270Z,,
https://www.google.com/maps/place/Buffalo+Vascular+Care/data=!4m7!3m6!1s0x89d3125f3329545b:0xdf474966fa554c60!8m2!3d42.9284172!4d-78.6963314!16s%2Fg%2F1tlc913g!19sChIJW1QpM18S04kRYExV-mZJR98,Buffalo Vascular Care,4.6,95,Vascular surgeon,"6337 Transit Rd, Depew, NY 14043, United States","W8H3+9F Depew, New York, USA",https://buffalovascularcare.com/,+1 716-852-1977,Closed · Opens 8 am Wed,,https://lh3.googleusercontent.com/p/AF1QipOBpY_2RHUxxl_1o2V6zIhJHFMTesw_s1UZifhv=w408-h271-k-no,true,8 am–4:30 pm,8 am–4:30 pm,8 am–4:30 pm,8 am–4:30 pm,Closed,Closed,8 am–4:30 pm,"https://www.google.com/maps/search/vein+clinics+in+North+Buffalo+Buffalo+NY/@42.9509105,-78.8488584,14z",2025-12-16T21:58:22.185Z,,
https://www.google.com/maps/place/Dr.+Hratch+Karamanoukian/data=!4m7!3m6!1s0x89d374705c3dcd3f:0x58a5993c2b5cf322!8m2!3d42.9774641!4d-78.7383003!16s%2Fg%2F11rwxg66lr!19sChIJP809XHB004kRIvNcKzyZpVg,Dr. Hratch Karamanoukian,4.5,22,Surgeon,"5225 Sheridan Dr, Amherst, NY 14221, United States","X7G6+XM Williamsville, New York, USA",https://www.veinsveinsveins.com/about-dr-karamanoukian/,+1 716-839-3638,,,https://streetviewpixels-pa.googleapis.com/v1/thumbnail?panoid=dxth4xW87esCeuUDGGWqvg&cb_client=search.gws-prod.gps&w=408&h=240&yaw=252.54242&pitch=0&thumbfov=100,false,,,,,,,,"https://www.google.com/maps/search/vein+clinics+in+North+Buffalo+Buffalo+NY/@42.9509105,-78.8488584,14z",2025-12-16T21:58:25.084Z,,
https://www.google.com/maps/place/Access+Care+Vascular+and+Wound+Health/data=!4m7!3m6!1s0x89d373052f12a1e5:0x40b1d46794c693ad!8m2!3d42.9769303!4d-78.7842917!16s%2Fg%2F11ftmgt66d!19sChIJ5aESLwVz04kRrZPGlGfUsUA,Access Care Vascular and Wound Health,4.0,4,Surgical center,"4960 Harlem Rd, Amherst, NY 14226, United States","X6G8+Q7 Eggertsville, New York, USA",http://www.accesscarevascular.com/,+1 716-748-7640,Closed · Opens 8 am Wed,,https://streetviewpixels-pa.googleapis.com/v1/thumbnail?panoid=lIvWRTINEleiMFFM_Zl5SA&cb_client=search.gws-prod.gps&w=408&h=240&yaw=180.70154&pitch=0&thumbfov=100,true,8 am–4 pm,8 am–4 pm,8 am–4 pm,8 am–12 pm,Closed,Closed,Closed,"https://www.google.com/maps/search/vein+clinics+in+North+Buffalo+Buffalo+NY/@42.9509105,-78.8488584,14z",2025-12-16T21:58:30.047Z,,
https://www.google.com/maps/place/MIVAS+aesthetics/data=!4m7!3m6!1s0x89d3739829f864e3:0xc27db407fee94031!8m2!3d42.958382!4d-78.769057!16s%2Fg%2F11w3mn8m0t!19sChIJ42T4KZhz04kRMUDp_ge0fcI,MIVAS aesthetics,5.0,15,Skin care clinic,"4927 Main St #400, Amherst, NY 14226, United States","X65J+99 Cheektowaga, New York, USA",https://mivasaesthetics.com/,+1 716-877-7000,Closed · Opens 8 am Wed,,https://lh3.googleusercontent.com/p/AF1QipO2xsV1Iox2PLw6p7wDIlAkxqztDu6ef5tg4CB7=w408-h272-k-no,true,8 am–4 pm,8 am–4 pm,8 am–4 pm,8 am–4 pm,Closed,Closed,8 am–4 pm,"https://www.google.com/maps/search/vein+clinics+in+North+Buffalo+Buffalo+NY/@42.9509105,-78.8488584,14z",2025-12-16T21:58:34.827Z,,
"https://www.google.com/maps/place/Paul+M.+Anain,+MD,+FACS/data=!4m7!3m6!1s0x89d312babf5f126d:0x32a95d63f9d61c43!8m2!3d42.9280616!4d-78.850235!16s%2Fg%2F1tdlj8b3!19sChIJbRJfv7oS04kRQxzW-WNdqTI","Paul M. Anain, MD, FACS",4.6,10,Vascular surgeon,"2121 Main St Ste 316, Buffalo, NY 14214, United States","W4HX+6W Buffalo, New York, USA",https://trinitymedicalwny.org/provider/paul-m-anain/?utm_source=listing&utm_medium=listing,+1 716-837-2400,Closed · Opens 8:30 am Wed,,https://lh3.googleusercontent.com/p/AF1QipP-CTvkdGIpqL7s3ECDj31vCW-niOdXB_BTUyJh=w408-h408-k-no,true,8:30 am–4 pm,8:30 am–4 pm,8:30 am–4 pm,8:30 am–3:30 pm,Closed,Closed,8:30 am–4 pm,"https://www.google.com/maps/search/vein+clinics+in+North+Buffalo+Buffalo+NY/@42.9509105,-78.8488584,14z",2025-12-16T21:58:39.842Z,,
https://www.google.com/maps/place/Buffalo+Endovascular+and+Vascular+Surgical+Associates/data=!4m7!3m6!1s0x89d3730fa1e10b61:0x5a84ea9ff5a0ebe3!8m2!3d42.9769303!4d-78.7842917!16s%2Fg%2F11b7bzhrd0!19sChIJYQvhoQ9z04kR4-ug9Z_qhFo,Buffalo Endovascular and Vascular Surgical Associates,4.3,6,Surgical center,"4960 Harlem Rd, Amherst, NY 14226, United States","X6G8+Q7 Eggertsville, New York, USA",http://www.bevsapractice.com/,+1 716-859-3301,Closed · Opens 8:30 am Wed,,https://lh3.googleusercontent.com/gps-cs-s/AG0ilSyvO0xY18U6MXaGonaWMgJod4XKTnNPTi31XVKyPUw5t9lMWVz_eQtOmDGRXb8dI9IElN8N-pZSfcPMpR2dK6f6ZK1ASM3FcNdZhOL9vCDs08Ykr66NyVtu3Cg_clR9BZhCOWb6=w408-h408-k-no,true,8:30 am–4:30 pm,8:30 am–4:30 pm,8:30 am–4:30 pm,8 am–12 pm,Closed,Closed,8:30 am–4:30 pm,"https://www.google.com/maps/search/vein+clinics+in+North+Buffalo+Buffalo+NY/@42.9509105,-78.8488584,14z",2025-12-16T21:58:44.863Z,,
"https://www.google.com/maps/place/Aimee+Swartz,+MD/data=!4m7!3m6!1s0x89d31336c9306e11:0xf112f2dc24eebdb4!8m2!3d42.9280616!4d-78.850235!16s%2Fg%2F11ftmg80dt!19sChIJEW4wyTYT04kRtL3uJNzyEvE","Aimee Swartz, MD",4.2,9,Vascular surgeon,"2121 Main St Ste 316, Buffalo, NY 14214, United States","W4HX+6W Buffalo, New York, USA",https://trinitymedicalwny.org/provider/aimee-swartz/?utm_source=listing&utm_medium=listing&utm_campaign=gmb,+1 716-837-2400,Closed · Opens 8:30 am Wed,,https://lh3.googleusercontent.com/p/AF1QipO_9HAbXytSGMx1XmHM5_vAFPnyeZF9Vezj31bH=w408-h408-k-no,true,8:30 am–4 pm,8:30 am–4 pm,8:30 am–4 pm,8:30 am–3:30 pm,Closed,Closed,8:30 am–4 pm,"https://www.google.com/maps/search/vein+clinics+in+North+Buffalo+Buffalo+NY/@42.9509105,-78.8488584,14z",2025-12-16T21:58:49.888Z,,
https://www.google.com/maps/place/Dominguez+Ivan+Dr/data=!4m7!3m6!1s0x89d3125f4770f987:0x8ea5afb3e5e57f0b!8m2!3d42.9018522!4d-78.8648307!16s%2Fg%2F11bbrn8z56!19sChIJh_lwR18S04kRC3_l5bOvpY4,Dominguez Ivan Dr,5.0,6,Vascular surgeon,"100 High St, Buffalo, NY 14203, United States","W42P+P3 Buffalo, New York, USA",http://www.kaleidahealth.org/,+1 716-859-3301,,,https://streetviewpixels-pa.googleapis.com/v1/thumbnail?panoid=VlYZPrNwSE20Gr36F6sHPw&cb_client=search.gws-prod.gps&w=408&h=240&yaw=179.1582&pitch=0&thumbfov=100,false,,,,,,,,"https://www.google.com/maps/search/vein+clinics+in+North+Buffalo+Buffalo+NY/@42.9509105,-78.8488584,14z",2025-12-16T21:58:52.633Z,,
"https://www.google.com/maps/place/Dr.+James+K.+Lukan,+MD/data=!4m7!3m6!1s0x89d30d5a82e96393:0x5ee6ac6e86d13db3!8m2!3d42.9254225!4d-78.8313324!16s%2Fg%2F1thx9lxp!19sChIJk2PpgloN04kRsz3Rhm6s5l4","Dr. James K. Lukan, MD",5.0,2,Vascular surgeon,"462 Grider St, Buffalo, NY 14215, United States","W5G9+5F Buffalo, New York, USA",,+1 716-898-5103,,,https://streetviewpixels-pa.googleapis.com/v1/thumbnail?panoid=LN032fhnhZU8H70uJORrog&cb_client=search.gws-prod.gps&w=408&h=240&yaw=269.68976&pitch=0&thumbfov=100,false,,,,,,,,"https://www.google.com/maps/search/vein+clinics+in+North+Buffalo+Buffalo+NY/@42.9509105,-78.8488584,14z",2025-12-16T21:58:55.399Z,,
"https://www.google.com/maps/place/Dr.+Ryan+Bird,+MD/data=!4m7!3m6!1s0x89d373fc5bf107b3:0xb7af78f0ae0beb31!8m2!3d42.9770547!4d-78.7848568!16s%2Fg%2F11wvbsxk_5!19sChIJswfxW_xz04kRMesLrvB4r7c","Dr. Ryan Bird, MD",5.0,11,Vascular surgeon,"4960 Harlem Rd suite 100, Amherst, NY 14226, United States","X6G8+R3 Eggertsville, New York, USA",https://bevsapractice.com/about/our-team/profile:dr-ryan-bird-md/,+1 716-859-3301,Closed · Opens 8 am Wed,,https://streetviewpixels-pa.googleapis.com/v1/thumbnail?panoid=ovrdy7KISs2WGBprYK3KNw&cb_client=search.gws-prod.gps&w=408&h=240&yaw=281.98547&pitch=0&thumbfov=100,true,8 am–4 pm,8 am–4 pm,8 am–4 pm,8 am–4 pm,Closed,Closed,Closed,"https://www.google.com/maps/search/vein+clinics+in+North+Buffalo+Buffalo+NY/@42.9509105,-78.8488584,14z",2025-12-16T21:59:00.230Z,,
https://www.google.com/maps/place/Gates+Vascular+Institute+%28GVI%29/data=!4m7!3m6!1s0x89d3125f3329545b:0x7b80e0b27ffda7ee!8m2!3d42.9016247!4d-78.8660092!16s%2Fm%2F0wfjmy0!19sChIJW1QpM18S04kR7qf9f7LggHs,Gates Vascular Institute (GVI),3.7,93,Hospital,"875 Ellicott St, Buffalo, NY 14203, United States","W42M+JH Buffalo, New York, USA",https://www.buffalogeneral.org/gvi/?utm_source=extnet&utm_medium=yext,+1 716-748-2000,Open 24 hours,,https://lh3.googleusercontent.com/gps-cs-s/AG0ilSylPln9i-HKsYHxAtIReZjaYmS9ZaC3huNzQpfI7actrB4Ln9IqqJpMGygE91BaGYxXNcIOjionrWvZi-Q3mY_alYX3sEsLFN-gLoBKFiTqHxL-RwkHdoGth4y_LqE96Q-C7gtRLQ=w408-h306-k-no,true,Open 24 hours,Open 24 hours,Open 24 hours,Open 24 hours,Open 24 hours,Open 24 hours,Open 24 hours,"https://www.google.com/maps/search/vein+clinics+in+North+Buffalo+Buffalo+NY/@42.9509105,-78.8488584,14z",2025-12-16T21:59:05.424Z,,
"https://www.google.com/maps/place/Dr.+Raphael+Blochle,+MD/data=!4m7!3m6!1s0x89d30d5d622a2aa3:0x319514064f312077!8m2!3d42.9254225!4d-78.8313324!16s%2Fg%2F1tlbkk94!19sChIJoyoqYl0N04kRdyAxTwYUlTE","Dr. Raphael Blochle, MD",5.0,1,Vascular surgeon,"462 Grider St, Buffalo, NY 14215, United States","W5G9+5F Buffalo, New York, USA",,+1 716-898-5186,Temporarily closed,,https://streetviewpixels-pa.googleapis.com/v1/thumbnail?panoid=LN032fhnhZU8H70uJORrog&cb_client=search.gws-prod.gps&w=408&h=240&yaw=269.68976&pitch=0&thumbfov=100,false,,,,,,,,"https://www.google.com/maps/search/vein+clinics+in+North+Buffalo+Buffalo+NY/@42.9509105,-78.8488584,14z",2025-12-16T21:59:10.120Z,,
https://www.google.com/maps/place/Dr.+Sonya+Noor/data=!4m7!3m6!1s0x89d3125f38f1753d:0x8db1302b406b822e!8m2!3d42.9011483!4d-78.8645707!16s%2Fg%2F11qgb7w0y9!19sChIJPXXxOF8S04kRLoJrQCswsY0,Dr. Sonya Noor,3.0,4,Vascular surgeon,"100 High St # C1, Buffalo, NY 14203, United States","W42P+F5 Buffalo, New York, USA",https://accesscarevascular.com/about/our-team/profile:dr-sonya-noor-md-facs/,+1 716-859-3301,,,https://streetviewpixels-pa.googleapis.com/v1/thumbnail?panoid=D4eIU8Hqh01HudMR8sX_tQ&cb_client=search.gws-prod.gps&w=408&h=240&yaw=60.115105&pitch=0&thumbfov=100,false,,,,,,,,"https://www.google.com/maps/search/vein+clinics+in+North+Buffalo+Buffalo+NY/@42.9509105,-78.8488584,14z",2025-12-16T21:59:12.901Z,,
https://www.google.com/maps/place/Vascular+%26+Endovascular+Center:+Anain+Sr+Joseph+M+MD/data=!4m7!3m6!1s0x89d373af6cd39c0d:0xf65199260d8d0b08!8m2!3d42.9771703!4d-78.7830275!16s%2Fg%2F1tdzgzrc!19sChIJDZzTbK9z04kRCAuNDSaZUfY,Vascular & Endovascular Center: Anain Sr Joseph M MD,,,Vascular surgeon,"4949 Harlem Rd # 302, Amherst, NY 14226, United States","X6G8+VQ Eggertsville, New York, USA",,+1 716-837-2400,,,https://streetviewpixels-pa.googleapis.com/v1/thumbnail?panoid=qCUKGzuLV1j6-bdUsQhRAQ&cb_client=search.gws-prod.gps&w=408&h=240&yaw=170.6776&pitch=0&thumbfov=100,false,,,,,,,,"https://www.google.com/maps/search/vein+clinics+in+North+Buffalo+Buffalo+NY/@42.9509105,-78.8488584,14z",2025-12-16T21:59:15.587Z,,
https://www.google.com/maps/place/Vein+Treatment+Center/data=!4m7!3m6!1s0x89d30f0057ebbab7:0x90317a9d928ba72c!8m2!3d42.7834903!4d-78.7485892!16s%2Fg%2F11y7j_vvvx!19sChIJt7rrVwAP04kRLKeLkp16MZA,Vein Treatment Center,4.0,2,Medical Center,"3680 Eggert Rd, Orchard Park, NY 14127, United States","Q7M2+9H Orchard Park, New York, USA",http://www.veinsveinsveins.com/,+1 716-839-3638,Closed · Opens 8 am Thu,,https://streetviewpixels-pa.googleapis.com/v1/thumbnail?panoid=svcoqFdROhGSuIgIJMP1yQ&cb_client=search.gws-prod.gps&w=408&h=240&yaw=196.85555&pitch=0&thumbfov=100,true,Closed,Closed,8 am–6 pm,8 am–12 pm,Closed,Closed,Closed,"https://www.google.com/maps/search/vein+clinics+in+Orchard+Park+Buffalo+NY/@42.7675593,-78.7439189,14z",2025-12-16T21:59:31.040Z,,
"https://www.google.com/maps/place/Gregory+Clabeaux,+DO,+RPVI/@42.7768927,-78.746974,17z/data=!3m1!4b1!4m6!3m5!1s0x89d309b297c614bd:0x6f80d3c9c235fd8!8m2!3d42.7768927!4d-78.746974!16s%2Fg%2F11gj57vjx6","Gregory Clabeaux, DO, RPVI",4.9,63,Vascular surgeon,"3900 N Buffalo St, Orchard Park, NY 14127, United States","Q7G3+Q6 Orchard Park, New York, USA",http://buffalomedicalgroup.com/staff/gregory-clabeaux-d-o/,+1 716-630-1098,Closed · Opens 8 am Wed,,,true,8 am–4:30 pm,8 am–4:30 pm,8 am–4:30 pm,8 am–4:30 pm,Closed,Closed,8 am–4:30 pm,"https://www.google.com/maps/search/vein+clinics+in+Orchard+Park+Buffalo+NY/@42.7675593,-78.7439189,14z",2025-12-16T21:59:37.852Z,,
https://www.google.com/maps/place/Vascular+Associates+of+WNY:+West+Seneca/data=!4m7!3m6!1s0x89d30f31bbe88257:0xf14cb3965c92f903!8m2!3d42.8304868!4d-78.7817349!16s%2Fg%2F1z3t9t2qp!19sChIJV4LouzEP04kRA_mSXJazTPE,Vascular Associates of WNY: West Seneca,4.8,130,Surgical center,"1900 Ridge Rd Suite 209, West Seneca, NY 14224, United States","R6J9+58 West Seneca, New York, USA",https://www.vascularassociateswny.com/,+1 716-671-8393,Closes soon · 5 pm · Opens 8 am Wed,,https://lh3.googleusercontent.com/p/AF1QipOfAk-uS1Wx2_oiWJ03fHIUWyGY-c9oD9va7gkU=w425-h240-k-no,true,8 am–5 pm,8 am–5 pm,8 am–5 pm,8 am–4 pm,Closed,Closed,8 am–5 pm,"https://www.google.com/maps/search/vein+clinics+in+Orchard+Park+Buffalo+NY/@42.7675593,-78.7439189,14z",2025-12-16T21:59:42.711Z,,
https://www.google.com/maps/place/Orchard+Park+Dermatology/data=!4m7!3m6!1s0x89d308cdda4bf719:0x10b291bd3c747974!8m2!3d42.8018383!4d-78.739602!16s%2Fg%2F1tjz8y8c!19sChIJGfdL2s0I04kRdHl0PL2RshA,Orchard Park Dermatology,4.5,112,Dermatologist,"3045 Southwestern Blvd #104, Orchard Park, NY 14127, United States","R726+P5 Orchard Park, New York, USA",http://www.orchardparkdermatology.com/,+1 716-675-7000,Closes soon · 5 pm · Opens 7:30 am Wed,,https://lh3.googleusercontent.com/p/AF1QipMkMWVj8_hxq50CULBgWsrzqBafjzNldtuMiI6p=w408-h272-k-no,true,7:30 am–5 pm,7:30 am–5 pm,7:30 am–5 pm,Closed,Closed,Closed,7:30 am–5 pm,"https://www.google.com/maps/search/vein+clinics+in+Orchard+Park+Buffalo+NY/@42.7675593,-78.7439189,14z",2025-12-16T21:59:47.682Z,,
https://www.google.com/maps/place/Medical+Spa+Buffalo+-+Orchard+Park/data=!4m7!3m6!1s0x89d309e13cf535cd:0x5de457062a73258c!8m2!3d42.7769403!4d-78.7450457!16s%2Fg%2F11vy0syb69!19sChIJzTX1POEJ04kRjCVzKgZX5F0,Medical Spa Buffalo - Orchard Park,5.0,41,Medical spa,"3911 N Buffalo St, Orchard Park, NY 14127, United States","Q7G3+QX Orchard Park, New York, USA",https://medicalspabuffalo.com/,+1 716-617-8487,Open · Closes 7:30 pm,LGBTQ+ friendly,https://lh3.googleusercontent.com/p/AF1QipPY-cDDFiDkAnvrqtGYZfpca1m_ArROE3SkdwxJ=w408-h544-k-no,true,4:30–7:30 pm,Closed,Closed,Closed,7–11 am,Closed,Closed,"https://www.google.com/maps/search/vein+clinics+in+Orchard+Park+Buffalo+NY/@42.7675593,-78.7439189,14z",2025-12-16T21:59:52.853Z,,
https://www.google.com/maps/place/Brilliance+Aesthetics+%26+Injectables+Med+Spa/data=!4m7!3m6!1s0x89d30f2caddf43e9:0x3d46dd965eba8c29!8m2!3d42.7853321!4d-78.7492016!16s%2Fg%2F11kxsygd76!19sChIJ6UPfrSwP04kRKYy6XpbdRj0,Brilliance Aesthetics & Injectables Med Spa,5.0,155,Medical spa,"3614 N Buffalo St, Orchard Park, NY 14127, United States","Q7P2+48 Orchard Park, New York, USA",http://brillianceorchardpark.com/,+1 716-508-4490,Open 24 hours,LGBTQ+ friendly,https://lh3.googleusercontent.com/p/AF1QipMLnGUexFKuPk3KIlm1zT7w8EqM_jONIey3kd1m=w408-h407-k-no,true,Open 24 hours,Open 24 hours,Open 24 hours,Open 24 hours,Open 24 hours,Open 24 hours,Open 24 hours,"https://www.google.com/maps/search/vein+clinics+in+Orchard+Park+Buffalo+NY/@42.7675593,-78.7439189,14z",2025-12-16T21:59:57.883Z,,
https://www.google.com/maps/place/Buffalo+Aesthetics/data=!4m7!3m6!1s0x89d377e88865a575:0x3601c950e84e25bd!8m2!3d42.7747185!4d-78.7448917!16s%2Fg%2F11k8fr3fjk!19sChIJdaVliOh304kRvSVO6FDJATY,Buffalo Aesthetics,5.0,227,Medical spa,"3995 N Buffalo St Suite 300, Orchard Park, NY 14127, United States","Q7F4+V2 Orchard Park, New York, USA",https://buffaloaesthetics.com/?utm_source=GMBlisting&utm_medium=organic&utm_campaign=gmb-orchard-park,+1 716-428-3998,Open · Closes 6 pm,,https://lh3.googleusercontent.com/p/AF1QipPbKgfTp3ixQ5_FH6S1saSWLCituxZaKDxfBxw6=w408-h435-k-no,true,10 am–6 pm,10 am–6 pm,10 am–6 pm,10 am–5 pm,10 am–2 pm,Closed,10 am–6 pm,"https://www.google.com/maps/search/vein+clinics+in+Orchard+Park+Buffalo+NY/@42.7675593,-78.7439189,14z",2025-12-16T22:00:02.795Z,,
https://www.google.com/maps/place/Mercy+Ambulatory+Care+Center/data=!4m7!3m6!1s0x89d30f60e05c8b91:0xefa3f430776ba577!8m2!3d42.7803611!4d-78.7726319!16s%2Fg%2F1vg4kssd!19sChIJkYtc4GAP04kRd6VrdzD0o-8,Mercy Ambulatory Care Center,2.4,302,General hospital,"3669 Southwestern Blvd, Orchard Park, NY 14127, United States","Q6JG+4W Orchard Park, New York, USA",https://www.chsbuffalo.org/locations/mercy-ambulatory-care-center,+1 716-662-0500,,,https://lh3.googleusercontent.com/gps-cs-s/AG0ilSz1Ap-dCyZn0p-sgZTl1ef6y-gH6Cymg8IjWqRNC0SDvY811I0y4yB-uRjGu7tVa2WFCjHS1pqhq2u5KsNnotMDuDgSFR6gLh2fV6iLOaehFk5kFNj7yQ6mMUbuaLe1Mx2WJwd2=w408-h306-k-no,true,Open 24 hours,Open 24 hours,Open 24 hours,Open 24 hours,Open 24 hours,Open 24 hours,Open 24 hours,"https://www.google.com/maps/search/vein+clinics+in+Orchard+Park+Buffalo+NY/@42.7675593,-78.7439189,14z",2025-12-16T22:00:07.895Z,,
https://www.google.com/maps/place/Chapter+Aesthetic+Studio/data=!4m7!3m6!1s0x89d30f9ddfeedfa3:0xe49b04ea1604b8f7!8m2!3d42.7898613!4d-78.7842424!16s%2Fg%2F11tcz1yz7c!19sChIJo9_u350P04kR97gEFuoEm-Q,Chapter Aesthetic Studio,4.8,179,Medical spa,"3488 Amelia Dr, Orchard Park, NY 14127, United States","Q6Q8+W8 Orchard Park, New York, USA","https://www.mychapter.com/locations/ny/orchard-park/3488-amelia-drive/?utm_source=Google_Places&utm_medium=Birdeye_Listings&utm_campaign=orchard-park,ny",+1 716-262-3400,"Open · Closes 7 pm

Updated by this business 11 weeks ago",LGBTQ+ friendly,https://lh3.googleusercontent.com/p/AF1QipOEqiLzwKjTTAEei7C1zn8vOaN2Nw_BSUD6jAFa=w426-h240-k-no,true,9 am–7 pm,9 am–7 pm,9 am–7 pm,9 am–5 pm,9 am–4 pm,12–1 am,9 am–5 pm,"https://www.google.com/maps/search/vein+clinics+in+Orchard+Park+Buffalo+NY/@42.7675593,-78.7439189,14z",2025-12-16T22:00:13.188Z,,
https://www.google.com/maps/place/DENT+Neurologic+Institute/data=!4m7!3m6!1s0x89d30fee0cf27fa7:0x7a7a9546ade175aa!8m2!3d42.7898464!4d-78.7673642!16s%2Fg%2F1tdrgbp7!19sChIJp3_yDO4P04kRqnXhrUaVeno,DENT Neurologic Institute,4.7,1235,Medical clinic,"200 Sterling Dr, Orchard Park, NY 14127, United States","Q6QM+W3 Orchard Park, New York, USA",https://www.dentinstitute.com/,+1 716-250-2000,Open 24 hours,LGBTQ+ friendly,https://lh3.googleusercontent.com/p/AF1QipPyDhuewg-SzDMEHaCZ9JxYuohGM664PgxuHdI=w408-h255-k-no,true,Open 24 hours,Open 24 hours,Open 24 hours,Open 24 hours,Closed,Closed,Open 24 hours,"https://www.google.com/maps/search/vein+clinics+in+Orchard+Park+Buffalo+NY/@42.7675593,-78.7439189,14z",2025-12-16T22:00:18.148Z,,
https://www.google.com/maps/place/Orchard+Park+Aesthetics/data=!4m7!3m6!1s0x89d30fad62214cbd:0x584429653518ccfb!8m2!3d42.7871544!4d-78.7495539!16s%2Fg%2F11m83_mlzv!19sChIJvUwhYq0P04kR-8wYNWUpRFg,Orchard Park Aesthetics,4.8,50,Medical spa,"3555 N Buffalo St, Orchard Park, NY 14127, United States","Q7P2+V5 Orchard Park, New York, USA",http://www.opaesthetics.com/,+1 716-932-1313,Open · Closes 7 pm,,https://lh3.googleusercontent.com/p/AF1QipP52D1P8e4HdobMjPK2TQrW-uZKur_0Il9F2Ew=w408-h519-k-no,true,9:30 am–7 pm,9:15 am–4 pm,9:30 am–5 pm,Closed,Closed,Closed,Closed,"https://www.google.com/maps/search/vein+clinics+in+Orchard+Park+Buffalo+NY/@42.7675593,-78.7439189,14z",2025-12-16T22:00:23.165Z,,
https://www.google.com/maps/place/Splendor+Injections/data=!4m7!3m6!1s0x89d30f235d081ca5:0x31232250ca7a9b1e!8m2!3d42.7909446!4d-78.7711366!16s%2Fg%2F11wr3ldr9d!19sChIJpRwIXSMP04kRHpt6ylAiIzE,Splendor Injections,5.0,18,Medical spa,"220 Redtail, Orchard Park, NY 14127, United States","Q6RH+9G Orchard Park, New York, USA",https://www.splendorinjections.com/,+1 716-305-4569,Open · Closes 8 pm,,https://lh3.googleusercontent.com/p/AF1QipPrNkuRJZxb8YgvaLWWSdp9C88q-wo1HPwJyq9-=w408-h612-k-no,true,5–8 pm,5–8 pm,5–8 pm,9 am–8 pm,9 am–8 pm,8 am–7 pm,5–8 pm,"https://www.google.com/maps/search/vein+clinics+in+Orchard+Park+Buffalo+NY/@42.7675593,-78.7439189,14z",2025-12-16T22:00:27.992Z,,
https://www.google.com/maps/place/Lori+Incorvaia+Aesthetics/data=!4m7!3m6!1s0x89d30772b1b57cb9:0x9498ab502337f636!8m2!3d42.7696094!4d-78.7429713!16s%2Fg%2F11y3nsjcrz!19sChIJuXy1sXIH04kRNvY3I1CrmJQ,Lori Incorvaia Aesthetics,5.0,89,Medical spa,"4201 N Buffalo St, Orchard Park, NY 14127, United States","Q794+RR Orchard Park, New York, USA",http://www.li-aesthetics.com/,+1 716-713-9935,Open · Closes 7 pm,,https://lh3.googleusercontent.com/p/AF1QipPn4SiX2iGVvgn45vp30-EML7u2XhMLcOUTDdGy=w408-h667-k-no,true,9 am–7 pm,9 am–7 pm,Closed,9 am–7 pm,Closed,Closed,Closed,"https://www.google.com/maps/search/vein+clinics+in+Orchard+Park+Buffalo+NY/@42.7675593,-78.7439189,14z",2025-12-16T22:00:32.951Z,,
"https://www.google.com/maps/place/Dr.+Julio+A.+Alvarez-Perez,+MD/data=!4m7!3m6!1s0x89d30f4255555555:0x61751806722e4b40!8m2!3d42.803095!4d-78.7532783!16s%2Fg%2F11k011y2jm!19sChIJVVVVVUIP04kRQEsucgYYdWE","Dr. Julio A. Alvarez-Perez, MD",5.0,1,Surgeon,"3041 Orchard Park Rd, Orchard Park, NY 14127, United States","R63W+6M Orchard Park, New York, USA",https://vascularassociateswny.com/,+1 716-671-8393,,,https://streetviewpixels-pa.googleapis.com/v1/thumbnail?panoid=ZCiIvKxJTQam4_eWSugR3A&cb_client=search.gws-prod.gps&w=408&h=240&yaw=101.60066&pitch=0&thumbfov=100,false,,,,,,,,"https://www.google.com/maps/search/vein+clinics+in+Orchard+Park+Buffalo+NY/@42.7675593,-78.7439189,14z",2025-12-16T22:00:36.349Z,,
https://www.google.com/maps/place/Inspired/data=!4m7!3m6!1s0x89d30fd6bf2c754b:0xfee27374ff609366!8m2!3d42.7798347!4d-78.7728195!16s%2Fg%2F11vsnvr5lq!19sChIJS3Usv9YP04kRZpNg_3Rz4v4,Inspired,5.0,15,Medical spa,"3671 Southwestern Blvd #213, Orchard Park, NY 14127, United States","Q6HG+WV Orchard Park, New York, USA",https://www.inspiredmedicalspa.com/,+1 716-539-0772,Open · Closes 7 pm,LGBTQ+ friendly,https://lh3.googleusercontent.com/p/AF1QipPLAfbIy-ZrQDBYACCv8REIkSFbax3UoUZR2AoM=w408-h408-k-no,true,5–7 pm,4:30–6 pm,4:30–6 pm,9:30 am–4 pm,9:30 am–2 pm,Closed,Closed,"https://www.google.com/maps/search/vein+clinics+in+Orchard+Park+Buffalo+NY/@42.7675593,-78.7439189,14z",2025-12-16T22:00:41.244Z,,
https://www.google.com/maps/place/Trinity+Vascular+%26+Endovascular+Center/data=!4m7!3m6!1s0x89d31bf3635d119d:0x91c5a004e6820757!8m2!3d42.7538943!4d-78.8567546!16s%2Fg%2F11kgjd64w3!19sChIJnRFdY_Mb04kRVweC5gSgxZE,Trinity Vascular & Endovascular Center,4.0,1,Vascular surgeon,"4901 Camp Rd #100, Hamburg, NY 14075, United States","Q43V+H7 Hamburg, New York, USA",https://trinitymedicalwny.org/location/4901-camp-rd/?utm_source=listing&utm_medium=listing,+1 716-837-2400,Closed · Opens 7:30 am Wed,,https://lh3.googleusercontent.com/p/AF1QipNUjhCEma_6Uf9_zN2-jk-UiJcb0KUfnZTQMvaO=w720-h240-k-no,true,7:30 am–4:30 pm,7:30 am–4:30 pm,7:30 am–4:30 pm,7:30 am–12 pm,Closed,Closed,7:30 am–4:30 pm,"https://www.google.com/maps/search/vein+clinics+in+Orchard+Park+Buffalo+NY/@42.7675593,-78.7439189,14z",2025-12-16T22:00:45.931Z,,
"https://www.google.com/maps/place/Gregory+A.+Jobes,+MD/data=!4m7!3m6!1s0x89d30f498b4a572d:0xa06c3f72909b5ed9!8m2!3d42.7772225!4d-78.7464018!16s%2Fg%2F1v3lqylf!19sChIJLVdKi0kP04kR2V6bkHI_bKA","Gregory A. Jobes, MD",4.9,102,Internist,"3900 N Buffalo St, Orchard Park, NY 14127, United States","Q7G3+VC Orchard Park, New York, USA",http://buffalomedicalgroup.com/staff/gregory-jobes-m-d/,+1 716-995-1021,Closed · Opens 8 am Wed,,https://lh3.googleusercontent.com/p/AF1QipPLSj55BtOCVjiF44cXjiJZPAFNEU6A2_voKdkk=w427-h240-k-no,true,8 am–4:30 pm,8 am–4:30 pm,8 am–4:30 pm,8 am–4:30 pm,Closed,Closed,8 am–4:30 pm,"https://www.google.com/maps/search/vein+clinics+in+Orchard+Park+Buffalo+NY/@42.7675593,-78.7439189,14z",2025-12-16T22:00:51.027Z,,
https://www.google.com/maps/place/Brendon+Reilly/data=!4m7!3m6!1s0x89d30f321c555555:0x9304eceb8af91af2!8m2!3d42.8034205!4d-78.7531113!16s%2Fg%2F11sh2c5_xg!19sChIJVVVVHDIP04kR8hr5iuvsBJM,Brendon Reilly,5.0,1,Vascular surgeon,"3041 Orchard Park Rd D, Orchard Park, NY 141271238, United States",,https://www.vascularassociateswny.com/md/brendon-reilly-md-rpvi,+1 716-671-8393,,,https://streetviewpixels-pa.googleapis.com/v1/thumbnail?panoid=umwZGwVaHDkPvx8061d6SQ&cb_client=search.gws-prod.gps&w=408&h=240&yaw=88.25112&pitch=0&thumbfov=100,false,,,,,,,,"https://www.google.com/maps/search/vein+clinics+in+Orchard+Park+Buffalo+NY/@42.7675593,-78.7439189,14z",2025-12-16T22:00:53.703Z,,
https://www.google.com/maps/place/Dr.+Joyce+Lin/data=!4m7!3m6!1s0x89d30f321c555555:0xedb084e086375f46!8m2!3d42.8034205!4d-78.7531113!16s%2Fg%2F11rwxf__pl!19sChIJVVVVHDIP04kRRl83huCEsO0,Dr. Joyce Lin,1.0,1,Surgeon,"3041 Orchard Park Rd, Orchard Park, NY 14127, United States",,https://vascularassociateswny.com/profile/dr-joice-linn/,+1 716-671-8393,,,https://streetviewpixels-pa.googleapis.com/v1/thumbnail?panoid=umwZGwVaHDkPvx8061d6SQ&cb_client=search.gws-prod.gps&w=408&h=240&yaw=88.25112&pitch=0&thumbfov=100,false,,,,,,,,"https://www.google.com/maps/search/vein+clinics+in+Orchard+Park+Buffalo+NY/@42.7675593,-78.7439189,14z",2025-12-16T22:00:56.534Z,,
https://www.google.com/maps/place/Brittany+Montross/data=!4m7!3m6!1s0x89d3125f38f1753d:0x471e29927dc90dd2!8m2!3d42.9006514!4d-78.8656561!16s%2Fg%2F11p079h6j_!19sChIJPXXxOF8S04kR0g3JfZIpHkc,Brittany Montross,5.0,3,Vascular surgeon,"100 High St Fl 7, Buffalo, NY 14203, United States","W42M+7P Buffalo, New York, USA",http://ubmdsurgery.com/,+1 716-859-3911,,,https://streetviewpixels-pa.googleapis.com/v1/thumbnail?panoid=SNq9KS4QvYK0MGHpFQ7XOQ&cb_client=search.gws-prod.gps&w=408&h=240&yaw=335.56287&pitch=0&thumbfov=100,false,,,,,,,,"https://www.google.com/maps/search/vein+clinics+in+Allentown+Buffalo+NY/@42.8994057,-78.8764795,14z",2025-12-16T22:01:09.653Z,,
"https://www.google.com/maps/place/Buffalo+Oral+Surgery+Specialists,+PLLC/data=!4m7!3m6!1s0x89d312f702d500d1:0xfc0264f02f1cd121!8m2!3d42.9053651!4d-78.8696022!16s%2Fg%2F1tdx0jbm!19sChIJ0QDVAvcS04kRIdEcL_BkAvw","Buffalo Oral Surgery Specialists, PLLC",4.6,419,Oral surgeon,"117 Linwood Ave, Buffalo, NY 14209, United States","W44J+45 Buffalo, New York, USA",http://www.buffalooralsurgery.com/,+1 716-882-6333,Closed · Opens 7:30 am Wed,,https://lh3.googleusercontent.com/p/AF1QipMUT36y_Cf0lec86JjFpVfCLdDviT_sshhFBO3t=w408-h271-k-no,true,7:30 am–4 pm,7:30 am–4 pm,7:30 am–4 pm,7:30 am–4 pm,Closed,Closed,7:30 am–4 pm,"https://www.google.com/maps/search/vein+clinics+in+Allentown+Buffalo+NY/@42.8994057,-78.8764795,14z",2025-12-16T22:01:14.759Z,,
https://www.google.com/maps/place/The+Western+New+York+Vascular+Society/data=!4m7!3m6!1s0x89d3125f38f1753d:0x14a74d069e311743!8m2!3d42.9006514!4d-78.8656561!16s%2Fg%2F11ghr0khsp!19sChIJPXXxOF8S04kRQxcxngZNpxQ,The Western New York Vascular Society,,,Association / Organization,"100 High St, Buffalo, NY 14203, United States","W42M+7P Buffalo, New York, USA",,+1 716-859-4207,,,https://streetviewpixels-pa.googleapis.com/v1/thumbnail?panoid=D4eIU8Hqh01HudMR8sX_tQ&cb_client=search.gws-prod.gps&w=408&h=240&yaw=62.99438&pitch=0&thumbfov=100,false,,,,,,,,"https://www.google.com/maps/search/vein+clinics+in+Allentown+Buffalo+NY/@42.8994057,-78.8764795,14z",2025-12-16T22:01:17.812Z,,
https://www.google.com/maps/place/Pediatric+Vascular+Anomalies+-+Oishei+Children%27s+Outpatient+Center+%28Conventus%29/data=!4m7!3m6!1s0x89d3136f20597fa5:0x23501237196fdee5!8m2!3d42.9008399!4d-78.8687759!16s%2Fg%2F11vsd4zgm7!19sChIJpX9ZIG8T04kR5d5vGTcSUCM,Pediatric Vascular Anomalies - Oishei Children's Outpatient Center (Conventus),,,Medical clinic,"1001 Main St, Buffalo, NY 14203, United States","W42J+8F Buffalo, New York, USA",https://www.ochbuffalo.org/care-treatment/Vascular-Anomalies-Center,+1 716-323-6110,Closed · Opens 2:30 pm Mon,,https://streetviewpixels-pa.googleapis.com/v1/thumbnail?panoid=xpPQWXmESydOL3pFP6oMNw&cb_client=search.gws-prod.gps&w=408&h=240&yaw=222.8725&pitch=0&thumbfov=100,true,Closed,Closed,Closed,Closed,Closed,Closed,2:30–5:30 pm,"https://www.google.com/maps/search/vein+clinics+in+Allentown+Buffalo+NY/@42.8994057,-78.8764795,14z",2025-12-16T22:01:22.775Z,,
https://www.google.com/maps/place/Canon+Stroke+%26+Vascular+Research+Center/data=!4m7!3m6!1s0x89d3125f50555555:0x13e73a5db9149b66!8m2!3d42.9015395!4d-78.8660426!16s%2Fg%2F11fx7wtdm5!19sChIJVVVVUF8S04kRZpsUuV065xM,Canon Stroke & Vascular Research Center,5.0,1,Research institute,"875 Ellicott St, Buffalo, NY 14203, United States","W42M+JH Buffalo, New York, USA",http://www.csvrc.com/,+1 716-829-5400,,,https://streetviewpixels-pa.googleapis.com/v1/thumbnail?panoid=ve2tFJXlMY-wmgi5VfInqg&cb_client=search.gws-prod.gps&w=408&h=240&yaw=297.87094&pitch=0&thumbfov=100,true,,,,,,,,"https://www.google.com/maps/search/vein+clinics+in+Allentown+Buffalo+NY/@42.8994057,-78.8764795,14z",2025-12-16T22:01:25.466Z,,
https://www.google.com/maps/place/Buffalo+Endovascular+Surgical+Asso/data=!4m7!3m6!1s0x89d3125f3329545b:0xee19abae164f78b!8m2!3d42.9006514!4d-78.8656561!16s%2Fg%2F1hc4zrhbg!19sChIJW1QpM18S04kRi_dk4bqa4Q4,Buffalo Endovascular Surgical Asso,,,Surgical center,"100 High St, Buffalo, NY 14203, United States","W42M+7P Buffalo, New York, USA",http://www.kaleidahealth.org/bgmc/,+1 716-859-3301,,,https://streetviewpixels-pa.googleapis.com/v1/thumbnail?panoid=D4eIU8Hqh01HudMR8sX_tQ&cb_client=search.gws-prod.gps&w=408&h=240&yaw=62.99438&pitch=0&thumbfov=100,false,,,,,,,,"https://www.google.com/maps/search/vein+clinics+in+Allentown+Buffalo+NY/@42.8994057,-78.8764795,14z",2025-12-16T22:01:28.131Z,,
https://www.google.com/maps/place/BryLin+Hospital/data=!4m7!3m6!1s0x89d312e97ae25c63:0x254c55d31acac67c!8m2!3d42.9183778!4d-78.8677498!16s%2Fg%2F1tf6c0hs!19sChIJY1zieukS04kRfMbKGtNVTCU,BryLin Hospital,2.8,149,Psychiatric hospital,"1263 Delaware Ave, Buffalo, NY 14209, United States","W49J+9W Buffalo, New York, USA",https://www.brylin.com/,+1 716-886-8200,Open · Closes 11 pm,LGBTQ+ friendly,https://lh3.googleusercontent.com/p/AF1QipPSTuN3iriMSHlqQHlLqOJpBBL8nMpYWBuLX8G9=w408-h306-k-no,true,7 am–11 pm,7 am–11 pm,7 am–11 pm,7 am–11 pm,9 am–5 pm,9 am–5 pm,7 am–11 pm,"https://www.google.com/maps/search/vein+clinics+in+Allentown+Buffalo+NY/@42.8994057,-78.8764795,14z",2025-12-16T22:01:33.247Z,,
"https://www.google.com/maps/place/Gregory+Clabeaux,+DO,+FACOS/data=!4m7!3m6!1s0x89d3679b2367a337:0x6ca085bfb41400d9!8m2!3d42.9281379!4d-78.8504026!16s%2Fg%2F11mqvq5l2r!19sChIJN6NnI5tn04kR2QAUtL-FoGw","Gregory Clabeaux, DO, FACOS",,,Vascular surgeon,"2121 Main St Ste 316, Buffalo, NY 14214, United States","W4HX+7R Buffalo, New York, USA",https://trinitymedicalwny.org/provider/gregory-clabeaux/?utm_source=listing&utm_medium=listing,+1 716-837-2400,Closed · Opens 8:30 am Wed,,https://lh3.googleusercontent.com/p/AF1QipPX5cWZpdrwRTAvaMZHXEdBdHnix3UN9-oxhUKW=w408-h408-k-no,true,8:30 am–4 pm,8:30 am–4 pm,8:30 am–4 pm,8:30 am–3:30 pm,Closed,Closed,8:30 am–4 pm,"https://www.google.com/maps/search/vein+clinics+in+Allentown+Buffalo+NY/@42.8994057,-78.8764795,14z",2025-12-16T22:01:38.105Z,,
https://www.google.com/maps/place/Buffalo+General+Medical+Center:+Butsch+John+L+MD/data=!4m7!3m6!1s0x89d3125f3329545b:0xb0407d6d6735b2a!8m2!3d42.9011482!4d-78.8645711!16s%2Fg%2F1trrf5gv!19sChIJW1QpM18S04kRKltz1tYHBAs,Buffalo General Medical Center: Butsch John L MD,3.7,18,Surgeon,"100 High St, Buffalo, NY 14203, United States","W42P+F5 Buffalo, New York, USA",,+1 716-859-4024,,,https://streetviewpixels-pa.googleapis.com/v1/thumbnail?panoid=D4eIU8Hqh01HudMR8sX_tQ&cb_client=search.gws-prod.gps&w=408&h=240&yaw=60.113014&pitch=0&thumbfov=100,false,,,,,,,,"https://www.google.com/maps/search/vein+clinics+in+Allentown+Buffalo+NY/@42.8994057,-78.8764795,14z",2025-12-16T22:01:41.362Z,,
https://www.google.com/maps/place/The+Medical+Spa+@BuffaloPlasticSurgery/data=!4m7!3m6!1s0x89d3137dcd0f5c27:0xffc8744b1ce5d916!8m2!3d42.928036!4d-78.850178!16s%2Fg%2F11sn_6hysp!19sChIJJ1wPzX0T04kRFtnlHEt0yP8,The Medical Spa @BuffaloPlasticSurgery,5.0,13,Medical spa,"2121 Main St Suite #207, Buffalo, NY 14214, United States","W4HX+6W Buffalo, New York, USA",https://www.buffaloplasticsurgery.com/medical-spa-buffalo/,+1 716-821-2935,Closes soon · 5:30 pm · Opens 9 am Wed,,https://lh3.googleusercontent.com/p/AF1QipPYQyfQ122e1T3a6rhFF_bNZLo2Xh-mbXbwQQXa=w408-h297-k-no,true,9 am–5:30 pm,9 am–5:30 pm,9 am–5:30 pm,9 am–5:30 pm,Closed,Closed,9 am–5:30 pm,"https://www.google.com/maps/search/vein+clinics+in+Allentown+Buffalo+NY/@42.8994057,-78.8764795,14z",2025-12-16T22:01:46.219Z,,
https://www.google.com/maps/place/Center+for+Minimally+Invasive+Surgery+-+Buffalo+General+Medical+Center/data=!4m7!3m6!1s0x89d313092caa52f9:0x738ddfe18d3cdc57!8m2!3d42.9008078!4d-78.8655441!16s%2Fg%2F11vsd4wmm7!19sChIJ-VKqLAkT04kRV9w8jeHfjXM,Center for Minimally Invasive Surgery - Buffalo General Medical Center,,,Medical clinic,"100 High St, Buffalo, NY 14203, United States","W42M+8Q Buffalo, New York, USA",https://www.buffalogeneral.org/care/Center-for-Minimally-Invasive-Surgery,+1 716-859-1168,Closed · Opens 7:30 am Wed,,https://streetviewpixels-pa.googleapis.com/v1/thumbnail?panoid=Q_y-y2tBFxkmaNoJNAWteg&cb_client=search.gws-prod.gps&w=408&h=240&yaw=34.259304&pitch=0&thumbfov=100,true,7:30 am–3:30 pm,7:30 am–3:30 pm,7:30 am–3:30 pm,7:30 am–3:30 pm,Closed,Closed,7:30 am–3:30 pm,"https://www.google.com/maps/search/vein+clinics+in+Allentown+Buffalo+NY/@42.8994057,-78.8764795,14z",2025-12-16T22:01:51.621Z,,
https://www.google.com/maps/place/Quest+Diagnostics/data=!4m7!3m6!1s0x89d313195436b051:0xab05f33351177a59!8m2!3d42.8920965!4d-78.8840166!16s%2Fg%2F11v3z8twfq!19sChIJUbA2VBkT04kRWXoXUTPzBas,Quest Diagnostics,4.6,45,Medical laboratory,"Patient Service Center, 300 Niagara St, Buffalo, NY 14201, United States","V4R8+R9 Buffalo, New York, USA",https://locations.questdiagnostics.com/ny/buffalo/300-niagara-st,+1 716-339-4250,Closed · Opens 8 am Wed,,https://lh3.googleusercontent.com/gps-cs-s/AG0ilSy3wJCBwSwmp0psosGjs9WXNwmc2JN_JYOMmi1gw3SJh1Gjg2Pe0QtooFVMGAaFVQmKp7zOERqrMVxnoUnOfXbYW5a8D9ZSCF3tNXc_EtHKcUsvdVth2-o8V0fCG8OSvmZHbSFn0-na40Nm=w408-h544-k-no,true,"8 am–12 pm, 12:30–4 pm","8 am–12 pm, 12:30–4 pm","8 am–12 pm, 12:30–4 pm","8 am–12 pm, 12:30–4 pm",Closed,Closed,"8 am–12 pm, 12:30–4 pm","https://www.google.com/maps/search/vein+clinics+in+Allentown+Buffalo+NY/@42.8994057,-78.8764795,14z",2025-12-16T22:02:03.459Z,,
"https://www.google.com/maps/place/Dr.+Gregory+S.+Cherr,+MD/data=!4m7!3m6!1s0x89d3125f3329545b:0xd10fb301f6580e24!8m2!3d42.9006514!4d-78.8656561!16s%2Fg%2F1wb8vp2p!19sChIJW1QpM18S04kRJA5Y9gGzD9E","Dr. Gregory S. Cherr, MD",,,Vascular surgeon,"100 High St, Buffalo, NY 14203, United States","W42M+7P Buffalo, New York, USA",http://www.kaleidahealth.org/,+1 716-859-5600,,,https://streetviewpixels-pa.googleapis.com/v1/thumbnail?panoid=D4eIU8Hqh01HudMR8sX_tQ&cb_client=search.gws-prod.gps&w=408&h=240&yaw=62.99438&pitch=0&thumbfov=100,false,,,,,,,,"https://www.google.com/maps/search/vein+clinics+in+Allentown+Buffalo+NY/@42.8994057,-78.8764795,14z",2025-12-16T22:02:06.288Z,,
https://www.google.com/maps/place/Buffalo+Neuroimaging+Analysis+Center/data=!4m7!3m6!1s0x89d3125f38f1753d:0x67a384b810608b0a!8m2!3d42.8945069!4d-78.8683123!16s%2Fg%2F11cly7pcv7!19sChIJPXXxOF8S04kRCotgELiEo2c,Buffalo Neuroimaging Analysis Center,5.0,2,Research institute,"Suite 450, 77 Goodell St, Buffalo, NY 14203, United States","V4VJ+RM Buffalo, New York, USA",http://www.bnac.net/,+1 833-914-4967,,,https://streetviewpixels-pa.googleapis.com/v1/thumbnail?panoid=xYW4bnq2G-hERY_hQiODkA&cb_client=search.gws-prod.gps&w=408&h=240&yaw=197.16888&pitch=0&thumbfov=100,true,,,,,,,,"https://www.google.com/maps/search/vein+clinics+in+Allentown+Buffalo+NY/@42.8994057,-78.8764795,14z",2025-12-16T22:02:08.968Z,,
https://www.google.com/maps/place/Venuto+Lisa/data=!4m7!3m6!1s0x89d30d5a82e96393:0x9cb66c01cd5c1c3a!8m2!3d42.9254225!4d-78.8313324!16s%2Fg%2F1tg2fgh3!19sChIJk2PpgloN04kROhxczQFstpw,Venuto Lisa,5.0,1,Medical clinic,"462 Grider St, Buffalo, NY 14215, United States","W5G9+5F Buffalo, New York, USA",http://www.ecmc.edu/,+1 716-898-4803,,,https://streetviewpixels-pa.googleapis.com/v1/thumbnail?panoid=LN032fhnhZU8H70uJORrog&cb_client=search.gws-prod.gps&w=408&h=240&yaw=269.68976&pitch=0&thumbfov=100,false,,,,,,,,"https://www.google.com/maps/search/vein+clinics+in+Allentown+Buffalo+NY/@42.8994057,-78.8764795,14z",2025-12-16T22:02:11.557Z,,
https://www.google.com/maps/place/Weinstock-Guttman+Bianca+MD/data=!4m7!3m6!1s0x89d3125f3329545b:0xa7f31346ef103d16!8m2!3d42.9016889!4d-78.8646262!16s%2Fg%2F1v6wq9g7!19sChIJW1QpM18S04kRFj0Q70YT86c,Weinstock-Guttman Bianca MD,4.6,9,Neurologist,"100 High St #2, Buffalo, NY 14203, United States","W42P+M4 Buffalo, New York, USA",http://medicine.buffalo.edu/faculty/profile.html?ubit=bw8,+1 716-829-5050,,,https://streetviewpixels-pa.googleapis.com/v1/thumbnail?panoid=tZZGOSAPnBVYnRlo3pcGJQ&cb_client=search.gws-prod.gps&w=408&h=240&yaw=353.79102&pitch=0&thumbfov=100,false,,,,,,,,"https://www.google.com/maps/search/vein+clinics+in+Allentown+Buffalo+NY/@42.8994057,-78.8764795,14z",2025-12-16T22:02:14.391Z,,
https://www.google.com/maps/place/Windsong+Interventional+and+Vascular+Services/data=!4m7!3m6!1s0x89d375d5233b89f3:0xb9e3b5166293748c!8m2!3d42.9642318!4d-78.7167086!16s%2Fg%2F11flrwy2w1!19sChIJ84k7I9V104kRjHSTYha147k,Windsong Interventional and Vascular Services,,,Medical diagnostic imaging center,"55 Spindrift Dr, Williamsville, NY 14221, United States","X77M+M8 Williamsville, New York, USA",https://windsongwny.com/interventional/,+1 716-929-9484,Closed · Opens 8 am Wed,,https://lh3.googleusercontent.com/p/AF1QipPa4gmf9LNXlVAv9PuBT8loOl8L1M6g5tnbLcZr=w408-h272-k-no,true,8 am–4 pm,8 am–4 pm,8 am–4 pm,8 am–4 pm,Closed,Closed,8 am–4 pm,"https://www.google.com/maps/search/vein+clinics+in+Allentown+Buffalo+NY/@42.8994057,-78.8764795,14z",2025-12-16T22:02:19.280Z,,
https://www.google.com/maps/place/Medical+Care+of+Western+New+York/data=!4m7!3m6!1s0x89d312e48731dfb9:0x15414c4bcacb3e9!8m2!3d42.9151269!4d-78.8774477!16s%2Fg%2F1vlzcbrk!19sChIJud8xh-QS04kR6bOsvMQUVAE,Medical Care of Western New York,4.2,57,General practitioner,"656 Elmwood Ave, Buffalo, NY 14222, United States","W48F+32 Buffalo, New York, USA",https://medicalcareofwny.com/,+1 716-883-0515,Closed · Opens 8 am Wed,LGBTQ+ friendly,https://lh3.googleusercontent.com/p/AF1QipNhvB1OBF391Z4_h7wYTb_qdJ8dHrZX2yXQ2rWy=w426-h240-k-no,true,8 am–5 pm,8 am–5 pm,8 am–5 pm,8 am–12 pm,Closed,Closed,8 am–5 pm,"https://www.google.com/maps/search/vein+clinics+in+Elmwood+Village+Buffalo+NY/@42.919713,-78.8750644,14z",2025-12-16T22:02:34.283Z,,
https://www.google.com/maps/place/Elmwood+Village+Health/data=!4m7!3m6!1s0x89d312ee4b64a3e5:0xac3dbc6d7ad74f40!8m2!3d42.9587222!4d-78.8365321!16s%2Fg%2F11c5_s4v_h!19sChIJ5aNkS-4S04kRQE_Xem28Paw,Elmwood Village Health,3.6,45,Endocrinologist,"501 Kenmore Ave, Buffalo, NY 14223, United States","X557+F9 Buffalo, New York, USA",https://elmwoodvillagehealth.com/,+1 716-768-4636,Closed · Opens 8 am Wed,Identifies as women-owned,https://lh3.googleusercontent.com/p/AF1QipPb24nFLdkIkXnYauup6KkLFC72VNlRVKKzPkxP=w426-h240-k-no,true,8 am–4 pm,8 am–4 pm,8 am–4 pm,8 am–1 pm,Closed,Closed,8 am–4 pm,"https://www.google.com/maps/search/vein+clinics+in+Elmwood+Village+Buffalo+NY/@42.919713,-78.8750644,14z",2025-12-16T22:02:39.094Z,,
https://www.google.com/maps/place/Timothy+J+Votta+DDS/data=!4m7!3m6!1s0x89d312e488f158d3:0xb9e95e35b215bc9d!8m2!3d42.914978!4d-78.8772048!16s%2Fg%2F1tz76z76!19sChIJ01jxiOQS04kRnbwVsjVe6bk,Timothy J Votta DDS,3.8,16,Dentist,"656 Elmwood Ave, Buffalo, NY 14222, United States","W47F+X4 Buffalo, New York, USA",,+1 716-882-3232,,,https://streetviewpixels-pa.googleapis.com/v1/thumbnail?panoid=I8ZYxJB_Ubc333wqmmlzbQ&cb_client=search.gws-prod.gps&w=408&h=240&yaw=227.11891&pitch=0&thumbfov=100,true,,,,,,,,"https://www.google.com/maps/search/vein+clinics+in+Elmwood+Village+Buffalo+NY/@42.919713,-78.8750644,14z",2025-12-16T22:02:48.759Z,,
https://www.google.com/maps/place/Buffalo+Women+Services/data=!4m7!3m6!1s0x89d312ab14833d89:0x70a60d479273e0fc!8m2!3d42.9366578!4d-78.8421528!16s%2Fg%2F11c3tjmjh3!19sChIJiT2DFKsS04kR_OBzkkcNpnA,Buffalo Women Services,3.8,69,Abortion clinic,"2500 Main St, Buffalo, NY 14214, United States","W5P5+M4 Buffalo, New York, USA",https://buffalowomenservices.com/,+1 716-835-2510,Closed · Opens 9 am Wed,LGBTQ+ friendly,https://lh3.googleusercontent.com/gps-cs-s/AG0ilSxNzkmgbtqzcvjcNM8TQyoO1g4NmaJX7bJaoUEmy-yjbLGY8HlLQk_2US8Gzh5BY-FGnRBA0DJx5M5yLBiaiixj4nEKfzslqBi0M-pDvRJ5usbfoh3iGGeCdpLH77gvRoiOTZov=w408-h306-k-no,true,9 am–5 pm,9 am–5 pm,9 am–5 pm,9 am–5 pm,Closed,Closed,9 am–5 pm,"https://www.google.com/maps/search/vein+clinics+in+Elmwood+Village+Buffalo+NY/@42.919713,-78.8750644,14z",2025-12-16T22:02:53.629Z,,
https://www.google.com/maps/place/Samad+Iqbal+a+MD/data=!4m7!3m6!1s0x89d312baa3b9e26f:0x6cea4ccc9d0ac0b2!8m2!3d42.9289693!4d-78.850774!16s%2Fg%2F1wrgl45x!19sChIJb-K5o7oS04kRssAKncxM6mw,Samad Iqbal a MD,4.8,5,Pulmonologist,"2148 Main St #1, Buffalo, NY 14214, United States","W4HX+HM Buffalo, New York, USA",,+1 716-835-9866,Temporarily closed,,https://streetviewpixels-pa.googleapis.com/v1/thumbnail?panoid=gjY6AoAyGspiknzhuqd6cw&cb_client=search.gws-prod.gps&w=408&h=240&yaw=302.06503&pitch=0&thumbfov=100,false,,,,,,,,"https://www.google.com/maps/search/vein+clinics+in+Elmwood+Village+Buffalo+NY/@42.919713,-78.8750644,14z",2025-12-16T22:02:58.593Z,,
https://www.google.com/maps/place/Dr.+Linda+M.+Harris/data=!4m7!3m6!1s0x89d3125f4770f987:0x8a840607be7cab34!8m2!3d42.9016204!4d-78.8648059!16s%2Fg%2F1q6kk4848!19sChIJh_lwR18S04kRNKt8vgcGhIo,Dr. Linda M. Harris,2.7,7,Vascular surgeon,"100 High St, Buffalo, NY 14203, United States","W42P+J3 Buffalo, New York, USA",https://ubmdsurgery.com/our-team/linda-m-harris-md-facs/,+1 716-859-4225,,,https://streetviewpixels-pa.googleapis.com/v1/thumbnail?panoid=Zl3xVjG605OjKylqR6sRiQ&cb_client=search.gws-prod.gps&w=408&h=240&yaw=0.06373741&pitch=0&thumbfov=100,false,,,,,,,,"https://www.google.com/maps/search/vein+clinics+in+Downtown+Buffalo+NY/@42.8869004,-78.8788896,14z",2025-12-16T22:03:09.903Z,,
https://www.google.com/maps/place/Mercy+Comprehensive+Care+Center/data=!4m7!3m6!1s0x89d3122326302acf:0x326c42d7349d2b1!8m2!3d42.8722623!4d-78.8638597!16s%2Fg%2F11bby4_9s_!19sChIJzyowJiMS04kRsdJJcy3EJgM,Mercy Comprehensive Care Center,2.0,146,Blood testing service,"397 Louisiana St, Buffalo, NY 14204, United States","V4CP+WF Buffalo, New York, USA",https://www.chsbuffalo.org/locations/mercy-comprehensive-care-center,+1 716-847-6610,Closed · Opens 7:30 am Wed,,https://lh3.googleusercontent.com/p/AF1QipNsMbrMICkHZYFNvbpnMCGUbtYddz847NB-1fgK=w408-h271-k-no,true,7:30 am–5 pm,7:30 am–5 pm,7:30 am–5 pm,7:30 am–5 pm,Closed,Closed,7:30 am–5 pm,"https://www.google.com/maps/search/vein+clinics+in+Downtown+Buffalo+NY/@42.8869004,-78.8788896,14z",2025-12-16T22:03:14.857Z,,
https://www.google.com/maps/place/York+Vein+Clinic/data=!4m7!3m6!1s0x882ad3a1c0f53b5d:0xbdfb8fda3ca59e8e!8m2!3d44.0003662!4d-79.4635784!16s%2Fg%2F11f77zxk5q!19sChIJXTv1wKHTKogRjp6lPNqP-70,York Vein Clinic,4.8,61,Vascular surgeon,"65 Wellington St E, Aurora, ON L4G 1H9, Canada","2G2P+4H Aurora, Ontario, Canada",http://yorkvein.com/,+1 905-841-2122,Closed · Opens 9 am Wed,,https://lh3.googleusercontent.com/p/AF1QipMB91IySIsAbfehAJv6p2q62gpOe-5-N2D2nmbK=w408-h271-k-no,true,9 am–5 pm,9 am–5 pm,9 am–5 pm,9–11:59 am,Closed,Closed,9 am–5 pm,"https://www.google.com/maps/search/vein+clinics+in+East+Aurora+Buffalo+NY/@42.8869004,-78.8788896,14z",2025-12-16T22:03:36.955Z,,
https://www.google.com/maps/place/DiMarco+Vein+Center/data=!4m7!3m6!1s0x89d28a86e75bec0b:0x2fdea3f844efb5cd!8m2!3d42.2652584!4d-78.6640118!16s%2Fg%2F11hy9pmm40!19sChIJC-xb54aK0okRzbXvRPij3i8,DiMarco Vein Center,4.5,2,Doctor,"6120 US-219, Ellicottville, NY 14731, United States","788P+49 Ellicottville, New York, USA",https://www.dimarcoveincenter.com/,+1 716-442-8889,Open · Closes 7 pm,,https://streetviewpixels-pa.googleapis.com/v1/thumbnail?panoid=j0sEEB5bfmPXawMcnBm26Q&cb_client=search.gws-prod.gps&w=408&h=240&yaw=57.475975&pitch=0&thumbfov=100,true,7 am–7 pm,7 am–7 pm,7 am–7 pm,7 am–7 pm,7 am–7 pm,7 am–7 pm,7 am–7 pm,"https://www.google.com/maps/search/vein+clinics+in+East+Aurora+Buffalo+NY/@42.8869004,-78.8788896,14z",2025-12-16T22:03:41.810Z,,
https://www.google.com/maps/place/Golden+Aesthetics/data=!4m7!3m6!1s0x89d3a7c487f2174b:0xf55e052a72b0221e!8m2!3d42.7651623!4d-78.6121141!16s%2Fg%2F11jzsdlb6w!19sChIJSxfyh8Sn04kRHiKwcioFXvU,Golden Aesthetics,5.0,124,Medical spa,"609 Oakwood Ave Suite 8, East Aurora, NY 14052, United States","Q98Q+35 East Aurora, New York, USA",http://goldenaesthetics716.com/,+1 716-218-0010,"Open · Closes 6:30 pm

Updated by this business 2 weeks ago",LGBTQ+ friendly,https://lh3.googleusercontent.com/p/AF1QipMkDsPkcGuCXBqFzS2jn1rKTKDHvkAGQNkxzFxt=w408-h272-k-no,true,10:30 am–6:30 pm,Closed,10:30 am–6:30 pm,10:30 am–4:30 pm,10 am–4 pm,Closed,Closed,"https://www.google.com/maps/search/vein+clinics+in+East+Aurora+Buffalo+NY/@42.8869004,-78.8788896,14z",2025-12-16T22:03:46.930Z,,
"https://www.google.com/maps/place/Azher+Iqbal,+MD/data=!4m7!3m6!1s0x89d3125f3329545b:0x46ff82204c50e27a!8m2!3d42.9284191!4d-78.6963294!16s%2Fg%2F1tczfwzv!19sChIJW1QpM18S04kReuJQTCCC_0Y","Azher Iqbal, MD",4.1,9,Doctor,"6337 Transit Rd, Depew, NY 14043, United States","W8H3+9F Depew, New York, USA",http://www.buffalovascularcare.com/,+1 716-852-1977,Closed · Opens 8 am Wed,,https://lh3.googleusercontent.com/p/AF1QipMDXaDISQAde52lJzOICnGrxsUfYHrkEYryRcgO=w408-h272-k-no,true,8 am–4:30 pm,8 am–4:30 pm,8 am–4:30 pm,8 am–4:30 pm,Closed,Closed,8 am–4:30 pm,"https://www.google.com/maps/search/vein+clinics+in+East+Aurora+Buffalo+NY/@42.8869004,-78.8788896,14z",2025-12-16T22:03:51.867Z,,
https://www.google.com/maps/place/Chicago+Vein+Centers+-+Aurora/data=!4m7!3m6!1s0x880ef12efbe3e9cb:0xa676dac9d7f182b1!8m2!3d41.7302622!4d-88.2655085!16s%2Fg%2F11v4hypzlv!19sChIJy-nj-y7xDogRsYLx18nadqY,Chicago Vein Centers - Aurora,4.9,38,Medical clinic,"2088 Ogden Ave suite 210, Aurora, IL 60504, United States","PPJM+4Q Aurora, Illinois, USA",http://chicagoveincenter.com/,+1 630-360-5500,Closed · Opens 9 am Thu,,https://streetviewpixels-pa.googleapis.com/v1/thumbnail?panoid=ImaOcImaFoz_sIKlrlYS5g&cb_client=search.gws-prod.gps&w=408&h=240&yaw=101.86399&pitch=0&thumbfov=100,true,Closed,Closed,9 am–5 pm,Closed,8 am–2 pm,Closed,Closed,"https://www.google.com/maps/search/vein+clinics+in+East+Aurora+Buffalo+NY/@42.8869004,-78.8788896,14z",2025-12-16T22:03:56.873Z,,
https://www.google.com/maps/place/DiMarco+Vein+Centers/data=!4m7!3m6!1s0x89d2abb1bb64f42f:0xaf0775e66c262373!8m2!3d42.0982687!4d-79.3220526!16s%2Fg%2F11b6p9cw91!19sChIJL_Rku7Gr0okRcyMmbOZ1B68,DiMarco Vein Centers,3.7,6,Medical clinic,"69 E Fairmount Ave, Lakewood, NY 14750, United States","3MXH+85 Lakewood, New York, USA",https://www.dimarcoveincenter.com/,+1 716-699-1210,Closed · Opens 9 am Wed,,https://lh3.googleusercontent.com/p/AF1QipMFTZeIkqwLGB-6ULnjurKEq02kSlG7ebYa6NUC=w408-h270-k-no,true,9 am–5 pm,9 am–5 pm,9 am–5 pm,9 am–5 pm,9 am–5 pm,Closed,9 am–5 pm,"https://www.google.com/maps/search/vein+clinics+in+East+Aurora+Buffalo+NY/@42.8869004,-78.8788896,14z",2025-12-16T22:04:02.010Z,,
https://www.google.com/maps/place/William+Bevilacqua/data=!4m7!3m6!1s0x89d30f321c555555:0xf8d42a6f2caed6a6!8m2!3d42.8305559!4d-78.7819826!16s%2Fg%2F11rwxg7jzd!19sChIJVVVVHDIP04kRptauLG8q1Pg,William Bevilacqua,5.0,2,Vascular surgeon,"1900 Ridge Rd Suite 209, West Seneca, NY 14224, United States","R6J9+66 West Seneca, New York, USA",https://vascularassociateswny.com/profile/dr-william-bevilacqua/,+1 716-671-8393,,,https://streetviewpixels-pa.googleapis.com/v1/thumbnail?panoid=QUlQ3HMg8EoMI3Y60PSe7Q&cb_client=search.gws-prod.gps&w=408&h=240&yaw=107.582466&pitch=0&thumbfov=100,false,,,,,,,,"https://www.google.com/maps/search/vein+clinics+in+East+Aurora+Buffalo+NY/@42.8869004,-78.8788896,14z",2025-12-16T22:04:04.757Z,,
https://www.google.com/maps/place/Northtowns+Ambulatory+Surgery+Center/data=!4m7!3m6!1s0x89d373d1ae2ee58d:0xd8971b2a4055b7d6!8m2!3d42.9959498!4d-78.7798122!16s%2Fg%2F11zk3f5pg2!19sChIJjeUurtFz04kR1rdVQCobl9g,Northtowns Ambulatory Surgery Center,5.0,49,Surgical center,"111 N Maplemere Rd suite 170, Buffalo, NY 14221, United States","X6WC+93 Buffalo, New York, USA",https://northtownsasc.com/,+1 716-817-0450,"Closed · Opens 6 am Wed

Updated by this business 8 weeks ago",,https://lh3.googleusercontent.com/p/AF1QipPYu6Ofi8jOMXABFzJJZrCIEkW9japmlI0dV6Pj=w408-h272-k-no,true,6 am–4 pm,6 am–4 pm,6 am–4 pm,Closed,Closed,6 am–4 pm,6 am–4 pm,"https://www.google.com/maps/search/vein+clinics+in+North+Park+Buffalo+NY/@42.9517041,-78.8580815,14z",2025-12-16T22:04:19.364Z,,
https://www.google.com/maps/place/Primary+Care+of+Western+New+York/data=!4m7!3m6!1s0x89d36d3d7dbeff5d:0x32df4951b391f975!8m2!3d42.9598158!4d-78.8700198!16s%2Fg%2F11b76tvxnp!19sChIJXf--fT1t04kRdfmRs1FJ3zI,Primary Care of Western New York,2.9,90,Medical clinic,"2780 Delaware Ave # 201, Kenmore, NY 14217, United States","X45H+WX Kenmore, New York, USA",http://www.primarycarewny.com/,+1 716-839-8000,"Open · Closes 7 pm

Updated by others 9 weeks ago",,https://streetviewpixels-pa.googleapis.com/v1/thumbnail?panoid=MAM_HqmHfJXw8gr9g4pqgQ&cb_client=search.gws-prod.gps&w=408&h=240&yaw=20.44894&pitch=0&thumbfov=100,false,7 am–7 pm,7:30 am–7 pm,7 am–4:30 pm,7 am–4:30 pm,Closed,Closed,7 am–7 pm,"https://www.google.com/maps/search/vein+clinics+in+North+Park+Buffalo+NY/@42.9517041,-78.8580815,14z",2025-12-16T22:04:24.584Z,,
https://www.google.com/maps/place/MGM+Medical+-+Kenmore/data=!4m7!3m6!1s0x89d36d0056005aeb:0x6a0b8b6535fc6dba!8m2!3d42.9682578!4d-78.8710401!16s%2Fg%2F11x6ct7gng!19sChIJ61oAVgBt04kRum38NWWLC2o,MGM Medical - Kenmore,5.0,6,Medical spa,"3086 Delaware Ave, Buffalo, NY 14217, United States","X49H+8H Buffalo, New York, USA",http://mgm-medical.com/,+1 716-477-3495,Closed · Opens 8 am Wed,,https://streetviewpixels-pa.googleapis.com/v1/thumbnail?panoid=McRlfU9BQ8vr_cgVWoSv9w&cb_client=search.gws-prod.gps&w=408&h=240&yaw=255.63548&pitch=0&thumbfov=100,false,8 am–4 pm,8 am–4 pm,8 am–4 pm,8 am–4 pm,8 am–4 pm,8 am–4 pm,8 am–4 pm,"https://www.google.com/maps/search/vein+clinics+in+North+Park+Buffalo+NY/@42.9517041,-78.8580815,14z",2025-12-16T22:04:36.245Z,,
https://www.google.com/maps/place/Quest+Diagnostics/data=!4m7!3m6!1s0x89d36cd719a49a1d:0xa586404d630205bd!8m2!3d42.9502556!4d-78.8878793!16s%2Fg%2F11b6sf6fjk!19sChIJHZqkGdds04kRvQUCY01AhqU,Quest Diagnostics,3.3,58,Medical laboratory,"155 Lawn Ave, Buffalo, NY 14207, United States","X426+4R Buffalo, New York, USA",https://locations.questdiagnostics.com/ny/buffalo/155-lawn-ave,+1 716-877-1113,Closed · Opens 8 am Wed,,https://lh3.googleusercontent.com/gps-cs-s/AG0ilSzW-44AuVuNujqyRZzzjGhX6GlD36R5KXc3WqvpqwAbPo-v1c0ZLWP2Srlz44eUVofWkoyp5GFnrn1_Sjn4aEgARdqX7rEnG3n2rNd2GqLshHxAKxB5cfAowte3eocfNUIPE7M=w408-h306-k-no,true,8 am–4 pm,8 am–4 pm,8 am–4 pm,8 am–4 pm,Closed,Closed,8 am–4 pm,"https://www.google.com/maps/search/vein+clinics+in+North+Park+Buffalo+NY/@42.9517041,-78.8580815,14z",2025-12-16T22:04:41.148Z,,
https://www.google.com/maps/place/BUFFALO+SURGERY+CENTER/data=!4m7!3m6!1s0x89d373acf57fbff1:0x6a07f6fbe4188237!8m2!3d42.9768773!4d-78.790566!16s%2Fg%2F1tj2pf_h!19sChIJ8b9_9axz04kRN4IY5Pv2B2o,BUFFALO SURGERY CENTER,4.3,53,Surgical center,"3921 Sheridan Dr, Amherst, NY 14226, United States","X6G5+QQ Eggertsville, New York, USA",http://www.buffalosurgerycenter.com/,+1 716-250-6520,Closed · Opens 8 am Wed,,https://lh3.googleusercontent.com/gps-cs-s/AG0ilSzDNiKrJtDseBIRRBMvctD84VTFPvE0wf89EZApg9GBWO7GeCTZVM3Wloq4mYhxjNzWLleS3VUMvkOlLl50wZrHlRxneJSDXPBbfvEToYelVm8dGfP5qdQVVQDQGJo4Waoxs9ex=w408-h725-k-no,true,8 am–4 pm,8 am–4 pm,8 am–4 pm,8 am–4 pm,Closed,Closed,8 am–4 pm,"https://www.google.com/maps/search/vein+clinics+in+North+Park+Buffalo+NY/@42.9517041,-78.8580815,14z",2025-12-16T22:04:46.489Z,,
,,,,,,,,,,,,,,,,,,,,"https://www.google.com/maps/search/vein+clinics+in+Lower+West+Side+Buffalo+NY/@42.9029802,-78.8885015,14z",2025-12-16T22:05:03.180Z,No new results found,
https://www.google.com/maps/place/Windsong+Williamsville/data=!4m7!3m6!1s0x89d37458813d23cf:0xcbfc905bf3ae8770!8m2!3d42.964556!4d-78.7166553!16s%2Fg%2F1tg4mc27!19sChIJzyM9gVh004kRcIeu81uQ_Ms,Windsong Williamsville,4.6,2823,Medical Center,"55 Spindrift Dr, Williamsville, NY 14221, United States","X77M+R8 Williamsville, New York, USA",https://windsongwny.com/locations/williamsville-ny/,+1 716-631-2500,Open · Closes 8 pm,,https://lh3.googleusercontent.com/gps-cs-s/AG0ilSzS-OQCyBAa1IDsdTn4GN_ODpJ7qa6NVWdfPelOrBj8JG8uJKYCJTYP31dkCHRfdjn-LfwCngTwY3kcK37hZx_E-bFXpD-NArwNSfZDl5uBsoUUhF77gDkxC2lS7ecuo8DNEtyh8Q=w426-h240-k-no,true,7 am–8 pm,7 am–8 pm,7 am–8 pm,7 am–5 pm,7 am–3:30 pm,7 am–3:30 pm,7 am–8 pm,"https://www.google.com/maps/search/vein+clinics+in+Williamsville+Buffalo+NY/@42.963947,-78.7378091,14z",2025-12-16T22:05:17.344Z,,
https://www.google.com/maps/place/Healthy+Complexions+Spa+by+Western+New+York+Dermatology/data=!4m7!3m6!1s0x89d374f0c15ed709:0x31c3ca61539d82c!8m2!3d42.9582712!4d-78.7154627!16s%2Fg%2F11c6dfx6tl!19sChIJCddewfB004kRLNg5FaY8HAM,Healthy Complexions Spa by Western New York Dermatology,4.9,581,Medical spa,"297 Spindrift Dr, Buffalo, NY 14221, United States","X75M+8R Buffalo, New York, USA",http://healthycomplexionsspa.com/?utm_source=gmb&utm_medium=organic,+1 716-300-1444,"Closes soon · 6 pm · Opens 8 am Wed

Updated by this business 10 weeks ago",LGBTQ+ friendly,https://lh3.googleusercontent.com/p/AF1QipPUGm0uZxQ1x__-bM70UG6dSRs-4_Fu4s5olUk=w426-h240-k-no,true,8 am–6 pm,8 am–6 pm,8 am–6 pm,8 am–6 pm,Closed,Closed,8 am–6 pm,"https://www.google.com/maps/search/vein+clinics+in+Williamsville+Buffalo+NY/@42.963947,-78.7378091,14z",2025-12-16T22:05:22.557Z,,
https://www.google.com/maps/place/Selora+Med+Spa+LLC/data=!4m7!3m6!1s0x89d37523c4fb5c53:0xc6ef6b0d8dbe111!8m2!3d42.9646421!4d-78.7364355!16s%2Fg%2F11xgh0nv92!19sChIJU1z7xCN104kREeHb2LD2bgw,Selora Med Spa LLC,5.0,49,Medical spa,"5820 Main St Suite 101, Williamsville, NY 14221, United States","X777+VC Williamsville, New York, USA",https://seloramedspa.com/,+1 716-631-5525,"Closed · Opens 8:30 am Wed

Updated by this business 6 days ago",,https://lh3.googleusercontent.com/p/AF1QipPqfFc9KyaEo8Q3sMC0F44seH8AkeIK875gtgeV=w408-h544-k-no,true,8:30 am–4:30 pm,8:30 am–4:30 pm,10 am–6 pm,8:30 am–4:30 pm,Closed,Closed,8:30 am–4:30 pm,"https://www.google.com/maps/search/vein+clinics+in+Williamsville+Buffalo+NY/@42.963947,-78.7378091,14z",2025-12-16T22:05:27.593Z,,
"https://www.google.com/maps/place/Blessios+Medical/@42.9583798,-78.7261365,17z/data=!3m1!4b1!4m6!3m5!1s0x89d3757af59f700d:0xa93a07f9540a92c!8m2!3d42.9583798!4d-78.7261365!16s%2Fg%2F11jcjynx0g",Blessios Medical,5.0,1,Surgical center,"100 College Pkwy #120, Williamsville, NY 14221, United States","X75F+9G Williamsville, New York, USA",http://blessiosmedical.com/,+1 716-822-2400,,,,false,,,,,,,,"https://www.google.com/maps/search/vein+clinics+in+Williamsville+Buffalo+NY/@42.963947,-78.7378091,14z",2025-12-16T22:05:32.517Z,,
https://www.google.com/maps/place/Belle+Vous+Restorative+Aesthetics/data=!4m7!3m6!1s0x89d37f3f1a195563:0xddbc3643ad280601!8m2!3d42.9616774!4d-78.7470547!16s%2Fg%2F11rtqcc90v!19sChIJY1UZGj9_04kRAQYorUM2vN0,Belle Vous Restorative Aesthetics,5.0,28,Medical spa,"25 S Cayuga Rd, Williamsville, NY 14221, United States","X763+M5 Williamsville, New York, USA",https://thebellevous.com/?utm_source=google&utm_medium=organic&utm_campaign=gbp,+1 716-201-0686,,LGBTQ+ friendly,https://lh3.googleusercontent.com/p/AF1QipNSeq8oPiA8fiYcZb_zCRMQyZdTRjj26SN7YSzj=w408-h273-k-no,true,,,,,,,,"https://www.google.com/maps/search/vein+clinics+in+Williamsville+Buffalo+NY/@42.963947,-78.7378091,14z",2025-12-16T22:05:35.421Z,,
https://www.google.com/maps/place/Bel+Viso+Skin+Studio/data=!4m7!3m6!1s0x89d374711492e05b:0xe9eb3a87099c6653!8m2!3d42.9625392!4d-78.6972705!16s%2Fg%2F11b6gf63rr!19sChIJW-CSFHF004kRU2acCYc66-k,Bel Viso Skin Studio,5.0,103,Facial spa,"7158 Transit Rd, Williamsville, NY 14221, United States","X873+23 Williamsville, New York, USA",http://www.belvisoskinstudio.com/,+1 716-570-5950,Open · Closes 7 pm,Identifies as women-owned,https://lh3.googleusercontent.com/p/AF1QipNLzW--btFHy4KNns5O631xqBd9sPO9XtzSqlo=w408-h612-k-no,true,10 am–7 pm,10 am–6 pm,10 am–6 pm,9 am–4 pm,9 am–2 pm,Closed,Closed,"https://www.google.com/maps/search/vein+clinics+in+Williamsville+Buffalo+NY/@42.963947,-78.7378091,14z",2025-12-16T22:05:40.364Z,,
https://www.google.com/maps/place/IL+MULINO+-+Aesthetics+-+Williamsville/data=!4m7!3m6!1s0x89d37595c8ccf2b7:0x24fc5dc9ee95a623!8m2!3d42.9618508!4d-78.6886667!16s%2Fg%2F11rw7fvy0k!19sChIJt_LMyJV104kRI6aV7sld_CQ,IL MULINO - Aesthetics - Williamsville,5.0,125,Medical spa,"8207 Main St #14, Buffalo, NY 14221, United States","X866+PG Buffalo, New York, USA",https://www.ilmulinoaesthetics.com/,+1 716-954-3122,Closes soon · 6 pm · Opens 10 am Wed,,https://lh3.googleusercontent.com/p/AF1QipMD8y423bePKPrC3W6BzucCuYe0Tj_wHJx3Zdns=w408-h408-k-no,true,10 am–6 pm,10 am–6 pm,10 am–6 pm,10 am–6 pm,9 am–2 pm,Closed,Closed,"https://www.google.com/maps/search/vein+clinics+in+Williamsville+Buffalo+NY/@42.963947,-78.7378091,14z",2025-12-16T22:05:45.397Z,,
https://www.google.com/maps/place/Advanced+Aesthetics+Medical+Spa/data=!4m7!3m6!1s0x405bceaedbfc00eb:0x69a82a003269e7d1!8m2!3d42.9766857!4d-78.7386219!16s%2Fg%2F1tf251s5!19sChIJ6wD8267OW0AR0edpMgAqqGk,Advanced Aesthetics Medical Spa,4.4,45,Medical spa,"5225 Sheridan Dr, Williamsville, NY 14221, United States","X7G6+MH Williamsville, New York, USA",http://www.advanceyourbeauty.com/,+1 716-633-8888,Closes soon · 6 pm · Opens 8 am Wed,,https://lh3.googleusercontent.com/p/AF1QipO0z9ilQw-hg2QQwJT3a6ToAuTxJjRBgndvNsKQ=w414-h240-k-no,true,8 am–6 pm,8 am–6 pm,8 am–6 pm,9 am–2 pm,Closed,Closed,8 am–6 pm,"https://www.google.com/maps/search/vein+clinics+in+Williamsville+Buffalo+NY/@42.963947,-78.7378091,14z",2025-12-16T22:05:50.415Z,,
https://www.google.com/maps/place/Spa+400/data=!4m7!3m6!1s0x89d3746600f53733:0x2639e786fb437c9!8m2!3d42.9749564!4d-78.7302561!16s%2Fg%2F1wcxf24q!19sChIJMzf1AGZ004kRyTe0b3ieYwI,Spa 400,4.7,258,Medical spa,"400 International Dr, Williamsville, NY 14221, United States","X7F9+XV Williamsville, New York, USA",http://spa400.com/,+1 716-631-1516,Open · Closes 7 pm,,https://lh3.googleusercontent.com/p/AF1QipNzhyiath8B8UE9WnxcRfm1JuW8SqLZpQ2t0aE4=w408-h306-k-no,true,9 am–7 pm,9 am–7 pm,9 am–7 pm,9 am–6 pm,9 am–4 pm,Closed,9 am–7 pm,"https://www.google.com/maps/search/vein+clinics+in+Williamsville+Buffalo+NY/@42.963947,-78.7378091,14z",2025-12-16T22:05:55.693Z,,
https://www.google.com/maps/place/Smooth+Solutions+Medical+Aesthetics/data=!4m7!3m6!1s0x89d374887e519f9f:0x35af7e0acc54cb1!8m2!3d42.9639501!4d-78.7361574!16s%2Fg%2F1tcwxq4q!19sChIJn59Rfoh004kRsUzFrOD3WgM,Smooth Solutions Medical Aesthetics,4.9,110,Medical spa,"5839 Main St #102, Williamsville, NY 14221, United States","X777+HG Williamsville, New York, USA",https://www.smoothsolutionsmed.com/,+1 716-633-6100,"Closes soon · 6 pm · Opens 10 am Wed

Confirmed by this business 5 weeks ago",,https://lh3.googleusercontent.com/gps-cs-s/AG0ilSzVpWRuJbZgCmn5Tq31k9zbJPurHLVKED5Win4AO7Il1bh3VmlgZhsc2Mz0jXjYeWNTk-_Ahtk2rAA4m-m2wSpJ7vtZR6Crr99wnuPV9z3XxGbrCA-ZgKDid-slPP74usnfg8Vd_r9mNXNp=w426-h240-k-no,true,10 am–6 pm,10 am–6 pm,11:15 am–6 pm,10 am–4 pm,Closed,Closed,10 am–4 pm,"https://www.google.com/maps/search/vein+clinics+in+Williamsville+Buffalo+NY/@42.963947,-78.7378091,14z",2025-12-16T22:06:00.668Z,,
https://www.google.com/maps/place/Hairless+Electrolysis+LLC+and+Esthetics/data=!4m7!3m6!1s0x89d3735254cc7dff:0x5eb96b2a19e99e05!8m2!3d42.963182!4d-78.7481155!16s%2Fg%2F11rhy63klt!19sChIJ_33MVFJz04kRBZ7pGSpruV4,Hairless Electrolysis LLC and Esthetics,4.8,30,Electrolysis hair removal service,"5500 Main St #306, Williamsville, NY 14221, United States","X772+7Q Williamsville, New York, USA",,+1 716-536-7558,Open · Closes 7 pm,LGBTQ+ friendly,https://lh3.googleusercontent.com/p/AF1QipM1HTR5wXHzb-LhA_EdNNQctDH46wH0AUO6zG8D=w408-h544-k-no,true,10 am–7 pm,10 am–7 pm,10 am–7 pm,Closed,Closed,Closed,10 am–7 pm,"https://www.google.com/maps/search/vein+clinics+in+Williamsville+Buffalo+NY/@42.963947,-78.7378091,14z",2025-12-16T22:06:05.719Z,,
"https://www.google.com/maps/place/WNY+Plastic+Surgery:+Andrew+P.+Giacobbe,+MD,+FACS/data=!4m7!3m6!1s0x89d31b09229139eb:0xe806cbc8cd3aefd4!8m2!3d42.9791747!4d-78.7389329!16s%2Fg%2F1td18txs!19sChIJ6zmRIgkb04kR1O86zcjLBug","WNY Plastic Surgery: Andrew P. Giacobbe, MD, FACS",4.7,145,Plastic surgeon,"7 Hopkins Rd, Williamsville, NY 14221, United States","X7H6+MC Williamsville, New York, USA",https://www.wnyplasticsurgery.com/?utm_source=google&utm_medium=local&utm_campaign=williamsville-practice-website,+1 716-634-5555,Closed · Opens 9 am Wed,,https://lh3.googleusercontent.com/p/AF1QipNodLFcrVD7VWQLN7RVaveZS7u59YOhLERVTuzJ=w408-h293-k-no,true,9 am–5 pm,9 am–5 pm,9 am–5 pm,9 am–5 pm,Closed,Closed,9 am–5 pm,"https://www.google.com/maps/search/vein+clinics+in+Williamsville+Buffalo+NY/@42.963947,-78.7378091,14z",2025-12-16T22:06:10.679Z,,
https://www.google.com/maps/place/Medical+Spa+Buffalo+-+Williamsville/data=!4m7!3m6!1s0x89d3757ebaec1e3f:0x102970df5d9e7963!8m2!3d42.965648!4d-78.7128961!16s%2Fg%2F11x6zgz1rw!19sChIJPx7sun5104kRY3meXd9wKRA,Medical Spa Buffalo - Williamsville,5.0,32,Medical spa,"6461 Main St, Williamsville, NY 14221, United States","X78P+7R Williamsville, New York, USA",https://medicalspabuffalo.com/,+1 716-617-8487,Closed · Opens 7 am Wed,LGBTQ+ friendly,https://streetviewpixels-pa.googleapis.com/v1/thumbnail?panoid=_8Kyt6EIdpVmjpsHhpegzw&cb_client=search.gws-prod.gps&w=408&h=240&yaw=201.43394&pitch=0&thumbfov=100,true,Closed,7–10 am,Closed,3–7 pm,12–5 pm,Closed,7–10 am,"https://www.google.com/maps/search/vein+clinics+in+Williamsville+Buffalo+NY/@42.963947,-78.7378091,14z",2025-12-16T22:06:15.782Z,,
"https://www.google.com/maps/place/Paul+Anain,+MD/data=!4m7!3m6!1s0x89d3747acf9fcf4d:0x8fdf415cae1b38e6!8m2!3d42.973145!4d-78.7369045!16s%2Fg%2F1jkz7gf1d!19sChIJTc-fz3p004kR5jgbrlxB348","Paul Anain, MD",5.0,7,Vascular surgeon,"325 Essjay Rd, Williamsville, NY 14221, United States","X7F7+76 Williamsville, New York, USA",http://buffalomedicalgroup.com/staff/paul-anain-m-d/,+1 716-630-1098,Closed · Opens 8 am Wed,,https://streetviewpixels-pa.googleapis.com/v1/thumbnail?panoid=h-WYPWFHU-z6peDDs4y8KQ&cb_client=search.gws-prod.gps&w=408&h=240&yaw=94.85085&pitch=0&thumbfov=100,true,8 am–4:30 pm,8 am–4:30 pm,8 am–4:30 pm,8 am–4:30 pm,Closed,Closed,8 am–4:30 pm,"https://www.google.com/maps/search/vein+clinics+in+Williamsville+Buffalo+NY/@42.963947,-78.7378091,14z",2025-12-16T22:06:20.909Z,,
https://www.google.com/maps/place/UBMD+Surgery+at+Conventus/data=!4m7!3m6!1s0x89d313bc8f9b1417:0xffd928f11e030d05!8m2!3d42.9009151!4d-78.8688731!16s%2Fg%2F11g2_m5h1y!19sChIJFxSbj7wT04kRBQ0DHvEo2f8,UBMD Surgery at Conventus,,,Surgical center,"1001 Main St, Buffalo, NY 14203, United States","W42J+9F Buffalo, New York, USA",http://www.ubmdsurgery.com/,+1 716-859-2700,Closed · Opens 8 am Wed,,https://lh3.googleusercontent.com/p/AF1QipMvRC6hiHOADzjcu0HxayiepNsYPKTLE_celLBS=w455-h240-k-no,true,8 am–5 pm,8 am–5 pm,8 am–5 pm,8 am–5 pm,Closed,Closed,8 am–5 pm,"https://www.google.com/maps/search/vein+clinics+in+Clarence+Center+Buffalo+NY/@42.8869004,-78.8788896,14z",2025-12-16T22:06:36.246Z,,
https://www.google.com/maps/place/My+Health+360/data=!4m7!3m6!1s0x89d39f1bb89c5a83:0xdc60945d77b5b77!8m2!3d42.973676!4d-78.6313181!16s%2Fg%2F11j2p95hvg!19sChIJg1qcuBuf04kRd1t710UJxg0,My Health 360,4.7,81,Medical spa,"9650 Main St Suite 1, Clarence, NY 14031, United States","X9F9+FF Clarence, New York, USA",https://www.myhealth360wellness.com/,+1 716-407-3250,Closes soon · 6 pm · Opens 10:30 am Wed,Identifies as women-owned,https://lh3.googleusercontent.com/p/AF1QipPtNBPRfyvODkebf0SvS4-XceUvWsticWZWF7ng=w408-h612-k-no,true,10:30 am–6 pm,10:30 am–6 pm,10:30 am–6 pm,Closed,12–5 pm,Closed,10:30 am–6 pm,"https://www.google.com/maps/search/vein+clinics+in+Clarence+Center+Buffalo+NY/@42.8869004,-78.8788896,14z",2025-12-16T22:06:48.040Z,,
https://www.google.com/maps/place/Dr.+Buffalo/data=!4m7!3m6!1s0x89d39e3f1ea6d06d:0x6a114c719db93083!8m2!3d42.9725573!4d-78.6366075!16s%2Fg%2F11cn9mf7hp!19sChIJbdCmHj-e04kRgzC5nXFMEWo,Dr. Buffalo,4.9,102,Medical spa,"9500 Main St # 400, Clarence, NY 14031, United States","X9F7+29 Clarence, New York, USA",https://doctorbuffalo.com/,+1 716-320-5000,Closes soon · 6 pm · Opens 9 am Wed,,https://lh3.googleusercontent.com/p/AF1QipMsiE1LMN56RbgV3iZFpbgbJBPTEdABN5e8Hzrl=w427-h240-k-no,true,9 am–6 pm,9 am–8 pm,9 am–8 pm,9 am–6 pm,9 am–2 pm,Closed,Closed,"https://www.google.com/maps/search/vein+clinics+in+Clarence+Center+Buffalo+NY/@42.8869004,-78.8788896,14z",2025-12-16T22:06:53.041Z,,
https://www.google.com/maps/place/The+Jacobs+Institute/data=!4m7!3m6!1s0x89d3125f3329545b:0xf98630cc33a638ab!8m2!3d42.9015395!4d-78.8660426!16s%2Fg%2F1tkspbgj!19sChIJW1QpM18S04kRqzimM8wwhvk,The Jacobs Institute,5.0,8,Non-profit organization,"875 Ellicott St 5th floor, Buffalo, NY 14203, United States","W42M+JH Buffalo, New York, USA",http://www.jacobsinstitute.org/,+1 716-888-4800,"Closed · Opens 8 am Wed

Confirmed by this business 3 weeks ago",,https://lh3.googleusercontent.com/p/AF1QipMKRXjxzHSswQksesPCeqC3fpTsWXVryvSlktxa=w408-h306-k-no,true,8 am–5 pm,8 am–5 pm,8 am–5 pm,8 am–5 pm,Closed,Closed,8 am–5 pm,"https://www.google.com/maps/search/vein+clinics+in+Clarence+Center+Buffalo+NY/@42.8869004,-78.8788896,14z",2025-12-16T22:06:58.192Z,,
"https://www.google.com/maps/place/Dr.+Maciej+L.+Dryjski,+MD/data=!4m7!3m6!1s0x89d312e98998e867:0x5d710a93718d3893!8m2!3d42.9011482!4d-78.8645709!16s%2Fg%2F1tf_tvlc!19sChIJZ-iYiekS04kRkziNcZMKcV0","Dr. Maciej L. Dryjski, MD",4.0,3,Vascular surgeon,"100 High St, Buffalo, NY 14203, United States","W42P+F5 Buffalo, New York, USA",,+1 716-859-4223,,,https://streetviewpixels-pa.googleapis.com/v1/thumbnail?panoid=D4eIU8Hqh01HudMR8sX_tQ&cb_client=search.gws-prod.gps&w=408&h=240&yaw=60.11559&pitch=0&thumbfov=100,false,,,,,,,,"https://www.google.com/maps/search/vein+clinics+in+Deleware+District+Buffalo+NY/@42.8869004,-78.8788896,14z",2025-12-16T22:07:10.945Z,,
https://www.google.com/maps/place/The+Clinic+of+Facial+Plastic+Surgery/data=!4m7!3m6!1s0x89d312e9473251d1:0x48ce13b513a2746d!8m2!3d42.9175449!4d-78.8681193!16s%2Fg%2F1th5_sr8!19sChIJ0VEyR-kS04kRbXSiE7UTzkg,The Clinic of Facial Plastic Surgery,4.8,115,Plastic surgeon,"1237 Delaware Ave, Buffalo, NY 14209, United States","W49J+2Q Buffalo, New York, USA",https://www.drsherris.com/locations/buffalo-office/,+1 716-317-5739,Closed · Opens 8:30 am Wed,LGBTQ+ friendly,https://lh3.googleusercontent.com/p/AF1QipNtsSR-AJBEF9dpHCuX29LF16VOhTfWSqY2KobV=w426-h240-k-no,true,"8:30 am–12 pm, 1:30–4:30 pm","8:30 am–12 pm, 1:30–4:30 pm","8:30 am–12 pm, 1:30–4:30 pm","8:30 am–12 pm, 1:30–4:30 pm",Closed,Closed,"8:30 am–12 pm, 1:30–4:30 pm","https://www.google.com/maps/search/vein+clinics+in+Deleware+District+Buffalo+NY/@42.8869004,-78.8788896,14z",2025-12-16T22:07:15.912Z,,
https://www.google.com/maps/place/Quest+Diagnostics/data=!4m7!3m6!1s0x89d31250e89fdd0f:0xcb51ca1ff97a6260!8m2!3d42.8964991!4d-78.8744011!16s%2Fg%2F11b6sbtwfb!19sChIJD92f6FAS04kRYGJ6-R_KUcs,Quest Diagnostics,3.2,150,Medical laboratory,"455 Delaware Ave, Buffalo, NY 14202, United States","V4WG+H6 Buffalo, New York, USA",https://locations.questdiagnostics.com/ny/buffalo/455-delaware-ave,+1 716-855-2131,Closed · Opens 6:30 am Wed,,https://lh3.googleusercontent.com/p/AF1QipOrgHISQCZOe5tMnMho6FxIU9iFC-2saQ0TLQOM=w426-h240-k-no,true,6:30 am–2:30 pm,6:30 am–2:30 pm,6:30 am–2:30 pm,6:30 am–2:30 pm,6–11 am,Closed,6:30 am–2:30 pm,"https://www.google.com/maps/search/vein+clinics+in+Deleware+District+Buffalo+NY/@42.8869004,-78.8788896,14z",2025-12-16T22:07:20.956Z,,
https://www.google.com/maps/place/Delaware+Advanced+Vein+Center/data=!4m7!3m6!1s0x89c700e4e72143bd:0x2140b27f7dca7e60!8m2!3d39.6908515!4d-75.6758076!16s%2Fg%2F1tlqqyvd!19sChIJvUMh5-QAx4kRYH7KfX-yQCE,Delaware Advanced Vein Center,4.8,123,Medical Center,"40 Omega Dr Bldg G, Newark, DE 19713, United States","M8RF+8M Newark, Delaware, USA",http://www.delawareadvancedveincenter.com/,+1 302-731-0001,Closed · Opens 8 am Wed,,https://lh3.googleusercontent.com/p/AF1QipOXbRXLZAGc1W6-kb1zxZyIK5IbVbcDgiK3gpIR=w426-h240-k-no,true,8 am–5 pm,8 am–5 pm,8 am–5 pm,8 am–5 pm,Closed,Closed,8 am–5 pm,"https://www.google.com/maps/search/vein+clinics+in+Deleware+District+Buffalo+NY/@42.8869004,-78.8788896,14z",2025-12-16T22:07:32.884Z,,
,,,,,,,,,,,,,,,,,,,,"https://www.google.com/maps/search/vein+clinics+in+Kenmore+Buffalo+NY/@42.9658907,-78.870036,14z",2025-12-16T22:07:41.145Z,No new results found,
https://www.google.com/maps/place/ABLC+-+Advanced+Body+%26+Laser+Center/data=!4m7!3m6!1s0x89d3694d4cfffb19:0xe930961e2be19ba3!8m2!3d42.9634878!4d-78.802986!16s%2Fg%2F11hcqs_thm!19sChIJGfv_TE1p04kRo5vhKx6WMOk,ABLC - Advanced Body & Laser Center,4.9,80,Health and beauty shop,"3969 Main St, Buffalo, NY 14226, United States","X57W+9R Buffalo, New York, USA",http://ablc.me/,+1 716-628-7649,Closes soon · 6 pm · Opens 9 am Wed,Identifies as veteran-owned,https://lh3.googleusercontent.com/p/AF1QipOZSqIY1Ed24zbRHDtUvF2kcf3vtjwsxuRJIZEw=w426-h240-k-no,true,9 am–6 pm,9 am–6 pm,9 am–6 pm,9 am–6 pm,Closed,12–3 pm,9 am–6 pm,"https://www.google.com/maps/search/vein+clinics+in+Black+Rock+Buffalo+NY/@42.9370654,-78.8934762,14z",2025-12-16T22:07:56.058Z,,
"https://www.google.com/maps/place/Niagara+Dermatology+Associates,+LLC/data=!4m7!3m6!1s0x89d36d3d7c986561:0xa6738c6439123571!8m2!3d42.9599749!4d-78.8698997!16s%2Fg%2F11f4ll5cxx!19sChIJYWWYfD1t04kRcTUSOWSMc6Y","Niagara Dermatology Associates, LLC",2.6,49,Skin care clinic,"2780 Delaware Ave suite 204, Buffalo, NY 14216, United States","X45J+X2 Buffalo, New York, USA",https://www.niagaradermatology.com/,+1 716-205-8324,Closed · Opens 9 am Wed,,https://lh3.googleusercontent.com/gps-cs-s/AG0ilSw2YPF9ZD2vcdZDBW-y61rHZ_gf9sF7V0QDNyvPGfGV5uVojkD5O898CqDAMALFM-GUTDBxpNA0dgsk711xOX5yeab3jlM_4dy1iLSyXqO7P2qRAjp1vRfKgsdBiK2N81WiWPj8Ig=w408-h544-k-no,true,9 am–5 pm,9 am–5 pm,9 am–5 pm,Closed,Closed,Closed,Closed,"https://www.google.com/maps/search/vein+clinics+in+Black+Rock+Buffalo+NY/@42.9370654,-78.8934762,14z",2025-12-16T22:08:00.997Z,,
,,,,,,,,,,,,,,,,,,,,"https://www.google.com/maps/search/vein+clinics+in+Central+Park+Buffalo+NY/@42.944165,-78.8425112,14z",2025-12-16T22:08:25.502Z,No new results found,
,,,,,,,,,,,,,,,,,,,,"https://www.google.com/maps/search/vein+clinics+in+University+Heights+Buffalo+NY/@42.9539511,-78.8198591,14z",2025-12-16T22:08:35.098Z,No new results found,
https://www.google.com/maps/place/Fresh+Complexion/data=!4m7!3m6!1s0x89d375c343438671:0x4d4e70902c13691!8m2!3d42.97549!4d-78.7011886!16s%2Fg%2F11rzpqqz73!19sChIJcYZDQ8N104kRkTbBAgnn1AQ,Fresh Complexion,5.0,52,Skin care clinic,"6245 Sheridan Dr, Buffalo, NY 14221, United States","X7GX+5G Buffalo, New York, USA",https://www.myfreshcomplexion.com/,+1 716-458-0064,Closed · Opens 10 am Wed,LGBTQ+ friendly,https://lh3.googleusercontent.com/p/AF1QipOctYkC8q_dVxPPdT5BVPxUdYT774FLP_KBYuqk=w408-h306-k-no,true,10 am–5 pm,10 am–5 pm,10 am–6 pm,10 am–6 pm,10 am–6 pm,Closed,10 am–5 pm,"https://www.google.com/maps/search/vein+clinics+in+Harris+Hill+Buffalo+NY/@42.9686623,-78.6771593,14z",2025-12-16T22:08:50.144Z,,
https://www.google.com/maps/place/Timeless+Solutions+MedSpa/data=!4m7!3m6!1s0x89d375e3b1313943:0x3e003160639777d0!8m2!3d42.9558911!4d-78.6791859!16s%2Fg%2F11m65v0wx6!19sChIJQzkxseN104kR0HeXY2AxAD4,Timeless Solutions MedSpa,5.0,1,Medical spa,"2801 Wehrle Dr #3A, Buffalo, NY 14221, United States","X84C+98 Buffalo, New York, USA",http://www.timelesssolutions.net/,+1 716-575-6222,"Open · Closes 8 pm

Updated by this business 2 weeks ago",LGBTQ+ friendly,https://lh3.googleusercontent.com/p/AF1QipNkrJzi0FFbNn-wbh3aJkfA3h8vvns6Hc2fj1oa=w408-h306-k-no,true,9 am–8 pm,9 am–8 pm,9 am–8 pm,9 am–3 pm,10 am–2 pm,Closed,9 am–5 pm,"https://www.google.com/maps/search/vein+clinics+in+Harris+Hill+Buffalo+NY/@42.9686623,-78.6771593,14z",2025-12-16T22:08:55.078Z,,
"https://www.google.com/maps/place/George+A.+Blessios,+MD,+PhD,+FACS/@42.9583798,-78.7261365,17z/data=!3m1!4b1!4m6!3m5!1s0x89d30e729923900d:0xa263f48869f3f8ff!8m2!3d42.9583798!4d-78.7261365!16s%2Fg%2F11b6sntwm7","George A. Blessios, MD, PhD, FACS",4.0,4,Surgeon,"100 College Pkwy, Buffalo, NY 14221, United States","X75F+9G Buffalo, New York, USA",,+1 716-822-2400,Closed · Opens 8 am Wed,,,false,8 am–3:30 pm,8 am–3:30 pm,8 am–3:30 pm,8 am–3:30 pm,Closed,Closed,8 am–3:30 pm,"https://www.google.com/maps/search/vein+clinics+in+Harris+Hill+Buffalo+NY/@42.9686623,-78.6771593,14z",2025-12-16T22:09:02.136Z,,
https://www.google.com/maps/place/Buffalo+Regenerative+Medicine/data=!4m7!3m6!1s0x89d3753c724860a7:0xea0c74cc98ede9df!8m2!3d42.9583211!4d-78.7262183!16s%2Fg%2F11rtt23nq3!19sChIJp2BIcjx104kR3-ntmMx0DOo,Buffalo Regenerative Medicine,5.0,33,Medical Center,"100 College Pkwy #100, Williamsville, NY 14221, United States","X75F+8G Williamsville, New York, USA",http://buffaloregenerativemed.com/,+1 716-544-0850,Closed · Opens 9 am Wed,,https://streetviewpixels-pa.googleapis.com/v1/thumbnail?panoid=FWdFfpc_rlZpd-zrIufdOA&cb_client=search.gws-prod.gps&w=408&h=240&yaw=28.53278&pitch=0&thumbfov=100,true,9 am–5 pm,9 am–5 pm,9 am–5 pm,9 am–5 pm,Closed,Closed,9 am–5 pm,"https://www.google.com/maps/search/vein+clinics+in+Harris+Hill+Buffalo+NY/@42.9686623,-78.6771593,14z",2025-12-16T22:09:07.425Z,,
"https://www.google.com/maps/place/J.+Dana+Dunleavy,+MD/data=!4m7!3m6!1s0x89d37458816953b9:0xeb1f4b8f336ece91!8m2!3d42.9591552!4d-78.705357!16s%2Fg%2F11b8_r6140!19sChIJuVNpgVh004kRkc5uM49LH-s","J. Dana Dunleavy, MD",3.5,4,Radiologist,"50 George Karl Blvd, Williamsville, NY 14221, United States","X75V+MV Williamsville, New York, USA",https://www.ubns.com/group-expertise/interventional-radiology/?utm_source=google&utm_medium=organic&utm_campaign=gbp&utm_content=dana-dunleavy&utm_term=50-george-karl-blvd,+1 716-218-1000,Closed · Opens 6 am Fri,LGBTQ+ friendly,https://lh3.googleusercontent.com/p/AF1QipPaG7Kvx_6JJvFx0tJapkY8VbksNexuwWha-zUR=w408-h272-k-no,true,Closed,Closed,Closed,6 am–6 pm,Closed,Closed,6 am–6 pm,"https://www.google.com/maps/search/vein+clinics+in+Harris+Hill+Buffalo+NY/@42.9686623,-78.6771593,14z",2025-12-16T22:09:12.337Z,,
https://www.google.com/maps/place/Windsong+Breast+Care/data=!4m7!3m6!1s0x89d37458816953b9:0x72328c504053f676!8m2!3d42.9642318!4d-78.7167086!16s%2Fg%2F11cm0l60ts!19sChIJuVNpgVh004kRdvZTQFCMMnI,Windsong Breast Care,3.9,7,Cancer treatment center,"55 Spindrift Dr Suite 220, Williamsville, NY 14221, United States","X77M+M8 Williamsville, New York, USA",http://windsongbreastcare.com/,+1 716-626-6300,Closed · Opens 8 am Wed,,https://lh3.googleusercontent.com/p/AF1QipOqH3DpLMaZwizkWvOUJfItCy8-lxdPxkutlzJY=w408-h306-k-no,true,8 am–4 pm,8 am–4 pm,8 am–4 pm,8 am–4 pm,Closed,Closed,8 am–4 pm,"https://www.google.com/maps/search/vein+clinics+in+Harris+Hill+Buffalo+NY/@42.9686623,-78.6771593,14z",2025-12-16T22:09:17.408Z,,
"https://www.google.com/maps/place/Buffalo+Vascular+Care/@42.9039476,-78.6922515,14z/data=!4m6!3m5!1s0x89d3125f3329545b:0xdf474966fa554c60!8m2!3d42.9284172!4d-78.6963314!16s%2Fg%2F1tlc913g",Buffalo Vascular Care,4.6,95,Vascular surgeon,"6337 Transit Rd, Depew, NY 14043, United States","W8H3+9F Depew, New York, USA",https://buffalovascularcare.com/,+1 716-852-1977,Closed · Opens 8 am Wed,,https://lh3.googleusercontent.com/p/AF1QipOBpY_2RHUxxl_1o2V6zIhJHFMTesw_s1UZifhv=w408-h271-k-no,true,8 am–4:30 pm,8 am–4:30 pm,8 am–4:30 pm,8 am–4:30 pm,Closed,Closed,8 am–4:30 pm,"https://www.google.com/maps/search/vein+clinics+in+Depew+Buffalo+NY/@42.9039476,-78.6922515,14z",2025-12-16T22:09:32.577Z,Already found,
,,,,,,,,,,,,,,,,,,,,"https://www.google.com/maps/search/vein+clinics+in+Elma+Center+Buffalo+NY/@42.8297815,-78.636138,14z",2025-12-16T22:09:49.171Z,No new results found,
,,,,,,,,,,,,,,,,,,,,"https://www.google.com/maps/search/vein+clinics+in+First+Ward+Buffalo+NY/@42.8667312,-78.8623275,14z",2025-12-16T22:09:57.685Z,No new results found,
"https://www.google.com/maps/place/BVC+Wound+Care+%26+Hyperbaric+Medicine/@42.9268754,-78.695977,17z/data=!3m1!4b1!4m6!3m5!1s0x89d375e989dcd831:0x8fedd3e991bc9cc6!8m2!3d42.9268754!4d-78.695977!16s%2Fg%2F11tk8_92_7",BVC Wound Care & Hyperbaric Medicine,4.8,19,Radiologist,"6301 Transit Rd Suite B, Depew, NY 14043, United States","W8G3+QJ Depew, New York, USA",https://bvcwoundcare.com/,+1 716-469-6863,Closed · Opens 8 am Wed,,,true,8 am–5 pm,8 am–5 pm,8 am–5 pm,8 am–5 pm,Closed,Closed,8 am–5 pm,"https://www.google.com/maps/search/vein+clinics+in+Lancaster+Buffalo+NY/@42.9006144,-78.6703062,14z",2025-12-16T22:10:13.373Z,,
https://www.google.com/maps/place/Ken-Ton+Medical/data=!4m7!3m6!1s0x89d30ad4bf359187:0x70055780610fbdb3!8m2!3d42.9225798!4d-78.697683!16s%2Fg%2F1tt1tp2d!19sChIJh5E1v9QK04kRs70PYYBXBXA,Ken-Ton Medical,,,Surgical center,"6140 Transit Rd, Depew, NY 14043, United States","W8F2+2W Depew, New York, USA",http://www.venousinstitute.com/,+1 716-877-7000,,,https://streetviewpixels-pa.googleapis.com/v1/thumbnail?panoid=qiKW-hbfPUCWyCGKiLz5NA&cb_client=search.gws-prod.gps&w=408&h=240&yaw=266.55075&pitch=0&thumbfov=100,false,,,,,,,,"https://www.google.com/maps/search/vein+clinics+in+Lancaster+Buffalo+NY/@42.9006144,-78.6703062,14z",2025-12-16T22:10:16.107Z,,
https://www.google.com/maps/place/Lancaster+Beauty+and+Wellness+Center/data=!4m7!3m6!1s0x89d30b789fe1c233:0x1b74c912c9524473!8m2!3d42.9093257!4d-78.6720476!16s%2Fg%2F11rf6szz6v!19sChIJM8Lhn3gL04kRc0RSyRLJdBs,Lancaster Beauty and Wellness Center,4.9,45,Women's health clinic,"210 Central Ave Suite B, Lancaster, NY 14086, United States","W85H+P5 Lancaster, New York, USA",http://www.kimberlyheebwhnp.com/,+1 716-288-7160,Closed · Opens 9 am Wed,,https://lh3.googleusercontent.com/p/AF1QipNOAPsaAJd1XBcr7odFh2IlCCwIbDEgMC1-OIFI=w408-h544-k-no,true,9 am–5 pm,9 am–5 pm,9 am–5 pm,9 am–2 pm,Closed,Closed,Closed,"https://www.google.com/maps/search/vein+clinics+in+Lancaster+Buffalo+NY/@42.9006144,-78.6703062,14z",2025-12-16T22:10:28.057Z,,
https://www.google.com/maps/place/Heart+%26+Lung+Clinic+-+Buffalo+General+Medical+Center/data=!4m7!3m6!1s0x89d3130c59f02b4b:0x884573c18f60eeb3!8m2!3d42.9008648!4d-78.8656759!16s%2Fg%2F11vq6lr6bd!19sChIJSyvwWQwT04kRs-5gj8FzRYg,Heart & Lung Clinic - Buffalo General Medical Center,,,Medical clinic,"100 High St, Buffalo, NY 14203, United States","W42M+8P Buffalo, New York, USA",https://www.buffalogeneral.org/care/Cardiac-Services,+1 716-859-7280,Closed · Opens 8 am Wed,,https://streetviewpixels-pa.googleapis.com/v1/thumbnail?panoid=Q_y-y2tBFxkmaNoJNAWteg&cb_client=search.gws-prod.gps&w=408&h=240&yaw=23.107311&pitch=0&thumbfov=100,true,8 am–4 pm,8 am–4 pm,8 am–4 pm,8 am–4 pm,Closed,Closed,8 am–4 pm,"https://www.google.com/maps/search/vein+clinics+in+Rapids+Buffalo+NY/@42.8869004,-78.8788896,14z",2025-12-16T22:10:52.017Z,,
https://www.google.com/maps/place/ECMC+Center+for+Cardiovascular+Care/data=!4m7!3m6!1s0x89d30dbb76ed2efb:0xb7e81161097c6bf6!8m2!3d42.9268983!4d-78.8308954!16s%2Fg%2F11j_z6yg64!19sChIJ-y7tdrsN04kR9mt8CWER6Lc,ECMC Center for Cardiovascular Care,1.8,5,Cardiovascular and thoracic surgeon,"ASC Snyder Building, 462 Grider St 3rd Floor, Buffalo, NY 14215, United States","W5G9+QJ Buffalo, New York, USA",https://www.ecmc.edu/health-services-and-doctors/outpatient-specialty-clinics/cardiology-clinic/,+1 716-898-6550,,,https://streetviewpixels-pa.googleapis.com/v1/thumbnail?panoid=hfQgo_5--ChQRzlBksdkOw&cb_client=search.gws-prod.gps&w=408&h=240&yaw=244.05745&pitch=0&thumbfov=100,false,,,,,,,,"https://www.google.com/maps/search/vein+clinics+in+Rapids+Buffalo+NY/@42.8869004,-78.8788896,14z",2025-12-16T22:10:55.207Z,,
https://www.google.com/maps/place/VA+WNY+Healthcare+System+-+Veteran%E2%80%99s+Hospital/data=!4m7!3m6!1s0x89d372c0c2cb1593:0xf576d96127bd779c!8m2!3d42.9511559!4d-78.812287!16s%2Fg%2F1tlvqj0d!19sChIJkxXLwsBy04kRnHe9J2HZdvU,VA WNY Healthcare System - Veteran’s Hospital,4.0,289,Veterans hospital,"3495 Bailey Ave, Buffalo, NY 14215, United States","X52Q+F3 Buffalo, New York, USA",https://www.va.gov/western-new-york-health-care/,+1 716-834-9200,Open 24 hours,,https://lh3.googleusercontent.com/gps-cs-s/AG0ilSwp-_StjYgSApqTpUaxHPD7hS58RqSpFPKnVqwXN_zWIE7XeeEv_yo2PeyI_Jfx7GJy7gY1EU5fl2J0jUQ-BWG9spLtvC6fZFQNz1VlbVO7xVC3SY_DDQj8AonJPx3d5HWzar4=w408-h255-k-no,true,Open 24 hours,Open 24 hours,Open 24 hours,Open 24 hours,Open 24 hours,Open 24 hours,Open 24 hours,"https://www.google.com/maps/search/vein+clinics+in+Rapids+Buffalo+NY/@42.8869004,-78.8788896,14z",2025-12-16T22:11:00.035Z,,
https://www.google.com/maps/place/Quest+Diagnostics/data=!4m7!3m6!1s0x89d31291e8705a87:0x812643df8341b0ed!8m2!3d42.9109116!4d-78.8529728!16s%2Fg%2F1tgtgh06!19sChIJh1pw6JES04kR7bBBg99DJoE,Quest Diagnostics,3.0,110,Medical laboratory,"1317 Jefferson Ave, Buffalo, NY 14208, United States","W46W+9R Buffalo, New York, USA",https://locations.questdiagnostics.com/ny/buffalo/1317-jefferson-ave,+1 716-882-3020,Closed · Opens 8 am Wed,,https://lh3.googleusercontent.com/p/AF1QipNNNBA_cj2Seq8uS4VEtALhDxPbHIZNHPW8xCD7=w426-h240-k-no,true,8 am–4 pm,8 am–4 pm,8 am–4 pm,8 am–4 pm,Closed,Closed,8 am–4 pm,"https://www.google.com/maps/search/vein+clinics+in+Rapids+Buffalo+NY/@42.8869004,-78.8788896,14z",2025-12-16T22:11:05.043Z,,
https://www.google.com/maps/place/Life+Clinic/data=!4m7!3m6!1s0x89d373a5e24064cd:0x278aaf2c4ed734a1!8m2!3d42.943025!4d-78.8000785!16s%2Fg%2F11tp2h9pzp!19sChIJzWRA4qVz04kRoTTXTiyviic,Life Clinic,5.0,2,Medical clinic,"1515 Kensington Ave, Buffalo, NY 14215, United States","W5VX+6X Buffalo, New York, USA",http://www.lifeclinic.care/,+1 716-333-8761,Closed · Opens 12 pm Wed,,https://streetviewpixels-pa.googleapis.com/v1/thumbnail?panoid=Ff59zPrGZkFdbnROS_Vykw&cb_client=search.gws-prod.gps&w=408&h=240&yaw=154.00496&pitch=0&thumbfov=100,true,12–5 pm,12–5 pm,12–5 pm,12–4 pm,Closed,Closed,12–5 pm,"https://www.google.com/maps/search/vein+clinics+in+Rapids+Buffalo+NY/@42.8869004,-78.8788896,14z",2025-12-16T22:11:09.953Z,,
https://www.google.com/maps/place/Vein+Centre+Associates/data=!4m7!3m6!1s0x89d351dba925a269:0x8bd86a0b90681f95!8m2!3d43.1554207!4d-79.2626183!16s%2Fg%2F1v5_bdv6!19sChIJaaIlqdtR04kRlR9okAtq2Is,Vein Centre Associates,5.0,3,Skin care clinic,"100 Fourth Ave, St. Catharines, ON L2S 3P3, Canada","5P4P+5X St. Catharines, Ontario, Canada",,+1 905-704-1446,Open · Closes 7 pm,,https://streetviewpixels-pa.googleapis.com/v1/thumbnail?panoid=4iJxvvbGL4C2zPSPgxI0Ng&cb_client=search.gws-prod.gps&w=408&h=240&yaw=154.75906&pitch=0&thumbfov=100,false,9 am–7 pm,9 am–5 pm,9 am–7 pm,9 am–5 pm,Closed,Closed,9 am–5 pm,"https://www.google.com/maps/search/vein+clinics+in+Rapids+Buffalo+NY/@42.8869004,-78.8788896,14z",2025-12-16T22:11:21.949Z,,
https://www.google.com/maps/place/niagara+vascular+clinic/data=!4m7!3m6!1s0x89d3434e0ddd4d3d:0x96f48af8583b1b18!8m2!3d43.1119051!4d-79.0968722!16s%2Fg%2F11b7rxkhw8!19sChIJPU3dDU5D04kRGBs7WPiK9JY,niagara vascular clinic,4.8,4,Doctor,"4256 Portage Rd, Niagara Falls, ON L2E 5Z9, Canada","4W63+Q7 Niagara Falls, Ontario, Canada",https://niagaravascular.ca/,,Closed · Opens 9 am Wed,,https://streetviewpixels-pa.googleapis.com/v1/thumbnail?panoid=Iim9S0I1AARCjU-SQ77c8g&cb_client=search.gws-prod.gps&w=408&h=240&yaw=239.89192&pitch=0&thumbfov=100,false,9 am–5 pm,9 am–5 pm,9 am–5 pm,9 am–5 pm,Closed,Closed,9 am–5 pm,"https://www.google.com/maps/search/vein+clinics+in+Rapids+Buffalo+NY/@42.8869004,-78.8788896,14z",2025-12-16T22:11:26.830Z,,
https://www.google.com/maps/place/Revive+U+Aesthetics/data=!4m7!3m6!1s0x89d30bbf4972589d:0x874dab8ee8f49c50!8m2!3d42.8297702!4d-78.7699924!16s%2Fg%2F11sb36mh21!19sChIJnVhySb8L04kRUJz06I6rTYc,Revive U Aesthetics,5.0,56,Medical spa,"3612 Seneca St, West Seneca, NY 14224, United States","R6HJ+W2 West Seneca, New York, USA",https://reviveubuffalo.com/,+1 716-608-6031,"Closed · Opens 10 am Wed

Confirmed by phone call 11 weeks ago",LGBTQ+ friendly,https://lh3.googleusercontent.com/p/AF1QipOPm_qNL-6lApbSDxiByB6Z5bYEjr4iUS0PBZyg=w408-h272-k-no,true,Closed,10 am–5 pm,10 am–5 pm,10 am–3 pm,10 am–1 pm,Closed,9 am–2 pm,"https://www.google.com/maps/search/vein+clinics+in+West+Seneca+Buffalo+NY/@42.880924,-78.8777657,14z",2025-12-16T22:11:51.024Z,,
https://www.google.com/maps/place/The+Skin+Center+at+Southgate+Medical+Group/data=!4m7!3m6!1s0x89d30ecea704cec9:0x9f99ec2d57df9ec9!8m2!3d42.8282289!4d-78.7561648!16s%2Fg%2F1vbnqd5v!19sChIJyc4Ep84O04kRyZ7fVy3smZ8,The Skin Center at Southgate Medical Group,4.1,24,Skin care clinic,"1026 Union Rd, West Seneca, NY 14224, United States","R6HV+7G West Seneca, New York, USA",https://www.southgateskincenter.com/,+1 716-712-1050,Closed · Opens 8 am Wed,LGBTQ+ friendly,https://lh3.googleusercontent.com/gps-cs-s/AG0ilSw1e5U_mSFAOxpn0d0NtQ6LWf6ONfmxm3ePfw8yAi7asxrZNIYi246hGNbCUIx_memqlvVhGLjk0uFz0zDlKIfKscqpYfMUgF1KCWl2MctR4GS7D4-7EnRC9gYbePgvhkmLLHaf=w426-h240-k-no,true,8 am–1:30 pm,8 am–8 pm,8 am–1:30 pm,8 am–4:30 pm,8 am–2 pm,Closed,8 am–8 pm,"https://www.google.com/maps/search/vein+clinics+in+West+Seneca+Buffalo+NY/@42.880924,-78.8777657,14z",2025-12-16T22:11:56.011Z,,
https://www.google.com/maps/place/Seneca+Buffalo+Creek+Casino/data=!4m7!3m6!1s0x89d3123ab1f23bab:0x7bf70f9d80f026f9!8m2!3d42.873955!4d-78.8704198!16s%2Fm%2F0123r54r!19sChIJqzvysToS04kR-SbwgJ0P93s,Seneca Buffalo Creek Casino,3.9,5984,Casino,"1 Fulton St, Buffalo, NY 14204, United States","V4FH+HR Buffalo, New York, USA",https://senecabuffalocreekcasino.com/,+1 877-873-6322,Open 24 hours,LGBTQ+ friendly,https://lh3.googleusercontent.com/p/AF1QipOQehK5Y4TNx7pviyQyRjpBilSbGP_f1uyaXAE3=w408-h272-k-no,true,Open 24 hours,Open 24 hours,Open 24 hours,Open 24 hours,Open 24 hours,Open 24 hours,Open 24 hours,"https://www.google.com/maps/search/vein+clinics+in+West+Seneca+Buffalo+NY/@42.880924,-78.8777657,14z",2025-12-16T22:12:01.044Z,,"Casino housing table games such as craps, 800+ slots, plus a casual bakery & sports bar/grill."
https://www.google.com/maps/place/WellNow+Urgent+Care/data=!4m7!3m6!1s0x89d30f8c9b8b7805:0x59148eeee604b2f2!8m2!3d42.8296735!4d-78.7794398!16s%2Fg%2F11j0jhd2vp!19sChIJBXiLm4wP04kR8rIE5u6OFFk,WellNow Urgent Care,4.6,1055,Urgent care center,"1956 Ridge Rd, West Seneca, NY 14224, United States","R6HC+V6 West Seneca, New York, USA",https://www.wellnow.com/urgent-care-centers/new-york/west-seneca/1956-ridge-road-14224/?utm_source=googleplaces&utm_medium=lociqgoogleplaces&utm_content=listing,+1 716-608-0041,,,https://lh3.googleusercontent.com/p/AF1QipO_BVsK1BMFUiTYmPGuomvzEfpR5bAdv3vzdl7J=w426-h240-k-no,true,Open 24 hours,Open 24 hours,Open 24 hours,Open 24 hours,Open 24 hours,Open 24 hours,Open 24 hours,"https://www.google.com/maps/search/vein+clinics+in+West+Seneca+Buffalo+NY/@42.880924,-78.8777657,14z",2025-12-16T22:12:06.357Z,,
https://www.google.com/maps/place/Independent+Med-E-Val/data=!4m7!3m6!1s0x89d30ecbb70e1175:0x531934662e8ea17f!8m2!3d42.8302148!4d-78.7517381!16s%2Fg%2F1vr1xm8l!19sChIJdREOt8sO04kRf6GOLmY0GVM,Independent Med-E-Val,,,Surgical center,"4085 Seneca St, West Seneca, NY 14224, United States","R6JX+38 West Seneca, New York, USA",,+1 716-674-3181,,,https://streetviewpixels-pa.googleapis.com/v1/thumbnail?panoid=ygAVFHd24zuE74FX4_HVvg&cb_client=search.gws-prod.gps&w=408&h=240&yaw=204.19951&pitch=0&thumbfov=100,false,,,,,,,,"https://www.google.com/maps/search/vein+clinics+in+West+Seneca+Buffalo+NY/@42.880924,-78.8777657,14z",2025-12-16T22:12:09.005Z,,
https://www.google.com/maps/place/Quest+Diagnostics/data=!4m7!3m6!1s0x89d36d3c011820c7:0x714181e97c50e29f!8m2!3d42.9552121!4d-78.8686245!16s%2Fg%2F1tdhf_5d!19sChIJxyAYATxt04kRn-JQfOmBQXE,Quest Diagnostics,3.3,199,Medical laboratory,"Delaware Place Plaza, 2629 Delaware Ave, Buffalo, NY 14216, United States","X44J+3H Buffalo, New York, USA",https://locations.questdiagnostics.com/ny/buffalo/2629-delaware-ave,+1 716-874-1703,Closed · Opens 5 am Wed,,https://lh3.googleusercontent.com/p/AF1QipNHhcLpyCQ2_z_PtfbTVmSDeqTPapcjBTGCfoAc=w408-h271-k-no,true,5 am–1 pm,5 am–1 pm,5 am–1 pm,5 am–1 pm,Closed,Closed,5 am–1 pm,"https://www.google.com/maps/search/vein+clinics+in+Riverside+Buffalo+NY/@42.9561426,-78.9033627,14z",2025-12-16T22:12:30.982Z,,
https://www.google.com/maps/place/Trinity+Medical+WNY/data=!4m7!3m6!1s0x89d36768014dec2d:0x24e78c8e4d107a54!8m2!3d43.1290973!4d-79.0169193!16s%2Fg%2F11hdnfpjqc!19sChIJLexNAWhn04kRVHoQTY6M5yQ,Trinity Medical WNY,5.0,1,Vascular surgeon,"1 Colomba Dr, Niagara Falls, NY 14305, United States","4XHM+J6 Niagara Falls, New York, USA",https://trinitymedicalwny.org/location/1-colomba-dr/?utm_source=listing&utm_medium=listing,+1 716-837-2400,Closed · Opens 8:30 am Wed,,https://lh3.googleusercontent.com/p/AF1QipMtxoFkMabVi0Bq7Ufuuf0C6y-WGnYNzEAqjX34=w720-h240-k-no,true,8:30 am–5 pm,8:30 am–5 pm,8:30 am–5 pm,8:30 am–5 pm,Closed,Closed,8:30 am–5 pm,"https://www.google.com/maps/search/vein+clinics+in+Riverside+Buffalo+NY/@42.9561426,-78.9033627,14z",2025-12-16T22:12:35.824Z,,
,,,,,,,,,,,,,,,,,,,,"https://www.google.com/maps/search/vein+clinics+in+Eggertsville+Buffalo+NY/@42.963391,-78.8039226,14z",2025-12-16T22:12:43.743Z,No new results found,