placeUrl,title,rating,reviewCount,category,address,plusCode,website,phoneNumber,currentStatus,imgUrl,isClaimed,tuesday,wednesday,thursday,friday,saturday,sunday,monday,query,timestamp,info,error,isBlackOwned
https://www.google.com/maps/place/Vein+Hydration+Lounge+%2B+Aesthetics/data=!4m7!3m6!1s0x8631356163a387f7:0xf5e28e26743ade73!8m2!3d32.632401!4d-93.7263229!16s%2Fg%2F11tgdbh0mx!19sChIJ94ejY2E1MYYRc946dCaO4vU,Vein Hydration Lounge + Aesthetics,4.9,57,Health spa,"239 Fairburn Ave, Benton, LA 71006, United States","J7JF+XF Benton, Louisiana, USA",https://www.veinhla.com/,+1 318-562-3632,Closes soon · 5 pm · Opens 9 am Wed,https://lh3.googleusercontent.com/p/AF1QipOBCn2G00yNhyuVrqLn-LZrSlp26_b2hGOtDy_b=w426-h240-k-no,true,9 am–5 pm,9 am–5 pm,9 am–5 pm,9 am–5 pm,9 am–1 pm,Closed,9 am–5 pm,"https://www.google.com/maps/search/vein+clinics+in+Benton+Shreveport+LA/@32.5130159,-93.7514874,14z",2025-12-16T22:35:50.852Z,,,
https://www.google.com/maps/place/WK+Vascular+Surgery/data=!4m7!3m6!1s0x8636cd23132d171f:0x4eb55ffdea50345!8m2!3d32.4835717!4d-93.7782559!16s%2Fg%2F11sbp79lmq!19sChIJHxctEyPNNoYRRQOl3v9V6wQ,WK Vascular Surgery,4.8,17,Surgical center,"2551 Greenwood Rd Suite 230, Shreveport, LA 71103, United States","F6MC+CM Shreveport, Louisiana, USA",https://www.wkvascularsurgery.com/,+1 318-212-8177,Closes soon · 5 pm · Opens 8 am Wed,https://streetviewpixels-pa.googleapis.com/v1/thumbnail?panoid=JEL_gq5s7s3XwtVTSy2lQQ&cb_client=search.gws-prod.gps&w=408&h=240&yaw=290.47116&pitch=0&thumbfov=100,true,8 am–5 pm,8 am–5 pm,8 am–5 pm,8 am–5 pm,Closed,Closed,8 am–5 pm,"https://www.google.com/maps/search/vein+clinics+in+Benton+Shreveport+LA/@32.5130159,-93.7514874,14z",2025-12-16T22:35:55.975Z,,,
"https://www.google.com/maps/place/Dr.+Miles+A.+Sugar,+Jr,+MD/data=!4m7!3m6!1s0x8636cd2b50263ce1:0xac20998fd7b92eed!8m2!3d32.4835717!4d-93.7782559!16s%2Fg%2F11sbp7232c!19sChIJ4TwmUCvNNoYR7S6514-ZIKw","Dr. Miles A. Sugar, Jr, MD",5.0,40,Vascular surgeon,"2551 Greenwood Rd Suite 230, Shreveport, LA 71103, United States","F6MC+CM Shreveport, Louisiana, USA",https://directory.wkhs.com/provider/dr-miles-sugar-jr-md,+1 318-212-8177,Closes soon · 5 pm · Opens 8 am Wed,https://lh3.googleusercontent.com/p/AF1QipNQGbNL4uzwaLBln27PUYeHXx95-tRe4EFzO6iv=w408-h408-k-no,true,8 am–5 pm,8 am–5 pm,8 am–5 pm,8 am–5 pm,Closed,Closed,8 am–5 pm,"https://www.google.com/maps/search/vein+clinics+in+Benton+Shreveport+LA/@32.5130159,-93.7514874,14z",2025-12-16T22:36:01.406Z,,,
"https://www.google.com/maps/place/WK+Vein+Specialists/@32.4316686,-93.7099968,17z/data=!3m1!4b1!4m6!3m5!1s0x8636cd6d498e2bd3:0xd17f3e15da05e3a1!8m2!3d32.4316686!4d-93.7099968!16s%2Fg%2F11fsn310bm",WK Vein Specialists,,,Surgical center,"8001 Youree Dr # 570, Shreveport, LA 71115, United States","C7JR+M2 Shreveport, Louisiana, USA",https://www.wkhs.com/heart/specialized-clinics/vein-specialists,+1 318-212-3870,Closes soon · 5 pm · Opens 8 am Wed,,true,8 am–5 pm,8 am–5 pm,8 am–5 pm,8 am–5 pm,Closed,Closed,8 am–5 pm,"https://www.google.com/maps/search/vein+clinics+in+Benton+Shreveport+LA/@32.5130159,-93.7514874,14z",2025-12-16T22:36:08.033Z,,,
https://www.google.com/maps/place/Highland+Clinic+Vein+Center/data=!4m7!3m6!1s0x86312ce8954a12cf:0x5a84b8026d1fc4f1!8m2!3d32.4255396!4d-93.7182975!16s%2Fg%2F1tg5z_qq!19sChIJzxJKlegsMYYR8cQfbQK4hFo,Highland Clinic Vein Center,,,Surgical center,"1455 E Bert Kouns Industrial Loop, Shreveport, LA 71105, United States","C7GJ+6M Shreveport, Louisiana, USA",https://veincenter.highlandclinic.com/,+1 318-798-4484,Closes soon · 5 pm · Opens 8 am Wed,https://streetviewpixels-pa.googleapis.com/v1/thumbnail?panoid=FMj7piFNG-Xg_ofaZAwwNQ&cb_client=search.gws-prod.gps&w=408&h=240&yaw=163.8864&pitch=0&thumbfov=100,true,8 am–5 pm,8 am–5 pm,8 am–5 pm,8 am–5 pm,Closed,Closed,8 am–5 pm,"https://www.google.com/maps/search/vein+clinics+in+Benton+Shreveport+LA/@32.5130159,-93.7514874,14z",2025-12-16T22:36:12.876Z,,,
"https://www.google.com/maps/place/Nancy+Pipkin,+PA-C/data=!4m7!3m6!1s0x8636cd51d0e5199f:0xfdb9f83ac61d22a1!8m2!3d32.4235483!4d-93.7172916!16s%2Fg%2F1trsycqh!19sChIJnxnl0FHNNoYRoSIdxjr4uf0","Nancy Pipkin, PA-C",5.0,11,Physician assistant,"1455 E Bert Kouns Industrial Loop, Shreveport, LA 71105, United States","C7FM+C3 Shreveport, Louisiana, USA",https://generalsurgery.highlandclinic.com/provider/nancy-pipkin-pa-c/,+1 318-798-4484,Closes soon · 5 pm · Opens 9 am Wed,https://streetviewpixels-pa.googleapis.com/v1/thumbnail?panoid=41g-U6fCCkQVKBqDPTYd6A&cb_client=search.gws-prod.gps&w=408&h=240&yaw=154.06625&pitch=0&thumbfov=100,true,9 am–5 pm,9 am–5 pm,9 am–5 pm,9 am–5 pm,Closed,Closed,9 am–5 pm,"https://www.google.com/maps/search/vein+clinics+in+Benton+Shreveport+LA/@32.5130159,-93.7514874,14z",2025-12-16T22:36:17.650Z,,,
"https://www.google.com/maps/place/Stephen+C.+White,+MD,+FACS/data=!4m7!3m6!1s0x86312da28b2e7bc3:0xb197f1cc3cdb3a6b!8m2!3d32.4260408!4d-93.7168124!16s%2Fg%2F11tk8qbqqx!19sChIJw3sui6ItMYYRazrbPMzxl7E","Stephen C. White, MD, FACS",5.0,6,Vascular surgeon,"1455 E Bert Kouns Industrial Loop Second Floor - Suite 201, Shreveport, LA 71105, United States","C7GM+C7 Shreveport, Louisiana, USA",https://generalsurgery.highlandclinic.com/provider/stephen-white-m-d-facs/,+1 318-798-4484,Closes soon · 5 pm · Opens 8 am Wed,https://streetviewpixels-pa.googleapis.com/v1/thumbnail?panoid=yKR32Lc-qKehFBqduE9kwA&cb_client=search.gws-prod.gps&w=408&h=240&yaw=123.205246&pitch=0&thumbfov=100,true,8 am–5 pm,8 am–5 pm,8 am–5 pm,8 am–5 pm,Closed,Closed,8 am–5 pm,"https://www.google.com/maps/search/vein+clinics+in+Benton+Shreveport+LA/@32.5130159,-93.7514874,14z",2025-12-16T22:36:22.706Z,,,
"https://www.google.com/maps/place/Dr.+Robert+L.+Barrett,+MD/@32.4316686,-93.7099968,17z/data=!3m1!4b1!4m6!3m5!1s0x86312cfc75fe567d:0xae394ab818f096d3!8m2!3d32.4316686!4d-93.7099968!16s%2Fg%2F1tycx08p","Dr. Robert L. Barrett, MD",3.5,11,Vascular surgeon,"8001 Youree Dr # 570, Shreveport, LA 71115, United States","C7JR+M2 Shreveport, Louisiana, USA",https://rymap.org/business/dr-robert-l-barrett-md-nzj57c,+1 318-212-3870,Closed · Opens 9:30 am Wed,,true,9:30 am–4:30 pm,9:30 am–4:30 pm,9:30 am–3:30 pm,Closed,Closed,Closed,9:30 am–4:30 pm,"https://www.google.com/maps/search/vein+clinics+in+Benton+Shreveport+LA/@32.5130159,-93.7514874,14z",2025-12-16T22:36:29.610Z,Identifies as women-owned,,
https://www.google.com/maps/place/WK+Vascular+Surgical+Associates+-+North/data=!4m7!3m6!1s0x8636cd7c18ef412f:0x2c772e56a98b4b10!8m2!3d32.4847072!4d-93.7784017!16s%2Fg%2F1hc12k4br!19sChIJL0HvGHzNNoYREEuLqVYudyw,WK Vascular Surgical Associates - North,,,Surgical center,"2751 Albert L Bicknell Dr Suite 5A, Shreveport, LA 71103, United States","F6MC+VJ Shreveport, Louisiana, USA",http://www.wkvsa.com/,+1 318-212-6688,Closes soon · 5 pm · Opens 8 am Wed,https://streetviewpixels-pa.googleapis.com/v1/thumbnail?panoid=U1PsMTl-sXC-w-poGb6qyA&cb_client=search.gws-prod.gps&w=408&h=240&yaw=93.374794&pitch=0&thumbfov=100,true,8 am–5 pm,8 am–5 pm,8 am–5 pm,8 am–5 pm,Closed,Closed,8 am–5 pm,"https://www.google.com/maps/search/vein+clinics+in+Benton+Shreveport+LA/@32.5130159,-93.7514874,14z",2025-12-16T22:36:34.386Z,,,
"https://www.google.com/maps/place/Chiranjiv+Virk,+MBBS/data=!4m7!3m6!1s0x8636d3f864f26c6b:0xc76b6b2b0f8aa17c!8m2!3d32.4825889!4d-93.7638288!16s%2Fg%2F11jh4sd0x3!19sChIJa2zyZPjTNoYRfKGKDytra8c","Chiranjiv Virk, MBBS",5.0,2,Vascular surgeon,"1606 Kings Hwy, Shreveport, LA 71103, United States","F6MP+2F Shreveport, Louisiana, USA",https://www.ochsnerlsuhs.org/doctors/chiranjiv-virk?utm_source=ExtNet&utm_medium=Yext&y_source=1_MTU4MzE1NjMtNzE1LWxvY2F0aW9uLndlYnNpdGU%3D,+1 318-626-0612,,https://streetviewpixels-pa.googleapis.com/v1/thumbnail?panoid=1CjKT4Ig15CwykWo8vk_7g&cb_client=search.gws-prod.gps&w=408&h=240&yaw=323.37006&pitch=0&thumbfov=100,true,,,,,,,,"https://www.google.com/maps/search/vein+clinics+in+Benton+Shreveport+LA/@32.5130159,-93.7514874,14z",2025-12-16T22:36:37.302Z,,,
https://www.google.com/maps/place/WK+Advanced+Surgery+Center/data=!4m7!3m6!1s0x8636cd7c18ef412f:0xeea83d25330c301d!8m2!3d32.484733!4d-93.778315!16s%2Fg%2F1hc31q0cq!19sChIJL0HvGHzNNoYRHTAMMyU9qO4,WK Advanced Surgery Center,4.8,97,Surgical center,"2751 Albert L Bicknell Dr #2b, Shreveport, LA 71103, United States","F6MC+VM Shreveport, Louisiana, USA",http://www.wkasc.com/,+1 318-212-8350,Closes soon · 5 pm · Opens 8 am Wed,https://streetviewpixels-pa.googleapis.com/v1/thumbnail?panoid=U1PsMTl-sXC-w-poGb6qyA&cb_client=search.gws-prod.gps&w=408&h=240&yaw=87.50987&pitch=0&thumbfov=100,true,8 am–5 pm,8 am–5 pm,8 am–5 pm,8 am–5 pm,Closed,Closed,8 am–5 pm,"https://www.google.com/maps/search/vein+clinics+in+Benton+Shreveport+LA/@32.5130159,-93.7514874,14z",2025-12-16T22:36:42.213Z,,,
https://www.google.com/maps/place/Red+River+Cardiovascular+Surgeons/data=!4m7!3m6!1s0x8636cd7c18ef41b1:0x74a5540c4068a907!8m2!3d32.4849912!4d-93.7784945!16s%2Fg%2F1tfkr41s!19sChIJsUHvGHzNNoYRB6loQAxUpXQ,Red River Cardiovascular Surgeons,5.0,2,Cardiovascular and thoracic surgeon,"2751 Albert L Bicknell Dr #5c, Shreveport, LA 71103, United States","F6MC+XJ Shreveport, Louisiana, USA",http://directory.wkhs.com/,+1 318-227-9777,Closes soon · 5 pm · Opens 8 am Wed,https://streetviewpixels-pa.googleapis.com/v1/thumbnail?panoid=99eedml4n-3qBnaBVk-E3w&cb_client=search.gws-prod.gps&w=408&h=240&yaw=114.60516&pitch=0&thumbfov=100,true,8 am–5 pm,8 am–5 pm,8 am–5 pm,8 am–5 pm,Closed,Closed,8 am–5 pm,"https://www.google.com/maps/search/vein+clinics+in+Benton+Shreveport+LA/@32.5130159,-93.7514874,14z",2025-12-16T22:36:47.171Z,,,
"https://www.google.com/maps/place/Dr.+Syed+Mehmood,+MD/data=!4m7!3m6!1s0x8636cd7c3c9287d7:0xda9f31aba81e0553!8m2!3d32.4847348!4d-93.7783165!16s%2Fg%2F11c54cmy3d!19sChIJ14eSPHzNNoYRUwUeqKsxn9o","Dr. Syed Mehmood, MD",4.7,7,Cardiovascular and thoracic surgeon,"2751 Albert L Bicknell Dr #5c, Shreveport, LA 71103, United States","F6MC+VM Shreveport, Louisiana, USA",https://directory.wkhs.com/provider/dr-syed-mehmood-md,+1 318-227-9777,Closes soon · 5 pm · Opens 8:30 am Wed,https://lh3.googleusercontent.com/p/AF1QipN-VKkBcYQrnKqQ5UeDGgt3w5PClQht_5msGuFQ=w408-h408-k-no,true,8:30 am–5 pm,8:30 am–5 pm,8:30 am–5 pm,8:30 am–5 pm,Closed,Closed,8:30 am–5 pm,"https://www.google.com/maps/search/vein+clinics+in+Benton+Shreveport+LA/@32.5130159,-93.7514874,14z",2025-12-16T22:36:52.128Z,,,
https://www.google.com/maps/place/Bridges+to+Beauty/data=!4m7!3m6!1s0x86312d6a8b8d8d67:0x55eb23a88fb1615e!8m2!3d32.4615754!4d-93.7225041!16s%2Fg%2F1tfc6zzr!19sChIJZ42Ni2otMYYRXmGxj6gj61U,Bridges to Beauty,4.9,432,Plastic surgeon,"4300 Youree Dr #300, Shreveport, LA 71105, United States","F76G+JX Shreveport, Louisiana, USA",https://www.bridgestobeauty.com/,+1 318-219-8555,Closes soon · 5 pm · Opens 9 am Wed,https://lh3.googleusercontent.com/p/AF1QipMVFrmfjISGfP8Kk6Vo65ukkIGIMavI-2lRaeKg=w408-h272-k-no,true,9 am–5 pm,9 am–5 pm,9 am–5 pm,9 am–5 pm,Closed,Closed,9 am–5 pm,"https://www.google.com/maps/search/vein+clinics+in+Benton+Shreveport+LA/@32.5130159,-93.7514874,14z",2025-12-16T22:36:57.048Z,,,
https://www.google.com/maps/place/Minimally+Invasive+Surgery+Center+of+Louisiana/data=!4m7!3m6!1s0x8636cd4c3ec62837:0xda76dc9faf5b4a6f!8m2!3d32.4970663!4d-93.74784!16s%2Fg%2F1vtqwgs6!19sChIJNyjGPkzNNoYRb0pbr5_cdto,Minimally Invasive Surgery Center of Louisiana,5.0,1,Surgical center,"1534 Elizabeth Ave # 400, Shreveport, LA 71101, United States","F7W2+RV Shreveport, Louisiana, USA",,+1 318-222-1942,,https://streetviewpixels-pa.googleapis.com/v1/thumbnail?panoid=lcoUE7OoZt22aEeJTc2__w&cb_client=search.gws-prod.gps&w=408&h=240&yaw=269.43198&pitch=0&thumbfov=100,false,,,,,,,,"https://www.google.com/maps/search/vein+clinics+in+Benton+Shreveport+LA/@32.5130159,-93.7514874,14z",2025-12-16T22:36:59.757Z,,,
https://www.google.com/maps/place/Hemorrhoid+Center+of+Louisiana/data=!4m7!3m6!1s0x8636cd8c0d7106f9:0x7284e25f9a68e06!8m2!3d32.4843733!4d-93.7753656!16s%2Fg%2F11q1ppq20b!19sChIJ-QZxDYzNNoYRBo6m-SVOKAc,Hemorrhoid Center of Louisiana,,,Medical clinic,"3217 Mabel St, Shreveport, LA 71103, United States","F6MF+PV Shreveport, Louisiana, USA",https://www.louisianahemorrhoidtreatment.com/,+1 318-631-9121,Closed · Opens 8 am Wed,https://streetviewpixels-pa.googleapis.com/v1/thumbnail?panoid=1rYM7YBcA1ir9RK0JXQstA&cb_client=search.gws-prod.gps&w=408&h=240&yaw=65.36417&pitch=0&thumbfov=100,true,8 am–4:30 pm,8 am–4:30 pm,8 am–4:30 pm,8 am–4:30 pm,Closed,Closed,8 am–4:30 pm,"https://www.google.com/maps/search/vein+clinics+in+Benton+Shreveport+LA/@32.5130159,-93.7514874,14z",2025-12-16T22:37:04.570Z,,,
"https://www.google.com/maps/place/Amanda+Hall,+APRN,+FNP-C/data=!4m7!3m6!1s0x8636d3b6b2c4dea3:0x298d789947665e4a!8m2!3d32.4825889!4d-93.7638288!16s%2Fg%2F11jh4rz6kt!19sChIJo97EsrbTNoYRSl5mR5l4jSk","Amanda Hall, APRN, FNP-C",,,Vascular surgeon,"1606 Kings Hwy, Shreveport, LA 71103, United States","F6MP+2F Shreveport, Louisiana, USA",https://www.ochsnerlsuhs.org/doctors/amanda-waltman-hall?utm_source=ExtNet&utm_medium=Yext&y_source=1_MTU4MzE0MjQtNzE1LWxvY2F0aW9uLndlYnNpdGU%3D,+1 318-626-0612,,https://streetviewpixels-pa.googleapis.com/v1/thumbnail?panoid=1CjKT4Ig15CwykWo8vk_7g&cb_client=search.gws-prod.gps&w=408&h=240&yaw=323.37006&pitch=0&thumbfov=100,true,,,,,,,,"https://www.google.com/maps/search/vein+clinics+in+Benton+Shreveport+LA/@32.5130159,-93.7514874,14z",2025-12-16T22:37:07.435Z,,,
https://www.google.com/maps/place/Cvt+Surgeons/data=!4m7!3m6!1s0x8636cd7e6e0b43e9:0x43279a7f3c50b829!8m2!3d32.4828247!4d-93.7789971!16s%2Fg%2F1tm0c5bl!19sChIJ6UMLbn7NNoYRKbhQPH-aJ0M,Cvt Surgeons,,,Surgical center,"3300 Albert L Bicknell Dr, Shreveport, LA 71103, United States","F6MC+4C Shreveport, Louisiana, USA",,+1 318-636-5724,,https://streetviewpixels-pa.googleapis.com/v1/thumbnail?panoid=scvdbZpmOMWlb5nx8scJlw&cb_client=search.gws-prod.gps&w=408&h=240&yaw=271.7998&pitch=0&thumbfov=100,false,,,,,,,,"https://www.google.com/maps/search/vein+clinics+in+Benton+Shreveport+LA/@32.5130159,-93.7514874,14z",2025-12-16T22:37:10.121Z,,,
https://www.google.com/maps/place/Slim+Medical+Clinic/data=!4m7!3m6!1s0x8636d3dae2871847:0xdbd662e83ef9dae0!8m2!3d32.4543583!4d-93.7497887!16s%2Fg%2F11sv9c_2vx!19sChIJRxiH4trTNoYR4Nr5Puhi1ts,Slim Medical Clinic,5.0,79,Skin care clinic,"955 Pierremont Rd Suite 300, Shreveport, LA 71106, United States","F732+P3 Shreveport, Louisiana, USA",https://www.slimmedicalclinic.com/,+1 318-606-2941,Closes soon · 5 pm · Opens 9 am Wed,https://lh3.googleusercontent.com/p/AF1QipOVIl-j9-oNLj5B6GgtPwhnjsaF-JA25d4Jxyy6=w408-h306-k-no,true,9 am–5 pm,9 am–12 pm,9 am–5 pm,9 am–5 pm,Closed,Closed,9 am–5 pm,"https://www.google.com/maps/search/vein+clinics+in+Benton+Shreveport+LA/@32.5130159,-93.7514874,14z",2025-12-16T22:37:14.983Z,,,
https://www.google.com/maps/place/Willis+Knighton+Physician+Network/data=!4m7!3m6!1s0x86313369b3bd4bc1:0xd5b867f053606eec!8m2!3d32.5007201!4d-93.7454437!16s%2Fg%2F11cn7x69b2!19sChIJwUu9s2kzMYYR7G5gU_BnuNU,Willis Knighton Physician Network,1.0,1,Medical group,"1202 Louisiana Ave, Shreveport, LA 71101, United States","G723+7R Shreveport, Louisiana, USA",http://www.wkhs.com/PhysNetwork,+1 318-716-4950,Closes soon · 5 pm · Opens 8 am Wed,https://streetviewpixels-pa.googleapis.com/v1/thumbnail?panoid=cd9IyusyQeSN7w2jhQWguA&cb_client=search.gws-prod.gps&w=408&h=240&yaw=255.46524&pitch=0&thumbfov=100,true,8 am–5 pm,8 am–5 pm,8 am–5 pm,8 am–5 pm,Closed,Closed,8 am–5 pm,"https://www.google.com/maps/search/vein+clinics+in+Benton+Shreveport+LA/@32.5130159,-93.7514874,14z",2025-12-16T22:37:19.814Z,LGBTQ+ friendly,,
https://www.google.com/maps/place/Harrison+Heart+Vein+%26+Vascular/data=!4m7!3m6!1s0x87cd5186bd8c1061:0xcd74731a8e7e71f6!8m2!3d34.5741973!4d-92.5852743!16s%2Fg%2F11hdc3txfy!19sChIJYRCMvYZRzYcR9nF-jhpzdM0,Harrison Heart Vein & Vascular,5.0,4,Medical clinic,"3 Medical Park Dr # 201, Benton, AR 72015, United States","HCF7+MV Benton, Arkansas, USA",https://harrisonheart.com/,+1 501-860-7189,Closes soon · 5:30 pm · Opens 8 am Wed,https://lh3.googleusercontent.com/p/AF1QipPOo9tmXXUrtwxOUZyxg8Zb9Nx8HNrOHXb-sdZv=w408-h272-k-no,true,8 am–5:30 pm,8 am–5:30 pm,8 am–5:30 pm,8 am–12 pm,Closed,Closed,8 am–5:30 pm,"https://www.google.com/maps/search/vein+clinics+in+Benton+Shreveport+LA/@32.5130159,-93.7514874,14z",2025-12-16T22:37:24.589Z,,,
https://www.google.com/maps/place/Willis+Knighton+North/data=!4m7!3m6!1s0x8636cd7ded079815:0x742cc2f436a882b8!8m2!3d32.4842908!4d-93.7789881!16s%2Fg%2F1td3rw9p!19sChIJFZgH7X3NNoYRuIKoNvTCLHQ,Willis Knighton North,3.3,201,Hospital,"2600 Greenwood Rd, Shreveport, LA 71103, United States","F6MC+PC Shreveport, Louisiana, USA",http://www.wkhs.com/Locations/MedicalCenter,+1 318-212-4000,,https://lh3.googleusercontent.com/gps-cs-s/AG0ilSzj5x_9UiumIDoFo6E3fwgkznXjaqyPj190jGSVytNGHpRs_5h-MCQJYkxQRy06aRuB8Bgxnt71Uxdc1C6p8rwXqtb85nXDyyYb-2XzqIy77kaQ8gUSW0gzKH7GMst6eW7toEs3=w408-h306-k-no,true,Open 24 hours,Open 24 hours,Open 24 hours,Open 24 hours,Open 24 hours,Open 24 hours,Open 24 hours,"https://www.google.com/maps/search/vein+clinics+in+Benton+Shreveport+LA/@32.5130159,-93.7514874,14z",2025-12-16T22:37:29.754Z,LGBTQ+ friendly,,
"https://www.google.com/maps/place/RevIV+Health+%26+Wellness,+LLC/data=!4m7!3m6!1s0x86312d4697506b99:0x6f7d4c1eda424a23!8m2!3d32.4423837!4d-93.729073!16s%2Fg%2F11rzkdbr_5!19sChIJmWtQl0YtMYYRI0pC2h5MfW8","RevIV Health & Wellness, LLC",5.0,23,Health spa,"7225 Fern Ave Suite 600, Shreveport, LA 71105, United States","C7RC+X9 Shreveport, Louisiana, USA",http://www.revivhealthandwellness.com/,+1 318-290-2122,Closes soon · 5 pm · Opens 9 am Wed,https://lh3.googleusercontent.com/p/AF1QipP0my4GaLdTpXeNBilw_UDfI3nse8t_lnxXEiHy=w408-h544-k-no,true,9 am–5 pm,9 am–5 pm,9 am–5 pm,9 am–5 pm,9 am–5 pm,9 am–5 pm,9 am–5 pm,"https://www.google.com/maps/search/vein+clinics+in+Benton+Shreveport+LA/@32.5130159,-93.7514874,14z",2025-12-16T22:37:34.763Z,Identifies as women-owned,,
https://www.google.com/maps/place/Willis+Knighton+Mobile+ECMO/data=!4m7!3m6!1s0x8636cd01823aeea9:0xb60f3a28251001e8!8m2!3d32.4847971!4d-93.7795934!16s%2Fg%2F11h2fgpclh!19sChIJqe46ggHNNoYR6AEQJSg6D7Y,Willis Knighton Mobile ECMO,,,Local medical services,"2600 Greenwood Rd, Shreveport, LA 71103, United States","F6MC+W5 Shreveport, Louisiana, USA",http://www.wkhs.com/heart,+1 318-212-3266,,https://streetviewpixels-pa.googleapis.com/v1/thumbnail?panoid=T5MRrYdP5dnMkXMpHoZVVA&cb_client=search.gws-prod.gps&w=408&h=240&yaw=37.625267&pitch=0&thumbfov=100,true,,,,,,,,"https://www.google.com/maps/search/vein+clinics+in+Benton+Shreveport+LA/@32.5130159,-93.7514874,14z",2025-12-16T22:37:37.560Z,,,
https://www.google.com/maps/place/Benton+Medical/data=!4m7!3m6!1s0x86314ab40a60a0dd:0xa0c11cc2ef03433e!8m2!3d32.6796999!4d-93.7395192!16s%2Fg%2F11c3k2z4vf!19sChIJ3aBgCrRKMYYRPkMD78IcwaA,Benton Medical,4.1,41,Medical clinic,"188 Burt Blvd, Benton, LA 71006, United States","M7H6+V5 Benton, Louisiana, USA",https://ncmcla.com/clinic-benton-medical/,+1 318-965-5017,Closes soon · 5 pm · Opens 8 am Wed,https://lh3.googleusercontent.com/p/AF1QipO94t-IWg9WorowRn8PPYC06-5qOhhQ76cAQXcn=w408-h510-k-no,true,8 am–5 pm,8 am–5 pm,8 am–5 pm,8 am–5 pm,Closed,Closed,8 am–5 pm,"https://www.google.com/maps/search/vein+clinics+in+Benton+Shreveport+LA/@32.5130159,-93.7514874,14z",2025-12-16T22:37:42.587Z,,,
https://www.google.com/maps/place/Willis+Knighton+Bossier/data=!4m7!3m6!1s0x86313369ae564bb7:0x40099f78a94c36a9!8m2!3d32.5582352!4d-93.7175617!16s%2Fg%2F1tg6kxzq!19sChIJt0tWrmkzMYYRqTZMqXifCUA,Willis Knighton Bossier,2.5,223,Hospital,"2400 Hospital Dr, Bossier City, LA 71111, United States","H75J+7X Bossier City, Louisiana, USA",https://www.wkhs.com/locations/hospitals/wk-bossier,+1 318-212-7000,,https://lh3.googleusercontent.com/p/AF1QipPmO8sBOEYyTp1kj7sGumpVKDZ0e5ljgu0DXc_R=w720-h240-k-no,true,Open 24 hours,Open 24 hours,Open 24 hours,Open 24 hours,Open 24 hours,Open 24 hours,Open 24 hours,"https://www.google.com/maps/search/vein+clinics+in+Benton+Shreveport+LA/@32.5130159,-93.7514874,14z",2025-12-16T22:37:47.732Z,LGBTQ+ friendly,,
https://www.google.com/maps/place/Advanced+Cardiovascular+Specialists/data=!4m7!3m6!1s0x8636cd7e98ba035b:0xbed1fcd481de43aa!8m2!3d32.4262379!4d-93.7167172!16s%2Fg%2F1th63rl2!19sChIJWwO6mH7NNoYRqkPegdT80b4,Advanced Cardiovascular Specialists,4.1,48,Cardiologist,"1453 E Bert Kouns Industrial Loop Ste. 112, Shreveport, LA 71105, United States","C7GM+F8 Shreveport, Louisiana, USA",http://acsdoctors.com/,+1 318-798-9400,Closes soon · 5 pm · Opens 8 am Wed,https://lh3.googleusercontent.com/p/AF1QipM1QoWqXpsN8k9sVS6yS32mp_3sTcBkSwXrA3jg=w630-h240-k-no,true,8 am–5 pm,8 am–5 pm,8 am–5 pm,8 am–5 pm,Closed,Closed,8 am–5 pm,"https://www.google.com/maps/search/vein+clinics+in+Benton+Shreveport+LA/@32.5130159,-93.7514874,14z",2025-12-16T22:37:52.762Z,,,
https://www.google.com/maps/place/Vibrant+Health+and+Beauty/data=!4m7!3m6!1s0x8636c9379e8a8559:0x1269fd5eecbf9f7d!8m2!3d32.4406114!4d-93.7045143!16s%2Fg%2F11vscs3ww5!19sChIJWYWKnjfJNoYRfZ-_7F79aRI,Vibrant Health and Beauty,5.0,86,Medical spa,"2125 E Bert Kouns Industrial Loop, Shreveport, LA 71105, United States","C7RW+65 Shreveport, Louisiana, USA",https://www.vibranthealthandbeauty.com/,+1 318-324-7071,Closed · Opens 9 am Wed,https://lh3.googleusercontent.com/p/AF1QipP7nyL7vogIWau8VIIQjUkpm1_zyBMSa5a8Fcnx=w408-h612-k-no,true,9 am–4:30 pm,9 am–4:30 pm,9 am–4:30 pm,9 am–4:30 pm,Closed,Closed,9 am–4:30 pm,"https://www.google.com/maps/search/vein+clinics+in+Benton+Shreveport+LA/@32.5130159,-93.7514874,14z",2025-12-16T22:37:57.997Z,,,
https://www.google.com/maps/place/The+Benton+Aesthetician/data=!4m7!3m6!1s0x863135006a2de9b7:0x5d32c9c5699ab911!8m2!3d32.5966782!4d-93.7122703!16s%2Fg%2F11m75sw36m!19sChIJt-ktagA1MYYREbmaacXJMl0,The Benton Aesthetician,5.0,1,Medical spa,"182 Barclay Blvd ste 104, Bossier City, LA 71111, United States","H7WQ+M3 Bossier City, Louisiana, USA",http://thebentonaesthetician.square.site/,+1 318-218-2839,,https://streetviewpixels-pa.googleapis.com/v1/thumbnail?panoid=HJK_tAZzU-kz8WTupUKZUg&cb_client=search.gws-prod.gps&w=408&h=240&yaw=121.96528&pitch=0&thumbfov=100,true,,,,,,,,"https://www.google.com/maps/search/vein+clinics+in+Benton+Shreveport+LA/@32.5130159,-93.7514874,14z",2025-12-16T22:38:00.798Z,,,
https://www.google.com/maps/place/Jade+MediSpa/data=!4m7!3m6!1s0x86312ce81382c137:0xc23c86aed921a247!8m2!3d32.424645!4d-93.72267!16s%2Fg%2F1tkc2gss!19sChIJN8GCE-gsMYYRR6Ih2a6GPMI,Jade MediSpa,4.7,48,Medical spa,"8600 Fern Ave, Shreveport, LA 71105, United States","C7FG+VW Shreveport, Louisiana, USA",https://www.wallcenter.com/jade-medispa/?utm_source=google&utm_medium=local&utm_campaign=shreveport-medspa-website,+1 318-213-1772,Closes soon · 5 pm · Opens 7 am Wed,https://lh3.googleusercontent.com/p/AF1QipPDjzJQn6wFiF7fZQnrq2Dn2MGysM-LfrXAefpe=w408-h271-k-no,true,7 am–5 pm,7 am–5 pm,7 am–5 pm,7 am–5 pm,Closed,Closed,7 am–5 pm,"https://www.google.com/maps/search/vein+clinics+in+Benton+Shreveport+LA/@32.5130159,-93.7514874,14z",2025-12-16T22:38:05.689Z,,,
"https://www.google.com/maps/place/The+Plastic+Surgery+Center,+Dr.+Forrest+P.+Wall,+MD/data=!4m7!3m6!1s0x8636d35d95e3ba67:0xaf749ff03e0300fc!8m2!3d32.3977846!4d-93.7613748!16s%2Fg%2F1thz20q0!19sChIJZ7rjlV3TNoYR_AADPvCfdK8","The Plastic Surgery Center, Dr. Forrest P. Wall, MD",4.1,35,Plastic surgeon,"385 W Bert Kouns Industrial Loop Suite 100, Shreveport, LA 71106, United States","96XQ+4F Shreveport, Louisiana, USA",https://www.wallplasticsurgery.com/,+1 318-221-1629,Closes soon · 5 pm · Opens 9 am Wed,https://lh3.googleusercontent.com/p/AF1QipOh4kdpLDtCRdka6P_VQk0vu65EzX1nlqP0lOAB=w408-h272-k-no,true,9 am–5 pm,9 am–5 pm,9 am–5 pm,9 am–5 pm,Closed,Closed,9 am–5 pm,"https://www.google.com/maps/search/vein+clinics+in+Benton+Shreveport+LA/@32.5130159,-93.7514874,14z",2025-12-16T22:38:10.615Z,LGBTQ+ friendly,,
https://www.google.com/maps/place/Highland+Clinic/data=!4m7!3m6!1s0x86312ce8ac59bc2d:0xa9861e7e1b2ad6cf!8m2!3d32.4258681!4d-93.7171112!16s%2Fg%2F11b76h0d4t!19sChIJLbxZrOgsMYYRz9YqG34ehqk,Highland Clinic,4.3,290,Medical clinic,"1455 E Bert Kouns Industrial Loop, Shreveport, LA 71105, United States","C7GM+85 Shreveport, Louisiana, USA",https://www.highlandclinic.com/?utm_source=google&utm_medium=organic&utm_campaign=gbp,+1 318-798-4500,Closes soon · 5 pm · Opens 8 am Wed,https://lh3.googleusercontent.com/p/AF1QipP29MfmWwi-ginXmnarNyBFQ5Q4TMICZaJ2UaWf=w408-h487-k-no,true,8 am–5 pm,8 am–5 pm,8 am–5 pm,8 am–5 pm,Closed,Closed,8 am–5 pm,"https://www.google.com/maps/search/vein+clinics+in+Benton+Shreveport+LA/@32.5130159,-93.7514874,14z",2025-12-16T22:38:15.624Z,,,
https://www.google.com/maps/place/Acadiana+Vascular+Clinic:+Vein+Center+of+Louisiana/data=!4m7!3m6!1s0x86249cf0f989316f:0xa109b3faacce738d!8m2!3d30.1710305!4d-92.0269215!16s%2Fg%2F1tlgy9d8!19sChIJbzGJ-fCcJIYRjXPOrPqzCaE,Acadiana Vascular Clinic: Vein Center of Louisiana,4.9,388,Vascular surgeon,"129 Rue Louis XIV, Lafayette, LA 70508, United States","5XCF+C6 Lafayette, Louisiana, USA",https://acadianavascular.com/,+1 337-289-9700,Closed · Opens 7:30 am Wed,https://lh3.googleusercontent.com/p/AF1QipOigCvl9w-LHCc4jhF2_rdW-rXGj7PNtW8oBPN0=w427-h240-k-no,true,7:30 am–4:30 pm,7:30 am–4 pm,7:30 am–4:30 pm,7:30 am–2 pm,Closed,Closed,7:30 am–5 pm,"https://www.google.com/maps/search/vein+clinics+in+Benton+Shreveport+LA/@32.5130159,-93.7514874,14z",2025-12-16T22:38:20.626Z,,,
https://www.google.com/maps/place/Willis-Knighton+Bossier+Health+Center:+Emergency+Room/data=!4m7!3m6!1s0x863133692d21cfc5:0xd584418f6481d040!8m2!3d32.5582856!4d-93.7182013!16s%2Fg%2F1jkw57k3v!19sChIJxc8hLWkzMYYRQNCBZI9BhNU,Willis-Knighton Bossier Health Center: Emergency Room,2.2,52,Emergency room,"2400 Hospital Dr, Bossier City, LA 71111, United States","H75J+8P Bossier City, Louisiana, USA",http://www.wkhs.com/Locations/Bossier,+1 318-212-7000,Open 24 hours,https://streetviewpixels-pa.googleapis.com/v1/thumbnail?panoid=0e9psEBMwrrBj9sC8zC1TA&cb_client=search.gws-prod.gps&w=408&h=240&yaw=90.80368&pitch=0&thumbfov=100,false,Open 24 hours,Open 24 hours,Open 24 hours,Open 24 hours,Open 24 hours,Open 24 hours,Open 24 hours,"https://www.google.com/maps/search/vein+clinics+in+Benton+Shreveport+LA/@32.5130159,-93.7514874,14z",2025-12-16T22:38:25.367Z,,,
"https://www.google.com/maps/place/Dr.+Bruce+C.+Henderson,+MD/data=!4m7!3m6!1s0x86312ce6030d0cdf:0x42d27a12cd7b89b!8m2!3d32.426265!4d-93.7186355!16s%2Fg%2F1tdm_wkv!19sChIJ3wwNA-YsMYYRm7jXLKEnLQQ","Dr. Bruce C. Henderson, MD",,,Vascular surgeon,"1455 East Bert Kouns Industrial Loop, Shreveport, LA 71105, Shreveport, LA 71115, United States",,http://www.highlandclinic.com/,+1 318-798-4500,,https://streetviewpixels-pa.googleapis.com/v1/thumbnail?panoid=wZ_Y1erapoEL1ThCKurBCg&cb_client=search.gws-prod.gps&w=408&h=240&yaw=219.19899&pitch=0&thumbfov=100,false,,,,,,,,"https://www.google.com/maps/search/vein+clinics+in+Benton+Shreveport+LA/@32.5130159,-93.7514874,14z",2025-12-16T22:38:28.102Z,,,
https://www.google.com/maps/place/Shreveport+Hyperbaric+%26+Wound+Care+Center/data=!4m7!3m6!1s0x8636cd4cbdbe42c1:0xb53aa4be550cdb29!8m2!3d32.4979716!4d-93.7447683!16s%2Fg%2F1tf6s513!19sChIJwUK-vUzNNoYRKdsMVb6kOrU,Shreveport Hyperbaric & Wound Care Center,5.0,3,Medical clinic,"701 Jordan St A, Shreveport, LA 71101, United States","F7X4+53 Shreveport, Louisiana, USA",http://shreveportwoundcare.com/,+1 318-221-6700,Closes soon · 5 pm · Opens 8 am Wed,https://lh3.googleusercontent.com/p/AF1QipOYiqGznzXyDXEfAfaX0fdVk7WOG3QTKwKqnGjB=w408-h270-k-no,true,8 am–5 pm,8 am–5 pm,8 am–5 pm,8 am–12 pm,Closed,Closed,8 am–5 pm,"https://www.google.com/maps/search/vein+clinics+in+Bossier+City+Shreveport+LA/@32.5159852,-93.7321228,14z",2025-12-16T22:38:49.587Z,,,
https://www.google.com/maps/place/TruWellness+Medical+Clinic/data=!4m7!3m6!1s0x863133cd8175371b:0x215ce93a4575a062!8m2!3d32.5391899!4d-93.709385!16s%2Fg%2F11ln_zk1_j!19sChIJGzd1gc0zMYYRYqB1RTrpXCE,TruWellness Medical Clinic,5.0,3,Medical clinic,"2801 Northside Dr suite 11, Bossier City, LA 71111, United States","G7QR+M6 Bossier City, Louisiana, USA",http://na02.patientnow.com/a/TRUWELLNESSBOSSIER,+1 318-550-5160,,https://streetviewpixels-pa.googleapis.com/v1/thumbnail?panoid=NIPdF8_akFzUDgEQEqLGCQ&cb_client=search.gws-prod.gps&w=408&h=240&yaw=232.9417&pitch=0&thumbfov=100,true,,,,,,,,"https://www.google.com/maps/search/vein+clinics+in+Bossier+City+Shreveport+LA/@32.5159852,-93.7321228,14z",2025-12-16T22:38:54.560Z,LGBTQ+ friendly,,
https://www.google.com/maps/place/Willis+Knighton+Cardiology+-+North/data=!4m7!3m6!1s0x8636cd7e993ea363:0xeade5b2d09745389!8m2!3d32.4847312!4d-93.7794493!16s%2Fg%2F11c2p7xv83!19sChIJY6M-mX7NNoYRiVN0CS1b3uo,Willis Knighton Cardiology - North,4.9,681,Medical clinic,"2727 Hearne Ave Suite 301, Shreveport, LA 71103, United States","F6MC+V6 Shreveport, Louisiana, USA",http://www.wkcardiology.com/,+1 318-631-6400,Closes soon · 5 pm · Opens 8 am Wed,https://lh3.googleusercontent.com/gps-cs-s/AG0ilSxEbThOUtjUtWxp38DMzkxza4NM08klslpVZYxbNkzYzZg66im-s54e4znijRoWmTsxeZXMvLxplIdJlCoNHvepECPakKZHSoQamE7M5vNCizeLZgqoK5gBVzA4x29zs48EcNf2=w408-h543-k-no,true,8 am–5 pm,8 am–5 pm,8 am–5 pm,8 am–5 pm,Closed,Closed,8 am–5 pm,"https://www.google.com/maps/search/vein+clinics+in+Bossier+City+Shreveport+LA/@32.5159852,-93.7321228,14z",2025-12-16T22:38:59.518Z,,,
"https://www.google.com/maps/place/Dr.+William+B.+Eaves,+II,+MD/data=!4m7!3m6!1s0x8636cd7e98ba035b:0xdda1ff58a3960525!8m2!3d32.5582296!4d-93.7182413!16s%2Fg%2F1tf6s514!19sChIJWwO6mH7NNoYRJQWWo1j_od0","Dr. William B. Eaves, II, MD",4.9,114,Cardiologist,"2400 Hospital Dr UNIT 350, Bossier City, LA 71111, United States","H75J+7P Bossier City, Louisiana, USA",https://directory.wkhs.com/provider/dr-william-b-eaves-ii-md,+1 318-752-2328,Closes soon · 5 pm · Opens 8 am Wed,https://lh3.googleusercontent.com/p/AF1QipMYK5SUkSFJqeWldSE-JsFB5FtRK7yji1GJTOGA=w408-h408-k-no,true,8 am–5 pm,8 am–5 pm,8 am–5 pm,8 am–5 pm,Closed,Closed,8 am–5 pm,"https://www.google.com/maps/search/vein+clinics+in+Bossier+City+Shreveport+LA/@32.5159852,-93.7321228,14z",2025-12-16T22:39:04.732Z,,,
https://www.google.com/maps/place/Shreveport+Surgery+Center+Ltd/data=!4m7!3m6!1s0x8636cd5285500dd1:0xf8abd6548b55c5e3!8m2!3d32.4924912!4d-93.7456157!16s%2Fg%2F1td6slw0!19sChIJ0Q1QhVLNNoYR48VVi1TWq_g,Shreveport Surgery Center Ltd,5.0,7,Medical Center,"745 Olive St #100, Shreveport, LA 71104, United States","F7R3+XQ Shreveport, Louisiana, USA",,+1 318-227-1163,,https://streetviewpixels-pa.googleapis.com/v1/thumbnail?panoid=V2D2wMJ_JNcVtoqSR97H8g&cb_client=search.gws-prod.gps&w=408&h=240&yaw=123.612656&pitch=0&thumbfov=100,false,,,,,,,,"https://www.google.com/maps/search/vein+clinics+in+Bossier+City+Shreveport+LA/@32.5159852,-93.7321228,14z",2025-12-16T22:39:07.420Z,,,
https://www.google.com/maps/place/820+Jordan/data=!4m7!3m6!1s0x8636cd4bf15d6901:0x42d36cdff5654c99!8m2!3d32.4991767!4d-93.7475654!16s%2Fg%2F11hdw8z2sb!19sChIJAWld8UvNNoYRmUxl9d9s00I,820 Jordan,4.7,63,Business center,"820 Jordan St, Shreveport, LA 71101, United States","F7X2+MX Shreveport, Louisiana, USA",,,,https://lh3.googleusercontent.com/gps-cs-s/AG0ilSzPJ4837h04OCXyeBIbNIHmooK7zM3vlttx_2ZKzciSd9toxGHQNy3NgjZOSADL84wC1mwRRSS4b3KqcOCfUa8dXyYRaJ-Az1GnMjbZhkQr07SX9O8rYnTU30b53LD4S1eY-LaTsg=w408-h544-k-no,false,,,,,,,,"https://www.google.com/maps/search/vein+clinics+in+Bossier+City+Shreveport+LA/@32.5159852,-93.7321228,14z",2025-12-16T22:39:10.407Z,,,
https://www.google.com/maps/place/WK+Bossier+Surgical+Associates/data=!4m7!3m6!1s0x86313369377c8351:0x5b5f4d3ca896d809!8m2!3d32.5583315!4d-93.7181922!16s%2Fg%2F1th0n88z!19sChIJUYN8N2kzMYYRCdiWqDxNX1s,WK Bossier Surgical Associates,4.9,100,Surgical center,"2400 Hospital Dr UNIT 250, Bossier City, LA 71111, United States","H75J+8P Bossier City, Louisiana, USA",https://www.wkbsa.com/,+1 318-746-4460,Closes soon · 5 pm · Opens 8 am Wed,https://streetviewpixels-pa.googleapis.com/v1/thumbnail?panoid=DCY-9yRBsNM_x3eIVPwKlw&cb_client=search.gws-prod.gps&w=408&h=240&yaw=343.37296&pitch=0&thumbfov=100,true,8 am–5 pm,8 am–5 pm,8 am–5 pm,8 am–5 pm,Closed,Closed,8 am–5 pm,"https://www.google.com/maps/search/vein+clinics+in+Bossier+City+Shreveport+LA/@32.5159852,-93.7321228,14z",2025-12-16T22:39:15.325Z,,,
https://www.google.com/maps/place/Premier+Medicine/data=!4m7!3m6!1s0x863131e649a8c2df:0xa82b91ddbbe81b6b!8m2!3d32.5538987!4d-93.6619674!16s%2Fg%2F11j8x6f_4d!19sChIJ38KoSeYxMYYRaxvou92RK6g,Premier Medicine,5.0,19,Health spa,"5015 Shed Rd Suite 400, Bossier City, LA 71111, United States","H83Q+H6 Bossier City, Louisiana, USA",https://premiermedicinellc.com/,+1 318-655-8525,"Closes soon · 5 pm · Opens 8:30 am Wed

Confirmed by this business 5 weeks ago",https://lh3.googleusercontent.com/p/AF1QipMOlvfDh_WUYbiAqBKQrrOexN5e8_C1seXBRyyd=w408-h272-k-no,true,8:30 am–5 pm,8:30 am–5 pm,8:30 am–5 pm,8:30 am–5 pm,Closed,Closed,8:30 am–5 pm,"https://www.google.com/maps/search/vein+clinics+in+Bossier+City+Shreveport+LA/@32.5159852,-93.7321228,14z",2025-12-16T22:39:20.251Z,,,
https://www.google.com/maps/place/Tap+%26+Zap+Laser+Spa/data=!4m7!3m6!1s0x8631356461a01b75:0x1d8720a9c2a0ef3!8m2!3d32.5966781!4d-93.7123067!16s%2Fg%2F11snrsd5gh!19sChIJdRugYWQ1MYYR8w4qnApy2AE,Tap & Zap Laser Spa,5.0,87,Tattoo removal service,"182 Barclay Blvd Suite 102, Bossier City, LA 71111, United States","H7WQ+M3 Bossier City, Louisiana, USA",https://www.tzlaserspa.com/,+1 318-613-4353,Closes soon · 5 pm · Opens 9 am Wed,https://lh3.googleusercontent.com/p/AF1QipMCqHlJ11joUnV920dlLLhggiaEfgy5GueCSRh8=w408-h544-k-no,true,9 am–5 pm,9 am–5 pm,9 am–5 pm,9 am–5 pm,10 am–2 pm,Closed,9 am–5 pm,"https://www.google.com/maps/search/vein+clinics+in+Bossier+City+Shreveport+LA/@32.5159852,-93.7321228,14z",2025-12-16T22:39:25.312Z,Identifies as veteran-owned,,
"https://www.google.com/maps/place/Dr.+Sarah+E.+Glorioso,+MD/data=!4m7!3m6!1s0x86313369b3b897f1:0x4655bd2e47f9c233!8m2!3d32.5586204!4d-93.7214355!16s%2Fg%2F1tdgq5wy!19sChIJ8Ze4s2kzMYYRM8L5Ry69VUY","Dr. Sarah E. Glorioso, MD",4.9,398,Dermatologist,"2300 Hospital Dr Suite 400, Bossier City, LA 71111, United States","H75H+CC Bossier City, Louisiana, USA",https://directory.wkhs.com/provider/dr-sarah-e-glorioso-md,+1 318-212-7800,Closes soon · 5 pm · Opens 8 am Wed,https://lh3.googleusercontent.com/p/AF1QipNiRYX0956xfjatuyIadw6VKjv1X1_gGb6b5DrQ=w408-h408-k-no,true,8 am–5 pm,8 am–5 pm,8 am–5 pm,8 am–5 pm,Closed,Closed,8 am–5 pm,"https://www.google.com/maps/search/vein+clinics+in+Bossier+City+Shreveport+LA/@32.5159852,-93.7321228,14z",2025-12-16T22:39:36.964Z,LGBTQ+ friendly,,
"https://www.google.com/maps/place/Dr.+Josephine+M.+Futrell,+MD/data=!4m7!3m6!1s0x86313369b3b897f1:0x1520d960465d55e7!8m2!3d32.5584625!4d-93.7214515!16s%2Fg%2F1tdc5ljm!19sChIJ8Ze4s2kzMYYR51VdRmDZIBU","Dr. Josephine M. Futrell, MD",4.7,223,Dermatologist,"2300 Hospital Dr Suite 400, Bossier City, LA 71111, United States","H75H+9C Bossier City, Louisiana, USA",https://directory.wkhs.com/provider/dr-josephine-m-futrell-md-phd,+1 318-212-7800,Closes soon · 5 pm · Opens 8 am Wed,https://lh3.googleusercontent.com/p/AF1QipP2IQR0BLoXWgJgrr-sVZUVHx42X14zofpb7KKV=w408-h408-k-no,true,8 am–5 pm,8 am–5 pm,8 am–5 pm,8 am–5 pm,Closed,Closed,8 am–5 pm,"https://www.google.com/maps/search/vein+clinics+in+Bossier+City+Shreveport+LA/@32.5159852,-93.7321228,14z",2025-12-16T22:39:41.829Z,LGBTQ+ friendly,,
https://www.google.com/maps/place/BioLife+Plasma+Services/data=!4m7!3m6!1s0x863133c161e7dc97:0x7f2a6b7df3ee58e8!8m2!3d32.530671!4d-93.7002839!16s%2Fg%2F11lcfy0tpt!19sChIJl9znYcEzMYYR6Fju831rKn8,BioLife Plasma Services,4.2,224,Blood donation center,"3047 E Texas St, Bossier City, LA 71111, United States","G7JX+7V Bossier City, Louisiana, USA","https://www.biolifeplasma.com/locations/louisiana/bossier-city?utm_source=google&utm_medium=organic&utm_campaign=tom:reputationdotcom::bossier-city,%20la:03022024",+1 318-647-6975,Open · Closes 7 pm,https://lh3.googleusercontent.com/gps-cs-s/AG0ilSxf0bWi_CwLZnIffcCMNTtY741DcO-1JsLZL-biMw6czpUZemq9pt_CEAsYmHiowtcG49m2za2sY-sY6XCE7QD4N4ctSyIbKDVlWEF8fINIjFOoTkx9hKZCyEWABsqK0aysTPA=w408-h544-k-no,true,9 am–7 pm,9 am–7 pm,9 am–7 pm,9 am–5 pm,7 am–3 pm,Closed,Closed,"https://www.google.com/maps/search/vein+clinics+in+Bossier+City+Shreveport+LA/@32.5159852,-93.7321228,14z",2025-12-16T22:39:46.952Z,,,
https://www.google.com/maps/place/Jerius+John+T+MD/data=!4m7!3m6!1s0x8636cd4fc5f4ff11:0x4d82c0599f26ac64!8m2!3d32.4943743!4d-93.7515236!16s%2Fg%2F1v9gvvh6!19sChIJEf_0xU_NNoYRZKwmn1nAgk0,Jerius John T MD,,,Vascular surgeon,"1801 Fairfield Ave # 210, Shreveport, LA 71101, United States","F6VX+P9 Shreveport, Louisiana, USA",,+1 318-681-4543,,https://streetviewpixels-pa.googleapis.com/v1/thumbnail?panoid=E0x44_HwvvdZM91khIhehA&cb_client=search.gws-prod.gps&w=408&h=240&yaw=67.07333&pitch=0&thumbfov=100,false,,,,,,,,"https://www.google.com/maps/search/vein+clinics+in+Bossier+City+Shreveport+LA/@32.5159852,-93.7321228,14z",2025-12-16T22:39:49.640Z,,,
,,,,,,,,,,,,,,,,,,,"https://www.google.com/maps/search/vein+clinics+in+Red+Chute+Shreveport+LA/@32.5559838,-93.6132317,14z",2025-12-16T22:40:11.627Z,,No new results found,
"https://www.google.com/maps/place/Dr.+Fredrick+W.+Knight,+MD/data=!4m7!3m6!1s0x8636cd7c18ef41b1:0x704da57b9c1b08e6!8m2!3d32.4847072!4d-93.7784017!16s%2Fg%2F1ttdytw0!19sChIJsUHvGHzNNoYR5ggbnHulTXA","Dr. Fredrick W. Knight, MD",5.0,3,Vascular surgeon,"2751 Albert L Bicknell Dr Suite 5A, Shreveport, LA 71103, United States","F6MC+VJ Shreveport, Louisiana, USA",https://directory.wkhs.com/provider/dr-fredrick-w-knight-md,+1 318-212-6688,Closed · Opens 8 am Wed,https://lh3.googleusercontent.com/p/AF1QipOHYXHO-PR07JwH5Uel1K3IC89cOGMygLTwjGiF=w408-h408-k-no,true,8 am–4:30 pm,8 am–4:30 pm,8 am–4:30 pm,8 am–4:30 pm,Closed,Closed,8 am–4:30 pm,"https://www.google.com/maps/search/vein+clinics+in+Eastwood+Shreveport+LA/@32.5130159,-93.7514874,14z",2025-12-16T22:40:32.674Z,,,
https://www.google.com/maps/place/WK+Robotic+%26+Laparoscopic+Surgery/data=!4m7!3m6!1s0x8636cd7c3c9287d7:0x31ef8d5c48039a17!8m2!3d32.483572!4d-93.778256!16s%2Fg%2F11d_db0lfs!19sChIJ14eSPHzNNoYRF5oDSFyN7zE,WK Robotic & Laparoscopic Surgery,4.8,125,Surgical center,"2551 Greenwood Rd Suite 311, Shreveport, LA 71103, United States","F6MC+CM Shreveport, Louisiana, USA",https://www.wkrlsc.com/,+1 318-212-6270,Closes soon · 5 pm · Opens 8 am Wed,https://lh3.googleusercontent.com/p/AF1QipO0OZrGO2jnJRtf_gPctlUnZiwt2PUJ7K9UU1IA=w480-h240-k-no,true,8 am–5 pm,8 am–5 pm,8 am–5 pm,8 am–5 pm,Closed,Closed,8 am–5 pm,"https://www.google.com/maps/search/vein+clinics+in+Eastwood+Shreveport+LA/@32.5130159,-93.7514874,14z",2025-12-16T22:40:37.569Z,,,
"https://www.google.com/maps/place/Dr.+Tyler+Lash,+MD/data=!4m7!3m6!1s0x8636cd7e089b8161:0x4896b3f2c71be1eb!8m2!3d32.4814726!4d-93.7792777!16s%2Fg%2F11fxvkpbhm!19sChIJYYGbCH7NNoYR6-Ebx_Kzlkg","Dr. Tyler Lash, MD",4.9,211,Oncologist,"2600 Kings Hwy #340, Shreveport, LA 71103, United States","F6JC+H7 Shreveport, Louisiana, USA",https://directory.wkhs.com/provider/dr-tyler-d-lash-md,+1 318-212-8620,Closes soon · 5 pm · Opens 8 am Wed,https://lh3.googleusercontent.com/p/AF1QipMq5vlMUC3j_lFEIPVzt9VbTS84UIB0BSSJOtKu=w408-h408-k-no,true,8 am–5 pm,8 am–5 pm,8 am–5 pm,8 am–5 pm,Closed,Closed,8 am–5 pm,"https://www.google.com/maps/search/vein+clinics+in+Eastwood+Shreveport+LA/@32.5130159,-93.7514874,14z",2025-12-16T22:40:42.462Z,,,
https://www.google.com/maps/place/The+Beautyful+Secret/data=!4m7!3m6!1s0x86312d1164e76e0d:0x2728d4a0a3e4c9c!8m2!3d32.4816031!4d-93.7058313!16s%2Fg%2F11lt_6619y!19sChIJDW7nZBEtMYYRnEw-CkqNcgI,The Beautyful Secret,5.0,31,Medical spa,"3000 Knight St bldg 5 suite 301, Shreveport, LA 71105, United States","F7JV+JM Shreveport, Louisiana, USA",https://www.thebeautyfulsecret.com/,+1 318-670-7813,"Open · Closes 7 pm

Updated by this business 6 weeks ago",https://lh3.googleusercontent.com/gps-cs-s/AG0ilSzLCP1FJvb3Tomx7CSPEUkHPBnnGgiqQQpTJ2K83aiyiEfJgrjZnN4Pd-MA0Uq_LrxMzkalbrfTSaYciOniL_tT8c7nz157WVUcIPfyThHjbxB4ErDMXfiupy1JAwa4INgOpsKNGg=w408-h544-k-no,true,10 am–7 pm,10 am–7 pm,10 am–7 pm,10 am–5 pm,8:30 am–2 pm,Closed,10 am–7 pm,"https://www.google.com/maps/search/vein+clinics+in+Eastwood+Shreveport+LA/@32.5130159,-93.7514874,14z",2025-12-16T22:40:47.504Z,LGBTQ+ friendly,,true
"https://www.google.com/maps/place/Vyas+R.+Rao,+MBBS/data=!4m7!3m6!1s0x8636d3933d415e1d:0x2cfc7701b0e7d33b!8m2!3d32.4825889!4d-93.7638288!16s%2Fg%2F11fvr4pxxj!19sChIJHV5BPZPTNoYRO9PnsAF3_Cw","Vyas R. Rao, MBBS",5.0,1,Cardiovascular and thoracic surgeon,"1606 Kings Hwy, Shreveport, LA 71103, United States","F6MP+2F Shreveport, Louisiana, USA",https://www.ochsnerlsuhs.org/doctors/vyas-rao?utm_source=ExtNet&utm_medium=Yext&y_source=1_MTU4MzE2NDktNzE1LWxvY2F0aW9uLndlYnNpdGU%3D,+1 318-626-0612,,https://streetviewpixels-pa.googleapis.com/v1/thumbnail?panoid=1CjKT4Ig15CwykWo8vk_7g&cb_client=search.gws-prod.gps&w=408&h=240&yaw=323.37006&pitch=0&thumbfov=100,true,,,,,,,,"https://www.google.com/maps/search/vein+clinics+in+Eastwood+Shreveport+LA/@32.5130159,-93.7514874,14z",2025-12-16T22:40:50.207Z,,,
,,,,,,,,,,,,,,,,,,,"https://www.google.com/maps/search/vein+clinics+in+Greenwood+Shreveport+LA/@32.5130159,-93.7514874,14z",2025-12-16T22:41:12.724Z,,No new results found,
https://www.google.com/maps/place/Sarpy+Medical+Clinic/data=!4m7!3m6!1s0x8636cd8ef772a11f:0x1097a39d77941d99!8m2!3d32.4884451!4d-93.7975859!16s%2Fg%2F11j4fdghj1!19sChIJH6Fy947NNoYRmR2Ud52jlxA,Sarpy Medical Clinic,5.0,1,Medical clinic,"2500 Jewella Ave, Shreveport, LA 71109, United States","F6Q2+9X Shreveport, Louisiana, USA",,,,https://streetviewpixels-pa.googleapis.com/v1/thumbnail?panoid=7no80HOfO6btfOk3y71OuQ&cb_client=search.gws-prod.gps&w=408&h=240&yaw=193.3509&pitch=0&thumbfov=100,false,,,,,,,,"https://www.google.com/maps/search/vein+clinics+in+Sibley+Shreveport+LA/@32.5130159,-93.7514874,14z",2025-12-16T22:41:31.756Z,,,
https://www.google.com/maps/place/Advanced+Laser+Clinics+of+Shreveport/data=!4m7!3m6!1s0x86312cfc75fe567d:0xfa1d234e7672fbec!8m2!3d32.447253!4d-93.745691!16s%2Fg%2F1tfbt7ph!19sChIJfVb-dfwsMYYR7Ptydk4jHfo,Advanced Laser Clinics of Shreveport,5.0,12,Medical spa,"6505 Line Ave #2, Shreveport, LA 71106, United States","C7W3+WP Shreveport, Louisiana, USA",http://www.alcshreveport.com/,+1 318-795-0666,Open · Closes 6:30 pm,https://streetviewpixels-pa.googleapis.com/v1/thumbnail?panoid=pTAoBsqbgx25U78JnJJxyQ&cb_client=search.gws-prod.gps&w=408&h=240&yaw=53.071438&pitch=0&thumbfov=100,true,9 am–6:30 pm,9 am–5 pm,9 am–6:30 pm,9 am–5 pm,9 am–12 pm,Closed,9 am–5 pm,"https://www.google.com/maps/search/vein+clinics+in+Sibley+Shreveport+LA/@32.5130159,-93.7514874,14z",2025-12-16T22:41:43.606Z,,,
"https://www.google.com/maps/place/Dr.+Kevin+M.+Langlois,+MD/data=!4m7!3m6!1s0x8636cd754cabc8fd:0x69fb98eb2800bcce!8m2!3d32.4835717!4d-93.7782559!16s%2Fg%2F11g0v_s027!19sChIJ_cirTHXNNoYRzrwAKOuY-2k","Dr. Kevin M. Langlois, MD",5.0,1,Pulmonologist,"2551 Greenwood Rd Suite 210, Shreveport, LA 71103, United States","F6MC+CM Shreveport, Louisiana, USA",https://directory.wkhs.com/provider/dr-kevin-m-langlois-md,+1 318-212-8159,Closes soon · 5 pm · Opens 8 am Wed,https://lh3.googleusercontent.com/p/AF1QipPOrBdyK1euNM-LvR6U-gRPcc0xZY9HDlM76Vas=w408-h510-k-no,true,8 am–5 pm,8 am–5 pm,8 am–5 pm,8 am–5 pm,Closed,Closed,8 am–5 pm,"https://www.google.com/maps/search/vein+clinics+in+Sibley+Shreveport+LA/@32.5130159,-93.7514874,14z",2025-12-16T22:41:48.520Z,,,
https://www.google.com/maps/place/WK+Lung+Specialists+-+North/data=!4m7!3m6!1s0x8636cd4d5c90c56d:0x1632918181f7d275!8m2!3d32.4848629!4d-93.7784056!16s%2Fg%2F11gj0w39cm!19sChIJbcWQXE3NNoYRddL3gYGRMhY,WK Lung Specialists - North,,,Medical clinic,"2751 Albert L Bicknell Dr #2c, Shreveport, LA 71103, United States","F6MC+WJ Shreveport, Louisiana, USA",,+1 318-212-8159,Closes soon · 5 pm · Opens 8 am Wed,https://streetviewpixels-pa.googleapis.com/v1/thumbnail?panoid=PDnSey9V6pk45vblKb4Rew&cb_client=search.gws-prod.gps&w=408&h=240&yaw=78.452324&pitch=0&thumbfov=100,true,8 am–5 pm,8 am–5 pm,8 am–5 pm,8 am–5 pm,Closed,Closed,8 am–5 pm,"https://www.google.com/maps/search/vein+clinics+in+Sibley+Shreveport+LA/@32.5130159,-93.7514874,14z",2025-12-16T22:41:53.268Z,,,
https://www.google.com/maps/place/MedCentris+Wound+Healing+Institute+Shreveport/data=!4m7!3m6!1s0x8636cd91c65f4a75:0x7392bf9a6ea7d368!8m2!3d32.494386!4d-93.7515028!16s%2Fg%2F11fnr5sns7!19sChIJdUpfxpHNNoYRaNOnbpq_knM,MedCentris Wound Healing Institute Shreveport,4.2,13,Medical clinic,"1801 Fairfield Ave Suite 408, Shreveport, LA 71101, United States","F6VX+Q9 Shreveport, Louisiana, USA",https://www.medcentris.com/locations/shreveport-wound-care-clinic,+1 318-239-7045,Closes soon · 5 pm · Opens 8 am Wed,https://lh3.googleusercontent.com/p/AF1QipP3VYn2nZP8TSZsClBTXEThsSKr9fdm2SBNr2pD=w408-h272-k-no,true,8 am–5 pm,8 am–5 pm,8 am–5 pm,8 am–5 pm,Closed,Closed,8 am–5 pm,"https://www.google.com/maps/search/vein+clinics+in+Haughton+Shreveport+LA/@32.5130159,-93.7514874,14z",2025-12-16T22:42:14.664Z,,,
https://www.google.com/maps/place/Minden+Medical+Clinic+Of+Haughton/data=!4m7!3m6!1s0x86313b7f6a8a9e8d:0xa56d2bd7b43a5cf1!8m2!3d32.544696!4d-93.49549!16s%2Fg%2F11pwd25bb0!19sChIJjZ6Kan87MYYR8Vw6tNcrbaU,Minden Medical Clinic Of Haughton,4.3,29,Medical clinic,"170 Healthcare Plaza Drive, Haughton, LA 71037, United States","GGV3+VR Haughton, Louisiana, USA",https://mindenmedicalcenter.com/mmchaughton/?utm_source=google&utm_medium=organic&utm_campaign=gbp,+1 318-706-0022,Open · Closes 7 pm,https://lh3.googleusercontent.com/gps-cs-s/AG0ilSyguyct4aT2LGwV50TEiXbrxwNiLsD54IJfUTOb65O2i9GC58dHwCVphqo1sUOQJR2SpCtLdJkzhLyoFFFo-aVlJ6CTOxMxunpdmxZ6uDsUqkROy95RM5yz20RRbPPz_BvkdVb4=w408-h306-k-no,true,7 am–7 pm,7 am–7 pm,7 am–7 pm,7 am–7 pm,Closed,Closed,7 am–7 pm,"https://www.google.com/maps/search/vein+clinics+in+Haughton+Shreveport+LA/@32.5130159,-93.7514874,14z",2025-12-16T22:42:19.683Z,,,
,,,,,,,,,,,,,,,,,,,"https://www.google.com/maps/search/vein+clinics+in+Shreveport+Shreveport+LA/@32.5130159,-93.7514874,14z",2025-12-16T22:42:48.855Z,,No new results found,
,,,,,,,,,,,,,,,,,,,"https://www.google.com/maps/search/vein+clinics+in+Minden+Shreveport+LA/@32.5130159,-93.7514874,14z",2025-12-16T22:43:03.778Z,,No new results found,
https://www.google.com/maps/place/Blanchard+Medical/data=!4m7!3m6!1s0x8636c9a6f303a9e9:0x6ad2ec2203202531!8m2!3d32.6052889!4d-93.8490393!16s%2Fg%2F11r2hll7x2!19sChIJ6akD86bJNoYRMSUgAyLs0mo,Blanchard Medical,4.0,26,Medical clinic,"5948 N Market St, Shreveport, LA 71107, United States","J542+49 Shreveport, Louisiana, USA",https://ncmcla.com/clinic-blanchard-medical/,+1 318-375-0001,Closes soon · 5 pm · Opens 8 am Wed,https://lh3.googleusercontent.com/p/AF1QipNlg6jCYv3FlTNv67jhApgS4ErtI_bi0r5izTdc=w408-h272-k-no,true,8 am–5 pm,8 am–5 pm,8 am–5 pm,8 am–5 pm,Closed,Closed,8 am–5 pm,"https://www.google.com/maps/search/vein+clinics+in+Blanchard+Shreveport+LA/@32.580983,-93.8926813,14z",2025-12-16T22:43:30.440Z,,,
"https://www.google.com/maps/place/HealthCARE+Express+Urgent+Care+-+Shreveport,+LA/data=!4m7!3m6!1s0x8636c96ebd440d9b:0x1f899af097f50af0!8m2!3d32.5983631!4d-93.8397487!16s%2Fg%2F11dx9208gc!19sChIJmw1EvW7JNoYR8Ar1l_CaiR8","HealthCARE Express Urgent Care - Shreveport, LA",4.8,957,Urgent care center,"4526 Northport Blvd, Shreveport, LA 71107, United States","H5X6+84 Shreveport, Louisiana, USA",https://www.gohce.com/locations/louisiana/shreveport/blanchard/,+1 318-935-9626,Open · Closes 8 pm,https://lh3.googleusercontent.com/p/AF1QipPGus9mRLrS6QpxBTj87n4aIcyMd3QkHesnf_7F=w408-h408-k-no,true,8 am–8 pm,8 am–8 pm,8 am–8 pm,8 am–8 pm,8 am–4 pm,Closed,8 am–8 pm,"https://www.google.com/maps/search/vein+clinics+in+Blanchard+Shreveport+LA/@32.580983,-93.8926813,14z",2025-12-16T22:43:35.393Z,Identifies as veteran-owned,,
"https://www.google.com/maps/place/Jody+D.+Chance,+MD/data=!4m7!3m6!1s0x8636a36227b3febb:0x4fa8599f4e98dcc8!8m2!3d32.6053572!4d-93.8490717!16s%2Fg%2F1tp1z5n1!19sChIJu_6zJ2KjNoYRyNyYTp9ZqE8","Jody D. Chance, MD",4.3,11,Family practice physician,"5948 N Market St, Shreveport, LA 71107, United States","J542+49 Shreveport, Louisiana, USA",,+1 318-375-3235,,https://lh3.googleusercontent.com/p/AF1QipPlzyXOQm5bnNg2ryEijoI4-_RSOdErCUuVfbyF=w408-h306-k-no,true,,,,,,,,"https://www.google.com/maps/search/vein+clinics+in+Blanchard+Shreveport+LA/@32.580983,-93.8926813,14z",2025-12-16T22:43:38.475Z,,,
https://www.google.com/maps/place/Vivian+Medical+%26+Surgical/data=!4m7!3m6!1s0x8636a36227b3febb:0xe8ccd4c8ebb6d796!8m2!3d32.8634653!4d-93.9881715!16s%2Fg%2F1vxvj6yw!19sChIJu_6zJ2KjNoYRlte268jUzOg,Vivian Medical & Surgical,4.6,11,Medical clinic,"815 S Pine St, Vivian, LA 71082, United States","V276+9P Vivian, Louisiana, USA",https://ncmcla.com/clinic-vivian-medical-surgical/,+1 318-375-3239,Closes soon · 5 pm · Opens 8 am Wed,https://lh3.googleusercontent.com/p/AF1QipMXHL15Pxu438-1CWyuGQZohsyxVXawQKmF5-0C=w408-h272-k-no,true,8 am–5 pm,8 am–5 pm,8 am–5 pm,8 am–5 pm,Closed,Closed,8 am–5 pm,"https://www.google.com/maps/search/vein+clinics+in+Vivian+Shreveport+LA/@32.4656881,-93.7726712,14z",2025-12-16T22:43:58.610Z,,,
"https://www.google.com/maps/place/Brad+Chauvin,+MD/data=!4m7!3m6!1s0x8636d31b495f8a03:0xff1db2ba3340ee0!8m2!3d32.4825889!4d-93.7638288!16s%2Fg%2F11jh4s5txp!19sChIJA4pfSRvTNoYR4A40oyvb8Q8","Brad Chauvin, MD",4.4,51,Orthopedic surgeon,"1606 Kings Hwy, Shreveport, LA 71103, United States","F6MP+2F Shreveport, Louisiana, USA",https://www.ochsnerlsuhs.org/doctors/brad-chauvin?utm_source=ExtNet&utm_medium=Yext&y_source=1_MTU4MzE0NzMtNzE1LWxvY2F0aW9uLndlYnNpdGU%3D,+1 318-626-2280,,https://streetviewpixels-pa.googleapis.com/v1/thumbnail?panoid=1CjKT4Ig15CwykWo8vk_7g&cb_client=search.gws-prod.gps&w=408&h=240&yaw=323.37006&pitch=0&thumbfov=100,true,,,,,,,,"https://www.google.com/maps/search/vein+clinics+in+Vivian+Shreveport+LA/@32.4656881,-93.7726712,14z",2025-12-16T22:44:01.562Z,,,
https://www.google.com/maps/place/Dci+1322/data=!4m7!3m6!1s0x8636cd58a4b39fd1:0x6791a187863d305c!8m2!3d32.482254!4d-93.7579803!16s%2Fg%2F11c6pn36nr!19sChIJ0Z-zpFjNNoYRXDA9hoehkWc,Dci 1322,4.7,99,Medical clinic,"1320 Kings Hwy, Shreveport, LA 71103, United States","F6JR+WR Shreveport, Louisiana, USA",,,,https://lh3.googleusercontent.com/gps-cs-s/AG0ilSzcufkQKR3hU43LY1x3e6v1NpdC0-USgWQJuikZbttV6g_wNRRg5kxMWKSXi1WmPe__y_oxFaHzJvP9IzXVLn-gL8ABuZxLVtqB5TNkJTpIBruJ7gAp5GjhvDV8z63OQOz8QPhbiA=w408-h306-k-no,false,,,,,,,,"https://www.google.com/maps/search/vein+clinics+in+Vivian+Shreveport+LA/@32.4656881,-93.7726712,14z",2025-12-16T22:44:04.440Z,,,
https://www.google.com/maps/place/North+Caddo+Medical+Center/data=!4m7!3m6!1s0x8636a36227b3febb:0xba1eb8a2ef916a74!8m2!3d32.8638392!4d-93.9883415!16s%2Fg%2F1tvw596_!19sChIJu_6zJ2KjNoYRdGqR76K4Hro,North Caddo Medical Center,3.3,56,Hospital,"815 S Pine St, Vivian, LA 71082, United States","V276+GM Vivian, Louisiana, USA",https://ncmcla.com/,+1 318-375-3235,Open 24 hours,https://lh3.googleusercontent.com/p/AF1QipNC63DVRnR3qrbf0wdgJBwMnbjr--MC-54ErCiK=w834-h240-k-no,true,Open 24 hours,Open 24 hours,Open 24 hours,Open 24 hours,Open 24 hours,Open 24 hours,Open 24 hours,"https://www.google.com/maps/search/vein+clinics+in+Vivian+Shreveport+LA/@32.4656881,-93.7726712,14z",2025-12-16T22:44:09.343Z,,,
"https://www.google.com/maps/place/Walter+J.+James,+DDS,+MD,+APC/data=!4m7!3m6!1s0x86312d7d5b0a00e3:0xa83a9662e3633194!8m2!3d32.4820051!4d-93.7114225!16s%2Fg%2F1th5_4_7!19sChIJ4wAKW30tMYYRlDFj42KWOqg","Walter J. James, DDS, MD, APC",4.7,45,Oral surgeon,"915 Shreveport Barksdale Hwy, Shreveport, LA 71105, United States","F7JQ+RC Shreveport, Louisiana, USA",https://www.shreveportoralsurgery.com/,+1 318-865-0249,Closed · Opens 8 am Wed,https://lh3.googleusercontent.com/p/AF1QipNO0TYee9OyDbH-SmKWcthUdTfRFFTk_luspYut=w426-h240-k-no,true,8 am–4:15 pm,8 am–12 pm,8 am–4:15 pm,8 am–12 pm,Closed,Closed,8 am–4:15 pm,"https://www.google.com/maps/search/vein+clinics+in+Belcher+Shreveport+LA/@32.5130159,-93.7514874,14z",2025-12-16T22:44:38.777Z,,,
https://www.google.com/maps/place/Rejuvime+Medical/data=!4m7!3m6!1s0x8636d36cd3cab74d:0xa548400d84abeae4!8m2!3d32.4574756!4d-93.7446177!16s%2Fg%2F11tnxy8r9m!19sChIJTbfK02zTNoYR5OqrhA1ASKU,Rejuvime Medical,5.0,97,Medical clinic,"4801 Line Ave #8, Shreveport, LA 71106, United States","F744+X5 Shreveport, Louisiana, USA",https://www.rejuvimemedical.com/?utm_source=google&utm_medium=local&utm_campaign=shreveport-practice-website,+1 318-408-4080,Closed · Opens 8:30 am Wed,https://lh3.googleusercontent.com/p/AF1QipN6RS_WM0sTvQyuwuy38oAqZbrTqDQE-492wrj4=w408-h544-k-no,true,8 am–4:30 pm,8:30 am–4:30 pm,8 am–4:30 pm,8 am–3:30 pm,Closed,Closed,8 am–4:30 pm,"https://www.google.com/maps/search/vein+clinics+in+Belcher+Shreveport+LA/@32.5130159,-93.7514874,14z",2025-12-16T22:44:43.687Z,LGBTQ+ friendly,,
https://www.google.com/maps/place/Pretty+Special+Medspa/data=!4m7!3m6!1s0x86312df2b55e50f5:0x238e522c63fd6ac0!8m2!3d32.4242955!4d-93.7258032!16s%2Fg%2F11ldr7jmpd!19sChIJ9VBetfItMYYRwGr9YyxSjiM,Pretty Special Medspa,5.0,108,Medical spa,"8575 Business Park Dr, Shreveport, LA 71105, United States","C7FF+PM Shreveport, Louisiana, USA",https://prettyspecialmedspa.com/?utm_source=google&utm_medium=localsearch&utm_campaign=gmb,+1 318-685-9081,Open · Closes 6:30 pm,https://lh3.googleusercontent.com/p/AF1QipMkYzdHMaqBCpe5URcUiDo0_HJw0w2HJY0IkFR3=w408-h544-k-no,true,9 am–6:30 pm,9 am–6:30 pm,9 am–6:30 pm,9 am–6 pm,9 am–4 pm,Closed,4–6:30 pm,"https://www.google.com/maps/search/vein+clinics+in+Belcher+Shreveport+LA/@32.5130159,-93.7514874,14z",2025-12-16T22:44:48.934Z,,,
https://www.google.com/maps/place/Willis+Knighton+Pierremont+Cardiology/data=!4m7!3m6!1s0x86312cfc6b4c2041:0x52478a5facf1f841!8m2!3d32.4338529!4d-93.7072609!16s%2Fg%2F11b7k8c0_z!19sChIJQSBMa_wsMYYRQfjxrF-KR1I,Willis Knighton Pierremont Cardiology,4.9,1203,Medical clinic,"1811 E Bert Kouns Industrial Loop Suite 210, Shreveport, LA 71105, United States","C7MV+G3 Shreveport, Louisiana, USA",https://www.pierremontcardiology.com/,+1 318-212-3858,Closes soon · 5 pm · Opens 8 am Wed,https://lh3.googleusercontent.com/p/AF1QipMIfyHrsN56A943W5igHxXaQ-J1CV4SPJ3olFtl=w408-h408-k-no,true,8 am–5 pm,8 am–5 pm,8 am–5 pm,8 am–5 pm,Closed,Closed,8 am–5 pm,"https://www.google.com/maps/search/vein+clinics+in+Belcher+Shreveport+LA/@32.5130159,-93.7514874,14z",2025-12-16T22:44:53.936Z,,,
https://www.google.com/maps/place/Red+River+Surgery+Center/data=!4m7!3m6!1s0x86312cc7c9b10025:0x5847794b1bfb9098!8m2!3d32.4174232!4d-93.7324676!16s%2Fg%2F1tgpnd95!19sChIJJQCxyccsMYYRmJD7G0t5R1g,Red River Surgery Center,4.7,245,Surgical center,"708 N Ashley Ridge Loop Building 400, Shreveport, LA 71106, United States","C789+X2 Shreveport, Louisiana, USA",http://amsurg.com/,+1 318-698-7000,"Closes soon · 5 pm · Opens 5:30 am Wed

Confirmed by this business 12 weeks ago",https://lh3.googleusercontent.com/p/AF1QipM0FugXgfmmZzcKo1jeBpu9N2AbBHPi5Agz02al=w408-h294-k-no,true,5:30 am–5 pm,5:30 am–5 pm,5:30 am–5 pm,5:30 am–5 pm,Closed,Closed,5:30 am–5 pm,"https://www.google.com/maps/search/vein+clinics+in+Belcher+Shreveport+LA/@32.5130159,-93.7514874,14z",2025-12-16T22:44:58.769Z,,,
"https://www.google.com/maps/place/Dialysis+Clinic,+Inc./data=!4m7!3m6!1s0x8636cd58a379fc91:0xee0588bf8062bbc!8m2!3d32.4820008!4d-93.7580259!16s%2Fg%2F1tdblc9_!19sChIJkfx5o1jNNoYRvCsG-ItY4A4","Dialysis Clinic, Inc.",4.0,1,Dialysis center,"1322 Kings Hwy, Shreveport, LA 71103, United States","F6JR+RQ Shreveport, Louisiana, USA",https://www.dciinc.org/location/shreveport/,+1 318-226-1020,Closed · Opens 6 am Wed,https://lh3.googleusercontent.com/gps-cs-s/AG0ilSyMhWNCWV5N4QIMlm9JyS4ZqPb4JUev3qhtMJcnmPTq3-CMvZT8U7DdPRLMNqLpWmM_OwW5oXl56htPhasVBR_fUKqf-69v8IX4Owv14eCbwX-7zVOaNyr8FptrLahbwrlfVuDLwA=w426-h240-k-no,true,6 am–4:30 pm,6 am–4:30 pm,6 am–4:30 pm,6 am–4:30 pm,6 am–4:30 pm,Closed,6 am–4:30 pm,"https://www.google.com/maps/search/vein+clinics+in+Belcher+Shreveport+LA/@32.5130159,-93.7514874,14z",2025-12-16T22:45:03.636Z,,,
https://www.google.com/maps/place/Geaux+Drip+IV+Bar/data=!4m7!3m6!1s0x86312db239d23a7f:0x6a7aaeffda23605e!8m2!3d32.4284124!4d-93.7411907!16s%2Fg%2F11s5z76n81!19sChIJfzrSObItMYYRXmAj2v-uemo,Geaux Drip IV Bar,5.0,94,Medical spa,"670 Albemarle Dr Suite 802, Shreveport, LA 71105, United States","C7H5+9G Shreveport, Louisiana, USA",https://www.geauxdripivbar.com/,+1 833-493-7748,Open · Closes 6 pm,https://lh3.googleusercontent.com/p/AF1QipPlddYHoevv5VdmlJweR_fJ_a2tEQ0u2T2Bnqgl=w426-h240-k-no,true,10 am–6 pm,10 am–6 pm,10 am–6 pm,10 am–6 pm,9 am–2 pm,Closed,10 am–6 pm,"https://www.google.com/maps/search/vein+clinics+in+Belcher+Shreveport+LA/@32.5130159,-93.7514874,14z",2025-12-16T22:45:08.638Z,LGBTQ+ friendly,,
"https://www.google.com/maps/place/Dr.+Iqbal+Singh,+MD/data=!4m7!3m6!1s0x86312cfe9a15d3c5:0x3c0ed3bf2ede9078!8m2!3d32.4338529!4d-93.7072609!16s%2Fg%2F11bwkycyc8!19sChIJxdMVmv4sMYYReJDeLr_TDjw","Dr. Iqbal Singh, MD",4.9,221,Cardiologist,"1811 E Bert Kouns Industrial Loop Suite 210, Shreveport, LA 71105, United States","C7MV+G3 Shreveport, Louisiana, USA",https://directory.wkhs.com/provider/dr-iqbal-singh-md,+1 318-212-3858,Closes soon · 5 pm · Opens 8 am Wed,https://lh3.googleusercontent.com/p/AF1QipOGTXxNcigjFGt-h0rakhP6XC-IHg_3PZguYA6G=w408-h408-k-no,true,8 am–5 pm,8 am–5 pm,8 am–5 pm,8 am–5 pm,Closed,Closed,8 am–5 pm,"https://www.google.com/maps/search/vein+clinics+in+Belcher+Shreveport+LA/@32.5130159,-93.7514874,14z",2025-12-16T22:45:13.528Z,,,
,,,,,,,,,,,,,,,,,,,"https://www.google.com/maps/search/vein+clinics+in+Gilliam+Shreveport+LA/@32.5130159,-93.7514874,14z",2025-12-16T22:45:28.706Z,,No new results found,
,,,,,,,,,,,,,,,,,,,"https://www.google.com/maps/search/vein+clinics+in+Waskom+Shreveport+LA/@32.4787644,-94.0596305,14z",2025-12-16T22:45:50.720Z,,No new results found,
"https://www.google.com/maps/place/Dr.+Curtis+A.+Prejean,+MD/data=!4m7!3m6!1s0x8636cd7c18ef41b1:0x70e8d340c5b220c1!8m2!3d32.485128!4d-93.77856!16s%2Fg%2F1tjt29fr!19sChIJsUHvGHzNNoYRwSCyxUDT6HA","Dr. Curtis A. Prejean, MD",5.0,1,Cardiovascular and thoracic surgeon,"2751 Albert L Bicknell Dr #5c, Shreveport, LA 71103, United States","F6PC+3H Shreveport, Louisiana, USA",https://directory.wkhs.com/provider/dr-curtis-prejean-md,+1 318-227-9777,Closes soon · 5 pm · Opens 8 am Wed,https://lh3.googleusercontent.com/p/AF1QipMUq6F8EMSRixTlaSWJc7iEK-rYsjtWPQAufqPV=w408-h408-k-no,true,8 am–5 pm,8 am–5 pm,8 am–5 pm,8 am–5 pm,Closed,Closed,8 am–5 pm,"https://www.google.com/maps/search/vein+clinics+in+Keachi+Shreveport+LA/@32.5130159,-93.7514874,14z",2025-12-16T22:46:12.181Z,,,
"https://www.google.com/maps/place/Robert+K.+White,+MD/data=!4m7!3m6!1s0x8636cd5ff31f88c9:0xa70488a987921089!8m2!3d32.4825889!4d-93.7638288!16s%2Fg%2F1tzlzb9t!19sChIJyYgf81_NNoYRiRCSh6mIBKc","Robert K. White, MD",5.0,2,Cardiovascular and thoracic surgeon,"1606 Kings Hwy, Shreveport, LA 71103, United States","F6MP+2F Shreveport, Louisiana, USA",https://www.ochsnerlsuhs.org/doctors/robert-white?utm_source=ExtNet&utm_medium=Yext&y_source=1_MTU4MzE1NDEtNzE1LWxvY2F0aW9uLndlYnNpdGU%3D,+1 318-626-0612,,https://streetviewpixels-pa.googleapis.com/v1/thumbnail?panoid=1CjKT4Ig15CwykWo8vk_7g&cb_client=search.gws-prod.gps&w=408&h=240&yaw=323.37006&pitch=0&thumbfov=100,true,,,,,,,,"https://www.google.com/maps/search/vein+clinics+in+Keachi+Shreveport+LA/@32.5130159,-93.7514874,14z",2025-12-16T22:46:14.896Z,,,
,,,,,,,,,,,,,,,,,,,"https://www.google.com/maps/search/vein+clinics+in+Lakeview+Shreveport+LA/@32.5130159,-93.7514874,14z",2025-12-16T22:46:45.602Z,,No new results found,
https://www.google.com/maps/place/Magnolia+Health+and+Wellness/data=!4m7!3m6!1s0x86372bb5f4314b7d:0xde0260d33448471b!8m2!3d32.2813948!4d-93.8001477!16s%2Fg%2F11smgcnsbv!19sChIJfUsx9LUrN4YRG0dINNNgAt4,Magnolia Health and Wellness,5.0,13,Medical spa,"316 Plantation Hills Blvd Suite B, Stonewall, LA 71078, United States","75JX+HW Stonewall, Louisiana, USA",http://magnoliahw.com/,+1 318-560-8033,Open · Closes 6 pm,https://lh3.googleusercontent.com/gps-cs-s/AG0ilSz9kIL4c_pDwj8Os0z2KV6zOxoY5i5RtXz0f1Wa_Bbzyf1axbbC8F6rRVN4h_FTJ0jj8KoriJItXRDxIrL0tc4al_njBQ9oRV5tDwydAzHuXqxi4ME5FBiLXoDl6R6qvM32oDEkzA=w408-h306-k-no,true,9 am–6 pm,9 am–6 pm,9 am–6 pm,9 am–6 pm,9 am–1 pm,Closed,9 am–6 pm,"https://www.google.com/maps/search/vein+clinics+in+Stonewall+Shreveport+LA/@32.5130159,-93.7514874,14z",2025-12-16T22:47:07.110Z,,,
https://www.google.com/maps/place/The+Wall+Center+for+Plastic+Surgery/data=!4m7!3m6!1s0x86312ce804766b47:0x8348005cc7991f81!8m2!3d32.4246336!4d-93.7227232!16s%2Fg%2F1thq122f!19sChIJR2t2BOgsMYYRgR-Zx1wASIM,The Wall Center for Plastic Surgery,4.8,244,Plastic surgery clinic,"8600 Fern Ave, Shreveport, LA 71105, United States","C7FG+VW Shreveport, Louisiana, USA",https://www.wallcenter.com/wall-center/plastic-surgery/?utm_source=google&utm_medium=local&utm_campaign=shreveport-practice-website,+1 318-795-0801,Closes soon · 5 pm · Opens 8 am Wed,https://lh3.googleusercontent.com/p/AF1QipN51C0BJCEw5oNIzJp9x2t1W_tfwM2Hx_MEh3LD=w408-h272-k-no,true,8 am–5 pm,8 am–5 pm,8 am–5 pm,8 am–5 pm,Closed,Closed,8 am–5 pm,"https://www.google.com/maps/search/vein+clinics+in+Stonewall+Shreveport+LA/@32.5130159,-93.7514874,14z",2025-12-16T22:47:19.304Z,,,
,,,,,,,,,,,,,,,,,,,"https://www.google.com/maps/search/vein+clinics+in+Oil+City+Shreveport+LA/@32.5130159,-93.7514874,14z",2025-12-16T22:47:41.620Z,,No new results found,
,,,,,,,,,,,,,,,,,,,"https://www.google.com/maps/search/vein+clinics+in+Doyline+Shreveport+LA/@32.5130159,-93.7514874,14z",2025-12-16T22:47:57.674Z,,No new results found,
,,,,,,,,,,,,,,,,,,,"https://www.google.com/maps/search/vein+clinics+in+Hosston+Shreveport+LA/@32.5130159,-93.7514874,14z",2025-12-16T22:48:22.193Z,,No new results found,
"https://www.google.com/maps/place/Paige+Bundrick,+MD/data=!4m7!3m6!1s0x8636d396b99f9d49:0x4bc5f3c24dd0eec1!8m2!3d32.4901572!4d-93.7463115!16s%2Fg%2F11hftktqyv!19sChIJSZ2fuZbTNoYRwe7QTcLzxUs","Paige Bundrick, MD",5.0,30,Plastic surgeon,"Brown O'Neal Building, 2210 Line Ave, Shreveport, LA 71104, United States","F7R3+3F Shreveport, Louisiana, USA",https://bundrickplasticsurgery.com/,+1 318-221-9671,Closes soon · 5 pm · Opens 8 am Wed,https://lh3.googleusercontent.com/p/AF1QipP2qu4sw1wzzD2GFilG3XqEnOUEAzV2QRg-Klv5=w408-h382-k-no,true,8 am–5 pm,8 am–5 pm,8 am–5 pm,8 am–5 pm,Closed,Closed,8 am–5 pm,"https://www.google.com/maps/search/vein+clinics+in+Dubberly+Shreveport+LA/@32.5130159,-93.7514874,14z",2025-12-16T22:48:43.877Z,,,
https://www.google.com/maps/place/Dixi%27s+MediSpa/data=!4m7!3m6!1s0x86312de1c0700bd3:0xce52ddb0c0549b3b!8m2!3d32.4242955!4d-93.7258032!16s%2Fg%2F11t6j9sgh4!19sChIJ0wtwwOEtMYYRO5tUwLDdUs4,Dixi's MediSpa,5.0,35,Medical spa,"8575 Business Park Dr Suite 4, Shreveport, LA 71105, United States","C7FF+PM Shreveport, Louisiana, USA",http://www.dixismedispa.com/,+1 318-734-7086,Closes soon · 5 pm · Opens 8:30 am Wed,https://lh3.googleusercontent.com/p/AF1QipOO6JxVfMWEUl4Nd3q9DdWdhxGVlS8Hdlc_rUL5=w408-h591-k-no,true,8:30 am–5 pm,8:30 am–5 pm,8:30 am–5 pm,8:30 am–5 pm,9 am–2 pm,Closed,8:30 am–5 pm,"https://www.google.com/maps/search/vein+clinics+in+Dixie+Inn+Shreveport+LA/@32.5130159,-93.7514874,14z",2025-12-16T22:49:12.796Z,,,
https://www.google.com/maps/place/Surgical+Group/data=!4m7!3m6!1s0x8636cd4fc5f4ff11:0x2b7b4bf4767469a5!8m2!3d32.4944771!4d-93.7515466!16s%2Fg%2F1vl9rw4l!19sChIJEf_0xU_NNoYRpWl0dvRLeys,Surgical Group,,,Medical clinic,"1801 Fairfield Ave # 306, Shreveport, LA 71101, United States","F6VX+Q9 Shreveport, Louisiana, USA",,+1 318-222-9419,,https://streetviewpixels-pa.googleapis.com/v1/thumbnail?panoid=E0x44_HwvvdZM91khIhehA&cb_client=search.gws-prod.gps&w=408&h=240&yaw=42.69259&pitch=0&thumbfov=100,false,,,,,,,,"https://www.google.com/maps/search/vein+clinics+in+Heflin+Shreveport+LA/@32.5130159,-93.7514874,14z",2025-12-16T22:49:40.141Z,,,
https://www.google.com/maps/place/Knight+Jr+Charles+D+MD/data=!4m7!3m6!1s0x86312ce8a6fbd2a7:0x7c042e84359c1adb!8m2!3d32.425831!4d-93.7181316!16s%2Fg%2F1hc78m0x2!19sChIJp9L7pugsMYYR2xqcNYQuBHw,Knight Jr Charles D MD,5.0,6,Vascular surgeon,"1455 E Bert Kouns Industrial Loop, Shreveport, LA 71105, United States","C7GJ+8P Shreveport, Louisiana, USA",http://www.highlandclinic.com/,+1 318-798-4500,,https://streetviewpixels-pa.googleapis.com/v1/thumbnail?panoid=V37Skzk4RWwf5ZH-NhcdNQ&cb_client=search.gws-prod.gps&w=408&h=240&yaw=170.72485&pitch=0&thumbfov=100,false,,,,,,,,"https://www.google.com/maps/search/vein+clinics+in+Heflin+Shreveport+LA/@32.5130159,-93.7514874,14z",2025-12-16T22:49:43.301Z,,,
"https://www.google.com/maps/place/Jane+Sugar,+MD/data=!4m7!3m6!1s0x8636d31622c5b18d:0x416b3eef0be8386c!8m2!3d32.494386!4d-93.7515028!16s%2Fg%2F11fvs0x0bb!19sChIJjbHFIhbTNoYRbDjoC-8-a0E","Jane Sugar, MD",5.0,3,Surgical center,"1801 Fairfield Ave, Shreveport, LA 71101, United States","F6VX+Q9 Shreveport, Louisiana, USA",https://www.ochsnerlsuhs.org/doctors/jane-gulick-sugar?utm_source=ExtNet&utm_medium=Yext&y_source=1_MTU4MzE0MzktNzE1LWxvY2F0aW9uLndlYnNpdGU%3D,+1 318-626-0432,,https://streetviewpixels-pa.googleapis.com/v1/thumbnail?panoid=E0x44_HwvvdZM91khIhehA&cb_client=search.gws-prod.gps&w=408&h=240&yaw=66.065765&pitch=0&thumbfov=100,true,,,,,,,,"https://www.google.com/maps/search/vein+clinics+in+Heflin+Shreveport+LA/@32.5130159,-93.7514874,14z",2025-12-16T22:49:46.168Z,,,
https://www.google.com/maps/place/Rapid+Recovery/data=!4m7!3m6!1s0x863132a89ee0a2af:0xe342ce47c8ec6a62!8m2!3d32.4380774!4d-93.7288803!16s%2Fg%2F11c31793lr!19sChIJr6LgnqgyMYYRYmrsyEfOQuM,Rapid Recovery,4.8,93,Medical spa,"7330 Fern Ave STE 1101, Shreveport, LA 71105, United States","C7QC+6C Shreveport, Louisiana, USA",https://www.rapidrecoveryroom.com/,+1 855-435-8437,Closes soon · 5 pm · Opens 8 am Wed,https://lh3.googleusercontent.com/gps-cs-s/AG0ilSx1KwwERXU9HBtIoMxYL_CMCZBy-Z7eFrFouauRVbhUoMutZcK_z9UZmPxDqcdlebn0JlW2y8nxzRNQEPuEHKL0ASQoC7FNyLRAtkNj322ej9uLbY59202X25gQIhjJUQCnT4Yj4A=w408-h306-k-no,true,8 am–5 pm,8 am–5 pm,8 am–5 pm,8 am–5 pm,8 am–5 pm,8 am–5 pm,8 am–5 pm,"https://www.google.com/maps/search/vein+clinics+in+Heflin+Shreveport+LA/@32.5130159,-93.7514874,14z",2025-12-16T22:49:51.396Z,,,
https://www.google.com/maps/place/Reliant+Specialty+Infusion/data=!4m7!3m6!1s0x86312dff0aeffd21:0x520949d874cebffe!8m2!3d32.4165846!4d-93.7334633!16s%2Fg%2F11v64r6jwn!19sChIJIf3vCv8tMYYR_r_OdNhJCVI,Reliant Specialty Infusion,4.9,59,Medical clinic,"425 Ashley Ridge Blvd Suite 112, Shreveport, LA 71106, United States","C788+JJ Shreveport, Louisiana, USA",https://www.rsinfusion.com/,+1 888-339-0906,Closed · Opens 7:30 am Wed,https://lh3.googleusercontent.com/p/AF1QipPOEDNyzQK5PNTHmnyW5DEjXh2oB_5L075SO70=w408-h271-k-no,true,7:30 am–4:30 pm,7:30 am–4:30 pm,7:30 am–4:30 pm,7:30 am–4:30 pm,Closed,Closed,7:30 am–4:30 pm,"https://www.google.com/maps/search/vein+clinics+in+Heflin+Shreveport+LA/@32.5130159,-93.7514874,14z",2025-12-16T22:49:56.277Z,,,
https://www.google.com/maps/place/Love+Innovative+Clinic+of+Healthy+Body/data=!4m7!3m6!1s0x2756d3bb2b60a55d:0xcb4bb749d6623932!8m2!3d32.4721683!4d-93.7631862!16s%2Fg%2F11wwg37547!19sChIJXaVgK7vTVicRMjli1km3S8s,Love Innovative Clinic of Healthy Body,,,Medical clinic,"3850 Linwood Ave, Shreveport, LA 71103, United States","F6CP+VP Shreveport, Louisiana, USA",https://ozempic.space/no20,,Open · Closes 9:30 pm,https://streetviewpixels-pa.googleapis.com/v1/thumbnail?panoid=k0BShGJeD7qPOJuF9AdZkw&cb_client=search.gws-prod.gps&w=408&h=240&yaw=270.98047&pitch=0&thumbfov=100,false,8 am–9:30 pm,8 am–9:30 pm,8 am–9:30 pm,8 am–9:30 pm,8 am–9:30 pm,8 am–9:30 pm,8 am–9:30 pm,"https://www.google.com/maps/search/vein+clinics+in+Heflin+Shreveport+LA/@32.5130159,-93.7514874,14z",2025-12-16T22:50:01.166Z,,,
https://www.google.com/maps/place/Willis+Knighton+Family+Medicine+Pierremont+Suite+740/data=!4m7!3m6!1s0x86312cfcb785553d:0xaa88526728c2805f!8m2!3d32.4318686!4d-93.709332!16s%2Fg%2F1tjfbmvm!19sChIJPVWFt_wsMYYRX4DCKGdSiKo,Willis Knighton Family Medicine Pierremont Suite 740,4.8,107,Medical clinic,"8001 Youree Dr # 740, Shreveport, LA 71115, United States","C7JR+P7 Shreveport, Louisiana, USA",https://www.wkfamilymedicalcenter.com/,+1 318-212-3830,Closed · Opens 8 am Wed,https://streetviewpixels-pa.googleapis.com/v1/thumbnail?panoid=6-uHtFl2leV-vJ8k-vQKlw&cb_client=search.gws-prod.gps&w=408&h=240&yaw=138.90024&pitch=0&thumbfov=100,true,8 am–4:30 pm,8 am–4:30 pm,8 am–4:30 pm,8 am–4:30 pm,Closed,Closed,8 am–4:30 pm,"https://www.google.com/maps/search/vein+clinics+in+Heflin+Shreveport+LA/@32.5130159,-93.7514874,14z",2025-12-16T22:50:06.088Z,,,
https://www.google.com/maps/place/WK+Hyperbaric+%26+Wound+Care+Center+-+Shreveport/data=!4m7!3m6!1s0x8636d3903429af99:0xfb8e10a53f95d312!8m2!3d32.4032565!4d-93.8007873!16s%2Fg%2F11h0k43vd!19sChIJma8pNJDTNoYREtOVP6UQjvs,WK Hyperbaric & Wound Care Center - Shreveport,3.9,8,Medical clinic,"2530 W Bert Kouns Industrial Loop Suite 138, Shreveport, LA 71118, United States","C53X+8M Shreveport, Louisiana, USA",http://www.wkhs.com/hyperbarics,+1 318-212-5911,Closed · Opens 7:30 am Wed,https://lh3.googleusercontent.com/gps-cs-s/AG0ilSwcC5L_P-U6PHnHMzkC0hsLkKEwMQSwDj9aOYJ_bJT3Hr3iqoCyH672qQ_agbGTR_QTtlu_L1uaE8ZjwU513ILUoWXEgAnjNSiwL5Es3rBi1bjZwBy9XghDpAKcy51Ci-tB7DYO=w426-h240-k-no,true,7:30 am–4 pm,7:30 am–4 pm,7:30 am–4 pm,7:30 am–4 pm,Closed,Closed,7:30 am–4 pm,"https://www.google.com/maps/search/vein+clinics+in+Heflin+Shreveport+LA/@32.5130159,-93.7514874,14z",2025-12-16T22:50:11.036Z,LGBTQ+ friendly,,
https://www.google.com/maps/place/Willis+Knighton+Health+Human+Resources/data=!4m7!3m6!1s0x8636cd7c4d8bdcd5:0x5abb17857d22dbc7!8m2!3d32.485245!4d-93.780626!16s%2Fg%2F11b86cxp_r!19sChIJ1dyLTXzNNoYRx9sifYUXu1o,Willis Knighton Health Human Resources,3.7,28,Human resource consulting,"2800 Hearne Ave, Shreveport, LA 71103, United States","F6P9+3P Shreveport, Louisiana, USA",http://www.wkhs.com/careers,+1 318-212-8910,Closed · Opens 8 am Wed,https://streetviewpixels-pa.googleapis.com/v1/thumbnail?panoid=O4YjOObgrSJCkKzcd6gvbA&cb_client=search.gws-prod.gps&w=408&h=240&yaw=275.14258&pitch=0&thumbfov=100,true,8 am–4:30 pm,8 am–4:30 pm,8 am–4:30 pm,8 am–4:30 pm,Closed,Closed,8 am–4:30 pm,"https://www.google.com/maps/search/vein+clinics+in+Heflin+Shreveport+LA/@32.5130159,-93.7514874,14z",2025-12-16T22:50:16.145Z,,,
"https://www.google.com/maps/place/Willis+Knighton+Gynecology+Pierremont+Suite+300/@32.4319429,-93.709551,17z/data=!3m1!4b1!4m6!3m5!1s0x86312cfc75fe567d:0x57ee0ecae0d6cf63!8m2!3d32.4319429!4d-93.709551!16s%2Fg%2F1tywy9pf",Willis Knighton Gynecology Pierremont Suite 300,4.9,86,Obstetrician-gynecologist,"8001 Youree Dr Suite 300, Shreveport, LA 71115, United States","C7JR+Q5 Shreveport, Louisiana, USA",http://www.pierremontwomens.com/,+1 318-212-3800,Closes soon · 5 pm · Opens 1:30 pm Wed,,true,8 am–5 pm,1:30–5 pm,8 am–5 pm,8 am–5 pm,Closed,Closed,8 am–5 pm,"https://www.google.com/maps/search/vein+clinics+in+Heflin+Shreveport+LA/@32.5130159,-93.7514874,14z",2025-12-16T22:50:23.217Z,,,
https://www.google.com/maps/place/Beverly+Cosmetic+Surgical+Institute/data=!4m7!3m6!1s0x86312d06aafc01d7:0x3fd65d25654303c8!8m2!3d32.443769!4d-93.70805!16s%2Fg%2F1264blm2w!19sChIJ1wH8qgYtMYYRyANDZSVd1j8,Beverly Cosmetic Surgical Institute,,,Cosmetic surgeon,"1953 E 70th St, Shreveport, LA 71105, United States","C7VR+GQ Shreveport, Louisiana, USA",,+1 318-797-1212,,https://streetviewpixels-pa.googleapis.com/v1/thumbnail?panoid=N0nNq1h7FXYROyw2NeSyZw&cb_client=search.gws-prod.gps&w=408&h=240&yaw=143.9785&pitch=0&thumbfov=100,false,,,,,,,,"https://www.google.com/maps/search/vein+clinics+in+Heflin+Shreveport+LA/@32.5130159,-93.7514874,14z",2025-12-16T22:50:26.051Z,,,
,,,,,,,,,,,,,,,,,,,"https://www.google.com/maps/search/vein+clinics+in+Mooringsport+Shreveport+LA/@32.6876455,-93.961015,14z",2025-12-16T22:50:48.579Z,,No new results found,
,,,,,,,,,,,,,,,,,,,"https://www.google.com/maps/search/vein+clinics+in+Frierson+Shreveport+LA/@32.2518252,-93.6899007,14z",2025-12-16T22:51:13.288Z,,No new results found,