placeUrl,title,rating,reviewCount,category,address,plusCode,website,phoneNumber,currentStatus,imgUrl,isClaimed,tuesday,wednesday,thursday,friday,saturday,sunday,monday,query,timestamp,info,error,attributes
https://www.google.com/maps/place/Vero+Beach+Pediatrics/data=!4m7!3m6!1s0x88de5ff7389e9ad1:0x2d1de3fd974d88b5!8m2!3d27.6609578!4d-80.3916245!16s%2Fg%2F11syfpgctq!19sChIJ0ZqeOPdf3ogRtYhNl_3jHS0,Vero Beach Pediatrics,5.0,333,Pediatrician,"959 37th Pl, Vero Beach, FL 32960, United States","MJ65+99 Vero Beach, Florida, USA",https://verobeachpediatrics.com/,+1 772-569-3212,Closed · Opens 8 am Wed,https://lh3.googleusercontent.com/p/AF1QipNscl7CQ0_eJGu4qjAaTDV8P6rVElRxXY4S0HFf=w426-h240-k-no,true,"8 am–12 pm, 1–5 pm","8 am–12 pm, 1–5 pm","8 am–12 pm, 1–5 pm","8 am–12 pm, 1–5 pm",Closed,Closed,"8 am–12 pm, 1–5 pm","https://www.google.com/maps/search/pediatrician+in+Vero+Beach+Vero+Beach+FL/@27.638635,-80.3946317,14z",2026-02-10T22:33:11.322Z,,,
https://www.google.com/maps/place/Treasure+Coast+Pediatrics/data=!4m7!3m6!1s0x88de5eecadd29b97:0xfe58389474a86c5a!8m2!3d27.6618694!4d-80.3945535!16s%2Fg%2F1tf7nckj!19sChIJl5vSrexe3ogRWmyodJQ4WP4,Treasure Coast Pediatrics,5.0,23,Pediatrician,"3745 11th Cir STE 108, Vero Beach, FL 32960, United States","MJ64+P5 Vero Beach, Florida, USA",http://www.treasurecoastpediatricsfl.com/,+1 772-567-1552,Closed · Opens 8:30 am Wed,https://lh3.googleusercontent.com/p/AF1QipO6cdqv2RXByirDuqmoYS62EdvVq0RXo3YcD4_M=w408-h408-k-no,true,8:30 am–4 pm,8:30 am–4 pm,8:30 am–4 pm,8:30 am–12:30 pm,Closed,Closed,8:30 am–4 pm,"https://www.google.com/maps/search/pediatrician+in+Vero+Beach+Vero+Beach+FL/@27.638635,-80.3946317,14z",2026-02-10T22:33:16.931Z,,,
https://www.google.com/maps/place/AdventHealth+Medical+Group+Pediatrics+at+Vero+Beach/data=!4m7!3m6!1s0x88de5e94af479d7f:0x639c6d252c8cbfae!8m2!3d27.6593472!4d-80.3879797!16s%2Fg%2F11bw65ykjf!19sChIJf51Hr5Re3ogRrr-MLCVtnGM,AdventHealth Medical Group Pediatrics at Vero Beach,4.2,5,Pediatrician,"787 37th St e170, Vero Beach, FL 32960, United States","MJ56+PR Vero Beach, Florida, USA",,+1 772-569-3212,,https://streetviewpixels-pa.googleapis.com/v1/thumbnail?panoid=dyuvG1rmXCAAU5HjkMxtHg&cb_client=search.gws-prod.gps&w=408&h=240&yaw=182.12552&pitch=0&thumbfov=100,true,,,,,,,,"https://www.google.com/maps/search/pediatrician+in+Vero+Beach+Vero+Beach+FL/@27.638635,-80.3946317,14z",2026-02-10T22:33:20.230Z,,,
"https://www.google.com/maps/place/Nemours+Children%27s+Health,+Vero+Beach+-+Primary+%26+Specialty+Care/data=!4m7!3m6!1s0x88de5e9531dd4a41:0x498bb251b1048a03!8m2!3d27.656016!4d-80.3965386!16s%2Fg%2F11fx_3gxrh!19sChIJQUrdMZVe3ogRA4oEsVGyi0k","Nemours Children's Health, Vero Beach - Primary & Specialty Care",4.2,73,Pediatrician,"1155 35th Ln Suite 201A, Vero Beach, FL 32960, United States","MJ43+C9 Vero Beach, Florida, USA",https://www.nemours.org/locations/florida-primary-care-pediatrician-vero-beach.html?utm_source=GMB&utm_medium=organic&utm_campaign=gmb-listing,+1 772-562-5662,Closed · Opens 8 am Wed,https://lh3.googleusercontent.com/p/AF1QipPvYWB2Lqqis5J5FxpcAb3a2_K63tXGGKJ_pEQQ=w408-h269-k-no,true,8 am–5 pm,8 am–5 pm,8 am–5 pm,8 am–5 pm,8 am–12 pm,Closed,8 am–5 pm,"https://www.google.com/maps/search/pediatrician+in+Vero+Beach+Vero+Beach+FL/@27.638635,-80.3946317,14z",2026-02-10T22:33:25.320Z,,,
https://www.google.com/maps/place/Whole+Family+Pediatrics/data=!4m7!3m6!1s0x88de5f71e68b53a5:0xbd8a57dc1ee63506!8m2!3d27.6618169!4d-80.3901101!16s%2Fg%2F11y0pn67lc!19sChIJpVOL5nFf3ogRBjXmHtxXir0,Whole Family Pediatrics,,,Child health care center,"840A 37th Pl, Vero Beach, FL 32960, United States","MJ65+PX Vero Beach, Florida, USA",https://wfhcfl.org/services/pediatric-primary-care/,+1 772-918-9300,Closes soon · 6 pm · Opens 7:30 am Wed,https://lh3.googleusercontent.com/p/AF1QipOcBYoAkdwjxxTgZgNS9_558Im8tRiYMNN_fcT7=w408-h291-k-no,true,7:30 am–6 pm,7:30 am–6 pm,7:30 am–6 pm,7:30 am–5 pm,Closed,Closed,7:30 am–6 pm,"https://www.google.com/maps/search/pediatrician+in+Vero+Beach+Vero+Beach+FL/@27.638635,-80.3946317,14z",2026-02-10T22:33:29.928Z,,,
https://www.google.com/maps/place/Seaside+Smiles+Pediatric+Dentistry/data=!4m7!3m6!1s0x88de5e92cbcd08e3:0x4a0b7c872ea961a3!8m2!3d27.6617248!4d-80.3980313!16s%2Fg%2F1tfxyvpr!19sChIJ4wjNy5Je3ogRo2GpLod8C0o,Seaside Smiles Pediatric Dentistry,4.9,1248,Pediatric dentist,"3725 12th Ct B, Vero Beach, FL 32960, United States","MJ62+MQ Vero Beach, Florida, USA",https://www.seasidesmiles.com/,+1 772-562-6880,Closed · Opens 8 am Wed,https://lh3.googleusercontent.com/p/AF1QipNaH-NTAxd_Cl-lpDJIVo2PllDAyPhIsLDeg-FU=w408-h306-k-no,true,8 am–5 pm,8 am–5 pm,8 am–5 pm,8 am–3 pm,Closed,Closed,8 am–5 pm,"https://www.google.com/maps/search/pediatrician+in+Vero+Beach+Vero+Beach+FL/@27.638635,-80.3946317,14z",2026-02-10T22:33:35.387Z,,,
https://www.google.com/maps/place/Treasure+Coast+Community+Health+%7CTCCH+%7C+Central+%7C+Medical/data=!4m7!3m6!1s0x88de5f1895db55ab:0x6f567f388201f673!8m2!3d27.6308198!4d-80.3909697!16s%2Fg%2F11bwc5g_5g!19sChIJq1XblRhf3ogRc_YBgjh_Vm8,Treasure Coast Community Health |TCCH | Central | Medical,4.9,155,Medical Center,"1553 US-1, Vero Beach, FL 32960, United States","JJJ5+8J Vero Beach, Florida, USA",http://www.tcchinc.org/,+1 772-257-8224,Closed · Opens 8 am Wed,https://streetviewpixels-pa.googleapis.com/v1/thumbnail?panoid=fYpS-AHB7hu67vMm7wdQLA&cb_client=search.gws-prod.gps&w=408&h=240&yaw=356.11707&pitch=0&thumbfov=100,true,8 am–5 pm,8 am–5 pm,8 am–5 pm,8 am–5 pm,Closed,Closed,8 am–5 pm,"https://www.google.com/maps/search/pediatrician+in+Vero+Beach+Vero+Beach+FL/@27.638635,-80.3946317,14z",2026-02-10T22:33:40.281Z,,,
"https://www.google.com/maps/place/Karen+Ruth+Westberry,+MD/data=!4m7!3m6!1s0x88de5f99186e564b:0xe326a50c4cadfbb4!8m2!3d27.656016!4d-80.3965386!16s%2Fg%2F11j5h54lnd!19sChIJS1ZuGJlf3ogRtPutTAylJuM","Karen Ruth Westberry, MD",5.0,7,Pediatrician,"1155 35th Ln Suite 201A, Vero Beach, FL 32960, United States","MJ43+C9 Vero Beach, Florida, USA",https://www.nemours.org/find-a-doctor/23736-karen-westberry-primary-care-vero-beach.html?utm_source=GMB&utm_medium=organic&utm_campaign=gmb-listing,+1 772-562-5662,,https://lh3.googleusercontent.com/p/AF1QipPWMUCpuuelaHTd-NArBLRPgHOIXiYTuWe9golL=w408-h408-k-no,true,,,,,,,,"https://www.google.com/maps/search/pediatrician+in+Vero+Beach+Vero+Beach+FL/@27.638635,-80.3946317,14z",2026-02-10T22:33:43.458Z,,,
"https://www.google.com/maps/place/Lacey+Vatland,+APRN/data=!4m7!3m6!1s0x88de5ff893ace97b:0x5ac8d582afbef1b2!8m2!3d27.6560371!4d-80.3965421!16s%2Fg%2F11vxl_ztpf!19sChIJe-msk_hf3ogRsvG-r4LVyFo","Lacey Vatland, APRN",5.0,2,Pediatrician,"1155 35th Ln Suite 201A, Vero Beach, FL 32960, United States","MJ43+C9 Vero Beach, Florida, USA",https://www.nemours.org/find-a-doctor/57772-lacey-vatland-primary-care-vero-beach.html,+1 772-562-5662,Closed · Opens 8 am Wed,https://streetviewpixels-pa.googleapis.com/v1/thumbnail?panoid=z3ez3XBxRj_jNrdYL-hg1Q&cb_client=search.gws-prod.gps&w=408&h=240&yaw=183.791&pitch=0&thumbfov=100,true,8 am–5 pm,8 am–5 pm,8 am–5 pm,8 am–5 pm,Closed,Closed,8 am–5 pm,"https://www.google.com/maps/search/pediatrician+in+Vero+Beach+Vero+Beach+FL/@27.638635,-80.3946317,14z",2026-02-10T22:33:48.297Z,,,
https://www.google.com/maps/place/Dr.+Arleene+Sepulveda/data=!4m7!3m6!1s0x88de018c9af506f3:0x1b12707c6113d198!8m2!3d27.6618373!4d-80.3945165!16s%2Fg%2F11sc_y_2qw!19sChIJ8wb1mowB3ogRmNETYXxwEhs,Dr. Arleene Sepulveda,5.0,2,General practitioner,"3745 11th Cir STE 108, Vero Beach, FL 32960, United States","MJ64+P5 Vero Beach, Florida, USA",,+1 321-639-5177,Closed · Opens 9 am Wed,https://streetviewpixels-pa.googleapis.com/v1/thumbnail?panoid=pvomlXoirg0PN9CYn45cNA&cb_client=search.gws-prod.gps&w=408&h=240&yaw=318.08423&pitch=0&thumbfov=100,false,9 am–4 pm,9 am–4 pm,8 am–4 pm,9 am–1 pm,Closed,Closed,9 am–4 pm,"https://www.google.com/maps/search/pediatrician+in+Vero+Beach+Vero+Beach+FL/@27.638635,-80.3946317,14z",2026-02-10T22:33:53.089Z,,,
https://www.google.com/maps/place/Nickel+Pediatric+Dentistry/data=!4m7!3m6!1s0x88de5fe55b9c3d2b:0xa1bf1256b528569f!8m2!3d27.6410222!4d-80.3812545!16s%2Fg%2F11tn5fjht0!19sChIJKz2cW-Vf3ogRn1YotVYSv6E,Nickel Pediatric Dentistry,5.0,409,Pediatric dentist,"2145 Indian River Blvd Suite B, Vero Beach, FL 32960, United States","JJR9+CF Vero Beach, Florida, USA",https://veropediatricdentistry.com/,+1 772-494-6010,Closed · Opens 8:30 am Wed,https://lh3.googleusercontent.com/p/AF1QipNeLUWUkwW-WqNlZg4wmMF0iI-nWGE6Ps4J2JZK=w408-h612-k-no,true,8:30 am–5 pm,8:30 am–5 pm,7:20 am–2 pm,8 am–1 pm,Closed,Closed,8:30 am–5 pm,"https://www.google.com/maps/search/pediatrician+in+Vero+Beach+Vero+Beach+FL/@27.638635,-80.3946317,14z",2026-02-10T22:33:58.095Z,,,
https://www.google.com/maps/place/Revere+Medical+-+Vero+Beach+Family+Medicine/data=!4m7!3m6!1s0x88de5eed23e1455f:0x96e3798b03620248!8m2!3d27.6618328!4d-80.3941726!16s%2Fg%2F113fdtqgd!19sChIJX0XhI-1e3ogRSAJiA4t545Y,Revere Medical - Vero Beach Family Medicine,4.7,250,Family practice physician,"3745 11th Cir Suite 105, Vero Beach, FL 32960, United States","MJ64+P8 Vero Beach, Florida, USA",https://www.reveremedical.com/locations/vero-primary-care,+1 772-564-2485,Closed · Opens 8 am Wed,https://lh3.googleusercontent.com/gps-cs-s/AHVAweqY0Tpii6d876z2mmzThQNbJUfOcs2u7qbm4M6Ly-EVQCSeimjMBHK1PagHRmiMRIMrZpBZPM-s4GLlU8I-teWZmwI4JuBSGpzicHg4-2RDI3Jm9V2adVENuJ2bgT14RRFCvi3U=w408-h544-k-no,true,8 am–5 pm,8 am–5 pm,8 am–5 pm,8 am–3 pm,Closed,Closed,8 am–5 pm,"https://www.google.com/maps/search/pediatrician+in+Vero+Beach+Vero+Beach+FL/@27.638635,-80.3946317,14z",2026-02-10T22:34:02.928Z,,,
"https://www.google.com/maps/place/Clayton+Williams,+MD/data=!4m7!3m6!1s0x88de5ef3414f28d5:0x9b2f59b7fe577c22!8m2!3d27.6619038!4d-80.3945594!16s%2Fg%2F11dynrl2tr!19sChIJ1ShPQfNe3ogRInxX_rdZL5s","Clayton Williams, MD",4.9,227,Family practice physician,"3745 11th Cir STE 103, Vero Beach, FL 32960, United States","MJ64+Q5 Vero Beach, Florida, USA",https://providers.steward.org/s/affiliation/a0d4z00000ds30ZAAQ,+1 772-778-1400,,https://lh3.googleusercontent.com/p/AF1QipNTHCbXYd8RaDvoe_01PP5cSmWQ4rxd-LvZYw_Z=w426-h240-k-no,true,,,,,,,,"https://www.google.com/maps/search/pediatrician+in+Vero+Beach+Vero+Beach+FL/@27.638635,-80.3946317,14z",2026-02-10T22:34:05.703Z,,,
https://www.google.com/maps/place/Dermody+Pediatric+Dentistry+%26+Orthodontics/data=!4m7!3m6!1s0x88de5fad5ea672ad:0x52cc92b639a4883c!8m2!3d27.6389!4d-80.4210454!16s%2Fg%2F1tzvxcr6!19sChIJrXKmXq1f3ogRPIikObaSzFI,Dermody Pediatric Dentistry & Orthodontics,3.5,130,Pediatric dentist,"2000 35th Ave, Vero Beach, FL 32960, United States","JHQH+HH Vero Beach, Florida, USA",https://www.dermodydental.com/,+1 772-562-5150,Closed · Opens 8 am Wed,https://lh3.googleusercontent.com/p/AF1QipMW9GO4EqAs7JdMC5o33cC_XTN9i7nqEohfgW82=w408-h291-k-no,true,8 am–5 pm,8 am–5 pm,8 am–5 pm,Closed,Closed,Closed,8 am–5 pm,"https://www.google.com/maps/search/pediatrician+in+Vero+Beach+Vero+Beach+FL/@27.638635,-80.3946317,14z",2026-02-10T22:34:10.638Z,,,
https://www.google.com/maps/place/Vero+Orthopaedics/data=!4m7!3m6!1s0x88de5eedd33c48a3:0x3caf8f66b8e17127!8m2!3d27.665081!4d-80.3922653!16s%2Fg%2F1tfbz8gh!19sChIJo0g80-1e3ogRJ3HhuGaPrzw,Vero Orthopaedics,4.7,1310,Orthopedic clinic,"3955 Indian River Blvd, Vero Beach, FL 32960, United States","MJ85+23 Vero Beach, Florida, USA",https://www.veroortho.com/?utm_source=google&utm_medium=organic&utm_campaign=gmbwebsite,+1 772-569-2330,Closed · Opens 8:30 am Wed,https://lh3.googleusercontent.com/p/AF1QipMVWd-y24nRcjSq3VWxBu-69fbMm_AlWgSLxLzS=w408-h273-k-no,true,8:30 am–5 pm,8:30 am–5 pm,8:30 am–5 pm,8:30 am–5 pm,Closed,Closed,8:30 am–5 pm,"https://www.google.com/maps/search/pediatrician+in+Vero+Beach+Vero+Beach+FL/@27.638635,-80.3946317,14z",2026-02-10T22:34:15.463Z,,,
"https://www.google.com/maps/place/Amber+R.+Morra,+D.P.M./data=!4m7!3m6!1s0x88de5ff30641f051:0xada912bace4f0dcd!8m2!3d27.6650005!4d-80.3923681!16s%2Fg%2F11h92x8b_8!19sChIJUfBBBvNf3ogRzQ1PzroSqa0","Amber R. Morra, D.P.M.",4.9,429,Orthopedic surgeon,"3955 Indian River Blvd, Vero Beach, FL 32960, United States","MJ85+23 Vero Beach, Florida, USA",https://www.veroortho.com/experts/amber-r-morra-dpm,+1 772-569-2330,Closed · Opens 8 am Wed,https://lh3.googleusercontent.com/p/AF1QipNQhRA258ifs_h4bvPeYN-CtwNo2Z87_U5SLQjy=w408-h616-k-no,true,8 am–5 pm,8 am–5 pm,8 am–5 pm,8 am–5 pm,Closed,Closed,8 am–5 pm,"https://www.google.com/maps/search/pediatrician+in+Vero+Beach+Vero+Beach+FL/@27.638635,-80.3946317,14z",2026-02-10T22:34:20.254Z,,,
https://www.google.com/maps/place/CareSpot+Urgent+Care+of+Vero+Beach/data=!4m7!3m6!1s0x88de5fd187648dd7:0x223ec7735593837f!8m2!3d27.6358904!4d-80.4458705!16s%2Fg%2F1tdk1dhd!19sChIJ141kh9Ff3ogRf4OTVXPHPiI,CareSpot Urgent Care of Vero Beach,4.5,1494,Urgent care center,"1820 58th Ave #110, Vero Beach, FL 32966, United States","JHP3+9M Vero Beach, Florida, USA",https://www.carespot.com/carespot-urgent-care/vero-beach-fl/?utm_source=google&utm_medium=organic&utm_content=vero-beach&utm_campaign=gbp-listing,+1 772-257-3200,Open · Closes 8 pm,https://lh3.googleusercontent.com/gps-cs-s/AHVAweq39mdb9jm_WG3JkuyZp-krg8MevpyrxiSxnh71dly0kdRl19an07yVKjm3FHLz2hxoDwDtblol3AHqqjzlxiZ_AzTrCSMveGeoMtdIWuBAj7STTvSV91_omN2VNmZ70G50FzsPMA=w408-h272-k-no,true,8 am–8 pm,8 am–8 pm,8 am–8 pm,8 am–8 pm,8 am–8 pm,8 am–8 pm,8 am–8 pm,"https://www.google.com/maps/search/pediatrician+in+Vero+Beach+Vero+Beach+FL/@27.638635,-80.3946317,14z",2026-02-10T22:34:25.256Z,,,
"https://www.google.com/maps/place/Dr.+Christopher+M.+Dermody,+DMD/data=!4m7!3m6!1s0x88de5fad5ea672ad:0x1c39b153f049ed89!8m2!3d27.6387832!4d-80.4210243!16s%2Fg%2F1tf3pqgn!19sChIJrXKmXq1f3ogRie1J8FOxORw","Dr. Christopher M. Dermody, DMD",2.4,20,Pediatric dentist,"2000 35th Ave, Vero Beach, FL 32960, United States","JHQH+GH Vero Beach, Florida, USA",http://www.dermodydental.com/,+1 772-562-5150,Closed · Opens 8 am Wed,https://streetviewpixels-pa.googleapis.com/v1/thumbnail?panoid=uiZ25zS7UREw5ztGpnaBWg&cb_client=search.gws-prod.gps&w=408&h=240&yaw=114.26499&pitch=0&thumbfov=100,false,8 am–5 pm,8 am–5 pm,8 am–5 pm,Closed,Closed,Closed,8 am–5 pm,"https://www.google.com/maps/search/pediatrician+in+Vero+Beach+Vero+Beach+FL/@27.638635,-80.3946317,14z",2026-02-10T22:34:30.202Z,,,
"https://www.google.com/maps/place/Dr.+George+W.+Gray+Jr.,+MD/data=!4m7!3m6!1s0x88de5fb32245545b:0x500065b6ae3a2197!8m2!3d27.6387502!4d-80.4247441!16s%2Fg%2F1thy0m86!19sChIJW1RFIrNf3ogRlyE6rrZlAFA","Dr. George W. Gray Jr., MD",3.5,54,Family practice physician,"2000 38th Ave, Vero Beach, FL 32960, United States","JHQG+G4 Vero Beach, Florida, USA",http://www.mdvip.com/doctors/georgegraymd?utm_campaign=listing-yext&st-t=rep_&utm_source=google&utm_medium=organic,+1 772-794-2033,Closed · Opens 8 am Wed,https://lh3.googleusercontent.com/gps-cs-s/AHVAweo6kL6TFY8BOzw3xltCun7MhoKTmUYqOlj8qZqMWCuMJUN65LHF502sa_jJkwTECM69firHx9p243p6XRtUPTwfmIYRB0fMEvImZIF8hRN0s_JtMjynAbge2HytKQ3LfHSm56i8=w408-h561-k-no,true,8 am–4 pm,8 am–4 pm,8 am–4 pm,Closed,Closed,Closed,8 am–4 pm,"https://www.google.com/maps/search/pediatrician+in+Vero+Beach+Vero+Beach+FL/@27.638635,-80.3946317,14z",2026-02-10T22:34:35.150Z,,,
https://www.google.com/maps/place/Treasure+Coast+Community+Health+%7CTCCH+%7C+Central+%7C+Behavioral+Health/data=!4m7!3m6!1s0x88de5f1895c40eeb:0xb82f4e28c226a65a!8m2!3d27.6306204!4d-80.3904229!16s%2Fg%2F11bz0pj14z!19sChIJ6w7ElRhf3ogRWqYmwihOL7g,Treasure Coast Community Health |TCCH | Central | Behavioral Health,3.8,103,Mental health service,"1553 US-1, Vero Beach, FL 32960, United States","JJJ5+6R Vero Beach, Florida, USA",https://www.tcchinc.org/,+1 772-257-8224,Closes soon · 6 pm · Opens 8 am Wed,https://lh3.googleusercontent.com/gps-cs-s/AHVAwer5HhbHH8iUn2XrnQFJ3ebdhoevNEXFr9FeDzAphNAtUPPv1ttshnRZMW5VatGJg9VcmDmlJABUZJtQdQ2DckrjSpds5qidXLEBVjHnWlj8rjqQe8678q00nbWy3EJTbg2qG-tTVNeOXq4=w408-h449-k-no,true,8 am–6 pm,8 am–6 pm,8 am–6 pm,8:30 am–5 pm,Closed,Closed,8:30 am–6 pm,"https://www.google.com/maps/search/pediatrician+in+Vero+Beach+Vero+Beach+FL/@27.638635,-80.3946317,14z",2026-02-10T22:34:40.331Z,,,
"https://www.google.com/maps/place/Erin+Forest,+M.D./data=!4m7!3m6!1s0x88de5eedd3397071:0xa6bf5a9849b326a4!8m2!3d27.6650005!4d-80.3923681!16s%2Fg%2F11ckhb9c0w!19sChIJcXA50-1e3ogRpCazSZhav6Y","Erin Forest, M.D.",4.9,271,Hand surgeon,"3955 Indian River Blvd, Vero Beach, FL 32960, United States","MJ85+23 Vero Beach, Florida, USA",https://www.veroortho.com/experts/erin-forest-md,+1 772-569-2330,Closed · Opens 8 am Wed,https://lh3.googleusercontent.com/p/AF1QipOIZN5juwIm1NbFY3C5ke-KMM0-1ZwyIOaLYY6U=w408-h571-k-no,true,8 am–5 pm,8 am–5 pm,8 am–5 pm,8 am–5 pm,Closed,Closed,8 am–5 pm,"https://www.google.com/maps/search/pediatrician+in+Vero+Beach+Vero+Beach+FL/@27.638635,-80.3946317,14z",2026-02-10T22:34:45.730Z,,,
https://www.google.com/maps/place/Treasure+Coast+Community+Health+%7CTCCH+%7C787+%7C+Medical/data=!4m7!3m6!1s0x88de5fca82acaa93:0x573dd1879c509182!8m2!3d27.6586177!4d-80.388543!16s%2Fg%2F11gy9_yj07!19sChIJk6qsgspf3ogRgpFQnIfRPVc,Treasure Coast Community Health |TCCH |787 | Medical,4.1,72,Medical Center,"787 37th St Suite 140, Vero Beach, FL 32960, United States","MJ56+CH Vero Beach, Florida, USA",https://www.tcchinc.org/,+1 772-257-8224,Closed · Opens 8 am Wed,https://lh3.googleusercontent.com/p/AF1QipP6_mUYZqdKNuppOdWTN5xxIOIEAe_DISGz1WKc=w408-h544-k-no,true,8 am–5 pm,8 am–5 pm,8 am–5 pm,8 am–5 pm,Closed,Closed,8 am–5 pm,"https://www.google.com/maps/search/pediatrician+in+Vero+Beach+Vero+Beach+FL/@27.638635,-80.3946317,14z",2026-02-10T22:34:51.504Z,,,
"https://www.google.com/maps/place/Dustin+D.+Constant,+D.P.M./data=!4m7!3m6!1s0x88de5fa1965c7be7:0x3c1923fde58ce83e!8m2!3d27.6650005!4d-80.3923681!16s%2Fg%2F11n6lylwd6!19sChIJ53tclqFf3ogRPuiM5f0jGTw","Dustin D. Constant, D.P.M.",5.0,404,Orthopedic surgeon,"3955 Indian River Blvd, Vero Beach, FL 32960, United States","MJ85+23 Vero Beach, Florida, USA",https://www.veroortho.com/experts/dustin-d-constant-dpm,+1 772-569-2330,Closed · Opens 8 am Wed,https://lh3.googleusercontent.com/gps-cs-s/AHVAweqOnQN12CYRlbQtzBRLQyD2Xgr6QZcarx5hfnPHzWnAkQurLvZfcIM1KY5hpkRcaqNsAtLJEGBSMvVAFjMzjafb3zC3L9c6EfjdPpdIIz38jk85ktc-x5LGM4h1NwwPvFFZJdsQr1TLf9P1=w408-h306-k-no,true,8 am–5 pm,8 am–5 pm,8 am–5 pm,8 am–5 pm,Closed,Closed,8 am–5 pm,"https://www.google.com/maps/search/pediatrician+in+Vero+Beach+Vero+Beach+FL/@27.638635,-80.3946317,14z",2026-02-10T22:34:56.836Z,,,
"https://www.google.com/maps/place/Joao+%28Joe%29+Panattoni,+M.D./data=!4m7!3m6!1s0x88de5fb3cd01d525:0xae3c74bf062675d7!8m2!3d27.6650005!4d-80.3923681!16s%2Fg%2F11fqqfrfhm!19sChIJJdUBzbNf3ogR13UmBr90PK4","Joao (Joe) Panattoni, M.D.",4.9,233,Orthopedic surgeon,"3955 Indian River Blvd, Vero Beach, FL 32960, United States","MJ85+23 Vero Beach, Florida, USA",https://www.veroortho.com/experts/joao-joe-panattoni-md,+1 772-569-2330,Closed · Opens 8 am Wed,https://lh3.googleusercontent.com/p/AF1QipMlMY--JkURBjHFHiBnuVxGmbi1UW7GFqAa5SDL=w408-h272-k-no,true,8 am–5 pm,8 am–5 pm,8 am–5 pm,8 am–5 pm,Closed,Closed,8 am–5 pm,"https://www.google.com/maps/search/pediatrician+in+Vero+Beach+Vero+Beach+FL/@27.638635,-80.3946317,14z",2026-02-10T22:35:01.855Z,,,
"https://www.google.com/maps/place/Dr.+Francis+J.+Dermody+Jr,+DMD/data=!4m7!3m6!1s0x88de5fad5ea672ad:0x6d4fe22afdc7520c!8m2!3d27.6388044!4d-80.4210277!16s%2Fg%2F1tfbczm1!19sChIJrXKmXq1f3ogRDFLH_SriT20","Dr. Francis J. Dermody Jr, DMD",2.0,4,Pediatric dentist,"2000 35th Ave, Vero Beach, FL 32960, United States","JHQH+GH Vero Beach, Florida, USA",http://www.dermodydental.com/,+1 772-562-5150,Closed · Opens 8 am Wed,https://streetviewpixels-pa.googleapis.com/v1/thumbnail?panoid=uiZ25zS7UREw5ztGpnaBWg&cb_client=search.gws-prod.gps&w=408&h=240&yaw=109.06555&pitch=0&thumbfov=100,false,8 am–5 pm,8 am–5 pm,8 am–5 pm,Closed,Closed,Closed,8 am–5 pm,"https://www.google.com/maps/search/pediatrician+in+Vero+Beach+Vero+Beach+FL/@27.638635,-80.3946317,14z",2026-02-10T22:35:06.958Z,,,
https://www.google.com/maps/place/MD+Now+Urgent+Care+-+Vero+Beach/data=!4m7!3m6!1s0x88de5f74e7acf0a3:0xbfcf967353bf3654!8m2!3d27.6412828!4d-80.3855458!16s%2Fg%2F11fgk0_d6y!19sChIJo_Cs53Rf3ogRVDa_U3OWz78,MD Now Urgent Care - Vero Beach,4.3,1152,Urgent care center,"640 21st St, Vero Beach, FL 32960, United States","JJR7+GQ Vero Beach, Florida, USA",https://www.mymdnow.com/locations/treasure-coast/vero-beach?utm_campaign=corp_listings_mgmt&utm_source=google&utm_medium=business_listing,+1 772-299-1092,Open · Closes 8 pm,https://lh3.googleusercontent.com/gps-cs-s/AHVAweoyPUcWYtufC_ZA_Hp3o8phdctxMdxYLuEG7YdQ2KzXogFqBNECtw_j-qAIEwLz0thonPLRBuK9E387gRAmv3ID1QOO_9zu3zx1pwKI1_J00QJ8WhPsFX_tGQSXpr75s7iCEXk-=w408-h544-k-no,true,8 am–8 pm,8 am–8 pm,8 am–8 pm,8 am–8 pm,8 am–5 pm,8 am–5 pm,8 am–8 pm,"https://www.google.com/maps/search/pediatrician+in+Vero+Beach+Vero+Beach+FL/@27.638635,-80.3946317,14z",2026-02-10T22:35:12.675Z,,,
"https://www.google.com/maps/place/Dr.+George+W.+Gray,+III,+DO/data=!4m7!3m6!1s0x88de5fb3225bffff:0x96ce33668b0b5c4!8m2!3d27.6387701!4d-80.4247925!16s%2Fg%2F11p079z6vc!19sChIJ__9bIrNf3ogRxLWwaDbjbAk","Dr. George W. Gray, III, DO",3.2,13,Family practice physician,"2000 38th Ave, Vero Beach, FL 32960, United States","JHQG+G3 Vero Beach, Florida, USA",http://www.mdvip.com/doctors/georgegraydo?utm_campaign=listing-yext&st-t=rep_&utm_source=google&utm_medium=organic,+1 772-794-2033,Closed · Opens 8 am Wed,https://streetviewpixels-pa.googleapis.com/v1/thumbnail?panoid=-XbgqO37e5LKKbSOffQnJA&cb_client=search.gws-prod.gps&w=408&h=240&yaw=93.75693&pitch=0&thumbfov=100,true,8 am–4 pm,8 am–4 pm,8 am–4 pm,Closed,Closed,Closed,8 am–4 pm,"https://www.google.com/maps/search/pediatrician+in+Vero+Beach+Vero+Beach+FL/@27.638635,-80.3946317,14z",2026-02-10T22:35:17.521Z,,,
https://www.google.com/maps/place/Dr.+Patricia+Walters/data=!4m7!3m6!1s0x88de5f1920b24ded:0x9ec45feb22b42511!8m2!3d27.6308198!4d-80.3909697!16s%2Fg%2F11rwxgd27x!19sChIJ7U2yIBlf3ogRESW0IutfxJ4,Dr. Patricia Walters,,,Pediatrician,"1553 US-1, Vero Beach, FL 32960, United States","JJJ5+8J Vero Beach, Florida, USA",,+1 772-257-8224,,https://streetviewpixels-pa.googleapis.com/v1/thumbnail?panoid=fYpS-AHB7hu67vMm7wdQLA&cb_client=search.gws-prod.gps&w=408&h=240&yaw=356.11707&pitch=0&thumbfov=100,false,,,,,,,,"https://www.google.com/maps/search/pediatrician+in+Vero+Beach+Vero+Beach+FL/@27.638635,-80.3946317,14z",2026-02-10T22:35:20.380Z,,,
https://www.google.com/maps/place/Dr.+Sobia+Khawaja/data=!4m7!3m6!1s0x88de5f1920b24ded:0x84a099a74273cdb9!8m2!3d27.6308198!4d-80.3909697!16s%2Fg%2F11qgb7ffzb!19sChIJ7U2yIBlf3ogRuc1zQqeZoIQ,Dr. Sobia Khawaja,,,Pediatrician,"1553 US-1, Vero Beach, FL 32960, United States","JJJ5+8J Vero Beach, Florida, USA",,+1 772-257-8224,,https://streetviewpixels-pa.googleapis.com/v1/thumbnail?panoid=fYpS-AHB7hu67vMm7wdQLA&cb_client=search.gws-prod.gps&w=408&h=240&yaw=356.11707&pitch=0&thumbfov=100,false,,,,,,,,"https://www.google.com/maps/search/pediatrician+in+Vero+Beach+Vero+Beach+FL/@27.638635,-80.3946317,14z",2026-02-10T22:35:23.236Z,,,
"https://www.google.com/maps/place/Jasvant+Surani,+MD/data=!4m7!3m6!1s0x88de5f6be5052acd:0x216516a6565b24a!8m2!3d27.6593472!4d-80.3879797!16s%2Fg%2F11h965b2d9!19sChIJzSoF5Wtf3ogRSrJlZWpRFgI","Jasvant Surani, MD",,,Pediatrician,"787 37th St, Vero Beach, FL 32960, United States",,https://www.adventhealth.com/find-doctor/doctor/Jasvant-Surani-MD-1780644070,+1 772-569-3212,,https://lh3.googleusercontent.com/p/AF1QipNclCNrNxAP9ixo1lfed3KVdhR7Du9JZljs6pdb=w408-h612-k-no,true,,,,,,,,"https://www.google.com/maps/search/pediatrician+in+Vero+Beach+Vero+Beach+FL/@27.638635,-80.3946317,14z",2026-02-10T22:35:25.853Z,,,
https://www.google.com/maps/place/Seaside+Smiles+PLLC:+Hall+Mindy+M+DDS/data=!4m7!3m6!1s0x88de5f219d625969:0x23e0ebf357b9315a!8m2!3d27.6618127!4d-80.3979968!16s%2Fg%2F1tdygfs1!19sChIJaVlinSFf3ogRWjG5V_Pr4CM,Seaside Smiles PLLC: Hall Mindy M DDS,4.6,7,Pediatric dentist,"3725 12th Ct B, Vero Beach, FL 32960, United States","MJ62+PR Vero Beach, Florida, USA",,+1 772-562-6880,Closed · Opens 8 am Wed,https://streetviewpixels-pa.googleapis.com/v1/thumbnail?panoid=GlefmGofdh1-S4C9KxtuPg&cb_client=search.gws-prod.gps&w=408&h=240&yaw=298.16946&pitch=0&thumbfov=100,false,8 am–5 pm,8 am–5 pm,8 am–5 pm,8 am–5 pm,Closed,Closed,8 am–5 pm,"https://www.google.com/maps/search/pediatrician+in+Vero+Beach+Vero+Beach+FL/@27.638635,-80.3946317,14z",2026-02-10T22:35:30.718Z,,,
https://www.google.com/maps/place/Thornton+Daniel+L+MD/data=!4m7!3m6!1s0x88de5ec02035314b:0xc9cbd36f59ea6533!8m2!3d27.659228!4d-80.387961!16s%2Fg%2F1thxx0m6!19sChIJSzE1IMBe3ogRM2XqWW_Ty8k,Thornton Daniel L MD,,,Pediatrician,"777 37th St # C106, Vero Beach, FL 32960, United States","MJ56+MR Vero Beach, Florida, USA",http://www.tcchinc.org/,+1 772-257-8224,,https://streetviewpixels-pa.googleapis.com/v1/thumbnail?panoid=tYkLjhl5M9uOriJkqMwcnw&cb_client=search.gws-prod.gps&w=408&h=240&yaw=188.43513&pitch=0&thumbfov=100,false,,,,,,,,"https://www.google.com/maps/search/pediatrician+in+Vero+Beach+Vero+Beach+FL/@27.638635,-80.3946317,14z",2026-02-10T22:35:33.685Z,,,
"https://www.google.com/maps/place/Dr.+Gina+L.+Penaflor,+MD/data=!4m7!3m6!1s0x88de5e94d098e5d5:0x666e509498a36f51!8m2!3d27.6617087!4d-80.3916598!16s%2Fg%2F1tp_766q!19sChIJ1eWY0JRe3ogRUW-jmJRQbmY","Dr. Gina L. Penaflor, MD",,,Pediatrician,"960 37th Pl, Vero Beach, FL 32960, United States","MJ65+M8 Vero Beach, Florida, USA",,,,https://streetviewpixels-pa.googleapis.com/v1/thumbnail?panoid=9q_E9selIOryVzmx9afNuQ&cb_client=search.gws-prod.gps&w=408&h=240&yaw=359.40286&pitch=0&thumbfov=100,false,,,,,,,,"https://www.google.com/maps/search/pediatrician+in+Vero+Beach+Vero+Beach+FL/@27.638635,-80.3946317,14z",2026-02-10T22:35:36.204Z,,,
"https://www.google.com/maps/place/Dr.+Jennifer+S.+Moore,+MD/data=!4m7!3m6!1s0x88de69bcbe7e6ba3:0x747dcb20f337a0c9!8m2!3d27.6593472!4d-80.3879797!16s%2Fg%2F12htxh75f!19sChIJo2t-vrxp3ogRyaA38yDLfXQ","Dr. Jennifer S. Moore, MD",3.7,13,Counselor,"787 37th St, Vero Beach, FL 32960, United States","MJ56+PR Vero Beach, Florida, USA",,+1 772-257-8224,Closed · Opens 8:30 am Wed,https://streetviewpixels-pa.googleapis.com/v1/thumbnail?panoid=dyuvG1rmXCAAU5HjkMxtHg&cb_client=search.gws-prod.gps&w=408&h=240&yaw=182.12552&pitch=0&thumbfov=100,false,8:30 am–5 pm,8:30 am–5 pm,8:30 am–5 pm,8:30 am–5 pm,Closed,Closed,8:30 am–5 pm,"https://www.google.com/maps/search/pediatrician+in+Vero+Beach+Vero+Beach+FL/@27.638635,-80.3946317,14z",2026-02-10T22:35:40.997Z,,,
https://www.google.com/maps/place/Indian+River+Health+Services/data=!4m7!3m6!1s0x88de5e94b0cc23f1:0x42ec1b23d605cbda!8m2!3d27.6617397!4d-80.392676!16s%2Fg%2F1tdh02zg!19sChIJ8SPMsJRe3ogR2ssF1iMb7EI,Indian River Health Services,1.0,1,Medical Center,"1000 36th St, Vero Beach, FL 32960, United States","MJ64+MW Vero Beach, Florida, USA",,+1 772-794-5611,,https://streetviewpixels-pa.googleapis.com/v1/thumbnail?panoid=SG8n25A7jTGyMNQaTQnD7Q&cb_client=search.gws-prod.gps&w=408&h=240&yaw=67.030624&pitch=0&thumbfov=100,false,,,,,,,,"https://www.google.com/maps/search/pediatrician+in+Vero+Beach+Vero+Beach+FL/@27.638635,-80.3946317,14z",2026-02-10T22:35:43.752Z,,,
https://www.google.com/maps/place/Orange+Dental+Partners+-+Vero+Beach/data=!4m7!3m6!1s0x88de5f1e4317e555:0x35deafdaf7bd8b!8m2!3d27.6356953!4d-80.4458487!16s%2Fg%2F11vhyh9p7b!19sChIJVeUXQx5f3ogRi7332q_eNQA,Orange Dental Partners - Vero Beach,4.6,58,Endodontist,"1820 58th Ave #101, Vero Beach, FL 32966, United States","JHP3+7M Vero Beach, Florida, USA",https://www.orangedentalpartners.com/?utm_source=google&utm_medium=organic&utm_campaign=gbp&utm_content=vero_beach,+1 772-217-4088,Closed · Opens 9 am Wed,https://lh3.googleusercontent.com/p/AF1QipPZgIJaQzbUJAi-MyBIZp19RwcIx-2aHLvWfWVD=w408-h299-k-no,true,8 am–5 pm,9 am–4 pm,8 am–5 pm,8 am–3 pm,Closed,Closed,8 am–5 pm,"https://www.google.com/maps/search/pediatrician+in+Vero+Beach+Vero+Beach+FL/@27.638635,-80.3946317,14z",2026-02-10T22:35:48.559Z,,,
"https://www.google.com/maps/place/Craig+A.+Popp,+M.D./data=!4m7!3m6!1s0x88de5f9ec532ed0b:0xd3dff5d23b3faf7c!8m2!3d27.6650005!4d-80.3923681!16s%2Fg%2F11fqb3tgk9!19sChIJC-0yxZ5f3ogRfK8_O9L139M","Craig A. Popp, M.D.",4.8,238,Orthopedic surgeon,"3955 Indian River Blvd, Vero Beach, FL 32960, United States","MJ85+23 Vero Beach, Florida, USA",https://www.veroortho.com/experts/aaron-m-howell-do,+1 772-569-2330,Closed · Opens 8 am Wed,https://lh3.googleusercontent.com/gps-cs-s/AHVAweqx68iCiw23dC9NXbuE7JEYgg2vXZPWw93a6Nqzlf08aUb15BLlZSZr73_fHja3msj-JG1b-itzIfGOIbxrI87j2eGV4G8quXdoVRT6oRnJC5q2wFu-mPJ_p3ovL20BSRl5zvWT=w408-h720-k-no,true,8 am–5 pm,8 am–5 pm,8 am–5 pm,8 am–5 pm,Closed,Closed,8 am–5 pm,"https://www.google.com/maps/search/pediatrician+in+Vero+Beach+Vero+Beach+FL/@27.638635,-80.3946317,14z",2026-02-10T22:35:53.472Z,,,
https://www.google.com/maps/place/Cleveland+Clinic+Indian+River+Hospital/data=!4m7!3m6!1s0x88de5ef263b96e99:0x2cdcc44249423d2!8m2!3d27.6590062!4d-80.3930251!16s%2Fg%2F1z44bd54p!19sChIJmW65Y_Je3ogR0iOUJETMzQI,Cleveland Clinic Indian River Hospital,2.4,667,Hospital,"1000 36th St, Vero Beach, FL 32960, United States","MJ54+JQ Vero Beach, Florida, USA",https://my.clevelandclinic.org/florida/locations/indian-river-hospital,+1 772-567-4311,Open 24 hours,https://lh3.googleusercontent.com/p/AF1QipNW_13vR4eLUjc_V6vqak5AdRq0mkf9jrP464AW=w408-h306-k-no,true,Open 24 hours,Open 24 hours,Open 24 hours,Open 24 hours,Open 24 hours,Open 24 hours,Open 24 hours,"https://www.google.com/maps/search/pediatrician+in+Vero+Beach+Vero+Beach+FL/@27.638635,-80.3946317,14z",2026-02-10T22:35:58.740Z,LGBTQ+ friendly,,
https://www.google.com/maps/place/Jorge+Hurtado-Cordovi/data=!4m7!3m6!1s0x88de5eeb8bc55555:0x4e323d1863c52af1!8m2!3d27.6571088!4d-80.393482!16s%2Fg%2F11rwxfzbss!19sChIJVVXFi-te3ogR8SrFYxg9Mk4,Jorge Hurtado-Cordovi,,,Internist,"3555 10th Ct Ste. 200B, Vero Beach, FL 32960, United States","MJ44+RJ Vero Beach, Florida, USA",,+1 772-226-4810,,https://streetviewpixels-pa.googleapis.com/v1/thumbnail?panoid=q8vv1YH0jkIlF196vu4wFA&cb_client=search.gws-prod.gps&w=408&h=240&yaw=0.65446675&pitch=0&thumbfov=100,false,,,,,,,,"https://www.google.com/maps/search/pediatrician+in+Vero+Beach+Vero+Beach+FL/@27.638635,-80.3946317,14z",2026-02-10T22:36:01.425Z,,,
"https://www.google.com/maps/place/Dr.+Susan+B.+O%27toole,+MD/data=!4m7!3m6!1s0x88de5e94d098e5d5:0x80d7fc1be313d638!8m2!3d27.6617776!4d-80.3914688!16s%2Fg%2F1trvm7j5!19sChIJ1eWY0JRe3ogRONYT4xv814A","Dr. Susan B. O'toole, MD",,,Pediatrician,"960 37th Pl STE 101, Vero Beach, FL 32963, United States","MJ65+PC Vero Beach, Florida, USA",http://www.nemours.org/locations/florida/cha/island.html,+1 772-562-5662,,https://streetviewpixels-pa.googleapis.com/v1/thumbnail?panoid=g2MWpnh96muofccaKEEL6w&cb_client=search.gws-prod.gps&w=408&h=240&yaw=358.35486&pitch=0&thumbfov=100,false,,,,,,,,"https://www.google.com/maps/search/pediatrician+in+Vero+Beach+Vero+Beach+FL/@27.638635,-80.3946317,14z",2026-02-10T22:36:04.036Z,,,
https://www.google.com/maps/place/Vero+Elite+Dentistry/data=!4m7!3m6!1s0x88de5fac18b0b325:0xfabb7b2aafa3f85e!8m2!3d27.6596869!4d-80.3986857!16s%2Fg%2F11j2g1_g6w!19sChIJJbOwGKxf3ogRXvijryp7u_o,Vero Elite Dentistry,5.0,142,Dentist,"Second floor, 1355 37th St STE 401, Vero Beach, FL 32960, United States","MJ52+VG Vero Beach, Florida, USA",https://veroelitedentistry.com/,+1 772-742-4195,Closed · Opens 8 am Wed,https://lh3.googleusercontent.com/p/AF1QipMWyjQWB0579JsItjdAc8sO5_-kAh2ExpH_6k0B=w408-h271-k-no,true,8 am–4:30 pm,8 am–4:30 pm,8 am–4:30 pm,Closed,Closed,Closed,8 am–4:30 pm,"https://www.google.com/maps/search/pediatrician+in+Vero+Beach+Vero+Beach+FL/@27.638635,-80.3946317,14z",2026-02-10T22:36:09.043Z,,,
"https://www.google.com/maps/place/Dr.+Theodor+M.+Rudolph,+MD/data=!4m7!3m6!1s0x88de5fb5cc06438f:0x99fff48083d21476!8m2!3d27.6388028!4d-80.4261515!16s%2Fg%2F1tkrmm6b!19sChIJj0MGzLVf3ogRdhTSg4D0_5k","Dr. Theodor M. Rudolph, MD",4.1,16,Dermatologist,"3900 20th St, Vero Beach, FL 32960, United States","JHQF+GG Vero Beach, Florida, USA",,+1 772-299-4000,,https://lh3.googleusercontent.com/gps-cs-s/AHVAweoUYxT95rquJEFi0ycI1iE4T9tdZBbfGkH4U5Vezc4yovwDIXrP_27wTOdzuwozZ-Rm12RfAai0FDw1HhYZ9PHUJ7bW3_EPU5TV5LSxzZVYpmKOSswCfrc-yfHeoghEBVpeUdU=w426-h240-k-no,false,,,,,,,,"https://www.google.com/maps/search/pediatrician+in+Vero+Beach+Vero+Beach+FL/@27.638635,-80.3946317,14z",2026-02-10T22:36:11.944Z,,,
https://www.google.com/maps/place/Panchamirtham+Kamalasani+MD/data=!4m7!3m6!1s0x88de5efbc9ac3c4f:0xf54fd4ef9e909c76!8m2!3d27.6463964!4d-80.4032654!16s%2Fg%2F12611t2gt!19sChIJTzysyfte3ogRdpyQnu_UT_U,Panchamirtham Kamalasani MD,,,Pediatrician,"1900 27th St, Vero Beach, FL 32960, United States","JHWW+HM Vero Beach, Florida, USA",,+1 772-794-7461,,https://streetviewpixels-pa.googleapis.com/v1/thumbnail?panoid=14-KBlMqqxrWE5mom0B39A&cb_client=search.gws-prod.gps&w=408&h=240&yaw=186.54123&pitch=0&thumbfov=100,false,,,,,,,,"https://www.google.com/maps/search/pediatrician+in+Vero+Beach+Vero+Beach+FL/@27.638635,-80.3946317,14z",2026-02-10T22:36:14.593Z,,,
"https://www.google.com/maps/place/Dr.+Derrick+O.+Clunis,+MD/@27.6584765,-80.3942212,17z/data=!3m1!4b1!4m6!3m5!1s0x88de5ef263b96e99:0xc904c1a35ff97322!8m2!3d27.6584765!4d-80.3942212!16s%2Fg%2F1v9gw8lt","Dr. Derrick O. Clunis, MD",,,Pediatrician,"1000 36th St, Vero Beach, FL 32960, United States","MJ54+98 Vero Beach, Florida, USA",,+1 772-567-4311,,,false,,,,,,,,"https://www.google.com/maps/search/pediatrician+in+Vero+Beach+Vero+Beach+FL/@27.638635,-80.3946317,14z",2026-02-10T22:36:19.366Z,,,
"https://www.google.com/maps/place/Juliette+Valeriano/@27.5861864,-80.4007999,17z/data=!3m1!4b1!4m6!3m5!1s0x88def586757763a9:0xfdd284014019fee9!8m2!3d27.5861864!4d-80.4007999!16s%2Fg%2F11qgb7ljy9",Juliette Valeriano,5.0,1,Family practice physician,"1545 9th St SW, Vero Beach, FL 32962, United States","HHPX+FM Vero Beach, Florida, USA",,+1 772-257-8224,,,false,,,,,,,,"https://www.google.com/maps/search/pediatrician+in+Vero+Beach+Vero+Beach+FL/@27.638635,-80.3946317,14z",2026-02-10T22:36:24.121Z,,,
https://www.google.com/maps/place/Michael+Wein+MD/data=!4m7!3m6!1s0x88de5fad14c09a41:0xb953566805bf3d20!8m2!3d27.6380396!4d-80.4200638!16s%2Fg%2F1td72tmp!19sChIJQZrAFK1f3ogRID2_BWhWU7k,Michael Wein MD,4.3,151,Allergist,"3375 20th St, Vero Beach, FL 32960, United States","JHQH+6X Vero Beach, Florida, USA",https://michaelwein.info/,+1 772-299-7299,Closed · Opens 7:30 am Thu,https://lh3.googleusercontent.com/p/AF1QipOo1tyt_lOANJhOHCqyzsJo9RKOYWUMKmTYsq5D=w425-h240-k-no,true,7:30 am–4 pm,Closed,7:30 am–4 pm,7:30 am–4 pm,Closed,Closed,7:30 am–4 pm,"https://www.google.com/maps/search/pediatrician+in+Vero+Beach+Vero+Beach+FL/@27.638635,-80.3946317,14z",2026-02-10T22:36:29.036Z,,,
"https://www.google.com/maps/place/Whiting+Pediatric+Therapy+Services,+LLC./data=!4m7!3m6!1s0x88de5f1d114de80f:0x2e6523005850c043!8m2!3d27.6224483!4d-80.3879179!16s%2Fg%2F1tgz1djh!19sChIJD-hNER1f3ogRQ8BQWAAjZS4","Whiting Pediatric Therapy Services, LLC.",4.0,8,Speech pathologist,"1140 7th Ct, Vero Beach, FL 32960, United States","JJC6+XR Vero Beach, Florida, USA",http://www.whitingslp.com/,+1 772-584-3888,,https://lh3.googleusercontent.com/gps-cs-s/AHVAwermFftJi5TgFkJCuioExTns1Tx17yZUhf7I0Ay3CVChvhcc_pAl2479K9NqZzr-Tbij2WIOUaVfR53CpyG8aUW1OAAuvuZbN-qfLQa1UOSQIKHtt5FQv-XcwIW9LE23SiiOGlQ=w408-h306-k-no,true,,,,,,,,"https://www.google.com/maps/search/pediatrician+in+Vero+Beach+Vero+Beach+FL/@27.638635,-80.3946317,14z",2026-02-10T22:36:32.000Z,,,
https://www.google.com/maps/place/Spallone+Pediatric+Dentistry/data=!4m7!3m6!1s0x88de61fc4295c86f:0xa5d754b6e8da6fd3!8m2!3d27.6382005!4d-80.4851854!16s%2Fg%2F11yx7xjgpm!19sChIJb8iVQvxh3ogR02_a6LZU16U,Spallone Pediatric Dentistry,,,Pediatric dentist,"1955 Pointe W Dr, Vero Beach, FL 32966, United States","JGQ7+7W Vero Beach, Florida, USA",https://www.spallonepediatricdentistry.com/?utm_source=google&utm_medium=wix_google_business_profile&utm_campaign=12875661572801669129,+1 772-362-4745,Closed · Opens 8:30 am Wed,https://lh3.googleusercontent.com/p/AF1QipMOxyWLsk3oq5CMwdSds0mQ99d500jMjzXBCLje=w408-h272-k-no,true,Closed,8:30 am–5:30 pm,Closed,8:30 am–5:30 pm,Closed,Closed,8:30 am–5:30 pm,"https://www.google.com/maps/search/pediatrician+in+Vero+Beach+Vero+Beach+FL/@27.638635,-80.3946317,14z",2026-02-10T22:36:36.569Z,,,
https://www.google.com/maps/place/KIDS+AND+NURSES+PPEC+CENTER/data=!4m7!3m6!1s0x88de5fb2c0ec0d31:0x696947afee11f46!8m2!3d27.6388307!4d-80.4229974!16s%2Fg%2F1hg50q3ts!19sChIJMQ3swLJf3ogRRh_h_nqUlgY,KIDS AND NURSES PPEC CENTER,,,Medical Center,"3660 20th St, Vero Beach, FL 32960, United States","JHQG+GR Vero Beach, Florida, USA",http://www.kidsandnursesppeccenter.com/,+1 772-226-5059,Closed · Opens 8 am Wed,https://lh3.googleusercontent.com/p/AF1QipOBGc6v0nuCdcf3VMk_NXQtG2So_VDyEAdW5HID=w408-h306-k-no,true,8 am–4 pm,8 am–4 pm,8 am–4 pm,8 am–4 pm,Closed,Closed,8 am–4 pm,"https://www.google.com/maps/search/pediatrician+in+Vero+Beach+Vero+Beach+FL/@27.638635,-80.3946317,14z",2026-02-10T22:36:41.714Z,,,
https://www.google.com/maps/place/Coast+Dental/data=!4m7!3m6!1s0x88de5ededd198f63:0x3e830199d5a02702!8m2!3d27.6410924!4d-80.383841!16s%2Fg%2F1tfdf8fg!19sChIJY48Z3d5e3ogRAieg1ZkBgz4,Coast Dental,3.8,236,Dentist,"528 Miracle Mile Plaza, Vero Beach, FL 32960, United States","JJR8+CF Vero Beach, Florida, USA",https://www.coastdental.com/dentist-office/vero-beach-fl-32960?utm_source=gmb&utm_medium=organic,+1 772-978-9383,Closed · Opens 8 am Wed,https://lh3.googleusercontent.com/p/AF1QipPrusAW57kSHFNPm8BOmURJfY6djQeONFpy8KQ4=w408-h261-k-no,true,8 am–5 pm,8 am–5 pm,8 am–5 pm,8:30 am–5 pm,Closed,Closed,8 am–5 pm,"https://www.google.com/maps/search/pediatrician+in+Vero+Beach+Vero+Beach+FL/@27.638635,-80.3946317,14z",2026-02-10T22:36:46.716Z,,,
"https://www.google.com/maps/place/Adam+M.+Katz,+MD/data=!4m7!3m6!1s0x88de5ef22c382581:0xcbeeeff8da7e0a42!8m2!3d27.656282!4d-80.4015112!16s%2Fg%2F1tgfqym9!19sChIJgSU4LPJe3ogRQgp-2vjv7ss","Adam M. Katz, MD",5.0,612,Ophthalmologist,"3500 US-1, Vero Beach, FL 32960, United States","MH4X+G9 Vero Beach, Florida, USA",https://www.caec.info/?utm_source=gmb_auth,+1 772-200-4107,Closed · Opens 8 am Wed,https://lh3.googleusercontent.com/p/AF1QipPceEpiYtlcpGW3OewaPJlE-O3_PDVlr6rysYe9=w408-h571-k-no,true,8 am–5 pm,8 am–5 pm,8 am–5 pm,8 am–5 pm,8 am–12 pm,Closed,8 am–5 pm,"https://www.google.com/maps/search/pediatrician+in+Vero+Beach+Vero+Beach+FL/@27.638635,-80.3946317,14z",2026-02-10T22:36:51.761Z,,,
https://www.google.com/maps/place/Ms.+Julie+Tinsley/data=!4m7!3m6!1s0x88de5fb2dfae70af:0xe3fa8e2ee32a18e8!8m2!3d27.6387257!4d-80.424163!16s%2Fg%2F11qgb7jq5h!19sChIJr3Cu37Jf3ogR6Bgq4y6O-uM,Ms. Julie Tinsley,5.0,2,Counselor,"3740 20th St suite b, Vero Beach, FL 32960, United States","JHQG+F8 Vero Beach, Florida, USA",,+1 772-567-9955,,https://streetviewpixels-pa.googleapis.com/v1/thumbnail?panoid=8QCo7E9AEkzlrFkf6-Wp7g&cb_client=search.gws-prod.gps&w=408&h=240&yaw=3.3418605&pitch=0&thumbfov=100,false,,,,,,,,"https://www.google.com/maps/search/pediatrician+in+Vero+Beach+Vero+Beach+FL/@27.638635,-80.3946317,14z",2026-02-10T22:36:54.434Z,,,
https://www.google.com/maps/place/Treasure+Coast+Community+Health+%7CTCCH+%7C+Oslo+%7C+Medical/data=!4m7!3m6!1s0x88def586753b2a9d:0x588cf0e9fccde95!8m2!3d27.5861814!4d-80.4008124!16s%2Fg%2F1hc1gx_fl!19sChIJnSo7dYb13ogRld7Mnw7PiAU,Treasure Coast Community Health |TCCH | Oslo | Medical,3.1,117,Medical Center,"1545 9th St SW, Vero Beach, FL 32962, United States","HHPX+FM Vero Beach, Florida, USA",https://www.tcchinc.org/,+1 772-257-8224,Closed · Opens 8 am Wed,https://lh3.googleusercontent.com/p/AF1QipO7PrQcsDqD6LY7oEpUaeuDxlwNnvqRMIn0v3xY=w408-h319-k-no,true,8 am–5 pm,8 am–5 pm,8 am–5 pm,8 am–5 pm,Closed,Closed,8 am–5 pm,"https://www.google.com/maps/search/pediatrician+in+Vero+Beach+Vero+Beach+FL/@27.638635,-80.3946317,14z",2026-02-10T22:36:59.341Z,,,
"https://www.google.com/maps/place/Dr.+Celso+E.+Pineiro,+MD/data=!4m7!3m6!1s0x88dee8b9191af2bb:0x104ba1f77c2fc91c!8m2!3d27.6338557!4d-80.3804887!16s%2Fg%2F1tngr2y9!19sChIJu_IaGbno3ogRHMkvfPehSxA","Dr. Celso E. Pineiro, MD",4.1,14,Gastroenterologist,"275 18th St #102, Vero Beach, FL 32960, United States","JJM9+GR Vero Beach, Florida, USA",https://treasurecoastgastrohealth.com/,+1 772-562-6818,,https://streetviewpixels-pa.googleapis.com/v1/thumbnail?panoid=A3iRZM3864RzUZO3Xi_0yQ&cb_client=search.gws-prod.gps&w=408&h=240&yaw=176.2843&pitch=0&thumbfov=100,false,,,,,,,,"https://www.google.com/maps/search/pediatrician+in+Vero+Beach+Vero+Beach+FL/@27.638635,-80.3946317,14z",2026-02-10T22:37:02.239Z,,,
"https://www.google.com/maps/place/Dr.+Sobia+J.+Khawaja,+MD/@27.5861972,-80.4007675,17z/data=!3m1!4b1!4m6!3m5!1s0x88def586753b2a9d:0xd9583dfae0561dae!8m2!3d27.5861972!4d-80.4007675!16s%2Fg%2F1thtqdjr","Dr. Sobia J. Khawaja, MD",,,Pediatrician,"1545 9th St SW #4312, Vero Beach, FL 32962, United States","HHPX+FM Vero Beach, Florida, USA",http://www.tcchinc.org/,+1 772-257-8224,,,false,,,,,,,,"https://www.google.com/maps/search/pediatrician+in+Vero+Beach+Vero+Beach+FL/@27.638635,-80.3946317,14z",2026-02-10T22:37:06.933Z,,,
https://www.google.com/maps/place/Island+Health+Vero+Beach/data=!4m7!3m6!1s0x88de5dda2c5c34b7:0xcf9438e5dc938654!8m2!3d27.763584!4d-80.3991724!16s%2Fg%2F11thf1fbpp!19sChIJtzRcLNpd3ogRVIaT3OU4lM8,Island Health Vero Beach,5.0,11,Doctor,"9301 Jimmy Buffett Mem Hwy Suite 202, Vero Beach, FL 32963, United States","QJ72+C8 Vero Beach, Florida, USA",http://www.islandhealthverobeach.com/,+1 772-205-6361,Closed · Opens 9 am Wed,https://lh3.googleusercontent.com/p/AF1QipMlWJClaMeMMAWlVQCaWbNbMYwIJhwDdymZoXoy=w408-h272-k-no,true,9 am–5 pm,9 am–5 pm,9 am–5 pm,9 am–5 pm,Closed,Closed,9 am–5 pm,"https://www.google.com/maps/search/pediatrician+in+Vero+Beach+Vero+Beach+FL/@27.638635,-80.3946317,14z",2026-02-10T22:37:11.851Z,,,
"https://www.google.com/maps/place/Lisa+Nelson+Wheeler,+APRN/@27.5861864,-80.4007999,17z/data=!3m1!4b1!4m6!3m5!1s0x88def586757763a9:0x2896fbee894d68b5!8m2!3d27.5861864!4d-80.4007999!16s%2Fg%2F11rwxfxf4y","Lisa Nelson Wheeler, APRN",,,Nurse practitioner,"1545 9th St SW #4312, Vero Beach, FL 32962, United States","HHPX+FM Vero Beach, Florida, USA",https://www.tcchinc.org/about-us/healthcare-team/medical/,+1 772-257-8224,,,false,,,,,,,,"https://www.google.com/maps/search/pediatrician+in+Vero+Beach+Vero+Beach+FL/@27.638635,-80.3946317,14z",2026-02-10T22:37:16.418Z,,,
https://www.google.com/maps/place/Vero+Smiles+Dentistry/data=!4m7!3m6!1s0x88de66377dc0291f:0xbac3586f1940c62e!8m2!3d27.6298418!4d-80.3976838!16s%2Fg%2F1tw_p1ps!19sChIJHynAfTdm3ogRLsZAGW9Yw7o,Vero Smiles Dentistry,5.0,269,Dentist,"1500 14th Ave A, Vero Beach, FL 32960, United States","JJH2+WW Vero Beach, Florida, USA",http://www.verosmilesdentistry.com/,+1 772-569-0070,Closed · Opens 8 am Wed,https://lh3.googleusercontent.com/p/AF1QipNfHwkjWS5GzyoV-DNoBKoS_89BrLdtVnW-Foqe=w408-h306-k-no,true,8 am–5 pm,8 am–5 pm,8 am–5 pm,Closed,Closed,Closed,8 am–5 pm,"https://www.google.com/maps/search/pediatrician+in+Vero+Beach+Vero+Beach+FL/@27.638635,-80.3946317,14z",2026-02-10T22:37:21.421Z,,,
https://www.google.com/maps/place/St+Lucie+Pediatrics/data=!4m7!3m6!1s0x88de656d2ddac2fb:0xad935b017a9da80a!8m2!3d27.768759!4d-80.60159!16s%2Fg%2F1tffvrhn!19sChIJ-8LaLW1l3ogRCqidegFbk60,St Lucie Pediatrics,,,Pediatrician,"32 N Broadway St, Fellsmere, FL 32948, United States","Q99X+G9 Fellsmere, Florida, USA",,+1 772-571-1533,Open 24 hours,https://streetviewpixels-pa.googleapis.com/v1/thumbnail?panoid=GkpgyI_usc0W0XXnWxTgYA&cb_client=search.gws-prod.gps&w=408&h=240&yaw=273.85834&pitch=0&thumbfov=100,false,Open 24 hours,Open 24 hours,Open 24 hours,Open 24 hours,Open 24 hours,Open 24 hours,Open 24 hours,"https://www.google.com/maps/search/pediatrician+in+Vero+Beach+Vero+Beach+FL/@27.638635,-80.3946317,14z",2026-02-10T22:37:26.506Z,,,
https://www.google.com/maps/place/Pelican+Pediatrics/data=!4m7!3m6!1s0x88de69bad4ba1e99:0xa41df7e04b730fa7!8m2!3d27.8454003!4d-80.4877326!16s%2Fg%2F1td4kykr!19sChIJmR661Lpp3ogRpw9zS-D3HaQ,Pelican Pediatrics,3.9,33,Pediatrician,"13832 US-1, Sebastian, FL 32958, United States","RGW6+5W Sebastian, Florida, USA",http://www.pelicanpediatricsfl.com/,+1 772-581-0636,Closed · Opens 8:30 am Wed,https://lh3.googleusercontent.com/gps-cs-s/AHVAwer8ZUTWcT9ybEfPnKNNOSCaQ2ig5TuH2sheSiQnfOmJFDCVdgBw7yWe2iXaS0FH3quFfK5Ojvv3PKuO1udw2W33P-D86zkalM8DQ_aZnl5x8UJONfCOx1G8voShdFY3inC3GLtheQ=w408-h544-k-no,false,8:30 am–4 pm,8:30 am–4 pm,8:30 am–4 pm,8:30 am–2 pm,Closed,Closed,8:30 am–4 pm,"https://www.google.com/maps/search/pediatrician+in+Vero+Beach+Vero+Beach+FL/@27.638635,-80.3946317,14z",2026-02-10T22:37:31.663Z,,,
https://www.google.com/maps/place/Stefania+Saint-Hilaire/data=!4m7!3m6!1s0x88de5e7c65b0bf35:0x46fb5006c2c7ec30!8m2!3d27.6777548!4d-80.4150298!16s%2Fg%2F11tn9kxrgt!19sChIJNb-wZXxe3ogRMOzHwgZQ-0Y,Stefania Saint-Hilaire,3.7,3,Pediatrician,"4675 28th Ct, Vero Beach, FL 32967, United States","MHHM+4X Vero Beach, Florida, USA",,+1 772-257-8224,Temporarily closed,https://streetviewpixels-pa.googleapis.com/v1/thumbnail?panoid=TGg6YoLj5qFT5qyV54VUAw&cb_client=search.gws-prod.gps&w=408&h=240&yaw=280.67493&pitch=0&thumbfov=100,false,,,,,,,,"https://www.google.com/maps/search/pediatrician+in+Vero+Beach+Vero+Beach+FL/@27.638635,-80.3946317,14z",2026-02-10T22:37:36.602Z,,,
"https://www.google.com/maps/place/Dr.+Marc+D.+Mccain,+MD/data=!4m7!3m6!1s0x88de5eecadd29b97:0xd708847b7de4d22d!8m2!3d27.6618862!4d-80.3944396!16s%2Fg%2F1tdwfrc2!19sChIJl5vSrexe3ogRLdLkfXuECNc","Dr. Marc D. Mccain, MD",4.0,8,Pediatrician,"3745 11th Cir STE 108, Vero Beach, FL 32960, United States","MJ64+Q6 Vero Beach, Florida, USA",,+1 772-567-1552,Temporarily closed,https://streetviewpixels-pa.googleapis.com/v1/thumbnail?panoid=YJH3iRG9mM7xaVXogqofhA&cb_client=search.gws-prod.gps&w=408&h=240&yaw=321.7112&pitch=0&thumbfov=100,false,,,,,,,,"https://www.google.com/maps/search/pediatrician+in+Vero+Beach+Vero+Beach+FL/@27.638635,-80.3946317,14z",2026-02-10T22:37:41.664Z,,,
https://www.google.com/maps/place/Dr.+Sydney+Nichols/data=!4m7!3m6!1s0x88de698d63ad08cf:0x4685839091e70ef0!8m2!3d27.8425286!4d-80.4883869!16s%2Fg%2F11s7zdf4cp!19sChIJzwitY41p3ogR8A7nkZCDhUY,Dr. Sydney Nichols,5.0,1,Pediatrician,"7955 Bay St, Sebastian, FL 32958, United States","RGV6+2J Sebastian, Florida, USA",http://www.mobilevirtualproviders.com/,+1 321-209-2964,Open · Closes 8:30 pm,https://streetviewpixels-pa.googleapis.com/v1/thumbnail?panoid=eeSyDQ1ZqOpyQ-HWyw6S7Q&cb_client=search.gws-prod.gps&w=408&h=240&yaw=184.48508&pitch=0&thumbfov=100,true,5:30–8:30 pm,5–8:30 pm,5–8:30 pm,5:30–8:30 pm,Closed,Closed,5:30–8:30 pm,"https://www.google.com/maps/search/pediatrician+in+Vero+Beach+Vero+Beach+FL/@27.638635,-80.3946317,14z",2026-02-10T22:37:46.801Z,,,
https://www.google.com/maps/place/Treasure+Coast+Community+Health+%7CTCCH+%7C+Oslo+%7C+Dental/data=!4m7!3m6!1s0x88def560058a4927:0xef850fdef43e8610!8m2!3d27.5861786!4d-80.4007832!16s%2Fg%2F11tgf7thd9!19sChIJJ0mKBWD13ogREIY-9N4Phe8,Treasure Coast Community Health |TCCH | Oslo | Dental,2.2,5,Dentist,"1545 9th St SW, Vero Beach, FL 32962, United States","HHPX+FM Vero Beach, Florida, USA",http://www.tcchinc.org/,+1 772-257-8224,Closed · Opens 8 am Wed,https://lh3.googleusercontent.com/p/AF1QipOmCoeZQJuyNFyqTa4gQrfo9i9DIU75K79b1EO3=w408-h500-k-no,true,7 am–4:30 pm,8 am–6:30 pm,8 am–5:30 pm,8 am–3:30 pm,Closed,Closed,8 am–5:30 pm,"https://www.google.com/maps/search/pediatrician+in+Vero+Beach+Vero+Beach+FL/@27.638635,-80.3946317,14z",2026-02-10T22:37:52.033Z,,,
https://www.google.com/maps/place/Vero+Orthopaedics/data=!4m7!3m6!1s0x88de683a114ca92d:0xcc396099fda69ad7!8m2!3d27.8310031!4d-80.4815345!16s%2Fg%2F1tdmqwdv!19sChIJLalMETpo3ogR15qm_ZlgOcw,Vero Orthopaedics,5.0,561,Orthopedic clinic,"801 Wellness Way #100, Sebastian, FL 32958, United States","RGJ9+C9 Sebastian, Florida, USA",https://www.veroortho.com/,+1 772-388-9510,Closed · Opens 8 am Wed,https://lh3.googleusercontent.com/gps-cs-s/AHVAweobgV29ZPOTKXU6t6ekN91g8x2Y4Mi9wTebcBALpFfPs3coQ6zUXNIYgkiGiZ2-cMXlPdc4pTr8H-IoFpRZG3q2Y_4wjdFndAWA8zifDhNMdwI1a6JNxMU1lzr-gqypb6q4YP0=w410-h240-k-no,true,8 am–5 pm,8 am–5 pm,8 am–5 pm,8 am–5 pm,Closed,Closed,8 am–5 pm,"https://www.google.com/maps/search/pediatrician+in+Vero+Beach+Vero+Beach+FL/@27.638635,-80.3946317,14z",2026-02-10T22:37:56.937Z,,,
https://www.google.com/maps/place/Pediatric+Associates+St.+Lucie+West/data=!4m7!3m6!1s0x88deeb81d428df79:0x41dfec4867827691!8m2!3d27.3102037!4d-80.4105423!16s%2Fg%2F1tc_g1v5!19sChIJed8o1IHr3ogRkXaCZ0js30E,Pediatric Associates St. Lucie West,4.3,1326,Pediatrician,"1850 SW Fountainview Blvd, Port St. Lucie, FL 34986, United States","8H6Q+3Q Port St. Lucie, Florida, USA",https://www.pediatricassociates.com/pediatric-office/port-st-lucie-fl-west?utm_source=google-bp&utm_medium=referral&utm_campaign=info_location-link_pa_fl_se,+1 772-336-2818,Open · Closes 10:30 pm,https://lh3.googleusercontent.com/gps-cs-s/AHVAwerZlNRAPXUMbgitDix1ICHLC3W5GQ0UyQ1eMfAUtmomGRldchD1m1pBuo4ossdxlawVu0ySCd-uzbZFmjIAAnGNVci8Rne3UEfAeBySnavLydUr14up52LAP9fGjFaopWwJQA9C=w408-h588-k-no,true,"8 am–5 pm, 5:30–10:30 pm","8 am–5 pm, 5:30–10:30 pm","8 am–5 pm, 5:30–10:30 pm","8 am–5 pm, 5:30–10:30 pm",8 am–8 pm,9 am–2 pm,"8 am–5 pm, 5:30–10:30 pm","https://www.google.com/maps/search/pediatrician+in+Vero+Beach+Vero+Beach+FL/@27.638635,-80.3946317,14z",2026-02-10T22:38:01.875Z,,,
https://www.google.com/maps/place/Penny+Pediatrics/data=!4m7!3m6!1s0x88de69aff8528f57:0xa6f5cd00307ff643!8m2!3d27.8418081!4d-80.4888333!16s%2Fg%2F11b7lnbw1d!19sChIJV49S-K9p3ogRQ_Z_MADN9aY,Penny Pediatrics,5.0,1,Children's hospital,"8005 Bay St, Sebastian, FL 32958, United States","RGR6+PF Sebastian, Florida, USA",,+1 772-581-0300,,https://streetviewpixels-pa.googleapis.com/v1/thumbnail?panoid=qawLrXBbR04tjK7K3bvgSw&cb_client=search.gws-prod.gps&w=408&h=240&yaw=132.41782&pitch=0&thumbfov=100,false,,,,,,,,"https://www.google.com/maps/search/pediatrician+in+Vero+Beach+Vero+Beach+FL/@27.638635,-80.3946317,14z",2026-02-10T22:38:05.042Z,,,
https://www.google.com/maps/place/PM+Pediatric+Urgent+Care+%28Formerly+Night+Lite+Pediatrics%29/data=!4m7!3m6!1s0x88dee99f94fb6b73:0x993fe8dd3b9077ad!8m2!3d27.2738756!4d-80.3444603!16s%2Fg%2F11g0ll99sc!19sChIJc2v7lJ_p3ogRrXeQO93oP5k,PM Pediatric Urgent Care (Formerly Night Lite Pediatrics),4.5,1419,Pediatric clinic,"131 SW Port St Lucie Blvd, Port St. Lucie, FL 34984, United States","7MF4+H6 Port St. Lucie, Florida, USA",https://pmpediatriccare.com/location/florida-port-st-lucie/,+1 772-807-1580,Open · Closes 10 pm,https://lh3.googleusercontent.com/gps-cs-s/AHVAweobdR0fgD8tCJ8xRTfhd74apdRgGAHv2-GI5k3KuUe2f8o2FP-RLC-iW6054e01-8QgMqCOFJgil_AKZRB1f8Z8OmHBWiy1ohH9sWd2AsvyLTYFFyUZ6iN5AaYMTYJKzHLbfrKz=w408-h306-k-no,true,10 am–10 pm,10 am–10 pm,10 am–10 pm,10 am–10 pm,9 am–9 pm,9 am–9 pm,10 am–10 pm,"https://www.google.com/maps/search/pediatrician+in+Vero+Beach+Vero+Beach+FL/@27.638635,-80.3946317,14z",2026-02-10T22:38:10.183Z,,,
"https://www.google.com/maps/place/Dr.+Sheila+Mcleod,+MD/data=!4m7!3m6!1s0x88de665dd4e428f1:0x77510fc0e1e66a7b!8m2!3d27.7456517!4d-80.5190784!16s%2Fg%2F1td1qpws!19sChIJ8Sjk1F1m3ogRe2rm4cAPUXc","Dr. Sheila Mcleod, MD",,,Pediatrician,"8316 94th Ave, Vero Beach, FL 32967, United States","PFWJ+79 Vero Beach, Florida, USA",,+1 772-581-4894,,https://streetviewpixels-pa.googleapis.com/v1/thumbnail?panoid=mM0_qNVTPckFuN6PdIgnCQ&cb_client=search.gws-prod.gps&w=408&h=240&yaw=84.9723&pitch=0&thumbfov=100,false,,,,,,,,"https://www.google.com/maps/search/pediatrician+in+Vero+Beach+Vero+Beach+FL/@27.638635,-80.3946317,14z",2026-02-10T22:38:13.152Z,,,
"https://www.google.com/maps/place/Indian+River+Primary+Care:+Curtis+Dalili,+M.D./data=!4m7!3m6!1s0x88de5ef2dc8fb661:0xf6bafef21ae03e49!8m2!3d27.6605849!4d-80.4014933!16s%2Fg%2F1tkc2xzt!19sChIJYbaP3PJe3ogRST7gGvL-uvY","Indian River Primary Care: Curtis Dalili, M.D.",2.3,16,Internist,"1715 37th Pl 2ND FLOOR, Vero Beach, FL 32960, United States","MH6X+6C Vero Beach, Florida, USA",http://irpcvb.com/,+1 772-794-2222,Closed · Opens 8 am Wed,https://lh3.googleusercontent.com/p/AF1QipNQroYmTAuJT6Pyc2xWdCgxOHcW6sfPatqZHjmu=w408-h290-k-no,true,8 am–5 pm,8 am–5 pm,8 am–5 pm,8 am–12 pm,Closed,Closed,8 am–5 pm,"https://www.google.com/maps/search/pediatrician+in+Indian+River+Shores+Vero+Beach+FL/@27.7166964,-80.3842173,14z",2026-02-10T22:38:30.093Z,,,
https://www.google.com/maps/place/Indian+River+Primary+Care/data=!4m7!3m6!1s0x88de5ef2d8e6d733:0x5c7d9bc77ad09cfd!8m2!3d27.6606644!4d-80.4014988!16s%2Fg%2F1thgc83s!19sChIJM9fm2PJe3ogR_ZzQesebfVw,Indian River Primary Care,2.7,42,Medical group,"1715 37th Place 2nd and 3rd Floor, 1715 37th Pl, Vero Beach, FL 32960, United States","MH6X+7C Vero Beach, Florida, USA",http://irpcvb.com/,+1 772-794-2222,Closed · Opens 9 am Wed,https://lh3.googleusercontent.com/p/AF1QipPe1iZS8I7aj8TncYreNB7zlLVPyb-0KEf-Xb3p=w408-h544-k-no,true,9 am–5 pm,9 am–5 pm,9 am–5 pm,9 am–1 pm,Closed,Closed,9 am–5 pm,"https://www.google.com/maps/search/pediatrician+in+Indian+River+Shores+Vero+Beach+FL/@27.7166964,-80.3842173,14z",2026-02-10T22:38:35.055Z,,,
"https://www.google.com/maps/place/Kristin+Kelly,+MD/data=!4m7!3m6!1s0x88de5eed15bda91f:0x87cf6b53d0280b75!8m2!3d27.6618309!4d-80.394104!16s%2Fg%2F1tj4hw6v!19sChIJH6m9Fe1e3ogRdQso0FNrz4c","Kristin Kelly, MD",4.6,165,Family practice physician,"3745 11th Cir Suite 105, Vero Beach, FL 32960, United States","MJ64+P9 Vero Beach, Florida, USA",https://providers.steward.org/s/affiliation/a0d5Y00001WQx2gQAD,+1 772-564-2485,,https://lh3.googleusercontent.com/p/AF1QipM1PsobCELNtkwP1WwL77Nxcr4KnOIIm1qT8v3N=w426-h240-k-no,true,,,,,,,,"https://www.google.com/maps/search/pediatrician+in+Indian+River+Shores+Vero+Beach+FL/@27.7166964,-80.3842173,14z",2026-02-10T22:38:43.128Z,,,
https://www.google.com/maps/place/Whole+Family+Health+Center/data=!4m7!3m6!1s0x88de5eeb346d06f3:0x51143cc3cfa9f23!8m2!3d27.6609346!4d-80.3920819!16s%2Fg%2F11cmbfdl76!19sChIJ8wZtNOte3ogRI5_6PMxDEQU,Whole Family Health Center,3.9,208,Medical clinic,"981 37th Pl, Vero Beach, FL 32960, United States","MJ65+95 Vero Beach, Florida, USA",http://www.wfhcfl.org/,+1 877-345-9342,Closes soon · 6 pm · Opens 7:30 am Wed,https://lh3.googleusercontent.com/gps-cs-s/AHVAweom8Jit6IJxtbvXD5uU7ulzcMko1AhmVL4V8C3W6KUKVl3DB7z97MCFHntEvc3NHDftPGOob3D2JTNnmqyCKclZ1OemDFzcKlahUmr3tE6kNWt6aa65C5SJqQ1-6CkBNap2r5iGeg=w408-h306-k-no,true,7:30 am–6 pm,7:30 am–6 pm,7:30 am–6 pm,7:30 am–5 pm,Closed,Closed,7:30 am–6 pm,"https://www.google.com/maps/search/pediatrician+in+Indian+River+Shores+Vero+Beach+FL/@27.7166964,-80.3842173,14z",2026-02-10T22:38:48.210Z,,,
https://www.google.com/maps/place/Treasure+Coast+Community+Health+%7CTCCH+%7C+Gifford+Health+Center+%7C+Medical/data=!4m7!3m6!1s0x88de5f89dc2bcc9d:0x7ce99b2572a5dd78!8m2!3d27.6777173!4d-80.4150144!16s%2Fg%2F11j2xkz0tq!19sChIJncwr3Ilf3ogReN2lciWb6Xw,Treasure Coast Community Health |TCCH | Gifford Health Center | Medical,4.3,50,Medical Center,"4675 28th Ct, Vero Beach, FL 32967, United States","MHHM+3X Vero Beach, Florida, USA",https://www.tcchinc.org/,+1 772-257-8224,Open · Closes 7 pm,https://lh3.googleusercontent.com/p/AF1QipMgY_O7D55l_zKjc29_SC0AQWfru6GvmDP1uwiv=w408-h305-k-no,true,8 am–7 pm,8 am–6 pm,8 am–7 pm,8 am–6 pm,Closed,Closed,8 am–6 pm,"https://www.google.com/maps/search/pediatrician+in+Indian+River+Shores+Vero+Beach+FL/@27.7166964,-80.3842173,14z",2026-02-10T22:38:57.933Z,,,
https://www.google.com/maps/place/Indian+River+Medical+Center/data=!4m7!3m6!1s0x88de5eee8fda5de7:0xa31542174794a91c!8m2!3d27.6561001!4d-80.3947795!16s%2Fg%2F11c6qdrjcx!19sChIJ513aj-5e3ogRHKmURxdCFaM,Indian River Medical Center,2.5,8,Medical clinic,"3450 11th Ct, Vero Beach, FL 32960, United States","MJ44+C3 Vero Beach, Florida, USA",https://my.clevelandclinic.org/locations/directions/529-indian-river-hospital,+1 772-563-4762,Open 24 hours,https://streetviewpixels-pa.googleapis.com/v1/thumbnail?panoid=klwT7Th7yAzdQATkKREIXg&cb_client=search.gws-prod.gps&w=408&h=240&yaw=50.50922&pitch=0&thumbfov=100,false,Open 24 hours,Open 24 hours,Open 24 hours,Open 24 hours,Open 24 hours,Open 24 hours,Open 24 hours,"https://www.google.com/maps/search/pediatrician+in+Indian+River+Shores+Vero+Beach+FL/@27.7166964,-80.3842173,14z",2026-02-10T22:39:02.845Z,,,
"https://www.google.com/maps/place/Indian+River+Primary+Care:+William+Arnold,+M.D./data=!4m7!3m6!1s0x88de5ef2dc8fb661:0xbbf6ea1f1c98a69e!8m2!3d27.6605599!4d-80.4014833!16s%2Fg%2F11bwqgcgzx!19sChIJYbaP3PJe3ogRnqaYHB_q9rs","Indian River Primary Care: William Arnold, M.D.",3.7,11,Family practice physician,"1715 37th Pl, Vero Beach, FL 32960, United States","MH6X+6C Vero Beach, Florida, USA",http://irpcvb.com/,+1 772-794-2222,Closed · Opens 8 am Wed,https://lh3.googleusercontent.com/p/AF1QipMEZEbAYEurMqAYetkGv4chKINczfFtUyvZRnlj=w408-h290-k-no,true,8 am–5 pm,8 am–5 pm,8 am–5 pm,8 am–2 pm,Closed,Closed,8 am–5 pm,"https://www.google.com/maps/search/pediatrician+in+Indian+River+Shores+Vero+Beach+FL/@27.7166964,-80.3842173,14z",2026-02-10T22:39:07.947Z,,,
https://www.google.com/maps/place/Dr.+Marza+S+Penny+MD/data=!4m7!3m6!1s0x88de69a3381d2257:0xf8b423fd23424d31!8m2!3d27.8493048!4d-80.4889909!16s%2Fg%2F1yg6nr6hm!19sChIJVyIdOKNp3ogRMU1CI_0jtPg,Dr. Marza S Penny MD,4.1,36,Pediatrician,"14430 US-1, Sebastian, FL 32958, United States","RGX6+PC Sebastian, Florida, USA",https://rymap.org/business/dr-marza-s-penny-md-a1oep9,+1 772-581-0300,Closed · Opens 10 am Wed,https://lh3.googleusercontent.com/gps-cs-s/AHVAweqZLaKprQr9qlY89GBnCSJW4jn4fuDl2yo2XzTCfwioVCytqDW-HINXpVJjwexhly2Ij037SaMiX2glsVs4-pnHqH4xsMeP50RdZ07V2a-03BGvbHTvy2Bh97cJcrwK31apPO_P=w408-h544-k-no,false,10 am–5 pm,10 am–5 pm,10 am–5 pm,9 am–1 pm,Closed,Closed,10 am–5 pm,"https://www.google.com/maps/search/pediatrician+in+Indian+River+Shores+Vero+Beach+FL/@27.7166964,-80.3842173,14z",2026-02-10T22:39:12.809Z,,,
,,,,,,,,,,,,,,,,,,,"https://www.google.com/maps/search/pediatrician+in+Wabasso+Vero+Beach+FL/@27.638635,-80.3946317,14z",2026-02-10T22:39:26.350Z,,No new results found,
"https://www.google.com/maps/place/Dr.+Kimberly+M.+Graziano,+MD/@27.8456559,-80.4877312,17z/data=!3m1!4b1!4m6!3m5!1s0x88de69bad4ba1e99:0x19a18c274fd59a5!8m2!3d27.8456559!4d-80.4877312!16s%2Fg%2F1tdc60ry","Dr. Kimberly M. Graziano, MD",4.1,13,Pediatrician,"13832 US-1, Sebastian, FL 32958, United States","RGW6+7W Sebastian, Florida, USA",https://pelicanpediatricsfl.com/meet-the-staff/,+1 772-581-0636,Closed · Opens 9 am Wed,,false,9 am–5 pm,9 am–5 pm,9 am–5 pm,9 am–5 pm,Closed,Closed,9 am–5 pm,"https://www.google.com/maps/search/pediatrician+in+Sebastian+Vero+Beach+FL/@27.638635,-80.3946317,14z",2026-02-10T22:39:50.126Z,,,
https://www.google.com/maps/place/Dr.+Sandra+Wechsler/data=!4m7!3m6!1s0x88de69b1ccaa89ed:0x4bd49fd8847fc608!8m2!3d27.8389602!4d-80.4872286!16s%2Fg%2F11qgb7dwrp!19sChIJ7YmqzLFp3ogRCMZ_hNif1Es,Dr. Sandra Wechsler,3.7,3,Pediatrician,"13505 US-1, Sebastian, FL 32958, United States","RGQ7+H4 Sebastian, Florida, USA",,+1 772-257-8224,,https://streetviewpixels-pa.googleapis.com/v1/thumbnail?panoid=eACFRwi4VBH6lNPoHm6Pmw&cb_client=search.gws-prod.gps&w=408&h=240&yaw=265.2944&pitch=0&thumbfov=100,false,,,,,,,,"https://www.google.com/maps/search/pediatrician+in+Sebastian+Vero+Beach+FL/@27.638635,-80.3946317,14z",2026-02-10T22:39:53.101Z,,,
"https://www.google.com/maps/place/Nemours+Children%27s+Health,+Sebastian+-+Primary+Care/data=!4m7!3m6!1s0x88de699c34c3aa49:0xc4ade6dbe4db1b13!8m2!3d27.8493031!4d-80.4889735!16s%2Fg%2F11mrwy8lng!19sChIJSarDNJxp3ogRExvb5NvmrcQ","Nemours Children's Health, Sebastian - Primary Care",,,Pediatrician,"14430 US-1 Suite 103, Sebastian, FL 32958, United States","RGX6+PC Sebastian, Florida, USA",https://www.nemours.org/locations/florida-primary-care-pediatrician-sebastian.html?utm_source=GMB&utm_medium=Yext&External_id=OS2150806010100,+1 772-581-0300,Closed · Opens 8 am Wed,https://lh3.googleusercontent.com/p/AF1QipN2v7-QcguQzJzMBWMAVWwb_iK1kaHz1PRLP_go=w426-h240-k-no,true,8 am–5 pm,8 am–5 pm,8 am–5 pm,8 am–5 pm,Closed,Closed,8 am–5 pm,"https://www.google.com/maps/search/pediatrician+in+Sebastian+Vero+Beach+FL/@27.638635,-80.3946317,14z",2026-02-10T22:39:58.179Z,,,
https://www.google.com/maps/place/Treasure+Coast+Community+Health%7CTCCH+%7C+United+Against+Poverty+%7C+Medical/data=!4m7!3m6!1s0x88de5f662d0ebd09:0x8e1e71d6b53409e9!8m2!3d27.647565!4d-80.4013853!16s%2Fg%2F11t5rb7drm!19sChIJCb0OLWZf3ogR6Qk0tdZxHo4,Treasure Coast Community Health|TCCH | United Against Poverty | Medical,4.9,104,Medical Center,"1400 27th St, Vero Beach, FL 32960, United States","JHXX+2C Vero Beach, Florida, USA",https://www.tcchinc.org/,+1 772-257-8224,Closed · Opens 8:30 am Wed,https://lh3.googleusercontent.com/p/AF1QipMhQzOA8_VxRJoS5dcD4Mf9zxnxtSyTG2eMijuL=w408-h571-k-no,true,8:30 am–4:30 pm,8:30 am–4:30 pm,8:30 am–4:30 pm,8:30 am–4:30 pm,Closed,Closed,8:30 am–4:30 pm,"https://www.google.com/maps/search/pediatrician+in+Sebastian+Vero+Beach+FL/@27.638635,-80.3946317,14z",2026-02-10T22:40:03.577Z,,,
"https://www.google.com/maps/place/Eric+Pitts,+DO+-+Florida+Kidney+Physicians/data=!4m7!3m6!1s0x88de5fdf5ec5064d:0x81d469eae52945ea!8m2!3d27.6308198!4d-80.3909697!16s%2Fg%2F11sbzjk6_d!19sChIJTQbFXt9f3ogR6kUp5epp1IE","Eric Pitts, DO - Florida Kidney Physicians",4.3,4,Nephrologist,"1553 US-1, Vero Beach, FL 32960, United States","JJJ5+8J Vero Beach, Florida, USA",https://flkidney.com/physicians/eric-pitts-do/,+1 772-562-3234,Closed · Opens 9 am Wed,https://streetviewpixels-pa.googleapis.com/v1/thumbnail?panoid=fYpS-AHB7hu67vMm7wdQLA&cb_client=search.gws-prod.gps&w=408&h=240&yaw=356.11707&pitch=0&thumbfov=100,true,9 am–5 pm,9 am–5 pm,9 am–5 pm,9 am–5 pm,Closed,Closed,9 am–5 pm,"https://www.google.com/maps/search/pediatrician+in+Sebastian+Vero+Beach+FL/@27.638635,-80.3946317,14z",2026-02-10T22:40:08.825Z,,,
https://www.google.com/maps/place/Primary+Care-Treasure+Coast/data=!4m7!3m6!1s0x88de69b354ad231d:0xaa68d64c6c475653!8m2!3d27.8310031!4d-80.4815345!16s%2Fg%2F1w_vp2nr!19sChIJHSOtVLNp3ogRU1ZHbEzWaKo,Primary Care-Treasure Coast,4.3,6,Medical clinic,"801 Wellness Way #204, Sebastian, FL 32958, United States","RGJ9+C9 Sebastian, Florida, USA",https://my.clevelandclinic.org/locations/directions/592-indian-river-hospital-primary-care-of-the-treasure-coast-vero-beach,+1 772-567-6340,Closed · Opens 8 am Wed,https://streetviewpixels-pa.googleapis.com/v1/thumbnail?panoid=D97CL3z79DXmOlRdECeOPQ&cb_client=search.gws-prod.gps&w=408&h=240&yaw=131.0388&pitch=0&thumbfov=100,true,8 am–4 pm,8 am–4 pm,8 am–4 pm,8 am–3 pm,Closed,Closed,8 am–4 pm,"https://www.google.com/maps/search/pediatrician+in+Sebastian+Vero+Beach+FL/@27.638635,-80.3946317,14z",2026-02-10T22:40:18.699Z,,,
https://www.google.com/maps/place/Sebastian+Smiles+Pediatric+Dentistry/data=!4m7!3m6!1s0x88de686daa7d3c25:0xc33da80578f8ce98!8m2!3d27.7976398!4d-80.4799662!16s%2Fg%2F11c709zfhw!19sChIJJTx9qm1o3ogRmM74eAWoPcM,Sebastian Smiles Pediatric Dentistry,4.5,100,Pediatric dentist,"621 Sebastian Blvd STE C, Sebastian, FL 32958, United States","QGXC+32 Sebastian, Florida, USA",http://sebastiansmilespediatricdentistry.com/,+1 772-288-6001,Closed · Opens 9 am Wed,https://lh3.googleusercontent.com/p/AF1QipOf0pRjWdCxjZ1GC4EWpmgk0wjgmSsAliujboqL=w408-h306-k-no,true,8 am–4 pm,9 am–5 pm,8 am–4 pm,8 am–3 pm,Closed,Closed,9 am–3 pm,"https://www.google.com/maps/search/pediatrician+in+Sebastian+Vero+Beach+FL/@27.638635,-80.3946317,14z",2026-02-10T22:40:24.204Z,,,
"https://www.google.com/maps/place/Lorraine+Childs,+NP/data=!4m7!3m6!1s0x88de6bd65d8758fb:0x6a3088cbaaf89d93!8m2!3d27.8815305!4d-80.5065685!16s%2Fg%2F11b6q7wtz7!19sChIJ-1iHXdZr3ogRk534qsuIMGo","Lorraine Childs, NP",4.1,10,Family practice physician,"8000 Ron Beatty Blvd Suite A 3, Barefoot Bay, FL 32976, United States","VFJV+J9 Barefoot Bay, Sebastian, FL, USA",https://providers.steward.org/s/affiliation/a0d5Y00001WQx2zQAD/Lorraine-Childs-8000-Ron-Beatty-Blvd-Suite-A-3-Barefoot-Bay-FL-32976-Steward-I,+1 772-664-1388,,https://streetviewpixels-pa.googleapis.com/v1/thumbnail?panoid=biQ8aN2qBQr6BedotLgtmQ&cb_client=search.gws-prod.gps&w=408&h=240&yaw=268.62885&pitch=0&thumbfov=100,true,,,,,,,,"https://www.google.com/maps/search/pediatrician+in+Barefoot+Bay+Vero+Beach+FL/@27.638635,-80.3946317,14z",2026-02-10T22:40:51.375Z,,,
"https://www.google.com/maps/place/Peter+Wernicki,+MD/data=!4m7!3m6!1s0x88de5eed40e2cdd3:0xfbbcb3e3d2619649!8m2!3d27.6593472!4d-80.3879797!16s%2Fg%2F1tj5lzp6!19sChIJ083iQO1e3ogRSZZh0uOzvPs","Peter Wernicki, MD",5.0,69,Orthopedic surgeon,"787 37th St Suite 200, Vero Beach, FL 32960, United States","MJ56+PR Vero Beach, Florida, USA",https://www.veroeliteortho.com/,+1 772-978-7808,Closed · Opens 8 am Wed,https://lh3.googleusercontent.com/p/AF1QipP2vBIb_fkdBTZEfOWZGlKUHIuul2tzQkdKUijs=w486-h240-k-no,true,8 am–5 pm,8 am–5 pm,8 am–5 pm,8 am–4:30 pm,Closed,Closed,8 am–5 pm,"https://www.google.com/maps/search/pediatrician+in+Barefoot+Bay+Vero+Beach+FL/@27.638635,-80.3946317,14z",2026-02-10T22:40:56.908Z,,,
https://www.google.com/maps/place/Foot+Seas+Podiatry/data=!4m7!3m6!1s0x88de5ec01f8378b3:0x2668babe83698f22!8m2!3d27.6592559!4d-80.3884327!16s%2Fg%2F11bzs1pmkq!19sChIJs3iDH8Be3ogRIo9pg766aCY,Foot Seas Podiatry,4.3,12,Podiatrist,"787 37th St e220, Vero Beach, FL 32960, United States","MJ56+PJ Vero Beach, Florida, USA",http://www.footseaspodiatry.com/,+1 772-770-9127,Closed · Opens 1 pm Wed,https://streetviewpixels-pa.googleapis.com/v1/thumbnail?panoid=dyuvG1rmXCAAU5HjkMxtHg&cb_client=search.gws-prod.gps&w=408&h=240&yaw=214.45401&pitch=0&thumbfov=100,true,8 am–12 pm,1–6 pm,9 am–4 pm,Closed,Closed,Closed,9 am–4 pm,"https://www.google.com/maps/search/pediatrician+in+Barefoot+Bay+Vero+Beach+FL/@27.638635,-80.3946317,14z",2026-02-10T22:41:02.348Z,,,
https://www.google.com/maps/place/DOH-Indian+River+-+Main+Health+Department+Site/data=!4m7!3m6!1s0x88de5efbc9ac3cd1:0xfca8402ccd267585!8m2!3d27.6472726!4d-80.4040249!16s%2Fg%2F1tf43s8s!19sChIJ0Tysyfte3ogRhXUmzSxAqPw,DOH-Indian River - Main Health Department Site,2.7,31,Public health department,"1900 27th St, Vero Beach, FL 32960, United States","JHWW+W9 Vero Beach, Florida, USA",http://indianriver.floridahealth.gov/locations/location-main-site.html,+1 772-794-7400,Closed · Opens 8 am Wed,https://lh3.googleusercontent.com/gps-cs-s/AHVAwepaK7SnQGp8BGSDoxIRY3Yzocf8Puki0u1z-BYDyeOcNVgeX-4oPdOEG7ABJhz6X4Y0fueLTsPXJ1nGSqEWejaI_yEr-L8AY9xNl9mmJd9bBZ8ML4eki5dYYp2GlsxBPq8MMIWU=w408-h544-k-no,true,8 am–5 pm,8 am–5 pm,8 am–5 pm,8 am–5 pm,Closed,Closed,8 am–5 pm,"https://www.google.com/maps/search/pediatrician+in+Barefoot+Bay+Vero+Beach+FL/@27.638635,-80.3946317,14z",2026-02-10T22:41:12.106Z,,,
https://www.google.com/maps/place/Dr.+Joshua+Roberts/data=!4m7!3m6!1s0x88de5ec01f8378b3:0xcad883a5cb4e9478!8m2!3d27.6593472!4d-80.3879797!16s%2Fg%2F11rwxg4_ct!19sChIJs3iDH8Be3ogReJROy6WD2Mo,Dr. Joshua Roberts,5.0,4,Podiatrist,"787 37th St Ste 220, Vero Beach, FL 32960, United States",,https://www.footseaspodiatry.com/,+1 772-770-9127,,https://streetviewpixels-pa.googleapis.com/v1/thumbnail?panoid=dyuvG1rmXCAAU5HjkMxtHg&cb_client=search.gws-prod.gps&w=408&h=240&yaw=182.12552&pitch=0&thumbfov=100,false,,,,,,,,"https://www.google.com/maps/search/pediatrician+in+Barefoot+Bay+Vero+Beach+FL/@27.638635,-80.3946317,14z",2026-02-10T22:41:15.592Z,,,
https://www.google.com/maps/place/Shaw+Medical+Group/data=!4m7!3m6!1s0x88de6bd6ee02cf7b:0x1127765265384de3!8m2!3d27.8868006!4d-80.5241148!16s%2Fg%2F11g8t_csg1!19sChIJe88C7tZr3ogR4004ZVJ2JxE,Shaw Medical Group,4.6,16,Medical clinic,"947 Barefoot Blvd, Barefoot Bay, FL 32976, United States","VFPG+P9 Barefoot Bay, Sebastian, FL, USA",https://weence.com/medical/doctors/sebastian/shaw-medical-group/,+1 321-593-6999,Closed · Opens 8 am Wed,https://streetviewpixels-pa.googleapis.com/v1/thumbnail?panoid=IyrC7kVhujmbdMgzAtyCvw&cb_client=search.gws-prod.gps&w=408&h=240&yaw=236.79655&pitch=0&thumbfov=100,true,8 am–4 pm,8 am–4 pm,8 am–4 pm,Closed,Closed,Closed,8 am–4 pm,"https://www.google.com/maps/search/pediatrician+in+Barefoot+Bay+Vero+Beach+FL/@27.638635,-80.3946317,14z",2026-02-10T22:41:20.910Z,,,
https://www.google.com/maps/place/Orchid+Island+Family+Chiropractic/data=!4m7!3m6!1s0x88de5f67e777f597:0x466d709edeee10fb!8m2!3d27.6322501!4d-80.3862916!16s%2Fg%2F11ss5v3t14!19sChIJl_V352df3ogR-xDu3p5wbUY,Orchid Island Family Chiropractic,5.0,31,Chiropractor,"643 17th St, Vero Beach, FL 32960, United States","JJJ7+WF Vero Beach, Florida, USA",https://www.orchidislandfamilychiro.com/,+1 772-492-8124,Closed · Opens 9 am Wed,https://streetviewpixels-pa.googleapis.com/v1/thumbnail?panoid=6LFkK0SgTIQBPE7m6wuH6Q&cb_client=search.gws-prod.gps&w=408&h=240&yaw=123.78436&pitch=0&thumbfov=100,true,1–5 pm,9 am–6 pm,1–5 pm,8 am–12 pm,Closed,Closed,9 am–6 pm,"https://www.google.com/maps/search/pediatrician+in+Orchid+Vero+Beach+FL/@27.638635,-80.3946317,14z",2026-02-10T22:41:38.458Z,,,
https://www.google.com/maps/place/Murray+Concierge+Medicine/data=!4m7!3m6!1s0x88de5fc6f4b1eedd:0x8f00aae9674ef520!8m2!3d27.6616917!4d-80.3909811!16s%2Fg%2F11rnxx58r3!19sChIJ3e6x9MZf3ogRIPVOZ-mqAI8,Murray Concierge Medicine,5.0,9,Medical clinic,"920 37th Pl STE 103, Vero Beach, FL 32960, United States","MJ65+MJ Vero Beach, Florida, USA",https://murraymedicine.com/,+1 772-226-6461,Closed · Opens 9 am Wed,https://lh3.googleusercontent.com/p/AF1QipP57rosYWuJo7VMcsFSWTxPUWqA0gblRP3slQXx=w408-h306-k-no,true,9 am–4 pm,9 am–4 pm,9 am–4 pm,9 am–12 pm,Closed,Closed,9 am–4 pm,"https://www.google.com/maps/search/pediatrician+in+Orchid+Vero+Beach+FL/@27.638635,-80.3946317,14z",2026-02-10T22:41:52.726Z,,,
"https://www.google.com/maps/place/Daniel+Wubneh,+D.O./data=!4m7!3m6!1s0x88de5eee8fd9b151:0xb90cd89ebca63aad!8m2!3d27.6561747!4d-80.3946081!16s%2Fg%2F11c5xwng6d!19sChIJUbHZj-5e3ogRrTqmvJ7YDLk","Daniel Wubneh, D.O.",3.7,10,Osteopath,"3450 11th Ct Suite 102, Vero Beach, FL 32960, United States","MJ44+F5 Vero Beach, Florida, USA",https://my.clevelandclinic.org/staff/27596-daniel-wubneh,+1 772-778-8687,Closed · Opens 8 am Wed,https://lh3.googleusercontent.com/p/AF1QipNpkuugtA8yPxYi0YsIJ22O40UC4M8tX2hIevR_=w408-h611-k-no,true,8 am–5 pm,8 am–5 pm,8 am–5 pm,8 am–5 pm,Closed,Closed,8 am–5 pm,"https://www.google.com/maps/search/pediatrician+in+Orchid+Vero+Beach+FL/@27.638635,-80.3946317,14z",2026-02-10T22:41:57.825Z,,,
,,,,,,,,,,,,,,,,,,,"https://www.google.com/maps/search/pediatrician+in+Gifford+Vero+Beach+FL/@27.638635,-80.3946317,14z",2026-02-10T22:42:06.670Z,,No new results found,
"https://www.google.com/maps/place/Family+%26+Pediatric+Clinic/@27.6227686,-80.4492331,17z/data=!3m1!4b1!4m6!3m5!1s0x88de5fdc20438bfd:0xb79eea3bb20ad13c!8m2!3d27.6227686!4d-80.4492331!16s%2Fg%2F1tk_kjhg",Family & Pediatric Clinic,,,Pediatric clinic,"1105 58th Ave, Vero Beach, FL 32966, United States","JHF2+48 Vero Beach, Florida, USA",,+1 772-770-3007,,,false,,,,,,,,"https://www.google.com/maps/search/pediatrician+in+Summerplace+Vero+Beach+FL/@27.6471965,-80.4029898,14z",2026-02-10T22:42:29.102Z,,,
https://www.google.com/maps/place/Summerplace/data=!4m7!3m6!1s0x88de5efbb33e248f:0x2f3d872e095eab6b!8m2!3d27.6471965!4d-80.4029898!16s%2Fg%2F11h5q8gxrv!19sChIJjyQ-s_te3ogRa6teCS6HPS8,Summerplace,,,Park,"1800 27th St, Vero Beach, FL 32960, United States",,http://summerplaceflorida.com/,+1 772-226-1919,,https://streetviewpixels-pa.googleapis.com/v1/thumbnail?panoid=HDF338IT2PQ8zQfhE74ncA&cb_client=search.gws-prod.gps&w=408&h=240&yaw=2.1903725&pitch=0&thumbfov=100,false,,,,,,,,"https://www.google.com/maps/search/pediatrician+in+Summerplace+Vero+Beach+FL/@27.6471965,-80.4029898,14z",2026-02-10T22:42:36.909Z,,,
https://www.google.com/maps/place/Riverside+Park/data=!4m7!3m6!1s0x88de59332b44f411:0x4389bee161d8dadb!8m2!3d27.6480961!4d-80.3655044!16s%2Fg%2F11cp7d64rq!19sChIJEfREKzNZ3ogR29rYYeG-iUM,Riverside Park,4.7,731,Park,"3280 Riverside Park Dr, Vero Beach, FL 32963, United States","JJXM+6Q Vero Beach, Florida, USA",https://www.covb.org/Facilities/Facility/Details/Riverside-Racquet-Tennis-Complex-25,,Open · Closes 10 pm,https://lh3.googleusercontent.com/gps-cs-s/AHVAwepvJVlAjoIMr4Nhk_9kx918QoaKMKfF6MKKLDjXCQl7jNfh7wJmRVNlI5dOQvtG-qFUyEber4BhePl2Ir74VsPSnkWIT2YVmivjI3k5IWRYl6iQg0R4GKygqecEOLnB0Y3SlrM=w506-h240-k-no,false,7 am–10 pm,7 am–10 pm,7 am–10 pm,7 am–10 pm,7 am–10 pm,7 am–10 pm,7 am–10 pm,"https://www.google.com/maps/search/pediatrician+in+Riverside+Park+Vero+Beach+FL/@27.6515296,-80.3668753,14z",2026-02-10T22:42:55.953Z,,,· Dogs allowed
https://www.google.com/maps/place/Primary+Care+of+the+Treasure+Coast/data=!4m7!3m6!1s0x88de683a114ca92d:0x10740e0a040829ca!8m2!3d27.6576934!4d-80.3978048!16s%2Fg%2F1tdvfcyl!19sChIJLalMETpo3ogRyikIBAoOdBA,Primary Care of the Treasure Coast,2.9,48,Medical clinic,"1265 36th St, Vero Beach, FL 32960, United States","MJ52+3V Vero Beach, Florida, USA",https://my.clevelandclinic.org/locations/directions/592-primary-care-of-the-treasure-coast-vero-beach,+1 772-567-6340,Closed · Opens 8 am Wed,https://lh3.googleusercontent.com/p/AF1QipPHN90JqeW92KOIn8EJZJl3y7G7O1YJsCetw3cJ=w408-h259-k-no,true,8 am–5 pm,8 am–5 pm,8 am–5 pm,8 am–5 pm,Closed,Closed,8 am–5 pm,"https://www.google.com/maps/search/pediatrician+in+Central+Beach+Vero+Beach+FL/@27.638635,-80.3946317,14z",2026-02-10T22:43:31.614Z,LGBTQ+ friendly,,
https://www.google.com/maps/place/Old+Orchid/data=!4m7!3m6!1s0x88de5cd0b560a335:0x7ad94a9199306261!8m2!3d27.7679085!4d-80.4047679!16s%2Fg%2F11h3vc476q!19sChIJNaNgtdBc3ogRYWIwmZFK2Xo,Old Orchid,5.0,3,,"9555 E Maiden Ct, Orchid, FL 32963, United States","QH9W+53 Orchid, Florida, USA",,,,https://lh3.googleusercontent.com/gps-cs-s/AHVAwerLRHeMH4-mTSfLzmN-DXL-WTUqiXoY1R743zrcVbe8mWGKXIMjHv43_bZH1-XpQYsmtylKvmIhwEy2fDc5GuM_u2yfYVePh3ZCG1weRw1pm5KhZ9ZYBU-IlIn5iMZ8H2LiImzQ=w408-h306-k-no,false,,,,,,,,"https://www.google.com/maps/search/pediatrician+in+Old+Orchid+Vero+Beach+FL/@27.7679085,-80.4047679,14z",2026-02-10T22:43:53.800Z,,,
"https://www.google.com/maps/place/Riverside+Dental+Arts,+PLLC/data=!4m7!3m6!1s0x88de6822a3be2395:0xe190b9f6f273a06!8m2!3d27.764826!4d-80.442211!16s%2Fg%2F1tj7fw8j!19sChIJlSO-oyJo3ogRBjonb58LGQ4","Riverside Dental Arts, PLLC",4.7,252,Dental clinic,"9402 US-1, Sebastian, FL 32958, United States","QH75+W4 Sebastian, Florida, USA",https://riversidedentalartsofsebastian.com/,+1 772-589-1140,Closed · Opens 8 am Wed,https://streetviewpixels-pa.googleapis.com/v1/thumbnail?panoid=CHrrzmyHw0OkxUUr1Ca9xw&cb_client=search.gws-prod.gps&w=408&h=240&yaw=105.64563&pitch=0&thumbfov=100,true,8 am–5 pm,8 am–5 pm,8 am–5 pm,8 am–3 pm,Closed,Closed,8 am–5 pm,"https://www.google.com/maps/search/pediatrician+in+Old+Orchid+Vero+Beach+FL/@27.7679085,-80.4047679,14z",2026-02-10T22:44:17.292Z,,,
https://www.google.com/maps/place/Seaside+Healing+Direct+Primary+Care/data=!4m7!3m6!1s0x88de69dde50d6f4f:0x903d9a0879c113a6!8m2!3d27.6608974!4d-80.3885439!16s%2Fg%2F11lkxf1w2_!19sChIJT28N5d1p3ogRphPBeQiaPZA,Seaside Healing Direct Primary Care,4.9,31,Internist,"3730 7th Terrace Suite 302, Vero Beach, FL 32960, United States","MJ66+9H Vero Beach, Florida, USA",http://seasidehealingdirectprimarycare.com/,+1 772-773-6531,Closed · Opens 8 am Wed,https://lh3.googleusercontent.com/p/AF1QipPTCqX653cvk1Ivv8DY8V1HI4ddjzYmhGw8zJe5=w408-h475-k-no,true,8 am–4:30 pm,8 am–4:30 pm,8 am–4:30 pm,8 am–4:30 pm,Closed,Closed,8 am–4:30 pm,"https://www.google.com/maps/search/pediatrician+in+Whispering+Palms+Vero+Beach+FL/@27.638635,-80.3946317,14z",2026-02-10T22:44:35.187Z,,,
https://www.google.com/maps/place/First+Choice+Healthcare:+Dr.+Neal+Abarbanell+MD+Primary+Care+Physician/data=!4m7!3m6!1s0x88de5f019fb8d2bf:0xd381745301760e8e!8m2!3d27.6360059!4d-80.4061124!16s%2Fg%2F11gbkvcqrk!19sChIJv9K4nwFf3ogRjg52AVN0gdM,First Choice Healthcare: Dr. Neal Abarbanell MD Primary Care Physician,4.4,7,Emergency care physician,"1867 20th Ave, Vero Beach, FL 32960, United States","JHPV+CH Vero Beach, Florida, USA",https://www.firstchoicedr.com/,+1 772-770-5727,,https://lh3.googleusercontent.com/p/AF1QipNx78S2fqnghOu5aqCi5ipHR3xeSIiNeZgN77Xk=w408-h271-k-no,true,,,,,,,,"https://www.google.com/maps/search/pediatrician+in+Whispering+Palms+Vero+Beach+FL/@27.638635,-80.3946317,14z",2026-02-10T22:44:43.249Z,LGBTQ+ friendly,,
https://www.google.com/maps/place/Palms+at+Vero+Beach/data=!4m7!3m6!1s0x88de5f3b5ef7b0a5:0x51f6007e54400757!8m2!3d27.6241101!4d-80.3823213!16s%2Fg%2F1thct4b2!19sChIJpbD3Xjtf3ogRVwdAVH4A9lE,Palms at Vero Beach,3.7,123,Apartment complex,"1210 4th Terrace, Vero Beach, FL 32960, United States","JJF9+J3 Vero Beach, Florida, USA",https://www.thepalmsatverobeach.com/,+1 772-732-3244,Closed · Opens 8 am Wed,https://lh3.googleusercontent.com/p/AF1QipO61JIhS4XF5CQ7Ow9I-gOZHzX1GWht7uaqNdpx=w408-h306-k-no,true,8 am–5 pm,8 am–5 pm,8 am–5 pm,8 am–5 pm,Closed,Closed,8 am–5 pm,"https://www.google.com/maps/search/pediatrician+in+Whispering+Palms+Vero+Beach+FL/@27.638635,-80.3946317,14z",2026-02-10T22:44:57.702Z,,,· Dogs allowed
https://www.google.com/maps/place/Windsor+Club+%28The%29/data=!4m7!3m6!1s0x88de42d690354447:0x3945c9914d637a48!8m2!3d27.7888378!4d-80.4139521!16s%2Fg%2F1tflh0x2!19sChIJR0Q1kNZC3ogRSHpjTZHJRTk,Windsor Club (The),4.7,106,Country club,"3125 Windsor Blvd, INDN RIV SHRS, FL 32963, United States","QHQP+GC North Beach, Florida, USA",http://windsorflorida.com/,+1 772-388-5050,Closed · Opens 9 am Wed,https://lh3.googleusercontent.com/gps-cs-s/AHVAwepW3jI_IVHIEkGfCHgRCT2PzkeFJAaUa_HNfu6PUuSbPrKSpTNuuidFLOW6bkKAw8-bRnacoXjdgnVbC3C2CxmKtBBRB0xy6AH3vydyQoctUU8fSPlBQWyu86daXGrSfgNICa-S=w426-h240-k-no,true,9 am–5 pm,9 am–5 pm,9 am–5 pm,9 am–5 pm,9 am–5 pm,9 am–5 pm,9 am–5 pm,"https://www.google.com/maps/search/pediatrician+in+Windsor+Vero+Beach+FL/@27.7883605,-80.4142177,14z",2026-02-10T22:45:16.864Z,,,
https://www.google.com/maps/place/Windsor+Properties/data=!4m7!3m6!1s0x88de42d773d6f199:0xc23f1f4a98fac829!8m2!3d27.7888378!4d-80.4139521!16s%2Fg%2F1tpllk1s!19sChIJmfHWc9dC3ogRKcj6mEofP8I,Windsor Properties,4.6,56,Gated community,"3125 Windsor Blvd, INDN RIV SHRS, FL 32963, United States","QHQP+GC North Beach, Florida, USA",http://www.windsorflorida.com/,+1 772-388-8400,Closed · Opens 9 am Wed,https://lh3.googleusercontent.com/p/AF1QipOtoJsH3_RjHEaCmT-lNdKY6TJ9VQydrK2lEXuE=w408-h243-k-no,true,9 am–5 pm,9 am–5 pm,9 am–5 pm,9 am–5 pm,9 am–5 pm,9 am–5 pm,9 am–5 pm,"https://www.google.com/maps/search/pediatrician+in+Windsor+Vero+Beach+FL/@27.7883605,-80.4142177,14z",2026-02-10T22:45:21.780Z,,,
https://www.google.com/maps/place/The+Moorings+Yacht+%26+Country+Club/data=!4m7!3m6!1s0x88de58990bb10893:0x52630e3b5794773b!8m2!3d27.5975012!4d-80.3398767!16s%2Fg%2F1tkjl_xv!19sChIJkwixC5lY3ogRO3eUVzsOY1I,The Moorings Yacht & Country Club,4.7,172,Country club,"100 Harbour Dr, Vero Beach, FL 32963, United States","HMX6+22 Vero Beach, Florida, USA",http://www.themooringsclub.com/,+1 772-231-1004,Closed · Opens 9 am Wed,https://lh3.googleusercontent.com/p/AF1QipMtOFVIh0r2Et6DIUT9XIe7aC4hOS0_FFOewiGp=w408-h306-k-no,true,9 am–4 pm,9 am–4 pm,9 am–4 pm,9 am–4 pm,11 am–3 pm,Closed,9 am–4 pm,"https://www.google.com/maps/search/pediatrician+in+The+Moorings+Vero+Beach+FL/@27.5975012,-80.3398767,14z",2026-02-10T22:45:41.013Z,,,
,,,,,,,,,,,,,,,,,,,"https://www.google.com/maps/search/pediatrician+in+South+Beach+Vero+Beach+FL/@27.638635,-80.3946317,14z",2026-02-10T22:45:58.697Z,,No new results found,
,,,,,,,,,,,,,,,,,,,"https://www.google.com/maps/search/pediatrician+in+Blue+Cypress+Lake+Vero+Beach+FL/@27.6386434,-80.3972736,14z",2026-02-10T22:46:07.207Z,,No new results found,
https://www.google.com/maps/place/Dr+Lauren+Bloom/data=!4m7!3m6!1s0x88de5eee8fd9b151:0xdb40268895fc884c!8m2!3d27.6605912!4d-80.4013883!16s%2Fg%2F11c5xsqnx1!19sChIJUbHZj-5e3ogRTIj8lYgmQNs,Dr Lauren Bloom,3.5,8,Family practice physician,"1715 37th Pl 3rd Floor, Vero Beach, FL 32960, United States","MH6X+6C Vero Beach, Florida, USA",http://www.irpcvb.com/,+1 772-794-2222,Closed · Opens 9 am Wed,https://lh3.googleusercontent.com/p/AF1QipNx9-lAPvX-y2twVN1FYu-DiYHNAbuD8lp5q7kV=w408-h360-k-no,true,8:30 am–5 pm,9 am–1 pm,8:30 am–5 pm,8:30 am–1 pm,Closed,Closed,8:30 am–5 pm,"https://www.google.com/maps/search/pediatrician+in+Indian+River+County+Vero+Beach+FL/@27.638635,-80.3946317,14z",2026-02-10T22:46:28.990Z,,,
"https://www.google.com/maps/place/Indian+River+Primary+Care:+Thomas+W.+Lewis,+M.D.+%28Internal+Medicine%29/data=!4m7!3m6!1s0x88de5ef2d8e6d733:0x7142153b5ffd5054!8m2!3d27.6605849!4d-80.4014933!16s%2Fg%2F1td7t_hv!19sChIJM9fm2PJe3ogRVFD9XzsVQnE","Indian River Primary Care: Thomas W. Lewis, M.D. (Internal Medicine)",4.2,6,Internist,"1715 37th Pl 2ND FLOOR, Vero Beach, FL 32960, United States","MH6X+6C Vero Beach, Florida, USA",http://www.irpcvb.com/,+1 772-794-2222,Closed · Opens 9 am Wed,https://lh3.googleusercontent.com/p/AF1QipMG7V-IH-JqwI6GHohSbviol5F3U0JkE0E9UT4=w408-h290-k-no,true,9 am–5 pm,9 am–5 pm,9 am–5 pm,9 am–1 pm,Closed,Closed,9 am–5 pm,"https://www.google.com/maps/search/pediatrician+in+Indian+River+County+Vero+Beach+FL/@27.638635,-80.3946317,14z",2026-02-10T22:46:34.266Z,,,
https://www.google.com/maps/place/Katelyn+Reismiller/data=!4m7!3m6!1s0x88de5ef2dc8fb661:0xcdca16ee8dcfe445!8m2!3d27.6605599!4d-80.4014831!16s%2Fg%2F11rwxg7qlk!19sChIJYbaP3PJe3ogRReTPje4Wys0,Katelyn Reismiller,,,Physician assistant,"1715 37th Pl Fl 2, Vero Beach, FL 32960, United States","MH6X+6C Vero Beach, Florida, USA",https://www.irpcvb.com/Katelyn-Reismiller-PA-C.html,+1 772-794-2222,,https://streetviewpixels-pa.googleapis.com/v1/thumbnail?panoid=0_OWQMuGQ5T4uQTeHq3e_w&cb_client=search.gws-prod.gps&w=408&h=240&yaw=169.57407&pitch=0&thumbfov=100,false,,,,,,,,"https://www.google.com/maps/search/pediatrician+in+Indian+River+County+Vero+Beach+FL/@27.638635,-80.3946317,14z",2026-02-10T22:46:46.796Z,,,
,,,,,,,,,,,,,,,,,,,"https://www.google.com/maps/search/pediatrician+in+Wabasso+Beach+Vero+Beach+FL/@27.7647502,-80.3989397,14z",2026-02-10T22:47:06.566Z,,No new results found,
https://www.google.com/maps/place/Treasure+Coast+Community+Health+%7CTCCH+%7C+Fellsmere+%7C+Medical/data=!4m7!3m6!1s0x88de65978c0e685d:0x9d80e7e0f423a8dc!8m2!3d27.768301!4d-80.5767288!16s%2Fg%2F1tj9cthc!19sChIJXWgOjJdl3ogR3Kgj9ODngJ0,Treasure Coast Community Health |TCCH | Fellsmere | Medical,3.5,66,Medical Center,"12196 Co Rd 512, Fellsmere, FL 32948, United States","QC9F+88 Fellsmere, Florida, USA",https://www.tcchinc.org/,+1 772-257-8224,Closed · Opens 8 am Wed,https://lh3.googleusercontent.com/p/AF1QipOMg4GBegojId7ZLbU61t6YSQEKK78ywwIgGUok=w408-h306-k-no,true,8 am–5 pm,8 am–5 pm,8 am–6 pm,8 am–5 pm,Closed,Closed,8 am–5 pm,"https://www.google.com/maps/search/pediatrician+in+Vero+Lake+Estates+Vero+Beach+FL/@27.745,-80.52806,14z",2026-02-10T22:47:22.201Z,,,
"https://www.google.com/maps/place/Dr.+Raul+Rodriguez-Torres,+MD/data=!4m7!3m6!1s0x88de656d2ddac2fb:0xdc7523e9de7d3152!8m2!3d27.7687361!4d-80.6016626!16s%2Fg%2F1tffq4kw!19sChIJ-8LaLW1l3ogRUjF93ukjddw","Dr. Raul Rodriguez-Torres, MD",,,Pediatrician,"32 N Broadway St, Fellsmere, FL 32948, United States","Q99X+F8 Fellsmere, Florida, USA",,+1 772-571-1533,,https://streetviewpixels-pa.googleapis.com/v1/thumbnail?panoid=GkpgyI_usc0W0XXnWxTgYA&cb_client=search.gws-prod.gps&w=408&h=240&yaw=269.0906&pitch=0&thumbfov=100,false,,,,,,,,"https://www.google.com/maps/search/pediatrician+in+Vero+Lake+Estates+Vero+Beach+FL/@27.745,-80.52806,14z",2026-02-10T22:47:40.933Z,,,
,,,,,,,,,,,,,,,,,,,"https://www.google.com/maps/search/pediatrician+in+Fellsmere+Vero+Beach+FL/@27.638635,-80.3946317,14z",2026-02-10T22:47:56.282Z,,No new results found,